/*******************************************************************************
 * Size: 20 px
 * Bpp: 4
 * Opts: --no-compress --no-prefilter --bpp 4 --size 20 --font /home/xpqh/openvela/apps/graphics/lvgl/lvgl/scripts/built_in_font/Montserrat-Medium.ttf -r 0x20-0x7F,0xB0,0xB2,0x2014,0x2022 --font /usr/share/fonts/truetype/droid/DroidSansFallbackFull.ttf -r 0x3001-0x3002,0x300C-0x300D,0x4E00,0x4E0A-0x4E0B,0x4E0D-0x4E0E,0x4E13,0x4E24,0x4E2A,0x4E2D,0x4E3A-0x4E3B,0x4E48-0x4E49,0x4E4B,0x4E58,0x4E86,0x4E8B-0x4E8C,0x4E8E,0x4E9B,0x4EAE,0x4EC0,0x4ECD-0x4ECE,0x4EE3,0x4EE5,0x4EEA,0x4EF6,0x4F1A,0x4F20,0x4F3C,0x4F4D-0x4F4F,0x4F55,0x4F5C,0x4F60,0x4F7F,0x4F8B,0x4F9D,0x4FA7,0x4FDD,0x4FE1,0x503C,0x503E,0x504F,0x505A,0x505C,0x5148-0x5149,0x514B,0x5165,0x5168,0x516C,0x5171,0x5173,0x5177,0x5185,0x518D,0x5199,0x51B2,0x51C6,0x51CF,0x51ED,0x51FA,0x5206-0x5207,0x5212,0x5217,0x521D,0x5224,0x5229,0x522B,0x5230,0x524D,0x529B,0x52A0,0x52A8-0x52A9,0x52D2,0x5316,0x5339-0x533A,0x5347,0x534A,0x5355,0x5360-0x5361,0x5373,0x5386,0x539F,0x53BB,0x53C2,0x53CA,0x53CD,0x53D1,0x53D6,0x53D8,0x53E3,0x53E5-0x53E6,0x53EA,0x53ED,0x53EF-0x53F0,0x53F2,0x53F7,0x5408,0x540C-0x540E,0x5411,0x5426,0x542B,0x542F,0x5439,0x544A,0x5468,0x548C,0x54CD,0x54E8,0x54EA,0x54FC,0x5531,0x5587,0x5668,0x566A,0x56DE,0x56E0,0x56F4,0x56FA,0x56FE,0x5706,0x5708,0x5728,0x5730,0x573A,0x5747,0x574A,0x5757,0x5761,0x5782,0x578B,0x57FA,0x586B,0x5883,0x589E,0x58F0,0x5904,0x590D,0x5916,0x591A,0x591F,0x5927,0x5929-0x592A,0x5931,0x5939,0x5982,0x59CB,0x59FF,0x5B50,0x5B57-0x5B58,0x5B66,0x5B83,0x5B9A,0x5B9E,0x5BA4,0x5BDF,0x5BF9,0x5C06,0x5C0F,0x5C31,0x5C3A,0x5C40,0x5C4F,0x5C5E,0x5CF0,0x5DE1,0x5DE5,0x5DEE,0x5DF1-0x5DF2,0x5E26,0x5E2E,0x5E38,0x5E45,0x5E55,0x5E72-0x5E73,0x5E76,0x5E8F,0x5E94,0x5EA6,0x5EFA,0x5F00,0x5F02,0x5F0F,0x5F26,0x5F31,0x5F39-0x5F3A,0x5F52-0x5F53,0x5F62,0x5F84-0x5F85,0x5F8B,0x5F97,0x5FAE,0x5FC3,0x5FC5-0x5FC6,0x5FEB,0x6000-0x6001,0x601D,0x6027,0x603B,0x6052,0x6062,0x606F,0x60AC,0x60F3,0x610F,0x611F,0x6162,0x6210-0x6211,0x6216,0x6234,0x6237,0x623F,0x624B,0x624D,0x6253,0x6263,0x626B-0x626C,0x627E-0x627F,0x628A,0x629B,0x62C9,0x62CD,0x62D6,0x62DF,0x62E9,0x62FF,0x6301-0x6302,0x6307,0x6309,0x632F,0x6362,0x636E,0x638C,0x6392,0x63A5,0x63A8,0x63CF-0x63D0,0x6446,0x64AD,0x6536,0x6539,0x653E,0x6548,0x6559,0x6563,0x656C,0x6570,0x6572,0x6587,0x659C,0x65AD,0x65B0,0x65B9,0x65CB,0x65E0,0x65F6,0x660E,0x662F,0x663E,0x6643,0x666E-0x666F,0x6697,0x66F4,0x6700,0x6709,0x671B,0x671D,0x671F,0x672A,0x672C,0x673A,0x6761,0x6765,0x677E-0x677F,0x6784,0x6790,0x679C,0x67D0,0x6807,0x6821,0x6837,0x6839,0x683C,0x684C,0x68C0,0x6A21,0x6A59,0x6A61,0x6B21,0x6B3E,0x6B62-0x6B66,0x6BB5,0x6BCF,0x6BD4,0x6C34,0x6C42,0x6CA1,0x6CBF,0x6CD5,0x6CE2,0x6CE8,0x6D3B,0x6D41,0x6D4B,0x6D88,0x6E05,0x6E90,0x6ED1,0x6EE1,0x6F02,0x6F0F,0x6F14,0x70B9,0x7136,0x7167,0x7247,0x7269,0x72B6,0x7387,0x73AF-0x73B0,0x7403,0x7406,0x751F,0x7528,0x7531,0x7535,0x753B,0x754C,0x7591,0x767D,0x7684,0x76AE,0x76D8,0x76EE-0x76EF,0x76F4,0x76F8,0x770B,0x771F,0x7740,0x77AC,0x77E5,0x786E,0x78C1,0x793A,0x79BB,0x79CD,0x79D2,0x79FB,0x7A0B,0x7A0D,0x7A33,0x7A97,0x7ACB,0x7AD6,0x7AEF,0x7B26,0x7B2C,0x7B49,0x7B4B,0x7B54,0x7B97,0x7C27,0x7C7B,0x7CBE,0x7CCA,0x7CFB,0x7E41,0x7EA2,0x7EA6-0x7EA7,0x7EAF,0x7EBF,0x7EC3,0x7ED1,0x7ED3,0x7ED5,0x7ED9,0x7EDC,0x7EDF,0x7EE7,0x7EEA,0x7EED,0x7EFF,0x7F16,0x7F29,0x7F51,0x7F6E,0x80CC,0x80FD,0x8155,0x81C2,0x81EA,0x81F4,0x822C,0x8272,0x8282,0x82E5,0x82F1,0x8303,0x8361,0x83DC,0x843D,0x8702,0x87BA,0x8865,0x8868,0x88AB,0x88C5,0x8981,0x89C1-0x89C2,0x89C4,0x89C6,0x89D2,0x89E3,0x89E6,0x8A00,0x8BA1,0x8BA4,0x8BA9,0x8BAE,0x8BB0,0x8BBA,0x8BBE,0x8BC1,0x8BC9,0x8BD5,0x8BDD,0x8BE5,0x8BED,0x8BEF,0x8BF4,0x8BF7,0x8BFA-0x8BFB,0x8C03,0x8C31,0x8D25-0x8D26,0x8D28,0x8D34,0x8D77,0x8D85,0x8DB3,0x8DD1,0x8DDD,0x8DEF,0x8DF3,0x8E2A,0x8F68,0x8F6C,0x8F6E,0x8F74,0x8F7B,0x8F83,0x8F93,0x8FA8,0x8FB9,0x8FC7,0x8FD0-0x8FD1,0x8FD4,0x8FD8-0x8FD9,0x8FDB,0x8FDE,0x8FF0,0x8FF9,0x8FFD,0x9002,0x9009,0x9014,0x901A,0x901F-0x9020,0x906E,0x90E8,0x914D,0x91C7,0x91CA,0x91CC-0x91CD,0x91CF,0x94AE,0x94C1,0x9501,0x9519,0x952E,0x957F,0x95E8,0x95EE,0x95F4,0x9608,0x961F,0x9640,0x9644,0x964D,0x9664,0x968F,0x96C6,0x96F6,0x9700,0x9759,0x975E,0x9760,0x9762,0x97F3,0x9875-0x9876,0x9879-0x987B,0x9891,0x989C,0x98CE,0x9996,0x9A71,0x9A7B,0x9A8C,0x9AD8,0x9E23,0x9EA6,0x9ED8,0x9F13,0x9F50,0xFF01,0xFF08-0xFF09,0xFF0C,0xFF1A-0xFF1B --format lvgl -o /tmp/tmp.94ZZxC9MX8/pw_font_20.c --force-fast-kern-format
 ******************************************************************************/

#ifdef LV_LVGL_H_INCLUDE_SIMPLE
#include "lvgl.h"
#else
#include "lvgl/lvgl.h"
#endif

#ifndef PW_FONT_20
#define PW_FONT_20 1
#endif

#if PW_FONT_20

/*-----------------
 *    BITMAPS
 *----------------*/

/*Store the image of the glyphs*/
static LV_ATTRIBUTE_LARGE_CONST const uint8_t glyph_bitmap[] = {
    /* U+0020 " " */

    /* U+0021 "!" */
    0x6f, 0xc6, 0xfc, 0x5f, 0xb4, 0xfa, 0x4f, 0xa3,
    0xf9, 0x3f, 0x92, 0xf8, 0x2f, 0x71, 0xd6, 0x0,
    0x1, 0x94, 0x9f, 0xe4, 0xf9,

    /* U+0022 "\"" */
    0xbe, 0x1, 0xf8, 0xbe, 0x1, 0xf8, 0xad, 0x1,
    0xf7, 0xad, 0x0, 0xf7, 0xad, 0x0, 0xf7, 0x57,
    0x0, 0x83,

    /* U+0023 "#" */
    0x0, 0x0, 0x7f, 0x0, 0x4, 0xf2, 0x0, 0x0,
    0x0, 0xac, 0x0, 0x7, 0xf0, 0x0, 0x0, 0x0,
    0xca, 0x0, 0x9, 0xd0, 0x0, 0xd, 0xff, 0xff,
    0xff, 0xff, 0xff, 0xf8, 0x6, 0x88, 0xfb, 0x88,
    0x8e, 0xc8, 0x84, 0x0, 0x2, 0xf4, 0x0, 0xf,
    0x70, 0x0, 0x0, 0x3, 0xf2, 0x0, 0xf, 0x50,
    0x0, 0x0, 0x5, 0xf1, 0x0, 0x2f, 0x40, 0x0,
    0x0, 0x7, 0xf0, 0x0, 0x4f, 0x20, 0x0, 0x7f,
    0xff, 0xff, 0xff, 0xff, 0xff, 0xe0, 0x38, 0x8d,
    0xd8, 0x88, 0xcf, 0x88, 0x70, 0x0, 0xd, 0x90,
    0x0, 0xac, 0x0, 0x0, 0x0, 0xf, 0x70, 0x0,
    0xca, 0x0, 0x0, 0x0, 0x1f, 0x50, 0x0, 0xe8,
    0x0, 0x0,

    /* U+0024 "$" */
    0x0, 0x0, 0x5, 0xf0, 0x0, 0x0, 0x0, 0x0,
    0x5, 0xf0, 0x0, 0x0, 0x0, 0x0, 0x5, 0xf0,
    0x0, 0x0, 0x0, 0x7, 0xcf, 0xff, 0xc8, 0x10,
    0x1, 0xdf, 0xfe, 0xfd, 0xff, 0xd0, 0x8, 0xfc,
    0x15, 0xf0, 0x6, 0x60, 0xc, 0xf3, 0x5, 0xf0,
    0x0, 0x0, 0xc, 0xf5, 0x5, 0xf0, 0x0, 0x0,
    0x6, 0xfe, 0x76, 0xf0, 0x0, 0x0, 0x0, 0x8f,
    0xff, 0xf9, 0x40, 0x0, 0x0, 0x2, 0x7c, 0xff,
    0xfe, 0x40, 0x0, 0x0, 0x5, 0xf4, 0xaf, 0xf2,
    0x0, 0x0, 0x5, 0xf0, 0x9, 0xf7, 0x1, 0x0,
    0x5, 0xf0, 0x6, 0xf8, 0xc, 0x92, 0x5, 0xf0,
    0x2d, 0xf4, 0xc, 0xff, 0xed, 0xfd, 0xff, 0xa0,
    0x0, 0x4a, 0xef, 0xff, 0xc6, 0x0, 0x0, 0x0,
    0x5, 0xf0, 0x0, 0x0, 0x0, 0x0, 0x5, 0xf0,
    0x0, 0x0, 0x0, 0x0, 0x2, 0x70, 0x0, 0x0,

    /* U+0025 "%" */
    0x0, 0x9e, 0xe9, 0x0, 0x0, 0x0, 0xda, 0x0,
    0x0, 0xad, 0x44, 0xda, 0x0, 0x0, 0x9e, 0x10,
    0x0, 0x1f, 0x40, 0x4, 0xf1, 0x0, 0x4f, 0x40,
    0x0, 0x3, 0xf1, 0x0, 0x1f, 0x30, 0x1e, 0x90,
    0x0, 0x0, 0x2f, 0x30, 0x3, 0xf1, 0xa, 0xd0,
    0x0, 0x0, 0x0, 0xcb, 0x11, 0xbb, 0x5, 0xf3,
    0x0, 0x0, 0x0, 0x1, 0xcf, 0xfc, 0x11, 0xe8,
    0x1a, 0xfe, 0x70, 0x0, 0x0, 0x11, 0x0, 0xad,
    0xa, 0xd4, 0x5f, 0x60, 0x0, 0x0, 0x0, 0x5f,
    0x32, 0xf3, 0x0, 0x7e, 0x0, 0x0, 0x0, 0x1f,
    0x70, 0x4f, 0x0, 0x4, 0xf0, 0x0, 0x0, 0xb,
    0xc0, 0x4, 0xf0, 0x0, 0x3f, 0x0, 0x0, 0x6,
    0xf2, 0x0, 0x2f, 0x20, 0x6, 0xe0, 0x0, 0x2,
    0xf7, 0x0, 0x0, 0xbb, 0x23, 0xe6, 0x0, 0x0,
    0xcc, 0x0, 0x0, 0x1, 0xaf, 0xe8, 0x0,

    /* U+0026 "&" */
    0x0, 0x1, 0x9d, 0xfd, 0x70, 0x0, 0x0, 0x0,
    0xd, 0xf9, 0x7b, 0xf7, 0x0, 0x0, 0x0, 0x4f,
    0x90, 0x0, 0xdc, 0x0, 0x0, 0x0, 0x5f, 0x70,
    0x0, 0xec, 0x0, 0x0, 0x0, 0x1f, 0xe1, 0x1b,
    0xf4, 0x0, 0x0, 0x0, 0x5, 0xfd, 0xef, 0x50,
    0x0, 0x0, 0x0, 0x4, 0xef, 0xf3, 0x0, 0x0,
    0x0, 0x0, 0x8f, 0xc7, 0xfd, 0x20, 0x8, 0x30,
    0x7, 0xf9, 0x0, 0x5f, 0xe2, 0x1f, 0x80, 0xe,
    0xe0, 0x0, 0x4, 0xfe, 0xaf, 0x30, 0xf, 0xd0,
    0x0, 0x0, 0x4f, 0xfc, 0x0, 0xd, 0xf7, 0x0,
    0x0, 0x5e, 0xff, 0x30, 0x4, 0xff, 0xeb, 0xbe,
    0xfe, 0x6f, 0xf2, 0x0, 0x29, 0xdf, 0xfc, 0x70,
    0x3, 0xb0, 0x0, 0x0, 0x0, 0x0, 0x0, 0x0,
    0x0,

    /* U+0027 "'" */
    0xbe, 0xbe, 0xad, 0xad, 0xad, 0x57,

    /* U+0028 "(" */
    0x0, 0xe, 0xd0, 0x0, 0x7f, 0x60, 0x0, 0xef,
    0x0, 0x3, 0xfa, 0x0, 0x8, 0xf5, 0x0, 0xb,
    0xf2, 0x0, 0xe, 0xf0, 0x0, 0xf, 0xe0, 0x0,
    0xf, 0xd0, 0x0, 0x1f, 0xc0, 0x0, 0xf, 0xd0,
    0x0, 0xf, 0xe0, 0x0, 0xe, 0xf0, 0x0, 0xb,
    0xf2, 0x0, 0x8, 0xf5, 0x0, 0x3, 0xfa, 0x0,
    0x0, 0xee, 0x0, 0x0, 0x7f, 0x60, 0x0, 0xe,
    0xd0,

    /* U+0029 ")" */
    0x2f, 0xb0, 0x0, 0xaf, 0x30, 0x3, 0xfa, 0x0,
    0xe, 0xf0, 0x0, 0x9f, 0x40, 0x6, 0xf7, 0x0,
    0x3f, 0xa0, 0x2, 0xfb, 0x0, 0x1f, 0xc0, 0x0,
    0xfd, 0x0, 0x1f, 0xc0, 0x2, 0xfb, 0x0, 0x3f,
    0xa0, 0x6, 0xf7, 0x0, 0x9f, 0x40, 0xe, 0xf0,
    0x3, 0xfa, 0x0, 0xaf, 0x30, 0x2f, 0xb0, 0x0,

    /* U+002A "*" */
    0x0, 0x9, 0x90, 0x0, 0x26, 0x9, 0x90, 0x62,
    0x5f, 0xcb, 0xbc, 0xf5, 0x2, 0xbf, 0xfb, 0x20,
    0x7, 0xef, 0xfe, 0x70, 0x6f, 0x69, 0x96, 0xf6,
    0x1, 0x9, 0x90, 0x10, 0x0, 0x6, 0x60, 0x0,

    /* U+002B "+" */
    0x0, 0x0, 0x0, 0x0, 0x0, 0x0, 0x0, 0xfa,
    0x0, 0x0, 0x0, 0x0, 0xfa, 0x0, 0x0, 0x0,
    0x0, 0xfa, 0x0, 0x0, 0x0, 0x0, 0xfa, 0x0,
    0x0, 0xaf, 0xff, 0xff, 0xff, 0xf4, 0x6a, 0xaa,
    0xfd, 0xaa, 0xa2, 0x0, 0x0, 0xfa, 0x0, 0x0,
    0x0, 0x0, 0xfa, 0x0, 0x0, 0x0, 0x0, 0xfa,
    0x0, 0x0,

    /* U+002C "," */
    0x6, 0xa1, 0xf, 0xf8, 0xa, 0xf7, 0x5, 0xf2,
    0x9, 0xc0, 0xd, 0x70,

    /* U+002D "-" */
    0x9b, 0xbb, 0xb5, 0xdf, 0xff, 0xf8,

    /* U+002E "." */
    0x7, 0xb2, 0xf, 0xf8, 0xa, 0xe4,

    /* U+002F "/" */
    0x0, 0x0, 0x0, 0x7, 0x50, 0x0, 0x0, 0x4,
    0xf7, 0x0, 0x0, 0x0, 0xaf, 0x10, 0x0, 0x0,
    0xf, 0xc0, 0x0, 0x0, 0x4, 0xf6, 0x0, 0x0,
    0x0, 0xaf, 0x10, 0x0, 0x0, 0xf, 0xc0, 0x0,
    0x0, 0x5, 0xf6, 0x0, 0x0, 0x0, 0xaf, 0x10,
    0x0, 0x0, 0xf, 0xb0, 0x0, 0x0, 0x5, 0xf6,
    0x0, 0x0, 0x0, 0xaf, 0x10, 0x0, 0x0, 0xf,
    0xb0, 0x0, 0x0, 0x5, 0xf6, 0x0, 0x0, 0x0,
    0xbf, 0x10, 0x0, 0x0, 0x1f, 0xb0, 0x0, 0x0,
    0x6, 0xf5, 0x0, 0x0, 0x0, 0xbf, 0x0, 0x0,
    0x0, 0x1f, 0xb0, 0x0, 0x0, 0x6, 0xf5, 0x0,
    0x0, 0x0,

    /* U+0030 "0" */
    0x0, 0x1, 0x8d, 0xfe, 0xa3, 0x0, 0x0, 0x2,
    0xef, 0xfd, 0xef, 0xf6, 0x0, 0x0, 0xdf, 0xa1,
    0x0, 0x6f, 0xf2, 0x0, 0x6f, 0xc0, 0x0, 0x0,
    0x7f, 0xb0, 0xb, 0xf4, 0x0, 0x0, 0x0, 0xff,
    0x0, 0xef, 0x10, 0x0, 0x0, 0xc, 0xf3, 0xf,
    0xf0, 0x0, 0x0, 0x0, 0xaf, 0x50, 0xff, 0x0,
    0x0, 0x0, 0xa, 0xf5, 0xe, 0xf1, 0x0, 0x0,
    0x0, 0xcf, 0x30, 0xbf, 0x40, 0x0, 0x0, 0xf,
    0xf0, 0x6, 0xfc, 0x0, 0x0, 0x7, 0xfb, 0x0,
    0xd, 0xfa, 0x10, 0x6, 0xff, 0x20, 0x0, 0x2e,
    0xff, 0xdf, 0xff, 0x60, 0x0, 0x0, 0x18, 0xdf,
    0xea, 0x30, 0x0,

    /* U+0031 "1" */
    0xdf, 0xff, 0xf4, 0xac, 0xce, 0xf4, 0x0, 0xb,
    0xf4, 0x0, 0xb, 0xf4, 0x0, 0xb, 0xf4, 0x0,
    0xb, 0xf4, 0x0, 0xb, 0xf4, 0x0, 0xb, 0xf4,
    0x0, 0xb, 0xf4, 0x0, 0xb, 0xf4, 0x0, 0xb,
    0xf4, 0x0, 0xb, 0xf4, 0x0, 0xb, 0xf4, 0x0,
    0xb, 0xf4,

    /* U+0032 "2" */
    0x0, 0x6c, 0xef, 0xea, 0x30, 0x2, 0xdf, 0xfe,
    0xdf, 0xff, 0x50, 0x5f, 0x91, 0x0, 0x9, 0xfe,
    0x0, 0x10, 0x0, 0x0, 0xe, 0xf2, 0x0, 0x0,
    0x0, 0x0, 0xdf, 0x20, 0x0, 0x0, 0x0, 0x2f,
    0xd0, 0x0, 0x0, 0x0, 0x1d, 0xf5, 0x0, 0x0,
    0x0, 0x1c, 0xf8, 0x0, 0x0, 0x0, 0x1d, 0xf8,
    0x0, 0x0, 0x0, 0x1d, 0xf8, 0x0, 0x0, 0x0,
    0x2e, 0xf7, 0x0, 0x0, 0x0, 0x2e, 0xf6, 0x0,
    0x0, 0x0, 0x2e, 0xff, 0xcc, 0xcc, 0xcc, 0x94,
    0xff, 0xff, 0xff, 0xff, 0xfc,

    /* U+0033 "3" */
    0x4f, 0xff, 0xff, 0xff, 0xff, 0x3, 0xcc, 0xcc,
    0xcc, 0xef, 0xd0, 0x0, 0x0, 0x0, 0x2f, 0xe2,
    0x0, 0x0, 0x0, 0x1d, 0xf4, 0x0, 0x0, 0x0,
    0xc, 0xf6, 0x0, 0x0, 0x0, 0x9, 0xfa, 0x0,
    0x0, 0x0, 0x0, 0xff, 0xfe, 0x80, 0x0, 0x0,
    0x6, 0x68, 0xef, 0xc0, 0x0, 0x0, 0x0, 0x1,
    0xdf, 0x50, 0x0, 0x0, 0x0, 0x8, 0xf8, 0x1,
    0x0, 0x0, 0x0, 0xaf, 0x77, 0xe6, 0x10, 0x0,
    0x6f, 0xf2, 0x7f, 0xff, 0xee, 0xff, 0xf6, 0x0,
    0x28, 0xdf, 0xfe, 0xa3, 0x0,

    /* U+0034 "4" */
    0x0, 0x0, 0x0, 0x7, 0xfb, 0x0, 0x0, 0x0,
    0x0, 0x0, 0x3f, 0xd1, 0x0, 0x0, 0x0, 0x0,
    0x1, 0xef, 0x30, 0x0, 0x0, 0x0, 0x0, 0xb,
    0xf6, 0x0, 0x0, 0x0, 0x0, 0x0, 0x8f, 0xa0,
    0x0, 0x0, 0x0, 0x0, 0x4, 0xfd, 0x0, 0x1,
    0x0, 0x0, 0x0, 0x2e, 0xf2, 0x0, 0x6f, 0x70,
    0x0, 0x0, 0xcf, 0x50, 0x0, 0x6f, 0x70, 0x0,
    0x9, 0xf9, 0x0, 0x0, 0x6f, 0x70, 0x0, 0x3f,
    0xff, 0xff, 0xff, 0xff, 0xff, 0xf2, 0x2c, 0xcc,
    0xcc, 0xcc, 0xdf, 0xec, 0xc1, 0x0, 0x0, 0x0,
    0x0, 0x7f, 0x70, 0x0, 0x0, 0x0, 0x0, 0x0,
    0x7f, 0x70, 0x0, 0x0, 0x0, 0x0, 0x0, 0x7f,
    0x70, 0x0,

    /* U+0035 "5" */
    0x0, 0xff, 0xff, 0xff, 0xff, 0x0, 0x1f, 0xfc,
    0xcc, 0xcc, 0xc0, 0x2, 0xfb, 0x0, 0x0, 0x0,
    0x0, 0x4f, 0x90, 0x0, 0x0, 0x0, 0x6, 0xf7,
    0x0, 0x0, 0x0, 0x0, 0x7f, 0xec, 0xca, 0x72,
    0x0, 0x9, 0xff, 0xff, 0xff, 0xf7, 0x0, 0x0,
    0x0, 0x2, 0x8f, 0xf4, 0x0, 0x0, 0x0, 0x0,
    0x8f, 0xa0, 0x0, 0x0, 0x0, 0x4, 0xfc, 0x2,
    0x0, 0x0, 0x0, 0x6f, 0xa3, 0xf8, 0x20, 0x0,
    0x5f, 0xf4, 0x4f, 0xff, 0xed, 0xff, 0xf9, 0x0,
    0x17, 0xce, 0xfe, 0xb5, 0x0,

    /* U+0036 "6" */
    0x0, 0x0, 0x5b, 0xef, 0xeb, 0x60, 0x0, 0xb,
    0xff, 0xec, 0xdf, 0xb0, 0x0, 0xaf, 0xb2, 0x0,
    0x1, 0x10, 0x4, 0xfc, 0x0, 0x0, 0x0, 0x0,
    0xa, 0xf4, 0x0, 0x0, 0x0, 0x0, 0xe, 0xf0,
    0x6c, 0xff, 0xc6, 0x0, 0xf, 0xfa, 0xfd, 0xbc,
    0xff, 0xa0, 0xf, 0xff, 0x60, 0x0, 0x2e, 0xf5,
    0xf, 0xfa, 0x0, 0x0, 0x5, 0xfa, 0xc, 0xf7,
    0x0, 0x0, 0x3, 0xfc, 0x7, 0xfa, 0x0, 0x0,
    0x5, 0xfa, 0x1, 0xef, 0x60, 0x0, 0x2e, 0xf4,
    0x0, 0x4f, 0xfe, 0xbc, 0xff, 0x80, 0x0, 0x2,
    0x9d, 0xfe, 0xb4, 0x0,

    /* U+0037 "7" */
    0x6f, 0xff, 0xff, 0xff, 0xff, 0xf2, 0x6f, 0xec,
    0xcc, 0xcc, 0xdf, 0xf1, 0x6f, 0x80, 0x0, 0x0,
    0x6f, 0xa0, 0x6f, 0x80, 0x0, 0x0, 0xdf, 0x30,
    0x14, 0x20, 0x0, 0x4, 0xfc, 0x0, 0x0, 0x0,
    0x0, 0xc, 0xf5, 0x0, 0x0, 0x0, 0x0, 0x3f,
    0xd0, 0x0, 0x0, 0x0, 0x0, 0xaf, 0x60, 0x0,
    0x0, 0x0, 0x2, 0xfe, 0x0, 0x0, 0x0, 0x0,
    0x9, 0xf8, 0x0, 0x0, 0x0, 0x0, 0x1f, 0xf1,
    0x0, 0x0, 0x0, 0x0, 0x7f, 0x90, 0x0, 0x0,
    0x0, 0x0, 0xef, 0x20, 0x0, 0x0, 0x0, 0x6,
    0xfb, 0x0, 0x0, 0x0,

    /* U+0038 "8" */
    0x0, 0x6, 0xce, 0xfe, 0xb5, 0x0, 0x0, 0xcf,
    0xfc, 0xac, 0xff, 0xb0, 0x6, 0xfc, 0x10, 0x0,
    0x2d, 0xf4, 0x9, 0xf6, 0x0, 0x0, 0x8, 0xf7,
    0x6, 0xfb, 0x0, 0x0, 0x1d, 0xf4, 0x0, 0xaf,
    0xea, 0x9a, 0xff, 0x80, 0x0, 0x5e, 0xff, 0xff,
    0xfe, 0x40, 0x6, 0xfe, 0x61, 0x2, 0x7f, 0xf4,
    0xe, 0xf3, 0x0, 0x0, 0x5, 0xfc, 0x1f, 0xe0,
    0x0, 0x0, 0x0, 0xff, 0xf, 0xf1, 0x0, 0x0,
    0x3, 0xfe, 0xa, 0xfb, 0x10, 0x0, 0x2d, 0xf8,
    0x1, 0xdf, 0xfc, 0xbc, 0xff, 0xc0, 0x0, 0x7,
    0xce, 0xfe, 0xb6, 0x0,

    /* U+0039 "9" */
    0x0, 0x3a, 0xef, 0xeb, 0x40, 0x0, 0x6, 0xff,
    0xda, 0xcf, 0xf8, 0x0, 0x1f, 0xf4, 0x0, 0x1,
    0xcf, 0x50, 0x5f, 0x90, 0x0, 0x0, 0x2f, 0xd0,
    0x6f, 0x90, 0x0, 0x0, 0x3f, 0xf1, 0x2f, 0xf4,
    0x0, 0x1, 0xcf, 0xf4, 0x8, 0xff, 0xda, 0xbf,
    0xec, 0xf5, 0x0, 0x4b, 0xef, 0xd9, 0x1a, 0xf4,
    0x0, 0x0, 0x0, 0x0, 0xd, 0xf3, 0x0, 0x0,
    0x0, 0x0, 0x1f, 0xf0, 0x0, 0x0, 0x0, 0x0,
    0xaf, 0x90, 0x0, 0x40, 0x0, 0x1a, 0xfe, 0x10,
    0x6, 0xfe, 0xdd, 0xff, 0xe3, 0x0, 0x3, 0xad,
    0xfe, 0xc7, 0x10, 0x0,

    /* U+003A ":" */
    0xa, 0xe4, 0xf, 0xf8, 0x7, 0xb2, 0x0, 0x0,
    0x0, 0x0, 0x0, 0x0, 0x0, 0x0, 0x0, 0x0,
    0x7, 0xb2, 0xf, 0xf8, 0xa, 0xe4,

    /* U+003B ";" */
    0xa, 0xe4, 0xf, 0xf8, 0x7, 0xb2, 0x0, 0x0,
    0x0, 0x0, 0x0, 0x0, 0x0, 0x0, 0x0, 0x0,
    0x6, 0xa1, 0xf, 0xf8, 0xa, 0xf7, 0x5, 0xf2,
    0x9, 0xc0, 0xd, 0x70,

    /* U+003C "<" */
    0x0, 0x0, 0x0, 0x0, 0x63, 0x0, 0x0, 0x2,
    0x9f, 0xf4, 0x0, 0x5, 0xcf, 0xfb, 0x40, 0x28,
    0xef, 0xe8, 0x10, 0x0, 0xaf, 0xc4, 0x0, 0x0,
    0x0, 0x8f, 0xfa, 0x40, 0x0, 0x0, 0x2, 0x9e,
    0xfd, 0x71, 0x0, 0x0, 0x0, 0x6c, 0xff, 0xb2,
    0x0, 0x0, 0x0, 0x39, 0xf4, 0x0, 0x0, 0x0,
    0x0, 0x1,

    /* U+003D "=" */
    0xaf, 0xff, 0xff, 0xff, 0xf4, 0x6a, 0xaa, 0xaa,
    0xaa, 0xa2, 0x0, 0x0, 0x0, 0x0, 0x0, 0x0,
    0x0, 0x0, 0x0, 0x0, 0x0, 0x0, 0x0, 0x0,
    0x0, 0xaf, 0xff, 0xff, 0xff, 0xf4, 0x6a, 0xaa,
    0xaa, 0xaa, 0xa2,

    /* U+003E ">" */
    0x63, 0x0, 0x0, 0x0, 0x0, 0xaf, 0xd6, 0x10,
    0x0, 0x0, 0x17, 0xdf, 0xf9, 0x30, 0x0, 0x0,
    0x3, 0xaf, 0xfc, 0x60, 0x0, 0x0, 0x1, 0x6e,
    0xf4, 0x0, 0x0, 0x6, 0xcf, 0xf3, 0x0, 0x39,
    0xff, 0xd6, 0x0, 0x5d, 0xff, 0xa3, 0x0, 0x0,
    0xad, 0x71, 0x0, 0x0, 0x0, 0x20, 0x0, 0x0,
    0x0, 0x0,

    /* U+003F "?" */
    0x0, 0x7c, 0xef, 0xda, 0x30, 0x2, 0xef, 0xfc,
    0xce, 0xff, 0x60, 0x6f, 0x80, 0x0, 0x8, 0xfe,
    0x0, 0x10, 0x0, 0x0, 0xf, 0xf1, 0x0, 0x0,
    0x0, 0x1, 0xfe, 0x0, 0x0, 0x0, 0x0, 0xbf,
    0x60, 0x0, 0x0, 0x1, 0xcf, 0x80, 0x0, 0x0,
    0x0, 0xcf, 0x80, 0x0, 0x0, 0x0, 0x4f, 0xc0,
    0x0, 0x0, 0x0, 0x3, 0x74, 0x0, 0x0, 0x0,
    0x0, 0x0, 0x0, 0x0, 0x0, 0x0, 0x2, 0x93,
    0x0, 0x0, 0x0, 0x0, 0xaf, 0xc0, 0x0, 0x0,
    0x0, 0x6, 0xf8, 0x0, 0x0,

    /* U+0040 "@" */
    0x0, 0x0, 0x0, 0x49, 0xdf, 0xfe, 0xc9, 0x30,
    0x0, 0x0, 0x0, 0x0, 0x2d, 0xfd, 0x97, 0x67,
    0x9e, 0xfb, 0x10, 0x0, 0x0, 0x5, 0xfd, 0x30,
    0x0, 0x0, 0x0, 0x4d, 0xe3, 0x0, 0x0, 0x3f,
    0xa0, 0x0, 0x58, 0x85, 0x3, 0x94, 0xbe, 0x10,
    0x0, 0xec, 0x0, 0x2d, 0xff, 0xff, 0xd7, 0xf5,
    0x1d, 0xb0, 0x6, 0xf3, 0x1, 0xef, 0x71, 0x4,
    0xdf, 0xf5, 0x5, 0xf2, 0xb, 0xd0, 0x8, 0xf7,
    0x0, 0x0, 0x1e, 0xf5, 0x0, 0xe7, 0xe, 0x90,
    0xc, 0xf0, 0x0, 0x0, 0x8, 0xf5, 0x0, 0xca,
    0xf, 0x70, 0xe, 0xe0, 0x0, 0x0, 0x6, 0xf5,
    0x0, 0xab, 0xf, 0x70, 0xd, 0xf0, 0x0, 0x0,
    0x6, 0xf5, 0x0, 0xba, 0xe, 0x90, 0xa, 0xf3,
    0x0, 0x0, 0xb, 0xf5, 0x0, 0xd8, 0xb, 0xd0,
    0x3, 0xfd, 0x10, 0x0, 0x7f, 0xf7, 0x3, 0xf4,
    0x6, 0xf3, 0x0, 0x7f, 0xfa, 0x9d, 0xf7, 0xfe,
    0xae, 0xc0, 0x0, 0xec, 0x0, 0x4, 0xcf, 0xfb,
    0x40, 0x5e, 0xfa, 0x10, 0x0, 0x3f, 0xa0, 0x0,
    0x0, 0x0, 0x0, 0x0, 0x0, 0x0, 0x0, 0x5,
    0xfd, 0x30, 0x0, 0x0, 0x0, 0x0, 0x0, 0x0,
    0x0, 0x0, 0x3d, 0xfd, 0x97, 0x68, 0xaf, 0x70,
    0x0, 0x0, 0x0, 0x0, 0x0, 0x5a, 0xdf, 0xfd,
    0xb7, 0x10, 0x0, 0x0,

    /* U+0041 "A" */
    0x0, 0x0, 0x0, 0xe, 0xf8, 0x0, 0x0, 0x0,
    0x0, 0x0, 0x0, 0x5f, 0xfe, 0x0, 0x0, 0x0,
    0x0, 0x0, 0x0, 0xdf, 0xaf, 0x60, 0x0, 0x0,
    0x0, 0x0, 0x4, 0xfa, 0x1f, 0xd0, 0x0, 0x0,
    0x0, 0x0, 0xb, 0xf3, 0xa, 0xf5, 0x0, 0x0,
    0x0, 0x0, 0x2f, 0xc0, 0x3, 0xfc, 0x0, 0x0,
    0x0, 0x0, 0xaf, 0x50, 0x0, 0xcf, 0x30, 0x0,
    0x0, 0x1, 0xfe, 0x0, 0x0, 0x5f, 0xb0, 0x0,
    0x0, 0x8, 0xf7, 0x0, 0x0, 0xe, 0xf2, 0x0,
    0x0, 0xe, 0xff, 0xff, 0xff, 0xff, 0xf9, 0x0,
    0x0, 0x6f, 0xda, 0xaa, 0xaa, 0xaa, 0xff, 0x10,
    0x0, 0xdf, 0x30, 0x0, 0x0, 0x0, 0x9f, 0x80,
    0x5, 0xfb, 0x0, 0x0, 0x0, 0x0, 0x2f, 0xe0,
    0xc, 0xf4, 0x0, 0x0, 0x0, 0x0, 0xa, 0xf6,

    /* U+0042 "B" */
    0xef, 0xff, 0xff, 0xfe, 0xb5, 0x0, 0xe, 0xfb,
    0xaa, 0xab, 0xdf, 0xfa, 0x0, 0xef, 0x10, 0x0,
    0x0, 0x4f, 0xf3, 0xe, 0xf1, 0x0, 0x0, 0x0,
    0xaf, 0x60, 0xef, 0x10, 0x0, 0x0, 0xc, 0xf4,
    0xe, 0xf1, 0x0, 0x0, 0x29, 0xfc, 0x0, 0xef,
    0xff, 0xff, 0xff, 0xfd, 0x10, 0xe, 0xfb, 0xaa,
    0xaa, 0xce, 0xfd, 0x10, 0xef, 0x10, 0x0, 0x0,
    0x8, 0xfb, 0xe, 0xf1, 0x0, 0x0, 0x0, 0xf,
    0xf0, 0xef, 0x10, 0x0, 0x0, 0x0, 0xff, 0x1e,
    0xf1, 0x0, 0x0, 0x0, 0x8f, 0xe0, 0xef, 0xba,
    0xaa, 0xab, 0xef, 0xf4, 0xe, 0xff, 0xff, 0xff,
    0xfd, 0x92, 0x0,

    /* U+0043 "C" */
    0x0, 0x0, 0x17, 0xce, 0xfe, 0xb5, 0x0, 0x0,
    0x5, 0xef, 0xff, 0xde, 0xff, 0xc1, 0x0, 0x5f,
    0xf9, 0x20, 0x0, 0x3b, 0xf5, 0x2, 0xff, 0x60,
    0x0, 0x0, 0x0, 0x30, 0x8, 0xf9, 0x0, 0x0,
    0x0, 0x0, 0x0, 0xd, 0xf3, 0x0, 0x0, 0x0,
    0x0, 0x0, 0xf, 0xf0, 0x0, 0x0, 0x0, 0x0,
    0x0, 0xf, 0xf0, 0x0, 0x0, 0x0, 0x0, 0x0,
    0xd, 0xf3, 0x0, 0x0, 0x0, 0x0, 0x0, 0x8,
    0xf9, 0x0, 0x0, 0x0, 0x0, 0x0, 0x2, 0xff,
    0x60, 0x0, 0x0, 0x0, 0x30, 0x0, 0x5f, 0xfa,
    0x30, 0x0, 0x3b, 0xf5, 0x0, 0x5, 0xef, 0xff,
    0xdf, 0xff, 0xc1, 0x0, 0x0, 0x17, 0xce, 0xfe,
    0xb5, 0x0,

    /* U+0044 "D" */
    0xef, 0xff, 0xff, 0xfd, 0xa4, 0x0, 0x0, 0xef,
    0xdc, 0xcc, 0xdf, 0xff, 0xb1, 0x0, 0xef, 0x10,
    0x0, 0x0, 0x5d, 0xfd, 0x0, 0xef, 0x10, 0x0,
    0x0, 0x0, 0xcf, 0xa0, 0xef, 0x10, 0x0, 0x0,
    0x0, 0x1f, 0xf1, 0xef, 0x10, 0x0, 0x0, 0x0,
    0xa, 0xf6, 0xef, 0x10, 0x0, 0x0, 0x0, 0x8,
    0xf8, 0xef, 0x10, 0x0, 0x0, 0x0, 0x7, 0xf7,
    0xef, 0x10, 0x0, 0x0, 0x0, 0xa, 0xf6, 0xef,
    0x10, 0x0, 0x0, 0x0, 0x1f, 0xf1, 0xef, 0x10,
    0x0, 0x0, 0x0, 0xbf, 0xa0, 0xef, 0x10, 0x0,
    0x0, 0x4d, 0xfd, 0x10, 0xef, 0xcc, 0xcc, 0xdf,
    0xff, 0xb1, 0x0, 0xef, 0xff, 0xff, 0xfd, 0xa4,
    0x0, 0x0,

    /* U+0045 "E" */
    0xef, 0xff, 0xff, 0xff, 0xff, 0xe, 0xfd, 0xcc,
    0xcc, 0xcc, 0xc0, 0xef, 0x10, 0x0, 0x0, 0x0,
    0xe, 0xf1, 0x0, 0x0, 0x0, 0x0, 0xef, 0x10,
    0x0, 0x0, 0x0, 0xe, 0xf1, 0x0, 0x0, 0x0,
    0x0, 0xef, 0xff, 0xff, 0xff, 0xf2, 0xe, 0xfc,
    0xcc, 0xcc, 0xcc, 0x10, 0xef, 0x10, 0x0, 0x0,
    0x0, 0xe, 0xf1, 0x0, 0x0, 0x0, 0x0, 0xef,
    0x10, 0x0, 0x0, 0x0, 0xe, 0xf1, 0x0, 0x0,
    0x0, 0x0, 0xef, 0xcc, 0xcc, 0xcc, 0xcc, 0x3e,
    0xff, 0xff, 0xff, 0xff, 0xf4,

    /* U+0046 "F" */
    0xef, 0xff, 0xff, 0xff, 0xff, 0xef, 0xdc, 0xcc,
    0xcc, 0xcc, 0xef, 0x10, 0x0, 0x0, 0x0, 0xef,
    0x10, 0x0, 0x0, 0x0, 0xef, 0x10, 0x0, 0x0,
    0x0, 0xef, 0x10, 0x0, 0x0, 0x0, 0xef, 0xcc,
    0xcc, 0xcc, 0xc1, 0xef, 0xff, 0xff, 0xff, 0xf2,
    0xef, 0x10, 0x0, 0x0, 0x0, 0xef, 0x10, 0x0,
    0x0, 0x0, 0xef, 0x10, 0x0, 0x0, 0x0, 0xef,
    0x10, 0x0, 0x0, 0x0, 0xef, 0x10, 0x0, 0x0,
    0x0, 0xef, 0x10, 0x0, 0x0, 0x0,

    /* U+0047 "G" */
    0x0, 0x0, 0x16, 0xce, 0xfe, 0xb6, 0x0, 0x0,
    0x5, 0xef, 0xff, 0xde, 0xff, 0xd2, 0x0, 0x5f,
    0xf9, 0x20, 0x0, 0x29, 0xf7, 0x2, 0xff, 0x60,
    0x0, 0x0, 0x0, 0x20, 0x8, 0xf9, 0x0, 0x0,
    0x0, 0x0, 0x0, 0xd, 0xf3, 0x0, 0x0, 0x0,
    0x0, 0x0, 0xf, 0xf0, 0x0, 0x0, 0x0, 0x0,
    0x11, 0xf, 0xf0, 0x0, 0x0, 0x0, 0x3, 0xfb,
    0xd, 0xf3, 0x0, 0x0, 0x0, 0x3, 0xfb, 0x8,
    0xfa, 0x0, 0x0, 0x0, 0x3, 0xfb, 0x1, 0xff,
    0x60, 0x0, 0x0, 0x3, 0xfb, 0x0, 0x5f, 0xfa,
    0x30, 0x0, 0x2a, 0xfb, 0x0, 0x4, 0xef, 0xff,
    0xdf, 0xff, 0xe4, 0x0, 0x0, 0x17, 0xce, 0xfe,
    0xb6, 0x0,

    /* U+0048 "H" */
    0xef, 0x10, 0x0, 0x0, 0x0, 0xdf, 0x2e, 0xf1,
    0x0, 0x0, 0x0, 0xd, 0xf2, 0xef, 0x10, 0x0,
    0x0, 0x0, 0xdf, 0x2e, 0xf1, 0x0, 0x0, 0x0,
    0xd, 0xf2, 0xef, 0x10, 0x0, 0x0, 0x0, 0xdf,
    0x2e, 0xf1, 0x0, 0x0, 0x0, 0xd, 0xf2, 0xef,
    0xff, 0xff, 0xff, 0xff, 0xff, 0x2e, 0xfd, 0xcc,
    0xcc, 0xcc, 0xcf, 0xf2, 0xef, 0x10, 0x0, 0x0,
    0x0, 0xdf, 0x2e, 0xf1, 0x0, 0x0, 0x0, 0xd,
    0xf2, 0xef, 0x10, 0x0, 0x0, 0x0, 0xdf, 0x2e,
    0xf1, 0x0, 0x0, 0x0, 0xd, 0xf2, 0xef, 0x10,
    0x0, 0x0, 0x0, 0xdf, 0x2e, 0xf1, 0x0, 0x0,
    0x0, 0xd, 0xf2,

    /* U+0049 "I" */
    0xef, 0x1e, 0xf1, 0xef, 0x1e, 0xf1, 0xef, 0x1e,
    0xf1, 0xef, 0x1e, 0xf1, 0xef, 0x1e, 0xf1, 0xef,
    0x1e, 0xf1, 0xef, 0x1e, 0xf1,

    /* U+004A "J" */
    0x0, 0xcf, 0xff, 0xff, 0xf4, 0x0, 0x9c, 0xcc,
    0xcf, 0xf4, 0x0, 0x0, 0x0, 0xb, 0xf4, 0x0,
    0x0, 0x0, 0xb, 0xf4, 0x0, 0x0, 0x0, 0xb,
    0xf4, 0x0, 0x0, 0x0, 0xb, 0xf4, 0x0, 0x0,
    0x0, 0xb, 0xf4, 0x0, 0x0, 0x0, 0xb, 0xf4,
    0x0, 0x0, 0x0, 0xb, 0xf4, 0x0, 0x0, 0x0,
    0xb, 0xf4, 0x1, 0x0, 0x0, 0xd, 0xf2, 0xc,
    0xc2, 0x0, 0x6f, 0xe0, 0xa, 0xff, 0xde, 0xff,
    0x60, 0x0, 0x6c, 0xff, 0xc5, 0x0,

    /* U+004B "K" */
    0xef, 0x10, 0x0, 0x0, 0xb, 0xf8, 0xe, 0xf1,
    0x0, 0x0, 0xb, 0xf8, 0x0, 0xef, 0x10, 0x0,
    0xb, 0xf9, 0x0, 0xe, 0xf1, 0x0, 0xa, 0xfa,
    0x0, 0x0, 0xef, 0x10, 0xa, 0xfb, 0x0, 0x0,
    0xe, 0xf1, 0xa, 0xfb, 0x0, 0x0, 0x0, 0xef,
    0x19, 0xff, 0x30, 0x0, 0x0, 0xe, 0xfa, 0xfe,
    0xfe, 0x10, 0x0, 0x0, 0xef, 0xfd, 0x1a, 0xfc,
    0x0, 0x0, 0xe, 0xfd, 0x10, 0xc, 0xfa, 0x0,
    0x0, 0xef, 0x20, 0x0, 0x1d, 0xf7, 0x0, 0xe,
    0xf1, 0x0, 0x0, 0x2f, 0xf4, 0x0, 0xef, 0x10,
    0x0, 0x0, 0x4f, 0xf2, 0xe, 0xf1, 0x0, 0x0,
    0x0, 0x6f, 0xd1,

    /* U+004C "L" */
    0xef, 0x10, 0x0, 0x0, 0x0, 0xef, 0x10, 0x0,
    0x0, 0x0, 0xef, 0x10, 0x0, 0x0, 0x0, 0xef,
    0x10, 0x0, 0x0, 0x0, 0xef, 0x10, 0x0, 0x0,
    0x0, 0xef, 0x10, 0x0, 0x0, 0x0, 0xef, 0x10,
    0x0, 0x0, 0x0, 0xef, 0x10, 0x0, 0x0, 0x0,
    0xef, 0x10, 0x0, 0x0, 0x0, 0xef, 0x10, 0x0,
    0x0, 0x0, 0xef, 0x10, 0x0, 0x0, 0x0, 0xef,
    0x10, 0x0, 0x0, 0x0, 0xef, 0xcc, 0xcc, 0xcc,
    0xc8, 0xef, 0xff, 0xff, 0xff, 0xfb,

    /* U+004D "M" */
    0xef, 0x10, 0x0, 0x0, 0x0, 0x0, 0xe, 0xfe,
    0xf9, 0x0, 0x0, 0x0, 0x0, 0x8, 0xff, 0xef,
    0xf3, 0x0, 0x0, 0x0, 0x2, 0xff, 0xfe, 0xff,
    0xc0, 0x0, 0x0, 0x0, 0xbf, 0xff, 0xef, 0x9f,
    0x60, 0x0, 0x0, 0x4f, 0xaf, 0xfe, 0xf1, 0xee,
    0x10, 0x0, 0xd, 0xf1, 0xff, 0xef, 0x6, 0xf9,
    0x0, 0x7, 0xf7, 0xe, 0xfe, 0xf0, 0xc, 0xf3,
    0x1, 0xfd, 0x0, 0xef, 0xef, 0x0, 0x3f, 0xc0,
    0xaf, 0x40, 0xe, 0xfe, 0xf0, 0x0, 0x9f, 0x9f,
    0xa0, 0x0, 0xef, 0xef, 0x0, 0x1, 0xef, 0xf1,
    0x0, 0xe, 0xfe, 0xf0, 0x0, 0x6, 0xf7, 0x0,
    0x0, 0xef, 0xef, 0x0, 0x0, 0x4, 0x0, 0x0,
    0xe, 0xfe, 0xf0, 0x0, 0x0, 0x0, 0x0, 0x0,
    0xef,

    /* U+004E "N" */
    0xef, 0x20, 0x0, 0x0, 0x0, 0xdf, 0x2e, 0xfd,
    0x10, 0x0, 0x0, 0xd, 0xf2, 0xef, 0xfb, 0x0,
    0x0, 0x0, 0xdf, 0x2e, 0xfe, 0xf8, 0x0, 0x0,
    0xd, 0xf2, 0xef, 0x4f, 0xf5, 0x0, 0x0, 0xdf,
    0x2e, 0xf1, 0x5f, 0xf3, 0x0, 0xd, 0xf2, 0xef,
    0x10, 0x8f, 0xe1, 0x0, 0xdf, 0x2e, 0xf1, 0x0,
    0xbf, 0xc0, 0xd, 0xf2, 0xef, 0x10, 0x1, 0xdf,
    0x90, 0xdf, 0x2e, 0xf1, 0x0, 0x2, 0xff, 0x6d,
    0xf2, 0xef, 0x10, 0x0, 0x5, 0xff, 0xff, 0x2e,
    0xf1, 0x0, 0x0, 0x8, 0xff, 0xf2, 0xef, 0x10,
    0x0, 0x0, 0xb, 0xff, 0x2e, 0xf1, 0x0, 0x0,
    0x0, 0xd, 0xf2,

    /* U+004F "O" */
    0x0, 0x0, 0x16, 0xce, 0xfe, 0xb5, 0x0, 0x0,
    0x0, 0x4, 0xef, 0xfe, 0xdf, 0xff, 0xd3, 0x0,
    0x0, 0x5f, 0xf9, 0x20, 0x0, 0x3b, 0xff, 0x20,
    0x1, 0xff, 0x60, 0x0, 0x0, 0x0, 0x9f, 0xd0,
    0x8, 0xf9, 0x0, 0x0, 0x0, 0x0, 0xd, 0xf5,
    0xd, 0xf3, 0x0, 0x0, 0x0, 0x0, 0x6, 0xfa,
    0xf, 0xf0, 0x0, 0x0, 0x0, 0x0, 0x3, 0xfc,
    0xf, 0xf0, 0x0, 0x0, 0x0, 0x0, 0x3, 0xfc,
    0xd, 0xf3, 0x0, 0x0, 0x0, 0x0, 0x6, 0xfa,
    0x8, 0xf9, 0x0, 0x0, 0x0, 0x0, 0xd, 0xf5,
    0x1, 0xff, 0x60, 0x0, 0x0, 0x0, 0x9f, 0xd0,
    0x0, 0x5f, 0xfa, 0x20, 0x0, 0x3b, 0xff, 0x20,
    0x0, 0x4, 0xef, 0xff, 0xdf, 0xff, 0xd3, 0x0,
    0x0, 0x0, 0x17, 0xce, 0xfe, 0xb5, 0x0, 0x0,

    /* U+0050 "P" */
    0xef, 0xff, 0xff, 0xec, 0x70, 0x0, 0xef, 0xdc,
    0xcd, 0xef, 0xfd, 0x20, 0xef, 0x10, 0x0, 0x2,
    0xbf, 0xc0, 0xef, 0x10, 0x0, 0x0, 0xe, 0xf3,
    0xef, 0x10, 0x0, 0x0, 0xa, 0xf5, 0xef, 0x10,
    0x0, 0x0, 0xb, 0xf5, 0xef, 0x10, 0x0, 0x0,
    0x2f, 0xf2, 0xef, 0x10, 0x0, 0x15, 0xdf, 0xa0,
    0xef, 0xff, 0xff, 0xff, 0xfb, 0x0, 0xef, 0xcc,
    0xcc, 0xb9, 0x40, 0x0, 0xef, 0x10, 0x0, 0x0,
    0x0, 0x0, 0xef, 0x10, 0x0, 0x0, 0x0, 0x0,
    0xef, 0x10, 0x0, 0x0, 0x0, 0x0, 0xef, 0x10,
    0x0, 0x0, 0x0, 0x0,

    /* U+0051 "Q" */
    0x0, 0x0, 0x16, 0xce, 0xfe, 0xb5, 0x0, 0x0,
    0x0, 0x0, 0x4e, 0xff, 0xfd, 0xff, 0xfd, 0x30,
    0x0, 0x0, 0x5f, 0xfa, 0x20, 0x0, 0x4b, 0xff,
    0x20, 0x0, 0x1f, 0xf6, 0x0, 0x0, 0x0, 0x9,
    0xfd, 0x0, 0x8, 0xfa, 0x0, 0x0, 0x0, 0x0,
    0xd, 0xf5, 0x0, 0xdf, 0x30, 0x0, 0x0, 0x0,
    0x0, 0x6f, 0xa0, 0xf, 0xf0, 0x0, 0x0, 0x0,
    0x0, 0x3, 0xfc, 0x0, 0xff, 0x0, 0x0, 0x0,
    0x0, 0x0, 0x3f, 0xc0, 0xd, 0xf2, 0x0, 0x0,
    0x0, 0x0, 0x6, 0xfa, 0x0, 0x9f, 0x90, 0x0,
    0x0, 0x0, 0x0, 0xcf, 0x50, 0x2, 0xff, 0x50,
    0x0, 0x0, 0x0, 0x8f, 0xd0, 0x0, 0x6, 0xff,
    0x92, 0x0, 0x3, 0xbf, 0xf3, 0x0, 0x0, 0x6,
    0xff, 0xfe, 0xce, 0xff, 0xe3, 0x0, 0x0, 0x0,
    0x2, 0x8d, 0xff, 0xfd, 0x60, 0x0, 0x0, 0x0,
    0x0, 0x0, 0x0, 0x9f, 0xe2, 0x0, 0x1a, 0x10,
    0x0, 0x0, 0x0, 0x0, 0x8f, 0xfb, 0xbf, 0xf3,
    0x0, 0x0, 0x0, 0x0, 0x0, 0x4b, 0xef, 0xb3,
    0x0,

    /* U+0052 "R" */
    0xef, 0xff, 0xff, 0xec, 0x70, 0x0, 0xef, 0xdc,
    0xcd, 0xef, 0xfd, 0x20, 0xef, 0x10, 0x0, 0x2,
    0xbf, 0xc0, 0xef, 0x10, 0x0, 0x0, 0xe, 0xf3,
    0xef, 0x10, 0x0, 0x0, 0xa, 0xf5, 0xef, 0x10,
    0x0, 0x0, 0xb, 0xf5, 0xef, 0x10, 0x0, 0x0,
    0x2f, 0xf2, 0xef, 0x10, 0x0, 0x15, 0xdf, 0xa0,
    0xef, 0xff, 0xff, 0xff, 0xfa, 0x0, 0xef, 0xcc,
    0xcb, 0xdf, 0x90, 0x0, 0xef, 0x10, 0x0, 0x1e,
    0xf3, 0x0, 0xef, 0x10, 0x0, 0x4, 0xfd, 0x0,
    0xef, 0x10, 0x0, 0x0, 0x9f, 0x90, 0xef, 0x10,
    0x0, 0x0, 0xd, 0xf4,

    /* U+0053 "S" */
    0x0, 0x6, 0xce, 0xfe, 0xc7, 0x10, 0x0, 0xcf,
    0xfd, 0xcd, 0xff, 0xd0, 0x8, 0xfc, 0x20, 0x0,
    0x17, 0x60, 0xc, 0xf3, 0x0, 0x0, 0x0, 0x0,
    0xc, 0xf4, 0x0, 0x0, 0x0, 0x0, 0x6, 0xff,
    0x71, 0x0, 0x0, 0x0, 0x0, 0x7f, 0xff, 0xd9,
    0x40, 0x0, 0x0, 0x1, 0x6a, 0xef, 0xfe, 0x40,
    0x0, 0x0, 0x0, 0x3, 0xaf, 0xf2, 0x0, 0x0,
    0x0, 0x0, 0x8, 0xf7, 0x1, 0x0, 0x0, 0x0,
    0x7, 0xf8, 0xd, 0xb3, 0x0, 0x0, 0x3e, 0xf4,
    0xa, 0xff, 0xfc, 0xce, 0xff, 0x90, 0x0, 0x39,
    0xdf, 0xfe, 0xa4, 0x0,

    /* U+0054 "T" */
    0xef, 0xff, 0xff, 0xff, 0xff, 0xfa, 0xbc, 0xcc,
    0xdf, 0xfc, 0xcc, 0xc8, 0x0, 0x0, 0x2f, 0xd0,
    0x0, 0x0, 0x0, 0x0, 0x2f, 0xd0, 0x0, 0x0,
    0x0, 0x0, 0x2f, 0xd0, 0x0, 0x0, 0x0, 0x0,
    0x2f, 0xd0, 0x0, 0x0, 0x0, 0x0, 0x2f, 0xd0,
    0x0, 0x0, 0x0, 0x0, 0x2f, 0xd0, 0x0, 0x0,
    0x0, 0x0, 0x2f, 0xd0, 0x0, 0x0, 0x0, 0x0,
    0x2f, 0xd0, 0x0, 0x0, 0x0, 0x0, 0x2f, 0xd0,
    0x0, 0x0, 0x0, 0x0, 0x2f, 0xd0, 0x0, 0x0,
    0x0, 0x0, 0x2f, 0xd0, 0x0, 0x0, 0x0, 0x0,
    0x2f, 0xd0, 0x0, 0x0,

    /* U+0055 "U" */
    0xf, 0xf0, 0x0, 0x0, 0x0, 0x2f, 0xd0, 0xff,
    0x0, 0x0, 0x0, 0x2, 0xfd, 0xf, 0xf0, 0x0,
    0x0, 0x0, 0x2f, 0xd0, 0xff, 0x0, 0x0, 0x0,
    0x2, 0xfd, 0xf, 0xf0, 0x0, 0x0, 0x0, 0x2f,
    0xd0, 0xff, 0x0, 0x0, 0x0, 0x2, 0xfd, 0xf,
    0xf0, 0x0, 0x0, 0x0, 0x2f, 0xd0, 0xff, 0x0,
    0x0, 0x0, 0x2, 0xfc, 0xf, 0xf0, 0x0, 0x0,
    0x0, 0x2f, 0xc0, 0xdf, 0x30, 0x0, 0x0, 0x5,
    0xfa, 0x9, 0xf9, 0x0, 0x0, 0x0, 0xcf, 0x60,
    0x2f, 0xf8, 0x0, 0x1, 0xaf, 0xe0, 0x0, 0x5f,
    0xff, 0xde, 0xff, 0xe3, 0x0, 0x0, 0x29, 0xdf,
    0xfd, 0x81, 0x0,

    /* U+0056 "V" */
    0xc, 0xf5, 0x0, 0x0, 0x0, 0x0, 0xe, 0xf1,
    0x5, 0xfc, 0x0, 0x0, 0x0, 0x0, 0x6f, 0x90,
    0x0, 0xef, 0x30, 0x0, 0x0, 0x0, 0xdf, 0x20,
    0x0, 0x7f, 0xa0, 0x0, 0x0, 0x4, 0xfb, 0x0,
    0x0, 0x1f, 0xf2, 0x0, 0x0, 0xb, 0xf4, 0x0,
    0x0, 0x9, 0xf8, 0x0, 0x0, 0x2f, 0xd0, 0x0,
    0x0, 0x2, 0xff, 0x0, 0x0, 0x9f, 0x60, 0x0,
    0x0, 0x0, 0xbf, 0x60, 0x1, 0xfe, 0x0, 0x0,
    0x0, 0x0, 0x4f, 0xd0, 0x7, 0xf8, 0x0, 0x0,
    0x0, 0x0, 0xd, 0xf4, 0xe, 0xf1, 0x0, 0x0,
    0x0, 0x0, 0x6, 0xfb, 0x5f, 0xa0, 0x0, 0x0,
    0x0, 0x0, 0x0, 0xef, 0xef, 0x30, 0x0, 0x0,
    0x0, 0x0, 0x0, 0x8f, 0xfc, 0x0, 0x0, 0x0,
    0x0, 0x0, 0x0, 0x1f, 0xf5, 0x0, 0x0, 0x0,

    /* U+0057 "W" */
    0x3f, 0xd0, 0x0, 0x0, 0x0, 0xcf, 0x60, 0x0,
    0x0, 0x3, 0xfb, 0xd, 0xf3, 0x0, 0x0, 0x1,
    0xff, 0xc0, 0x0, 0x0, 0x8, 0xf5, 0x8, 0xf8,
    0x0, 0x0, 0x7, 0xff, 0xf1, 0x0, 0x0, 0xd,
    0xf1, 0x3, 0xfd, 0x0, 0x0, 0xc, 0xf8, 0xf7,
    0x0, 0x0, 0x3f, 0xb0, 0x0, 0xdf, 0x30, 0x0,
    0x2f, 0xb2, 0xfc, 0x0, 0x0, 0x8f, 0x50, 0x0,
    0x8f, 0x80, 0x0, 0x7f, 0x50, 0xcf, 0x10, 0x0,
    0xdf, 0x10, 0x0, 0x3f, 0xd0, 0x0, 0xdf, 0x0,
    0x7f, 0x70, 0x3, 0xfb, 0x0, 0x0, 0xd, 0xf3,
    0x2, 0xfa, 0x0, 0x2f, 0xc0, 0x8, 0xf5, 0x0,
    0x0, 0x8, 0xf8, 0x8, 0xf5, 0x0, 0xc, 0xf2,
    0xe, 0xf1, 0x0, 0x0, 0x3, 0xfd, 0xd, 0xf0,
    0x0, 0x7, 0xf7, 0x3f, 0xb0, 0x0, 0x0, 0x0,
    0xdf, 0x6f, 0xa0, 0x0, 0x1, 0xfc, 0x8f, 0x50,
    0x0, 0x0, 0x0, 0x8f, 0xff, 0x40, 0x0, 0x0,
    0xcf, 0xef, 0x0, 0x0, 0x0, 0x0, 0x3f, 0xff,
    0x0, 0x0, 0x0, 0x6f, 0xfb, 0x0, 0x0, 0x0,
    0x0, 0xd, 0xf9, 0x0, 0x0, 0x0, 0x1f, 0xf5,
    0x0, 0x0,

    /* U+0058 "X" */
    0x1f, 0xf3, 0x0, 0x0, 0x0, 0xbf, 0x70, 0x5,
    0xfe, 0x10, 0x0, 0x6, 0xfb, 0x0, 0x0, 0x9f,
    0xa0, 0x0, 0x2f, 0xe1, 0x0, 0x0, 0xd, 0xf6,
    0x0, 0xdf, 0x40, 0x0, 0x0, 0x3, 0xff, 0x29,
    0xf8, 0x0, 0x0, 0x0, 0x0, 0x7f, 0xef, 0xc0,
    0x0, 0x0, 0x0, 0x0, 0xb, 0xff, 0x20, 0x0,
    0x0, 0x0, 0x0, 0x1e, 0xff, 0x70, 0x0, 0x0,
    0x0, 0x0, 0xbf, 0x9f, 0xf3, 0x0, 0x0, 0x0,
    0x7, 0xfc, 0x5, 0xfd, 0x0, 0x0, 0x0, 0x3f,
    0xf2, 0x0, 0xaf, 0xa0, 0x0, 0x0, 0xdf, 0x50,
    0x0, 0xd, 0xf5, 0x0, 0xa, 0xfa, 0x0, 0x0,
    0x3, 0xff, 0x20, 0x5f, 0xd0, 0x0, 0x0, 0x0,
    0x7f, 0xc0,

    /* U+0059 "Y" */
    0xc, 0xf5, 0x0, 0x0, 0x0, 0x4, 0xfb, 0x0,
    0x2f, 0xe1, 0x0, 0x0, 0x0, 0xdf, 0x20, 0x0,
    0x8f, 0x90, 0x0, 0x0, 0x7f, 0x70, 0x0, 0x0,
    0xef, 0x30, 0x0, 0x2f, 0xd0, 0x0, 0x0, 0x5,
    0xfc, 0x0, 0xb, 0xf4, 0x0, 0x0, 0x0, 0xb,
    0xf6, 0x5, 0xfa, 0x0, 0x0, 0x0, 0x0, 0x2f,
    0xe1, 0xef, 0x10, 0x0, 0x0, 0x0, 0x0, 0x8f,
    0xef, 0x70, 0x0, 0x0, 0x0, 0x0, 0x0, 0xdf,
    0xd0, 0x0, 0x0, 0x0, 0x0, 0x0, 0x8, 0xf7,
    0x0, 0x0, 0x0, 0x0, 0x0, 0x0, 0x8f, 0x70,
    0x0, 0x0, 0x0, 0x0, 0x0, 0x8, 0xf7, 0x0,
    0x0, 0x0, 0x0, 0x0, 0x0, 0x8f, 0x70, 0x0,
    0x0, 0x0, 0x0, 0x0, 0x8, 0xf7, 0x0, 0x0,
    0x0,

    /* U+005A "Z" */
    0xf, 0xff, 0xff, 0xff, 0xff, 0xff, 0x40, 0xcc,
    0xcc, 0xcc, 0xcc, 0xef, 0xf2, 0x0, 0x0, 0x0,
    0x0, 0x1d, 0xf6, 0x0, 0x0, 0x0, 0x0, 0xb,
    0xf9, 0x0, 0x0, 0x0, 0x0, 0x8, 0xfc, 0x0,
    0x0, 0x0, 0x0, 0x5, 0xfe, 0x10, 0x0, 0x0,
    0x0, 0x3, 0xff, 0x30, 0x0, 0x0, 0x0, 0x1,
    0xef, 0x50, 0x0, 0x0, 0x0, 0x0, 0xcf, 0x80,
    0x0, 0x0, 0x0, 0x0, 0x9f, 0xb0, 0x0, 0x0,
    0x0, 0x0, 0x6f, 0xd1, 0x0, 0x0, 0x0, 0x0,
    0x4f, 0xf2, 0x0, 0x0, 0x0, 0x0, 0x1e, 0xfe,
    0xcc, 0xcc, 0xcc, 0xcc, 0x72, 0xff, 0xff, 0xff,
    0xff, 0xff, 0xf9,

    /* U+005B "[" */
    0xef, 0xff, 0x4e, 0xfa, 0xa2, 0xef, 0x0, 0xe,
    0xf0, 0x0, 0xef, 0x0, 0xe, 0xf0, 0x0, 0xef,
    0x0, 0xe, 0xf0, 0x0, 0xef, 0x0, 0xe, 0xf0,
    0x0, 0xef, 0x0, 0xe, 0xf0, 0x0, 0xef, 0x0,
    0xe, 0xf0, 0x0, 0xef, 0x0, 0xe, 0xf0, 0x0,
    0xef, 0x0, 0xe, 0xfa, 0xa2, 0xef, 0xff, 0x40,

    /* U+005C "\\" */
    0x57, 0x0, 0x0, 0x0, 0x6, 0xf5, 0x0, 0x0,
    0x0, 0x1f, 0xa0, 0x0, 0x0, 0x0, 0xcf, 0x0,
    0x0, 0x0, 0x6, 0xf5, 0x0, 0x0, 0x0, 0x1f,
    0xa0, 0x0, 0x0, 0x0, 0xbf, 0x0, 0x0, 0x0,
    0x6, 0xf5, 0x0, 0x0, 0x0, 0x1f, 0xb0, 0x0,
    0x0, 0x0, 0xbf, 0x0, 0x0, 0x0, 0x6, 0xf5,
    0x0, 0x0, 0x0, 0x1f, 0xb0, 0x0, 0x0, 0x0,
    0xbf, 0x10, 0x0, 0x0, 0x5, 0xf6, 0x0, 0x0,
    0x0, 0xf, 0xb0, 0x0, 0x0, 0x0, 0xaf, 0x10,
    0x0, 0x0, 0x5, 0xf6, 0x0, 0x0, 0x0, 0xf,
    0xb0, 0x0, 0x0, 0x0, 0xaf, 0x10, 0x0, 0x0,
    0x5, 0xf6,

    /* U+005D "]" */
    0xaf, 0xff, 0x96, 0xac, 0xf9, 0x0, 0x5f, 0x90,
    0x5, 0xf9, 0x0, 0x5f, 0x90, 0x5, 0xf9, 0x0,
    0x5f, 0x90, 0x5, 0xf9, 0x0, 0x5f, 0x90, 0x5,
    0xf9, 0x0, 0x5f, 0x90, 0x5, 0xf9, 0x0, 0x5f,
    0x90, 0x5, 0xf9, 0x0, 0x5f, 0x90, 0x5, 0xf9,
    0x0, 0x5f, 0x96, 0xac, 0xf9, 0xaf, 0xff, 0x90,

    /* U+005E "^" */
    0x0, 0x0, 0x75, 0x0, 0x0, 0x0, 0x5, 0xff,
    0x10, 0x0, 0x0, 0xc, 0xbf, 0x70, 0x0, 0x0,
    0x3f, 0x49, 0xd0, 0x0, 0x0, 0x9d, 0x3, 0xf4,
    0x0, 0x1, 0xf7, 0x0, 0xcb, 0x0, 0x7, 0xf1,
    0x0, 0x6f, 0x20, 0xd, 0xa0, 0x0, 0xf, 0x80,
    0x4f, 0x30, 0x0, 0x9, 0xe0,

    /* U+005F "_" */
    0x0, 0x0, 0x0, 0x0, 0x0, 0xff, 0xff, 0xff,
    0xff, 0xff, 0x33, 0x33, 0x33, 0x33, 0x33,

    /* U+0060 "`" */
    0x27, 0x70, 0x0, 0x5, 0xfc, 0x10, 0x0, 0x2d,
    0xd1,

    /* U+0061 "a" */
    0x5, 0xbe, 0xfe, 0xb4, 0x0, 0x7f, 0xfd, 0xbd,
    0xff, 0x50, 0x2a, 0x10, 0x0, 0x7f, 0xe0, 0x0,
    0x0, 0x0, 0xd, 0xf2, 0x0, 0x1, 0x11, 0x1c,
    0xf3, 0x8, 0xef, 0xff, 0xff, 0xf3, 0x9f, 0xc6,
    0x44, 0x4c, 0xf3, 0xff, 0x0, 0x0, 0xb, 0xf3,
    0xef, 0x10, 0x0, 0x3f, 0xf3, 0x8f, 0xd7, 0x69,
    0xfe, 0xf3, 0x6, 0xcf, 0xfc, 0x59, 0xf3,

    /* U+0062 "b" */
    0x3f, 0xb0, 0x0, 0x0, 0x0, 0x0, 0x3f, 0xb0,
    0x0, 0x0, 0x0, 0x0, 0x3f, 0xb0, 0x0, 0x0,
    0x0, 0x0, 0x3f, 0xb0, 0x0, 0x0, 0x0, 0x0,
    0x3f, 0xb1, 0x9e, 0xfd, 0x92, 0x0, 0x3f, 0xde,
    0xfd, 0xce, 0xfe, 0x40, 0x3f, 0xfe, 0x30, 0x0,
    0x8f, 0xe1, 0x3f, 0xf3, 0x0, 0x0, 0xa, 0xf7,
    0x3f, 0xd0, 0x0, 0x0, 0x4, 0xfa, 0x3f, 0xb0,
    0x0, 0x0, 0x2, 0xfc, 0x3f, 0xd0, 0x0, 0x0,
    0x4, 0xfa, 0x3f, 0xf3, 0x0, 0x0, 0xa, 0xf7,
    0x3f, 0xfe, 0x30, 0x0, 0x8f, 0xe1, 0x3f, 0xce,
    0xfd, 0xce, 0xff, 0x40, 0x3f, 0xa1, 0x9e, 0xfe,
    0x92, 0x0,

    /* U+0063 "c" */
    0x0, 0x3, 0xae, 0xfe, 0x91, 0x0, 0x7, 0xff,
    0xdc, 0xef, 0xe2, 0x4, 0xfe, 0x40, 0x0, 0x7f,
    0x60, 0xcf, 0x40, 0x0, 0x0, 0x10, 0xf, 0xe0,
    0x0, 0x0, 0x0, 0x2, 0xfc, 0x0, 0x0, 0x0,
    0x0, 0xf, 0xe0, 0x0, 0x0, 0x0, 0x0, 0xcf,
    0x40, 0x0, 0x0, 0x10, 0x4, 0xfe, 0x40, 0x0,
    0x7f, 0x60, 0x7, 0xff, 0xdc, 0xef, 0xe2, 0x0,
    0x3, 0xae, 0xfe, 0x91, 0x0,

    /* U+0064 "d" */
    0x0, 0x0, 0x0, 0x0, 0x1, 0xfd, 0x0, 0x0,
    0x0, 0x0, 0x1, 0xfd, 0x0, 0x0, 0x0, 0x0,
    0x1, 0xfd, 0x0, 0x0, 0x0, 0x0, 0x1, 0xfd,
    0x0, 0x4, 0xbe, 0xfc, 0x61, 0xfd, 0x0, 0x8f,
    0xfd, 0xce, 0xfb, 0xfd, 0x5, 0xfe, 0x40, 0x0,
    0x7f, 0xfd, 0xc, 0xf5, 0x0, 0x0, 0x9, 0xfd,
    0xf, 0xe0, 0x0, 0x0, 0x3, 0xfd, 0x2f, 0xc0,
    0x0, 0x0, 0x1, 0xfd, 0xf, 0xe0, 0x0, 0x0,
    0x3, 0xfd, 0xc, 0xf4, 0x0, 0x0, 0x8, 0xfd,
    0x5, 0xfe, 0x20, 0x0, 0x5f, 0xfd, 0x0, 0x8f,
    0xfb, 0xad, 0xfb, 0xfd, 0x0, 0x4, 0xbe, 0xfd,
    0x70, 0xfd,

    /* U+0065 "e" */
    0x0, 0x4, 0xbe, 0xfc, 0x60, 0x0, 0x0, 0x8f,
    0xfc, 0xbe, 0xfc, 0x0, 0x5, 0xfd, 0x20, 0x0,
    0xaf, 0x80, 0xc, 0xf3, 0x0, 0x0, 0xd, 0xf0,
    0xf, 0xe1, 0x11, 0x11, 0x19, 0xf4, 0x2f, 0xff,
    0xff, 0xff, 0xff, 0xf6, 0xf, 0xe4, 0x44, 0x44,
    0x44, 0x41, 0xc, 0xf3, 0x0, 0x0, 0x0, 0x0,
    0x4, 0xfe, 0x40, 0x0, 0x2b, 0x20, 0x0, 0x7f,
    0xfe, 0xcd, 0xff, 0x60, 0x0, 0x3, 0xae, 0xfe,
    0xa3, 0x0,

    /* U+0066 "f" */
    0x0, 0x6, 0xdf, 0xd6, 0x0, 0x6f, 0xea, 0xc6,
    0x0, 0xcf, 0x20, 0x0, 0x0, 0xef, 0x0, 0x0,
    0xbf, 0xff, 0xff, 0xf1, 0x7a, 0xff, 0xaa, 0xa0,
    0x0, 0xef, 0x0, 0x0, 0x0, 0xef, 0x0, 0x0,
    0x0, 0xef, 0x0, 0x0, 0x0, 0xef, 0x0, 0x0,
    0x0, 0xef, 0x0, 0x0, 0x0, 0xef, 0x0, 0x0,
    0x0, 0xef, 0x0, 0x0, 0x0, 0xef, 0x0, 0x0,
    0x0, 0xef, 0x0, 0x0,

    /* U+0067 "g" */
    0x0, 0x4, 0xbe, 0xfd, 0x70, 0xdf, 0x0, 0x8f,
    0xfd, 0xce, 0xfc, 0xef, 0x5, 0xfe, 0x40, 0x0,
    0x5f, 0xff, 0xc, 0xf4, 0x0, 0x0, 0x6, 0xff,
    0xf, 0xe0, 0x0, 0x0, 0x0, 0xff, 0x2f, 0xc0,
    0x0, 0x0, 0x0, 0xff, 0xf, 0xe0, 0x0, 0x0,
    0x1, 0xff, 0xc, 0xf5, 0x0, 0x0, 0x7, 0xff,
    0x5, 0xfe, 0x40, 0x0, 0x5f, 0xff, 0x0, 0x8f,
    0xfd, 0xbe, 0xfc, 0xff, 0x0, 0x4, 0xbe, 0xfd,
    0x71, 0xfe, 0x0, 0x0, 0x0, 0x0, 0x3, 0xfb,
    0x1, 0xa4, 0x0, 0x0, 0x2d, 0xf5, 0x4, 0xff,
    0xec, 0xbd, 0xff, 0xa0, 0x0, 0x28, 0xce, 0xfe,
    0xb5, 0x0,

    /* U+0068 "h" */
    0x3f, 0xb0, 0x0, 0x0, 0x0, 0x3, 0xfb, 0x0,
    0x0, 0x0, 0x0, 0x3f, 0xb0, 0x0, 0x0, 0x0,
    0x3, 0xfb, 0x0, 0x0, 0x0, 0x0, 0x3f, 0xb1,
    0x9e, 0xfe, 0x91, 0x3, 0xfd, 0xef, 0xdd, 0xff,
    0xd0, 0x3f, 0xfd, 0x20, 0x2, 0xdf, 0x73, 0xff,
    0x20, 0x0, 0x4, 0xfc, 0x3f, 0xd0, 0x0, 0x0,
    0x1f, 0xd3, 0xfb, 0x0, 0x0, 0x0, 0xfe, 0x3f,
    0xb0, 0x0, 0x0, 0xf, 0xe3, 0xfb, 0x0, 0x0,
    0x0, 0xfe, 0x3f, 0xb0, 0x0, 0x0, 0xf, 0xe3,
    0xfb, 0x0, 0x0, 0x0, 0xfe, 0x3f, 0xb0, 0x0,
    0x0, 0xf, 0xe0,

    /* U+0069 "i" */
    0x3e, 0xb0, 0x7f, 0xf0, 0x8, 0x40, 0x0, 0x0,
    0x3f, 0xb0, 0x3f, 0xb0, 0x3f, 0xb0, 0x3f, 0xb0,
    0x3f, 0xb0, 0x3f, 0xb0, 0x3f, 0xb0, 0x3f, 0xb0,
    0x3f, 0xb0, 0x3f, 0xb0, 0x3f, 0xb0,

    /* U+006A "j" */
    0x0, 0x2, 0xec, 0x0, 0x0, 0x5f, 0xf1, 0x0,
    0x0, 0x75, 0x0, 0x0, 0x0, 0x0, 0x0, 0x1,
    0xfd, 0x0, 0x0, 0x1f, 0xd0, 0x0, 0x1, 0xfd,
    0x0, 0x0, 0x1f, 0xd0, 0x0, 0x1, 0xfd, 0x0,
    0x0, 0x1f, 0xd0, 0x0, 0x1, 0xfd, 0x0, 0x0,
    0x1f, 0xd0, 0x0, 0x1, 0xfd, 0x0, 0x0, 0x1f,
    0xd0, 0x0, 0x1, 0xfd, 0x0, 0x0, 0x1f, 0xd0,
    0x0, 0x5, 0xfa, 0x7, 0xdb, 0xff, 0x40, 0x7e,
    0xfd, 0x50, 0x0,

    /* U+006B "k" */
    0x3f, 0xb0, 0x0, 0x0, 0x0, 0x0, 0x3f, 0xb0,
    0x0, 0x0, 0x0, 0x0, 0x3f, 0xb0, 0x0, 0x0,
    0x0, 0x0, 0x3f, 0xb0, 0x0, 0x0, 0x0, 0x0,
    0x3f, 0xb0, 0x0, 0x2, 0xdf, 0x50, 0x3f, 0xb0,
    0x0, 0x2e, 0xf6, 0x0, 0x3f, 0xb0, 0x3, 0xef,
    0x60, 0x0, 0x3f, 0xb0, 0x3f, 0xf6, 0x0, 0x0,
    0x3f, 0xb4, 0xff, 0x90, 0x0, 0x0, 0x3f, 0xef,
    0xff, 0xf2, 0x0, 0x0, 0x3f, 0xff, 0x59, 0xfd,
    0x0, 0x0, 0x3f, 0xf4, 0x0, 0xcf, 0x90, 0x0,
    0x3f, 0xb0, 0x0, 0x1e, 0xf6, 0x0, 0x3f, 0xb0,
    0x0, 0x4, 0xff, 0x20, 0x3f, 0xb0, 0x0, 0x0,
    0x7f, 0xd0,

    /* U+006C "l" */
    0x3f, 0xb3, 0xfb, 0x3f, 0xb3, 0xfb, 0x3f, 0xb3,
    0xfb, 0x3f, 0xb3, 0xfb, 0x3f, 0xb3, 0xfb, 0x3f,
    0xb3, 0xfb, 0x3f, 0xb3, 0xfb, 0x3f, 0xb0,

    /* U+006D "m" */
    0x3f, 0xa3, 0xae, 0xfd, 0x70, 0x5, 0xcf, 0xfc,
    0x50, 0x3, 0xfd, 0xfe, 0xbc, 0xff, 0xaa, 0xfe,
    0xbc, 0xff, 0x70, 0x3f, 0xfb, 0x10, 0x3, 0xff,
    0xfa, 0x0, 0x4, 0xff, 0x13, 0xff, 0x10, 0x0,
    0x9, 0xfe, 0x0, 0x0, 0xb, 0xf4, 0x3f, 0xd0,
    0x0, 0x0, 0x6f, 0xb0, 0x0, 0x0, 0x8f, 0x63,
    0xfb, 0x0, 0x0, 0x5, 0xf9, 0x0, 0x0, 0x8,
    0xf6, 0x3f, 0xb0, 0x0, 0x0, 0x5f, 0x90, 0x0,
    0x0, 0x8f, 0x63, 0xfb, 0x0, 0x0, 0x5, 0xf9,
    0x0, 0x0, 0x8, 0xf6, 0x3f, 0xb0, 0x0, 0x0,
    0x5f, 0x90, 0x0, 0x0, 0x8f, 0x63, 0xfb, 0x0,
    0x0, 0x5, 0xf9, 0x0, 0x0, 0x8, 0xf6, 0x3f,
    0xb0, 0x0, 0x0, 0x5f, 0x90, 0x0, 0x0, 0x8f,
    0x60,

    /* U+006E "n" */
    0x3f, 0xa2, 0xae, 0xfe, 0x91, 0x3, 0xfd, 0xff,
    0xcb, 0xef, 0xd0, 0x3f, 0xfc, 0x10, 0x1, 0xcf,
    0x73, 0xff, 0x20, 0x0, 0x4, 0xfc, 0x3f, 0xd0,
    0x0, 0x0, 0x1f, 0xd3, 0xfb, 0x0, 0x0, 0x0,
    0xfe, 0x3f, 0xb0, 0x0, 0x0, 0xf, 0xe3, 0xfb,
    0x0, 0x0, 0x0, 0xfe, 0x3f, 0xb0, 0x0, 0x0,
    0xf, 0xe3, 0xfb, 0x0, 0x0, 0x0, 0xfe, 0x3f,
    0xb0, 0x0, 0x0, 0xf, 0xe0,

    /* U+006F "o" */
    0x0, 0x3, 0xae, 0xfd, 0x91, 0x0, 0x0, 0x7f,
    0xfd, 0xce, 0xfe, 0x40, 0x5, 0xfe, 0x40, 0x0,
    0x7f, 0xe1, 0xc, 0xf4, 0x0, 0x0, 0x9, 0xf7,
    0xf, 0xe0, 0x0, 0x0, 0x3, 0xfb, 0x2f, 0xc0,
    0x0, 0x0, 0x1, 0xfd, 0xf, 0xe0, 0x0, 0x0,
    0x3, 0xfb, 0xc, 0xf4, 0x0, 0x0, 0x9, 0xf7,
    0x4, 0xfe, 0x40, 0x0, 0x7f, 0xe1, 0x0, 0x7f,
    0xfd, 0xce, 0xfe, 0x30, 0x0, 0x3, 0xae, 0xfd,
    0x91, 0x0,

    /* U+0070 "p" */
    0x3f, 0xa2, 0x9e, 0xfd, 0x92, 0x0, 0x3f, 0xce,
    0xfb, 0xad, 0xfe, 0x40, 0x3f, 0xfd, 0x20, 0x0,
    0x6f, 0xe1, 0x3f, 0xf3, 0x0, 0x0, 0x9, 0xf7,
    0x3f, 0xd0, 0x0, 0x0, 0x4, 0xfa, 0x3f, 0xb0,
    0x0, 0x0, 0x2, 0xfc, 0x3f, 0xd0, 0x0, 0x0,
    0x4, 0xfa, 0x3f, 0xf3, 0x0, 0x0, 0xa, 0xf7,
    0x3f, 0xfe, 0x30, 0x0, 0x8f, 0xe1, 0x3f, 0xde,
    0xfd, 0xce, 0xff, 0x40, 0x3f, 0xb1, 0x9e, 0xfe,
    0x92, 0x0, 0x3f, 0xb0, 0x0, 0x0, 0x0, 0x0,
    0x3f, 0xb0, 0x0, 0x0, 0x0, 0x0, 0x3f, 0xb0,
    0x0, 0x0, 0x0, 0x0, 0x3f, 0xb0, 0x0, 0x0,
    0x0, 0x0,

    /* U+0071 "q" */
    0x0, 0x4, 0xbe, 0xfc, 0x60, 0xfd, 0x0, 0x8f,
    0xfd, 0xce, 0xfa, 0xfd, 0x5, 0xfe, 0x40, 0x0,
    0x7f, 0xfd, 0xc, 0xf4, 0x0, 0x0, 0x9, 0xfd,
    0xf, 0xe0, 0x0, 0x0, 0x3, 0xfd, 0x2f, 0xc0,
    0x0, 0x0, 0x1, 0xfd, 0xf, 0xe0, 0x0, 0x0,
    0x3, 0xfd, 0xc, 0xf4, 0x0, 0x0, 0x9, 0xfd,
    0x5, 0xfe, 0x40, 0x0, 0x7f, 0xfd, 0x0, 0x8f,
    0xfd, 0xce, 0xfb, 0xfd, 0x0, 0x4, 0xbe, 0xfc,
    0x61, 0xfd, 0x0, 0x0, 0x0, 0x0, 0x1, 0xfd,
    0x0, 0x0, 0x0, 0x0, 0x1, 0xfd, 0x0, 0x0,
    0x0, 0x0, 0x1, 0xfd, 0x0, 0x0, 0x0, 0x0,
    0x1, 0xfd,

    /* U+0072 "r" */
    0x3f, 0xa1, 0x9e, 0x83, 0xfc, 0xef, 0xf7, 0x3f,
    0xfe, 0x40, 0x3, 0xff, 0x40, 0x0, 0x3f, 0xe0,
    0x0, 0x3, 0xfc, 0x0, 0x0, 0x3f, 0xb0, 0x0,
    0x3, 0xfb, 0x0, 0x0, 0x3f, 0xb0, 0x0, 0x3,
    0xfb, 0x0, 0x0, 0x3f, 0xb0, 0x0, 0x0,

    /* U+0073 "s" */
    0x0, 0x5c, 0xef, 0xea, 0x50, 0x9, 0xff, 0xcb,
    0xdf, 0xd0, 0x1f, 0xe1, 0x0, 0x2, 0x30, 0x2f,
    0xd0, 0x0, 0x0, 0x0, 0xd, 0xfc, 0x63, 0x0,
    0x0, 0x2, 0xcf, 0xff, 0xfb, 0x30, 0x0, 0x1,
    0x47, 0xbf, 0xf2, 0x0, 0x0, 0x0, 0x9, 0xf6,
    0x9, 0x30, 0x0, 0xb, 0xf5, 0x5f, 0xfe, 0xbb,
    0xef, 0xc0, 0x5, 0xae, 0xfe, 0xc7, 0x0,

    /* U+0074 "t" */
    0x0, 0x78, 0x0, 0x0, 0x0, 0xef, 0x0, 0x0,
    0x0, 0xef, 0x0, 0x0, 0xbf, 0xff, 0xff, 0xf1,
    0x7a, 0xff, 0xaa, 0xa0, 0x0, 0xef, 0x0, 0x0,
    0x0, 0xef, 0x0, 0x0, 0x0, 0xef, 0x0, 0x0,
    0x0, 0xef, 0x0, 0x0, 0x0, 0xef, 0x0, 0x0,
    0x0, 0xef, 0x0, 0x0, 0x0, 0xcf, 0x40, 0x0,
    0x0, 0x6f, 0xfb, 0xd7, 0x0, 0x7, 0xdf, 0xd5,

    /* U+0075 "u" */
    0x4f, 0xa0, 0x0, 0x0, 0x3f, 0xb4, 0xfa, 0x0,
    0x0, 0x3, 0xfb, 0x4f, 0xa0, 0x0, 0x0, 0x3f,
    0xb4, 0xfa, 0x0, 0x0, 0x3, 0xfb, 0x4f, 0xa0,
    0x0, 0x0, 0x3f, 0xb4, 0xfa, 0x0, 0x0, 0x3,
    0xfb, 0x4f, 0xb0, 0x0, 0x0, 0x5f, 0xb2, 0xfd,
    0x0, 0x0, 0x9, 0xfb, 0xd, 0xf7, 0x0, 0x5,
    0xff, 0xb0, 0x4f, 0xfd, 0xad, 0xfc, 0xfb, 0x0,
    0x3b, 0xef, 0xd7, 0x2f, 0xb0,

    /* U+0076 "v" */
    0xd, 0xf2, 0x0, 0x0, 0x0, 0xef, 0x0, 0x6f,
    0x90, 0x0, 0x0, 0x5f, 0x90, 0x0, 0xff, 0x0,
    0x0, 0xb, 0xf2, 0x0, 0x9, 0xf6, 0x0, 0x2,
    0xfb, 0x0, 0x0, 0x2f, 0xc0, 0x0, 0x9f, 0x40,
    0x0, 0x0, 0xbf, 0x30, 0xf, 0xd0, 0x0, 0x0,
    0x4, 0xfa, 0x6, 0xf7, 0x0, 0x0, 0x0, 0xd,
    0xf1, 0xdf, 0x10, 0x0, 0x0, 0x0, 0x7f, 0xbf,
    0x90, 0x0, 0x0, 0x0, 0x1, 0xff, 0xf3, 0x0,
    0x0, 0x0, 0x0, 0x9, 0xfc, 0x0, 0x0, 0x0,

    /* U+0077 "w" */
    0xbf, 0x10, 0x0, 0x0, 0xef, 0x0, 0x0, 0x1,
    0xfa, 0x5f, 0x70, 0x0, 0x5, 0xff, 0x60, 0x0,
    0x6, 0xf5, 0xf, 0xd0, 0x0, 0xb, 0xff, 0xb0,
    0x0, 0xc, 0xe0, 0xa, 0xf2, 0x0, 0x1f, 0xab,
    0xf1, 0x0, 0x1f, 0x90, 0x4, 0xf8, 0x0, 0x6f,
    0x55, 0xf7, 0x0, 0x7f, 0x30, 0x0, 0xed, 0x0,
    0xce, 0x0, 0xec, 0x0, 0xde, 0x0, 0x0, 0x8f,
    0x32, 0xf9, 0x0, 0x9f, 0x23, 0xf8, 0x0, 0x0,
    0x3f, 0x98, 0xf3, 0x0, 0x3f, 0x88, 0xf2, 0x0,
    0x0, 0xd, 0xee, 0xd0, 0x0, 0xd, 0xde, 0xc0,
    0x0, 0x0, 0x7, 0xff, 0x70, 0x0, 0x7, 0xff,
    0x70, 0x0, 0x0, 0x1, 0xff, 0x10, 0x0, 0x2,
    0xff, 0x10, 0x0,

    /* U+0078 "x" */
    0x2f, 0xe1, 0x0, 0x0, 0xdf, 0x30, 0x6f, 0xb0,
    0x0, 0xaf, 0x60, 0x0, 0xaf, 0x70, 0x6f, 0xa0,
    0x0, 0x0, 0xdf, 0x5f, 0xe1, 0x0, 0x0, 0x3,
    0xff, 0xf3, 0x0, 0x0, 0x0, 0xb, 0xfb, 0x0,
    0x0, 0x0, 0x6, 0xff, 0xf6, 0x0, 0x0, 0x2,
    0xfe, 0x2e, 0xf2, 0x0, 0x0, 0xdf, 0x40, 0x3f,
    0xd0, 0x0, 0x9f, 0x80, 0x0, 0x8f, 0xa0, 0x5f,
    0xc0, 0x0, 0x0, 0xcf, 0x60,

    /* U+0079 "y" */
    0xd, 0xf2, 0x0, 0x0, 0x0, 0xef, 0x0, 0x6f,
    0x90, 0x0, 0x0, 0x5f, 0x80, 0x0, 0xef, 0x0,
    0x0, 0xb, 0xf2, 0x0, 0x8, 0xf7, 0x0, 0x2,
    0xfb, 0x0, 0x0, 0x1f, 0xd0, 0x0, 0x9f, 0x40,
    0x0, 0x0, 0xaf, 0x40, 0xf, 0xd0, 0x0, 0x0,
    0x3, 0xfb, 0x6, 0xf6, 0x0, 0x0, 0x0, 0xd,
    0xf2, 0xdf, 0x0, 0x0, 0x0, 0x0, 0x6f, 0xcf,
    0x80, 0x0, 0x0, 0x0, 0x0, 0xef, 0xf2, 0x0,
    0x0, 0x0, 0x0, 0x8, 0xfb, 0x0, 0x0, 0x0,
    0x0, 0x0, 0xaf, 0x40, 0x0, 0x0, 0x3, 0x0,
    0x3f, 0xc0, 0x0, 0x0, 0x2, 0xfd, 0xbf, 0xf3,
    0x0, 0x0, 0x0, 0x8, 0xef, 0xc4, 0x0, 0x0,
    0x0, 0x0,

    /* U+007A "z" */
    0x1f, 0xff, 0xff, 0xff, 0xf8, 0xa, 0xaa, 0xaa,
    0xaf, 0xf5, 0x0, 0x0, 0x0, 0x9f, 0x90, 0x0,
    0x0, 0x6, 0xfc, 0x0, 0x0, 0x0, 0x3f, 0xe1,
    0x0, 0x0, 0x1, 0xdf, 0x40, 0x0, 0x0, 0xb,
    0xf7, 0x0, 0x0, 0x0, 0x7f, 0xb0, 0x0, 0x0,
    0x4, 0xfd, 0x10, 0x0, 0x0, 0x1e, 0xfc, 0xaa,
    0xaa, 0xa6, 0x3f, 0xff, 0xff, 0xff, 0xfb,

    /* U+007B "{" */
    0x0, 0x3c, 0xfa, 0x0, 0xef, 0xc6, 0x3, 0xfc,
    0x0, 0x4, 0xfa, 0x0, 0x4, 0xfa, 0x0, 0x4,
    0xfa, 0x0, 0x4, 0xfa, 0x0, 0x5, 0xfa, 0x0,
    0x8e, 0xf6, 0x0, 0xdf, 0xe2, 0x0, 0x7, 0xf9,
    0x0, 0x4, 0xfa, 0x0, 0x4, 0xfa, 0x0, 0x4,
    0xfa, 0x0, 0x4, 0xfa, 0x0, 0x4, 0xfa, 0x0,
    0x2, 0xfd, 0x0, 0x0, 0xef, 0xc6, 0x0, 0x3c,
    0xfa,

    /* U+007C "|" */
    0xee, 0xee, 0xee, 0xee, 0xee, 0xee, 0xee, 0xee,
    0xee, 0xee, 0xee, 0xee, 0xee, 0xee, 0xee, 0xee,
    0xee, 0xee, 0xee,

    /* U+007D "}" */
    0xaf, 0xc3, 0x0, 0x6c, 0xfe, 0x0, 0x0, 0xcf,
    0x30, 0x0, 0xaf, 0x40, 0x0, 0xaf, 0x40, 0x0,
    0xaf, 0x40, 0x0, 0xaf, 0x40, 0x0, 0x9f, 0x50,
    0x0, 0x5f, 0xe8, 0x0, 0x2e, 0xfd, 0x0, 0x9f,
    0x70, 0x0, 0x9f, 0x40, 0x0, 0xaf, 0x40, 0x0,
    0xaf, 0x40, 0x0, 0xaf, 0x40, 0x0, 0xaf, 0x40,
    0x0, 0xcf, 0x30, 0x6c, 0xfe, 0x0, 0xaf, 0xc3,
    0x0,

    /* U+007E "~" */
    0x9, 0xee, 0x60, 0x0, 0xd6, 0x7f, 0xab, 0xfb,
    0x26, 0xf3, 0xb9, 0x0, 0x5e, 0xff, 0x90, 0x31,
    0x0, 0x0, 0x32, 0x0,

    /* U+00B0 "°" */
    0x0, 0x6d, 0xea, 0x10, 0x7, 0xe5, 0x3b, 0xc0,
    0xe, 0x40, 0x0, 0xe4, 0x1f, 0x0, 0x0, 0xb7,
    0xf, 0x30, 0x0, 0xd5, 0x8, 0xc2, 0x8, 0xe0,
    0x0, 0x9f, 0xfc, 0x20, 0x0, 0x0, 0x10, 0x0,

    /* U+00B2 "²" */
    0x6, 0xdf, 0xeb, 0x30, 0x2d, 0x74, 0x4b, 0xf0,
    0x0, 0x0, 0x4, 0xf2, 0x0, 0x0, 0xb, 0xc0,
    0x0, 0x1, 0xcc, 0x10, 0x0, 0x3e, 0xa0, 0x0,
    0x5, 0xf9, 0x22, 0x21, 0x1f, 0xff, 0xff, 0xf9,

    /* U+2014 "—" */
    0x11, 0x11, 0x11, 0x11, 0x11, 0x11, 0x11, 0x11,
    0x11, 0x11, 0xff, 0xff, 0xff, 0xff, 0xff, 0xff,
    0xff, 0xff, 0xff, 0xff, 0x44, 0x44, 0x44, 0x44,
    0x44, 0x44, 0x44, 0x44, 0x44, 0x44,

    /* U+2022 "•" */
    0x9, 0xa2, 0x8f, 0xfc, 0x9f, 0xfd, 0x2d, 0xe5,

    /* U+3001 "、" */
    0x2b, 0x40, 0x0, 0x1d, 0xf5, 0x0, 0x1, 0xcf,
    0x40, 0x0, 0xd, 0xf2, 0x0, 0x2, 0xf6, 0x0,
    0x0, 0x10,

    /* U+3002 "。" */
    0x0, 0x0, 0x0, 0x5, 0xef, 0xa0, 0x3f, 0x64,
    0xc9, 0x6c, 0x0, 0x6d, 0x4f, 0x10, 0xbb, 0x9,
    0xff, 0xd2, 0x0, 0x13, 0x0,

    /* U+300C "「" */
    0xff, 0xff, 0xf5, 0xfe, 0x77, 0x72, 0xfc, 0x0,
    0x0, 0xfc, 0x0, 0x0, 0xfc, 0x0, 0x0, 0xfc,
    0x0, 0x0, 0xfc, 0x0, 0x0, 0xfc, 0x0, 0x0,
    0xc9, 0x0, 0x0,

    /* U+300D "」" */
    0x0, 0x0, 0x8a, 0x0, 0x0, 0xcf, 0x0, 0x0,
    0xcf, 0x0, 0x0, 0xcf, 0x0, 0x0, 0xcf, 0x0,
    0x0, 0xcf, 0x0, 0x0, 0xcf, 0x26, 0x66, 0xef,
    0x5f, 0xff, 0xff,

    /* U+4E00 "一" */
    0x8f, 0xff, 0xff, 0xff, 0xff, 0xff, 0xff, 0xff,
    0xf1, 0x48, 0x88, 0x88, 0x88, 0x88, 0x88, 0x88,
    0x88, 0x80,

    /* U+4E0A "上" */
    0x0, 0x0, 0x0, 0x8, 0xf1, 0x0, 0x0, 0x0,
    0x0, 0x0, 0x0, 0x0, 0x8, 0xf1, 0x0, 0x0,
    0x0, 0x0, 0x0, 0x0, 0x0, 0x8, 0xf1, 0x0,
    0x0, 0x0, 0x0, 0x0, 0x0, 0x0, 0x8, 0xf1,
    0x0, 0x0, 0x0, 0x0, 0x0, 0x0, 0x0, 0x8,
    0xf1, 0x0, 0x0, 0x0, 0x0, 0x0, 0x0, 0x0,
    0x8, 0xf9, 0x88, 0x88, 0x88, 0x50, 0x0, 0x0,
    0x0, 0x8, 0xff, 0xff, 0xff, 0xff, 0xa0, 0x0,
    0x0, 0x0, 0x8, 0xf2, 0x0, 0x0, 0x0, 0x0,
    0x0, 0x0, 0x0, 0x8, 0xf1, 0x0, 0x0, 0x0,
    0x0, 0x0, 0x0, 0x0, 0x8, 0xf1, 0x0, 0x0,
    0x0, 0x0, 0x0, 0x0, 0x0, 0x8, 0xf1, 0x0,
    0x0, 0x0, 0x0, 0x0, 0x0, 0x0, 0x8, 0xf1,
    0x0, 0x0, 0x0, 0x0, 0x0, 0x0, 0x0, 0x8,
    0xf1, 0x0, 0x0, 0x0, 0x0, 0x0, 0x0, 0x0,
    0x8, 0xf1, 0x0, 0x0, 0x0, 0x0, 0x0, 0x0,
    0x0, 0x8, 0xf1, 0x0, 0x0, 0x0, 0x0, 0x29,
    0x99, 0x99, 0x9c, 0xfa, 0x99, 0x99, 0x99, 0x97,
    0x3f, 0xff, 0xff, 0xff, 0xff, 0xff, 0xff, 0xff,
    0xfc,

    /* U+4E0B "下" */
    0x1, 0x11, 0x11, 0x11, 0x11, 0x11, 0x11, 0x11,
    0x11, 0x6f, 0xff, 0xff, 0xff, 0xff, 0xff, 0xff,
    0xff, 0xfe, 0x26, 0x66, 0x66, 0x68, 0xfa, 0x66,
    0x66, 0x66, 0x65, 0x0, 0x0, 0x0, 0x3, 0xf6,
    0x0, 0x0, 0x0, 0x0, 0x0, 0x0, 0x0, 0x3,
    0xf6, 0x0, 0x0, 0x0, 0x0, 0x0, 0x0, 0x0,
    0x3, 0xf6, 0x0, 0x0, 0x0, 0x0, 0x0, 0x0,
    0x0, 0x3, 0xf6, 0x0, 0x0, 0x0, 0x0, 0x0,
    0x0, 0x0, 0x3, 0xff, 0x70, 0x0, 0x0, 0x0,
    0x0, 0x0, 0x0, 0x3, 0xfe, 0xfc, 0x20, 0x0,
    0x0, 0x0, 0x0, 0x0, 0x3, 0xf6, 0x7f, 0xf7,
    0x0, 0x0, 0x0, 0x0, 0x0, 0x3, 0xf6, 0x3,
    0xdf, 0xb1, 0x0, 0x0, 0x0, 0x0, 0x3, 0xf6,
    0x0, 0x1c, 0xfa, 0x0, 0x0, 0x0, 0x0, 0x3,
    0xf6, 0x0, 0x0, 0x91, 0x0, 0x0, 0x0, 0x0,
    0x3, 0xf6, 0x0, 0x0, 0x0, 0x0, 0x0, 0x0,
    0x0, 0x3, 0xf6, 0x0, 0x0, 0x0, 0x0, 0x0,
    0x0, 0x0, 0x3, 0xf6, 0x0, 0x0, 0x0, 0x0,
    0x0, 0x0, 0x0, 0x3, 0xf6, 0x0, 0x0, 0x0,
    0x0, 0x0, 0x0, 0x0, 0x3, 0xf6, 0x0, 0x0,
    0x0, 0x0,

    /* U+4E0D "不" */
    0xb, 0xff, 0xff, 0xff, 0xff, 0xff, 0xff, 0xff,
    0xff, 0x30, 0x69, 0x99, 0x99, 0x99, 0xbf, 0xc9,
    0x99, 0x99, 0x91, 0x0, 0x0, 0x0, 0x0, 0xd,
    0xf1, 0x0, 0x0, 0x0, 0x0, 0x0, 0x0, 0x0,
    0x8, 0xf7, 0x0, 0x0, 0x0, 0x0, 0x0, 0x0,
    0x0, 0x3, 0xff, 0x40, 0x0, 0x0, 0x0, 0x0,
    0x0, 0x0, 0x1, 0xdf, 0xf4, 0x29, 0x10, 0x0,
    0x0, 0x0, 0x0, 0x0, 0xbf, 0xcf, 0x45, 0xfd,
    0x10, 0x0, 0x0, 0x0, 0x0, 0x9f, 0x97, 0xf4,
    0x5, 0xfe, 0x20, 0x0, 0x0, 0x0, 0x8f, 0xb0,
    0x7f, 0x40, 0x6, 0xfe, 0x10, 0x0, 0x0, 0x8f,
    0xc0, 0x7, 0xf4, 0x0, 0x6, 0xfd, 0x10, 0x0,
    0xaf, 0xc0, 0x0, 0x7f, 0x40, 0x0, 0x9, 0xfc,
    0x1, 0xcf, 0xb0, 0x0, 0x7, 0xf4, 0x0, 0x0,
    0xb, 0xf9, 0xb, 0x80, 0x0, 0x0, 0x7f, 0x40,
    0x0, 0x0, 0xd, 0x50, 0x0, 0x0, 0x0, 0x7,
    0xf4, 0x0, 0x0, 0x0, 0x0, 0x0, 0x0, 0x0,
    0x0, 0x7f, 0x40, 0x0, 0x0, 0x0, 0x0, 0x0,
    0x0, 0x0, 0x7, 0xf4, 0x0, 0x0, 0x0, 0x0,
    0x0, 0x0, 0x0, 0x0, 0x7f, 0x40, 0x0, 0x0,
    0x0, 0x0, 0x0, 0x0, 0x0, 0x7, 0xf4, 0x0,
    0x0, 0x0, 0x0,

    /* U+4E0E "与" */
    0x0, 0xb, 0xd0, 0x0, 0x0, 0x0, 0x0, 0x0,
    0x0, 0x0, 0xb, 0xd0, 0x0, 0x0, 0x0, 0x0,
    0x0, 0x0, 0x0, 0xb, 0xe4, 0x44, 0x44, 0x44,
    0x44, 0x44, 0x41, 0x0, 0xb, 0xff, 0xff, 0xff,
    0xff, 0xff, 0xff, 0xf4, 0x0, 0xb, 0xe3, 0x33,
    0x33, 0x33, 0x33, 0x33, 0x30, 0x0, 0xb, 0xd0,
    0x0, 0x0, 0x0, 0x0, 0x0, 0x0, 0x0, 0xb,
    0xd0, 0x0, 0x0, 0x0, 0x0, 0x0, 0x0, 0x0,
    0xb, 0xd2, 0x22, 0x22, 0x22, 0x22, 0x22, 0x10,
    0x0, 0xb, 0xff, 0xff, 0xff, 0xff, 0xff, 0xff,
    0x90, 0x0, 0x4, 0x55, 0x55, 0x55, 0x55, 0x55,
    0x5f, 0x90, 0x0, 0x0, 0x0, 0x0, 0x0, 0x0,
    0x0, 0xf, 0x80, 0x1, 0x11, 0x11, 0x11, 0x11,
    0x11, 0x0, 0x1f, 0x70, 0x3f, 0xff, 0xff, 0xff,
    0xff, 0xff, 0xd0, 0x2f, 0x60, 0x16, 0x66, 0x66,
    0x66, 0x66, 0x66, 0x50, 0x4f, 0x40, 0x0, 0x0,
    0x0, 0x0, 0x0, 0x0, 0x0, 0x6f, 0x20, 0x0,
    0x0, 0x0, 0x0, 0x0, 0x0, 0x0, 0xaf, 0x0,
    0x0, 0x0, 0x0, 0x0, 0x5, 0xba, 0x89, 0xfb,
    0x0, 0x0, 0x0, 0x0, 0x0, 0x3, 0xbd, 0xef,
    0xb1, 0x0,

    /* U+4E13 "专" */
    0x0, 0x0, 0x0, 0x1, 0x10, 0x0, 0x0, 0x0,
    0x0, 0x0, 0x0, 0x0, 0xb, 0xf0, 0x0, 0x0,
    0x0, 0x0, 0x0, 0x0, 0x0, 0xd, 0xc0, 0x0,
    0x0, 0x0, 0x0, 0x5, 0xff, 0xff, 0xff, 0xff,
    0xff, 0xff, 0xfb, 0x0, 0x2, 0x88, 0x88, 0xbf,
    0xa8, 0x88, 0x88, 0x86, 0x0, 0x0, 0x0, 0x0,
    0x9f, 0x20, 0x0, 0x0, 0x0, 0x0, 0x33, 0x33,
    0x33, 0xdf, 0x33, 0x33, 0x33, 0x33, 0x30, 0xdf,
    0xff, 0xff, 0xff, 0xff, 0xff, 0xff, 0xff, 0xf3,
    0x34, 0x44, 0x49, 0xf8, 0x44, 0x44, 0x44, 0x44,
    0x40, 0x0, 0x0, 0xc, 0xf1, 0x0, 0x0, 0x0,
    0x0, 0x0, 0x0, 0x0, 0x1f, 0xe8, 0x88, 0x88,
    0x88, 0x80, 0x0, 0x0, 0x0, 0xb, 0xff, 0xff,
    0xff, 0xff, 0xf0, 0x0, 0x0, 0x0, 0x0, 0x0,
    0x0, 0x0, 0x9f, 0x90, 0x0, 0x0, 0x0, 0x75,
    0x0, 0x0, 0x8, 0xfb, 0x0, 0x0, 0x0, 0x0,
    0xef, 0xe9, 0x30, 0xaf, 0xb0, 0x0, 0x0, 0x0,
    0x0, 0x5, 0xbf, 0xff, 0xf8, 0x0, 0x0, 0x0,
    0x0, 0x0, 0x0, 0x2, 0xaf, 0xfc, 0x30, 0x0,
    0x0, 0x0, 0x0, 0x0, 0x0, 0x2, 0xaf, 0xf2,
    0x0, 0x0, 0x0, 0x0, 0x0, 0x0, 0x0, 0x3,
    0x70, 0x0, 0x0,

    /* U+4E24 "两" */
    0xef, 0xff, 0xff, 0xff, 0xff, 0xff, 0xff, 0xff,
    0xfb, 0x77, 0x77, 0x77, 0xed, 0x77, 0xaf, 0x97,
    0x77, 0x75, 0x0, 0x0, 0x0, 0xdc, 0x0, 0x4f,
    0x40, 0x0, 0x0, 0x0, 0x0, 0x0, 0xdc, 0x0,
    0x4f, 0x40, 0x0, 0x0, 0x0, 0x0, 0x0, 0xdc,
    0x0, 0x4f, 0x40, 0x0, 0x0, 0xa, 0xff, 0xff,
    0xff, 0xff, 0xff, 0xff, 0xff, 0x80, 0xa, 0xf8,
    0x88, 0xfd, 0x88, 0xbf, 0xa8, 0x8f, 0x90, 0xa,
    0xf0, 0x0, 0xf8, 0x0, 0x7f, 0x20, 0xf, 0x90,
    0xa, 0xf0, 0x2, 0xf6, 0x0, 0x8f, 0x0, 0xf,
    0x90, 0xa, 0xf0, 0x6, 0xfc, 0x10, 0xbd, 0x0,
    0xf, 0x90, 0xa, 0xf0, 0xb, 0xed, 0xe3, 0xef,
    0x50, 0xf, 0x90, 0xa, 0xf0, 0x3f, 0x92, 0xe7,
    0xfc, 0xf7, 0xf, 0x90, 0xa, 0xf1, 0xdf, 0x10,
    0x1a, 0xf1, 0x9f, 0x4f, 0x90, 0xa, 0xf5, 0xf6,
    0x0, 0x4f, 0x90, 0x8, 0xf, 0x90, 0xa, 0xf0,
    0x20, 0x0, 0x5d, 0x0, 0x0, 0xf, 0x90, 0xa,
    0xf0, 0x0, 0x0, 0x0, 0x0, 0x0, 0xf, 0x90,
    0xa, 0xf0, 0x0, 0x0, 0x0, 0x0, 0x58, 0x9f,
    0x80, 0xa, 0xf0, 0x0, 0x0, 0x0, 0x0, 0x5f,
    0xfc, 0x10,

    /* U+4E2A "个" */
    0x0, 0x0, 0x0, 0x0, 0x9, 0xc1, 0x0, 0x0,
    0x0, 0x0, 0x0, 0x0, 0x0, 0x0, 0x5f, 0xf3,
    0x0, 0x0, 0x0, 0x0, 0x0, 0x0, 0x0, 0x1,
    0xef, 0xfd, 0x0, 0x0, 0x0, 0x0, 0x0, 0x0,
    0x0, 0x1d, 0xf5, 0x5f, 0xa0, 0x0, 0x0, 0x0,
    0x0, 0x0, 0x0, 0xcf, 0x80, 0x9, 0xf9, 0x0,
    0x0, 0x0, 0x0, 0x0, 0x2d, 0xf9, 0x0, 0x0,
    0xaf, 0xa1, 0x0, 0x0, 0x0, 0x3, 0xef, 0x80,
    0x4, 0x30, 0xa, 0xfe, 0x50, 0x0, 0x0, 0x8f,
    0xf6, 0x0, 0xe, 0xa0, 0x0, 0x6f, 0xfd, 0x60,
    0xd, 0xfd, 0x30, 0x0, 0xe, 0xa0, 0x0, 0x2,
    0xbf, 0xb0, 0x6, 0x70, 0x0, 0x0, 0xe, 0xa0,
    0x0, 0x0, 0x3, 0x20, 0x0, 0x0, 0x0, 0x0,
    0xe, 0xa0, 0x0, 0x0, 0x0, 0x0, 0x0, 0x0,
    0x0, 0x0, 0xe, 0xa0, 0x0, 0x0, 0x0, 0x0,
    0x0, 0x0, 0x0, 0x0, 0xe, 0xa0, 0x0, 0x0,
    0x0, 0x0, 0x0, 0x0, 0x0, 0x0, 0xe, 0xa0,
    0x0, 0x0, 0x0, 0x0, 0x0, 0x0, 0x0, 0x0,
    0xe, 0xa0, 0x0, 0x0, 0x0, 0x0, 0x0, 0x0,
    0x0, 0x0, 0xe, 0xa0, 0x0, 0x0, 0x0, 0x0,
    0x0, 0x0, 0x0, 0x0, 0xe, 0xa0, 0x0, 0x0,
    0x0, 0x0, 0x0, 0x0, 0x0, 0x0, 0xe, 0xa0,
    0x0, 0x0, 0x0, 0x0,

    /* U+4E2D "中" */
    0x0, 0x0, 0x0, 0xf, 0x90, 0x0, 0x0, 0x0,
    0x0, 0x0, 0x0, 0xf, 0x90, 0x0, 0x0, 0x0,
    0x23, 0x33, 0x33, 0x3f, 0xa3, 0x33, 0x33, 0x32,
    0xef, 0xff, 0xff, 0xff, 0xff, 0xff, 0xff, 0xfa,
    0xeb, 0x44, 0x44, 0x4f, 0xb4, 0x44, 0x44, 0xfa,
    0xea, 0x0, 0x0, 0xf, 0x90, 0x0, 0x0, 0xea,
    0xea, 0x0, 0x0, 0xf, 0x90, 0x0, 0x0, 0xea,
    0xea, 0x0, 0x0, 0xf, 0x90, 0x0, 0x0, 0xea,
    0xea, 0x0, 0x0, 0xf, 0x90, 0x0, 0x0, 0xea,
    0xec, 0x55, 0x55, 0x5f, 0xb5, 0x55, 0x55, 0xfa,
    0xef, 0xff, 0xff, 0xff, 0xff, 0xff, 0xff, 0xfa,
    0xeb, 0x22, 0x22, 0x2f, 0xa2, 0x22, 0x22, 0xea,
    0x85, 0x0, 0x0, 0xf, 0x90, 0x0, 0x0, 0x54,
    0x0, 0x0, 0x0, 0xf, 0x90, 0x0, 0x0, 0x0,
    0x0, 0x0, 0x0, 0xf, 0x90, 0x0, 0x0, 0x0,
    0x0, 0x0, 0x0, 0xf, 0x90, 0x0, 0x0, 0x0,
    0x0, 0x0, 0x0, 0xf, 0x90, 0x0, 0x0, 0x0,
    0x0, 0x0, 0x0, 0xf, 0x90, 0x0, 0x0, 0x0,

    /* U+4E3A "为" */
    0x0, 0x1, 0x10, 0x9, 0xf1, 0x0, 0x0, 0x0,
    0x0, 0x2, 0xfb, 0x0, 0x9f, 0x0, 0x0, 0x0,
    0x0, 0x0, 0x8, 0xf6, 0xa, 0xf0, 0x0, 0x0,
    0x0, 0x0, 0x0, 0xe, 0xd0, 0xaf, 0x0, 0x0,
    0x0, 0x0, 0x0, 0x0, 0x20, 0xb, 0xf0, 0x0,
    0x0, 0x0, 0x0, 0x5f, 0xff, 0xff, 0xff, 0xff,
    0xff, 0xff, 0xfc, 0x2, 0x88, 0x88, 0x8e, 0xe8,
    0x88, 0x88, 0x8e, 0xc0, 0x0, 0x0, 0x0, 0xfb,
    0x0, 0x0, 0x0, 0xcc, 0x0, 0x0, 0x0, 0x2f,
    0x90, 0x0, 0x0, 0xc, 0xc0, 0x0, 0x0, 0x6,
    0xf5, 0xae, 0x0, 0x0, 0xcc, 0x0, 0x0, 0x0,
    0xcf, 0x17, 0xf8, 0x0, 0xc, 0xb0, 0x0, 0x0,
    0x3f, 0xa0, 0xe, 0xf1, 0x0, 0xdb, 0x0, 0x0,
    0xc, 0xf3, 0x0, 0x9f, 0x40, 0xe, 0xa0, 0x0,
    0x7, 0xfa, 0x0, 0x1, 0x10, 0x0, 0xf9, 0x0,
    0x6, 0xfd, 0x0, 0x0, 0x0, 0x0, 0x1f, 0x70,
    0x8, 0xfe, 0x20, 0x0, 0x0, 0x0, 0x4, 0xf5,
    0x1d, 0xfd, 0x20, 0x0, 0x0, 0x3b, 0x99, 0xee,
    0x0, 0xc9, 0x0, 0x0, 0x0, 0x0, 0xdf, 0xfc,
    0x30, 0x0, 0x0, 0x0, 0x0, 0x0, 0x0, 0x0,
    0x0, 0x0,

    /* U+4E3B "主" */
    0x0, 0x0, 0x0, 0x0, 0x0, 0x0, 0x0, 0x0,
    0x0, 0x0, 0x0, 0x0, 0xc, 0xc0, 0x0, 0x0,
    0x0, 0x0, 0x0, 0x0, 0x0, 0xa, 0xf3, 0x0,
    0x0, 0x0, 0x0, 0x0, 0x0, 0x0, 0x4, 0xf9,
    0x0, 0x0, 0x0, 0x0, 0x5f, 0xff, 0xff, 0xff,
    0xff, 0xff, 0xff, 0xff, 0xf2, 0x38, 0x88, 0x88,
    0x88, 0xfd, 0x88, 0x88, 0x88, 0x81, 0x0, 0x0,
    0x0, 0x0, 0xf9, 0x0, 0x0, 0x0, 0x0, 0x0,
    0x0, 0x0, 0x0, 0xf9, 0x0, 0x0, 0x0, 0x0,
    0x0, 0x0, 0x0, 0x0, 0xf9, 0x0, 0x0, 0x0,
    0x0, 0x1, 0x33, 0x33, 0x33, 0xfa, 0x33, 0x33,
    0x33, 0x0, 0x7, 0xff, 0xff, 0xff, 0xff, 0xff,
    0xff, 0xff, 0x20, 0x2, 0x44, 0x44, 0x44, 0xfb,
    0x44, 0x44, 0x44, 0x0, 0x0, 0x0, 0x0, 0x0,
    0xf9, 0x0, 0x0, 0x0, 0x0, 0x0, 0x0, 0x0,
    0x0, 0xf9, 0x0, 0x0, 0x0, 0x0, 0x0, 0x0,
    0x0, 0x0, 0xf9, 0x0, 0x0, 0x0, 0x0, 0x0,
    0x0, 0x0, 0x0, 0xf9, 0x0, 0x0, 0x0, 0x0,
    0x56, 0x66, 0x66, 0x66, 0xfc, 0x66, 0x66, 0x66,
    0x64, 0xef, 0xff, 0xff, 0xff, 0xff, 0xff, 0xff,
    0xff, 0xfb, 0x11, 0x11, 0x11, 0x11, 0x11, 0x11,
    0x11, 0x11, 0x10,

    /* U+4E48 "么" */
    0x0, 0x0, 0x0, 0x0, 0x0, 0x0, 0x0, 0x0,
    0x0, 0x0, 0x0, 0x0, 0xb, 0xa0, 0x0, 0x0,
    0x0, 0x0, 0x0, 0x0, 0x0, 0x3f, 0x90, 0x0,
    0x0, 0x0, 0x0, 0x0, 0x0, 0x0, 0xbf, 0x10,
    0x0, 0x0, 0x0, 0x0, 0x0, 0x0, 0x5, 0xf9,
    0x0, 0x7, 0x10, 0x0, 0x0, 0x0, 0x0, 0x1e,
    0xe1, 0x0, 0x7f, 0x60, 0x0, 0x0, 0x0, 0x0,
    0x9f, 0x60, 0x0, 0xed, 0x0, 0x0, 0x0, 0x0,
    0x6, 0xfb, 0x0, 0x7, 0xf5, 0x0, 0x0, 0x0,
    0x0, 0x2f, 0xe1, 0x0, 0x2f, 0xc0, 0x0, 0x0,
    0x0, 0x1, 0xef, 0x30, 0x0, 0xcf, 0x30, 0x0,
    0x0, 0x0, 0x1d, 0xf5, 0x0, 0x6, 0xf9, 0x0,
    0x0, 0x0, 0x0, 0x4e, 0x60, 0x0, 0x3f, 0xe0,
    0x0, 0x69, 0x0, 0x0, 0x0, 0x0, 0x1, 0xef,
    0x30, 0x0, 0x8f, 0x50, 0x0, 0x0, 0x0, 0xc,
    0xf7, 0x0, 0x0, 0xe, 0xe1, 0x0, 0x0, 0x0,
    0xbf, 0x90, 0x0, 0x0, 0x5, 0xfa, 0x0, 0x0,
    0x1c, 0xf9, 0x0, 0x0, 0x14, 0x7b, 0xff, 0x20,
    0x0, 0xcf, 0xe8, 0x9b, 0xdf, 0xff, 0xfd, 0xbf,
    0x90, 0x0, 0x7f, 0xed, 0xcb, 0x97, 0x53, 0x0,
    0xd, 0xf2, 0x0, 0x0, 0x0, 0x0, 0x0, 0x0,
    0x0, 0x5, 0x50,

    /* U+4E49 "义" */
    0x0, 0x0, 0x0, 0x5, 0xa0, 0x0, 0x0, 0x0,
    0x0, 0x0, 0x0, 0x0, 0x6, 0xf6, 0x0, 0x0,
    0x20, 0x0, 0x0, 0x4b, 0x10, 0x0, 0xfb, 0x0,
    0x0, 0xf8, 0x0, 0x0, 0x4f, 0x60, 0x0, 0xbf,
    0x0, 0x4, 0xf5, 0x0, 0x0, 0xe, 0xc0, 0x0,
    0x7f, 0x20, 0x8, 0xf1, 0x0, 0x0, 0x8, 0xf4,
    0x0, 0x11, 0x0, 0xe, 0xd0, 0x0, 0x0, 0x1,
    0xfc, 0x0, 0x0, 0x0, 0x4f, 0x60, 0x0, 0x0,
    0x0, 0x8f, 0x60, 0x0, 0x0, 0xcf, 0x10, 0x0,
    0x0, 0x0, 0xd, 0xf2, 0x0, 0x6, 0xf8, 0x0,
    0x0, 0x0, 0x0, 0x3, 0xfd, 0x0, 0x2e, 0xd0,
    0x0, 0x0, 0x0, 0x0, 0x0, 0x6f, 0xb1, 0xdf,
    0x40, 0x0, 0x0, 0x0, 0x0, 0x0, 0x8, 0xff,
    0xf5, 0x0, 0x0, 0x0, 0x0, 0x0, 0x0, 0x4,
    0xff, 0xe1, 0x0, 0x0, 0x0, 0x0, 0x0, 0x1,
    0x9f, 0xfa, 0xfe, 0x50, 0x0, 0x0, 0x0, 0x0,
    0x6e, 0xfc, 0x20, 0x5f, 0xfb, 0x30, 0x0, 0x0,
    0x6e, 0xfe, 0x60, 0x0, 0x1, 0xbf, 0xfa, 0x30,
    0x3f, 0xff, 0x81, 0x0, 0x0, 0x0, 0x4, 0xcf,
    0xf8, 0xa, 0x60, 0x0, 0x0, 0x0, 0x0, 0x0,
    0x4, 0xb2,

    /* U+4E4B "之" */
    0x0, 0x0, 0x0, 0x0, 0x0, 0x0, 0x0, 0x0,
    0x0, 0x0, 0x0, 0x0, 0x0, 0x3f, 0x90, 0x0,
    0x0, 0x0, 0x0, 0x0, 0x0, 0x0, 0x0, 0xdf,
    0x10, 0x0, 0x0, 0x0, 0x0, 0x0, 0x0, 0x0,
    0x6, 0xf6, 0x0, 0x0, 0x0, 0x0, 0x0, 0x78,
    0x88, 0x88, 0x9f, 0xd8, 0x88, 0x88, 0x83, 0x0,
    0xe, 0xff, 0xff, 0xff, 0xff, 0xff, 0xff, 0xff,
    0x60, 0x0, 0x0, 0x0, 0x0, 0x0, 0x0, 0x0,
    0x9f, 0xc0, 0x0, 0x0, 0x0, 0x0, 0x0, 0x0,
    0x0, 0x9f, 0xc0, 0x0, 0x0, 0x0, 0x0, 0x0,
    0x0, 0x0, 0xaf, 0xc0, 0x0, 0x0, 0x0, 0x0,
    0x0, 0x0, 0x1, 0xbf, 0xb0, 0x0, 0x0, 0x0,
    0x0, 0x0, 0x0, 0x2, 0xdf, 0xa0, 0x0, 0x0,
    0x0, 0x0, 0x0, 0x0, 0x5, 0xff, 0x70, 0x0,
    0x0, 0x0, 0x0, 0x0, 0x0, 0x8, 0xff, 0x50,
    0x0, 0x0, 0x0, 0x0, 0x0, 0x0, 0x2c, 0xfd,
    0x20, 0x0, 0x0, 0x0, 0x0, 0x0, 0x2, 0xaf,
    0xf9, 0x0, 0x0, 0x0, 0x0, 0x0, 0x0, 0x1,
    0xef, 0xff, 0x80, 0x0, 0x0, 0x0, 0x0, 0x0,
    0x0, 0xbf, 0x43, 0xef, 0xe8, 0x30, 0x0, 0x0,
    0x0, 0x0, 0x8f, 0x80, 0x0, 0x8e, 0xff, 0xfe,
    0xdc, 0xcc, 0xca, 0xa, 0xc0, 0x0, 0x0, 0x3,
    0x69, 0xbd, 0xef, 0xff, 0x90, 0x1, 0x0, 0x0,
    0x0, 0x0, 0x0, 0x0, 0x0, 0x0,

    /* U+4E58 "乘" */
    0x0, 0x0, 0x1, 0x12, 0x33, 0x56, 0x8a, 0xbd,
    0xa0, 0x0, 0x0, 0xef, 0xff, 0xff, 0xff, 0xfd,
    0xba, 0x87, 0x0, 0x0, 0x4, 0x55, 0x43, 0x3d,
    0xc0, 0x0, 0x0, 0x0, 0x0, 0x0, 0x0, 0x0,
    0x0, 0xcc, 0x0, 0x0, 0x0, 0x0, 0x6, 0x77,
    0x77, 0x77, 0x7e, 0xd7, 0x77, 0x77, 0x77, 0x30,
    0xdf, 0xff, 0xff, 0xff, 0xff, 0xff, 0xff, 0xff,
    0xf6, 0x0, 0x0, 0x0, 0x33, 0xc, 0xc0, 0x33,
    0x0, 0x0, 0x0, 0x6, 0x66, 0x6e, 0xb0, 0xcc,
    0xb, 0xd0, 0x3a, 0xa0, 0x2, 0xff, 0xff, 0xfb,
    0xc, 0xc0, 0xbe, 0xbf, 0xf8, 0x0, 0x0, 0x0,
    0xd, 0xb0, 0xcc, 0xb, 0xfb, 0x50, 0x30, 0x0,
    0x14, 0x8c, 0xfb, 0xc, 0xc0, 0xbe, 0x0, 0x2f,
    0x80, 0x6f, 0xff, 0xae, 0xb1, 0xee, 0x19, 0xff,
    0xff, 0xf3, 0x1, 0x84, 0x0, 0x23, 0xdf, 0xfd,
    0x26, 0x77, 0x63, 0x0, 0x0, 0x0, 0x4, 0xed,
    0xdc, 0xcd, 0x30, 0x0, 0x0, 0x0, 0x0, 0x19,
    0xfc, 0x1c, 0xc1, 0xcf, 0x70, 0x0, 0x0, 0x0,
    0x7e, 0xf9, 0x0, 0xcc, 0x0, 0xaf, 0xd6, 0x0,
    0x9, 0xff, 0xd4, 0x0, 0xc, 0xc0, 0x0, 0x5e,
    0xff, 0x60, 0xbc, 0x50, 0x0, 0x0, 0xcc, 0x0,
    0x0, 0x7, 0xe4, 0x0, 0x0, 0x0, 0x0, 0xc,
    0xc0, 0x0, 0x0, 0x0, 0x0,

    /* U+4E86 "了" */
    0xef, 0xff, 0xff, 0xff, 0xff, 0xff, 0xff, 0xfb,
    0x77, 0x77, 0x77, 0x77, 0x77, 0x77, 0x8e, 0xfa,
    0x0, 0x0, 0x0, 0x0, 0x0, 0x3, 0xdf, 0x90,
    0x0, 0x0, 0x0, 0x0, 0x0, 0x7f, 0xf6, 0x0,
    0x0, 0x0, 0x0, 0x0, 0x2c, 0xfc, 0x20, 0x0,
    0x0, 0x0, 0x0, 0x4, 0xff, 0x70, 0x0, 0x0,
    0x0, 0x0, 0x0, 0x8, 0xf3, 0x0, 0x0, 0x0,
    0x0, 0x0, 0x0, 0x8, 0xf1, 0x0, 0x0, 0x0,
    0x0, 0x0, 0x0, 0x8, 0xf1, 0x0, 0x0, 0x0,
    0x0, 0x0, 0x0, 0x8, 0xf1, 0x0, 0x0, 0x0,
    0x0, 0x0, 0x0, 0x8, 0xf1, 0x0, 0x0, 0x0,
    0x0, 0x0, 0x0, 0x8, 0xf1, 0x0, 0x0, 0x0,
    0x0, 0x0, 0x0, 0x8, 0xf1, 0x0, 0x0, 0x0,
    0x0, 0x0, 0x0, 0x8, 0xf1, 0x0, 0x0, 0x0,
    0x0, 0x0, 0x0, 0x8, 0xf1, 0x0, 0x0, 0x0,
    0x0, 0x0, 0x0, 0x8, 0xf1, 0x0, 0x0, 0x0,
    0x0, 0x0, 0xca, 0x9d, 0xf0, 0x0, 0x0, 0x0,
    0x0, 0x0, 0xad, 0xff, 0x80, 0x0, 0x0, 0x0,

    /* U+4E8B "事" */
    0xcf, 0xff, 0xff, 0xff, 0xff, 0xff, 0xff, 0xff,
    0xf8, 0x57, 0x77, 0x77, 0x77, 0xfc, 0x77, 0x77,
    0x77, 0x73, 0x0, 0x0, 0x0, 0x0, 0xf8, 0x0,
    0x0, 0x0, 0x0, 0x5, 0xff, 0xff, 0xff, 0xff,
    0xff, 0xff, 0xfe, 0x0, 0x5, 0xfa, 0x88, 0x88,
    0xfc, 0x88, 0x88, 0xdf, 0x0, 0x5, 0xf8, 0x77,
    0x77, 0xfb, 0x77, 0x77, 0xcf, 0x0, 0x5, 0xff,
    0xff, 0xff, 0xff, 0xff, 0xff, 0xff, 0x0, 0x0,
    0x11, 0x11, 0x11, 0xf9, 0x11, 0x11, 0x11, 0x0,
    0x1f, 0xff, 0xff, 0xff, 0xff, 0xff, 0xff, 0xff,
    0x20, 0x18, 0x88, 0x88, 0x88, 0xfc, 0x88, 0x88,
    0xbf, 0x30, 0x66, 0x66, 0x66, 0x66, 0xfb, 0x66,
    0x66, 0x9f, 0x86, 0xff, 0xff, 0xff, 0xff, 0xff,
    0xff, 0xff, 0xff, 0xff, 0x11, 0x11, 0x11, 0x11,
    0xf9, 0x11, 0x11, 0x6f, 0x41, 0x18, 0x88, 0x88,
    0x88, 0xfc, 0x88, 0x88, 0xbf, 0x30, 0x1f, 0xff,
    0xff, 0xff, 0xff, 0xff, 0xff, 0xff, 0x30, 0x0,
    0x0, 0x0, 0x0, 0xf8, 0x0, 0x0, 0x26, 0x10,
    0x0, 0x0, 0x67, 0x78, 0xf7, 0x0, 0x0, 0x0,
    0x0, 0x0, 0x0, 0x8f, 0xff, 0xd1, 0x0, 0x0,
    0x0, 0x0, 0x0, 0x0, 0x0, 0x0, 0x0, 0x0,
    0x0, 0x0, 0x0,

    /* U+4E8C "二" */
    0x3, 0xff, 0xff, 0xff, 0xff, 0xff, 0xff, 0xff,
    0x10, 0x1, 0x88, 0x88, 0x88, 0x88, 0x88, 0x88,
    0x88, 0x0, 0x0, 0x0, 0x0, 0x0, 0x0, 0x0,
    0x0, 0x0, 0x0, 0x0, 0x0, 0x0, 0x0, 0x0,
    0x0, 0x0, 0x0, 0x0, 0x0, 0x0, 0x0, 0x0,
    0x0, 0x0, 0x0, 0x0, 0x0, 0x0, 0x0, 0x0,
    0x0, 0x0, 0x0, 0x0, 0x0, 0x0, 0x0, 0x0,
    0x0, 0x0, 0x0, 0x0, 0x0, 0x0, 0x0, 0x0,
    0x0, 0x0, 0x0, 0x0, 0x0, 0x0, 0x0, 0x0,
    0x0, 0x0, 0x0, 0x0, 0x0, 0x0, 0x0, 0x0,
    0x0, 0x0, 0x0, 0x0, 0x0, 0x0, 0x0, 0x0,
    0x0, 0x0, 0x0, 0x0, 0x0, 0x0, 0x0, 0x0,
    0x0, 0x0, 0x0, 0x0, 0x0, 0x0, 0x0, 0x0,
    0x0, 0x0, 0x0, 0x0, 0x77, 0x77, 0x77, 0x77,
    0x77, 0x77, 0x77, 0x77, 0x76, 0xef, 0xff, 0xff,
    0xff, 0xff, 0xff, 0xff, 0xff, 0xfd,

    /* U+4E8E "于" */
    0x9, 0xff, 0xff, 0xff, 0xff, 0xff, 0xff, 0xff,
    0x20, 0x4, 0x77, 0x77, 0x77, 0xde, 0x77, 0x77,
    0x77, 0x10, 0x0, 0x0, 0x0, 0x0, 0xbd, 0x0,
    0x0, 0x0, 0x0, 0x0, 0x0, 0x0, 0x0, 0xbd,
    0x0, 0x0, 0x0, 0x0, 0x0, 0x0, 0x0, 0x0,
    0xbd, 0x0, 0x0, 0x0, 0x0, 0x0, 0x0, 0x0,
    0x0, 0xbd, 0x0, 0x0, 0x0, 0x0, 0x67, 0x77,
    0x77, 0x77, 0xde, 0x77, 0x77, 0x77, 0x74, 0xef,
    0xff, 0xff, 0xff, 0xff, 0xff, 0xff, 0xff, 0xf9,
    0x0, 0x0, 0x0, 0x0, 0xbd, 0x0, 0x0, 0x0,
    0x0, 0x0, 0x0, 0x0, 0x0, 0xbd, 0x0, 0x0,
    0x0, 0x0, 0x0, 0x0, 0x0, 0x0, 0xbd, 0x0,
    0x0, 0x0, 0x0, 0x0, 0x0, 0x0, 0x0, 0xbd,
    0x0, 0x0, 0x0, 0x0, 0x0, 0x0, 0x0, 0x0,
    0xbd, 0x0, 0x0, 0x0, 0x0, 0x0, 0x0, 0x0,
    0x0, 0xbd, 0x0, 0x0, 0x0, 0x0, 0x0, 0x0,
    0x0, 0x0, 0xbd, 0x0, 0x0, 0x0, 0x0, 0x0,
    0x0, 0x2a, 0x88, 0xfc, 0x0, 0x0, 0x0, 0x0,
    0x0, 0x0, 0x1d, 0xef, 0xd4, 0x0, 0x0, 0x0,
    0x0,

    /* U+4E9B "些" */
    0x0, 0x0, 0x7f, 0x10, 0x0, 0xea, 0x0, 0x0,
    0x0, 0x0, 0x21, 0x7, 0xf1, 0x0, 0xe, 0xa0,
    0x0, 0x23, 0x0, 0xe, 0xa0, 0x7f, 0x54, 0x40,
    0xea, 0x2, 0x9f, 0xe1, 0x0, 0xea, 0x7, 0xff,
    0xff, 0x2e, 0xdb, 0xff, 0x91, 0x0, 0xe, 0xa0,
    0x7f, 0x43, 0x30, 0xef, 0xd7, 0x10, 0x0, 0x0,
    0xea, 0x7, 0xf1, 0x0, 0xe, 0xa0, 0x0, 0x0,
    0x0, 0xe, 0xa0, 0x7f, 0x10, 0x0, 0xea, 0x0,
    0x0, 0x6a, 0x0, 0xea, 0x7, 0xf1, 0x0, 0xe,
    0xa0, 0x0, 0x9, 0xf0, 0xe, 0xb2, 0x9f, 0xac,
    0xf4, 0xec, 0x33, 0x35, 0xec, 0x9, 0xff, 0xff,
    0xfc, 0x96, 0x1a, 0xff, 0xff, 0xff, 0x40, 0x6a,
    0x85, 0x20, 0x0, 0x0, 0x2, 0x44, 0x43, 0x0,
    0x0, 0x1, 0x22, 0x22, 0x22, 0x22, 0x22, 0x22,
    0x10, 0x0, 0x0, 0xef, 0xff, 0xff, 0xff, 0xff,
    0xff, 0xfa, 0x0, 0x0, 0x4, 0x55, 0x55, 0x55,
    0x55, 0x55, 0x55, 0x30, 0x0, 0x0, 0x0, 0x0,
    0x0, 0x0, 0x0, 0x0, 0x0, 0x0, 0x5, 0x55,
    0x55, 0x55, 0x55, 0x55, 0x55, 0x55, 0x55, 0x40,
    0xff, 0xff, 0xff, 0xff, 0xff, 0xff, 0xff, 0xff,
    0xfe, 0x2, 0x22, 0x22, 0x22, 0x22, 0x22, 0x22,
    0x22, 0x22, 0x20,

    /* U+4EAE "亮" */
    0x0, 0x0, 0x0, 0x0, 0x33, 0x0, 0x0, 0x0,
    0x0, 0x0, 0x0, 0x0, 0x1, 0xee, 0x0, 0x0,
    0x0, 0x0, 0xef, 0xff, 0xff, 0xff, 0xff, 0xff,
    0xff, 0xff, 0xfd, 0x56, 0x66, 0x66, 0x66, 0x66,
    0x66, 0x66, 0x66, 0x65, 0x0, 0x5, 0x66, 0x66,
    0x66, 0x66, 0x66, 0x60, 0x0, 0x0, 0xf, 0xff,
    0xff, 0xff, 0xff, 0xff, 0xf0, 0x0, 0x0, 0xf,
    0x71, 0x11, 0x11, 0x11, 0x18, 0xf0, 0x0, 0x0,
    0xf, 0xff, 0xff, 0xff, 0xff, 0xff, 0xf0, 0x0,
    0x0, 0x1, 0x22, 0x22, 0x22, 0x22, 0x22, 0x20,
    0x0, 0xf, 0xff, 0xff, 0xff, 0xff, 0xff, 0xff,
    0xff, 0xe0, 0xf, 0xb7, 0x77, 0x77, 0x77, 0x77,
    0x77, 0x7b, 0xf0, 0xf, 0x80, 0x1, 0x11, 0x11,
    0x11, 0x0, 0x7, 0xf0, 0xf, 0x70, 0xe, 0xff,
    0xff, 0xff, 0xa0, 0x5, 0xc0, 0x0, 0x0, 0xe,
    0xb5, 0x55, 0x5e, 0xa0, 0x0, 0x0, 0x0, 0x0,
    0xf, 0x90, 0x0, 0xd, 0xa0, 0x0, 0x0, 0x0,
    0x0, 0x3f, 0x60, 0x0, 0xd, 0xa0, 0x0, 0x64,
    0x0, 0x1, 0xcf, 0x20, 0x0, 0xd, 0xa0, 0x0,
    0xdd, 0x25, 0xaf, 0xf8, 0x0, 0x0, 0xc, 0xe8,
    0x8a, 0xf9, 0x8f, 0xfb, 0x40, 0x0, 0x0, 0x6,
    0xef, 0xfe, 0xa1, 0x4, 0x0, 0x0, 0x0, 0x0,
    0x0, 0x0, 0x0, 0x0,

    /* U+4EC0 "什" */
    0x0, 0x0, 0x0, 0x0, 0x0, 0x0, 0x0, 0x0,
    0x0, 0x0, 0x0, 0x0, 0xab, 0x0, 0x0, 0xf,
    0x80, 0x0, 0x0, 0x0, 0x0, 0x1f, 0x90, 0x0,
    0x0, 0xf8, 0x0, 0x0, 0x0, 0x0, 0x8, 0xf2,
    0x0, 0x0, 0xf, 0x80, 0x0, 0x0, 0x0, 0x1,
    0xfa, 0x0, 0x0, 0x0, 0xf8, 0x0, 0x0, 0x0,
    0x0, 0x9f, 0x30, 0x0, 0x0, 0xf, 0x80, 0x0,
    0x0, 0x0, 0x4f, 0xf1, 0x1, 0x11, 0x11, 0xf8,
    0x11, 0x11, 0x10, 0x1e, 0xff, 0x19, 0xff, 0xff,
    0xff, 0xff, 0xff, 0xff, 0xb, 0xfc, 0xf1, 0x36,
    0x66, 0x66, 0xfb, 0x66, 0x66, 0x60, 0xf7, 0x7f,
    0x10, 0x0, 0x0, 0xf, 0x80, 0x0, 0x0, 0x3,
    0x7, 0xf1, 0x0, 0x0, 0x0, 0xf8, 0x0, 0x0,
    0x0, 0x0, 0x7f, 0x10, 0x0, 0x0, 0xf, 0x80,
    0x0, 0x0, 0x0, 0x7, 0xf1, 0x0, 0x0, 0x0,
    0xf8, 0x0, 0x0, 0x0, 0x0, 0x7f, 0x10, 0x0,
    0x0, 0xf, 0x80, 0x0, 0x0, 0x0, 0x7, 0xf1,
    0x0, 0x0, 0x0, 0xf8, 0x0, 0x0, 0x0, 0x0,
    0x7f, 0x10, 0x0, 0x0, 0xf, 0x80, 0x0, 0x0,
    0x0, 0x7, 0xf1, 0x0, 0x0, 0x0, 0xf8, 0x0,
    0x0, 0x0, 0x0, 0x7f, 0x10, 0x0, 0x0, 0xf,
    0x80, 0x0, 0x0, 0x0, 0x6, 0xd1, 0x0, 0x0,
    0x0, 0xf8, 0x0, 0x0, 0x0,

    /* U+4ECD "仍" */
    0x0, 0x0, 0x0, 0x0, 0x0, 0x0, 0x0, 0x0,
    0x0, 0x0, 0x0, 0x3, 0xd3, 0x0, 0x0, 0x0,
    0x0, 0x0, 0x0, 0x0, 0x0, 0x8f, 0x1b, 0xff,
    0xff, 0xff, 0xff, 0x30, 0x0, 0x0, 0xe, 0xb0,
    0x57, 0xee, 0x77, 0x7d, 0xf1, 0x0, 0x0, 0x4,
    0xf6, 0x0, 0xe, 0xb0, 0x0, 0xbf, 0x0, 0x0,
    0x0, 0xbf, 0x10, 0x0, 0xfb, 0x0, 0xd, 0xd0,
    0x0, 0x0, 0x3f, 0xf1, 0x0, 0xf, 0xa0, 0x0,
    0xfb, 0x0, 0x0, 0xb, 0xff, 0x10, 0x0, 0xf9,
    0x0, 0xf, 0x90, 0x0, 0x5, 0xff, 0xf1, 0x0,
    0x1f, 0x80, 0x2, 0xfb, 0x66, 0x40, 0xef, 0x9f,
    0x10, 0x3, 0xf7, 0x0, 0x4f, 0xff, 0xfc, 0xe,
    0x57, 0xf1, 0x0, 0x4f, 0x50, 0x0, 0x11, 0x1f,
    0xb0, 0x30, 0x7f, 0x10, 0x6, 0xf3, 0x0, 0x0,
    0x0, 0xfa, 0x0, 0x7, 0xf1, 0x0, 0x8f, 0x10,
    0x0, 0x0, 0x1f, 0x90, 0x0, 0x7f, 0x10, 0xc,
    0xe0, 0x0, 0x0, 0x2, 0xf8, 0x0, 0x7, 0xf1,
    0x0, 0xfb, 0x0, 0x0, 0x0, 0x3f, 0x60, 0x0,
    0x7f, 0x10, 0x6f, 0x60, 0x0, 0x0, 0x5, 0xf4,
    0x0, 0x7, 0xf1, 0xd, 0xf1, 0x0, 0x0, 0x0,
    0x8f, 0x10, 0x0, 0x7f, 0x16, 0xf9, 0x0, 0x0,
    0x0, 0xe, 0xd0, 0x0, 0x7, 0xf3, 0xff, 0x10,
    0x0, 0xc, 0xde, 0xf6, 0x0, 0x0, 0x7f, 0x18,
    0x60, 0x0, 0x0, 0x7c, 0xc6, 0x0,

    /* U+4ECE "从" */
    0x0, 0x0, 0x1, 0x0, 0x0, 0x0, 0x0, 0x0,
    0x0, 0x0, 0x0, 0x0, 0x1f, 0x70, 0x0, 0x0,
    0xeb, 0x0, 0x0, 0x0, 0x0, 0x0, 0x1f, 0x70,
    0x0, 0x0, 0xeb, 0x0, 0x0, 0x0, 0x0, 0x0,
    0x1f, 0x70, 0x0, 0x0, 0xeb, 0x0, 0x0, 0x0,
    0x0, 0x0, 0x1f, 0x70, 0x0, 0x0, 0xfb, 0x0,
    0x0, 0x0, 0x0, 0x0, 0x1f, 0x70, 0x0, 0x0,
    0xfa, 0x0, 0x0, 0x0, 0x0, 0x0, 0x2f, 0x60,
    0x0, 0x1, 0xf9, 0x0, 0x0, 0x0, 0x0, 0x0,
    0x3f, 0x50, 0x0, 0x2, 0xf8, 0x0, 0x0, 0x0,
    0x0, 0x0, 0x4f, 0x40, 0x0, 0x4, 0xfa, 0x0,
    0x0, 0x0, 0x0, 0x0, 0x6f, 0x30, 0x0, 0x6,
    0xff, 0x0, 0x0, 0x0, 0x0, 0x0, 0xaf, 0xe2,
    0x0, 0x9, 0xff, 0x50, 0x0, 0x0, 0x0, 0x0,
    0xee, 0xef, 0x30, 0xd, 0xeb, 0xb0, 0x0, 0x0,
    0x0, 0x2, 0xf8, 0x2e, 0xe2, 0x2f, 0x96, 0xf2,
    0x0, 0x0, 0x0, 0x9, 0xf3, 0x2, 0xe1, 0xaf,
    0x30, 0xea, 0x0, 0x0, 0x0, 0x1f, 0xd0, 0x0,
    0x3, 0xfb, 0x0, 0x7f, 0x40, 0x0, 0x0, 0x8f,
    0x60, 0x0, 0x1d, 0xf2, 0x0, 0xd, 0xe2, 0x0,
    0x3, 0xfd, 0x0, 0x0, 0xcf, 0x50, 0x0, 0x3,
    0xfd, 0x10, 0xd, 0xf4, 0x0, 0x1c, 0xf8, 0x0,
    0x0, 0x0, 0x6f, 0xd0, 0x4, 0x80, 0x0, 0xc,
    0x60, 0x0, 0x0, 0x0, 0x7, 0x50, 0x0, 0x0,
    0x0, 0x0, 0x0, 0x0, 0x0, 0x0, 0x0, 0x0,

    /* U+4EE3 "代" */
    0x0, 0x0, 0x9, 0xb0, 0x9, 0xf0, 0x4, 0x40,
    0x0, 0x0, 0x0, 0x0, 0x1f, 0xa0, 0x7, 0xf1,
    0xc, 0xf3, 0x0, 0x0, 0x0, 0x0, 0x7f, 0x20,
    0x5, 0xf3, 0x1, 0xde, 0x0, 0x0, 0x0, 0x0,
    0xeb, 0x0, 0x3, 0xf5, 0x0, 0x3d, 0x20, 0x0,
    0x0, 0x8, 0xf4, 0x0, 0x2, 0xf7, 0x0, 0x0,
    0x2, 0x20, 0x0, 0x3f, 0xf1, 0x0, 0x13, 0xfb,
    0x8a, 0xce, 0xff, 0x90, 0x0, 0xdf, 0xf1, 0x6f,
    0xff, 0xff, 0xfd, 0xb9, 0x75, 0x20, 0xa, 0xfd,
    0xf1, 0x39, 0x75, 0xce, 0x0, 0x0, 0x0, 0x0,
    0x1f, 0xa7, 0xf1, 0x0, 0x0, 0x8f, 0x10, 0x0,
    0x0, 0x0, 0x6, 0x7, 0xf1, 0x0, 0x0, 0x5f,
    0x40, 0x0, 0x0, 0x0, 0x0, 0x7, 0xf1, 0x0,
    0x0, 0x1f, 0x80, 0x0, 0x0, 0x0, 0x0, 0x7,
    0xf1, 0x0, 0x0, 0xc, 0xe0, 0x0, 0x0, 0x0,
    0x0, 0x7, 0xf1, 0x0, 0x0, 0x7, 0xf4, 0x0,
    0x0, 0x0, 0x0, 0x7, 0xf1, 0x0, 0x0, 0x1,
    0xfd, 0x0, 0x4, 0x60, 0x0, 0x7, 0xf1, 0x0,
    0x0, 0x0, 0x8f, 0x80, 0x8, 0xf0, 0x0, 0x7,
    0xf1, 0x0, 0x0, 0x0, 0xd, 0xf6, 0x1e, 0xc0,
    0x0, 0x7, 0xf1, 0x0, 0x0, 0x0, 0x1, 0xdf,
    0xff, 0x80, 0x0, 0x7, 0xf1, 0x0, 0x0, 0x0,
    0x0, 0x19, 0xc9, 0x0,

    /* U+4EE5 "以" */
    0x7f, 0x10, 0x0, 0x0, 0x0, 0x0, 0xf8, 0x0,
    0x7, 0xf1, 0x5, 0x90, 0x0, 0x0, 0xf, 0x80,
    0x0, 0x7f, 0x10, 0x9f, 0x50, 0x0, 0x0, 0xf8,
    0x0, 0x7, 0xf1, 0x0, 0xee, 0x10, 0x0, 0xf,
    0x80, 0x0, 0x7f, 0x10, 0x4, 0xf9, 0x0, 0x0,
    0xf7, 0x0, 0x7, 0xf1, 0x0, 0xc, 0xf2, 0x0,
    0x2f, 0x60, 0x0, 0x7f, 0x10, 0x0, 0x4f, 0x50,
    0x5, 0xf5, 0x0, 0x7, 0xf1, 0x0, 0x0, 0x20,
    0x0, 0x8f, 0x40, 0x0, 0x7f, 0x10, 0x0, 0x0,
    0x0, 0xd, 0xf2, 0x0, 0x7, 0xf1, 0x0, 0x1,
    0x0, 0x1, 0xff, 0x0, 0x0, 0x7f, 0x10, 0x8,
    0xf6, 0x0, 0x7f, 0xe0, 0x0, 0x7, 0xf1, 0x6e,
    0xfa, 0x20, 0xd, 0xff, 0xb0, 0x0, 0x7f, 0xef,
    0xc3, 0x0, 0x7, 0xf9, 0x6f, 0x80, 0x4, 0xfd,
    0x40, 0x0, 0x5, 0xfd, 0x0, 0xaf, 0x50, 0x2,
    0x0, 0x0, 0x9, 0xfd, 0x10, 0x0, 0xee, 0x10,
    0x0, 0x0, 0x7e, 0xfb, 0x10, 0x0, 0x5, 0xfb,
    0x0, 0x0, 0x9, 0xd5, 0x0, 0x0, 0x0, 0xa,
    0x30, 0x0, 0x0, 0x0, 0x0, 0x0, 0x0, 0x0,
    0x0,

    /* U+4EEA "仪" */
    0x0, 0x0, 0x3c, 0x30, 0x0, 0x9c, 0x0, 0x0,
    0x0, 0x0, 0x0, 0x0, 0x9f, 0x10, 0x0, 0x6f,
    0x70, 0x0, 0x0, 0x0, 0x0, 0x0, 0xeb, 0x0,
    0x0, 0xd, 0xe0, 0x0, 0x32, 0x0, 0x0, 0x6,
    0xf4, 0xc, 0xa0, 0x8, 0xf5, 0x0, 0xcc, 0x0,
    0x0, 0xd, 0xf1, 0x9, 0xf0, 0x2, 0x82, 0x0,
    0xf9, 0x0, 0x0, 0x7f, 0xf1, 0x5, 0xf3, 0x0,
    0x0, 0x2, 0xf6, 0x0, 0x1, 0xff, 0xf1, 0x0,
    0xf9, 0x0, 0x0, 0x7, 0xf2, 0x0, 0xb, 0xfb,
    0xf1, 0x0, 0x9f, 0x0, 0x0, 0xc, 0xc0, 0x0,
    0x1f, 0x77, 0xf1, 0x0, 0x2f, 0x80, 0x0, 0x3f,
    0x70, 0x0, 0x6, 0x7, 0xf1, 0x0, 0x9, 0xf1,
    0x0, 0xbe, 0x0, 0x0, 0x0, 0x7, 0xf1, 0x0,
    0x1, 0xec, 0x6, 0xf7, 0x0, 0x0, 0x0, 0x7,
    0xf1, 0x0, 0x0, 0x4f, 0xaf, 0xc0, 0x0, 0x0,
    0x0, 0x7, 0xf1, 0x0, 0x0, 0x9, 0xfe, 0x10,
    0x0, 0x0, 0x0, 0x7, 0xf1, 0x0, 0x0, 0x5f,
    0xff, 0x80, 0x0, 0x0, 0x0, 0x7, 0xf1, 0x0,
    0x9, 0xfe, 0x39, 0xfa, 0x0, 0x0, 0x0, 0x7,
    0xf1, 0x6, 0xef, 0xb1, 0x0, 0x8f, 0xd4, 0x0,
    0x0, 0x7, 0xf4, 0xdf, 0xe5, 0x0, 0x0, 0x5,
    0xef, 0xa0, 0x0, 0x7, 0xf2, 0xc6, 0x0, 0x0,
    0x0, 0x0, 0x1a, 0x90, 0x0, 0x0, 0x0, 0x0,
    0x0, 0x0, 0x0, 0x0, 0x0, 0x0,

    /* U+4EF6 "件" */
    0x0, 0x0, 0x0, 0x0, 0x0, 0x0, 0x0, 0x0,
    0x0, 0x0, 0x0, 0x0, 0x7c, 0x10, 0x12, 0x0,
    0xea, 0x0, 0x0, 0x0, 0x0, 0x0, 0xdd, 0x0,
    0x7f, 0x20, 0xea, 0x0, 0x0, 0x0, 0x0, 0x3,
    0xf7, 0x0, 0xcc, 0x0, 0xea, 0x0, 0x0, 0x0,
    0x0, 0xa, 0xf1, 0x3, 0xfb, 0x66, 0xec, 0x66,
    0x66, 0x20, 0x0, 0x2f, 0xa0, 0xb, 0xff, 0xff,
    0xff, 0xff, 0xff, 0x50, 0x0, 0xaf, 0x90, 0x4f,
    0x81, 0x11, 0xeb, 0x11, 0x11, 0x0, 0x3, 0xff,
    0x91, 0xee, 0x10, 0x0, 0xea, 0x0, 0x0, 0x0,
    0xd, 0xff, 0x93, 0xf5, 0x0, 0x0, 0xea, 0x0,
    0x0, 0x0, 0xe, 0x5f, 0x90, 0x10, 0x0, 0x0,
    0xea, 0x0, 0x0, 0x0, 0x3, 0xf, 0x90, 0x55,
    0x55, 0x55, 0xec, 0x55, 0x55, 0x50, 0x0, 0xf,
    0x91, 0xff, 0xff, 0xff, 0xff, 0xff, 0xff, 0xf1,
    0x0, 0xf, 0x90, 0x22, 0x22, 0x22, 0xeb, 0x22,
    0x22, 0x20, 0x0, 0xf, 0x90, 0x0, 0x0, 0x0,
    0xea, 0x0, 0x0, 0x0, 0x0, 0xf, 0x90, 0x0,
    0x0, 0x0, 0xea, 0x0, 0x0, 0x0, 0x0, 0xf,
    0x90, 0x0, 0x0, 0x0, 0xea, 0x0, 0x0, 0x0,
    0x0, 0xf, 0x90, 0x0, 0x0, 0x0, 0xea, 0x0,
    0x0, 0x0, 0x0, 0xf, 0x90, 0x0, 0x0, 0x0,
    0xea, 0x0, 0x0, 0x0, 0x0, 0xf, 0x90, 0x0,
    0x0, 0x0, 0xea, 0x0, 0x0, 0x0,

    /* U+4F1A "会" */
    0x0, 0x0, 0x0, 0x0, 0x3, 0x0, 0x0, 0x0,
    0x0, 0x0, 0x0, 0x0, 0x0, 0xb, 0xf5, 0x0,
    0x0, 0x0, 0x0, 0x0, 0x0, 0x0, 0xa, 0xff,
    0x70, 0x0, 0x0, 0x0, 0x0, 0x0, 0x0, 0xb,
    0xf8, 0x8f, 0xa0, 0x0, 0x0, 0x0, 0x0, 0x0,
    0x3d, 0xf7, 0x0, 0x7f, 0xd2, 0x0, 0x0, 0x0,
    0x0, 0x7f, 0xf5, 0x0, 0x0, 0x5f, 0xf7, 0x0,
    0x0, 0x4, 0xdf, 0xc2, 0x0, 0x0, 0x0, 0x2d,
    0xfd, 0x50, 0xa, 0xff, 0x71, 0xff, 0xff, 0xff,
    0xff, 0x28, 0xff, 0xc0, 0x79, 0x10, 0x8, 0x88,
    0x88, 0x88, 0x81, 0x2, 0xa6, 0x0, 0x0, 0x0,
    0x0, 0x0, 0x0, 0x0, 0x0, 0x0, 0x0, 0x4,
    0x44, 0x44, 0x44, 0x44, 0x44, 0x44, 0x44, 0x40,
    0x3, 0xff, 0xff, 0xff, 0xff, 0xff, 0xff, 0xff,
    0xff, 0x30, 0x3, 0x33, 0x34, 0xef, 0x43, 0x33,
    0x43, 0x33, 0x30, 0x0, 0x0, 0x0, 0x8f, 0x80,
    0x0, 0x6e, 0x30, 0x0, 0x0, 0x0, 0x0, 0x4f,
    0xc0, 0x0, 0x3, 0xff, 0x30, 0x0, 0x0, 0x0,
    0x4f, 0xe1, 0x0, 0x0, 0x29, 0xff, 0x20, 0x0,
    0x0, 0x6f, 0xf9, 0x8a, 0xbd, 0xff, 0xfe, 0xfd,
    0x10, 0x0, 0xa, 0xff, 0xfe, 0xdb, 0x96, 0x41,
    0x7, 0xf9, 0x0, 0x0, 0x12, 0x10, 0x0, 0x0,
    0x0, 0x0, 0x8, 0x10, 0x0,

    /* U+4F20 "传" */
    0x0, 0x0, 0x1, 0x0, 0x0, 0x1, 0x20, 0x0,
    0x0, 0x0, 0x0, 0x0, 0xbd, 0x0, 0x0, 0x8f,
    0x20, 0x0, 0x0, 0x0, 0x0, 0x1f, 0x80, 0x0,
    0xb, 0xe0, 0x0, 0x0, 0x0, 0x0, 0x9, 0xf1,
    0xcf, 0xff, 0xff, 0xff, 0xff, 0xf4, 0x0, 0x1,
    0xfa, 0x6, 0x88, 0xaf, 0xb8, 0x88, 0x88, 0x20,
    0x0, 0xaf, 0x30, 0x0, 0x8, 0xf2, 0x0, 0x0,
    0x0, 0x0, 0x4f, 0xf1, 0x33, 0x33, 0xde, 0x33,
    0x33, 0x33, 0x30, 0x1e, 0xff, 0x1d, 0xff, 0xff,
    0xff, 0xff, 0xff, 0xfe, 0xc, 0xfc, 0xf1, 0x34,
    0x4a, 0xf6, 0x44, 0x44, 0x44, 0x30, 0xe7, 0x7f,
    0x10, 0x0, 0xed, 0x0, 0x0, 0x0, 0x0, 0x4,
    0x7, 0xf1, 0x0, 0x5f, 0xc8, 0x88, 0x88, 0x86,
    0x0, 0x0, 0x7f, 0x10, 0x1, 0xef, 0xff, 0xff,
    0xff, 0xc0, 0x0, 0x7, 0xf1, 0x0, 0x0, 0x0,
    0x0, 0x8, 0xf6, 0x0, 0x0, 0x7f, 0x10, 0x4,
    0x50, 0x0, 0x4, 0xfb, 0x0, 0x0, 0x7, 0xf1,
    0x0, 0xbf, 0xe7, 0x4, 0xfd, 0x10, 0x0, 0x0,
    0x7f, 0x10, 0x0, 0x5d, 0xff, 0xfd, 0x10, 0x0,
    0x0, 0x7, 0xf1, 0x0, 0x0, 0x5, 0xdf, 0xf5,
    0x0, 0x0, 0x0, 0x7f, 0x10, 0x0, 0x0, 0x0,
    0x6e, 0xf7, 0x0, 0x0, 0x7, 0xf1, 0x0, 0x0,
    0x0, 0x0, 0x1a, 0x10, 0x0,

    /* U+4F3C "似" */
    0x0, 0x0, 0x34, 0x0, 0x0, 0x0, 0x0, 0x0,
    0x0, 0x0, 0x0, 0xa, 0xf1, 0x0, 0x3d, 0x10,
    0x0, 0xdb, 0x0, 0x0, 0x0, 0xfa, 0x7, 0x31,
    0xf8, 0x0, 0xd, 0xb0, 0x0, 0x0, 0x5f, 0x41,
    0xf7, 0xa, 0xf1, 0x0, 0xea, 0x0, 0x0, 0xc,
    0xe0, 0x1f, 0x70, 0x3f, 0x60, 0xe, 0xa0, 0x0,
    0x4, 0xfa, 0x1, 0xf7, 0x0, 0xdc, 0x0, 0xf9,
    0x0, 0x0, 0xcf, 0x90, 0x1f, 0x70, 0x8, 0xf2,
    0xf, 0x90, 0x0, 0x5f, 0xf9, 0x1, 0xf7, 0x0,
    0x25, 0x2, 0xf7, 0x0, 0xe, 0xef, 0x90, 0x1f,
    0x70, 0x0, 0x0, 0x3f, 0x60, 0x0, 0xe4, 0xf9,
    0x1, 0xf7, 0x0, 0x0, 0x6, 0xf4, 0x0, 0x2,
    0xf, 0x90, 0x1f, 0x70, 0x0, 0x0, 0x9f, 0x10,
    0x0, 0x0, 0xf9, 0x1, 0xf7, 0x0, 0x0, 0xd,
    0xe0, 0x0, 0x0, 0xf, 0x90, 0x1f, 0x70, 0x0,
    0x2, 0xfc, 0x0, 0x0, 0x0, 0xf9, 0x1, 0xf7,
    0x2b, 0x70, 0xaf, 0xf5, 0x0, 0x0, 0xf, 0x90,
    0x1f, 0xcf, 0xd3, 0x4f, 0xcc, 0xf2, 0x0, 0x0,
    0xf9, 0x0, 0xef, 0x80, 0x1e, 0xf3, 0x2f, 0xb0,
    0x0, 0xf, 0x90, 0x2, 0x20, 0x2d, 0xf6, 0x0,
    0x7f, 0x40, 0x0, 0xf9, 0x0, 0x0, 0x1f, 0xf6,
    0x0, 0x0, 0xeb, 0x0, 0xf, 0x90, 0x0, 0x0,
    0x93, 0x0, 0x0, 0x5, 0x20,

    /* U+4F4D "位" */
    0x0, 0x0, 0x2, 0x0, 0x0, 0x2, 0x10, 0x0,
    0x0, 0x0, 0x0, 0x0, 0xce, 0x0, 0x3, 0xfa,
    0x0, 0x0, 0x0, 0x0, 0x0, 0x2f, 0x70, 0x0,
    0xd, 0xf1, 0x0, 0x0, 0x0, 0x0, 0xa, 0xf1,
    0x0, 0x0, 0x6f, 0x50, 0x0, 0x0, 0x0, 0x2,
    0xf9, 0x3f, 0xff, 0xff, 0xff, 0xff, 0xff, 0x60,
    0x0, 0xbf, 0x21, 0x88, 0x88, 0x88, 0x88, 0x88,
    0x83, 0x0, 0x5f, 0xf1, 0x0, 0x12, 0x0, 0x0,
    0x4, 0x82, 0x0, 0x2f, 0xff, 0x10, 0x2f, 0xa0,
    0x0, 0x0, 0x9f, 0x50, 0xd, 0xfb, 0xf1, 0x0,
    0xee, 0x0, 0x0, 0xd, 0xf1, 0x0, 0xe6, 0x7f,
    0x10, 0xa, 0xf2, 0x0, 0x1, 0xfc, 0x0, 0x2,
    0x7, 0xf1, 0x0, 0x6f, 0x60, 0x0, 0x5f, 0x80,
    0x0, 0x0, 0x7f, 0x10, 0x3, 0xf9, 0x0, 0x9,
    0xf3, 0x0, 0x0, 0x7, 0xf1, 0x0, 0xf, 0xb0,
    0x0, 0xee, 0x0, 0x0, 0x0, 0x7f, 0x10, 0x0,
    0xed, 0x0, 0x3f, 0x90, 0x0, 0x0, 0x7, 0xf1,
    0x0, 0xc, 0xf0, 0x8, 0xf4, 0x0, 0x0, 0x0,
    0x7f, 0x10, 0x0, 0x54, 0x0, 0xce, 0x0, 0x0,
    0x0, 0x7, 0xf1, 0x67, 0x77, 0x77, 0x8f, 0xd7,
    0x77, 0x70, 0x0, 0x7f, 0x1d, 0xff, 0xff, 0xff,
    0xff, 0xff, 0xff, 0x0, 0x7, 0xf1, 0x0, 0x0,
    0x0, 0x0, 0x0, 0x0, 0x0,

    /* U+4F4E "低" */
    0x0, 0x0, 0x0, 0x0, 0x0, 0x0, 0x0, 0x0,
    0x10, 0x0, 0x0, 0x0, 0x4f, 0x40, 0x1, 0x24,
    0x68, 0xbe, 0xe2, 0x0, 0x0, 0x0, 0xaf, 0x1a,
    0xff, 0xff, 0xff, 0xda, 0x62, 0x0, 0x0, 0x1,
    0xfa, 0xa, 0xf5, 0x43, 0xaf, 0x0, 0x0, 0x0,
    0x0, 0x7, 0xf4, 0xa, 0xe0, 0x0, 0x7f, 0x10,
    0x0, 0x0, 0x0, 0xe, 0xf1, 0xa, 0xe0, 0x0,
    0x7f, 0x20, 0x0, 0x0, 0x0, 0x8f, 0xf1, 0xa,
    0xe0, 0x0, 0x6f, 0x20, 0x0, 0x0, 0x2, 0xff,
    0xf1, 0xa, 0xf8, 0x88, 0xbf, 0xa8, 0x88, 0x40,
    0xc, 0xfa, 0xf1, 0xa, 0xff, 0xff, 0xff, 0xff,
    0xff, 0x80, 0x1f, 0x77, 0xf1, 0xa, 0xe0, 0x0,
    0x2f, 0x70, 0x0, 0x0, 0x5, 0x7, 0xf1, 0xa,
    0xe0, 0x0, 0xf, 0x90, 0x0, 0x0, 0x0, 0x7,
    0xf1, 0xa, 0xe0, 0x0, 0xe, 0xb0, 0x0, 0x0,
    0x0, 0x7, 0xf1, 0xa, 0xe0, 0x0, 0xb, 0xe0,
    0x0, 0x0, 0x0, 0x7, 0xf1, 0xa, 0xe0, 0x0,
    0x8, 0xf1, 0x1, 0x10, 0x0, 0x7, 0xf1, 0xa,
    0xe0, 0x0, 0x4, 0xf6, 0x5, 0xf0, 0x0, 0x7,
    0xf1, 0xa, 0xe0, 0x4, 0xa0, 0xeb, 0x6, 0xf0,
    0x0, 0x7, 0xf1, 0xa, 0xe1, 0x44, 0xf4, 0x8f,
    0x38, 0xc0, 0x0, 0x7, 0xf1, 0xa, 0xff, 0xe0,
    0xea, 0x1e, 0xef, 0x90, 0x0, 0x7, 0xf1, 0x2,
    0xa5, 0x10, 0x66, 0x3, 0xee, 0x20, 0x0, 0x0,
    0x0, 0x0, 0x0, 0x0, 0x0, 0x0, 0x0, 0x0,

    /* U+4F4F "住" */
    0x0, 0x0, 0x0, 0x0, 0x0, 0x0, 0x0, 0x0,
    0x0, 0x0, 0x0, 0x0, 0x2f, 0x70, 0x0, 0x1d,
    0x90, 0x0, 0x0, 0x0, 0x0, 0x0, 0x8f, 0x20,
    0x0, 0x8, 0xf6, 0x0, 0x0, 0x0, 0x0, 0x0,
    0xeb, 0x0, 0x0, 0x0, 0xb6, 0x0, 0x0, 0x0,
    0x0, 0x6, 0xf4, 0x26, 0x66, 0x66, 0x66, 0x66,
    0x66, 0x60, 0x0, 0xe, 0xf1, 0x6f, 0xff, 0xff,
    0xff, 0xff, 0xff, 0xe0, 0x0, 0x8f, 0xf1, 0x1,
    0x11, 0x11, 0xf8, 0x11, 0x11, 0x0, 0x2, 0xff,
    0xf1, 0x0, 0x0, 0x1, 0xf8, 0x0, 0x0, 0x0,
    0xd, 0xe9, 0xf1, 0x0, 0x0, 0x1, 0xf8, 0x0,
    0x0, 0x0, 0xe, 0x57, 0xf1, 0x0, 0x0, 0x1,
    0xf8, 0x0, 0x0, 0x0, 0x3, 0x7, 0xf1, 0x4,
    0x66, 0x67, 0xfb, 0x66, 0x66, 0x10, 0x0, 0x7,
    0xf1, 0xc, 0xff, 0xff, 0xff, 0xff, 0xff, 0x30,
    0x0, 0x7, 0xf1, 0x0, 0x0, 0x1, 0xf8, 0x0,
    0x0, 0x0, 0x0, 0x7, 0xf1, 0x0, 0x0, 0x1,
    0xf8, 0x0, 0x0, 0x0, 0x0, 0x7, 0xf1, 0x0,
    0x0, 0x1, 0xf8, 0x0, 0x0, 0x0, 0x0, 0x7,
    0xf1, 0x0, 0x0, 0x1, 0xf8, 0x0, 0x0, 0x0,
    0x0, 0x7, 0xf1, 0x77, 0x77, 0x78, 0xfb, 0x77,
    0x77, 0x71, 0x0, 0x7, 0xf1, 0xff, 0xff, 0xff,
    0xff, 0xff, 0xff, 0xf3, 0x0, 0x7, 0xf1, 0x0,
    0x0, 0x0, 0x0, 0x0, 0x0, 0x0,

    /* U+4F55 "何" */
    0x0, 0x0, 0x0, 0x0, 0x0, 0x0, 0x0, 0x0,
    0x0, 0x0, 0x0, 0x4, 0xf5, 0x11, 0x11, 0x11,
    0x11, 0x11, 0x11, 0x0, 0x0, 0xaf, 0x6f, 0xff,
    0xff, 0xff, 0xff, 0xff, 0xe0, 0x0, 0x1f, 0xa2,
    0x66, 0x66, 0x66, 0x66, 0x8f, 0x95, 0x0, 0x7,
    0xf4, 0x0, 0x0, 0x0, 0x0, 0x3, 0xf5, 0x0,
    0x0, 0xef, 0x10, 0x0, 0x0, 0x0, 0x0, 0x3f,
    0x50, 0x0, 0x8f, 0xf1, 0x2, 0x66, 0x66, 0x63,
    0x3, 0xf5, 0x0, 0x2f, 0xff, 0x10, 0x6f, 0xff,
    0xff, 0x80, 0x3f, 0x50, 0xc, 0xfa, 0xf1, 0x6,
    0xf1, 0x0, 0xf8, 0x3, 0xf5, 0x1, 0xf6, 0x7f,
    0x10, 0x6f, 0x10, 0xf, 0x80, 0x3f, 0x50, 0x4,
    0x7, 0xf1, 0x6, 0xf1, 0x0, 0xf8, 0x3, 0xf5,
    0x0, 0x0, 0x7f, 0x10, 0x6f, 0x21, 0x1f, 0x80,
    0x3f, 0x50, 0x0, 0x7, 0xf1, 0x6, 0xff, 0xff,
    0xf8, 0x3, 0xf5, 0x0, 0x0, 0x7f, 0x10, 0x6f,
    0x65, 0x55, 0x20, 0x3f, 0x50, 0x0, 0x7, 0xf1,
    0x3, 0x90, 0x0, 0x0, 0x3, 0xf5, 0x0, 0x0,
    0x7f, 0x10, 0x0, 0x0, 0x0, 0x0, 0x3f, 0x50,
    0x0, 0x7, 0xf1, 0x0, 0x0, 0x0, 0x0, 0x3,
    0xf5, 0x0, 0x0, 0x7f, 0x10, 0x0, 0x0, 0x0,
    0x59, 0xbf, 0x40, 0x0, 0x7, 0xf1, 0x0, 0x0,
    0x0, 0x4, 0xdf, 0xb0, 0x0,

    /* U+4F5C "作" */
    0x0, 0x0, 0x0, 0x0, 0x1, 0x0, 0x0, 0x0,
    0x0, 0x0, 0x0, 0x5, 0xf4, 0x2, 0xf7, 0x0,
    0x0, 0x0, 0x0, 0x0, 0x0, 0xaf, 0x0, 0x8f,
    0x30, 0x0, 0x0, 0x0, 0x0, 0x0, 0x1f, 0x90,
    0xe, 0xf7, 0x77, 0x77, 0x77, 0x76, 0x0, 0x8,
    0xf3, 0x5, 0xff, 0xff, 0xff, 0xff, 0xff, 0xf0,
    0x1, 0xff, 0x10, 0xdf, 0x18, 0xf1, 0x0, 0x0,
    0x0, 0x0, 0x9f, 0xf1, 0x6f, 0x80, 0x7f, 0x10,
    0x0, 0x0, 0x0, 0x3f, 0xff, 0x3f, 0xe0, 0x7,
    0xf1, 0x0, 0x0, 0x0, 0xd, 0xe9, 0xf4, 0xf3,
    0x0, 0x7f, 0xff, 0xff, 0xfa, 0x0, 0xe5, 0x7f,
    0x11, 0x0, 0x7, 0xf7, 0x77, 0x77, 0x50, 0x3,
    0x7, 0xf1, 0x0, 0x0, 0x7f, 0x10, 0x0, 0x0,
    0x0, 0x0, 0x7f, 0x10, 0x0, 0x7, 0xf1, 0x0,
    0x0, 0x0, 0x0, 0x7, 0xf1, 0x0, 0x0, 0x7f,
    0x77, 0x77, 0x76, 0x0, 0x0, 0x7f, 0x10, 0x0,
    0x7, 0xff, 0xff, 0xff, 0xf0, 0x0, 0x7, 0xf1,
    0x0, 0x0, 0x7f, 0x10, 0x0, 0x0, 0x0, 0x0,
    0x7f, 0x10, 0x0, 0x7, 0xf1, 0x0, 0x0, 0x0,
    0x0, 0x7, 0xf1, 0x0, 0x0, 0x7f, 0x10, 0x0,
    0x0, 0x0, 0x0, 0x7f, 0x10, 0x0, 0x7, 0xf1,
    0x0, 0x0, 0x0, 0x0, 0x7, 0xf1, 0x0, 0x0,
    0x7f, 0x10, 0x0, 0x0, 0x0,

    /* U+4F60 "你" */
    0x0, 0x0, 0x0, 0x0, 0x0, 0x0, 0x0, 0x0,
    0x0, 0x0, 0x0, 0x0, 0xbd, 0x0, 0x9d, 0x0,
    0x0, 0x0, 0x0, 0x0, 0x0, 0x1f, 0x90, 0xe,
    0xb0, 0x0, 0x0, 0x0, 0x0, 0x0, 0x8, 0xf2,
    0x3, 0xf8, 0x33, 0x33, 0x33, 0x32, 0x0, 0x1,
    0xfa, 0x0, 0x9f, 0xff, 0xff, 0xff, 0xff, 0xd0,
    0x0, 0x9f, 0x30, 0x1f, 0xb4, 0x44, 0x44, 0x45,
    0xfb, 0x0, 0x3f, 0xf1, 0x8, 0xf3, 0x0, 0x11,
    0x0, 0x7f, 0x30, 0xd, 0xff, 0x12, 0xfc, 0x0,
    0xa, 0xe0, 0xd, 0xb0, 0xa, 0xfe, 0xf1, 0x4f,
    0x30, 0x0, 0xae, 0x0, 0x12, 0x1, 0xfa, 0x7f,
    0x10, 0x10, 0x62, 0xa, 0xe0, 0x26, 0x0, 0x6,
    0x7, 0xf1, 0x0, 0x1f, 0x80, 0xae, 0x6, 0xf4,
    0x0, 0x0, 0x7f, 0x10, 0x5, 0xf4, 0xa, 0xe0,
    0x1f, 0x90, 0x0, 0x7, 0xf1, 0x0, 0xbf, 0x0,
    0xae, 0x0, 0xbf, 0x0, 0x0, 0x7f, 0x10, 0x1f,
    0xb0, 0xa, 0xe0, 0x7, 0xf3, 0x0, 0x7, 0xf1,
    0x9, 0xf4, 0x0, 0xae, 0x0, 0x4f, 0x70, 0x0,
    0x7f, 0x12, 0xfb, 0x0, 0xa, 0xe0, 0x1, 0xfa,
    0x0, 0x7, 0xf1, 0x5, 0x20, 0x0, 0xae, 0x0,
    0x5, 0x10, 0x0, 0x7f, 0x10, 0x0, 0x78, 0x7d,
    0xd0, 0x0, 0x0, 0x0, 0x7, 0xf1, 0x0, 0x8,
    0xff, 0xf6, 0x0, 0x0, 0x0, 0x0, 0x0, 0x0,
    0x0, 0x0, 0x0, 0x0, 0x0, 0x0,

    /* U+4F7F "使" */
    0x0, 0x0, 0x7c, 0x10, 0x0, 0x3, 0xf5, 0x0,
    0x0, 0x0, 0x0, 0xd, 0xd4, 0x77, 0x77, 0x9f,
    0xa7, 0x77, 0x77, 0x0, 0x3, 0xf7, 0xaf, 0xff,
    0xff, 0xff, 0xff, 0xff, 0xf0, 0x0, 0xaf, 0x10,
    0x0, 0x0, 0x3f, 0x60, 0x0, 0x0, 0x0, 0x2f,
    0xa0, 0x2, 0x22, 0x25, 0xf7, 0x22, 0x22, 0x0,
    0xa, 0xf9, 0x3, 0xff, 0xff, 0xff, 0xff, 0xff,
    0xf4, 0x4, 0xff, 0x90, 0x3f, 0x85, 0x57, 0xf8,
    0x55, 0x8f, 0x40, 0xdf, 0xf9, 0x3, 0xf5, 0x0,
    0x3f, 0x50, 0x4, 0xf4, 0xe, 0x5f, 0x90, 0x3f,
    0x50, 0x4, 0xf5, 0x0, 0x4f, 0x40, 0x20, 0xf9,
    0x3, 0xff, 0xff, 0xff, 0xff, 0xff, 0xf4, 0x0,
    0xf, 0x90, 0x18, 0x88, 0x8c, 0xf9, 0x88, 0x88,
    0x20, 0x0, 0xf9, 0x0, 0x88, 0x0, 0xbf, 0x0,
    0x0, 0x0, 0x0, 0xf, 0x90, 0x7, 0xfa, 0x2f,
    0xb0, 0x0, 0x0, 0x0, 0x0, 0xf9, 0x0, 0x7,
    0xff, 0xf4, 0x0, 0x0, 0x0, 0x0, 0xf, 0x90,
    0x0, 0xb, 0xff, 0xa3, 0x0, 0x0, 0x0, 0x0,
    0xf9, 0x0, 0x5d, 0xfd, 0xaf, 0xfd, 0x84, 0x10,
    0x0, 0xf, 0x96, 0xff, 0xfa, 0x10, 0x28, 0xef,
    0xff, 0xb0, 0x0, 0xf9, 0x2c, 0x82, 0x0, 0x0,
    0x0, 0x48, 0xc6,

    /* U+4F8B "例" */
    0x0, 0x0, 0x51, 0x0, 0x0, 0x0, 0x0, 0x0,
    0x0, 0x0, 0x0, 0x2f, 0x8e, 0xff, 0xff, 0xff,
    0x0, 0x0, 0xf7, 0x0, 0x6, 0xf2, 0x77, 0xee,
    0x77, 0x70, 0x20, 0xf, 0x70, 0x0, 0xcc, 0x0,
    0xe, 0x90, 0x0, 0x2f, 0x50, 0xf7, 0x0, 0x2f,
    0x80, 0x2, 0xf6, 0x0, 0x2, 0xf5, 0xf, 0x70,
    0x8, 0xf8, 0x0, 0x6f, 0x86, 0x64, 0x2f, 0x50,
    0xf7, 0x0, 0xff, 0x80, 0xb, 0xff, 0xff, 0x92,
    0xf5, 0xf, 0x70, 0x8f, 0xf8, 0x1, 0xf9, 0x24,
    0xf7, 0x2f, 0x50, 0xf7, 0x1f, 0x9f, 0x80, 0x7f,
    0x20, 0x3f, 0x42, 0xf5, 0xf, 0x70, 0xc1, 0xf8,
    0xd, 0xf1, 0x7, 0xf1, 0x2f, 0x50, 0xf7, 0x0,
    0xf, 0x86, 0xff, 0xe3, 0xbd, 0x2, 0xf5, 0xf,
    0x70, 0x0, 0xf8, 0x3c, 0x4e, 0x4f, 0x80, 0x2f,
    0x50, 0xf7, 0x0, 0xf, 0x80, 0x0, 0x17, 0xf2,
    0x2, 0xf5, 0xf, 0x70, 0x0, 0xf8, 0x0, 0x0,
    0xeb, 0x0, 0x2f, 0x50, 0xf7, 0x0, 0xf, 0x80,
    0x0, 0x8f, 0x30, 0x0, 0x41, 0xf, 0x70, 0x0,
    0xf8, 0x0, 0x2f, 0xa0, 0x0, 0x0, 0x0, 0xf7,
    0x0, 0xf, 0x80, 0xc, 0xe1, 0x0, 0x0, 0x0,
    0x1f, 0x60, 0x0, 0xf8, 0x9, 0xf5, 0x0, 0x0,
    0xa, 0xaa, 0xf5, 0x0, 0xf, 0x80, 0xb8, 0x0,
    0x0, 0x0, 0x7e, 0xfc, 0x0, 0x0, 0x0, 0x0,
    0x0, 0x0, 0x0, 0x0, 0x0, 0x0,

    /* U+4F9D "依" */
    0x0, 0x0, 0x0, 0x0, 0x0, 0x0, 0x0, 0x0,
    0x0, 0x0, 0x0, 0x0, 0x8e, 0x10, 0x0, 0x7f,
    0x30, 0x0, 0x0, 0x0, 0x0, 0x0, 0xec, 0x0,
    0x0, 0x2f, 0xa0, 0x0, 0x0, 0x0, 0x0, 0x4,
    0xf6, 0x12, 0x22, 0x2c, 0xf2, 0x22, 0x22, 0x10,
    0x0, 0xa, 0xf0, 0xef, 0xff, 0xff, 0xff, 0xff,
    0xff, 0xd0, 0x0, 0x2f, 0xa0, 0x55, 0x56, 0xfc,
    0xec, 0x55, 0x55, 0x40, 0x0, 0xaf, 0x90, 0x0,
    0x6, 0xf5, 0xbb, 0x0, 0x0, 0x0, 0x3, 0xff,
    0x90, 0x0, 0x1e, 0xc0, 0x9e, 0x0, 0x2, 0x0,
    0xd, 0xff, 0x90, 0x0, 0xbf, 0x30, 0x6f, 0x10,
    0x6f, 0x30, 0x1f, 0x6f, 0x90, 0x8, 0xfb, 0x0,
    0x3f, 0x57, 0xfe, 0x20, 0x4, 0xf, 0x90, 0x7f,
    0xfa, 0x0, 0xf, 0xff, 0xd2, 0x0, 0x0, 0xf,
    0x99, 0xfc, 0xea, 0x0, 0xb, 0xf9, 0x0, 0x0,
    0x0, 0xf, 0x9a, 0xa0, 0xea, 0x0, 0x6, 0xf5,
    0x0, 0x0, 0x0, 0xf, 0x90, 0x0, 0xea, 0x0,
    0x0, 0xfd, 0x0, 0x0, 0x0, 0xf, 0x90, 0x0,
    0xea, 0x0, 0x0, 0x8f, 0x90, 0x0, 0x0, 0xf,
    0x90, 0x0, 0xea, 0x0, 0x23, 0xd, 0xf5, 0x0,
    0x0, 0xf, 0x90, 0x0, 0xeb, 0x5c, 0xfa, 0x3,
    0xff, 0x40, 0x0, 0xf, 0x90, 0x0, 0xef, 0xfd,
    0x60, 0x0, 0x6f, 0xd0, 0x0, 0xf, 0x90, 0x0,
    0x9b, 0x40, 0x0, 0x0, 0x7, 0x20,

    /* U+4FA7 "侧" */
    0x0, 0x0, 0x0, 0x0, 0x0, 0x0, 0x0, 0x0,
    0x0, 0x0, 0x0, 0x6d, 0x20, 0x0, 0x0, 0x0,
    0x0, 0x2, 0xf5, 0x0, 0xa, 0xf5, 0xff, 0xff,
    0xff, 0x90, 0x0, 0x2f, 0x50, 0x0, 0xea, 0x4f,
    0x64, 0x44, 0xf9, 0xe, 0x72, 0xf5, 0x0, 0x4f,
    0x54, 0xf3, 0x0, 0xe, 0x90, 0xe7, 0x2f, 0x50,
    0x9, 0xf2, 0x4f, 0x36, 0xf1, 0xe9, 0xe, 0x72,
    0xf5, 0x1, 0xff, 0x24, 0xf3, 0x7f, 0xe, 0x90,
    0xe7, 0x2f, 0x50, 0x7f, 0xf2, 0x4f, 0x37, 0xf0,
    0xe9, 0xe, 0x72, 0xf5, 0xe, 0xff, 0x24, 0xf3,
    0x7f, 0xe, 0x90, 0xe7, 0x2f, 0x50, 0xe8, 0xf2,
    0x4f, 0x38, 0xf0, 0xe9, 0xe, 0x72, 0xf5, 0x3,
    0x5f, 0x24, 0xf3, 0x8f, 0xe, 0x90, 0xe7, 0x2f,
    0x50, 0x5, 0xf2, 0x4f, 0x39, 0xd0, 0xe9, 0xe,
    0x72, 0xf5, 0x0, 0x5f, 0x24, 0xf3, 0xbb, 0xe,
    0x90, 0xe7, 0x2f, 0x50, 0x5, 0xf2, 0x4f, 0x3e,
    0x80, 0xe8, 0xe, 0x72, 0xf5, 0x0, 0x5f, 0x20,
    0x4, 0xf3, 0x30, 0x0, 0x32, 0x2f, 0x50, 0x5,
    0xf2, 0x0, 0xce, 0x1f, 0x60, 0x0, 0x2, 0xf5,
    0x0, 0x5f, 0x20, 0x7f, 0x50, 0x9f, 0x10, 0x0,
    0x2f, 0x50, 0x5, 0xf2, 0x7f, 0xa0, 0x1, 0xf9,
    0x9, 0x8a, 0xf4, 0x0, 0x5f, 0x25, 0x90, 0x0,
    0x7, 0x60, 0x8e, 0xfc, 0x0,

    /* U+4FDD "保" */
    0x0, 0x0, 0x26, 0x10, 0x0, 0x0, 0x0, 0x0,
    0x0, 0x0, 0x0, 0x0, 0x8f, 0x27, 0xff, 0xff,
    0xff, 0xff, 0xf0, 0x0, 0x0, 0x0, 0xdd, 0x7,
    0xf7, 0x66, 0x66, 0x6a, 0xf0, 0x0, 0x0, 0x3,
    0xf7, 0x7, 0xf2, 0x0, 0x0, 0x7, 0xf0, 0x0,
    0x0, 0xa, 0xf2, 0x7, 0xf2, 0x0, 0x0, 0x7,
    0xf0, 0x0, 0x0, 0x2f, 0xf1, 0x7, 0xf2, 0x0,
    0x0, 0x7, 0xf0, 0x0, 0x0, 0xbf, 0xf1, 0x7,
    0xff, 0xff, 0xff, 0xff, 0xf0, 0x0, 0x4, 0xff,
    0xf1, 0x3, 0x77, 0x7b, 0xf8, 0x77, 0x70, 0x0,
    0xe, 0xe9, 0xf1, 0x0, 0x0, 0x7, 0xf1, 0x0,
    0x0, 0x0, 0xe, 0x57, 0xf1, 0x55, 0x55, 0x5a,
    0xf6, 0x55, 0x55, 0x20, 0x3, 0x7, 0xf1, 0xef,
    0xff, 0xff, 0xff, 0xff, 0xff, 0x80, 0x0, 0x7,
    0xf1, 0x1, 0x11, 0x8f, 0xff, 0x31, 0x11, 0x0,
    0x0, 0x7, 0xf1, 0x0, 0x2, 0xff, 0xfe, 0xc0,
    0x0, 0x0, 0x0, 0x7, 0xf1, 0x0, 0xd, 0xe8,
    0xf5, 0xfa, 0x0, 0x0, 0x0, 0x7, 0xf1, 0x0,
    0xbf, 0x47, 0xf1, 0x7f, 0xa0, 0x0, 0x0, 0x7,
    0xf1, 0x1c, 0xf6, 0x7, 0xf1, 0x8, 0xfc, 0x30,
    0x0, 0x7, 0xf3, 0xef, 0x60, 0x7, 0xf1, 0x0,
    0x7f, 0xe0, 0x0, 0x7, 0xf1, 0xa4, 0x0, 0x7,
    0xf1, 0x0, 0x3, 0x60, 0x0, 0x7, 0xf1, 0x0,
    0x0, 0x7, 0xf1, 0x0, 0x0, 0x0,

    /* U+4FE1 "信" */
    0x0, 0x0, 0x0, 0x0, 0x0, 0x0, 0x10, 0x0,
    0x0, 0x0, 0x0, 0x5, 0xf4, 0x0, 0x0, 0x7f,
    0x30, 0x0, 0x0, 0x0, 0x0, 0xaf, 0x0, 0x0,
    0x2, 0xfa, 0x0, 0x0, 0x0, 0x0, 0x1f, 0x96,
    0xff, 0xff, 0xff, 0xff, 0xff, 0xff, 0x0, 0x8,
    0xf3, 0x38, 0x88, 0x88, 0x88, 0x88, 0x88, 0x80,
    0x1, 0xff, 0x10, 0x0, 0x0, 0x0, 0x0, 0x0,
    0x0, 0x0, 0x9f, 0xf1, 0x6, 0xff, 0xff, 0xff,
    0xff, 0xfd, 0x0, 0x3f, 0xff, 0x10, 0x37, 0x77,
    0x77, 0x77, 0x77, 0x60, 0xd, 0xe9, 0xf1, 0x0,
    0x0, 0x0, 0x0, 0x0, 0x0, 0x0, 0xe4, 0x7f,
    0x10, 0x6f, 0xff, 0xff, 0xff, 0xff, 0xd0, 0x2,
    0x7, 0xf1, 0x3, 0x77, 0x77, 0x77, 0x77, 0x76,
    0x0, 0x0, 0x7f, 0x10, 0x0, 0x0, 0x0, 0x0,
    0x0, 0x0, 0x0, 0x7, 0xf1, 0x4, 0xff, 0xff,
    0xff, 0xff, 0xfb, 0x0, 0x0, 0x7f, 0x10, 0x4f,
    0x97, 0x77, 0x77, 0x7e, 0xb0, 0x0, 0x7, 0xf1,
    0x4, 0xf4, 0x0, 0x0, 0x0, 0xdb, 0x0, 0x0,
    0x7f, 0x10, 0x4f, 0x40, 0x0, 0x0, 0xd, 0xb0,
    0x0, 0x7, 0xf1, 0x4, 0xfa, 0x77, 0x77, 0x77,
    0xeb, 0x0, 0x0, 0x7f, 0x10, 0x4f, 0xfe, 0xee,
    0xee, 0xef, 0xb0, 0x0, 0x7, 0xf1, 0x3, 0xe4,
    0x0, 0x0, 0x0, 0xb9, 0x0,

    /* U+503C "值" */
    0x0, 0x0, 0x0, 0x0, 0x0, 0x0, 0x0, 0x0,
    0x0, 0x0, 0x0, 0x4, 0xe4, 0x0, 0x0, 0x2f,
    0x70, 0x0, 0x0, 0x0, 0x0, 0xaf, 0x14, 0x44,
    0x46, 0xf9, 0x44, 0x44, 0x10, 0x0, 0x1f, 0xa0,
    0xff, 0xff, 0xff, 0xff, 0xff, 0xf5, 0x0, 0x7,
    0xf3, 0x1, 0x11, 0x13, 0xf7, 0x11, 0x11, 0x0,
    0x0, 0xef, 0x10, 0x1, 0x11, 0x3f, 0x71, 0x11,
    0x0, 0x0, 0x8f, 0xf1, 0x0, 0xcf, 0xff, 0xff,
    0xff, 0xf6, 0x0, 0x2f, 0xff, 0x10, 0xc, 0xd3,
    0x33, 0x33, 0x5f, 0x60, 0xc, 0xf9, 0xf1, 0x0,
    0xcd, 0x33, 0x33, 0x35, 0xf6, 0x1, 0xf6, 0x7f,
    0x10, 0xc, 0xff, 0xff, 0xff, 0xff, 0x60, 0x4,
    0x7, 0xf1, 0x0, 0xcc, 0x0, 0x0, 0x2, 0xf6,
    0x0, 0x0, 0x7f, 0x10, 0xc, 0xd5, 0x55, 0x55,
    0x6f, 0x60, 0x0, 0x7, 0xf1, 0x0, 0xcf, 0xdd,
    0xdd, 0xdd, 0xf6, 0x0, 0x0, 0x7f, 0x10, 0xc,
    0xc0, 0x0, 0x0, 0x2f, 0x60, 0x0, 0x7, 0xf1,
    0x0, 0xcf, 0xff, 0xff, 0xff, 0xf6, 0x0, 0x0,
    0x7f, 0x10, 0xc, 0xd3, 0x33, 0x33, 0x5f, 0x60,
    0x0, 0x7, 0xf1, 0x34, 0xdd, 0x44, 0x44, 0x45,
    0xf9, 0x30, 0x0, 0x7f, 0x1f, 0xff, 0xff, 0xff,
    0xff, 0xff, 0xfe, 0x0, 0x7, 0xf1, 0x11, 0x11,
    0x11, 0x11, 0x11, 0x11, 0x10,

    /* U+503E "倾" */
    0x0, 0x0, 0x72, 0x0, 0x0, 0x0, 0x0, 0x0,
    0x0, 0x0, 0x0, 0x2f, 0x7e, 0x70, 0xe, 0xff,
    0xff, 0xff, 0xf9, 0x0, 0x7, 0xf2, 0xe7, 0x0,
    0x56, 0x6b, 0xf6, 0x66, 0x30, 0x0, 0xcd, 0xe,
    0x70, 0x0, 0x0, 0xae, 0x0, 0x0, 0x0, 0x2f,
    0x90, 0xe7, 0x0, 0x3e, 0xef, 0xfe, 0xee, 0x0,
    0x8, 0xf8, 0xe, 0x70, 0x3, 0xfb, 0xaa, 0xac,
    0xf0, 0x0, 0xff, 0x80, 0xef, 0xff, 0x7f, 0x50,
    0x0, 0x6f, 0x0, 0x7f, 0xf8, 0xe, 0xb7, 0x75,
    0xf5, 0x3b, 0x16, 0xf0, 0x1f, 0xbf, 0x80, 0xe7,
    0x0, 0x3f, 0x55, 0xf2, 0x6f, 0x0, 0xd2, 0xf8,
    0xe, 0x70, 0x3, 0xf5, 0x5f, 0x16, 0xf0, 0x2,
    0xf, 0x80, 0xe7, 0x0, 0x3f, 0x56, 0xf1, 0x6f,
    0x0, 0x0, 0xf8, 0xe, 0x70, 0x3, 0xf5, 0x6f,
    0x6, 0xf0, 0x0, 0xf, 0x80, 0xe7, 0x0, 0x3f,
    0x58, 0xf0, 0x6f, 0x0, 0x0, 0xf8, 0xe, 0x70,
    0x23, 0xf5, 0xcd, 0x6, 0xf0, 0x0, 0xf, 0x80,
    0xea, 0xdb, 0x2a, 0x7f, 0x94, 0x49, 0x0, 0x0,
    0xf8, 0xe, 0xfc, 0x10, 0x1d, 0xf5, 0xfc, 0x0,
    0x0, 0xf, 0x80, 0x58, 0x0, 0x2d, 0xf8, 0x6,
    0xfb, 0x0, 0x0, 0xf8, 0x0, 0x0, 0x6f, 0xf9,
    0x0, 0x8, 0xfa, 0x0, 0xf, 0x80, 0x0, 0x2,
    0xc4, 0x0, 0x0, 0xa, 0x30,

    /* U+504F "偏" */
    0x0, 0x0, 0x0, 0x0, 0x0, 0x0, 0x10, 0x0,
    0x0, 0x0, 0x0, 0x7, 0xe2, 0x0, 0x0, 0xdc,
    0x0, 0x0, 0x0, 0x0, 0x0, 0xdd, 0x2, 0x22,
    0x28, 0xf5, 0x22, 0x22, 0x0, 0x0, 0x3f, 0x71,
    0xff, 0xff, 0xff, 0xff, 0xff, 0xf5, 0x0, 0xb,
    0xf1, 0x1f, 0x94, 0x44, 0x44, 0x44, 0x5f, 0x50,
    0x3, 0xfb, 0x1, 0xf7, 0x0, 0x0, 0x0, 0x2,
    0xf5, 0x0, 0xbf, 0x90, 0x1f, 0xb7, 0x77, 0x77,
    0x77, 0x8f, 0x50, 0x5f, 0xf9, 0x1, 0xff, 0xee,
    0xee, 0xee, 0xee, 0xe4, 0x1e, 0xef, 0x90, 0x1f,
    0x70, 0x0, 0x0, 0x0, 0x0, 0x0, 0xd4, 0xf9,
    0x1, 0xf7, 0xcf, 0xff, 0xff, 0xff, 0xf8, 0x1,
    0xf, 0x90, 0x1f, 0x7d, 0xb8, 0xf8, 0xaf, 0x7f,
    0x90, 0x0, 0xf9, 0x2, 0xf7, 0xd8, 0x2f, 0x25,
    0xe0, 0xe9, 0x0, 0xf, 0x90, 0x3f, 0x6d, 0x93,
    0xf3, 0x6e, 0x2e, 0x90, 0x0, 0xf9, 0x5, 0xf4,
    0xdf, 0xff, 0xff, 0xff, 0xf9, 0x0, 0xf, 0x90,
    0x8f, 0x1d, 0x94, 0xf4, 0x7e, 0x3e, 0x90, 0x0,
    0xf9, 0xc, 0xd0, 0xd8, 0x2f, 0x25, 0xe0, 0xe9,
    0x0, 0xf, 0x91, 0xf9, 0xd, 0x81, 0xb1, 0x3a,
    0xe, 0x90, 0x0, 0xf9, 0x8f, 0x40, 0xd8, 0x0,
    0x0, 0x47, 0xf8, 0x0, 0xf, 0x92, 0xb0, 0xd,
    0x80, 0x0, 0x5, 0xfd, 0x20, 0x0, 0x0, 0x0,
    0x0, 0x10, 0x0, 0x0, 0x0, 0x0,

    /* U+505A "做" */
    0x0, 0x0, 0x0, 0x0, 0x0, 0x0, 0x0, 0x0,
    0x0, 0x0, 0x0, 0x0, 0x8e, 0x10, 0xe9, 0x0,
    0x0, 0xe4, 0x0, 0x0, 0x0, 0x0, 0xdc, 0x0,
    0xe9, 0x0, 0x4, 0xf3, 0x0, 0x0, 0x0, 0x4,
    0xf6, 0x0, 0xe9, 0x0, 0x7, 0xf0, 0x0, 0x0,
    0x0, 0xa, 0xf3, 0x77, 0xec, 0x77, 0xa, 0xfd,
    0xdd, 0xd0, 0x0, 0x2f, 0xa5, 0xff, 0xff, 0xff,
    0x1e, 0xda, 0xcf, 0xa0, 0x0, 0xaf, 0x90, 0x0,
    0xe9, 0x0, 0x3f, 0x60, 0x7f, 0x0, 0x3, 0xff,
    0x90, 0x0, 0xe9, 0x0, 0x8f, 0x90, 0x8e, 0x0,
    0xd, 0xff, 0x90, 0x0, 0xe9, 0x0, 0xef, 0xd0,
    0xac, 0x0, 0x1f, 0x6f, 0x90, 0x77, 0xec, 0x76,
    0xb9, 0xf1, 0xda, 0x0, 0x4, 0xf, 0x90, 0xff,
    0xff, 0xfc, 0x0, 0xf6, 0xf7, 0x0, 0x0, 0xf,
    0x90, 0xf9, 0x0, 0xcc, 0x0, 0xae, 0xf3, 0x0,
    0x0, 0xf, 0x90, 0xf9, 0x0, 0xcc, 0x0, 0x5f,
    0xe0, 0x0, 0x0, 0xf, 0x90, 0xf9, 0x0, 0xcc,
    0x0, 0x1f, 0xb0, 0x0, 0x0, 0xf, 0x90, 0xff,
    0xff, 0xfc, 0x0, 0x7f, 0xf2, 0x0, 0x0, 0xf,
    0x90, 0xfb, 0x66, 0xdc, 0x1, 0xec, 0xfa, 0x0,
    0x0, 0xf, 0x90, 0xf9, 0x0, 0x44, 0xb, 0xf3,
    0x8f, 0x60, 0x0, 0xf, 0x90, 0x11, 0x0, 0x0,
    0x7f, 0x80, 0x1e, 0xd0, 0x0, 0xf, 0x90, 0x0,
    0x0, 0x0, 0x9, 0x0, 0x5, 0x40,

    /* U+505C "停" */
    0x0, 0x0, 0x0, 0x0, 0x0, 0x1, 0x0, 0x0,
    0x0, 0x0, 0x0, 0x1e, 0x40, 0x0, 0x4, 0xf5,
    0x0, 0x0, 0x0, 0x0, 0x5, 0xf3, 0xaa, 0xaa,
    0xaf, 0xea, 0xaa, 0xaa, 0x0, 0x0, 0xad, 0xc,
    0xcc, 0xcc, 0xcc, 0xcc, 0xcc, 0xc0, 0x0, 0x1f,
    0x80, 0x6, 0x66, 0x66, 0x66, 0x66, 0x62, 0x0,
    0x6, 0xf3, 0x0, 0xff, 0xff, 0xff, 0xff, 0xff,
    0x50, 0x0, 0xdf, 0x20, 0xf, 0x70, 0x0, 0x0,
    0x2, 0xf5, 0x0, 0x5f, 0xf2, 0x0, 0xff, 0xff,
    0xff, 0xff, 0xff, 0x50, 0xd, 0xff, 0x20, 0x4,
    0x44, 0x44, 0x44, 0x44, 0x41, 0x1, 0xf9, 0xf2,
    0x37, 0x77, 0x77, 0x77, 0x77, 0x77, 0x74, 0x4,
    0x5f, 0x27, 0xff, 0xff, 0xff, 0xff, 0xff, 0xff,
    0xa0, 0x5, 0xf2, 0x7f, 0x0, 0x0, 0x0, 0x0,
    0x0, 0xda, 0x0, 0x5f, 0x27, 0xf6, 0xff, 0xff,
    0xff, 0xff, 0x9d, 0xa0, 0x5, 0xf2, 0x13, 0x26,
    0x66, 0x9f, 0x66, 0x63, 0x44, 0x0, 0x5f, 0x20,
    0x0, 0x0, 0x5, 0xf0, 0x0, 0x0, 0x0, 0x5,
    0xf2, 0x0, 0x0, 0x0, 0x5f, 0x0, 0x0, 0x0,
    0x0, 0x5f, 0x20, 0x0, 0x0, 0x5, 0xf0, 0x0,
    0x0, 0x0, 0x5, 0xf2, 0x0, 0x6, 0xb9, 0xcf,
    0x0, 0x0, 0x0, 0x0, 0x5f, 0x20, 0x0, 0x4d,
    0xef, 0x80, 0x0, 0x0, 0x0,

    /* U+5148 "先" */
    0x0, 0x0, 0x87, 0x0, 0x6f, 0x20, 0x0, 0x0,
    0x0, 0x0, 0x0, 0xf, 0xa0, 0x6, 0xf2, 0x0,
    0x0, 0x0, 0x0, 0x0, 0x6, 0xf4, 0x0, 0x6f,
    0x20, 0x0, 0x0, 0x0, 0x0, 0x0, 0xef, 0xff,
    0xff, 0xff, 0xff, 0xff, 0xf8, 0x0, 0x0, 0x7f,
    0xa8, 0x88, 0xbf, 0x98, 0x88, 0x88, 0x40, 0x0,
    0x3f, 0xd0, 0x0, 0x6, 0xf2, 0x0, 0x0, 0x0,
    0x0, 0x6, 0xf4, 0x0, 0x0, 0x6f, 0x20, 0x0,
    0x0, 0x0, 0x0, 0x3, 0x0, 0x0, 0x6, 0xf3,
    0x0, 0x0, 0x0, 0x0, 0x4f, 0xff, 0xff, 0xff,
    0xff, 0xff, 0xff, 0xff, 0xfd, 0x2, 0x77, 0x77,
    0x9f, 0xa7, 0x7b, 0xf7, 0x77, 0x77, 0x50, 0x0,
    0x0, 0x5, 0xf5, 0x0, 0x8f, 0x10, 0x0, 0x0,
    0x0, 0x0, 0x0, 0x8f, 0x20, 0x8, 0xf1, 0x0,
    0x0, 0x0, 0x0, 0x0, 0xd, 0xf0, 0x0, 0x8f,
    0x10, 0x0, 0x0, 0x0, 0x0, 0x4, 0xfa, 0x0,
    0x8, 0xf1, 0x0, 0x8, 0xd1, 0x0, 0x1, 0xdf,
    0x30, 0x0, 0x8f, 0x10, 0x0, 0x9f, 0x0, 0x2,
    0xdf, 0x90, 0x0, 0x8, 0xf1, 0x0, 0xc, 0xe0,
    0x19, 0xff, 0xa0, 0x0, 0x0, 0x7f, 0xc9, 0x9c,
    0xfa, 0x0, 0xde, 0x60, 0x0, 0x0, 0x2, 0xcf,
    0xff, 0xeb, 0x20, 0x1, 0x0, 0x0, 0x0, 0x0,
    0x0, 0x0, 0x0, 0x0, 0x0,

    /* U+5149 "光" */
    0x0, 0x0, 0x0, 0x0, 0xaf, 0x0, 0x0, 0x0,
    0x0, 0x0, 0x0, 0x40, 0x0, 0xa, 0xf0, 0x0,
    0x2, 0x50, 0x0, 0x0, 0x8f, 0x70, 0x0, 0xaf,
    0x0, 0x0, 0xbf, 0x30, 0x0, 0x1, 0xef, 0x30,
    0xa, 0xf0, 0x0, 0x6f, 0x90, 0x0, 0x0, 0x4,
    0xfe, 0x10, 0xaf, 0x0, 0x4f, 0xc0, 0x0, 0x0,
    0x0, 0x7, 0xd2, 0xa, 0xf0, 0x4, 0xc1, 0x0,
    0x0, 0x0, 0x0, 0x0, 0x0, 0xaf, 0x0, 0x0,
    0x0, 0x0, 0x2, 0xff, 0xff, 0xff, 0xff, 0xff,
    0xff, 0xff, 0xff, 0x80, 0x18, 0x88, 0x88, 0xfd,
    0x88, 0xef, 0x88, 0x88, 0x84, 0x0, 0x0, 0x0,
    0x2f, 0x70, 0xc, 0xe0, 0x0, 0x0, 0x0, 0x0,
    0x0, 0x6, 0xf4, 0x0, 0xce, 0x0, 0x0, 0x0,
    0x0, 0x0, 0x0, 0xbf, 0x0, 0xc, 0xe0, 0x0,
    0x0, 0x0, 0x0, 0x0, 0x2f, 0xa0, 0x0, 0xce,
    0x0, 0x0, 0x0, 0x0, 0x0, 0xc, 0xf2, 0x0,
    0xc, 0xe0, 0x0, 0x0, 0x0, 0x0, 0x8, 0xf9,
    0x0, 0x0, 0xce, 0x0, 0x0, 0x9a, 0x0, 0x9,
    0xfc, 0x0, 0x0, 0xc, 0xe0, 0x0, 0xb, 0xf0,
    0x3c, 0xfc, 0x10, 0x0, 0x0, 0xbf, 0xb8, 0x79,
    0xfc, 0x4, 0xf8, 0x0, 0x0, 0x0, 0x3, 0xce,
    0xff, 0xfd, 0x40, 0x1, 0x0, 0x0, 0x0, 0x0,
    0x0, 0x0, 0x0, 0x0, 0x0,

    /* U+514B "克" */
    0x0, 0x0, 0x0, 0x0, 0x1f, 0x70, 0x0, 0x0,
    0x0, 0x0, 0x56, 0x66, 0x66, 0x66, 0xfa, 0x66,
    0x66, 0x66, 0x62, 0xe, 0xff, 0xff, 0xff, 0xff,
    0xff, 0xff, 0xff, 0xff, 0x70, 0x11, 0x11, 0x11,
    0x12, 0xf8, 0x11, 0x11, 0x11, 0x10, 0x0, 0x0,
    0x0, 0x0, 0x1f, 0x70, 0x0, 0x0, 0x0, 0x0,
    0x0, 0x77, 0x77, 0x78, 0xfb, 0x77, 0x77, 0x73,
    0x0, 0x0, 0x1f, 0xfe, 0xee, 0xee, 0xee, 0xee,
    0xef, 0x60, 0x0, 0x1, 0xf7, 0x0, 0x0, 0x0,
    0x0, 0x2, 0xf6, 0x0, 0x0, 0x1f, 0x70, 0x0,
    0x0, 0x0, 0x0, 0x2f, 0x60, 0x0, 0x1, 0xfa,
    0x55, 0x55, 0x55, 0x55, 0x56, 0xf6, 0x0, 0x0,
    0x1f, 0xff, 0xff, 0xff, 0xff, 0xff, 0xff, 0x60,
    0x0, 0x0, 0x22, 0x29, 0xf3, 0x27, 0xf5, 0x22,
    0x21, 0x0, 0x0, 0x0, 0x0, 0xbd, 0x0, 0x5f,
    0x30, 0x0, 0x0, 0x0, 0x0, 0x0, 0x1f, 0x80,
    0x5, 0xf3, 0x0, 0x0, 0x0, 0x0, 0x0, 0xb,
    0xf2, 0x0, 0x5f, 0x30, 0x0, 0x7, 0x30, 0x0,
    0x1a, 0xf8, 0x0, 0x5, 0xf3, 0x0, 0x0, 0xcd,
    0x3, 0x8e, 0xfa, 0x0, 0x0, 0x5f, 0xb8, 0x77,
    0x9f, 0xa0, 0xef, 0xc5, 0x0, 0x0, 0x1, 0xcf,
    0xff, 0xff, 0xd4, 0x3, 0x10, 0x0, 0x0, 0x0,
    0x0, 0x0, 0x0, 0x0, 0x0,

    /* U+5165 "入" */
    0x0, 0x0, 0x0, 0x0, 0x0, 0x0, 0x0, 0x0,
    0x0, 0x0, 0x0, 0x0, 0x3, 0xd5, 0x0, 0x0,
    0x0, 0x0, 0x0, 0x0, 0x0, 0x0, 0x2f, 0xe1,
    0x0, 0x0, 0x0, 0x0, 0x0, 0x0, 0x0, 0x0,
    0x8f, 0x80, 0x0, 0x0, 0x0, 0x0, 0x0, 0x0,
    0x0, 0x0, 0xef, 0x10, 0x0, 0x0, 0x0, 0x0,
    0x0, 0x0, 0x0, 0xe, 0xf8, 0x0, 0x0, 0x0,
    0x0, 0x0, 0x0, 0x0, 0x4, 0xff, 0xe0, 0x0,
    0x0, 0x0, 0x0, 0x0, 0x0, 0x0, 0xaf, 0x9f,
    0x50, 0x0, 0x0, 0x0, 0x0, 0x0, 0x0, 0x1f,
    0xb1, 0xfb, 0x0, 0x0, 0x0, 0x0, 0x0, 0x0,
    0x8, 0xf4, 0xa, 0xf1, 0x0, 0x0, 0x0, 0x0,
    0x0, 0x1, 0xfc, 0x0, 0x4f, 0x80, 0x0, 0x0,
    0x0, 0x0, 0x0, 0xaf, 0x40, 0x0, 0xde, 0x0,
    0x0, 0x0, 0x0, 0x0, 0x4f, 0xa0, 0x0, 0x6,
    0xf7, 0x0, 0x0, 0x0, 0x0, 0x1e, 0xe1, 0x0,
    0x0, 0xd, 0xf2, 0x0, 0x0, 0x0, 0x1d, 0xf5,
    0x0, 0x0, 0x0, 0x5f, 0xc0, 0x0, 0x0, 0x1d,
    0xf8, 0x0, 0x0, 0x0, 0x0, 0xaf, 0xb0, 0x0,
    0x3d, 0xf9, 0x0, 0x0, 0x0, 0x0, 0x0, 0xcf,
    0xc2, 0xc, 0xf8, 0x0, 0x0, 0x0, 0x0, 0x0,
    0x1, 0xbf, 0xe0, 0x45, 0x0, 0x0, 0x0, 0x0,
    0x0, 0x0, 0x0, 0x73, 0x0,

    /* U+5168 "全" */
    0x0, 0x0, 0x0, 0x0, 0x0, 0x0, 0x0, 0x0,
    0x0, 0x0, 0x0, 0x0, 0x0, 0x0, 0xd, 0xe1,
    0x0, 0x0, 0x0, 0x0, 0x0, 0x0, 0x0, 0x0,
    0xbf, 0xf9, 0x0, 0x0, 0x0, 0x0, 0x0, 0x0,
    0x0, 0xb, 0xf8, 0x8f, 0xa0, 0x0, 0x0, 0x0,
    0x0, 0x0, 0x1, 0xcf, 0x70, 0x7, 0xfd, 0x20,
    0x0, 0x0, 0x0, 0x0, 0x5e, 0xf7, 0x0, 0x0,
    0x6f, 0xe5, 0x0, 0x0, 0x0, 0x1a, 0xfe, 0x40,
    0x0, 0x0, 0x3, 0xef, 0xa1, 0x0, 0x7, 0xff,
    0xfa, 0x88, 0x88, 0x88, 0x88, 0xaf, 0xff, 0x80,
    0xd, 0xe9, 0xff, 0xff, 0xff, 0xff, 0xff, 0xff,
    0x7f, 0xd0, 0x3, 0x10, 0x0, 0x0, 0xc, 0xd0,
    0x0, 0x0, 0x1, 0x20, 0x0, 0x0, 0x0, 0x0,
    0xc, 0xd0, 0x0, 0x0, 0x0, 0x0, 0x0, 0x0,
    0x11, 0x11, 0x1c, 0xd1, 0x11, 0x11, 0x0, 0x0,
    0x0, 0x5, 0xff, 0xff, 0xff, 0xff, 0xff, 0xff,
    0x60, 0x0, 0x0, 0x2, 0x66, 0x66, 0x6d, 0xe6,
    0x66, 0x66, 0x20, 0x0, 0x0, 0x0, 0x0, 0x0,
    0xc, 0xd0, 0x0, 0x0, 0x0, 0x0, 0x0, 0x0,
    0x0, 0x0, 0xc, 0xd0, 0x0, 0x0, 0x0, 0x0,
    0x0, 0x77, 0x77, 0x77, 0x7e, 0xe7, 0x77, 0x77,
    0x77, 0x0, 0x0, 0xff, 0xff, 0xff, 0xff, 0xff,
    0xff, 0xff, 0xff, 0x0,

    /* U+516C "公" */
    0x0, 0x0, 0x2, 0x10, 0x0, 0x1, 0x30, 0x0,
    0x0, 0x0, 0x0, 0x0, 0xde, 0x0, 0x0, 0xbf,
    0x20, 0x0, 0x0, 0x0, 0x0, 0x3f, 0x80, 0x0,
    0x3, 0xf9, 0x0, 0x0, 0x0, 0x0, 0xb, 0xf2,
    0x0, 0x0, 0xb, 0xf3, 0x0, 0x0, 0x0, 0x4,
    0xfa, 0x0, 0x0, 0x0, 0x2f, 0xd0, 0x0, 0x0,
    0x0, 0xdf, 0x10, 0x0, 0x0, 0x0, 0x8f, 0x90,
    0x0, 0x0, 0x9f, 0x80, 0x3, 0xc3, 0x0, 0x0,
    0xcf, 0x60, 0x0, 0x6f, 0xc0, 0x0, 0xaf, 0x20,
    0x0, 0x2, 0xef, 0x70, 0x4f, 0xe2, 0x0, 0x1f,
    0xb0, 0x0, 0x0, 0x4, 0xfd, 0x1, 0xb3, 0x0,
    0x9, 0xf4, 0x0, 0x0, 0x0, 0x5, 0x40, 0x0,
    0x0, 0x2, 0xfc, 0x0, 0x5, 0x70, 0x0, 0x0,
    0x0, 0x0, 0x0, 0xbf, 0x40, 0x0, 0xbf, 0x40,
    0x0, 0x0, 0x0, 0x0, 0x5f, 0xb0, 0x0, 0x1,
    0xee, 0x10, 0x0, 0x0, 0x0, 0x2e, 0xf1, 0x0,
    0x0, 0x5, 0xfa, 0x0, 0x0, 0x0, 0x1d, 0xf5,
    0x0, 0x0, 0x13, 0x5e, 0xf3, 0x0, 0x0, 0x9,
    0xfe, 0xab, 0xcd, 0xff, 0xff, 0xff, 0xb0, 0x0,
    0x0, 0x4f, 0xfe, 0xdc, 0xb9, 0x75, 0x31, 0x9f,
    0x30, 0x0, 0x0, 0x0, 0x0, 0x0, 0x0, 0x0,
    0x2, 0x70, 0x0,

    /* U+5171 "共" */
    0x0, 0x0, 0x9f, 0x0, 0x0, 0x9, 0xf0, 0x0,
    0x0, 0x0, 0x0, 0x9f, 0x0, 0x0, 0x9, 0xf0,
    0x0, 0x0, 0x0, 0x0, 0x9f, 0x0, 0x0, 0x9,
    0xf0, 0x0, 0x0, 0x6, 0x66, 0xcf, 0x66, 0x66,
    0x6b, 0xf6, 0x66, 0x40, 0x1f, 0xff, 0xff, 0xff,
    0xff, 0xff, 0xff, 0xff, 0x90, 0x1, 0x11, 0x9f,
    0x11, 0x11, 0x19, 0xf1, 0x11, 0x0, 0x0, 0x0,
    0x9f, 0x0, 0x0, 0x9, 0xf0, 0x0, 0x0, 0x0,
    0x0, 0x9f, 0x0, 0x0, 0x9, 0xf0, 0x0, 0x0,
    0x0, 0x0, 0x9f, 0x0, 0x0, 0x9, 0xf0, 0x0,
    0x0, 0x0, 0x0, 0x9f, 0x0, 0x0, 0x9, 0xf0,
    0x0, 0x0, 0xdf, 0xff, 0xff, 0xff, 0xff, 0xff,
    0xff, 0xff, 0xf5, 0x78, 0x88, 0x88, 0x88, 0x88,
    0x88, 0x88, 0x88, 0x83, 0x0, 0x0, 0x8, 0x30,
    0x0, 0x6, 0x60, 0x0, 0x0, 0x0, 0x0, 0xbf,
    0x90, 0x0, 0x1d, 0xfa, 0x0, 0x0, 0x0, 0x1c,
    0xfa, 0x0, 0x0, 0x0, 0xbf, 0xd1, 0x0, 0x4,
    0xef, 0xa0, 0x0, 0x0, 0x0, 0x9, 0xfe, 0x20,
    0x4f, 0xf8, 0x0, 0x0, 0x0, 0x0, 0x0, 0x9f,
    0xd0, 0x6, 0x30, 0x0, 0x0, 0x0, 0x0, 0x0,
    0x7, 0x10,

    /* U+5173 "关" */
    0x0, 0x0, 0x0, 0x0, 0x0, 0x0, 0x10, 0x0,
    0x0, 0x0, 0x0, 0xa, 0x90, 0x0, 0x0, 0xd,
    0xd0, 0x0, 0x0, 0x0, 0x0, 0x8f, 0x40, 0x0,
    0x3, 0xfa, 0x0, 0x0, 0x0, 0x0, 0x0, 0xea,
    0x0, 0x0, 0xcf, 0x20, 0x0, 0x0, 0x0, 0x44,
    0x47, 0x44, 0x44, 0x7f, 0xb4, 0x44, 0x10, 0x0,
    0x3f, 0xff, 0xff, 0xff, 0xff, 0xff, 0xff, 0xf6,
    0x0, 0x0, 0x33, 0x33, 0x33, 0xfa, 0x33, 0x33,
    0x33, 0x10, 0x0, 0x0, 0x0, 0x0, 0xf, 0x80,
    0x0, 0x0, 0x0, 0x0, 0x0, 0x0, 0x0, 0x1,
    0xf7, 0x0, 0x0, 0x0, 0x0, 0x0, 0x33, 0x33,
    0x33, 0x4f, 0x93, 0x33, 0x33, 0x33, 0x0, 0x2f,
    0xff, 0xff, 0xff, 0xff, 0xff, 0xff, 0xff, 0xf2,
    0x0, 0x44, 0x44, 0x44, 0x9f, 0xfa, 0x44, 0x44,
    0x44, 0x0, 0x0, 0x0, 0x0, 0xb, 0xfc, 0xe1,
    0x0, 0x0, 0x0, 0x0, 0x0, 0x0, 0x5, 0xfb,
    0x2f, 0xb0, 0x0, 0x0, 0x0, 0x0, 0x0, 0x3,
    0xff, 0x20, 0x6f, 0xc1, 0x0, 0x0, 0x0, 0x0,
    0x7, 0xff, 0x50, 0x0, 0x7f, 0xe6, 0x0, 0x0,
    0x1, 0x6d, 0xfe, 0x40, 0x0, 0x0, 0x6f, 0xfe,
    0x83, 0x7, 0xff, 0xf9, 0x10, 0x0, 0x0, 0x0,
    0x2c, 0xff, 0xc0, 0x1b, 0x71, 0x0, 0x0, 0x0,
    0x0, 0x0, 0x3, 0xa3, 0x0,

    /* U+5177 "具" */
    0x0, 0x1, 0xff, 0xff, 0xff, 0xff, 0xff, 0xff,
    0x10, 0x0, 0x0, 0x1f, 0xb7, 0x77, 0x77, 0x77,
    0x7b, 0xf1, 0x0, 0x0, 0x1, 0xf7, 0x0, 0x0,
    0x0, 0x0, 0x7f, 0x10, 0x0, 0x0, 0x1f, 0xa6,
    0x66, 0x66, 0x66, 0x6a, 0xf1, 0x0, 0x0, 0x1,
    0xff, 0xff, 0xff, 0xff, 0xff, 0xff, 0x10, 0x0,
    0x0, 0x1f, 0x70, 0x0, 0x0, 0x0, 0x7, 0xf1,
    0x0, 0x0, 0x1, 0xfa, 0x66, 0x66, 0x66, 0x66,
    0xaf, 0x10, 0x0, 0x0, 0x1f, 0xff, 0xff, 0xff,
    0xff, 0xff, 0xf1, 0x0, 0x0, 0x1, 0xf7, 0x0,
    0x0, 0x0, 0x0, 0x7f, 0x10, 0x0, 0x0, 0x1f,
    0xa6, 0x66, 0x66, 0x66, 0x6a, 0xf1, 0x0, 0x0,
    0x1, 0xff, 0xff, 0xff, 0xff, 0xff, 0xff, 0x10,
    0x0, 0x0, 0x1f, 0x70, 0x0, 0x0, 0x0, 0x7,
    0xf1, 0x0, 0x7, 0x77, 0xfb, 0x77, 0x77, 0x77,
    0x77, 0xbf, 0x77, 0x61, 0xff, 0xff, 0xff, 0xff,
    0xff, 0xff, 0xff, 0xff, 0xff, 0x0, 0x0, 0x1,
    0x77, 0x0, 0x2, 0xa6, 0x10, 0x0, 0x0, 0x0,
    0x17, 0xef, 0xc0, 0x0, 0x7f, 0xff, 0xc6, 0x0,
    0x4, 0xdf, 0xfd, 0x50, 0x0, 0x0, 0x4, 0x9f,
    0xff, 0x20, 0x1d, 0x83, 0x0, 0x0, 0x0, 0x0,
    0x0, 0x17, 0x80,

    /* U+5185 "内" */
    0x0, 0x0, 0x0, 0xe, 0xa0, 0x0, 0x0, 0x0,
    0x0, 0x0, 0x0, 0xe, 0xa0, 0x0, 0x0, 0x0,
    0x0, 0x0, 0x0, 0xe, 0xa0, 0x0, 0x0, 0x0,
    0x58, 0x88, 0x88, 0x8f, 0xd8, 0x88, 0x88, 0x85,
    0xaf, 0xff, 0xff, 0xff, 0xff, 0xff, 0xff, 0xfa,
    0xae, 0x0, 0x0, 0xf, 0x70, 0x0, 0x0, 0xea,
    0xae, 0x0, 0x0, 0x3f, 0x50, 0x0, 0x0, 0xea,
    0xae, 0x0, 0x0, 0x8f, 0xc1, 0x0, 0x0, 0xea,
    0xae, 0x0, 0x0, 0xed, 0xed, 0x10, 0x0, 0xea,
    0xae, 0x0, 0x7, 0xf5, 0x2e, 0xd1, 0x0, 0xea,
    0xae, 0x0, 0x3f, 0xc0, 0x3, 0xfd, 0x0, 0xea,
    0xae, 0x3, 0xee, 0x20, 0x0, 0x4f, 0xb0, 0xea,
    0xae, 0x3f, 0xf3, 0x0, 0x0, 0x8, 0xf5, 0xea,
    0xae, 0x1e, 0x30, 0x0, 0x0, 0x0, 0x60, 0xea,
    0xae, 0x0, 0x0, 0x0, 0x0, 0x0, 0x0, 0xea,
    0xae, 0x0, 0x0, 0x0, 0x0, 0x0, 0x0, 0xfa,
    0xae, 0x0, 0x0, 0x0, 0x0, 0xad, 0xbb, 0xf8,
    0xae, 0x0, 0x0, 0x0, 0x0, 0x5c, 0xef, 0xc1,
    0x12, 0x0, 0x0, 0x0, 0x0, 0x0, 0x0, 0x0,

    /* U+518D "再" */
    0x5, 0xff, 0xff, 0xff, 0xff, 0xff, 0xff, 0xff,
    0xff, 0x50, 0x2, 0x77, 0x77, 0x77, 0x7e, 0xe7,
    0x77, 0x77, 0x77, 0x20, 0x0, 0x0, 0x0, 0x0,
    0xd, 0xc0, 0x0, 0x0, 0x0, 0x0, 0x0, 0x0,
    0x0, 0x0, 0xd, 0xc0, 0x0, 0x0, 0x0, 0x0,
    0x0, 0x1f, 0xff, 0xff, 0xff, 0xff, 0xff, 0xff,
    0xf0, 0x0, 0x0, 0x1f, 0xb8, 0x88, 0x8e, 0xe8,
    0x88, 0x8c, 0xf0, 0x0, 0x0, 0x1f, 0x70, 0x0,
    0xd, 0xc0, 0x0, 0x8, 0xf0, 0x0, 0x0, 0x1f,
    0x82, 0x22, 0x2e, 0xc2, 0x22, 0x29, 0xf0, 0x0,
    0x0, 0x1f, 0xff, 0xff, 0xff, 0xff, 0xff, 0xff,
    0xf0, 0x0, 0x0, 0x1f, 0x94, 0x44, 0x4e, 0xd4,
    0x44, 0x4a, 0xf0, 0x0, 0x0, 0x1f, 0x70, 0x0,
    0xd, 0xc0, 0x0, 0x8, 0xf0, 0x0, 0x8, 0x9f,
    0xb8, 0x88, 0x8e, 0xe8, 0x88, 0x8c, 0xf8, 0x80,
    0xf, 0xff, 0xff, 0xff, 0xff, 0xff, 0xff, 0xff,
    0xff, 0xf0, 0x0, 0x1f, 0x70, 0x0, 0x0, 0x0,
    0x0, 0x8, 0xf0, 0x0, 0x0, 0x1f, 0x70, 0x0,
    0x0, 0x0, 0x0, 0x8, 0xf0, 0x0, 0x0, 0x1f,
    0x70, 0x0, 0x0, 0x0, 0x0, 0x8, 0xf0, 0x0,
    0x0, 0x1f, 0x70, 0x0, 0x0, 0x2, 0xb9, 0x8e,
    0xf0, 0x0, 0x0, 0x1f, 0x70, 0x0, 0x0, 0x0,
    0xbd, 0xfe, 0x50, 0x0,

    /* U+5199 "写" */
    0x9f, 0xff, 0xff, 0xff, 0xff, 0xff, 0xff, 0xff,
    0xf7, 0x9f, 0x55, 0x55, 0x55, 0x55, 0x55, 0x55,
    0x56, 0xf7, 0x9f, 0x0, 0x73, 0x0, 0x0, 0x0,
    0x0, 0x1, 0xf7, 0x9f, 0x3, 0xf7, 0x0, 0x0,
    0x0, 0x0, 0x1, 0xf7, 0x12, 0x5, 0xf5, 0x0,
    0x0, 0x0, 0x0, 0x0, 0x21, 0x0, 0x7, 0xff,
    0xff, 0xff, 0xff, 0xff, 0xf5, 0x0, 0x0, 0x9,
    0xf8, 0x88, 0x88, 0x88, 0x88, 0x82, 0x0, 0x0,
    0xb, 0xe0, 0x0, 0x0, 0x0, 0x0, 0x0, 0x0,
    0x0, 0xd, 0xd3, 0x33, 0x33, 0x33, 0x33, 0x33,
    0x10, 0x0, 0xf, 0xff, 0xff, 0xff, 0xff, 0xff,
    0xff, 0x40, 0x0, 0x4, 0x44, 0x44, 0x44, 0x44,
    0x44, 0xaf, 0x30, 0x0, 0x0, 0x0, 0x0, 0x0,
    0x0, 0x0, 0x9f, 0x20, 0xbf, 0xff, 0xff, 0xff,
    0xff, 0xff, 0xf1, 0xaf, 0x0, 0x58, 0x88, 0x88,
    0x88, 0x88, 0x88, 0x80, 0xbe, 0x0, 0x0, 0x0,
    0x0, 0x0, 0x0, 0x0, 0x0, 0xec, 0x0, 0x0,
    0x0, 0x0, 0x0, 0x0, 0x0, 0x3, 0xf9, 0x0,
    0x0, 0x0, 0x0, 0x0, 0xd, 0xb9, 0x8e, 0xf3,
    0x0, 0x0, 0x0, 0x0, 0x0, 0x9, 0xde, 0xfd,
    0x50, 0x0,

    /* U+51B2 "冲" */
    0x4, 0x0, 0x0, 0x0, 0x0, 0x1f, 0x70, 0x0,
    0x0, 0x5f, 0x80, 0x0, 0x0, 0x0, 0x1f, 0x70,
    0x0, 0x0, 0xc, 0xf3, 0x0, 0x0, 0x0, 0x1f,
    0x70, 0x0, 0x0, 0x2, 0xfc, 0x0, 0x88, 0x88,
    0x9f, 0xc8, 0x88, 0x84, 0x0, 0x9d, 0x11, 0xff,
    0xff, 0xff, 0xff, 0xff, 0xf7, 0x0, 0x0, 0x1,
    0xf7, 0x0, 0x1f, 0x70, 0x1, 0xf7, 0x0, 0x0,
    0x1, 0xf7, 0x0, 0x1f, 0x70, 0x1, 0xf7, 0x0,
    0x0, 0x1, 0xf7, 0x0, 0x1f, 0x70, 0x1, 0xf7,
    0x0, 0x0, 0x1, 0xf7, 0x0, 0x1f, 0x70, 0x1,
    0xf7, 0x0, 0x27, 0x1, 0xfb, 0x66, 0x7f, 0xb6,
    0x67, 0xf7, 0x0, 0x7f, 0x21, 0xff, 0xff, 0xff,
    0xff, 0xff, 0xf7, 0x0, 0xdd, 0x1, 0xf8, 0x11,
    0x2f, 0x81, 0x12, 0xf7, 0x3, 0xf8, 0x0, 0x84,
    0x0, 0x1f, 0x70, 0x0, 0x84, 0x9, 0xf4, 0x0,
    0x0, 0x0, 0x1f, 0x70, 0x0, 0x0, 0x1f, 0xe0,
    0x0, 0x0, 0x0, 0x1f, 0x70, 0x0, 0x0, 0x8f,
    0x70, 0x0, 0x0, 0x0, 0x1f, 0x70, 0x0, 0x0,
    0xaf, 0x10, 0x0, 0x0, 0x0, 0x1f, 0x70, 0x0,
    0x0, 0x4, 0x0, 0x0, 0x0, 0x0, 0x1f, 0x70,
    0x0, 0x0,

    /* U+51C6 "准" */
    0x0, 0x0, 0x0, 0x0, 0x0, 0x0, 0x0, 0x0,
    0x0, 0x0, 0x60, 0x0, 0x0, 0x6f, 0x32, 0xe7,
    0x0, 0x0, 0x0, 0x6f, 0x80, 0x0, 0xc, 0xe0,
    0xc, 0xe0, 0x0, 0x0, 0x0, 0xcf, 0x30, 0x3,
    0xf8, 0x0, 0x6f, 0x40, 0x0, 0x0, 0x2, 0xfc,
    0x0, 0xbf, 0xff, 0xff, 0xff, 0xff, 0xfe, 0x0,
    0x9, 0xc1, 0x4f, 0xf8, 0x88, 0x8f, 0xc8, 0x88,
    0x70, 0x0, 0x0, 0xd, 0xff, 0x0, 0x0, 0xe9,
    0x0, 0x0, 0x0, 0x0, 0x9, 0xfe, 0xf0, 0x0,
    0xe, 0x90, 0x0, 0x0, 0x0, 0x0, 0xea, 0x9f,
    0xff, 0xff, 0xff, 0xff, 0xf5, 0x0, 0x0, 0x5,
    0x9, 0xf6, 0x66, 0x6f, 0xb6, 0x66, 0x20, 0x0,
    0x37, 0x0, 0x9f, 0x0, 0x0, 0xe9, 0x0, 0x0,
    0x0, 0x9, 0xf1, 0x9, 0xf0, 0x0, 0xe, 0x90,
    0x0, 0x0, 0x0, 0xec, 0x0, 0x9f, 0xff, 0xff,
    0xff, 0xff, 0xf5, 0x0, 0x4f, 0x80, 0x9, 0xf7,
    0x77, 0x7f, 0xc7, 0x77, 0x20, 0xb, 0xf3, 0x0,
    0x9f, 0x0, 0x0, 0xe9, 0x0, 0x0, 0x2, 0xfd,
    0x0, 0x9, 0xf0, 0x0, 0xe, 0x90, 0x0, 0x0,
    0xaf, 0x60, 0x0, 0x9f, 0xff, 0xff, 0xff, 0xff,
    0xff, 0x9, 0xf0, 0x0, 0x9, 0xf7, 0x77, 0x77,
    0x77, 0x77, 0x70, 0x3, 0x0, 0x0, 0x9f, 0x0,
    0x0, 0x0, 0x0, 0x0, 0x0,

    /* U+51CF "减" */
    0x0, 0x0, 0x0, 0x0, 0x0, 0x0, 0x0, 0x0,
    0x0, 0x0, 0x40, 0x0, 0x0, 0x0, 0x0, 0x7,
    0xf2, 0xd7, 0x0, 0x4f, 0x80, 0x0, 0x0, 0x0,
    0x0, 0x7f, 0x9, 0xe1, 0x0, 0xcf, 0x10, 0x77,
    0x77, 0x77, 0x7a, 0xf7, 0x77, 0x40, 0x5, 0xf8,
    0xf, 0xff, 0xff, 0xff, 0xff, 0xff, 0xfa, 0x0,
    0xe, 0x90, 0xf9, 0x0, 0x0, 0x5, 0xf2, 0x0,
    0x0, 0x0, 0x20, 0xf, 0x94, 0x77, 0x76, 0x4f,
    0x40, 0x0, 0x0, 0x0, 0x0, 0xf9, 0xaf, 0xff,
    0xd3, 0xf5, 0x1f, 0x40, 0x0, 0x0, 0xf, 0x90,
    0x0, 0x0, 0x2f, 0x66, 0xf1, 0x0, 0x0, 0x0,
    0xf9, 0x7f, 0xff, 0xd0, 0xf7, 0xbc, 0x0, 0x0,
    0x86, 0xf, 0x88, 0xe6, 0xae, 0xf, 0xbf, 0x70,
    0x0, 0xd, 0xc0, 0xf8, 0x8d, 0x7, 0xe0, 0xcf,
    0xf1, 0x0, 0x1, 0xf8, 0x1f, 0x78, 0xd0, 0x7e,
    0xa, 0xfa, 0x0, 0x0, 0x5f, 0x53, 0xf5, 0x8f,
    0xef, 0xe0, 0xaf, 0x30, 0x0, 0xb, 0xf1, 0x6f,
    0x33, 0x77, 0x76, 0x3f, 0xf2, 0x28, 0x11, 0xfc,
    0xa, 0xf0, 0x0, 0x0, 0xd, 0xdf, 0x63, 0xf1,
    0x6f, 0x70, 0xec, 0x0, 0x0, 0xa, 0xf2, 0xab,
    0x5e, 0x8, 0xf2, 0x4f, 0x70, 0x0, 0x9, 0xf5,
    0x4, 0xfe, 0xa0, 0x4, 0x1, 0xa1, 0x0, 0x0,
    0x64, 0x0, 0x8, 0xe3, 0x0,

    /* U+51ED "凭" */
    0x0, 0x0, 0x2, 0x0, 0x0, 0x0, 0x0, 0x0,
    0x0, 0x0, 0x0, 0x3, 0xf7, 0x0, 0x1, 0x23,
    0x57, 0x9b, 0x20, 0x0, 0x0, 0xdd, 0x3, 0xff,
    0xff, 0xff, 0xfd, 0xb5, 0x0, 0x0, 0xbf, 0x30,
    0x6, 0x54, 0x4f, 0x80, 0x0, 0x0, 0x0, 0xaf,
    0xe0, 0x0, 0x0, 0x1, 0xf8, 0x0, 0x0, 0x0,
    0xbf, 0xde, 0x3, 0xff, 0xff, 0xff, 0xff, 0xff,
    0xfc, 0x3, 0x4a, 0xe0, 0x17, 0x77, 0x78, 0xfb,
    0x77, 0x77, 0x60, 0x0, 0xae, 0x0, 0x0, 0x0,
    0x1f, 0x80, 0x0, 0x0, 0x0, 0xa, 0xe0, 0x0,
    0x22, 0x22, 0xf9, 0x22, 0x22, 0x0, 0x0, 0xae,
    0x0, 0x4f, 0xff, 0xff, 0xff, 0xff, 0xf5, 0x0,
    0x5, 0x70, 0x1, 0x44, 0x44, 0x44, 0x44, 0x44,
    0x10, 0x0, 0x0, 0x48, 0x88, 0x88, 0x88, 0x82,
    0x0, 0x0, 0x0, 0x0, 0x9, 0xff, 0xff, 0xff,
    0xff, 0x40, 0x0, 0x0, 0x0, 0x0, 0xaf, 0x30,
    0x0, 0x5, 0xf4, 0x0, 0x0, 0x0, 0x0, 0xc,
    0xf1, 0x0, 0x0, 0x5f, 0x40, 0x0, 0x0, 0x0,
    0x1, 0xfd, 0x0, 0x0, 0x5, 0xf4, 0x0, 0x98,
    0x0, 0x0, 0xbf, 0x70, 0x0, 0x0, 0x5f, 0x40,
    0xd, 0xd0, 0x5, 0xdf, 0xb0, 0x0, 0x0, 0x4,
    0xfd, 0x9c, 0xf9, 0x1, 0xdf, 0x70, 0x0, 0x0,
    0x0, 0x1c, 0xff, 0xea, 0x10, 0x1, 0x0, 0x0,
    0x0, 0x0, 0x0, 0x0, 0x0, 0x0,

    /* U+51FA "出" */
    0x0, 0x0, 0x0, 0xe, 0xa0, 0x0, 0x0, 0x0,
    0x1d, 0x50, 0x0, 0xe, 0xa0, 0x0, 0x8, 0xc0,
    0x2f, 0x60, 0x0, 0xe, 0xa0, 0x0, 0xa, 0xe0,
    0x2f, 0x60, 0x0, 0xe, 0xa0, 0x0, 0xa, 0xe0,
    0x2f, 0x60, 0x0, 0xe, 0xa0, 0x0, 0xa, 0xe0,
    0x2f, 0x60, 0x0, 0xe, 0xa0, 0x0, 0xa, 0xe0,
    0x2f, 0xff, 0xff, 0xff, 0xff, 0xff, 0xff, 0xe0,
    0x18, 0x88, 0x88, 0x8f, 0xd8, 0x88, 0x8d, 0xe0,
    0x0, 0x0, 0x0, 0xe, 0xa0, 0x0, 0x0, 0x0,
    0x42, 0x0, 0x0, 0xe, 0xa0, 0x0, 0x0, 0x33,
    0xea, 0x0, 0x0, 0xe, 0xa0, 0x0, 0x0, 0xcc,
    0xea, 0x0, 0x0, 0xe, 0xa0, 0x0, 0x0, 0xcc,
    0xea, 0x0, 0x0, 0xe, 0xa0, 0x0, 0x0, 0xcc,
    0xea, 0x0, 0x0, 0xe, 0xa0, 0x0, 0x0, 0xcc,
    0xea, 0x0, 0x0, 0xe, 0xa0, 0x0, 0x0, 0xcc,
    0xed, 0x88, 0x88, 0x8f, 0xd8, 0x88, 0x88, 0xec,
    0xef, 0xff, 0xff, 0xff, 0xff, 0xff, 0xff, 0xfc,
    0x0, 0x0, 0x0, 0x0, 0x0, 0x0, 0x0, 0xcc,

    /* U+5206 "分" */
    0x0, 0x0, 0x0, 0x0, 0x0, 0x0, 0x0, 0x0,
    0x0, 0x0, 0x0, 0x0, 0x2b, 0x10, 0x0, 0xa4,
    0x0, 0x0, 0x0, 0x0, 0x0, 0xc, 0xe1, 0x0,
    0x1f, 0xe1, 0x0, 0x0, 0x0, 0x0, 0x7, 0xf6,
    0x0, 0x0, 0x6f, 0xb0, 0x0, 0x0, 0x0, 0x4,
    0xfb, 0x0, 0x0, 0x0, 0xaf, 0x80, 0x0, 0x0,
    0x2, 0xee, 0x10, 0x0, 0x0, 0x0, 0xdf, 0x70,
    0x0, 0x2, 0xef, 0x40, 0x0, 0x0, 0x0, 0x2,
    0xef, 0x80, 0x3, 0xef, 0x50, 0x0, 0x0, 0x0,
    0x0, 0x3, 0xff, 0xa0, 0xaf, 0x65, 0x77, 0x77,
    0x77, 0x77, 0x77, 0x53, 0xea, 0x0, 0x50, 0xcf,
    0xff, 0xff, 0xff, 0xff, 0xfc, 0x1, 0x10, 0x0,
    0x0, 0x0, 0x8f, 0x30, 0x0, 0xf, 0xc0, 0x0,
    0x0, 0x0, 0x0, 0xb, 0xf0, 0x0, 0x0, 0xfc,
    0x0, 0x0, 0x0, 0x0, 0x0, 0xfd, 0x0, 0x0,
    0xf, 0xb0, 0x0, 0x0, 0x0, 0x0, 0x6f, 0x80,
    0x0, 0x1, 0xfb, 0x0, 0x0, 0x0, 0x0, 0x1e,
    0xf2, 0x0, 0x0, 0x2f, 0xa0, 0x0, 0x0, 0x0,
    0x1c, 0xf8, 0x0, 0x0, 0x3, 0xf9, 0x0, 0x0,
    0x0, 0x3d, 0xfb, 0x0, 0x0, 0x0, 0x6f, 0x70,
    0x0, 0x1, 0xaf, 0xf8, 0x0, 0x0, 0x5b, 0xae,
    0xf3, 0x0, 0x0, 0xc, 0xc3, 0x0, 0x0, 0x4,
    0xef, 0xe7, 0x0, 0x0, 0x0, 0x0, 0x0, 0x0,
    0x0, 0x0, 0x0, 0x0, 0x0, 0x0,

    /* U+5207 "切" */
    0x0, 0x7e, 0x0, 0x0, 0x3f, 0xff, 0xff, 0xff,
    0xf6, 0x0, 0x7e, 0x0, 0x0, 0x17, 0x9f, 0xa7,
    0x78, 0xf6, 0x0, 0x7e, 0x0, 0x0, 0x0, 0x3f,
    0x50, 0x0, 0xf6, 0x0, 0x7e, 0x3, 0x7b, 0x0,
    0x3f, 0x50, 0x0, 0xf6, 0x1, 0xaf, 0xff, 0xfc,
    0x0, 0x3f, 0x50, 0x1, 0xf6, 0xbf, 0xff, 0x95,
    0x0, 0x0, 0x4f, 0x40, 0x1, 0xf5, 0x86, 0x9e,
    0x0, 0x0, 0x0, 0x5f, 0x30, 0x1, 0xf5, 0x0,
    0x7e, 0x0, 0x0, 0x0, 0x5f, 0x30, 0x1, 0xf5,
    0x0, 0x7e, 0x0, 0x0, 0x0, 0x7f, 0x20, 0x2,
    0xf4, 0x0, 0x7e, 0x0, 0x0, 0x0, 0x8f, 0x0,
    0x2, 0xf4, 0x0, 0x7e, 0x0, 0x0, 0x0, 0xae,
    0x0, 0x3, 0xf3, 0x0, 0x7e, 0x0, 0x0, 0x0,
    0xdc, 0x0, 0x4, 0xf2, 0x0, 0x7e, 0x0, 0x3b,
    0x1, 0xf8, 0x0, 0x5, 0xf2, 0x0, 0x7e, 0x3b,
    0xfe, 0x17, 0xf3, 0x0, 0x6, 0xf0, 0x0, 0x7f,
    0xff, 0x80, 0xe, 0xd0, 0x0, 0x8, 0xf0, 0x0,
    0x3d, 0x71, 0x0, 0x7f, 0x60, 0x0, 0xa, 0xd0,
    0x0, 0x0, 0x0, 0x2, 0xfd, 0x0, 0x8a, 0x8f,
    0x90, 0x0, 0x0, 0x0, 0x2, 0xe3, 0x0, 0x6d,
    0xfc, 0x10, 0x0, 0x0, 0x0, 0x0, 0x0, 0x0,
    0x0, 0x0, 0x0,

    /* U+5212 "划" */
    0x0, 0x0, 0x0, 0x0, 0x0, 0x0, 0x0, 0x0,
    0x21, 0x0, 0x2f, 0x70, 0x2, 0x0, 0x0, 0x0,
    0x1, 0xf7, 0x0, 0x1f, 0x80, 0x9e, 0x20, 0x0,
    0x0, 0x1, 0xf7, 0x0, 0xf, 0x90, 0x1d, 0xd0,
    0x0, 0xae, 0x1, 0xf7, 0x0, 0xf, 0x90, 0x1,
    0x50, 0x0, 0xae, 0x1, 0xf7, 0x0, 0xe, 0xa0,
    0x0, 0x35, 0x20, 0xae, 0x1, 0xf7, 0x1, 0x4e,
    0xeb, 0xef, 0xff, 0x60, 0xae, 0x1, 0xf7, 0xaf,
    0xff, 0xfd, 0xb8, 0x63, 0x0, 0xae, 0x1, 0xf7,
    0x57, 0x5a, 0xf0, 0x0, 0x10, 0x0, 0xae, 0x1,
    0xf7, 0x0, 0x5, 0xf4, 0x1, 0xf7, 0x0, 0xae,
    0x1, 0xf7, 0x0, 0x1, 0xf8, 0x9, 0xf2, 0x0,
    0xae, 0x1, 0xf7, 0x0, 0x0, 0xdc, 0x4f, 0x80,
    0x0, 0xae, 0x1, 0xf7, 0x0, 0x0, 0x8f, 0xed,
    0x0, 0x0, 0xae, 0x1, 0xf7, 0x0, 0x0, 0x4f,
    0xf2, 0x0, 0x0, 0xae, 0x1, 0xf7, 0x0, 0x4,
    0xef, 0xd0, 0x0, 0x0, 0x23, 0x1, 0xf7, 0x0,
    0x9f, 0xe9, 0xf4, 0x5, 0xa0, 0x0, 0x1, 0xf7,
    0x4e, 0xfb, 0x10, 0xdc, 0x8, 0xd0, 0x0, 0x1,
    0xf7, 0x2d, 0x40, 0x0, 0x3f, 0xbe, 0x80, 0x5b,
    0x8a, 0xf6, 0x0, 0x0, 0x0, 0x4, 0xdd, 0x10,
    0x2c, 0xef, 0xc1,

    /* U+5217 "列" */
    0xb, 0xff, 0xff, 0xff, 0xff, 0xf4, 0x0, 0x0,
    0xea, 0x5, 0x77, 0xaf, 0x97, 0x77, 0x72, 0x10,
    0x0, 0xea, 0x0, 0x0, 0x8f, 0x0, 0x0, 0x0,
    0xf7, 0x0, 0xea, 0x0, 0x0, 0xcb, 0x0, 0x0,
    0x0, 0xf7, 0x0, 0xea, 0x0, 0x2, 0xfb, 0x66,
    0x66, 0x0, 0xf7, 0x0, 0xea, 0x0, 0x8, 0xff,
    0xff, 0xfe, 0x0, 0xf7, 0x0, 0xea, 0x0, 0x1e,
    0xb2, 0x22, 0xcc, 0x0, 0xf7, 0x0, 0xea, 0x0,
    0x8f, 0x30, 0x0, 0xe9, 0x0, 0xf7, 0x0, 0xea,
    0x1, 0xff, 0x40, 0x2, 0xf5, 0x0, 0xf7, 0x0,
    0xea, 0xb, 0xfe, 0xf4, 0x7, 0xf1, 0x0, 0xf7,
    0x0, 0xea, 0xa, 0x82, 0xef, 0x2d, 0xb0, 0x0,
    0xf7, 0x0, 0xea, 0x0, 0x0, 0x39, 0x5f, 0x40,
    0x0, 0xf7, 0x0, 0xea, 0x0, 0x0, 0x1, 0xec,
    0x0, 0x0, 0xf7, 0x0, 0xea, 0x0, 0x0, 0xb,
    0xf2, 0x0, 0x0, 0x42, 0x0, 0xea, 0x0, 0x0,
    0xaf, 0x60, 0x0, 0x0, 0x0, 0x0, 0xea, 0x0,
    0x2c, 0xf8, 0x0, 0x0, 0x0, 0x0, 0x0, 0xfa,
    0x6, 0xff, 0x60, 0x0, 0x0, 0x0, 0x2d, 0xaa,
    0xf9, 0x2, 0xc3, 0x0, 0x0, 0x0, 0x0, 0xb,
    0xef, 0xd3,

    /* U+521D "初" */
    0x0, 0x4, 0xa0, 0x0, 0x0, 0x0, 0x0, 0x0,
    0x0, 0x0, 0x0, 0x6f, 0x40, 0x2, 0xff, 0xff,
    0xff, 0xff, 0xf1, 0x0, 0x0, 0xeb, 0x0, 0x17,
    0x8f, 0xb7, 0x77, 0xcf, 0x10, 0x27, 0x7c, 0xf7,
    0x70, 0x1, 0xf7, 0x0, 0x8, 0xf1, 0x5, 0xff,
    0xff, 0xff, 0x0, 0x1f, 0x70, 0x0, 0x8f, 0x10,
    0x0, 0x0, 0xe, 0xb0, 0x1, 0xf7, 0x0, 0x8,
    0xf1, 0x0, 0x0, 0x8, 0xf2, 0x0, 0x1f, 0x70,
    0x0, 0x8f, 0x10, 0x0, 0x3, 0xf8, 0x0, 0x1,
    0xf7, 0x0, 0x8, 0xf1, 0x0, 0x2, 0xee, 0x7,
    0xb0, 0x1f, 0x70, 0x0, 0x9f, 0x0, 0x2, 0xef,
    0xd3, 0xfa, 0x2, 0xf6, 0x0, 0x9, 0xf0, 0x6,
    0xff, 0xef, 0xfd, 0x0, 0x5f, 0x40, 0x0, 0x9f,
    0x1, 0xfe, 0x3c, 0xce, 0xd1, 0x9, 0xf1, 0x0,
    0xa, 0xf0, 0x4, 0x10, 0xcb, 0x3f, 0xd0, 0xdc,
    0x0, 0x0, 0xbe, 0x0, 0x0, 0xc, 0xb0, 0x7c,
    0x4f, 0x70, 0x0, 0xc, 0xd0, 0x0, 0x0, 0xcb,
    0x0, 0x1c, 0xf1, 0x0, 0x0, 0xdb, 0x0, 0x0,
    0xc, 0xb0, 0x6, 0xf8, 0x0, 0x0, 0xf, 0xa0,
    0x0, 0x0, 0xcb, 0x2, 0xfd, 0x0, 0x0, 0x3,
    0xf7, 0x0, 0x0, 0xc, 0xb2, 0xef, 0x20, 0x0,
    0xcc, 0xff, 0x20, 0x0, 0x0, 0xcb, 0x3c, 0x30,
    0x0, 0xc, 0xfd, 0x50, 0x0,

    /* U+5224 "判" */
    0x0, 0x0, 0x4f, 0x50, 0x0, 0x0, 0x0, 0x1,
    0xe7, 0x1d, 0x70, 0x4f, 0x50, 0x6f, 0x30, 0x0,
    0x1, 0xf7, 0xb, 0xe0, 0x4f, 0x50, 0xbe, 0x0,
    0x9f, 0x1, 0xf7, 0x4, 0xf7, 0x4f, 0x51, 0xf9,
    0x0, 0x9f, 0x1, 0xf7, 0x0, 0xc6, 0x4f, 0x53,
    0xe3, 0x0, 0x9f, 0x1, 0xf7, 0x2, 0x22, 0x5f,
    0x62, 0x32, 0x10, 0x9f, 0x1, 0xf7, 0x2f, 0xff,
    0xff, 0xff, 0xff, 0x80, 0x9f, 0x1, 0xf7, 0x5,
    0x55, 0x7f, 0x85, 0x55, 0x20, 0x9f, 0x1, 0xf7,
    0x0, 0x0, 0x4f, 0x50, 0x0, 0x0, 0x9f, 0x1,
    0xf7, 0x0, 0x0, 0x4f, 0x50, 0x0, 0x0, 0x9f,
    0x1, 0xf7, 0x36, 0x66, 0x8f, 0x96, 0x66, 0x50,
    0x9f, 0x1, 0xf7, 0x8f, 0xff, 0xff, 0xff, 0xff,
    0xe0, 0x9f, 0x1, 0xf7, 0x1, 0x11, 0x9f, 0x21,
    0x11, 0x10, 0x9f, 0x1, 0xf7, 0x0, 0x0, 0xdd,
    0x0, 0x0, 0x0, 0x24, 0x1, 0xf7, 0x0, 0x4,
    0xf7, 0x0, 0x0, 0x0, 0x0, 0x1, 0xf7, 0x0,
    0x1e, 0xf1, 0x0, 0x0, 0x0, 0x0, 0x1, 0xf7,
    0x0, 0xcf, 0x60, 0x0, 0x0, 0x0, 0x4b, 0x8a,
    0xf6, 0x1, 0xb8, 0x0, 0x0, 0x0, 0x0, 0x2c,
    0xef, 0xc1, 0x0, 0x0, 0x0, 0x0, 0x0, 0x0,
    0x0, 0x0, 0x0,

    /* U+5229 "利" */
    0x0, 0x0, 0x0, 0x0, 0x0, 0x0, 0x0, 0x0,
    0x0, 0x0, 0x0, 0x2, 0x58, 0xcf, 0xa0, 0x0,
    0x0, 0x9f, 0x4, 0xbd, 0xff, 0xff, 0xc9, 0x50,
    0x0, 0x0, 0x9f, 0x2, 0xdb, 0x89, 0xf4, 0x0,
    0x0, 0xea, 0x0, 0x9f, 0x0, 0x0, 0x4, 0xf4,
    0x0, 0x0, 0xea, 0x0, 0x9f, 0x0, 0x0, 0x4,
    0xf4, 0x0, 0x0, 0xea, 0x0, 0x9f, 0x4, 0xcc,
    0xcd, 0xfd, 0xcc, 0xc0, 0xea, 0x0, 0x9f, 0x4,
    0xbb, 0xbd, 0xfc, 0xbb, 0xb0, 0xea, 0x0, 0x9f,
    0x0, 0x0, 0xd, 0xf4, 0x0, 0x0, 0xea, 0x0,
    0x9f, 0x0, 0x0, 0x5f, 0xfc, 0x0, 0x0, 0xea,
    0x0, 0x9f, 0x0, 0x0, 0xef, 0xff, 0xc0, 0x0,
    0xea, 0x0, 0x9f, 0x0, 0x9, 0xf8, 0xf9, 0xfa,
    0x0, 0xea, 0x0, 0x9f, 0x0, 0x6f, 0x94, 0xf4,
    0x8f, 0x70, 0xea, 0x0, 0x9f, 0x6, 0xfd, 0x4,
    0xf4, 0xb, 0xf2, 0xea, 0x0, 0x9f, 0xc, 0xe2,
    0x4, 0xf4, 0x1, 0x80, 0x32, 0x0, 0x9f, 0x2,
    0x30, 0x4, 0xf4, 0x0, 0x0, 0x0, 0x0, 0x9f,
    0x0, 0x0, 0x4, 0xf4, 0x0, 0x0, 0x0, 0x0,
    0x9f, 0x0, 0x0, 0x4, 0xf4, 0x0, 0x0, 0xe,
    0xa9, 0xee, 0x0, 0x0, 0x4, 0xf4, 0x0, 0x0,
    0xa, 0xef, 0xe6,

    /* U+522B "别" */
    0x7, 0xff, 0xff, 0xff, 0xfa, 0x0, 0x0, 0x1,
    0xf7, 0x7, 0xf8, 0x77, 0x77, 0xfa, 0x0, 0x0,
    0x1, 0xf7, 0x7, 0xf1, 0x0, 0x0, 0xea, 0x0,
    0xae, 0x1, 0xf7, 0x7, 0xf1, 0x0, 0x0, 0xea,
    0x0, 0xae, 0x1, 0xf7, 0x7, 0xf1, 0x0, 0x0,
    0xea, 0x0, 0xae, 0x1, 0xf7, 0x7, 0xff, 0xff,
    0xff, 0xfa, 0x0, 0xae, 0x1, 0xf7, 0x4, 0x88,
    0x88, 0x88, 0x85, 0x0, 0xae, 0x1, 0xf7, 0x0,
    0x1, 0xc4, 0x0, 0x0, 0x0, 0xae, 0x1, 0xf7,
    0x0, 0x2, 0xf5, 0x0, 0x0, 0x0, 0xae, 0x1,
    0xf7, 0x5f, 0xff, 0xff, 0xff, 0xfe, 0x0, 0xae,
    0x1, 0xf7, 0x27, 0x79, 0xf9, 0x77, 0xdf, 0x0,
    0xae, 0x1, 0xf7, 0x0, 0x6, 0xf2, 0x0, 0xbe,
    0x0, 0xae, 0x1, 0xf7, 0x0, 0x8, 0xf0, 0x0,
    0xbe, 0x0, 0xae, 0x1, 0xf7, 0x0, 0xe, 0xc0,
    0x0, 0xcd, 0x0, 0x23, 0x1, 0xf7, 0x0, 0x5f,
    0x70, 0x0, 0xdc, 0x0, 0x0, 0x1, 0xf7, 0x2,
    0xfd, 0x0, 0x0, 0xfb, 0x0, 0x0, 0x1, 0xf7,
    0x3e, 0xf3, 0xa, 0xab, 0xf8, 0x0, 0x4a, 0x8a,
    0xf6, 0x3d, 0x30, 0x8, 0xef, 0xa1, 0x0, 0x2c,
    0xef, 0xc1, 0x0, 0x0, 0x0, 0x0, 0x0, 0x0,
    0x0, 0x0, 0x0,

    /* U+5230 "到" */
    0xc, 0xff, 0xff, 0xff, 0xff, 0xf1, 0x0, 0x0,
    0x9f, 0x5, 0x77, 0xcf, 0xa7, 0x77, 0x70, 0x1,
    0x0, 0x9f, 0x0, 0x0, 0xde, 0x1, 0x40, 0x0,
    0x8f, 0x0, 0x9f, 0x0, 0x6, 0xf7, 0x9, 0xf2,
    0x0, 0x8f, 0x0, 0x9f, 0x0, 0x1e, 0xe0, 0x1,
    0xfa, 0x0, 0x8f, 0x0, 0x9f, 0x0, 0xcf, 0x43,
    0x58, 0xef, 0x20, 0x8f, 0x0, 0x9f, 0x6, 0xff,
    0xff, 0xff, 0xdf, 0x80, 0x8f, 0x0, 0x9f, 0x2,
    0xa9, 0x75, 0x20, 0xd, 0xc0, 0x8f, 0x0, 0x9f,
    0x0, 0x0, 0xa, 0xa0, 0x2, 0x0, 0x8f, 0x0,
    0x9f, 0x0, 0x0, 0xc, 0xc0, 0x0, 0x0, 0x8f,
    0x0, 0x9f, 0x1, 0x22, 0x2c, 0xc2, 0x22, 0x10,
    0x8f, 0x0, 0x9f, 0x7, 0xff, 0xff, 0xff, 0xff,
    0x80, 0x8f, 0x0, 0x9f, 0x3, 0x77, 0x7e, 0xe7,
    0x77, 0x30, 0x8f, 0x0, 0x9f, 0x0, 0x0, 0xc,
    0xc0, 0x0, 0x0, 0x24, 0x0, 0x9f, 0x0, 0x0,
    0xc, 0xc0, 0x13, 0x50, 0x0, 0x0, 0x9f, 0x2,
    0x35, 0x7e, 0xfe, 0xff, 0xf3, 0x0, 0x0, 0x9f,
    0xd, 0xff, 0xff, 0xca, 0x75, 0x20, 0x7, 0xa9,
    0xee, 0x5, 0x74, 0x20, 0x0, 0x0, 0x0, 0x5,
    0xdf, 0xe6,

    /* U+524D "前" */
    0x0, 0x0, 0x3, 0x0, 0x0, 0x0, 0x0, 0x0,
    0x0, 0x0, 0x0, 0x8f, 0x40, 0x0, 0x0, 0xae,
    0x40, 0x0, 0x0, 0x0, 0x1e, 0xd0, 0x0, 0x4,
    0xfb, 0x0, 0x0, 0x24, 0x44, 0x48, 0x64, 0x44,
    0x4d, 0xf5, 0x44, 0x44, 0x8f, 0xff, 0xff, 0xff,
    0xff, 0xff, 0xff, 0xff, 0xfe, 0x12, 0x22, 0x22,
    0x22, 0x22, 0x22, 0x22, 0x22, 0x21, 0x1, 0x33,
    0x33, 0x33, 0x20, 0x0, 0x0, 0x6, 0x70, 0x6,
    0xff, 0xff, 0xff, 0xc0, 0x9, 0xc0, 0xa, 0xd0,
    0x6, 0xf1, 0x11, 0x1a, 0xc0, 0xa, 0xd0, 0xa,
    0xd0, 0x6, 0xf1, 0x11, 0x1a, 0xc0, 0xa, 0xd0,
    0xa, 0xd0, 0x6, 0xff, 0xff, 0xff, 0xc0, 0xa,
    0xd0, 0xa, 0xd0, 0x6, 0xf4, 0x44, 0x4b, 0xc0,
    0xa, 0xd0, 0xa, 0xd0, 0x6, 0xf0, 0x0, 0xa,
    0xc0, 0xa, 0xd0, 0xa, 0xd0, 0x6, 0xfd, 0xdd,
    0xdf, 0xc0, 0xa, 0xd0, 0xa, 0xd0, 0x6, 0xf8,
    0x88, 0x8d, 0xc0, 0xa, 0xd0, 0xa, 0xd0, 0x6,
    0xf0, 0x0, 0xa, 0xc0, 0x4, 0x60, 0xa, 0xd0,
    0x6, 0xf0, 0x0, 0xa, 0xc0, 0x0, 0x0, 0xa,
    0xd0, 0x6, 0xf0, 0x9, 0x8e, 0xb0, 0x0, 0x6b,
    0x8e, 0xc0, 0x6, 0xf0, 0xb, 0xfe, 0x40, 0x0,
    0x3d, 0xff, 0x60, 0x1, 0x20, 0x0, 0x0, 0x0,
    0x0, 0x0, 0x0, 0x0,

    /* U+529B "力" */
    0x0, 0x0, 0x0, 0x3f, 0x50, 0x0, 0x0, 0x0,
    0x0, 0x0, 0x0, 0x3, 0xf5, 0x0, 0x0, 0x0,
    0x0, 0x0, 0x0, 0x0, 0x3f, 0x50, 0x0, 0x0,
    0x0, 0x0, 0x58, 0x88, 0x8a, 0xfa, 0x88, 0x88,
    0x88, 0x85, 0xa, 0xff, 0xff, 0xff, 0xff, 0xff,
    0xff, 0xff, 0x90, 0x0, 0x0, 0x4, 0xf4, 0x0,
    0x0, 0x0, 0xf9, 0x0, 0x0, 0x0, 0x5f, 0x30,
    0x0, 0x0, 0xf, 0x90, 0x0, 0x0, 0x7, 0xf2,
    0x0, 0x0, 0x0, 0xf9, 0x0, 0x0, 0x0, 0xaf,
    0x0, 0x0, 0x0, 0x1f, 0x80, 0x0, 0x0, 0xe,
    0xb0, 0x0, 0x0, 0x1, 0xf8, 0x0, 0x0, 0x5,
    0xf6, 0x0, 0x0, 0x0, 0x1f, 0x80, 0x0, 0x0,
    0xcf, 0x0, 0x0, 0x0, 0x2, 0xf7, 0x0, 0x0,
    0x5f, 0x80, 0x0, 0x0, 0x0, 0x3f, 0x60, 0x0,
    0x2e, 0xe0, 0x0, 0x0, 0x0, 0x4, 0xf5, 0x0,
    0xd, 0xf4, 0x0, 0x0, 0x0, 0x0, 0x6f, 0x30,
    0x1c, 0xf7, 0x0, 0x0, 0x0, 0x0, 0x9, 0xf1,
    0x2d, 0xf7, 0x0, 0x0, 0x0, 0x79, 0x89, 0xfb,
    0x7, 0xf6, 0x0, 0x0, 0x0, 0x7, 0xff, 0xfc,
    0x10, 0x3, 0x0, 0x0, 0x0, 0x0, 0x0, 0x0,
    0x0, 0x0,

    /* U+52A0 "加" */
    0x0, 0x0, 0xf8, 0x0, 0x0, 0x0, 0x0, 0x0,
    0x0, 0x0, 0x0, 0xf, 0x80, 0x0, 0x0, 0x56,
    0x66, 0x66, 0x61, 0x0, 0x0, 0xf8, 0x0, 0x0,
    0xe, 0xff, 0xff, 0xff, 0x40, 0x78, 0x8f, 0xc8,
    0x88, 0x50, 0xe9, 0x0, 0x3, 0xf4, 0xc, 0xff,
    0xff, 0xff, 0xfa, 0xe, 0x90, 0x0, 0x3f, 0x40,
    0x0, 0xf, 0x80, 0xc, 0xa0, 0xe9, 0x0, 0x3,
    0xf4, 0x0, 0x1, 0xf7, 0x0, 0xca, 0xe, 0x90,
    0x0, 0x3f, 0x40, 0x0, 0x2f, 0x70, 0xd, 0xa0,
    0xe9, 0x0, 0x3, 0xf4, 0x0, 0x3, 0xf5, 0x0,
    0xda, 0xe, 0x90, 0x0, 0x3f, 0x40, 0x0, 0x5f,
    0x40, 0xd, 0x90, 0xe9, 0x0, 0x3, 0xf4, 0x0,
    0x7, 0xf1, 0x0, 0xd9, 0xe, 0x90, 0x0, 0x3f,
    0x40, 0x0, 0xbf, 0x0, 0xe, 0x90, 0xe9, 0x0,
    0x3, 0xf4, 0x0, 0xf, 0xb0, 0x0, 0xf8, 0xe,
    0x90, 0x0, 0x3f, 0x40, 0x4, 0xf7, 0x0, 0xf,
    0x70, 0xe9, 0x0, 0x3, 0xf4, 0x0, 0xbf, 0x10,
    0x1, 0xf5, 0xe, 0xff, 0xff, 0xff, 0x40, 0x4f,
    0xb0, 0x0, 0x4f, 0x30, 0xeb, 0x66, 0x68, 0xf4,
    0x1e, 0xf2, 0x49, 0x8d, 0xe0, 0xb, 0x70, 0x0,
    0x2b, 0x30, 0xc7, 0x2, 0xef, 0xd3, 0x0, 0x0,
    0x0, 0x0, 0x0, 0x1, 0x0, 0x0, 0x0, 0x0,
    0x0, 0x0, 0x0, 0x0, 0x0,

    /* U+52A8 "动" */
    0x0, 0x0, 0x0, 0x0, 0x0, 0xa, 0xe0, 0x0,
    0x0, 0x19, 0x99, 0x99, 0x94, 0x0, 0xa, 0xe0,
    0x0, 0x0, 0x2d, 0xdd, 0xdd, 0xd5, 0x0, 0xa,
    0xe0, 0x0, 0x0, 0x0, 0x0, 0x0, 0x0, 0x8,
    0x8d, 0xf8, 0x88, 0x84, 0x0, 0x0, 0x0, 0x0,
    0x1f, 0xff, 0xff, 0xff, 0xf8, 0x33, 0x33, 0x33,
    0x33, 0x0, 0xa, 0xe0, 0x0, 0xf7, 0xdf, 0xff,
    0xff, 0xff, 0x10, 0xb, 0xd0, 0x0, 0xf7, 0x34,
    0x6f, 0xa4, 0x44, 0x0, 0xc, 0xc0, 0x0, 0xf7,
    0x0, 0x7f, 0x30, 0x0, 0x0, 0xe, 0xb0, 0x0,
    0xf7, 0x0, 0xbe, 0x0, 0x30, 0x0, 0xf, 0x90,
    0x0, 0xf6, 0x1, 0xf9, 0x5, 0xf4, 0x0, 0x3f,
    0x60, 0x1, 0xf6, 0x7, 0xf2, 0x0, 0xea, 0x0,
    0x7f, 0x20, 0x1, 0xf5, 0xe, 0xb0, 0x0, 0x8f,
    0x10, 0xce, 0x0, 0x2, 0xf4, 0x7f, 0x21, 0x59,
    0xef, 0x52, 0xf9, 0x0, 0x4, 0xf4, 0xef, 0xef,
    0xfe, 0xae, 0x9a, 0xf2, 0x0, 0x6, 0xf2, 0x8b,
    0x86, 0x20, 0x3, 0x6f, 0xa0, 0x0, 0x8, 0xf1,
    0x0, 0x0, 0x0, 0x2, 0xee, 0x10, 0x6b, 0x9e,
    0xd0, 0x0, 0x0, 0x0, 0x5, 0xf3, 0x0, 0x4d,
    0xfe, 0x30, 0x0, 0x0, 0x0, 0x0, 0x10, 0x0,
    0x0, 0x0, 0x0,

    /* U+52A9 "助" */
    0x1, 0xff, 0xff, 0xff, 0xe0, 0x0, 0x9f, 0x0,
    0x0, 0x0, 0x1f, 0xb7, 0x77, 0xde, 0x0, 0x9,
    0xf0, 0x0, 0x0, 0x1, 0xf7, 0x0, 0xa, 0xe0,
    0x44, 0xbf, 0x44, 0x44, 0x20, 0x1f, 0x70, 0x0,
    0xae, 0xf, 0xff, 0xff, 0xff, 0xf8, 0x1, 0xf7,
    0x0, 0xa, 0xe0, 0xaa, 0xdf, 0xaa, 0xaf, 0x80,
    0x1f, 0xc8, 0x88, 0xde, 0x0, 0xa, 0xe0, 0x0,
    0xe8, 0x1, 0xff, 0xff, 0xff, 0xe0, 0x0, 0xae,
    0x0, 0xf, 0x80, 0x1f, 0x70, 0x0, 0xae, 0x0,
    0xc, 0xd0, 0x0, 0xf8, 0x1, 0xf7, 0x0, 0xa,
    0xe0, 0x0, 0xdb, 0x0, 0xf, 0x70, 0x1f, 0x81,
    0x11, 0xae, 0x0, 0xf, 0x90, 0x0, 0xf7, 0x1,
    0xff, 0xff, 0xff, 0xe0, 0x3, 0xf6, 0x0, 0xf,
    0x60, 0x1f, 0xa6, 0x66, 0xce, 0x0, 0x6f, 0x30,
    0x1, 0xf6, 0x1, 0xf7, 0x0, 0xa, 0xe0, 0xb,
    0xe0, 0x0, 0x2f, 0x50, 0x1f, 0x70, 0x0, 0xae,
    0x21, 0xf9, 0x0, 0x3, 0xf4, 0x1, 0xf7, 0x25,
    0x8e, 0xf9, 0x9f, 0x30, 0x0, 0x5f, 0x30, 0xaf,
    0xff, 0xff, 0xc8, 0x6f, 0xb0, 0x0, 0x7, 0xf1,
    0xe, 0xeb, 0x85, 0x10, 0x1d, 0xf2, 0x5, 0xb9,
    0xed, 0x0, 0x0, 0x0, 0x0, 0x3, 0xf4, 0x0,
    0x4d, 0xfe, 0x40, 0x0, 0x0, 0x0, 0x0, 0x1,
    0x0, 0x0, 0x0, 0x0, 0x0,

    /* U+52D2 "勒" */
    0x4, 0xf2, 0x0, 0x8e, 0x0, 0x3, 0xf6, 0x0,
    0x0, 0x79, 0xf8, 0x77, 0xbf, 0x74, 0x3, 0xf6,
    0x0, 0x0, 0xff, 0xff, 0xff, 0xff, 0xf9, 0x3,
    0xf6, 0x0, 0x0, 0x4, 0xf2, 0x0, 0x8e, 0x1,
    0xbc, 0xfd, 0xbb, 0xb6, 0x4, 0xff, 0xff, 0xfe,
    0x1, 0x89, 0xfb, 0x88, 0xf9, 0x1, 0x66, 0xfb,
    0x65, 0x0, 0x3, 0xf5, 0x0, 0xf9, 0x0, 0x0,
    0xe9, 0x0, 0x0, 0x4, 0xf5, 0x0, 0xf9, 0x7f,
    0xff, 0xff, 0xff, 0xf2, 0x5, 0xf4, 0x0, 0xf8,
    0x8e, 0x66, 0xfb, 0x68, 0xf2, 0x6, 0xf2, 0x0,
    0xf8, 0x8e, 0x0, 0xe9, 0x4, 0xf2, 0x8, 0xf1,
    0x1, 0xf8, 0x8e, 0x66, 0xfb, 0x68, 0xf2, 0xb,
    0xe0, 0x1, 0xf7, 0x7f, 0xff, 0xff, 0xff, 0xf2,
    0xe, 0xb0, 0x2, 0xf7, 0x0, 0x0, 0xe9, 0x0,
    0x0, 0x2f, 0x70, 0x2, 0xf6, 0xff, 0xff, 0xff,
    0xff, 0xf8, 0x7f, 0x30, 0x3, 0xf5, 0x77, 0x77,
    0xfc, 0x77, 0x74, 0xed, 0x0, 0x4, 0xf3, 0x0,
    0x0, 0xe9, 0x0, 0x6, 0xf6, 0x0, 0x6, 0xf1,
    0x0, 0x0, 0xe9, 0x0, 0x2f, 0xc0, 0x7b, 0x8d,
    0xd0, 0x0, 0x0, 0xe9, 0x0, 0x2c, 0x20, 0x4c,
    0xee, 0x40,

    /* U+5316 "化" */
    0x0, 0x0, 0x2, 0x10, 0x0, 0x0, 0x0, 0x0,
    0x0, 0x0, 0x0, 0x0, 0xce, 0x0, 0xf, 0xa0,
    0x0, 0x0, 0x0, 0x0, 0x0, 0x2f, 0x70, 0x0,
    0xfa, 0x0, 0x0, 0x10, 0x0, 0x0, 0x9, 0xf1,
    0x0, 0xf, 0xa0, 0x0, 0xc, 0xd0, 0x0, 0x1,
    0xf9, 0x0, 0x0, 0xfa, 0x0, 0xa, 0xf6, 0x0,
    0x0, 0xaf, 0x30, 0x0, 0xf, 0xa0, 0x9, 0xf9,
    0x0, 0x0, 0x4f, 0xf1, 0x0, 0x0, 0xfa, 0xa,
    0xfa, 0x0, 0x0, 0x1e, 0xff, 0x10, 0x0, 0xf,
    0xbc, 0xfa, 0x0, 0x0, 0xb, 0xfd, 0xf1, 0x0,
    0x0, 0xff, 0xf9, 0x0, 0x0, 0x1, 0xf9, 0x7f,
    0x10, 0x0, 0x8f, 0xf6, 0x0, 0x0, 0x0, 0x6,
    0x7, 0xf1, 0x4, 0xdf, 0xfa, 0x0, 0x0, 0x0,
    0x0, 0x0, 0x7f, 0x10, 0x7e, 0x6f, 0xa0, 0x0,
    0x0, 0x0, 0x0, 0x7, 0xf1, 0x0, 0x0, 0xfa,
    0x0, 0x0, 0x0, 0x0, 0x0, 0x7f, 0x10, 0x0,
    0xf, 0xa0, 0x0, 0x0, 0x41, 0x0, 0x7, 0xf1,
    0x0, 0x0, 0xfa, 0x0, 0x0, 0xb, 0xe0, 0x0,
    0x7f, 0x10, 0x0, 0xf, 0xa0, 0x0, 0x0, 0xcd,
    0x0, 0x7, 0xf1, 0x0, 0x0, 0xfa, 0x0, 0x0,
    0x1f, 0xa0, 0x0, 0x7f, 0x10, 0x0, 0xf, 0xf9,
    0x99, 0xae, 0xf6, 0x0, 0x7, 0xf1, 0x0, 0x0,
    0x7e, 0xff, 0xfe, 0xc9, 0x0,

    /* U+5339 "匹" */
    0xff, 0xff, 0xff, 0xff, 0xff, 0xff, 0xff, 0xfd,
    0xf, 0xff, 0xff, 0xff, 0xff, 0xff, 0xff, 0xff,
    0xc0, 0xf9, 0x0, 0xa, 0xc0, 0x0, 0xf7, 0x0,
    0x0, 0xf, 0x90, 0x0, 0xbc, 0x0, 0xf, 0x70,
    0x0, 0x0, 0xf9, 0x0, 0xb, 0xc0, 0x0, 0xf7,
    0x0, 0x0, 0xf, 0x90, 0x0, 0xcb, 0x0, 0xf,
    0x70, 0x0, 0x0, 0xf9, 0x0, 0xe, 0x90, 0x0,
    0xf7, 0x0, 0x0, 0xf, 0x90, 0x0, 0xf7, 0x0,
    0xf, 0x70, 0x0, 0x0, 0xf9, 0x0, 0x3f, 0x50,
    0x0, 0xf7, 0x0, 0x9a, 0xf, 0x90, 0x8, 0xf1,
    0x0, 0xf, 0x70, 0xa, 0xd0, 0xf9, 0x0, 0xec,
    0x0, 0x0, 0xf7, 0x0, 0xbc, 0xf, 0x90, 0x9f,
    0x40, 0x0, 0xf, 0xb6, 0x7f, 0x90, 0xf9, 0x6f,
    0x90, 0x0, 0x0, 0xbf, 0xff, 0xd2, 0xf, 0x92,
    0xa0, 0x0, 0x0, 0x0, 0x1, 0x0, 0x0, 0xf9,
    0x0, 0x0, 0x0, 0x0, 0x0, 0x0, 0x0, 0xf,
    0xc6, 0x66, 0x66, 0x66, 0x66, 0x66, 0x66, 0x63,
    0xff, 0xff, 0xff, 0xff, 0xff, 0xff, 0xff, 0xff,
    0x91, 0x11, 0x11, 0x11, 0x11, 0x11, 0x11, 0x11,
    0x10,

    /* U+533A "区" */
    0xff, 0xff, 0xff, 0xff, 0xff, 0xff, 0xff, 0xff,
    0xf, 0xc7, 0x77, 0x77, 0x77, 0x77, 0x77, 0x77,
    0x70, 0xf9, 0x0, 0x0, 0x0, 0x0, 0x0, 0x20,
    0x0, 0xf, 0x90, 0x5d, 0x20, 0x0, 0x0, 0x6f,
    0x50, 0x0, 0xf9, 0x4, 0xfe, 0x30, 0x0, 0x1f,
    0xd0, 0x0, 0xf, 0x90, 0x3, 0xef, 0x40, 0xb,
    0xf3, 0x0, 0x0, 0xf9, 0x0, 0x2, 0xef, 0x58,
    0xf8, 0x0, 0x0, 0xf, 0x90, 0x0, 0x2, 0xdf,
    0xfd, 0x0, 0x0, 0x0, 0xf9, 0x0, 0x0, 0x4,
    0xff, 0x70, 0x0, 0x0, 0xf, 0x90, 0x0, 0x1,
    0xef, 0xef, 0x40, 0x0, 0x0, 0xf9, 0x0, 0x2,
    0xdf, 0x62, 0xef, 0x30, 0x0, 0xf, 0x90, 0x3,
    0xef, 0x60, 0x4, 0xfe, 0x20, 0x0, 0xf9, 0x5,
    0xff, 0x50, 0x0, 0x6, 0xfd, 0x0, 0xf, 0x90,
    0xbe, 0x30, 0x0, 0x0, 0x8, 0x90, 0x0, 0xf9,
    0x1, 0x10, 0x0, 0x0, 0x0, 0x0, 0x0, 0xf,
    0xc6, 0x66, 0x66, 0x66, 0x66, 0x66, 0x66, 0x63,
    0xff, 0xff, 0xff, 0xff, 0xff, 0xff, 0xff, 0xff,
    0x91, 0x11, 0x11, 0x11, 0x11, 0x11, 0x11, 0x11,
    0x10,

    /* U+5347 "升" */
    0x0, 0x0, 0x0, 0x1, 0x66, 0x0, 0xea, 0x0,
    0x0, 0x0, 0x2, 0x58, 0xdf, 0xfd, 0x0, 0xea,
    0x0, 0x0, 0x3c, 0xff, 0xff, 0xc7, 0x30, 0x0,
    0xea, 0x0, 0x0, 0x1c, 0x96, 0x7f, 0x50, 0x0,
    0x0, 0xea, 0x0, 0x0, 0x0, 0x0, 0x5f, 0x50,
    0x0, 0x0, 0xea, 0x0, 0x0, 0x0, 0x0, 0x5f,
    0x50, 0x0, 0x0, 0xea, 0x0, 0x0, 0x0, 0x0,
    0x5f, 0x50, 0x0, 0x0, 0xea, 0x0, 0x0, 0x78,
    0x88, 0xaf, 0xa8, 0x88, 0x88, 0xfd, 0x88, 0x84,
    0xef, 0xff, 0xff, 0xff, 0xff, 0xff, 0xff, 0xff,
    0xf8, 0x0, 0x0, 0x5f, 0x40, 0x0, 0x0, 0xea,
    0x0, 0x0, 0x0, 0x0, 0x7f, 0x30, 0x0, 0x0,
    0xea, 0x0, 0x0, 0x0, 0x0, 0xbf, 0x0, 0x0,
    0x0, 0xea, 0x0, 0x0, 0x0, 0x1, 0xfb, 0x0,
    0x0, 0x0, 0xea, 0x0, 0x0, 0x0, 0x9, 0xf5,
    0x0, 0x0, 0x0, 0xea, 0x0, 0x0, 0x0, 0x5f,
    0xc0, 0x0, 0x0, 0x0, 0xea, 0x0, 0x0, 0x4,
    0xfe, 0x20, 0x0, 0x0, 0x0, 0xea, 0x0, 0x0,
    0x5f, 0xe3, 0x0, 0x0, 0x0, 0x0, 0xea, 0x0,
    0x0, 0xa, 0x20, 0x0, 0x0, 0x0, 0x0, 0xea,
    0x0, 0x0,

    /* U+534A "半" */
    0x0, 0x0, 0x0, 0x0, 0xec, 0x0, 0x0, 0x0,
    0x0, 0x0, 0x6e, 0x20, 0x0, 0xec, 0x0, 0x0,
    0xe9, 0x0, 0x0, 0x2f, 0xd0, 0x0, 0xec, 0x0,
    0x9, 0xf5, 0x0, 0x0, 0x5, 0xf9, 0x0, 0xec,
    0x0, 0x7f, 0xa0, 0x0, 0x0, 0x0, 0xb7, 0x0,
    0xec, 0x0, 0x7c, 0x0, 0x0, 0x2, 0x22, 0x22,
    0x22, 0xec, 0x22, 0x22, 0x22, 0x10, 0xf, 0xff,
    0xff, 0xff, 0xff, 0xff, 0xff, 0xff, 0xc0, 0x5,
    0x55, 0x55, 0x55, 0xed, 0x55, 0x55, 0x55, 0x40,
    0x0, 0x0, 0x0, 0x0, 0xec, 0x0, 0x0, 0x0,
    0x0, 0x0, 0x0, 0x0, 0x0, 0xec, 0x0, 0x0,
    0x0, 0x0, 0x56, 0x66, 0x66, 0x66, 0xed, 0x66,
    0x66, 0x66, 0x64, 0xef, 0xff, 0xff, 0xff, 0xff,
    0xff, 0xff, 0xff, 0xfb, 0x11, 0x11, 0x11, 0x11,
    0xec, 0x11, 0x11, 0x11, 0x11, 0x0, 0x0, 0x0,
    0x0, 0xec, 0x0, 0x0, 0x0, 0x0, 0x0, 0x0,
    0x0, 0x0, 0xec, 0x0, 0x0, 0x0, 0x0, 0x0,
    0x0, 0x0, 0x0, 0xec, 0x0, 0x0, 0x0, 0x0,
    0x0, 0x0, 0x0, 0x0, 0xec, 0x0, 0x0, 0x0,
    0x0, 0x0, 0x0, 0x0, 0x0, 0xec, 0x0, 0x0,
    0x0, 0x0,

    /* U+5355 "单" */
    0x0, 0x0, 0x2, 0x0, 0x0, 0x0, 0x30, 0x0,
    0x0, 0x0, 0x0, 0x9e, 0x10, 0x0, 0x1, 0xfb,
    0x0, 0x0, 0x0, 0x0, 0xe, 0x90, 0x0, 0x9,
    0xf3, 0x0, 0x0, 0x0, 0x55, 0x57, 0x55, 0x55,
    0x6f, 0xd5, 0x52, 0x0, 0x0, 0xff, 0xff, 0xff,
    0xff, 0xff, 0xff, 0xf8, 0x0, 0x0, 0xf9, 0x22,
    0x23, 0xf9, 0x22, 0x22, 0xf8, 0x0, 0x0, 0xf8,
    0x0, 0x1, 0xf9, 0x0, 0x1, 0xf8, 0x0, 0x0,
    0xff, 0xff, 0xff, 0xff, 0xff, 0xff, 0xf8, 0x0,
    0x0, 0xfc, 0x88, 0x89, 0xfc, 0x88, 0x88, 0xf8,
    0x0, 0x0, 0xf8, 0x0, 0x1, 0xf9, 0x0, 0x1,
    0xf8, 0x0, 0x0, 0xfb, 0x55, 0x56, 0xfb, 0x55,
    0x55, 0xf8, 0x0, 0x0, 0xff, 0xff, 0xff, 0xff,
    0xff, 0xff, 0xf8, 0x0, 0x0, 0x22, 0x22, 0x23,
    0xfa, 0x22, 0x22, 0x21, 0x0, 0x0, 0x0, 0x0,
    0x1, 0xf9, 0x0, 0x0, 0x0, 0x0, 0xef, 0xff,
    0xff, 0xff, 0xff, 0xff, 0xff, 0xff, 0xf6, 0x55,
    0x55, 0x55, 0x56, 0xfb, 0x55, 0x55, 0x55, 0x52,
    0x0, 0x0, 0x0, 0x1, 0xf9, 0x0, 0x0, 0x0,
    0x0, 0x0, 0x0, 0x0, 0x1, 0xf9, 0x0, 0x0,
    0x0, 0x0, 0x0, 0x0, 0x0, 0x1, 0xf9, 0x0,
    0x0, 0x0, 0x0,

    /* U+5360 "占" */
    0x0, 0x0, 0x0, 0xae, 0x0, 0x0, 0x0, 0x0,
    0x0, 0x0, 0x0, 0xae, 0x0, 0x0, 0x0, 0x0,
    0x0, 0x0, 0x0, 0xae, 0x0, 0x0, 0x0, 0x0,
    0x0, 0x0, 0x0, 0xaf, 0x88, 0x88, 0x88, 0x87,
    0x0, 0x0, 0x0, 0xaf, 0xff, 0xff, 0xff, 0xfd,
    0x0, 0x0, 0x0, 0xae, 0x0, 0x0, 0x0, 0x0,
    0x0, 0x0, 0x0, 0xae, 0x0, 0x0, 0x0, 0x0,
    0x0, 0x0, 0x0, 0xae, 0x0, 0x0, 0x0, 0x0,
    0x8, 0x88, 0x88, 0xdf, 0x88, 0x88, 0x88, 0x70,
    0xf, 0xff, 0xff, 0xff, 0xff, 0xff, 0xff, 0xe0,
    0xf, 0x80, 0x0, 0x0, 0x0, 0x0, 0xa, 0xe0,
    0xf, 0x80, 0x0, 0x0, 0x0, 0x0, 0xa, 0xe0,
    0xf, 0x80, 0x0, 0x0, 0x0, 0x0, 0xa, 0xe0,
    0xf, 0x80, 0x0, 0x0, 0x0, 0x0, 0xa, 0xe0,
    0xf, 0x80, 0x0, 0x0, 0x0, 0x0, 0xa, 0xe0,
    0xf, 0xff, 0xff, 0xff, 0xff, 0xff, 0xff, 0xe0,
    0xf, 0xc7, 0x77, 0x77, 0x77, 0x77, 0x7c, 0xe0,
    0xf, 0x80, 0x0, 0x0, 0x0, 0x0, 0xa, 0xe0,

    /* U+5361 "卡" */
    0x0, 0x0, 0x0, 0x1, 0xf7, 0x0, 0x0, 0x0,
    0x0, 0x0, 0x0, 0x0, 0x1, 0xf7, 0x0, 0x0,
    0x0, 0x0, 0x0, 0x0, 0x0, 0x1, 0xfc, 0x88,
    0x88, 0x84, 0x0, 0x0, 0x0, 0x0, 0x1, 0xff,
    0xff, 0xff, 0xf8, 0x0, 0x0, 0x0, 0x0, 0x1,
    0xf7, 0x0, 0x0, 0x0, 0x0, 0x0, 0x0, 0x0,
    0x1, 0xf7, 0x0, 0x0, 0x0, 0x0, 0x29, 0x99,
    0x99, 0x9a, 0xfc, 0x99, 0x99, 0x99, 0x98, 0x4f,
    0xff, 0xff, 0xff, 0xff, 0xff, 0xff, 0xff, 0xfd,
    0x0, 0x0, 0x0, 0x0, 0x0, 0x0, 0x0, 0x0,
    0x0, 0x0, 0x0, 0x0, 0x0, 0xf7, 0x0, 0x0,
    0x0, 0x0, 0x0, 0x0, 0x0, 0x1, 0xf7, 0x0,
    0x0, 0x0, 0x0, 0x0, 0x0, 0x0, 0x1, 0xfe,
    0x70, 0x0, 0x0, 0x0, 0x0, 0x0, 0x0, 0x1,
    0xfe, 0xfe, 0x70, 0x0, 0x0, 0x0, 0x0, 0x0,
    0x1, 0xf7, 0x4d, 0xfe, 0x70, 0x0, 0x0, 0x0,
    0x0, 0x1, 0xf7, 0x0, 0x6e, 0xf7, 0x0, 0x0,
    0x0, 0x0, 0x1, 0xf7, 0x0, 0x0, 0x70, 0x0,
    0x0, 0x0, 0x0, 0x1, 0xf7, 0x0, 0x0, 0x0,
    0x0, 0x0, 0x0, 0x0, 0x1, 0xf7, 0x0, 0x0,
    0x0, 0x0,

    /* U+5373 "即" */
    0xff, 0xff, 0xff, 0xf9, 0x1f, 0xff, 0xff, 0xff,
    0x7f, 0xb6, 0x66, 0x6f, 0x91, 0xfb, 0x77, 0x78,
    0xf7, 0xf8, 0x0, 0x0, 0xf9, 0x1f, 0x70, 0x0,
    0x1f, 0x7f, 0xa4, 0x44, 0x4f, 0x91, 0xf7, 0x0,
    0x1, 0xf7, 0xff, 0xff, 0xff, 0xf9, 0x1f, 0x70,
    0x0, 0x1f, 0x7f, 0x92, 0x22, 0x2f, 0x91, 0xf7,
    0x0, 0x1, 0xf7, 0xf8, 0x0, 0x0, 0xf9, 0x1f,
    0x70, 0x0, 0x1f, 0x7f, 0xc8, 0x88, 0x8f, 0x91,
    0xf7, 0x0, 0x1, 0xf7, 0xff, 0xff, 0xff, 0xf9,
    0x1f, 0x70, 0x0, 0x1f, 0x7f, 0x80, 0x0, 0x10,
    0x1, 0xf7, 0x0, 0x1, 0xf7, 0xf8, 0x0, 0x7f,
    0x20, 0x1f, 0x70, 0x0, 0x1f, 0x7f, 0x80, 0x1,
    0xfb, 0x1, 0xf7, 0x0, 0x1, 0xf7, 0xf8, 0x0,
    0x2c, 0xf4, 0x1f, 0x70, 0x65, 0x5f, 0x7f, 0x85,
    0xbf, 0xff, 0xc1, 0xf7, 0xe, 0xff, 0xf3, 0xff,
    0xfe, 0x81, 0xab, 0x1f, 0x70, 0x1, 0x21, 0xc,
    0xd6, 0x0, 0x0, 0x1, 0xf7, 0x0, 0x0, 0x0,
    0x0, 0x0, 0x0, 0x0, 0x1f, 0x70, 0x0, 0x0,
    0x0,

    /* U+5386 "历" */
    0x0, 0xaf, 0xff, 0xff, 0xff, 0xff, 0xff, 0xff,
    0xff, 0xb0, 0xa, 0xf7, 0x77, 0x77, 0x77, 0x77,
    0x77, 0x77, 0x75, 0x0, 0xae, 0x0, 0x0, 0x0,
    0x21, 0x0, 0x0, 0x0, 0x0, 0xa, 0xe0, 0x0,
    0x0, 0x1f, 0x70, 0x0, 0x0, 0x0, 0x0, 0xae,
    0x0, 0x0, 0x2, 0xf6, 0x0, 0x0, 0x0, 0x0,
    0xa, 0xe0, 0x0, 0x0, 0x4f, 0x40, 0x0, 0x0,
    0x0, 0x0, 0xae, 0x0, 0xff, 0xff, 0xff, 0xff,
    0xff, 0xfa, 0x0, 0xa, 0xe0, 0x8, 0x88, 0xcf,
    0x88, 0x88, 0x8f, 0xa0, 0x0, 0xae, 0x0, 0x0,
    0xa, 0xe0, 0x0, 0x0, 0xfa, 0x0, 0xb, 0xd0,
    0x0, 0x0, 0xdc, 0x0, 0x0, 0xf, 0xa0, 0x0,
    0xcd, 0x0, 0x0, 0xf, 0x90, 0x0, 0x0, 0xf9,
    0x0, 0xe, 0xb0, 0x0, 0x6, 0xf4, 0x0, 0x0,
    0xf, 0x90, 0x0, 0xf9, 0x0, 0x0, 0xce, 0x0,
    0x0, 0x0, 0xf8, 0x0, 0x2f, 0x70, 0x0, 0x4f,
    0x80, 0x0, 0x0, 0x1f, 0x70, 0x6, 0xf4, 0x0,
    0x1e, 0xe0, 0x0, 0x0, 0x2, 0xf6, 0x0, 0xaf,
    0x0, 0x1c, 0xf4, 0x0, 0x0, 0x0, 0x5f, 0x40,
    0xe, 0xc0, 0xc, 0xf6, 0x0, 0x0, 0x6b, 0x9d,
    0xf1, 0x0, 0x86, 0x0, 0x46, 0x0, 0x0, 0x2,
    0xdf, 0xe6, 0x0,

    /* U+539F "原" */
    0x0, 0xaf, 0xff, 0xff, 0xff, 0xff, 0xff, 0xff,
    0xff, 0xb0, 0xa, 0xf7, 0x77, 0x77, 0x79, 0x77,
    0x77, 0x77, 0x75, 0x0, 0xae, 0x0, 0x0, 0x0,
    0xf7, 0x0, 0x0, 0x0, 0x0, 0xa, 0xe0, 0x1,
    0x11, 0x5f, 0x61, 0x11, 0x11, 0x0, 0x0, 0xae,
    0x3, 0xff, 0xff, 0xff, 0xff, 0xff, 0xf7, 0x0,
    0xa, 0xe0, 0x3f, 0x74, 0x44, 0x44, 0x44, 0x5f,
    0x70, 0x0, 0xae, 0x3, 0xf4, 0x11, 0x11, 0x11,
    0x11, 0xf7, 0x0, 0xa, 0xe0, 0x3f, 0xff, 0xff,
    0xff, 0xff, 0xff, 0x70, 0x0, 0xae, 0x3, 0xf6,
    0x44, 0x44, 0x44, 0x44, 0xf7, 0x0, 0xb, 0xd0,
    0x3f, 0x30, 0x0, 0x0, 0x0, 0xf, 0x70, 0x0,
    0xcd, 0x3, 0xff, 0xff, 0xff, 0xff, 0xff, 0xf7,
    0x0, 0xe, 0xb0, 0x17, 0x77, 0x77, 0xfc, 0x77,
    0x77, 0x30, 0x0, 0xf9, 0x0, 0x8, 0x50, 0xf,
    0x90, 0x5, 0x0, 0x0, 0x2f, 0x70, 0x4, 0xf9,
    0x0, 0xf9, 0xa, 0xf8, 0x0, 0x6, 0xf4, 0x2,
    0xee, 0x0, 0xf, 0x90, 0xc, 0xf8, 0x0, 0x9f,
    0x12, 0xef, 0x30, 0x0, 0xf9, 0x0, 0x1d, 0xf7,
    0xe, 0xc0, 0xcf, 0x50, 0x99, 0x9f, 0x80, 0x0,
    0x2e, 0x50, 0x97, 0x1, 0x40, 0x7, 0xef, 0xd2,
    0x0, 0x0, 0x0, 0x0, 0x0, 0x0, 0x0, 0x0,
    0x0, 0x0, 0x0, 0x0, 0x0,

    /* U+53BB "去" */
    0x0, 0x0, 0x0, 0x0, 0xdb, 0x0, 0x0, 0x0,
    0x0, 0x0, 0x0, 0x0, 0x0, 0xd, 0xb0, 0x0,
    0x0, 0x0, 0x0, 0x5, 0x77, 0x77, 0x77, 0xed,
    0x77, 0x77, 0x77, 0x20, 0x0, 0xbf, 0xff, 0xff,
    0xff, 0xff, 0xff, 0xff, 0xf6, 0x0, 0x0, 0x0,
    0x0, 0x0, 0xdb, 0x0, 0x0, 0x0, 0x0, 0x0,
    0x0, 0x0, 0x0, 0xd, 0xb0, 0x0, 0x0, 0x0,
    0x0, 0x0, 0x0, 0x0, 0x0, 0xdb, 0x0, 0x0,
    0x0, 0x0, 0x0, 0x0, 0x0, 0x0, 0xd, 0xb0,
    0x0, 0x0, 0x0, 0x0, 0xff, 0xff, 0xff, 0xff,
    0xff, 0xff, 0xff, 0xff, 0xff, 0x9, 0x99, 0x99,
    0x99, 0xff, 0x99, 0x99, 0x99, 0x99, 0x90, 0x0,
    0x0, 0x0, 0x6f, 0x80, 0x0, 0x0, 0x0, 0x0,
    0x0, 0x0, 0x0, 0x2f, 0xd0, 0x0, 0x6e, 0x20,
    0x0, 0x0, 0x0, 0x0, 0x1d, 0xf2, 0x0, 0x1,
    0xfc, 0x0, 0x0, 0x0, 0x0, 0x1c, 0xf6, 0x0,
    0x0, 0x6, 0xf8, 0x0, 0x0, 0x0, 0x2d, 0xf7,
    0x0, 0x1, 0x58, 0xbf, 0xf2, 0x0, 0x0, 0x2f,
    0xfe, 0x9b, 0xdf, 0xff, 0xff, 0xcf, 0xa0, 0x0,
    0x0, 0xef, 0xff, 0xed, 0xb8, 0x52, 0x0, 0xbf,
    0x30, 0x0, 0x2, 0x21, 0x0, 0x0, 0x0, 0x0,
    0x3, 0xa2, 0x0,

    /* U+53C2 "参" */
    0x0, 0x0, 0x0, 0x0, 0x20, 0x0, 0x0, 0x0,
    0x0, 0x0, 0x0, 0x0, 0x0, 0x9, 0xf3, 0x0,
    0x4, 0x0, 0x0, 0x0, 0x0, 0x0, 0x0, 0xaf,
    0x60, 0x0, 0x5f, 0xa0, 0x0, 0x0, 0x0, 0x0,
    0x5e, 0xf5, 0x0, 0x12, 0x3b, 0xfc, 0x10, 0x0,
    0x0, 0xc, 0xff, 0xed, 0xef, 0xff, 0xff, 0xdf,
    0xd2, 0x0, 0x0, 0x9, 0xaa, 0x98, 0xa6, 0x42,
    0x10, 0x5, 0xb0, 0x0, 0x2, 0x22, 0x22, 0x25,
    0xf9, 0x22, 0x22, 0x22, 0x22, 0x20, 0xe, 0xff,
    0xff, 0xff, 0xff, 0xff, 0xff, 0xff, 0xff, 0xe0,
    0x4, 0x55, 0x58, 0xff, 0x65, 0x55, 0xdf, 0x95,
    0x55, 0x40, 0x0, 0x1, 0x8f, 0xe3, 0x0, 0x3b,
    0x3c, 0xf9, 0x10, 0x0, 0x6, 0xbf, 0xfa, 0x10,
    0x5c, 0xfe, 0x40, 0x9f, 0xf8, 0x10, 0xb, 0xe8,
    0x46, 0xbf, 0xfd, 0x60, 0x18, 0x14, 0xdf, 0xd0,
    0x0, 0x0, 0xdf, 0xc8, 0x30, 0x39, 0xff, 0x70,
    0x6, 0x50, 0x0, 0x0, 0x10, 0x3, 0x8d, 0xff,
    0xa2, 0x5, 0x50, 0x0, 0x0, 0x2, 0x7a, 0xef,
    0xfc, 0x71, 0x4, 0xcf, 0xb0, 0x0, 0x0, 0x2,
    0xfd, 0xa6, 0x10, 0x27, 0xdf, 0xd5, 0x0, 0x0,
    0x0, 0x0, 0x0, 0x25, 0x9d, 0xff, 0xc5, 0x0,
    0x0, 0x0, 0x0, 0x39, 0xcf, 0xff, 0xfb, 0x72,
    0x0, 0x0, 0x0, 0x0, 0x0, 0x1c, 0xb9, 0x63,
    0x0, 0x0, 0x0, 0x0, 0x0, 0x0,

    /* U+53CA "及" */
    0x0, 0xcf, 0xff, 0xff, 0xff, 0xff, 0xff, 0x10,
    0x0, 0x0, 0x6, 0x77, 0xaf, 0x97, 0x77, 0x7d,
    0xf0, 0x0, 0x0, 0x0, 0x0, 0x6, 0xf3, 0x0,
    0x0, 0xfb, 0x0, 0x0, 0x0, 0x0, 0x0, 0x8f,
    0x10, 0x0, 0x4f, 0x60, 0x0, 0x0, 0x0, 0x0,
    0x9, 0xf0, 0x0, 0xa, 0xf1, 0x0, 0x0, 0x0,
    0x0, 0x0, 0xbe, 0x0, 0x0, 0xed, 0x33, 0x33,
    0x20, 0x0, 0x0, 0xd, 0xc0, 0x0, 0xd, 0xff,
    0xff, 0xf6, 0x0, 0x0, 0x0, 0xf9, 0x0, 0x0,
    0x24, 0x44, 0xcf, 0x10, 0x0, 0x0, 0x4f, 0x65,
    0x70, 0x0, 0x0, 0x1f, 0xb0, 0x0, 0x0, 0x8,
    0xf2, 0xbf, 0x30, 0x0, 0x8, 0xf4, 0x0, 0x0,
    0x0, 0xce, 0x1, 0xed, 0x10, 0x2, 0xfc, 0x0,
    0x0, 0x0, 0x2f, 0x90, 0x4, 0xfd, 0x10, 0xdf,
    0x20, 0x0, 0x0, 0x8, 0xf3, 0x0, 0x4, 0xfd,
    0xbf, 0x60, 0x0, 0x0, 0x1, 0xfc, 0x0, 0x0,
    0x6, 0xff, 0xa0, 0x0, 0x0, 0x0, 0x9f, 0x40,
    0x0, 0x7, 0xff, 0xef, 0xa1, 0x0, 0x0, 0x5f,
    0xa0, 0x1, 0x7e, 0xfb, 0x20, 0x9f, 0xf9, 0x20,
    0xf, 0xe1, 0xb, 0xff, 0xb4, 0x0, 0x0, 0x3c,
    0xff, 0x80, 0x52, 0x0, 0x88, 0x20, 0x0, 0x0,
    0x0, 0x4, 0xb1,

    /* U+53CD "反" */
    0x0, 0x0, 0x0, 0x0, 0x0, 0x0, 0x0, 0x11,
    0x0, 0x0, 0x0, 0x0, 0x1, 0x24, 0x68, 0xbe,
    0xfd, 0x0, 0x0, 0x8e, 0xef, 0xff, 0xff, 0xff,
    0xca, 0x74, 0x0, 0x0, 0xaf, 0x87, 0x65, 0x42,
    0x10, 0x0, 0x0, 0x0, 0x0, 0xae, 0x0, 0x0,
    0x0, 0x0, 0x0, 0x0, 0x0, 0x0, 0xae, 0x0,
    0x0, 0x0, 0x0, 0x0, 0x0, 0x0, 0x0, 0xae,
    0x22, 0x22, 0x22, 0x22, 0x22, 0x21, 0x0, 0x0,
    0xaf, 0xff, 0xff, 0xff, 0xff, 0xff, 0xf9, 0x0,
    0x0, 0xaf, 0xaf, 0x65, 0x55, 0x55, 0x59, 0xf5,
    0x0, 0x0, 0xae, 0x2f, 0x70, 0x0, 0x0, 0xa,
    0xf1, 0x0, 0x0, 0xae, 0xa, 0xf1, 0x0, 0x0,
    0x1f, 0xa0, 0x0, 0x0, 0xbd, 0x1, 0xfb, 0x0,
    0x0, 0xaf, 0x20, 0x0, 0x0, 0xdb, 0x0, 0x5f,
    0x90, 0x7, 0xf7, 0x0, 0x0, 0x1, 0xf8, 0x0,
    0x8, 0xfa, 0x7f, 0xb0, 0x0, 0x0, 0x6, 0xf4,
    0x0, 0x0, 0x7f, 0xfd, 0x0, 0x0, 0x0, 0xc,
    0xe0, 0x0, 0x6, 0xef, 0xef, 0xc4, 0x0, 0x0,
    0x4f, 0x80, 0x27, 0xdf, 0xc3, 0x7, 0xef, 0xd7,
    0x10, 0xbe, 0x13, 0xff, 0xd6, 0x0, 0x0, 0x6,
    0xcf, 0xf7, 0x25, 0x0, 0x84, 0x0, 0x0, 0x0,
    0x0, 0x3, 0x92,

    /* U+53D1 "发" */
    0x0, 0x0, 0x0, 0x0, 0x0, 0x0, 0x0, 0x0,
    0x0, 0x0, 0x0, 0x0, 0x0, 0x7, 0xf0, 0x0,
    0x84, 0x0, 0x0, 0x0, 0x5, 0xe3, 0x0, 0xbd,
    0x0, 0x1c, 0xf5, 0x0, 0x0, 0x0, 0xcd, 0x0,
    0xf, 0xa0, 0x0, 0x1c, 0xf5, 0x0, 0x0, 0x3f,
    0x70, 0x3, 0xf6, 0x0, 0x0, 0x9, 0x10, 0x0,
    0x9, 0xf9, 0x88, 0xbf, 0xa8, 0x88, 0x88, 0x88,
    0x70, 0x0, 0x7f, 0xff, 0xff, 0xff, 0xff, 0xff,
    0xff, 0xfe, 0x0, 0x0, 0x0, 0x2, 0xf9, 0x0,
    0x0, 0x0, 0x0, 0x0, 0x0, 0x0, 0x0, 0x7f,
    0x40, 0x0, 0x0, 0x0, 0x0, 0x0, 0x0, 0x0,
    0xd, 0xf8, 0x88, 0x88, 0x88, 0x87, 0x0, 0x0,
    0x0, 0x7, 0xff, 0xff, 0xff, 0xff, 0xff, 0xd0,
    0x0, 0x0, 0x1, 0xfe, 0xfb, 0x0, 0x0, 0x7,
    0xf6, 0x0, 0x0, 0x0, 0xcf, 0x55, 0xf9, 0x0,
    0x3, 0xfc, 0x0, 0x0, 0x0, 0xaf, 0xa0, 0x9,
    0xf9, 0x4, 0xfe, 0x10, 0x0, 0x0, 0x9f, 0xc0,
    0x0, 0x8, 0xfd, 0xfe, 0x30, 0x0, 0x0, 0xaf,
    0xc0, 0x0, 0x0, 0x4e, 0xff, 0xa1, 0x0, 0x0,
    0xb, 0x90, 0x0, 0x37, 0xdf, 0xd6, 0xaf, 0xf9,
    0x30, 0x0, 0x0, 0x7, 0xef, 0xfd, 0x60, 0x0,
    0x3b, 0xff, 0xe3, 0x0, 0x0, 0x3c, 0x72, 0x0,
    0x0, 0x0, 0x1, 0x7c, 0x0,

    /* U+53D6 "取" */
    0xcf, 0xff, 0xff, 0xff, 0xf9, 0xff, 0xff, 0xff,
    0xf4, 0x5, 0xcf, 0x77, 0x7b, 0xf8, 0x4c, 0xe7,
    0x77, 0xaf, 0x30, 0x9, 0xf0, 0x0, 0x6f, 0x20,
    0x7e, 0x0, 0x7, 0xf1, 0x0, 0x9f, 0x0, 0x6,
    0xf2, 0x5, 0xf0, 0x0, 0x9f, 0x0, 0x9, 0xf7,
    0x77, 0xaf, 0x20, 0x3f, 0x30, 0xb, 0xc0, 0x0,
    0x9f, 0xff, 0xff, 0xf2, 0x0, 0xf5, 0x0, 0xea,
    0x0, 0x9, 0xf0, 0x0, 0x6f, 0x20, 0xd, 0x80,
    0x1f, 0x70, 0x0, 0x9f, 0x0, 0x6, 0xf2, 0x0,
    0xac, 0x5, 0xf2, 0x0, 0x9, 0xf7, 0x77, 0xaf,
    0x20, 0x6, 0xf0, 0xae, 0x0, 0x0, 0x9f, 0xff,
    0xff, 0xf2, 0x0, 0x2f, 0x5e, 0x90, 0x0, 0x9,
    0xf0, 0x0, 0x6f, 0x20, 0x0, 0xde, 0xf3, 0x0,
    0x0, 0x9f, 0x0, 0x6, 0xf2, 0x0, 0x7, 0xfd,
    0x0, 0x0, 0x9, 0xf0, 0x1, 0x8f, 0x93, 0x0,
    0x5f, 0xb0, 0x0, 0x7, 0xdf, 0xdf, 0xff, 0xff,
    0x60, 0x1e, 0xff, 0x60, 0x0, 0xcf, 0xda, 0x86,
    0x9f, 0x20, 0xb, 0xf4, 0xcf, 0x30, 0x0, 0x0,
    0x0, 0x6, 0xf2, 0xb, 0xf6, 0x2, 0xfe, 0x20,
    0x0, 0x0, 0x0, 0x6f, 0x2c, 0xf7, 0x0, 0x4,
    0xfd, 0x0, 0x0, 0x0, 0x6, 0xf2, 0x44, 0x0,
    0x0, 0x4, 0x70,

    /* U+53D8 "变" */
    0x0, 0x0, 0x0, 0x0, 0x0, 0x0, 0x0, 0x0,
    0x0, 0x0, 0x0, 0x0, 0x0, 0xea, 0x0, 0x0,
    0x0, 0x0, 0x3, 0x33, 0x33, 0x33, 0xbf, 0x43,
    0x33, 0x33, 0x32, 0x2f, 0xff, 0xff, 0xff, 0xff,
    0xff, 0xff, 0xff, 0xfb, 0x4, 0x44, 0x44, 0xaf,
    0x44, 0xce, 0x44, 0x44, 0x43, 0x0, 0x6, 0x40,
    0x8f, 0x0, 0xbe, 0x4, 0x60, 0x0, 0x0, 0x2f,
    0xc0, 0x8f, 0x0, 0xbe, 0xb, 0xf8, 0x0, 0x0,
    0xcf, 0x30, 0x8f, 0x0, 0xbe, 0x0, 0xbf, 0x70,
    0xc, 0xf7, 0x0, 0x8f, 0x0, 0xbe, 0x0, 0xc,
    0xf4, 0x9, 0x90, 0x0, 0x49, 0x0, 0x68, 0x0,
    0x2, 0xd5, 0x0, 0x46, 0x66, 0x66, 0x66, 0x66,
    0x66, 0x65, 0x0, 0x0, 0xbf, 0xff, 0xff, 0xff,
    0xff, 0xff, 0xfd, 0x0, 0x0, 0x6, 0xf7, 0x11,
    0x11, 0x11, 0x18, 0xf7, 0x0, 0x0, 0x0, 0x8f,
    0x70, 0x0, 0x0, 0x7f, 0xb0, 0x0, 0x0, 0x0,
    0x7, 0xfa, 0x10, 0x1b, 0xfb, 0x0, 0x0, 0x0,
    0x0, 0x0, 0x4e, 0xfb, 0xff, 0x80, 0x0, 0x0,
    0x0, 0x0, 0x13, 0x7c, 0xff, 0xfe, 0x95, 0x20,
    0x0, 0x9, 0xce, 0xff, 0xfb, 0x61, 0x5b, 0xff,
    0xff, 0xd9, 0xb, 0xb9, 0x74, 0x0, 0x0, 0x0,
    0x3, 0x69, 0xc7,

    /* U+53E3 "口" */
    0x78, 0x88, 0x88, 0x88, 0x88, 0x88, 0x85, 0xef,
    0xff, 0xff, 0xff, 0xff, 0xff, 0xfa, 0xe9, 0x0,
    0x0, 0x0, 0x0, 0x0, 0xea, 0xe9, 0x0, 0x0,
    0x0, 0x0, 0x0, 0xea, 0xe9, 0x0, 0x0, 0x0,
    0x0, 0x0, 0xea, 0xe9, 0x0, 0x0, 0x0, 0x0,
    0x0, 0xea, 0xe9, 0x0, 0x0, 0x0, 0x0, 0x0,
    0xea, 0xe9, 0x0, 0x0, 0x0, 0x0, 0x0, 0xea,
    0xe9, 0x0, 0x0, 0x0, 0x0, 0x0, 0xea, 0xe9,
    0x0, 0x0, 0x0, 0x0, 0x0, 0xea, 0xe9, 0x0,
    0x0, 0x0, 0x0, 0x0, 0xea, 0xe9, 0x0, 0x0,
    0x0, 0x0, 0x0, 0xea, 0xe9, 0x0, 0x0, 0x0,
    0x0, 0x0, 0xea, 0xec, 0x88, 0x88, 0x88, 0x88,
    0x88, 0xfa, 0xef, 0xff, 0xff, 0xff, 0xff, 0xff,
    0xfa, 0xe9, 0x0, 0x0, 0x0, 0x0, 0x0, 0xea,
    0xe9, 0x0, 0x0, 0x0, 0x0, 0x0, 0xea,

    /* U+53E5 "句" */
    0x0, 0x0, 0x10, 0x0, 0x0, 0x0, 0x0, 0x0,
    0x0, 0x0, 0xa, 0xe1, 0x0, 0x0, 0x0, 0x0,
    0x0, 0x0, 0x3, 0xf8, 0x0, 0x0, 0x0, 0x0,
    0x0, 0x0, 0x0, 0xdf, 0x77, 0x77, 0x77, 0x77,
    0x77, 0x76, 0x0, 0xaf, 0xff, 0xff, 0xff, 0xff,
    0xff, 0xff, 0xf0, 0x9f, 0x80, 0x0, 0x0, 0x0,
    0x0, 0x0, 0xbf, 0x8f, 0xa0, 0x0, 0x0, 0x0,
    0x0, 0x0, 0xb, 0xf6, 0xa1, 0x22, 0x22, 0x22,
    0x22, 0x0, 0x0, 0xbf, 0x0, 0x7f, 0xff, 0xff,
    0xff, 0xf1, 0x0, 0xb, 0xe0, 0x7, 0xf5, 0x44,
    0x44, 0x9f, 0x10, 0x0, 0xce, 0x0, 0x7f, 0x10,
    0x0, 0x7, 0xf1, 0x0, 0xc, 0xe0, 0x7, 0xf1,
    0x0, 0x0, 0x7f, 0x10, 0x0, 0xdd, 0x0, 0x7f,
    0x43, 0x33, 0x39, 0xf1, 0x0, 0xe, 0xc0, 0x7,
    0xff, 0xff, 0xff, 0xff, 0x10, 0x0, 0xfc, 0x0,
    0x7f, 0x54, 0x44, 0x49, 0xf1, 0x0, 0xf, 0xa0,
    0x6, 0xd1, 0x0, 0x0, 0x25, 0x0, 0x1, 0xf9,
    0x0, 0x0, 0x0, 0x0, 0x0, 0x0, 0x0, 0x6f,
    0x60, 0x0, 0x0, 0x0, 0x0, 0x5, 0xca, 0x9e,
    0xf1, 0x0, 0x0, 0x0, 0x0, 0x0, 0x2d, 0xef,
    0xd5, 0x0,

    /* U+53E6 "另" */
    0x0, 0xa, 0xff, 0xff, 0xff, 0xff, 0xff, 0xf7,
    0x0, 0x0, 0xa, 0xf7, 0x77, 0x77, 0x77, 0x78,
    0xf7, 0x0, 0x0, 0xa, 0xe0, 0x0, 0x0, 0x0,
    0x1, 0xf7, 0x0, 0x0, 0xa, 0xe0, 0x0, 0x0,
    0x0, 0x1, 0xf7, 0x0, 0x0, 0xa, 0xe0, 0x0,
    0x0, 0x0, 0x1, 0xf7, 0x0, 0x0, 0xa, 0xf8,
    0x88, 0x88, 0x88, 0x89, 0xf7, 0x0, 0x0, 0x9,
    0xff, 0xff, 0xff, 0xff, 0xff, 0xf7, 0x0, 0x0,
    0x0, 0x0, 0x0, 0x62, 0x0, 0x0, 0x0, 0x0,
    0x0, 0x0, 0x0, 0x3, 0xf7, 0x0, 0x0, 0x0,
    0x0, 0x4, 0x88, 0x88, 0x8b, 0xfa, 0x88, 0x88,
    0x88, 0x80, 0x7, 0xff, 0xff, 0xff, 0xff, 0xff,
    0xff, 0xff, 0xf0, 0x0, 0x0, 0x0, 0x1f, 0xb0,
    0x0, 0x0, 0xc, 0xf0, 0x0, 0x0, 0x0, 0x7f,
    0x50, 0x0, 0x0, 0xd, 0xe0, 0x0, 0x0, 0x3,
    0xfd, 0x0, 0x0, 0x0, 0xe, 0xc0, 0x0, 0x0,
    0x3e, 0xf3, 0x0, 0x0, 0x0, 0xf, 0xa0, 0x0,
    0x29, 0xff, 0x40, 0x0, 0x0, 0x0, 0x5f, 0x60,
    0x1c, 0xff, 0xc2, 0x0, 0x0, 0x7c, 0xaa, 0xff,
    0x10, 0xb, 0xa4, 0x0, 0x0, 0x0, 0x3a, 0xdf,
    0xc3, 0x0,

    /* U+53EA "只" */
    0x0, 0x1, 0x11, 0x11, 0x11, 0x11, 0x11, 0x10,
    0x0, 0x0, 0x7f, 0xff, 0xff, 0xff, 0xff, 0xff,
    0xf7, 0x0, 0x0, 0x7f, 0x76, 0x66, 0x66, 0x66,
    0x67, 0xf7, 0x0, 0x0, 0x7f, 0x10, 0x0, 0x0,
    0x0, 0x1, 0xf7, 0x0, 0x0, 0x7f, 0x10, 0x0,
    0x0, 0x0, 0x1, 0xf7, 0x0, 0x0, 0x7f, 0x10,
    0x0, 0x0, 0x0, 0x1, 0xf7, 0x0, 0x0, 0x7f,
    0x10, 0x0, 0x0, 0x0, 0x1, 0xf7, 0x0, 0x0,
    0x7f, 0x10, 0x0, 0x0, 0x0, 0x1, 0xf7, 0x0,
    0x0, 0x7f, 0x21, 0x11, 0x11, 0x11, 0x12, 0xf7,
    0x0, 0x0, 0x7f, 0xff, 0xff, 0xff, 0xff, 0xff,
    0xf7, 0x0, 0x0, 0x26, 0x66, 0x66, 0x66, 0x66,
    0x66, 0x62, 0x0, 0x0, 0x0, 0x2, 0x10, 0x0,
    0x3, 0x10, 0x0, 0x0, 0x0, 0x0, 0xd, 0xe0,
    0x0, 0x2f, 0xe3, 0x0, 0x0, 0x0, 0x1, 0xcf,
    0x60, 0x0, 0x3, 0xef, 0x70, 0x0, 0x0, 0x2d,
    0xf7, 0x0, 0x0, 0x0, 0x1c, 0xfa, 0x0, 0x5,
    0xff, 0x70, 0x0, 0x0, 0x0, 0x0, 0xbf, 0xb0,
    0x9f, 0xe4, 0x0, 0x0, 0x0, 0x0, 0x0, 0xb,
    0xf7, 0x29, 0x10, 0x0, 0x0, 0x0, 0x0, 0x0,
    0x0, 0x70,

    /* U+53ED "叭" */
    0x0, 0x0, 0x0, 0x0, 0x5, 0x50, 0x29, 0x30,
    0x0, 0x3, 0x77, 0x77, 0x71, 0x0, 0xcb, 0x3,
    0xf5, 0x0, 0x0, 0x7f, 0xff, 0xff, 0x30, 0xc,
    0xb0, 0x2f, 0x60, 0x0, 0x7, 0xf1, 0x5, 0xf3,
    0x0, 0xea, 0x0, 0xf8, 0x0, 0x0, 0x7f, 0x0,
    0x4f, 0x30, 0xf, 0x80, 0xe, 0xa0, 0x0, 0x7,
    0xf0, 0x4, 0xf3, 0x1, 0xf6, 0x0, 0xcc, 0x0,
    0x0, 0x7f, 0x0, 0x4f, 0x30, 0x3f, 0x40, 0xa,
    0xf0, 0x0, 0x7, 0xf0, 0x4, 0xf3, 0x6, 0xf2,
    0x0, 0x7f, 0x10, 0x0, 0x7f, 0x0, 0x4f, 0x30,
    0x9f, 0x0, 0x4, 0xf5, 0x0, 0x7, 0xf0, 0x4,
    0xf3, 0xc, 0xc0, 0x0, 0x1f, 0x80, 0x0, 0x7f,
    0x0, 0x4f, 0x31, 0xf8, 0x0, 0x0, 0xdc, 0x0,
    0x7, 0xff, 0xff, 0xf3, 0x5f, 0x40, 0x0, 0x9,
    0xf1, 0x0, 0x7f, 0x88, 0xaf, 0x3b, 0xf0, 0x0,
    0x0, 0x4f, 0x60, 0x7, 0xf0, 0x4, 0xe4, 0xfa,
    0x0, 0x0, 0x0, 0xed, 0x0, 0x49, 0x0, 0x0,
    0x8f, 0x40, 0x0, 0x0, 0x8, 0xf4, 0x0, 0x0,
    0x0, 0x1f, 0xd0, 0x0, 0x0, 0x0, 0x1f, 0xc0,
    0x0, 0x0, 0x6, 0xf5, 0x0, 0x0, 0x0, 0x0,
    0x9f, 0x10, 0x0, 0x0, 0x7, 0x0, 0x0, 0x0,
    0x0, 0x0, 0x60,

    /* U+53EF "可" */
    0x11, 0x11, 0x11, 0x11, 0x11, 0x11, 0x11, 0x11,
    0x11, 0xf, 0xff, 0xff, 0xff, 0xff, 0xff, 0xff,
    0xff, 0xff, 0xf1, 0x66, 0x66, 0x66, 0x66, 0x66,
    0x66, 0x6a, 0xf7, 0x66, 0x0, 0x0, 0x0, 0x0,
    0x0, 0x0, 0x0, 0x7f, 0x10, 0x0, 0x0, 0x0,
    0x0, 0x0, 0x0, 0x0, 0x7, 0xf1, 0x0, 0x0,
    0x6, 0x88, 0x88, 0x88, 0x50, 0x0, 0x7f, 0x10,
    0x0, 0x0, 0xcf, 0xff, 0xff, 0xfb, 0x0, 0x7,
    0xf1, 0x0, 0x0, 0xc, 0xc0, 0x0, 0xd, 0xb0,
    0x0, 0x7f, 0x10, 0x0, 0x0, 0xcc, 0x0, 0x0,
    0xdb, 0x0, 0x7, 0xf1, 0x0, 0x0, 0xc, 0xc0,
    0x0, 0xd, 0xb0, 0x0, 0x7f, 0x10, 0x0, 0x0,
    0xcc, 0x22, 0x22, 0xeb, 0x0, 0x7, 0xf1, 0x0,
    0x0, 0xc, 0xff, 0xff, 0xff, 0xb0, 0x0, 0x7f,
    0x10, 0x0, 0x0, 0xcd, 0x55, 0x55, 0x53, 0x0,
    0x7, 0xf1, 0x0, 0x0, 0x5, 0x50, 0x0, 0x0,
    0x0, 0x0, 0x7f, 0x10, 0x0, 0x0, 0x0, 0x0,
    0x0, 0x0, 0x0, 0x7, 0xf1, 0x0, 0x0, 0x0,
    0x0, 0x0, 0x0, 0x0, 0x0, 0x7f, 0x10, 0x0,
    0x0, 0x0, 0x0, 0x0, 0x0, 0x48, 0x8e, 0xf0,
    0x0, 0x0, 0x0, 0x0, 0x0, 0x0, 0x3, 0xef,
    0xd5, 0x0, 0x0,

    /* U+53F0 "台" */
    0x0, 0x0, 0x0, 0x1, 0x0, 0x0, 0x0, 0x0,
    0x0, 0x0, 0x0, 0x0, 0x7f, 0x40, 0x0, 0x0,
    0x0, 0x0, 0x0, 0x0, 0x2, 0xfc, 0x0, 0x0,
    0x0, 0x0, 0x0, 0x0, 0x0, 0x1d, 0xf2, 0x0,
    0x2, 0xc5, 0x0, 0x0, 0x0, 0x0, 0xcf, 0x50,
    0x0, 0x1, 0xdf, 0x50, 0x0, 0x0, 0x1c, 0xf8,
    0x0, 0x0, 0x0, 0x1d, 0xf4, 0x0, 0x3, 0xdf,
    0x80, 0x0, 0x0, 0x24, 0x6a, 0xfe, 0x10, 0x3f,
    0xfe, 0xab, 0xcd, 0xff, 0xff, 0xfe, 0xcf, 0xc0,
    0xd, 0xed, 0xcb, 0xa9, 0x86, 0x42, 0x0, 0x9,
    0xc1, 0x0, 0x0, 0x0, 0x0, 0x0, 0x0, 0x0,
    0x0, 0x0, 0x0, 0x56, 0x66, 0x66, 0x66, 0x66,
    0x66, 0x63, 0x0, 0x0, 0xef, 0xff, 0xff, 0xff,
    0xff, 0xff, 0xf8, 0x0, 0x0, 0xea, 0x0, 0x0,
    0x0, 0x0, 0x0, 0xf8, 0x0, 0x0, 0xea, 0x0,
    0x0, 0x0, 0x0, 0x0, 0xf8, 0x0, 0x0, 0xea,
    0x0, 0x0, 0x0, 0x0, 0x0, 0xf8, 0x0, 0x0,
    0xea, 0x0, 0x0, 0x0, 0x0, 0x0, 0xf8, 0x0,
    0x0, 0xef, 0xff, 0xff, 0xff, 0xff, 0xff, 0xf8,
    0x0, 0x0, 0xec, 0x77, 0x77, 0x77, 0x77, 0x77,
    0xf8, 0x0, 0x0, 0xea, 0x0, 0x0, 0x0, 0x0,
    0x0, 0xf8, 0x0,

    /* U+53F2 "史" */
    0x0, 0x0, 0x0, 0x0, 0xb, 0xe0, 0x0, 0x0,
    0x0, 0x0, 0x0, 0x0, 0x0, 0x0, 0xb, 0xe0,
    0x0, 0x0, 0x0, 0x0, 0x0, 0x7f, 0xff, 0xff,
    0xff, 0xff, 0xff, 0xff, 0xfa, 0x0, 0x0, 0x8f,
    0x88, 0x88, 0x8d, 0xf8, 0x88, 0x88, 0xfb, 0x0,
    0x0, 0x8f, 0x10, 0x0, 0xb, 0xe0, 0x0, 0x0,
    0xfb, 0x0, 0x0, 0x8f, 0x10, 0x0, 0xb, 0xe0,
    0x0, 0x0, 0xfb, 0x0, 0x0, 0x8f, 0x10, 0x0,
    0xb, 0xe0, 0x0, 0x0, 0xfb, 0x0, 0x0, 0x8f,
    0x43, 0x33, 0x3c, 0xf3, 0x33, 0x33, 0xfb, 0x0,
    0x0, 0x8f, 0xff, 0xff, 0xff, 0xff, 0xff, 0xff,
    0xfb, 0x0, 0x0, 0x24, 0x44, 0x44, 0x4d, 0xd4,
    0x44, 0x44, 0x43, 0x0, 0x0, 0x1, 0x30, 0x0,
    0xe, 0xa0, 0x0, 0x0, 0x0, 0x0, 0x0, 0xc,
    0xf3, 0x0, 0x2f, 0x70, 0x0, 0x0, 0x0, 0x0,
    0x0, 0x1, 0xef, 0x50, 0x9f, 0x20, 0x0, 0x0,
    0x0, 0x0, 0x0, 0x0, 0x2c, 0xfb, 0xfb, 0x0,
    0x0, 0x0, 0x0, 0x0, 0x0, 0x0, 0x0, 0xdf,
    0xfa, 0x20, 0x0, 0x0, 0x0, 0x0, 0x0, 0x1,
    0x5c, 0xfe, 0xdf, 0xfc, 0x83, 0x10, 0x0, 0x0,
    0x9, 0xcf, 0xff, 0x81, 0x4, 0xae, 0xff, 0xfe,
    0xcb, 0x91, 0xa, 0xea, 0x50, 0x0, 0x0, 0x0,
    0x37, 0xac, 0xef, 0xf0, 0x0, 0x0, 0x0, 0x0,
    0x0, 0x0, 0x0, 0x0, 0x0, 0x0,

    /* U+53F7 "号" */
    0x0, 0xbf, 0xff, 0xff, 0xff, 0xff, 0xff, 0xf4,
    0x0, 0x0, 0xbe, 0x77, 0x77, 0x77, 0x77, 0x7a,
    0xf4, 0x0, 0x0, 0xbd, 0x0, 0x0, 0x0, 0x0,
    0x5, 0xf4, 0x0, 0x0, 0xbd, 0x0, 0x0, 0x0,
    0x0, 0x5, 0xf4, 0x0, 0x0, 0xbe, 0x88, 0x88,
    0x88, 0x88, 0x8a, 0xf4, 0x0, 0x0, 0xaf, 0xff,
    0xff, 0xff, 0xff, 0xff, 0xf3, 0x0, 0x0, 0x0,
    0x0, 0x0, 0x0, 0x0, 0x0, 0x0, 0x0, 0x88,
    0x88, 0x88, 0x88, 0x88, 0x88, 0x88, 0x88, 0x88,
    0xff, 0xff, 0xff, 0xff, 0xff, 0xff, 0xff, 0xff,
    0xff, 0x0, 0x7, 0xf3, 0x0, 0x0, 0x0, 0x0,
    0x0, 0x0, 0x0, 0xb, 0xe0, 0x0, 0x0, 0x0,
    0x0, 0x0, 0x0, 0x0, 0xf, 0xe8, 0x88, 0x88,
    0x88, 0x88, 0x85, 0x0, 0x0, 0x4f, 0xff, 0xff,
    0xff, 0xff, 0xff, 0xfa, 0x0, 0x0, 0x0, 0x0,
    0x0, 0x0, 0x0, 0x0, 0xf9, 0x0, 0x0, 0x0,
    0x0, 0x0, 0x0, 0x0, 0x2, 0xf7, 0x0, 0x0,
    0x0, 0x0, 0x0, 0x0, 0x0, 0x4, 0xf4, 0x0,
    0x0, 0x0, 0x0, 0x0, 0x49, 0x98, 0x8d, 0xf1,
    0x0, 0x0, 0x0, 0x0, 0x0, 0x4f, 0xff, 0xff,
    0x60, 0x0, 0x0, 0x0, 0x0, 0x0, 0x0, 0x0,
    0x10, 0x0, 0x0,

    /* U+5408 "合" */
    0x0, 0x0, 0x0, 0x0, 0x1, 0x20, 0x0, 0x0,
    0x0, 0x0, 0x0, 0x0, 0x0, 0x0, 0x1d, 0xf4,
    0x0, 0x0, 0x0, 0x0, 0x0, 0x0, 0x0, 0x2,
    0xdf, 0xfd, 0x20, 0x0, 0x0, 0x0, 0x0, 0x0,
    0x0, 0x4e, 0xf4, 0x2e, 0xf6, 0x0, 0x0, 0x0,
    0x0, 0x0, 0x1a, 0xfd, 0x20, 0x1, 0xbf, 0xc3,
    0x0, 0x0, 0x0, 0x6, 0xef, 0xa0, 0x0, 0x0,
    0x7, 0xff, 0xa2, 0x0, 0x6, 0xef, 0xd4, 0x0,
    0x0, 0x0, 0x0, 0x2b, 0xff, 0xb0, 0xc, 0xe7,
    0x89, 0x99, 0x99, 0x99, 0x99, 0x99, 0x4c, 0xa0,
    0x1, 0x0, 0xdf, 0xff, 0xff, 0xff, 0xff, 0xfe,
    0x0, 0x0, 0x0, 0x0, 0x0, 0x0, 0x0, 0x0,
    0x0, 0x0, 0x0, 0x0, 0x0, 0x0, 0x0, 0x0,
    0x0, 0x0, 0x0, 0x0, 0x0, 0x0, 0x0, 0xa,
    0xff, 0xff, 0xff, 0xff, 0xff, 0xff, 0xa0, 0x0,
    0x0, 0xa, 0xf7, 0x77, 0x77, 0x77, 0x77, 0x7f,
    0xa0, 0x0, 0x0, 0xa, 0xe0, 0x0, 0x0, 0x0,
    0x0, 0xe, 0xa0, 0x0, 0x0, 0xa, 0xe0, 0x0,
    0x0, 0x0, 0x0, 0xe, 0xa0, 0x0, 0x0, 0xa,
    0xe0, 0x0, 0x0, 0x0, 0x0, 0xe, 0xa0, 0x0,
    0x0, 0xa, 0xff, 0xff, 0xff, 0xff, 0xff, 0xff,
    0xa0, 0x0, 0x0, 0xa, 0xf8, 0x88, 0x88, 0x88,
    0x88, 0x8f, 0xa0, 0x0, 0x0, 0xa, 0xe0, 0x0,
    0x0, 0x0, 0x0, 0xe, 0xa0, 0x0,

    /* U+540C "同" */
    0xf, 0xff, 0xff, 0xff, 0xff, 0xff, 0xff, 0xff,
    0xf0, 0xf, 0xc7, 0x77, 0x77, 0x77, 0x77, 0x77,
    0x7c, 0xf0, 0xf, 0x80, 0x0, 0x0, 0x0, 0x0,
    0x0, 0x8, 0xf0, 0xf, 0x80, 0x0, 0x0, 0x0,
    0x0, 0x0, 0x8, 0xf0, 0xf, 0x81, 0xff, 0xff,
    0xff, 0xff, 0xff, 0x28, 0xf0, 0xf, 0x80, 0x88,
    0x88, 0x88, 0x88, 0x88, 0x18, 0xf0, 0xf, 0x80,
    0x0, 0x0, 0x0, 0x0, 0x0, 0x8, 0xf0, 0xf,
    0x80, 0x3, 0x33, 0x33, 0x33, 0x30, 0x8, 0xf0,
    0xf, 0x80, 0x1f, 0xff, 0xff, 0xff, 0xf2, 0x8,
    0xf0, 0xf, 0x80, 0x1f, 0xa4, 0x44, 0x49, 0xf2,
    0x8, 0xf0, 0xf, 0x80, 0x1f, 0x80, 0x0, 0x6,
    0xf2, 0x8, 0xf0, 0xf, 0x80, 0x1f, 0x80, 0x0,
    0x6, 0xf2, 0x8, 0xf0, 0xf, 0x80, 0x1f, 0xc8,
    0x88, 0x8b, 0xf2, 0x8, 0xf0, 0xf, 0x80, 0xf,
    0xff, 0xff, 0xff, 0xf2, 0x8, 0xf0, 0xf, 0x80,
    0x0, 0x0, 0x0, 0x0, 0x0, 0x8, 0xf0, 0xf,
    0x80, 0x0, 0x0, 0x0, 0x0, 0x0, 0x8, 0xf0,
    0xf, 0x80, 0x0, 0x0, 0x0, 0x0, 0x6a, 0x9e,
    0xf0, 0xf, 0x80, 0x0, 0x0, 0x0, 0x0, 0x5e,
    0xfe, 0x60, 0x2, 0x10, 0x0, 0x0, 0x0, 0x0,
    0x0, 0x0, 0x0,

    /* U+540D "名" */
    0x0, 0x0, 0x0, 0x0, 0x0, 0x0, 0x0, 0x0,
    0x0, 0x0, 0x0, 0x0, 0xb, 0xe2, 0x0, 0x0,
    0x0, 0x0, 0x0, 0x0, 0x0, 0x8f, 0xe8, 0x88,
    0x88, 0x88, 0x84, 0x0, 0x0, 0x8, 0xff, 0xff,
    0xff, 0xff, 0xff, 0xf7, 0x0, 0x1, 0xbf, 0xb0,
    0x0, 0x0, 0x0, 0x2e, 0xd1, 0x0, 0x5e, 0xff,
    0xb0, 0x0, 0x0, 0x2, 0xdf, 0x20, 0x2, 0xfe,
    0x57, 0xfd, 0x20, 0x0, 0x5e, 0xe3, 0x0, 0x0,
    0x21, 0x0, 0x3e, 0x50, 0x3b, 0xfd, 0x20, 0x0,
    0x0, 0x0, 0x0, 0x1, 0x5b, 0xff, 0x70, 0x0,
    0x0, 0x0, 0x0, 0x26, 0xaf, 0xff, 0x92, 0x0,
    0x0, 0x0, 0x9, 0xce, 0xff, 0xff, 0xc6, 0x55,
    0x55, 0x55, 0x53, 0x8, 0xfe, 0xaf, 0xff, 0xff,
    0xff, 0xff, 0xff, 0xfa, 0x0, 0x10, 0xe, 0xb2,
    0x22, 0x22, 0x22, 0x22, 0xea, 0x0, 0x0, 0xe,
    0xa0, 0x0, 0x0, 0x0, 0x0, 0xea, 0x0, 0x0,
    0xe, 0xa0, 0x0, 0x0, 0x0, 0x0, 0xea, 0x0,
    0x0, 0xe, 0xa0, 0x0, 0x0, 0x0, 0x0, 0xea,
    0x0, 0x0, 0xe, 0xff, 0xff, 0xff, 0xff, 0xff,
    0xfa, 0x0, 0x0, 0xe, 0xd8, 0x88, 0x88, 0x88,
    0x88, 0xfa, 0x0, 0x0, 0xe, 0xa0, 0x0, 0x0,
    0x0, 0x0, 0xea,

    /* U+540E "后" */
    0x0, 0x0, 0x0, 0x0, 0x0, 0x0, 0x0, 0x0,
    0x0, 0x0, 0x0, 0x0, 0x0, 0x2, 0x34, 0x68,
    0x9b, 0xec, 0x0, 0x0, 0xc, 0xde, 0xff, 0xff,
    0xff, 0xfd, 0xca, 0x81, 0x0, 0x0, 0xfd, 0x87,
    0x65, 0x32, 0x10, 0x0, 0x0, 0x0, 0x0, 0xf,
    0xb0, 0x0, 0x0, 0x0, 0x0, 0x0, 0x0, 0x0,
    0x0, 0xfb, 0x0, 0x0, 0x0, 0x0, 0x0, 0x0,
    0x0, 0x0, 0xf, 0xff, 0xff, 0xff, 0xff, 0xff,
    0xff, 0xff, 0x80, 0x0, 0xfd, 0x77, 0x77, 0x77,
    0x77, 0x77, 0x77, 0x73, 0x0, 0xf, 0xa0, 0x0,
    0x0, 0x0, 0x0, 0x0, 0x0, 0x0, 0x1, 0xfa,
    0x0, 0x0, 0x0, 0x0, 0x0, 0x0, 0x0, 0x0,
    0x1f, 0x90, 0x9f, 0xff, 0xff, 0xff, 0xff, 0xf1,
    0x0, 0x2, 0xf9, 0xa, 0xf8, 0x88, 0x88, 0x88,
    0xcf, 0x10, 0x0, 0x3f, 0x70, 0xae, 0x0, 0x0,
    0x0, 0x7, 0xf1, 0x0, 0x5, 0xf6, 0xa, 0xe0,
    0x0, 0x0, 0x0, 0x7f, 0x10, 0x0, 0x9f, 0x30,
    0xae, 0x0, 0x0, 0x0, 0x7, 0xf1, 0x0, 0xf,
    0xe0, 0xa, 0xe1, 0x11, 0x11, 0x11, 0x8f, 0x10,
    0x7, 0xf9, 0x0, 0xaf, 0xff, 0xff, 0xff, 0xff,
    0xf1, 0x0, 0xff, 0x20, 0xa, 0xf6, 0x66, 0x66,
    0x66, 0xaf, 0x10, 0x5, 0x70, 0x0, 0xae, 0x0,
    0x0, 0x0, 0x7, 0xf1, 0x0, 0x0, 0x0, 0x0,
    0x10, 0x0, 0x0, 0x0, 0x0, 0x0,

    /* U+5411 "向" */
    0x0, 0x0, 0x0, 0x10, 0x0, 0x0, 0x0, 0x0,
    0x0, 0x0, 0x5, 0xf9, 0x0, 0x0, 0x0, 0x0,
    0x0, 0x0, 0xc, 0xf2, 0x0, 0x0, 0x0, 0x0,
    0x57, 0x77, 0x8f, 0xd7, 0x77, 0x77, 0x77, 0x76,
    0xbf, 0xff, 0xff, 0xff, 0xff, 0xff, 0xff, 0xfe,
    0xbe, 0x0, 0x0, 0x0, 0x0, 0x0, 0x0, 0xbe,
    0xbe, 0x0, 0x0, 0x0, 0x0, 0x0, 0x0, 0xbe,
    0xbe, 0x0, 0x56, 0x66, 0x66, 0x65, 0x0, 0xbe,
    0xbe, 0x0, 0xef, 0xff, 0xff, 0xfe, 0x0, 0xbe,
    0xbe, 0x0, 0xe9, 0x0, 0x0, 0x8e, 0x0, 0xbe,
    0xbe, 0x0, 0xe9, 0x0, 0x0, 0x7e, 0x0, 0xbe,
    0xbe, 0x0, 0xe9, 0x0, 0x0, 0x7e, 0x0, 0xbe,
    0xbe, 0x0, 0xe9, 0x11, 0x11, 0x8e, 0x0, 0xbe,
    0xbe, 0x0, 0xef, 0xff, 0xff, 0xfe, 0x0, 0xbe,
    0xbe, 0x0, 0x55, 0x55, 0x55, 0x55, 0x0, 0xbe,
    0xbe, 0x0, 0x0, 0x0, 0x0, 0x0, 0x0, 0xbe,
    0xbe, 0x0, 0x0, 0x0, 0x0, 0x0, 0x0, 0xbe,
    0xbe, 0x0, 0x0, 0x0, 0x0, 0x9, 0xb9, 0xfd,
    0xbe, 0x0, 0x0, 0x0, 0x0, 0x7, 0xdf, 0xe5,
    0x1, 0x0, 0x0, 0x0, 0x0, 0x0, 0x0, 0x0,

    /* U+5426 "否" */
    0x1f, 0xff, 0xff, 0xff, 0xff, 0xff, 0xff, 0xff,
    0xf7, 0x0, 0x77, 0x77, 0x77, 0x7f, 0xf8, 0x77,
    0x77, 0x77, 0x30, 0x0, 0x0, 0x0, 0xa, 0xfd,
    0x0, 0x0, 0x0, 0x0, 0x0, 0x0, 0x0, 0x1b,
    0xff, 0xd0, 0xbe, 0x50, 0x0, 0x0, 0x0, 0x0,
    0x3d, 0xf9, 0xbd, 0x2, 0xcf, 0xa1, 0x0, 0x0,
    0x1, 0x9f, 0xf6, 0xb, 0xd0, 0x0, 0x8f, 0xe3,
    0x0, 0x18, 0xff, 0xc2, 0x0, 0xbd, 0x0, 0x0,
    0x4f, 0xf6, 0x8, 0xfe, 0x60, 0x0, 0xb, 0xd0,
    0x0, 0x0, 0x3e, 0xc0, 0x5, 0x0, 0x0, 0x0,
    0xbd, 0x0, 0x0, 0x0, 0x21, 0x0, 0x6, 0x99,
    0x99, 0x9f, 0xf9, 0x99, 0x99, 0x90, 0x0, 0x0,
    0xaf, 0xee, 0xee, 0xee, 0xee, 0xee, 0xff, 0x0,
    0x0, 0xa, 0xe0, 0x0, 0x0, 0x0, 0x0, 0x9,
    0xf0, 0x0, 0x0, 0xae, 0x0, 0x0, 0x0, 0x0,
    0x0, 0x9f, 0x0, 0x0, 0xa, 0xe0, 0x0, 0x0,
    0x0, 0x0, 0x9, 0xf0, 0x0, 0x0, 0xae, 0x0,
    0x0, 0x0, 0x0, 0x0, 0x9f, 0x0, 0x0, 0xa,
    0xff, 0xff, 0xff, 0xff, 0xff, 0xff, 0xf0, 0x0,
    0x0, 0xaf, 0x88, 0x88, 0x88, 0x88, 0x88, 0xcf,
    0x0, 0x0, 0xa, 0xe0, 0x0, 0x0, 0x0, 0x0,
    0x9, 0xf0, 0x0,

    /* U+542B "含" */
    0x0, 0x0, 0x0, 0x0, 0x10, 0x0, 0x0, 0x0,
    0x0, 0x0, 0x0, 0x0, 0x0, 0x1d, 0xf3, 0x0,
    0x0, 0x0, 0x0, 0x0, 0x0, 0x0, 0x2d, 0xff,
    0xe4, 0x0, 0x0, 0x0, 0x0, 0x0, 0x0, 0x4f,
    0xe3, 0x2d, 0xf8, 0x0, 0x0, 0x0, 0x0, 0x1,
    0x9f, 0xd2, 0x64, 0xa, 0xfd, 0x50, 0x0, 0x0,
    0x5, 0xef, 0xa0, 0xb, 0xe1, 0x5, 0xef, 0xc4,
    0x0, 0x4d, 0xfe, 0x50, 0x0, 0x3f, 0x50, 0x1,
    0x9f, 0xfd, 0x9, 0xf9, 0x78, 0x88, 0x88, 0x98,
    0x88, 0x85, 0x2a, 0x90, 0x11, 0xb, 0xff, 0xff,
    0xff, 0xff, 0xff, 0xb0, 0x0, 0x0, 0x0, 0x0,
    0x0, 0x0, 0x0, 0x3e, 0xf3, 0x0, 0x0, 0x0,
    0x0, 0x0, 0x0, 0x0, 0x4f, 0xf4, 0x0, 0x0,
    0x0, 0x0, 0x11, 0x11, 0x11, 0x12, 0xa3, 0x11,
    0x10, 0x0, 0x0, 0xaf, 0xff, 0xff, 0xff, 0xff,
    0xff, 0xff, 0x0, 0x0, 0xa, 0xf6, 0x66, 0x66,
    0x66, 0x66, 0x6b, 0xf0, 0x0, 0x0, 0xae, 0x0,
    0x0, 0x0, 0x0, 0x0, 0x8f, 0x0, 0x0, 0xa,
    0xe0, 0x0, 0x0, 0x0, 0x0, 0x8, 0xf0, 0x0,
    0x0, 0xaf, 0x88, 0x88, 0x88, 0x88, 0x88, 0xcf,
    0x0, 0x0, 0xa, 0xff, 0xff, 0xff, 0xff, 0xff,
    0xff, 0xf0, 0x0, 0x0, 0xae, 0x0, 0x0, 0x0,
    0x0, 0x0, 0x8f, 0x0, 0x0,

    /* U+542F "启" */
    0x0, 0x0, 0x0, 0x0, 0x0, 0x10, 0x0, 0x0,
    0x0, 0x0, 0x0, 0x0, 0x0, 0x8, 0xe0, 0x0,
    0x0, 0x0, 0x0, 0x0, 0x11, 0x11, 0x15, 0xf4,
    0x11, 0x11, 0x10, 0x0, 0x7, 0xff, 0xff, 0xff,
    0xff, 0xff, 0xff, 0xf8, 0x0, 0x7, 0xf7, 0x66,
    0x66, 0x66, 0x66, 0x67, 0xf8, 0x0, 0x7, 0xf1,
    0x0, 0x0, 0x0, 0x0, 0x1, 0xf8, 0x0, 0x7,
    0xf1, 0x0, 0x0, 0x0, 0x0, 0x1, 0xf8, 0x0,
    0x7, 0xf7, 0x77, 0x77, 0x77, 0x77, 0x77, 0xf8,
    0x0, 0x7, 0xff, 0xff, 0xff, 0xff, 0xff, 0xff,
    0xf8, 0x0, 0x8, 0xf1, 0x0, 0x0, 0x0, 0x0,
    0x0, 0x0, 0x0, 0x9, 0xf0, 0x0, 0x0, 0x0,
    0x0, 0x0, 0x0, 0x0, 0xa, 0xf0, 0x47, 0x77,
    0x77, 0x77, 0x77, 0x76, 0x0, 0xd, 0xe0, 0xaf,
    0xee, 0xee, 0xee, 0xee, 0xfe, 0x0, 0xf, 0xb0,
    0xae, 0x0, 0x0, 0x0, 0x0, 0xae, 0x0, 0x5f,
    0x80, 0xae, 0x0, 0x0, 0x0, 0x0, 0xae, 0x0,
    0xcf, 0x20, 0xae, 0x0, 0x0, 0x0, 0x0, 0xae,
    0x6, 0xfa, 0x0, 0xaf, 0xff, 0xff, 0xff, 0xff,
    0xfe, 0x1f, 0xf2, 0x0, 0xaf, 0x88, 0x88, 0x88,
    0x88, 0xde, 0x8, 0x50, 0x0, 0xae, 0x0, 0x0,
    0x0, 0x0, 0xae, 0x0, 0x0, 0x0, 0x1, 0x0,
    0x0, 0x0, 0x0, 0x0,

    /* U+5439 "吹" */
    0x0, 0x0, 0x0, 0x0, 0x0, 0x30, 0x0, 0x0,
    0x0, 0x0, 0x0, 0x0, 0x0, 0x0, 0xf, 0x90,
    0x0, 0x0, 0x0, 0x37, 0x77, 0x77, 0x10, 0x5,
    0xf4, 0x0, 0x0, 0x0, 0x7, 0xff, 0xff, 0xf3,
    0x0, 0xbf, 0x54, 0x44, 0x44, 0x10, 0x7f, 0x10,
    0x5f, 0x30, 0x1f, 0xff, 0xff, 0xff, 0xf4, 0x7,
    0xf0, 0x4, 0xf3, 0x9, 0xf5, 0x33, 0x33, 0xaf,
    0x10, 0x7f, 0x0, 0x4f, 0x32, 0xfc, 0x3, 0x70,
    0xf, 0xa0, 0x7, 0xf0, 0x4, 0xf3, 0xcf, 0x40,
    0x6f, 0x16, 0xf3, 0x0, 0x7f, 0x0, 0x4f, 0x3a,
    0x90, 0x7, 0xf1, 0x16, 0x0, 0x7, 0xf0, 0x4,
    0xf3, 0x0, 0x0, 0x8f, 0x10, 0x0, 0x0, 0x7f,
    0x0, 0x4f, 0x30, 0x0, 0xa, 0xf5, 0x0, 0x0,
    0x7, 0xf0, 0x4, 0xf3, 0x0, 0x0, 0xef, 0xa0,
    0x0, 0x0, 0x7f, 0xff, 0xff, 0x30, 0x0, 0x2f,
    0xbf, 0x10, 0x0, 0x7, 0xf8, 0x8a, 0xf3, 0x0,
    0x9, 0xf2, 0xe9, 0x0, 0x0, 0x7f, 0x0, 0x4e,
    0x20, 0x2, 0xfb, 0x7, 0xf2, 0x0, 0x4, 0x90,
    0x0, 0x0, 0x0, 0xdf, 0x20, 0xe, 0xd1, 0x0,
    0x0, 0x0, 0x0, 0x0, 0xcf, 0x60, 0x0, 0x4f,
    0xc1, 0x0, 0x0, 0x0, 0x0, 0xcf, 0x90, 0x0,
    0x0, 0x7f, 0xd0, 0x0, 0x0, 0x0, 0x3, 0x70,
    0x0, 0x0, 0x0, 0x73, 0x0,

    /* U+544A "告" */
    0x0, 0x4, 0xb3, 0x0, 0xbd, 0x0, 0x0, 0x0,
    0x0, 0x0, 0xb, 0xf1, 0x0, 0xbd, 0x0, 0x0,
    0x0, 0x0, 0x0, 0x3f, 0xc5, 0x55, 0xce, 0x55,
    0x55, 0x55, 0x30, 0x0, 0xdf, 0xff, 0xff, 0xff,
    0xff, 0xff, 0xff, 0xa0, 0x9, 0xf7, 0x22, 0x22,
    0xbe, 0x22, 0x22, 0x22, 0x10, 0x5, 0xa0, 0x0,
    0x0, 0xbd, 0x0, 0x0, 0x0, 0x0, 0x1, 0x11,
    0x11, 0x11, 0xbd, 0x11, 0x11, 0x11, 0x10, 0xff,
    0xff, 0xff, 0xff, 0xff, 0xff, 0xff, 0xff, 0xff,
    0x66, 0x66, 0x66, 0x66, 0x66, 0x66, 0x66, 0x66,
    0x66, 0x0, 0x0, 0x0, 0x0, 0x0, 0x0, 0x0,
    0x0, 0x0, 0x0, 0x9f, 0xff, 0xff, 0xff, 0xff,
    0xff, 0xfd, 0x0, 0x0, 0xaf, 0x88, 0x88, 0x88,
    0x88, 0x88, 0xde, 0x0, 0x0, 0xae, 0x0, 0x0,
    0x0, 0x0, 0x0, 0xbe, 0x0, 0x0, 0xae, 0x0,
    0x0, 0x0, 0x0, 0x0, 0xbe, 0x0, 0x0, 0xae,
    0x0, 0x0, 0x0, 0x0, 0x0, 0xbe, 0x0, 0x0,
    0xaf, 0xff, 0xff, 0xff, 0xff, 0xff, 0xfe, 0x0,
    0x0, 0xaf, 0x88, 0x88, 0x88, 0x88, 0x88, 0xde,
    0x0, 0x0, 0xae, 0x0, 0x0, 0x0, 0x0, 0x0,
    0xbe, 0x0,

    /* U+5468 "周" */
    0x0, 0xff, 0xff, 0xff, 0xff, 0xff, 0xff, 0xff,
    0xf0, 0xf, 0xc7, 0x77, 0x77, 0x77, 0x77, 0x77,
    0xcf, 0x0, 0xf9, 0x0, 0x0, 0x39, 0x10, 0x0,
    0x9, 0xf0, 0xf, 0x90, 0x0, 0x5, 0xf3, 0x0,
    0x0, 0x9f, 0x0, 0xf9, 0xf, 0xff, 0xff, 0xff,
    0xfe, 0x9, 0xf0, 0xf, 0x90, 0x77, 0x7a, 0xf9,
    0x77, 0x60, 0x9f, 0x0, 0xf9, 0x0, 0x0, 0x5f,
    0x30, 0x0, 0x9, 0xf0, 0xf, 0x95, 0xff, 0xff,
    0xff, 0xff, 0xf7, 0x9f, 0x0, 0xf8, 0x27, 0x77,
    0x77, 0x77, 0x77, 0x39, 0xf0, 0xf, 0x80, 0x2,
    0x22, 0x22, 0x22, 0x0, 0x9f, 0x2, 0xf7, 0x4,
    0xff, 0xff, 0xff, 0xf5, 0x9, 0xf0, 0x4f, 0x50,
    0x4f, 0x52, 0x22, 0x4f, 0x50, 0x9f, 0x7, 0xf3,
    0x4, 0xf3, 0x0, 0x2, 0xf5, 0x9, 0xf0, 0xaf,
    0x0, 0x4f, 0xff, 0xff, 0xff, 0x50, 0x9f, 0xf,
    0xc0, 0x1, 0x66, 0x66, 0x66, 0x61, 0x9, 0xf4,
    0xf8, 0x0, 0x0, 0x0, 0x0, 0x0, 0x0, 0x9f,
    0xaf, 0x20, 0x0, 0x0, 0x0, 0x0, 0x66, 0x5c,
    0xf7, 0xc0, 0x0, 0x0, 0x0, 0x0, 0xb, 0xff,
    0xf8, 0x0, 0x0, 0x0, 0x0, 0x0, 0x0, 0x0,
    0x0, 0x0,

    /* U+548C "和" */
    0x0, 0x0, 0x0, 0x0, 0x0, 0x0, 0x0, 0x0,
    0x0, 0x0, 0x0, 0x1, 0x48, 0xcf, 0x70, 0x0,
    0x0, 0x0, 0x0, 0xa, 0xcf, 0xff, 0xfc, 0x84,
    0x6, 0x77, 0x77, 0x77, 0x20, 0xbc, 0x96, 0xf9,
    0x0, 0x0, 0xef, 0xff, 0xff, 0xf4, 0x0, 0x0,
    0xf, 0x90, 0x0, 0xe, 0x90, 0x0, 0x3f, 0x40,
    0x0, 0x0, 0xf9, 0x0, 0x0, 0xe9, 0x0, 0x3,
    0xf4, 0xd, 0xff, 0xff, 0xff, 0xfe, 0xe, 0x90,
    0x0, 0x3f, 0x40, 0x78, 0x8a, 0xfc, 0x88, 0x70,
    0xe9, 0x0, 0x3, 0xf4, 0x0, 0x0, 0x8f, 0xd1,
    0x0, 0xe, 0x90, 0x0, 0x3f, 0x40, 0x0, 0xe,
    0xff, 0xd1, 0x0, 0xe9, 0x0, 0x3, 0xf4, 0x0,
    0x8, 0xef, 0xae, 0xd1, 0xe, 0x90, 0x0, 0x3f,
    0x40, 0x2, 0xf6, 0xf9, 0x3f, 0xd0, 0xe9, 0x0,
    0x3, 0xf4, 0x0, 0xcd, 0xf, 0x90, 0x57, 0xe,
    0x90, 0x0, 0x3f, 0x40, 0xaf, 0x30, 0xf9, 0x0,
    0x0, 0xe9, 0x0, 0x3, 0xf4, 0x1f, 0x60, 0xf,
    0x90, 0x0, 0xe, 0x90, 0x0, 0x3f, 0x40, 0x30,
    0x0, 0xf9, 0x0, 0x0, 0xef, 0xff, 0xff, 0xf4,
    0x0, 0x0, 0xf, 0x90, 0x0, 0xe, 0xb6, 0x66,
    0x8f, 0x40, 0x0, 0x0, 0xf9, 0x0, 0x0, 0xc7,
    0x0, 0x2, 0xc3, 0x0, 0x0, 0xf, 0x90, 0x0,
    0x0, 0x0, 0x0, 0x0, 0x0,

    /* U+54CD "响" */
    0x0, 0x0, 0x0, 0x0, 0x0, 0x4, 0x0, 0x0,
    0x0, 0x0, 0x0, 0x0, 0x0, 0x0, 0x5f, 0x50,
    0x0, 0x0, 0x37, 0x77, 0x77, 0x10, 0x0, 0xaf,
    0x0, 0x0, 0x0, 0x7f, 0xff, 0xff, 0x36, 0x77,
    0xfd, 0x77, 0x77, 0x73, 0x7f, 0x10, 0x5f, 0x3e,
    0xff, 0xff, 0xff, 0xff, 0xf7, 0x7f, 0x0, 0x4f,
    0x3e, 0x80, 0x0, 0x0, 0x0, 0xe7, 0x7f, 0x0,
    0x4f, 0x3e, 0x70, 0x33, 0x33, 0x20, 0xe7, 0x7f,
    0x0, 0x4f, 0x3e, 0x70, 0xef, 0xff, 0x90, 0xe7,
    0x7f, 0x0, 0x4f, 0x3e, 0x70, 0xe7, 0xe, 0x90,
    0xe7, 0x7f, 0x0, 0x4f, 0x3e, 0x70, 0xe7, 0xe,
    0x90, 0xe7, 0x7f, 0x0, 0x4f, 0x3e, 0x70, 0xe7,
    0xe, 0x90, 0xe7, 0x7f, 0x0, 0x4f, 0x3e, 0x70,
    0xe7, 0xe, 0x90, 0xe7, 0x7f, 0xdd, 0xef, 0x3e,
    0x70, 0xe7, 0xe, 0x90, 0xe7, 0x7f, 0xaa, 0xbf,
    0x3e, 0x70, 0xe7, 0xe, 0x90, 0xe7, 0x7f, 0x0,
    0x4e, 0x2e, 0x70, 0xef, 0xff, 0x90, 0xe7, 0x49,
    0x0, 0x0, 0xe, 0x70, 0x44, 0x44, 0x20, 0xe7,
    0x0, 0x0, 0x0, 0xe, 0x70, 0x0, 0x0, 0x0,
    0xe7, 0x0, 0x0, 0x0, 0xe, 0x70, 0x0, 0xb,
    0x9a, 0xf6, 0x0, 0x0, 0x0, 0xe, 0x70, 0x0,
    0xb, 0xff, 0xb0,

    /* U+54E8 "哨" */
    0x0, 0x0, 0x0, 0x4, 0x60, 0x7, 0xe0, 0x6,
    0x80, 0x37, 0x77, 0x76, 0xa, 0xf3, 0x7, 0xe0,
    0xe, 0xc0, 0x7f, 0xff, 0xfe, 0x0, 0xdd, 0x7,
    0xe0, 0x9f, 0x30, 0x7f, 0x10, 0xae, 0x0, 0x26,
    0x7, 0xe0, 0x25, 0x0, 0x7f, 0x0, 0xae, 0x3,
    0x77, 0x7b, 0xf7, 0x77, 0x70, 0x7f, 0x0, 0xae,
    0x7, 0xff, 0xff, 0xff, 0xff, 0xf1, 0x7f, 0x0,
    0xae, 0x7, 0xf0, 0x0, 0x0, 0x7, 0xf1, 0x7f,
    0x0, 0xae, 0x7, 0xf0, 0x0, 0x0, 0x7, 0xf1,
    0x7f, 0x0, 0xae, 0x7, 0xff, 0xff, 0xff, 0xff,
    0xf1, 0x7f, 0x0, 0xae, 0x7, 0xf4, 0x44, 0x44,
    0x4a, 0xf1, 0x7f, 0x0, 0xae, 0x7, 0xf0, 0x0,
    0x0, 0x7, 0xf1, 0x7f, 0xee, 0xfe, 0x7, 0xf2,
    0x22, 0x22, 0x28, 0xf1, 0x7f, 0xaa, 0xde, 0x7,
    0xff, 0xff, 0xff, 0xff, 0xf1, 0x7f, 0x0, 0x9d,
    0x7, 0xf3, 0x33, 0x33, 0x39, 0xf1, 0x49, 0x0,
    0x0, 0x7, 0xf0, 0x0, 0x0, 0x7, 0xf1, 0x0,
    0x0, 0x0, 0x7, 0xf0, 0x0, 0x0, 0x7, 0xf1,
    0x0, 0x0, 0x0, 0x7, 0xf0, 0x0, 0x2a, 0x8d,
    0xf0, 0x0, 0x0, 0x0, 0x7, 0xf0, 0x0, 0xc,
    0xef, 0x70,

    /* U+54EA "哪" */
    0x0, 0x0, 0x6, 0xff, 0xff, 0xf8, 0x6d, 0xdd,
    0xda, 0x26, 0x66, 0x22, 0x6e, 0xb6, 0xf8, 0x7f,
    0x77, 0xdb, 0x7f, 0xff, 0x70, 0xd, 0x80, 0xe8,
    0x7e, 0x0, 0xd7, 0x7f, 0xe, 0x70, 0xe, 0x80,
    0xe8, 0x7e, 0x2, 0xf3, 0x7f, 0xe, 0x70, 0xe,
    0x70, 0xe8, 0x7e, 0x7, 0xe0, 0x7f, 0xe, 0x72,
    0xff, 0xff, 0xf8, 0x7e, 0xc, 0xa0, 0x7f, 0xe,
    0x70, 0x6f, 0xa6, 0xf7, 0x7e, 0x1f, 0x50, 0x7f,
    0xe, 0x70, 0xf, 0x60, 0xf7, 0x7e, 0x1f, 0x60,
    0x7f, 0xe, 0x70, 0x1f, 0x50, 0xf6, 0x7e, 0x8,
    0xe0, 0x7f, 0xe, 0x74, 0x9f, 0xa8, 0xf6, 0x7e,
    0x1, 0xf4, 0x7f, 0xe, 0x76, 0xef, 0xdd, 0xf5,
    0x7e, 0x0, 0xc9, 0x7f, 0xff, 0x70, 0x9d, 0x1,
    0xf5, 0x7e, 0x0, 0x8c, 0x7f, 0x6f, 0x70, 0xe9,
    0x2, 0xf4, 0x7e, 0x0, 0x8c, 0x7f, 0xd, 0x64,
    0xf3, 0x4, 0xf3, 0x7e, 0x24, 0xca, 0x49, 0x0,
    0xd, 0xd0, 0x6, 0xf1, 0x7e, 0x5f, 0xe3, 0x0,
    0x0, 0x8f, 0x47, 0xbe, 0xd0, 0x7e, 0x1, 0x0,
    0x0, 0x0, 0xe9, 0x5, 0xdd, 0x30, 0x7e, 0x0,
    0x0, 0x0, 0x0, 0x30, 0x0, 0x0, 0x0, 0x7e,
    0x0, 0x0,

    /* U+54FC "哼" */
    0x0, 0x0, 0x0, 0x0, 0x0, 0x1, 0x20, 0x0,
    0x0, 0x0, 0x0, 0x0, 0x0, 0x0, 0x1f, 0xa0,
    0x0, 0x0, 0x4a, 0xaa, 0xaa, 0x38, 0x88, 0x8e,
    0xf8, 0x88, 0x88, 0x7f, 0xdd, 0xdf, 0x6f, 0xff,
    0xff, 0xff, 0xff, 0xff, 0x7f, 0x0, 0x4f, 0x30,
    0x0, 0x0, 0x0, 0x0, 0x0, 0x7f, 0x0, 0x4f,
    0x31, 0xff, 0xff, 0xff, 0xff, 0x70, 0x7f, 0x0,
    0x4f, 0x31, 0xfb, 0x77, 0x77, 0x8f, 0x80, 0x7f,
    0x0, 0x4f, 0x31, 0xf7, 0x0, 0x0, 0x1f, 0x80,
    0x7f, 0x0, 0x4f, 0x31, 0xfb, 0x77, 0x77, 0x7f,
    0x80, 0x7f, 0x0, 0x4f, 0x31, 0xff, 0xff, 0xff,
    0xff, 0x70, 0x7f, 0x0, 0x4f, 0x30, 0x0, 0x0,
    0x0, 0x0, 0x0, 0x7f, 0x0, 0x4f, 0x3d, 0xff,
    0xff, 0xff, 0xff, 0xe0, 0x7f, 0xff, 0xff, 0x33,
    0x44, 0x44, 0x46, 0xef, 0xa0, 0x7f, 0x88, 0xaf,
    0x30, 0x0, 0x0, 0x7f, 0xf7, 0x0, 0x7f, 0x0,
    0x4e, 0x20, 0x0, 0x5, 0xfc, 0x20, 0x0, 0x49,
    0x0, 0x0, 0x0, 0x0, 0x5, 0xf3, 0x0, 0x0,
    0x0, 0x0, 0x0, 0x0, 0x0, 0x5, 0xf3, 0x0,
    0x0, 0x0, 0x0, 0x0, 0x0, 0x3, 0x8b, 0xf3,
    0x0, 0x0, 0x0, 0x0, 0x0, 0x0, 0x3, 0xef,
    0xb0, 0x0, 0x0,

    /* U+5531 "唱" */
    0x13, 0x33, 0x31, 0x6, 0xff, 0xff, 0xff, 0xff,
    0xa0, 0x7f, 0xff, 0xf7, 0x6, 0xf8, 0x66, 0x66,
    0x6f, 0xa0, 0x7f, 0x99, 0xf7, 0x6, 0xf2, 0x0,
    0x0, 0xe, 0xa0, 0x7f, 0x0, 0xf7, 0x6, 0xf6,
    0x44, 0x44, 0x4f, 0xa0, 0x7f, 0x0, 0xf7, 0x6,
    0xff, 0xff, 0xff, 0xff, 0xa0, 0x7f, 0x0, 0xf7,
    0x6, 0xf2, 0x0, 0x0, 0xe, 0xa0, 0x7f, 0x0,
    0xf7, 0x6, 0xf7, 0x66, 0x66, 0x6f, 0xa0, 0x7f,
    0x0, 0xf7, 0x6, 0xff, 0xff, 0xff, 0xff, 0xa0,
    0x7f, 0x0, 0xf7, 0x0, 0x0, 0x0, 0x0, 0x0,
    0x0, 0x7f, 0x0, 0xf7, 0x1f, 0xff, 0xff, 0xff,
    0xff, 0xf6, 0x7f, 0x0, 0xf7, 0x1f, 0xb7, 0x77,
    0x77, 0x78, 0xf6, 0x7f, 0xff, 0xf7, 0x1f, 0x70,
    0x0, 0x0, 0x2, 0xf6, 0x7f, 0x76, 0x63, 0x1f,
    0xfe, 0xee, 0xee, 0xee, 0xf6, 0x7f, 0x0, 0x0,
    0x1f, 0xb7, 0x77, 0x77, 0x78, 0xf6, 0x49, 0x0,
    0x0, 0x1f, 0x70, 0x0, 0x0, 0x2, 0xf6, 0x0,
    0x0, 0x0, 0x1f, 0xb7, 0x77, 0x77, 0x78, 0xf6,
    0x0, 0x0, 0x0, 0x1f, 0xff, 0xff, 0xff, 0xff,
    0xf6, 0x0, 0x0, 0x0, 0x1f, 0x70, 0x0, 0x0,
    0x2, 0xf6,

    /* U+5587 "喇" */
    0x0, 0x0, 0x0, 0x0, 0x7e, 0x0, 0x0, 0x2,
    0xf5, 0x36, 0x66, 0x64, 0x66, 0xbf, 0x66, 0x40,
    0x2, 0xf5, 0x8f, 0xff, 0xf9, 0xff, 0xff, 0xff,
    0xac, 0xa2, 0xf5, 0x8f, 0x7, 0xf0, 0x0, 0x7e,
    0x0, 0xc, 0xa2, 0xf5, 0x8f, 0x7, 0xf1, 0x55,
    0xaf, 0x55, 0x1c, 0xa2, 0xf5, 0x8f, 0x7, 0xf3,
    0xff, 0xff, 0xff, 0x5c, 0xa2, 0xf5, 0x8f, 0x7,
    0xf3, 0xf3, 0x7e, 0xf, 0x5c, 0xa2, 0xf5, 0x8f,
    0x7, 0xf3, 0xf3, 0x7e, 0xf, 0x5c, 0xa2, 0xf5,
    0x8f, 0x7, 0xf3, 0xf5, 0x9e, 0x3f, 0x5c, 0xa2,
    0xf5, 0x8f, 0x7, 0xf3, 0xff, 0xff, 0xff, 0x5c,
    0xa2, 0xf5, 0x8f, 0x7, 0xf0, 0x14, 0xff, 0x21,
    0xc, 0xa2, 0xf5, 0x8f, 0xce, 0xf0, 0xb, 0xff,
    0xc0, 0xc, 0xa2, 0xf5, 0x8f, 0x99, 0x90, 0x5f,
    0xdf, 0xec, 0xc, 0xa2, 0xf5, 0x8f, 0x0, 0x2,
    0xed, 0x7e, 0x4f, 0x83, 0x22, 0xf5, 0x49, 0x0,
    0x2d, 0xf3, 0x7e, 0xa, 0x50, 0x2, 0xf5, 0x0,
    0x0, 0x6f, 0x60, 0x7e, 0x0, 0x0, 0x2, 0xf5,
    0x0, 0x0, 0x4, 0x0, 0x7e, 0x0, 0x7, 0x8a,
    0xf4, 0x0, 0x0, 0x0, 0x0, 0x7e, 0x0, 0x6,
    0xef, 0xc0,

    /* U+5668 "器" */
    0x0, 0x8f, 0xff, 0xff, 0xc0, 0xf, 0xff, 0xff,
    0xf7, 0x0, 0x8, 0xe6, 0x66, 0xcc, 0x0, 0xfa,
    0x66, 0x7f, 0x70, 0x0, 0x8e, 0x0, 0x9, 0xc0,
    0xf, 0x70, 0x1, 0xf7, 0x0, 0x8, 0xe3, 0x33,
    0xac, 0x0, 0xf9, 0x33, 0x4f, 0x70, 0x0, 0x8f,
    0xff, 0xff, 0xc0, 0xf, 0xff, 0xff, 0xf7, 0x0,
    0x1, 0x33, 0x33, 0x34, 0x93, 0x33, 0x48, 0x33,
    0x10, 0x0, 0x22, 0x22, 0x22, 0x6f, 0x62, 0x29,
    0xf7, 0x22, 0x0, 0xe, 0xff, 0xff, 0xff, 0xff,
    0xff, 0xff, 0xff, 0xf5, 0x0, 0x34, 0x44, 0x7f,
    0xf7, 0x5f, 0xe5, 0x44, 0x44, 0x10, 0x0, 0x37,
    0xcf, 0xf6, 0x0, 0x3d, 0xfa, 0x51, 0x0, 0xc,
    0xff, 0xfe, 0x81, 0x0, 0x0, 0x7, 0xdf, 0xfe,
    0xa0, 0x39, 0x96, 0x33, 0x33, 0x0, 0x33, 0x33,
    0x69, 0xa5, 0x0, 0x2f, 0xff, 0xff, 0xf1, 0x2f,
    0xff, 0xff, 0xf6, 0x0, 0x2, 0xf7, 0x33, 0x8f,
    0x12, 0xf8, 0x33, 0x5f, 0x60, 0x0, 0x2f, 0x50,
    0x7, 0xf1, 0x2f, 0x60, 0x2, 0xf6, 0x0, 0x2,
    0xf8, 0x55, 0x9f, 0x12, 0xf9, 0x55, 0x6f, 0x60,
    0x0, 0x2f, 0xff, 0xff, 0xf1, 0x2f, 0xff, 0xff,
    0xf6, 0x0, 0x2, 0xf6, 0x11, 0x8f, 0x12, 0xf7,
    0x11, 0x3f, 0x60,

    /* U+566A "噪" */
    0x0, 0x0, 0x0, 0x9, 0xff, 0xff, 0xff, 0xfe,
    0x0, 0x3, 0x99, 0x99, 0x0, 0x9f, 0x55, 0x55,
    0x5c, 0xe0, 0x0, 0x5f, 0xff, 0xf0, 0x9, 0xf0,
    0x0, 0x0, 0xae, 0x0, 0x5, 0xf0, 0x6f, 0x0,
    0x9f, 0xff, 0xff, 0xff, 0xe0, 0x0, 0x5f, 0x6,
    0xf0, 0x2, 0x44, 0x44, 0x44, 0x44, 0x0, 0x5,
    0xf0, 0x6f, 0x6, 0x66, 0x66, 0x4, 0x66, 0x66,
    0x30, 0x5f, 0x6, 0xf1, 0xfe, 0xde, 0xf0, 0xbf,
    0xdd, 0xf7, 0x5, 0xf0, 0x6f, 0x1f, 0x70, 0x7f,
    0xb, 0xd0, 0xf, 0x70, 0x5f, 0x6, 0xf1, 0xfa,
    0x7b, 0xf0, 0xbe, 0x77, 0xf7, 0x5, 0xf0, 0x6f,
    0xe, 0xee, 0xee, 0xa, 0xee, 0xee, 0x60, 0x5f,
    0x6, 0xf0, 0x0, 0x0, 0x8, 0x40, 0x0, 0x0,
    0x5, 0xfe, 0xef, 0x3f, 0xff, 0xff, 0xff, 0xff,
    0xff, 0xf1, 0x5f, 0x7a, 0xf1, 0x66, 0x68, 0xff,
    0xfd, 0x66, 0x66, 0x5, 0xf0, 0x5e, 0x0, 0x3,
    0xed, 0xfc, 0xf8, 0x0, 0x0, 0x39, 0x0, 0x0,
    0x7, 0xfd, 0x1f, 0x86, 0xfb, 0x10, 0x0, 0x0,
    0x0, 0x5d, 0xfb, 0x10, 0xf8, 0x5, 0xff, 0x81,
    0x0, 0x0, 0x8, 0xe6, 0x0, 0xf, 0x80, 0x2,
    0xcf, 0x10, 0x0, 0x0, 0x1, 0x0, 0x0, 0xf8,
    0x0, 0x0, 0x30,

    /* U+56DE "回" */
    0x11, 0x11, 0x11, 0x11, 0x11, 0x11, 0x11, 0x10,
    0xef, 0xff, 0xff, 0xff, 0xff, 0xff, 0xff, 0xfa,
    0xec, 0x66, 0x66, 0x66, 0x66, 0x66, 0x66, 0xfa,
    0xea, 0x0, 0x0, 0x0, 0x0, 0x0, 0x0, 0xea,
    0xea, 0x0, 0x22, 0x22, 0x22, 0x21, 0x0, 0xea,
    0xea, 0x0, 0xef, 0xff, 0xff, 0xf9, 0x0, 0xea,
    0xea, 0x0, 0xec, 0x55, 0x55, 0xf9, 0x0, 0xea,
    0xea, 0x0, 0xea, 0x0, 0x0, 0xf9, 0x0, 0xea,
    0xea, 0x0, 0xea, 0x0, 0x0, 0xf9, 0x0, 0xea,
    0xea, 0x0, 0xea, 0x0, 0x0, 0xf9, 0x0, 0xea,
    0xea, 0x0, 0xea, 0x0, 0x0, 0xf9, 0x0, 0xea,
    0xea, 0x0, 0xef, 0xff, 0xff, 0xf9, 0x0, 0xea,
    0xea, 0x0, 0x77, 0x77, 0x77, 0x74, 0x0, 0xea,
    0xea, 0x0, 0x0, 0x0, 0x0, 0x0, 0x0, 0xea,
    0xea, 0x11, 0x11, 0x11, 0x11, 0x11, 0x11, 0xea,
    0xef, 0xff, 0xff, 0xff, 0xff, 0xff, 0xff, 0xfa,
    0xec, 0x66, 0x66, 0x66, 0x66, 0x66, 0x66, 0xfa,
    0xea, 0x0, 0x0, 0x0, 0x0, 0x0, 0x0, 0xea,

    /* U+56E0 "因" */
    0x1f, 0xff, 0xff, 0xff, 0xff, 0xff, 0xff, 0xff,
    0xf7, 0x1f, 0xb7, 0x77, 0x77, 0x77, 0x77, 0x77,
    0x78, 0xf7, 0x1f, 0x70, 0x0, 0x0, 0x12, 0x0,
    0x0, 0x1, 0xf7, 0x1f, 0x70, 0x0, 0x0, 0x9e,
    0x0, 0x0, 0x1, 0xf7, 0x1f, 0x70, 0x0, 0x0,
    0x9e, 0x0, 0x0, 0x1, 0xf7, 0x1f, 0x71, 0x55,
    0x55, 0xbf, 0x55, 0x55, 0x41, 0xf7, 0x1f, 0x76,
    0xff, 0xff, 0xff, 0xff, 0xff, 0xf1, 0xf7, 0x1f,
    0x71, 0x22, 0x22, 0xfb, 0x22, 0x22, 0x21, 0xf7,
    0x1f, 0x70, 0x0, 0x4, 0xfb, 0x0, 0x0, 0x1,
    0xf7, 0x1f, 0x70, 0x0, 0xd, 0xff, 0xd3, 0x0,
    0x1, 0xf7, 0x1f, 0x70, 0x0, 0xbf, 0x54, 0xef,
    0x70, 0x1, 0xf7, 0x1f, 0x70, 0x1b, 0xf8, 0x0,
    0x1b, 0xfa, 0x1, 0xf7, 0x1f, 0x73, 0xef, 0x70,
    0x0, 0x0, 0x9f, 0xb1, 0xf7, 0x1f, 0x71, 0xb4,
    0x0, 0x0, 0x0, 0x7, 0x41, 0xf7, 0x1f, 0x70,
    0x0, 0x0, 0x0, 0x0, 0x0, 0x1, 0xf7, 0x1f,
    0xff, 0xff, 0xff, 0xff, 0xff, 0xff, 0xff, 0xf7,
    0x1f, 0xc8, 0x88, 0x88, 0x88, 0x88, 0x88, 0x89,
    0xf7, 0x1f, 0x70, 0x0, 0x0, 0x0, 0x0, 0x0,
    0x1, 0xf7,

    /* U+56F4 "围" */
    0x1f, 0xff, 0xff, 0xff, 0xff, 0xff, 0xff, 0xff,
    0xf7, 0x1f, 0xb7, 0x77, 0x77, 0x77, 0x77, 0x77,
    0x78, 0xf7, 0x1f, 0x70, 0x0, 0x1, 0xb5, 0x0,
    0x0, 0x1, 0xf7, 0x1f, 0x70, 0x33, 0x34, 0xf8,
    0x33, 0x33, 0x1, 0xf7, 0x1f, 0x71, 0xff, 0xff,
    0xff, 0xff, 0xff, 0x1, 0xf7, 0x1f, 0x70, 0x33,
    0x35, 0xf8, 0x33, 0x33, 0x1, 0xf7, 0x1f, 0x70,
    0x58, 0x89, 0xfb, 0x88, 0x83, 0x1, 0xf7, 0x1f,
    0x70, 0x9f, 0xff, 0xff, 0xff, 0xf6, 0x1, 0xf7,
    0x1f, 0x70, 0x0, 0x2, 0xf7, 0x0, 0x0, 0x1,
    0xf7, 0x1f, 0x74, 0xff, 0xff, 0xff, 0xff, 0xff,
    0x11, 0xf7, 0x1f, 0x72, 0x88, 0x89, 0xfb, 0x88,
    0xbf, 0x1, 0xf7, 0x1f, 0x70, 0x0, 0x2, 0xf7,
    0x0, 0x8e, 0x1, 0xf7, 0x1f, 0x70, 0x0, 0x2,
    0xf7, 0x79, 0xeb, 0x1, 0xf7, 0x1f, 0x70, 0x0,
    0x2, 0xf7, 0x5c, 0xb2, 0x1, 0xf7, 0x1f, 0x70,
    0x0, 0x1, 0x94, 0x0, 0x0, 0x1, 0xf7, 0x1f,
    0xff, 0xff, 0xff, 0xff, 0xff, 0xff, 0xff, 0xf7,
    0x1f, 0xc8, 0x88, 0x88, 0x88, 0x88, 0x88, 0x89,
    0xf7, 0x1f, 0x70, 0x0, 0x0, 0x0, 0x0, 0x0,
    0x1, 0xf7,

    /* U+56FA "固" */
    0x1f, 0xff, 0xff, 0xff, 0xff, 0xff, 0xff, 0xff,
    0xf7, 0x1f, 0xb7, 0x77, 0x77, 0x77, 0x77, 0x77,
    0x78, 0xf7, 0x1f, 0x70, 0x0, 0x0, 0x35, 0x0,
    0x0, 0x1, 0xf7, 0x1f, 0x70, 0x0, 0x0, 0xae,
    0x0, 0x0, 0x1, 0xf7, 0x1f, 0x70, 0x11, 0x11,
    0xae, 0x11, 0x11, 0x11, 0xf7, 0x1f, 0x7a, 0xff,
    0xff, 0xff, 0xff, 0xff, 0xf1, 0xf7, 0x1f, 0x74,
    0x66, 0x66, 0xcf, 0x66, 0x66, 0x61, 0xf7, 0x1f,
    0x70, 0x0, 0x0, 0xae, 0x0, 0x0, 0x1, 0xf7,
    0x1f, 0x70, 0x5, 0x55, 0xcf, 0x55, 0x53, 0x1,
    0xf7, 0x1f, 0x70, 0x2f, 0xff, 0xff, 0xff, 0xf9,
    0x1, 0xf7, 0x1f, 0x70, 0x2f, 0x51, 0x11, 0x11,
    0xf9, 0x1, 0xf7, 0x1f, 0x70, 0x2f, 0x50, 0x0,
    0x0, 0xf9, 0x1, 0xf7, 0x1f, 0x70, 0x2f, 0x97,
    0x77, 0x77, 0xf9, 0x1, 0xf7, 0x1f, 0x70, 0x2f,
    0xff, 0xff, 0xff, 0xf9, 0x1, 0xf7, 0x1f, 0x70,
    0x0, 0x0, 0x0, 0x0, 0x0, 0x1, 0xf7, 0x1f,
    0xff, 0xff, 0xff, 0xff, 0xff, 0xff, 0xff, 0xf7,
    0x1f, 0xc8, 0x88, 0x88, 0x88, 0x88, 0x88, 0x89,
    0xf7, 0x1f, 0x70, 0x0, 0x0, 0x0, 0x0, 0x0,
    0x1, 0xf7,

    /* U+56FE "图" */
    0x1f, 0xff, 0xff, 0xff, 0xff, 0xff, 0xff, 0xff,
    0xf7, 0x1f, 0xb7, 0x77, 0x77, 0x77, 0x77, 0x77,
    0x78, 0xf7, 0x1f, 0x70, 0x0, 0x8c, 0x0, 0x0,
    0x0, 0x1, 0xf7, 0x1f, 0x70, 0x3, 0xff, 0xff,
    0xff, 0xc0, 0x1, 0xf7, 0x1f, 0x70, 0x1d, 0xf7,
    0x66, 0x8f, 0xa0, 0x1, 0xf7, 0x1f, 0x72, 0xde,
    0xee, 0x32, 0xde, 0x10, 0x1, 0xf7, 0x1f, 0x71,
    0xa1, 0x1c, 0xfe, 0xe2, 0x0, 0x1, 0xf7, 0x1f,
    0x70, 0x3, 0x8e, 0xff, 0xfa, 0x40, 0x1, 0xf7,
    0x1f, 0x79, 0xff, 0xf9, 0x31, 0x7d, 0xff, 0xb1,
    0xf7, 0x1f, 0x73, 0x73, 0x4, 0xb6, 0x10, 0x38,
    0x71, 0xf7, 0x1f, 0x70, 0x0, 0x5, 0xdf, 0xfa,
    0x0, 0x1, 0xf7, 0x1f, 0x70, 0x0, 0xa7, 0x23,
    0x99, 0x0, 0x1, 0xf7, 0x1f, 0x70, 0x1, 0xbf,
    0xfd, 0x60, 0x0, 0x1, 0xf7, 0x1f, 0x70, 0x0,
    0x0, 0x6c, 0xfe, 0x30, 0x1, 0xf7, 0x1f, 0x70,
    0x0, 0x0, 0x0, 0x38, 0x0, 0x1, 0xf7, 0x1f,
    0xff, 0xff, 0xff, 0xff, 0xff, 0xff, 0xff, 0xf7,
    0x1f, 0xc8, 0x88, 0x88, 0x88, 0x88, 0x88, 0x89,
    0xf7, 0x1f, 0x70, 0x0, 0x0, 0x0, 0x0, 0x0,
    0x1, 0xf7,

    /* U+5706 "圆" */
    0x2f, 0xff, 0xff, 0xff, 0xff, 0xff, 0xff, 0xff,
    0xf2, 0x2f, 0x96, 0x66, 0x66, 0x66, 0x66, 0x66,
    0x69, 0xf2, 0x2f, 0x50, 0x2, 0x33, 0x33, 0x33,
    0x20, 0x5, 0xf2, 0x2f, 0x50, 0xc, 0xff, 0xff,
    0xff, 0xe0, 0x5, 0xf2, 0x2f, 0x50, 0xc, 0xa2,
    0x22, 0x28, 0xe0, 0x5, 0xf2, 0x2f, 0x50, 0xc,
    0xd8, 0x88, 0x8c, 0xe0, 0x5, 0xf2, 0x2f, 0x50,
    0x9, 0xdd, 0xdd, 0xdd, 0xc0, 0x5, 0xf2, 0x2f,
    0x50, 0x16, 0x66, 0x66, 0x66, 0x62, 0x5, 0xf2,
    0x2f, 0x50, 0x4f, 0xff, 0xff, 0xff, 0xf7, 0x5,
    0xf2, 0x2f, 0x50, 0x4f, 0x10, 0x96, 0x0, 0xf7,
    0x5, 0xf2, 0x2f, 0x50, 0x4f, 0x10, 0xe9, 0x0,
    0xf7, 0x5, 0xf2, 0x2f, 0x50, 0x4f, 0x11, 0xf8,
    0x0, 0xf7, 0x5, 0xf2, 0x2f, 0x50, 0x27, 0x3c,
    0xf3, 0x53, 0x73, 0x5, 0xf2, 0x2f, 0x53, 0x6b,
    0xfe, 0x41, 0xaf, 0xe8, 0x25, 0xf2, 0x2f, 0x55,
    0xea, 0x50, 0x0, 0x1, 0x8d, 0x35, 0xf2, 0x2f,
    0x85, 0x55, 0x55, 0x55, 0x55, 0x55, 0x58, 0xf2,
    0x2f, 0xff, 0xff, 0xff, 0xff, 0xff, 0xff, 0xff,
    0xf2, 0x2f, 0x61, 0x11, 0x11, 0x11, 0x11, 0x11,
    0x16, 0xf2,

    /* U+5708 "圈" */
    0x2f, 0xff, 0xff, 0xff, 0xff, 0xff, 0xff, 0xff,
    0xf5, 0x2f, 0x96, 0x66, 0x66, 0x66, 0x66, 0x66,
    0x67, 0xf5, 0x2f, 0x50, 0x5, 0x20, 0xab, 0x6,
    0x80, 0x2, 0xf5, 0x2f, 0x50, 0xc, 0xc0, 0xe8,
    0xe, 0x90, 0x2, 0xf5, 0x2f, 0x50, 0x57, 0x86,
    0xf9, 0xaf, 0x65, 0x32, 0xf5, 0x2f, 0x52, 0xff,
    0xff, 0xff, 0xff, 0xff, 0xb2, 0xf5, 0x2f, 0x50,
    0x0, 0xd, 0xa0, 0x0, 0x0, 0x2, 0xf5, 0x2f,
    0x5c, 0xff, 0xff, 0xff, 0xff, 0xff, 0xf5, 0xf5,
    0x2f, 0x54, 0x6a, 0xfb, 0x66, 0x6a, 0xf7, 0x63,
    0xf5, 0x2f, 0x50, 0x3f, 0xf5, 0x44, 0x45, 0xfd,
    0x12, 0xf5, 0x2f, 0x56, 0xff, 0xfe, 0xee, 0xef,
    0x6e, 0xe5, 0xf5, 0x2f, 0x6c, 0xc5, 0xf2, 0x23,
    0x5f, 0x11, 0x92, 0xf5, 0x2f, 0x51, 0x3, 0xf2,
    0x3e, 0xfb, 0x34, 0x2, 0xf5, 0x2f, 0x50, 0x2,
    0xf5, 0x11, 0x23, 0xbf, 0x12, 0xf5, 0x2f, 0x50,
    0x0, 0xdf, 0xff, 0xff, 0xe8, 0x2, 0xf5, 0x2f,
    0x85, 0x55, 0x55, 0x55, 0x55, 0x55, 0x56, 0xf5,
    0x2f, 0xff, 0xff, 0xff, 0xff, 0xff, 0xff, 0xff,
    0xf5, 0x2f, 0x61, 0x11, 0x11, 0x11, 0x11, 0x11,
    0x13, 0xf5,

    /* U+5728 "在" */
    0x0, 0x0, 0x0, 0x3, 0x40, 0x0, 0x0, 0x0,
    0x0, 0x0, 0x0, 0x0, 0x0, 0xcf, 0x0, 0x0,
    0x0, 0x0, 0x0, 0x0, 0x0, 0x0, 0x2f, 0x90,
    0x0, 0x0, 0x0, 0x0, 0x0, 0xef, 0xff, 0xff,
    0xff, 0xff, 0xff, 0xff, 0xff, 0xf8, 0x7, 0x88,
    0x89, 0xfd, 0x88, 0x88, 0x88, 0x88, 0x88, 0x40,
    0x0, 0x0, 0x8f, 0x40, 0x0, 0x34, 0x0, 0x0,
    0x0, 0x0, 0x0, 0x1f, 0xb0, 0x0, 0xb, 0xe0,
    0x0, 0x0, 0x0, 0x0, 0x29, 0xf3, 0x0, 0x0,
    0xbe, 0x0, 0x0, 0x0, 0x0, 0xa, 0xf9, 0x0,
    0x0, 0xb, 0xe0, 0x0, 0x0, 0x0, 0x4, 0xff,
    0x3, 0x88, 0x88, 0xdf, 0x88, 0x88, 0x50, 0x3,
    0xff, 0xe0, 0x5f, 0xff, 0xff, 0xff, 0xff, 0xfb,
    0x2, 0xef, 0xde, 0x0, 0x0, 0x0, 0xbe, 0x0,
    0x0, 0x0, 0x2e, 0x5a, 0xe0, 0x0, 0x0, 0xb,
    0xe0, 0x0, 0x0, 0x0, 0x0, 0xae, 0x0, 0x0,
    0x0, 0xbe, 0x0, 0x0, 0x0, 0x0, 0xa, 0xe0,
    0x0, 0x0, 0xb, 0xe0, 0x0, 0x0, 0x0, 0x0,
    0xae, 0x0, 0x0, 0x0, 0xbe, 0x0, 0x0, 0x0,
    0x0, 0xa, 0xe2, 0x88, 0x88, 0x8d, 0xf8, 0x88,
    0x88, 0x30, 0x0, 0xae, 0x4f, 0xff, 0xff, 0xff,
    0xff, 0xff, 0xf6, 0x0, 0xa, 0xe0, 0x0, 0x0,
    0x0, 0x0, 0x0, 0x0, 0x0,

    /* U+5730 "地" */
    0x0, 0xa, 0xd0, 0x0, 0x0, 0x0, 0xae, 0x0,
    0x0, 0x0, 0x0, 0xa, 0xd0, 0x0, 0x4, 0x20,
    0xae, 0x0, 0x0, 0x0, 0x0, 0xa, 0xd0, 0x0,
    0xf, 0x80, 0xae, 0x0, 0x0, 0x0, 0x0, 0xa,
    0xd0, 0x0, 0xf, 0x80, 0xae, 0x0, 0x16, 0x0,
    0x7, 0x8d, 0xe8, 0x80, 0xf, 0x80, 0xaf, 0x8d,
    0xff, 0x0, 0xe, 0xff, 0xff, 0xf1, 0xf, 0xa7,
    0xef, 0xfa, 0xcf, 0x0, 0x0, 0xa, 0xd0, 0x1,
    0x6f, 0xff, 0xff, 0x10, 0xaf, 0x0, 0x0, 0xa,
    0xd0, 0x6, 0xff, 0xb1, 0xae, 0x0, 0xaf, 0x0,
    0x0, 0xa, 0xd0, 0x0, 0x3f, 0x80, 0xae, 0x0,
    0xbe, 0x0, 0x0, 0xa, 0xd0, 0x0, 0xf, 0x80,
    0xae, 0x0, 0xdd, 0x0, 0x0, 0xa, 0xd0, 0x0,
    0xf, 0x80, 0xae, 0x1, 0xfa, 0x0, 0x0, 0xa,
    0xd2, 0x70, 0xf, 0x80, 0xae, 0x6f, 0xf5, 0x0,
    0x0, 0x2c, 0xff, 0xe0, 0xf, 0x80, 0xae, 0x29,
    0x70, 0x0, 0x1d, 0xff, 0xe7, 0x0, 0xf, 0x80,
    0x8c, 0x0, 0x7, 0x50, 0xf, 0xb5, 0x0, 0x0,
    0xf, 0x80, 0x0, 0x0, 0xa, 0xf0, 0x1, 0x0,
    0x0, 0x0, 0xf, 0x80, 0x0, 0x0, 0xd, 0xc0,
    0x0, 0x0, 0x0, 0x0, 0xf, 0xd8, 0x77, 0x89,
    0xcf, 0x80, 0x0, 0x0, 0x0, 0x0, 0x7, 0xef,
    0xff, 0xff, 0xd9, 0x10,

    /* U+573A "场" */
    0x0, 0xa, 0xd0, 0x0, 0xff, 0xff, 0xff, 0xff,
    0xf1, 0x0, 0x0, 0xad, 0x0, 0x8, 0x99, 0x99,
    0x9d, 0xfd, 0x0, 0x0, 0xa, 0xd0, 0x0, 0x0,
    0x0, 0x5, 0xfd, 0x10, 0x0, 0x0, 0xad, 0x0,
    0x0, 0x0, 0x8, 0xfc, 0x10, 0x0, 0xb, 0xce,
    0xfc, 0xc1, 0x0, 0x1b, 0xfa, 0x0, 0x0, 0x0,
    0xcd, 0xff, 0xdd, 0x10, 0x5e, 0xf7, 0x0, 0x0,
    0x0, 0x0, 0xa, 0xd0, 0x2, 0xcf, 0xe6, 0x33,
    0x33, 0x33, 0x10, 0x0, 0xad, 0x0, 0x4f, 0xff,
    0xff, 0xff, 0xff, 0xf4, 0x0, 0xa, 0xd0, 0x0,
    0x23, 0x6f, 0x63, 0xfa, 0x7f, 0x40, 0x0, 0xad,
    0x0, 0x0, 0xa, 0xe0, 0x3f, 0x55, 0xf4, 0x0,
    0xa, 0xd0, 0x0, 0x2, 0xf9, 0x8, 0xf1, 0x5f,
    0x30, 0x0, 0xad, 0x15, 0x0, 0xbf, 0x10, 0xeb,
    0x6, 0xf3, 0x0, 0x1b, 0xff, 0xe0, 0x8f, 0x60,
    0x7f, 0x40, 0x6f, 0x20, 0xcf, 0xfe, 0x81, 0x8f,
    0xa0, 0x2e, 0xd0, 0x7, 0xf1, 0xd, 0x94, 0x0,
    0x3f, 0xa0, 0xc, 0xf3, 0x0, 0x9f, 0x0, 0x0,
    0x0, 0x0, 0x30, 0xb, 0xf7, 0x0, 0xb, 0xe0,
    0x0, 0x0, 0x0, 0x0, 0xc, 0xf9, 0x3, 0x99,
    0xfb, 0x0, 0x0, 0x0, 0x0, 0x0, 0x89, 0x0,
    0x4e, 0xfd, 0x20, 0x0, 0x0, 0x0, 0x0, 0x0,
    0x0, 0x0, 0x0, 0x0, 0x0,

    /* U+5747 "均" */
    0x0, 0x0, 0x0, 0x0, 0x0, 0x41, 0x0, 0x0,
    0x0, 0x0, 0x0, 0xad, 0x0, 0x0, 0x2f, 0x70,
    0x0, 0x0, 0x0, 0x0, 0xa, 0xd0, 0x0, 0x7,
    0xf3, 0x0, 0x0, 0x0, 0x0, 0x0, 0xad, 0x0,
    0x0, 0xcf, 0xaa, 0xaa, 0xaa, 0xa4, 0x0, 0xa,
    0xd0, 0x0, 0x2f, 0xfe, 0xee, 0xee, 0xef, 0x60,
    0x78, 0xde, 0x88, 0x9, 0xf2, 0x0, 0x0, 0x3,
    0xf6, 0xe, 0xff, 0xff, 0xf3, 0xfb, 0x2, 0x0,
    0x0, 0x3f, 0x60, 0x0, 0xad, 0x0, 0xbf, 0x31,
    0xfc, 0x0, 0x3, 0xf6, 0x0, 0xa, 0xd0, 0x3,
    0x70, 0x6, 0xf9, 0x0, 0x3f, 0x50, 0x0, 0xad,
    0x0, 0x0, 0x0, 0xa, 0xf2, 0x4, 0xf5, 0x0,
    0xa, 0xd0, 0x0, 0x0, 0x0, 0x12, 0x0, 0x4f,
    0x50, 0x0, 0xad, 0x0, 0x0, 0x0, 0x0, 0x17,
    0x14, 0xf4, 0x0, 0xa, 0xd0, 0x40, 0x0, 0x26,
    0xbf, 0xf4, 0x5f, 0x30, 0x0, 0xbf, 0xee, 0x5,
    0xdf, 0xfe, 0x82, 0x5, 0xf2, 0xa, 0xef, 0xf9,
    0x30, 0x5e, 0x94, 0x0, 0x0, 0x7f, 0x10, 0xeb,
    0x61, 0x0, 0x0, 0x0, 0x0, 0x0, 0x8, 0xf0,
    0x0, 0x0, 0x0, 0x0, 0x0, 0x0, 0x0, 0x0,
    0xcc, 0x0, 0x0, 0x0, 0x0, 0x0, 0x0, 0x4a,
    0x98, 0xaf, 0x60, 0x0, 0x0, 0x0, 0x0, 0x0,
    0x3, 0xef, 0xff, 0xa0, 0x0, 0x0, 0x0, 0x0,
    0x0, 0x0, 0x0, 0x0, 0x0, 0x0,

    /* U+574A "坊" */
    0x0, 0x0, 0x0, 0x0, 0x0, 0x0, 0x1, 0x0,
    0x0, 0x0, 0x0, 0x1f, 0x90, 0x0, 0x0, 0xd,
    0xc0, 0x0, 0x0, 0x0, 0x1, 0xf9, 0x0, 0x0,
    0x0, 0x9f, 0x30, 0x0, 0x0, 0x0, 0x1f, 0x90,
    0x0, 0x0, 0x3, 0xf8, 0x0, 0x0, 0x0, 0x1,
    0xf9, 0x0, 0x9d, 0xdd, 0xdf, 0xfd, 0xdd, 0xa0,
    0x68, 0x8f, 0xc8, 0x89, 0xbd, 0xfb, 0xbb, 0xbb,
    0xb8, 0xa, 0xff, 0xff, 0xff, 0x10, 0x8f, 0x0,
    0x0, 0x0, 0x0, 0x0, 0x1f, 0x90, 0x0, 0x8,
    0xf0, 0x0, 0x0, 0x0, 0x0, 0x1, 0xf9, 0x0,
    0x0, 0x9f, 0xff, 0xff, 0xff, 0x10, 0x0, 0x1f,
    0x90, 0x0, 0xa, 0xe7, 0x77, 0x7d, 0xf0, 0x0,
    0x1, 0xf9, 0x0, 0x0, 0xcb, 0x0, 0x0, 0xbf,
    0x0, 0x0, 0x1f, 0x90, 0x13, 0xe, 0x90, 0x0,
    0xc, 0xf0, 0x0, 0x1, 0xfb, 0xaf, 0xa2, 0xf5,
    0x0, 0x0, 0xcf, 0x0, 0x3, 0x9f, 0xff, 0x92,
    0x6f, 0x0, 0x0, 0xd, 0xe0, 0xd, 0xff, 0xd7,
    0x0, 0xd, 0xa0, 0x0, 0x0, 0xfd, 0x0, 0xb9,
    0x30, 0x0, 0x9, 0xf3, 0x0, 0x0, 0x1f, 0xc0,
    0x0, 0x0, 0x0, 0x6, 0xf9, 0x0, 0x0, 0x4,
    0xfa, 0x0, 0x0, 0x0, 0x7, 0xfc, 0x0, 0x7,
    0xca, 0xef, 0x50, 0x0, 0x0, 0x0, 0x5c, 0x10,
    0x0, 0x6d, 0xfe, 0x90, 0x0, 0x0, 0x0, 0x0,
    0x0, 0x0, 0x0, 0x0, 0x0, 0x0,

    /* U+5757 "块" */
    0x0, 0xa, 0xd0, 0x0, 0x0, 0x9, 0xf0, 0x0,
    0x0, 0x0, 0x0, 0xa, 0xd0, 0x0, 0x0, 0x9,
    0xf0, 0x0, 0x0, 0x0, 0x0, 0xa, 0xd0, 0x0,
    0x0, 0x9, 0xf0, 0x0, 0x0, 0x0, 0x0, 0xa,
    0xd0, 0x0, 0xef, 0xff, 0xff, 0xff, 0xf1, 0x0,
    0x7, 0x8d, 0xe8, 0x80, 0x78, 0x8d, 0xf8, 0x8c,
    0xf1, 0x0, 0xe, 0xff, 0xff, 0xf1, 0x0, 0xa,
    0xe0, 0x7, 0xf1, 0x0, 0x0, 0xa, 0xd0, 0x0,
    0x0, 0xa, 0xe0, 0x7, 0xf1, 0x0, 0x0, 0xa,
    0xd0, 0x0, 0x0, 0xa, 0xe0, 0x7, 0xf1, 0x0,
    0x0, 0xa, 0xd0, 0x0, 0x0, 0xb, 0xe0, 0x8,
    0xf1, 0x0, 0x0, 0xa, 0xd0, 0x3f, 0xff, 0xff,
    0xff, 0xff, 0xff, 0xc0, 0x0, 0xa, 0xd0, 0x18,
    0x88, 0x9f, 0xfd, 0x88, 0x88, 0x60, 0x0, 0xa,
    0xd0, 0x40, 0x0, 0x6f, 0xdf, 0x20, 0x0, 0x0,
    0x0, 0xb, 0xfe, 0xe0, 0x0, 0xde, 0x1f, 0xb0,
    0x0, 0x0, 0xb, 0xff, 0xe9, 0x20, 0x7, 0xf7,
    0x7, 0xf7, 0x0, 0x0, 0xd, 0xa5, 0x0, 0x0,
    0x5f, 0xd0, 0x0, 0xbf, 0x60, 0x0, 0x0, 0x0,
    0x0, 0x5, 0xfe, 0x20, 0x0, 0x1d, 0xf8, 0x0,
    0x0, 0x0, 0x0, 0x8f, 0xe3, 0x0, 0x0, 0x1,
    0xdf, 0xb0, 0x0, 0x0, 0x0, 0x6c, 0x20, 0x0,
    0x0, 0x0, 0x1b, 0x40, 0x0, 0x0, 0x0, 0x0,
    0x0, 0x0, 0x0, 0x0, 0x0, 0x0,

    /* U+5761 "坡" */
    0x0, 0xa, 0xd0, 0x0, 0x0, 0x0, 0xae, 0x0,
    0x0, 0x0, 0x0, 0xad, 0x0, 0x0, 0x0, 0xa,
    0xe0, 0x0, 0x0, 0x0, 0xa, 0xd0, 0x0, 0x9b,
    0xbb, 0xef, 0xbb, 0xbb, 0x40, 0x0, 0xad, 0x0,
    0xd, 0xed, 0xde, 0xfd, 0xdd, 0xf6, 0x7, 0x8d,
    0xe8, 0x80, 0xd9, 0x0, 0xae, 0x0, 0x7f, 0x10,
    0xef, 0xff, 0xff, 0x1d, 0x90, 0xa, 0xe0, 0xd,
    0xb0, 0x0, 0xa, 0xd0, 0x0, 0xd9, 0x0, 0xae,
    0x0, 0x85, 0x0, 0x0, 0xad, 0x0, 0xd, 0xb5,
    0x5c, 0xf5, 0x55, 0x40, 0x0, 0xa, 0xd0, 0x0,
    0xdf, 0xff, 0xff, 0xff, 0xfa, 0x0, 0x0, 0xad,
    0x0, 0xd, 0x80, 0x0, 0x0, 0x2f, 0x70, 0x0,
    0xa, 0xd0, 0x0, 0xf7, 0xa9, 0x0, 0x7, 0xf2,
    0x0, 0x0, 0xad, 0x27, 0x1f, 0x69, 0xf4, 0x0,
    0xeb, 0x0, 0x0, 0x3c, 0xff, 0xe5, 0xf3, 0xd,
    0xf3, 0x9f, 0x30, 0x1, 0xef, 0xfc, 0x50, 0xaf,
    0x0, 0x1e, 0xff, 0x70, 0x0, 0xa, 0x61, 0x0,
    0x1f, 0xa0, 0x2, 0xbf, 0xf7, 0x0, 0x0, 0x0,
    0x0, 0x9, 0xf4, 0x29, 0xff, 0x8c, 0xfc, 0x40,
    0x0, 0x0, 0x2, 0xfc, 0x4f, 0xfb, 0x20, 0x8,
    0xff, 0xa0, 0x0, 0x0, 0x7, 0x30, 0x82, 0x0,
    0x0, 0x2, 0xa2,

    /* U+5782 "垂" */
    0x0, 0x0, 0x11, 0x22, 0x24, 0x56, 0x78, 0x98,
    0x0, 0x8, 0xff, 0xff, 0xff, 0xff, 0xff, 0xfe,
    0xdc, 0x10, 0x1, 0x65, 0x55, 0x44, 0xf9, 0x10,
    0x0, 0x0, 0x0, 0x0, 0x0, 0x0, 0x0, 0xf8,
    0x0, 0x0, 0x0, 0x0, 0x14, 0x44, 0x44, 0x44,
    0xfa, 0x44, 0x44, 0x44, 0x40, 0x7f, 0xff, 0xff,
    0xff, 0xff, 0xff, 0xff, 0xff, 0xf3, 0x12, 0x2b,
    0xd2, 0x22, 0xf9, 0x22, 0x3f, 0x62, 0x20, 0x0,
    0xa, 0xd0, 0x0, 0xf8, 0x0, 0x1f, 0x40, 0x0,
    0x12, 0x2a, 0xd2, 0x22, 0xf9, 0x22, 0x3f, 0x62,
    0x21, 0xef, 0xff, 0xff, 0xff, 0xff, 0xff, 0xff,
    0xff, 0xf9, 0x55, 0x5c, 0xe5, 0x56, 0xfb, 0x55,
    0x6f, 0x85, 0x53, 0x0, 0xa, 0xd0, 0x0, 0xf8,
    0x0, 0x1f, 0x40, 0x0, 0x0, 0xa, 0xd0, 0x0,
    0xf8, 0x0, 0x1f, 0x40, 0x0, 0x4f, 0xff, 0xff,
    0xff, 0xff, 0xff, 0xff, 0xff, 0xf0, 0x27, 0x77,
    0x77, 0x77, 0xfb, 0x77, 0x77, 0x77, 0x70, 0x0,
    0x0, 0x0, 0x0, 0xf8, 0x0, 0x0, 0x0, 0x0,
    0x5, 0x55, 0x55, 0x55, 0xfa, 0x55, 0x55, 0x55,
    0x40, 0x1f, 0xff, 0xff, 0xff, 0xff, 0xff, 0xff,
    0xff, 0xe0, 0x1, 0x11, 0x11, 0x11, 0x11, 0x11,
    0x11, 0x11, 0x10,

    /* U+578B "型" */
    0x2f, 0xff, 0xff, 0xff, 0xff, 0x10, 0x0, 0xd,
    0xa0, 0x6, 0x8f, 0x86, 0x9f, 0x86, 0x6, 0xf2,
    0xd, 0xa0, 0x0, 0x4f, 0x30, 0x4f, 0x30, 0x6,
    0xf2, 0xd, 0xa0, 0x0, 0x4f, 0x30, 0x4f, 0x30,
    0x6, 0xf2, 0xd, 0xa0, 0x7a, 0xbf, 0xba, 0xbf,
    0xba, 0x56, 0xf2, 0xd, 0xa0, 0xad, 0xef, 0xed,
    0xef, 0xed, 0x76, 0xf2, 0xd, 0xa0, 0x0, 0x6f,
    0x20, 0x4f, 0x30, 0x6, 0xf2, 0xd, 0xa0, 0x0,
    0xcf, 0x0, 0x4f, 0x30, 0x6, 0xf2, 0xd, 0xa0,
    0x9, 0xf9, 0x0, 0x4f, 0x30, 0x1, 0x30, 0xd,
    0xa0, 0x5f, 0xf1, 0x0, 0x4f, 0x30, 0x0, 0x58,
    0x7f, 0x90, 0x1f, 0x50, 0x0, 0x1, 0x0, 0x0,
    0x4f, 0xff, 0x40, 0x2, 0x0, 0x0, 0x0, 0x66,
    0x0, 0x0, 0x10, 0x0, 0x3, 0x77, 0x77, 0x77,
    0xee, 0x77, 0x77, 0x77, 0x40, 0x7, 0xff, 0xff,
    0xff, 0xff, 0xff, 0xff, 0xff, 0x80, 0x0, 0x0,
    0x0, 0x0, 0xcd, 0x0, 0x0, 0x0, 0x0, 0x0,
    0x0, 0x0, 0x0, 0xcd, 0x0, 0x0, 0x0, 0x0,
    0x77, 0x77, 0x77, 0x77, 0xee, 0x77, 0x77, 0x77,
    0x77, 0xff, 0xff, 0xff, 0xff, 0xff, 0xff, 0xff,
    0xff, 0xfe,

    /* U+57FA "基" */
    0x0, 0x0, 0x2f, 0x40, 0x0, 0x0, 0x5, 0xf2,
    0x0, 0x0, 0x5, 0xff, 0xff, 0xff, 0xff, 0xff,
    0xff, 0xff, 0xff, 0x60, 0x2, 0x77, 0x8f, 0x97,
    0x77, 0x77, 0x7a, 0xf8, 0x77, 0x30, 0x0, 0x0,
    0x2f, 0x74, 0x44, 0x44, 0x48, 0xf2, 0x0, 0x0,
    0x0, 0x0, 0x2f, 0xff, 0xff, 0xff, 0xff, 0xf2,
    0x0, 0x0, 0x0, 0x0, 0x2f, 0x41, 0x11, 0x11,
    0x15, 0xf2, 0x0, 0x0, 0x0, 0x0, 0x2f, 0x86,
    0x66, 0x66, 0x69, 0xf2, 0x0, 0x0, 0x0, 0x0,
    0x2f, 0xff, 0xff, 0xff, 0xff, 0xf2, 0x0, 0x0,
    0x0, 0x0, 0x2f, 0x40, 0x0, 0x0, 0x5, 0xf2,
    0x0, 0x0, 0xf, 0xff, 0xff, 0xff, 0xff, 0xff,
    0xff, 0xff, 0xff, 0xf2, 0x7, 0x77, 0x7d, 0xf9,
    0x77, 0x77, 0x8f, 0xe7, 0x77, 0x71, 0x0, 0x1,
    0xaf, 0x90, 0x2, 0x10, 0x8, 0xfc, 0x20, 0x0,
    0x0, 0x7f, 0xf9, 0x33, 0x3e, 0xc3, 0x33, 0x9f,
    0xfa, 0x30, 0xe, 0xfd, 0x49, 0xff, 0xff, 0xff,
    0xff, 0x74, 0xef, 0xf0, 0x8, 0x70, 0x1, 0x33,
    0x3e, 0xc3, 0x33, 0x10, 0x7, 0x70, 0x0, 0x0,
    0x0, 0x0, 0xd, 0xb0, 0x0, 0x0, 0x0, 0x0,
    0x0, 0x26, 0x66, 0x66, 0x6e, 0xd6, 0x66, 0x66,
    0x63, 0x0, 0x0, 0x6f, 0xff, 0xff, 0xff, 0xff,
    0xff, 0xff, 0xf9, 0x0,

    /* U+586B "填" */
    0x0, 0x0, 0x0, 0x0, 0x0, 0x0, 0x14, 0x10,
    0x0, 0x0, 0x0, 0xa, 0xd0, 0x0, 0x0, 0x0,
    0x5f, 0x50, 0x0, 0x0, 0x0, 0xa, 0xd0, 0x3,
    0xff, 0xff, 0xff, 0xff, 0xff, 0x90, 0x0, 0xa,
    0xd0, 0x1, 0x66, 0x66, 0xde, 0x66, 0x66, 0x30,
    0x0, 0xa, 0xd0, 0x0, 0x36, 0x66, 0xed, 0x66,
    0x65, 0x0, 0x9, 0xae, 0xfa, 0xa1, 0xaf, 0xff,
    0xff, 0xff, 0xfe, 0x0, 0xb, 0xde, 0xfd, 0xd1,
    0xae, 0x0, 0x0, 0x0, 0xae, 0x0, 0x0, 0xa,
    0xd0, 0x0, 0xaf, 0xff, 0xff, 0xff, 0xfe, 0x0,
    0x0, 0xa, 0xd0, 0x0, 0xaf, 0x33, 0x33, 0x33,
    0xbe, 0x0, 0x0, 0xa, 0xd0, 0x0, 0xaf, 0x55,
    0x55, 0x55, 0xce, 0x0, 0x0, 0xa, 0xd0, 0x0,
    0xaf, 0xdd, 0xdd, 0xdd, 0xee, 0x0, 0x0, 0xa,
    0xd0, 0x0, 0xaf, 0x44, 0x44, 0x44, 0xbe, 0x0,
    0x0, 0xa, 0xd2, 0x70, 0xaf, 0xff, 0xff, 0xff,
    0xfe, 0x0, 0x0, 0x3c, 0xff, 0xd0, 0xae, 0x0,
    0x0, 0x0, 0xae, 0x0, 0x1e, 0xff, 0xc5, 0xc,
    0xff, 0xff, 0xff, 0xff, 0xff, 0xf1, 0xa, 0x61,
    0x0, 0x4, 0x55, 0x75, 0x55, 0x66, 0x55, 0x50,
    0x0, 0x0, 0x0, 0x0, 0x3b, 0xf7, 0x0, 0xbf,
    0xa2, 0x0, 0x0, 0x0, 0x0, 0x5d, 0xff, 0x80,
    0x0, 0x28, 0xff, 0x80, 0x0, 0x0, 0x0, 0x2b,
    0x60, 0x0, 0x0, 0x0, 0x1a, 0x40,

    /* U+5883 "境" */
    0x0, 0x0, 0x0, 0x0, 0x0, 0x0, 0x40, 0x0,
    0x0, 0x0, 0x0, 0xf, 0x80, 0x0, 0x0, 0x4,
    0xf6, 0x0, 0x0, 0x0, 0x0, 0xf, 0x80, 0x7,
    0xff, 0xff, 0xff, 0xff, 0xff, 0x60, 0x0, 0xf,
    0x80, 0x3, 0x6a, 0xf7, 0x66, 0x9f, 0x76, 0x20,
    0x0, 0xf, 0x80, 0x0, 0x2, 0xf7, 0x0, 0x9f,
    0x0, 0x0, 0x9, 0xaf, 0xda, 0x6b, 0xbb, 0xfe,
    0xbb, 0xef, 0xbb, 0xb0, 0xc, 0xef, 0xfe, 0x9b,
    0xbb, 0xbb, 0xbb, 0xbb, 0xbb, 0xb0, 0x0, 0xf,
    0x80, 0x0, 0x66, 0x66, 0x66, 0x66, 0x64, 0x0,
    0x0, 0xf, 0x80, 0x0, 0xff, 0xff, 0xff, 0xff,
    0xfb, 0x0, 0x0, 0xf, 0x80, 0x0, 0xf7, 0x0,
    0x0, 0x0, 0xcb, 0x0, 0x0, 0xf, 0x80, 0x0,
    0xff, 0xff, 0xff, 0xff, 0xfb, 0x0, 0x0, 0xf,
    0x80, 0x0, 0xfa, 0x66, 0x66, 0x66, 0xdb, 0x0,
    0x0, 0xf, 0x85, 0x40, 0xf9, 0x44, 0x44, 0x44,
    0xdb, 0x0, 0x0, 0x4f, 0xff, 0x70, 0xff, 0xff,
    0xff, 0xff, 0xfb, 0x0, 0xe, 0xff, 0xb3, 0x0,
    0x11, 0xec, 0x17, 0xf2, 0x11, 0x0, 0xd, 0x82,
    0x0, 0x0, 0x5, 0xf6, 0x6, 0xf1, 0x2, 0x81,
    0x0, 0x0, 0x0, 0x0, 0x4f, 0xd0, 0x6, 0xf1,
    0x5, 0xf2, 0x0, 0x0, 0x0, 0x5b, 0xfe, 0x30,
    0x5, 0xf9, 0x6c, 0xf0, 0x0, 0x0, 0x0, 0x8f,
    0x91, 0x0, 0x1, 0xdf, 0xfe, 0x60, 0x0, 0x0,
    0x0, 0x0, 0x0, 0x0, 0x0, 0x0, 0x0, 0x0,

    /* U+589E "增" */
    0x0, 0x0, 0x0, 0x0, 0x0, 0x30, 0x0, 0x4,
    0x20, 0x0, 0x0, 0xf8, 0x0, 0x0, 0xae, 0x0,
    0x0, 0xed, 0x0, 0x0, 0xf, 0x80, 0x0, 0x3,
    0xf7, 0x0, 0x8f, 0x40, 0x0, 0x0, 0xf8, 0x0,
    0x8f, 0xff, 0xff, 0xff, 0xff, 0xf8, 0x0, 0xf,
    0x80, 0x9, 0xf5, 0x55, 0xfb, 0x55, 0x5f, 0x80,
    0x78, 0xfc, 0x85, 0x9e, 0x5b, 0xe, 0x90, 0xe5,
    0xf8, 0xd, 0xff, 0xff, 0x99, 0xe3, 0xf5, 0xe9,
    0x6f, 0x3f, 0x80, 0x0, 0xf8, 0x0, 0x9e, 0xc,
    0x8e, 0x9c, 0xb0, 0xf8, 0x0, 0xf, 0x80, 0x9,
    0xf6, 0x66, 0xfb, 0x67, 0x6f, 0x80, 0x0, 0xf8,
    0x0, 0x8f, 0xff, 0xff, 0xff, 0xff, 0xf8, 0x0,
    0xf, 0x80, 0x0, 0x11, 0x11, 0x11, 0x11, 0x11,
    0x0, 0x0, 0xf8, 0x0, 0xf, 0xff, 0xff, 0xff,
    0xff, 0xe0, 0x0, 0xf, 0x85, 0x30, 0xfa, 0x33,
    0x33, 0x33, 0xae, 0x0, 0x3, 0xff, 0xf7, 0xf,
    0x93, 0x33, 0x33, 0x3a, 0xe0, 0xd, 0xff, 0xa3,
    0x0, 0xff, 0xff, 0xff, 0xff, 0xfe, 0x0, 0x84,
    0x0, 0x0, 0xf, 0x80, 0x0, 0x0, 0x9, 0xe0,
    0x0, 0x0, 0x0, 0x0, 0xff, 0xee, 0xee, 0xee,
    0xfe, 0x0, 0x0, 0x0, 0x0, 0xf, 0xb6, 0x66,
    0x66, 0x6b, 0xe0, 0x0, 0x0, 0x0, 0x0, 0xf8,
    0x0, 0x0, 0x0, 0x9e, 0x0,

    /* U+58F0 "声" */
    0x0, 0x0, 0x0, 0x0, 0xe, 0xb0, 0x0, 0x0,
    0x0, 0x0, 0xef, 0xff, 0xff, 0xff, 0xff, 0xff,
    0xff, 0xff, 0xf8, 0x7, 0x88, 0x88, 0x88, 0x8f,
    0xd8, 0x88, 0x88, 0x88, 0x40, 0x0, 0x0, 0x0,
    0x0, 0xeb, 0x0, 0x0, 0x0, 0x0, 0x0, 0x48,
    0x88, 0x88, 0x8f, 0xd8, 0x88, 0x88, 0x82, 0x0,
    0x7, 0xff, 0xff, 0xff, 0xff, 0xff, 0xff, 0xff,
    0x50, 0x0, 0x0, 0x0, 0x0, 0x0, 0x0, 0x0,
    0x0, 0x0, 0x0, 0x5, 0xff, 0xff, 0xff, 0xff,
    0xff, 0xff, 0xff, 0x80, 0x0, 0x5f, 0xa8, 0x88,
    0x8d, 0xf8, 0x88, 0x88, 0xf9, 0x0, 0x5, 0xf3,
    0x0, 0x0, 0xae, 0x0, 0x0, 0xf, 0x90, 0x0,
    0x5f, 0x30, 0x0, 0xa, 0xe0, 0x0, 0x0, 0xf9,
    0x0, 0x6, 0xff, 0xff, 0xff, 0xff, 0xff, 0xff,
    0xff, 0x90, 0x0, 0x7f, 0x98, 0x88, 0x88, 0x88,
    0x88, 0x88, 0xf9, 0x0, 0xa, 0xf1, 0x0, 0x0,
    0x0, 0x0, 0x0, 0xe, 0x80, 0x0, 0xee, 0x0,
    0x0, 0x0, 0x0, 0x0, 0x0, 0x0, 0x0, 0x5f,
    0x90, 0x0, 0x0, 0x0, 0x0, 0x0, 0x0, 0x0,
    0xe, 0xf1, 0x0, 0x0, 0x0, 0x0, 0x0, 0x0,
    0x0, 0x0, 0x64, 0x0, 0x0, 0x0, 0x0, 0x0,
    0x0, 0x0, 0x0,

    /* U+5904 "处" */
    0x0, 0x0, 0x0, 0x0, 0x0, 0x0, 0x0, 0x0,
    0x0, 0x0, 0x0, 0x7, 0xd1, 0x0, 0x0, 0x7,
    0xf1, 0x0, 0x0, 0x0, 0x0, 0xbe, 0x0, 0x0,
    0x0, 0x7f, 0x10, 0x0, 0x0, 0x0, 0xf, 0xa0,
    0x0, 0x0, 0x7, 0xf1, 0x0, 0x0, 0x0, 0x4,
    0xfc, 0x99, 0x99, 0x10, 0x7f, 0x10, 0x0, 0x0,
    0x0, 0xaf, 0xff, 0xff, 0xf2, 0x7, 0xf1, 0x0,
    0x0, 0x0, 0xf, 0xd0, 0x0, 0x7f, 0x10, 0x7f,
    0x30, 0x0, 0x0, 0x6, 0xff, 0x10, 0xa, 0xd0,
    0x7, 0xff, 0xa1, 0x0, 0x0, 0xdf, 0xf6, 0x0,
    0xe9, 0x0, 0x7f, 0xaf, 0xf5, 0x0, 0x5f, 0x7b,
    0xc0, 0x3f, 0x40, 0x7, 0xf1, 0x3d, 0xf9, 0xd,
    0xd0, 0x6f, 0x38, 0xf0, 0x0, 0x7f, 0x10, 0x1b,
    0x80, 0x65, 0x0, 0xfb, 0xe9, 0x0, 0x7, 0xf1,
    0x0, 0x0, 0x0, 0x0, 0x9, 0xff, 0x30, 0x0,
    0x7f, 0x10, 0x0, 0x0, 0x0, 0x0, 0x3f, 0xf2,
    0x0, 0x7, 0xf1, 0x0, 0x0, 0x0, 0x0, 0xc,
    0xef, 0xd2, 0x0, 0x7f, 0x10, 0x0, 0x0, 0x0,
    0xb, 0xf4, 0x5f, 0xf6, 0x4, 0x80, 0x0, 0x0,
    0x0, 0x2c, 0xf6, 0x0, 0x4e, 0xfd, 0x83, 0x0,
    0x0, 0x0, 0x6f, 0xf6, 0x0, 0x0, 0x19, 0xff,
    0xff, 0xdc, 0xb8, 0x3, 0xc3, 0x0, 0x0, 0x0,
    0x0, 0x58, 0xbd, 0xef, 0x60, 0x0, 0x0, 0x0,
    0x0, 0x0, 0x0, 0x0, 0x0, 0x0,

    /* U+590D "复" */
    0x0, 0x0, 0x31, 0x0, 0x0, 0x0, 0x0, 0x0,
    0x0, 0x0, 0x1, 0xf9, 0x0, 0x0, 0x0, 0x0,
    0x0, 0x0, 0x0, 0xa, 0xff, 0xff, 0xff, 0xff,
    0xff, 0xff, 0x30, 0x0, 0x4f, 0xb7, 0x77, 0x77,
    0x77, 0x77, 0x77, 0x10, 0x2, 0xff, 0x54, 0x44,
    0x44, 0x44, 0x44, 0x40, 0x0, 0x2e, 0xef, 0xff,
    0xff, 0xff, 0xff, 0xff, 0xe0, 0x0, 0x2d, 0x3e,
    0xa0, 0x0, 0x0, 0x0, 0x9, 0xe0, 0x0, 0x0,
    0xe, 0xff, 0xff, 0xff, 0xff, 0xff, 0xe0, 0x0,
    0x0, 0xe, 0xb4, 0x44, 0x44, 0x44, 0x4b, 0xe0,
    0x0, 0x0, 0xe, 0xc7, 0x77, 0x77, 0x77, 0x7c,
    0xe0, 0x0, 0x0, 0xe, 0xff, 0xff, 0xff, 0xff,
    0xff, 0xe0, 0x0, 0x0, 0x0, 0x1d, 0xd1, 0x0,
    0x0, 0x0, 0x0, 0x0, 0x0, 0x5, 0xef, 0xff,
    0xff, 0xff, 0xff, 0xc0, 0x0, 0x5, 0xcf, 0xef,
    0xb6, 0x66, 0x67, 0xef, 0x90, 0x0, 0xa, 0xf7,
    0x9, 0xf8, 0x0, 0x4d, 0xfa, 0x0, 0x0, 0x0,
    0x10, 0x0, 0x7f, 0xed, 0xfe, 0x50, 0x0, 0x0,
    0x0, 0x1, 0x59, 0xdf, 0xff, 0xfc, 0x84, 0x20,
    0x0, 0xb, 0xef, 0xff, 0xc7, 0x23, 0x9e, 0xff,
    0xff, 0xd1, 0x7, 0xb8, 0x41, 0x0, 0x0, 0x0,
    0x26, 0x9b, 0xa0,

    /* U+5916 "外" */
    0x0, 0x1, 0xc4, 0x0, 0x0, 0xf, 0x80, 0x0,
    0x0, 0x0, 0x5, 0xf4, 0x0, 0x0, 0xf, 0x80,
    0x0, 0x0, 0x0, 0xa, 0xf2, 0x22, 0x20, 0xf,
    0x80, 0x0, 0x0, 0x0, 0xf, 0xff, 0xff, 0xf3,
    0xf, 0x80, 0x0, 0x0, 0x0, 0x6f, 0x75, 0x5a,
    0xf3, 0xf, 0x80, 0x0, 0x0, 0x0, 0xdd, 0x0,
    0xa, 0xf0, 0xf, 0x80, 0x0, 0x0, 0x5, 0xf6,
    0x0, 0xd, 0xc0, 0xf, 0xd2, 0x0, 0x0, 0xe,
    0xfb, 0x0, 0x1f, 0x70, 0xf, 0xfe, 0x20, 0x0,
    0x8f, 0xaf, 0xc1, 0x6f, 0x20, 0xf, 0xae, 0xe2,
    0x0, 0x4b, 0x5, 0xf4, 0xcd, 0x0, 0xf, 0x83,
    0xfe, 0x10, 0x0, 0x0, 0x24, 0xf6, 0x0, 0xf,
    0x80, 0x5f, 0xd1, 0x0, 0x0, 0xc, 0xe0, 0x0,
    0xf, 0x80, 0x8, 0xe1, 0x0, 0x0, 0x7f, 0x50,
    0x0, 0xf, 0x80, 0x0, 0x30, 0x0, 0x5, 0xfb,
    0x0, 0x0, 0xf, 0x80, 0x0, 0x0, 0x0, 0x7f,
    0xd1, 0x0, 0x0, 0xf, 0x80, 0x0, 0x0, 0x3c,
    0xfd, 0x10, 0x0, 0x0, 0xf, 0x80, 0x0, 0x0,
    0x6f, 0xa1, 0x0, 0x0, 0x0, 0xf, 0x80, 0x0,
    0x0, 0x4, 0x0, 0x0, 0x0, 0x0, 0xf, 0x80,
    0x0, 0x0,

    /* U+591A "多" */
    0x0, 0x0, 0x0, 0x0, 0x1, 0x0, 0x0, 0x0,
    0x0, 0x0, 0x0, 0x0, 0x1b, 0xf3, 0x0, 0x0,
    0x0, 0x0, 0x0, 0x0, 0x3d, 0xfb, 0x77, 0x77,
    0x75, 0x0, 0x0, 0x2, 0xaf, 0xff, 0xff, 0xff,
    0xff, 0xb0, 0x0, 0x5b, 0xff, 0x90, 0x0, 0x0,
    0x9, 0xf4, 0x0, 0xc, 0xb6, 0xdf, 0x60, 0x0,
    0x1b, 0xf5, 0x0, 0x0, 0x0, 0x0, 0xa4, 0x2,
    0x8f, 0xd3, 0x0, 0x0, 0x0, 0x0, 0x4, 0x7c,
    0xfe, 0x60, 0x0, 0x0, 0x6, 0x9b, 0xdf, 0xfe,
    0xa6, 0x30, 0x0, 0x0, 0x0, 0x8f, 0xda, 0x73,
    0x4, 0xee, 0x10, 0x0, 0x0, 0x0, 0x0, 0x0,
    0x1a, 0xff, 0xff, 0xff, 0xff, 0x60, 0x0, 0x0,
    0x7e, 0xf8, 0x77, 0x77, 0x7c, 0xf4, 0x0, 0x28,
    0xef, 0xc1, 0x0, 0x0, 0x4, 0xfa, 0x0, 0xd,
    0xfa, 0xdf, 0x70, 0x0, 0x6, 0xfa, 0x0, 0x0,
    0x21, 0x1, 0xce, 0x10, 0x4c, 0xf8, 0x0, 0x0,
    0x0, 0x0, 0x0, 0x37, 0xcf, 0xb3, 0x0, 0x0,
    0x0, 0x2, 0x59, 0xdf, 0xfa, 0x40, 0x0, 0x0,
    0x7, 0xdf, 0xff, 0xfb, 0x61, 0x0, 0x0, 0x0,
    0x0, 0x4c, 0x96, 0x30, 0x0, 0x0, 0x0, 0x0,
    0x0, 0x0,

    /* U+591F "够" */
    0x0, 0x0, 0x0, 0x0, 0x0, 0x0, 0x0, 0x0,
    0x0, 0x0, 0x0, 0x9c, 0x0, 0x0, 0x0, 0x0,
    0x7f, 0x20, 0x0, 0x0, 0xe, 0xa0, 0x0, 0x0,
    0x0, 0x1e, 0xf8, 0x88, 0x20, 0x3, 0xfa, 0x77,
    0x77, 0x60, 0xc, 0xfc, 0xcd, 0xf4, 0x0, 0xaf,
    0xff, 0xff, 0xff, 0xa, 0xf5, 0x0, 0x9f, 0x10,
    0x2f, 0x90, 0x0, 0x8, 0xf6, 0xff, 0xa0, 0x3f,
    0x80, 0xa, 0xf2, 0x0, 0x0, 0x8f, 0x2, 0x4a,
    0x3e, 0xd0, 0x1, 0xf9, 0x33, 0x33, 0x8, 0xf0,
    0x1, 0x8f, 0xc1, 0x0, 0x4, 0x5f, 0xff, 0xf4,
    0x8f, 0x3b, 0xff, 0x90, 0x0, 0x0, 0x5, 0xf1,
    0x2f, 0x49, 0xf3, 0xc6, 0x1c, 0xb0, 0x0, 0x0,
    0x5f, 0x12, 0xf4, 0x9e, 0x0, 0x9, 0xff, 0xff,
    0xa0, 0x5, 0xf1, 0x2f, 0x49, 0xe0, 0x8, 0xf8,
    0x66, 0xf9, 0x0, 0x5f, 0x12, 0xf4, 0xae, 0xa,
    0xfe, 0x0, 0x4f, 0x30, 0x5, 0xff, 0xff, 0x4a,
    0xd2, 0xf8, 0xf9, 0xc, 0xb0, 0x0, 0x5f, 0x66,
    0x61, 0xbc, 0x1, 0x5, 0x18, 0xf3, 0x0, 0x4,
    0xc0, 0x0, 0xc, 0xb0, 0x0, 0x8, 0xf6, 0x0,
    0x0, 0x0, 0x0, 0x0, 0xe9, 0x0, 0x3c, 0xf7,
    0x0, 0x0, 0x0, 0x0, 0x3a, 0x9f, 0x57, 0xcf,
    0xe4, 0x0, 0x0, 0x0, 0x0, 0x1, 0xdf, 0xa0,
    0xac, 0x60, 0x0, 0x0, 0x0, 0x0, 0x0, 0x0,
    0x0, 0x0, 0x0, 0x0, 0x0, 0x0,

    /* U+5927 "大" */
    0x0, 0x0, 0x0, 0x0, 0xde, 0x0, 0x0, 0x0,
    0x0, 0x0, 0x0, 0x0, 0x0, 0xd, 0xe0, 0x0,
    0x0, 0x0, 0x0, 0x0, 0x0, 0x0, 0x0, 0xde,
    0x0, 0x0, 0x0, 0x0, 0x0, 0x0, 0x0, 0x0,
    0xd, 0xe0, 0x0, 0x0, 0x0, 0x0, 0x9, 0x99,
    0x99, 0x99, 0xef, 0x99, 0x99, 0x99, 0x95, 0x1,
    0xff, 0xff, 0xff, 0xff, 0xff, 0xff, 0xff, 0xff,
    0x90, 0x0, 0x0, 0x0, 0x0, 0xff, 0x60, 0x0,
    0x0, 0x0, 0x0, 0x0, 0x0, 0x0, 0x2f, 0xfb,
    0x0, 0x0, 0x0, 0x0, 0x0, 0x0, 0x0, 0x7,
    0xfd, 0xf2, 0x0, 0x0, 0x0, 0x0, 0x0, 0x0,
    0x0, 0xdf, 0x3f, 0x90, 0x0, 0x0, 0x0, 0x0,
    0x0, 0x0, 0x6f, 0x90, 0xaf, 0x20, 0x0, 0x0,
    0x0, 0x0, 0x0, 0x2f, 0xe1, 0x2, 0xfc, 0x0,
    0x0, 0x0, 0x0, 0x0, 0x1d, 0xf5, 0x0, 0x7,
    0xf9, 0x0, 0x0, 0x0, 0x0, 0x2d, 0xf8, 0x0,
    0x0, 0xc, 0xf8, 0x0, 0x0, 0x0, 0x4e, 0xf8,
    0x0, 0x0, 0x0, 0x1d, 0xfa, 0x10, 0x0, 0x9f,
    0xf6, 0x0, 0x0, 0x0, 0x0, 0x1c, 0xfe, 0x60,
    0xbf, 0xd3, 0x0, 0x0, 0x0, 0x0, 0x0, 0x9,
    0xff, 0x33, 0x70, 0x0, 0x0, 0x0, 0x0, 0x0,
    0x0, 0x3, 0x80,

    /* U+5929 "天" */
    0x0, 0xaf, 0xff, 0xff, 0xff, 0xff, 0xff, 0xff,
    0xf0, 0x0, 0x4, 0x77, 0x77, 0x79, 0xfb, 0x77,
    0x77, 0x77, 0x0, 0x0, 0x0, 0x0, 0x0, 0x2f,
    0x60, 0x0, 0x0, 0x0, 0x0, 0x0, 0x0, 0x0,
    0x3, 0xf6, 0x0, 0x0, 0x0, 0x0, 0x0, 0x0,
    0x0, 0x0, 0x3f, 0x50, 0x0, 0x0, 0x0, 0x0,
    0x0, 0x0, 0x0, 0x3, 0xf5, 0x0, 0x0, 0x0,
    0x0, 0x2, 0x33, 0x33, 0x33, 0x6f, 0x73, 0x33,
    0x33, 0x33, 0x0, 0xbf, 0xff, 0xff, 0xff, 0xff,
    0xff, 0xff, 0xff, 0xf2, 0x3, 0x44, 0x44, 0x44,
    0x9f, 0xc4, 0x44, 0x44, 0x44, 0x0, 0x0, 0x0,
    0x0, 0xa, 0xff, 0x20, 0x0, 0x0, 0x0, 0x0,
    0x0, 0x0, 0x0, 0xfe, 0xfa, 0x0, 0x0, 0x0,
    0x0, 0x0, 0x0, 0x0, 0x7f, 0x79, 0xf5, 0x0,
    0x0, 0x0, 0x0, 0x0, 0x0, 0x3f, 0xe1, 0x1e,
    0xf3, 0x0, 0x0, 0x0, 0x0, 0x0, 0x3e, 0xf5,
    0x0, 0x3f, 0xf4, 0x0, 0x0, 0x0, 0x0, 0x7f,
    0xf7, 0x0, 0x0, 0x4f, 0xf8, 0x0, 0x0, 0x5,
    0xdf, 0xf5, 0x0, 0x0, 0x0, 0x3e, 0xfe, 0x60,
    0xd, 0xff, 0xa1, 0x0, 0x0, 0x0, 0x0, 0x1a,
    0xff, 0x80, 0x69, 0x20, 0x0, 0x0, 0x0, 0x0,
    0x0, 0x3, 0xa0,

    /* U+592A "太" */
    0x0, 0x0, 0x0, 0x0, 0xf, 0xa0, 0x0, 0x0,
    0x0, 0x0, 0x0, 0x0, 0x0, 0x0, 0xf9, 0x0,
    0x0, 0x0, 0x0, 0x0, 0x0, 0x0, 0x0, 0xf,
    0x90, 0x0, 0x0, 0x0, 0x0, 0x0, 0x0, 0x0,
    0x0, 0xf9, 0x0, 0x0, 0x0, 0x0, 0xa, 0xff,
    0xff, 0xff, 0xff, 0xff, 0xff, 0xff, 0xff, 0x20,
    0x47, 0x77, 0x77, 0x79, 0xfc, 0x77, 0x77, 0x77,
    0x71, 0x0, 0x0, 0x0, 0x0, 0x7f, 0xe0, 0x0,
    0x0, 0x0, 0x0, 0x0, 0x0, 0x0, 0xc, 0xff,
    0x70, 0x0, 0x0, 0x0, 0x0, 0x0, 0x0, 0x2,
    0xf8, 0xbf, 0x10, 0x0, 0x0, 0x0, 0x0, 0x0,
    0x0, 0xaf, 0x22, 0xfa, 0x0, 0x0, 0x0, 0x0,
    0x0, 0x0, 0x4f, 0xa0, 0xa, 0xf4, 0x0, 0x0,
    0x0, 0x0, 0x0, 0x1e, 0xf1, 0x0, 0x1e, 0xe1,
    0x0, 0x0, 0x0, 0x0, 0xc, 0xf5, 0x0, 0x0,
    0x4f, 0xc0, 0x0, 0x0, 0x0, 0xb, 0xf9, 0x3,
    0x80, 0x0, 0x9f, 0xa0, 0x0, 0x0, 0x1c, 0xfa,
    0x0, 0x9f, 0xc1, 0x0, 0xaf, 0xb0, 0x0, 0x3d,
    0xf9, 0x0, 0x0, 0x6f, 0xa0, 0x0, 0xbf, 0xd2,
    0x2f, 0xf6, 0x0, 0x0, 0x0, 0x51, 0x0, 0x0,
    0x9f, 0x90, 0x82, 0x0, 0x0, 0x0, 0x0, 0x0,
    0x0, 0x0, 0x62,

    /* U+5931 "失" */
    0x0, 0x0, 0x40, 0x0, 0x6f, 0x20, 0x0, 0x0,
    0x0, 0x0, 0x0, 0x3f, 0x60, 0x6, 0xf2, 0x0,
    0x0, 0x0, 0x0, 0x0, 0x8, 0xf1, 0x0, 0x6f,
    0x20, 0x0, 0x0, 0x0, 0x0, 0x0, 0xef, 0x88,
    0x8b, 0xf9, 0x88, 0x88, 0x83, 0x0, 0x0, 0x6f,
    0xff, 0xff, 0xff, 0xff, 0xff, 0xff, 0x50, 0x0,
    0xe, 0xd0, 0x0, 0x7, 0xf1, 0x0, 0x0, 0x0,
    0x0, 0xa, 0xf4, 0x0, 0x0, 0x7f, 0x10, 0x0,
    0x0, 0x0, 0x0, 0xd8, 0x0, 0x0, 0x8, 0xf0,
    0x0, 0x0, 0x0, 0x0, 0x4, 0x33, 0x33, 0x33,
    0xaf, 0x33, 0x33, 0x33, 0x31, 0x1, 0xff, 0xff,
    0xff, 0xff, 0xff, 0xff, 0xff, 0xff, 0x70, 0x4,
    0x44, 0x44, 0x49, 0xff, 0xa4, 0x44, 0x44, 0x42,
    0x0, 0x0, 0x0, 0x1, 0xed, 0xbf, 0x20, 0x0,
    0x0, 0x0, 0x0, 0x0, 0x0, 0xcf, 0x31, 0xfd,
    0x10, 0x0, 0x0, 0x0, 0x0, 0x1, 0xcf, 0x70,
    0x4, 0xfe, 0x20, 0x0, 0x0, 0x0, 0x5, 0xef,
    0x70, 0x0, 0x4, 0xff, 0x80, 0x0, 0x0, 0x3b,
    0xfe, 0x40, 0x0, 0x0, 0x2, 0xdf, 0xe7, 0x10,
    0x9f, 0xfa, 0x10, 0x0, 0x0, 0x0, 0x0, 0x7e,
    0xfe, 0x15, 0xa2, 0x0, 0x0, 0x0, 0x0, 0x0,
    0x0, 0x7, 0x60,

    /* U+5939 "夹" */
    0x0, 0x0, 0x0, 0x0, 0x8f, 0x10, 0x0, 0x0,
    0x0, 0x0, 0x0, 0x0, 0x0, 0x8, 0xf1, 0x0,
    0x0, 0x0, 0x0, 0x0, 0x88, 0x88, 0x88, 0xcf,
    0x88, 0x88, 0x88, 0x50, 0x0, 0xf, 0xff, 0xff,
    0xff, 0xff, 0xff, 0xff, 0xfa, 0x0, 0x0, 0x0,
    0x0, 0x0, 0x8f, 0x0, 0x0, 0x0, 0x0, 0x0,
    0x0, 0x86, 0x0, 0x9, 0xf0, 0x0, 0xe, 0x70,
    0x0, 0x0, 0xd, 0xf2, 0x0, 0xaf, 0x0, 0x9,
    0xf4, 0x0, 0x0, 0x0, 0x3f, 0xb0, 0xb, 0xe0,
    0x6, 0xfa, 0x0, 0x0, 0x0, 0x0, 0x97, 0x0,
    0xeb, 0x0, 0x2b, 0x0, 0x0, 0x0, 0x77, 0x77,
    0x77, 0x8f, 0xc7, 0x77, 0x77, 0x77, 0x40, 0x1f,
    0xff, 0xff, 0xff, 0xff, 0xff, 0xff, 0xff, 0xfa,
    0x0, 0x0, 0x0, 0x1, 0xfe, 0x9f, 0x40, 0x0,
    0x0, 0x0, 0x0, 0x0, 0x0, 0xbf, 0x61, 0xfe,
    0x10, 0x0, 0x0, 0x0, 0x0, 0x0, 0xbf, 0xb0,
    0x5, 0xfd, 0x10, 0x0, 0x0, 0x0, 0x2, 0xcf,
    0xc1, 0x0, 0x6, 0xfe, 0x50, 0x0, 0x0, 0x18,
    0xff, 0xb1, 0x0, 0x0, 0x4, 0xef, 0xc5, 0x0,
    0x5f, 0xfe, 0x60, 0x0, 0x0, 0x0, 0x1, 0x9f,
    0xfe, 0x12, 0xd7, 0x10, 0x0, 0x0, 0x0, 0x0,
    0x0, 0x29, 0x70, 0x0, 0x0, 0x0, 0x0, 0x0,
    0x0, 0x0, 0x0, 0x0, 0x0,

    /* U+5982 "如" */
    0x0, 0x7, 0xc0, 0x0, 0x0, 0x0, 0x0, 0x0,
    0x0, 0x0, 0xb, 0xd0, 0x0, 0x0, 0x99, 0x99,
    0x99, 0x90, 0x0, 0xf, 0x90, 0x0, 0x1, 0xff,
    0xee, 0xef, 0xf1, 0x88, 0x9f, 0xb8, 0x88, 0x41,
    0xf8, 0x0, 0x7, 0xf1, 0xff, 0xff, 0xff, 0xff,
    0x71, 0xf8, 0x0, 0x7, 0xf1, 0x0, 0xae, 0x0,
    0x1f, 0x61, 0xf8, 0x0, 0x7, 0xf1, 0x0, 0xea,
    0x0, 0x3f, 0x51, 0xf8, 0x0, 0x7, 0xf1, 0x4,
    0xf5, 0x0, 0x5f, 0x21, 0xf8, 0x0, 0x7, 0xf1,
    0x9, 0xf1, 0x0, 0x9f, 0x1, 0xf8, 0x0, 0x7,
    0xf1, 0xd, 0xc0, 0x0, 0xdc, 0x1, 0xf8, 0x0,
    0x7, 0xf1, 0xd, 0xf6, 0x2, 0xf7, 0x1, 0xf8,
    0x0, 0x7, 0xf1, 0x0, 0xbf, 0x89, 0xf2, 0x1,
    0xf8, 0x0, 0x7, 0xf1, 0x0, 0x9, 0xff, 0xa0,
    0x1, 0xf8, 0x0, 0x7, 0xf1, 0x0, 0x0, 0xef,
    0xb0, 0x1, 0xf8, 0x0, 0x7, 0xf1, 0x0, 0xb,
    0xfb, 0xfb, 0x1, 0xff, 0xff, 0xff, 0xf1, 0x1,
    0xcf, 0x80, 0xbf, 0x61, 0xfc, 0x88, 0x8c, 0xf1,
    0x3e, 0xfb, 0x0, 0x18, 0x1, 0xf8, 0x0, 0x7,
    0xf1, 0x4f, 0xa0, 0x0, 0x0, 0x1, 0xf8, 0x0,
    0x7, 0xf1, 0x5, 0x0, 0x0, 0x0, 0x0, 0x21,
    0x0, 0x0, 0x0,

    /* U+59CB "始" */
    0x0, 0x0, 0x0, 0x0, 0x0, 0x0, 0x0, 0x0,
    0x0, 0x0, 0x0, 0xc8, 0x0, 0x0, 0x0, 0xbc,
    0x0, 0x0, 0x0, 0x0, 0xf, 0x70, 0x0, 0x0,
    0x1f, 0x90, 0x0, 0x0, 0x0, 0x4, 0xf4, 0x0,
    0x0, 0x9, 0xf2, 0x2, 0x10, 0x0, 0x88, 0xbf,
    0x98, 0x82, 0x2, 0xfa, 0x0, 0xeb, 0x0, 0xf,
    0xff, 0xff, 0xff, 0x30, 0xbf, 0x20, 0x6, 0xf5,
    0x0, 0x0, 0xe9, 0x6, 0xf1, 0x7f, 0x60, 0x2,
    0x4e, 0xd0, 0x0, 0x3f, 0x50, 0x8f, 0x3f, 0xfc,
    0xef, 0xff, 0xef, 0x50, 0x8, 0xf1, 0xa, 0xd0,
    0xcb, 0xa8, 0x64, 0x10, 0xdc, 0x0, 0xcc, 0x0,
    0xdb, 0x0, 0x0, 0x0, 0x0, 0x3, 0x20, 0x1f,
    0x80, 0x1f, 0x70, 0x25, 0x55, 0x55, 0x55, 0x40,
    0x1, 0xee, 0x26, 0xf3, 0x7, 0xff, 0xff, 0xff,
    0xfe, 0x0, 0x2, 0xde, 0xdd, 0x0, 0x7f, 0x11,
    0x11, 0x19, 0xe0, 0x0, 0x1, 0xdf, 0x70, 0x7,
    0xf0, 0x0, 0x0, 0x9e, 0x0, 0x0, 0x1e, 0xfd,
    0x10, 0x7f, 0x0, 0x0, 0x9, 0xe0, 0x0, 0xc,
    0xf7, 0xfc, 0x7, 0xf0, 0x0, 0x0, 0x9e, 0x0,
    0xb, 0xf9, 0x5, 0xf5, 0x7f, 0xff, 0xff, 0xff,
    0xe0, 0xc, 0xfb, 0x0, 0x2, 0x7, 0xf7, 0x77,
    0x77, 0xce, 0x0, 0x6a, 0x0, 0x0, 0x0, 0x7f,
    0x0, 0x0, 0x9, 0xe0, 0x0, 0x0, 0x0, 0x0,
    0x0, 0x0, 0x0, 0x0, 0x0, 0x0,

    /* U+59FF "姿" */
    0x0, 0x0, 0x0, 0x0, 0x3, 0x0, 0x0, 0x0,
    0x0, 0x0, 0x6, 0x70, 0x0, 0x2, 0xf8, 0x0,
    0x0, 0x0, 0x0, 0x0, 0xbf, 0xd5, 0x0, 0xaf,
    0xff, 0xff, 0xff, 0xff, 0x0, 0x0, 0x5e, 0x90,
    0x6f, 0xa7, 0xaf, 0x97, 0x7f, 0xe0, 0x0, 0x0,
    0x10, 0x4f, 0xd0, 0x8, 0xf3, 0x7, 0xf6, 0x0,
    0x0, 0x0, 0x0, 0x92, 0x0, 0xdf, 0xd1, 0x69,
    0x0, 0x0, 0x0, 0x17, 0x20, 0x0, 0xaf, 0x7e,
    0xe5, 0x0, 0x0, 0x4, 0x9f, 0xf6, 0x17, 0xef,
    0x70, 0x1c, 0xfc, 0x61, 0xd, 0xff, 0xb3, 0x2f,
    0xfb, 0x30, 0x0, 0x6, 0xef, 0xa0, 0x79, 0x20,
    0x0, 0x55, 0x10, 0x0, 0x0, 0x0, 0x51, 0x0,
    0x0, 0x0, 0x3, 0xfa, 0x0, 0x0, 0x0, 0x0,
    0x1, 0xff, 0xff, 0xff, 0xff, 0xff, 0xff, 0xff,
    0xff, 0xfe, 0x7, 0x77, 0x78, 0xff, 0x77, 0x77,
    0x7c, 0xf8, 0x77, 0x60, 0x0, 0x1, 0xcf, 0x40,
    0x0, 0x3, 0xfa, 0x0, 0x0, 0x0, 0x1, 0xdf,
    0xb4, 0x0, 0x6, 0xfd, 0x10, 0x0, 0x0, 0x0,
    0x4, 0x8c, 0xff, 0xdd, 0xfd, 0x10, 0x0, 0x0,
    0x0, 0x0, 0x24, 0x7c, 0xff, 0xdf, 0xfe, 0x95,
    0x10, 0x0, 0x9e, 0xff, 0xff, 0xd8, 0x30, 0x5,
    0xaf, 0xff, 0xc1, 0x3, 0xb9, 0x74, 0x10, 0x0,
    0x0, 0x0, 0x4, 0x96, 0x0,

    /* U+5B50 "子" */
    0x0, 0xff, 0xff, 0xff, 0xff, 0xff, 0xff, 0xff,
    0x0, 0x0, 0x89, 0x99, 0x99, 0x99, 0x99, 0x9b,
    0xff, 0x0, 0x0, 0x0, 0x0, 0x0, 0x0, 0x0,
    0x7f, 0xe3, 0x0, 0x0, 0x0, 0x0, 0x0, 0x0,
    0x1b, 0xfc, 0x10, 0x0, 0x0, 0x0, 0x0, 0x0,
    0x5, 0xef, 0x90, 0x0, 0x0, 0x0, 0x0, 0x0,
    0x0, 0x9f, 0xe4, 0x0, 0x0, 0x0, 0x0, 0x0,
    0x0, 0x0, 0xed, 0x10, 0x0, 0x0, 0x0, 0x0,
    0x0, 0x0, 0x0, 0xec, 0x0, 0x0, 0x0, 0x0,
    0xef, 0xff, 0xff, 0xff, 0xff, 0xff, 0xff, 0xff,
    0xfb, 0x67, 0x77, 0x77, 0x77, 0xed, 0x77, 0x77,
    0x77, 0x75, 0x0, 0x0, 0x0, 0x0, 0xec, 0x0,
    0x0, 0x0, 0x0, 0x0, 0x0, 0x0, 0x0, 0xec,
    0x0, 0x0, 0x0, 0x0, 0x0, 0x0, 0x0, 0x0,
    0xec, 0x0, 0x0, 0x0, 0x0, 0x0, 0x0, 0x0,
    0x0, 0xec, 0x0, 0x0, 0x0, 0x0, 0x0, 0x0,
    0x0, 0x0, 0xec, 0x0, 0x0, 0x0, 0x0, 0x0,
    0x0, 0x0, 0x0, 0xec, 0x0, 0x0, 0x0, 0x0,
    0x0, 0x0, 0x4a, 0x88, 0xfb, 0x0, 0x0, 0x0,
    0x0, 0x0, 0x0, 0x2c, 0xef, 0xd4, 0x0, 0x0,
    0x0, 0x0,

    /* U+5B57 "字" */
    0x0, 0x0, 0x0, 0x0, 0x30, 0x0, 0x0, 0x0,
    0x0, 0x0, 0x0, 0x0, 0x7, 0xf5, 0x0, 0x0,
    0x0, 0x0, 0x57, 0x77, 0x77, 0x77, 0xfd, 0x77,
    0x77, 0x77, 0x72, 0xbf, 0xff, 0xff, 0xff, 0xff,
    0xff, 0xff, 0xff, 0xf4, 0xbd, 0x0, 0x0, 0x0,
    0x0, 0x0, 0x0, 0x4, 0xf4, 0xbd, 0x1, 0x11,
    0x11, 0x11, 0x11, 0x11, 0x4, 0xf4, 0x11, 0x5f,
    0xff, 0xff, 0xff, 0xff, 0xff, 0xa0, 0x20, 0x0,
    0x16, 0x66, 0x66, 0x66, 0x6a, 0xff, 0x70, 0x0,
    0x0, 0x0, 0x0, 0x0, 0x2, 0xbf, 0xe5, 0x0,
    0x0, 0x0, 0x0, 0x0, 0x0, 0x9f, 0xf9, 0x10,
    0x0, 0x0, 0x0, 0x0, 0x0, 0x2, 0xfd, 0x30,
    0x0, 0x0, 0x0, 0x89, 0x99, 0x99, 0x9a, 0xfd,
    0x99, 0x99, 0x99, 0x94, 0xdf, 0xff, 0xff, 0xff,
    0xff, 0xff, 0xff, 0xff, 0xf6, 0x0, 0x0, 0x0,
    0x2, 0xfa, 0x0, 0x0, 0x0, 0x0, 0x0, 0x0,
    0x0, 0x2, 0xfa, 0x0, 0x0, 0x0, 0x0, 0x0,
    0x0, 0x0, 0x2, 0xfa, 0x0, 0x0, 0x0, 0x0,
    0x0, 0x0, 0x0, 0x2, 0xfa, 0x0, 0x0, 0x0,
    0x0, 0x0, 0x0, 0xba, 0x89, 0xf9, 0x0, 0x0,
    0x0, 0x0, 0x0, 0x0, 0xad, 0xef, 0xd3, 0x0,
    0x0, 0x0, 0x0,

    /* U+5B58 "存" */
    0x0, 0x0, 0x0, 0x1, 0x0, 0x0, 0x0, 0x0,
    0x0, 0x0, 0x0, 0x0, 0x0, 0xcc, 0x0, 0x0,
    0x0, 0x0, 0x0, 0x3, 0x33, 0x33, 0x5f, 0xa3,
    0x33, 0x33, 0x33, 0x33, 0x10, 0xef, 0xff, 0xff,
    0xff, 0xff, 0xff, 0xff, 0xff, 0xf7, 0x3, 0x44,
    0x48, 0xfa, 0x44, 0x44, 0x44, 0x44, 0x44, 0x10,
    0x0, 0x0, 0xcf, 0x10, 0x0, 0x0, 0x0, 0x0,
    0x0, 0x0, 0x0, 0x5f, 0x80, 0x78, 0x88, 0x88,
    0x88, 0x50, 0x0, 0x0, 0x8f, 0xe0, 0xd, 0xff,
    0xff, 0xff, 0xfa, 0x0, 0x0, 0xc, 0xf4, 0x0,
    0x0, 0x0, 0x1, 0xcf, 0x40, 0x0, 0xa, 0xff,
    0x0, 0x0, 0x0, 0x2, 0xee, 0x30, 0x0, 0x8,
    0xfe, 0xf0, 0x0, 0x0, 0x0, 0xbe, 0x20, 0x0,
    0x2, 0xf9, 0x8f, 0x3, 0x66, 0x66, 0x6d, 0xc6,
    0x66, 0x64, 0x2, 0x8, 0xf0, 0x9f, 0xff, 0xff,
    0xff, 0xff, 0xff, 0xc0, 0x0, 0x8f, 0x0, 0x11,
    0x11, 0x1b, 0xb1, 0x11, 0x11, 0x0, 0x8, 0xf0,
    0x0, 0x0, 0x0, 0xbb, 0x0, 0x0, 0x0, 0x0,
    0x8f, 0x0, 0x0, 0x0, 0xb, 0xb0, 0x0, 0x0,
    0x0, 0x8, 0xf0, 0x0, 0x0, 0x0, 0xbb, 0x0,
    0x0, 0x0, 0x0, 0x8f, 0x0, 0x0, 0x7, 0x8e,
    0xa0, 0x0, 0x0, 0x0, 0x8, 0xf0, 0x0, 0x0,
    0xcf, 0xd4, 0x0, 0x0, 0x0,

    /* U+5B66 "学" */
    0x0, 0x0, 0x0, 0x0, 0x51, 0x0, 0x1, 0x10,
    0x0, 0x0, 0x2d, 0x60, 0x2, 0xf9, 0x0, 0xb,
    0xf4, 0x0, 0x0, 0xc, 0xf3, 0x0, 0xaf, 0x10,
    0x4f, 0xa0, 0x0, 0x0, 0x2, 0x80, 0x0, 0x34,
    0x2, 0xec, 0x0, 0x0, 0x6f, 0xff, 0xff, 0xff,
    0xff, 0xff, 0xff, 0xff, 0xf5, 0x7f, 0x77, 0x77,
    0x77, 0x77, 0x77, 0x77, 0x78, 0xf5, 0x7f, 0x0,
    0x0, 0x0, 0x0, 0x0, 0x0, 0x2, 0xf5, 0x5c,
    0x3, 0x44, 0x44, 0x44, 0x44, 0x44, 0x21, 0xe5,
    0x0, 0xb, 0xff, 0xff, 0xff, 0xff, 0xff, 0x70,
    0x0, 0x0, 0x1, 0x11, 0x11, 0x11, 0x4c, 0xfb,
    0x20, 0x0, 0x0, 0x0, 0x0, 0x0, 0x3b, 0xfb,
    0x30, 0x0, 0x0, 0x0, 0x0, 0x0, 0x0, 0xae,
    0x30, 0x0, 0x0, 0x0, 0xff, 0xff, 0xff, 0xff,
    0xff, 0xff, 0xff, 0xff, 0xff, 0x88, 0x88, 0x88,
    0x88, 0xde, 0x88, 0x88, 0x88, 0x88, 0x0, 0x0,
    0x0, 0x0, 0xad, 0x0, 0x0, 0x0, 0x0, 0x0,
    0x0, 0x0, 0x0, 0xad, 0x0, 0x0, 0x0, 0x0,
    0x0, 0x0, 0x0, 0x0, 0xad, 0x0, 0x0, 0x0,
    0x0, 0x0, 0x0, 0x5, 0x98, 0xdd, 0x0, 0x0,
    0x0, 0x0, 0x0, 0x0, 0x4, 0xdf, 0xe5, 0x0,
    0x0, 0x0, 0x0,

    /* U+5B83 "它" */
    0x0, 0x0, 0x0, 0x0, 0x52, 0x0, 0x0, 0x0,
    0x0, 0x0, 0x0, 0x0, 0x3, 0xfc, 0x0, 0x0,
    0x0, 0x0, 0x0, 0x0, 0x0, 0x0, 0x9f, 0x30,
    0x0, 0x0, 0x0, 0x8f, 0xff, 0xff, 0xff, 0xff,
    0xff, 0xff, 0xff, 0xf7, 0x9f, 0x98, 0x88, 0x88,
    0x88, 0x88, 0x88, 0x89, 0xf7, 0x9f, 0x10, 0x0,
    0x0, 0x0, 0x0, 0x0, 0x2, 0xf7, 0x6b, 0x0,
    0xa6, 0x0, 0x0, 0x0, 0x0, 0x1, 0xb5, 0x0,
    0x1, 0xfa, 0x0, 0x0, 0x0, 0x0, 0x0, 0x0,
    0x0, 0x1, 0xfa, 0x0, 0x0, 0x0, 0x28, 0x70,
    0x0, 0x0, 0x1, 0xfa, 0x0, 0x2, 0x7c, 0xff,
    0xa0, 0x0, 0x0, 0x1, 0xfb, 0x6a, 0xef, 0xfd,
    0x72, 0x0, 0x0, 0x0, 0x1, 0xff, 0xfd, 0xa6,
    0x20, 0x0, 0x0, 0x0, 0x0, 0x1, 0xfb, 0x0,
    0x0, 0x0, 0x0, 0x0, 0x0, 0x0, 0x1, 0xfa,
    0x0, 0x0, 0x0, 0x0, 0x5, 0x30, 0x0, 0x1,
    0xfa, 0x0, 0x0, 0x0, 0x0, 0xd, 0xf0, 0x0,
    0x1, 0xfa, 0x0, 0x0, 0x0, 0x0, 0x2f, 0xc0,
    0x0, 0x0, 0xff, 0xb9, 0x99, 0x99, 0xac, 0xff,
    0x70, 0x0, 0x0, 0x6d, 0xff, 0xff, 0xff, 0xff,
    0xd8, 0x0, 0x0, 0x0, 0x0, 0x1, 0x12, 0x21,
    0x0, 0x0, 0x0,

    /* U+5B9A "定" */
    0x0, 0x0, 0x0, 0x0, 0x0, 0x0, 0x0, 0x0,
    0x0, 0x0, 0x0, 0x0, 0x0, 0x4, 0xf7, 0x0,
    0x0, 0x0, 0x0, 0x3, 0x77, 0x77, 0x77, 0x7f,
    0xe7, 0x77, 0x77, 0x77, 0x0, 0x7f, 0xff, 0xff,
    0xff, 0xff, 0xff, 0xff, 0xff, 0xf1, 0x7, 0xf1,
    0x0, 0x0, 0x0, 0x0, 0x0, 0x0, 0x9f, 0x10,
    0x7e, 0x10, 0x0, 0x0, 0x0, 0x0, 0x0, 0x8,
    0xf1, 0x0, 0x3, 0x77, 0x77, 0x77, 0x77, 0x77,
    0x77, 0x0, 0x0, 0x0, 0x6f, 0xff, 0xff, 0xff,
    0xff, 0xff, 0xf0, 0x0, 0x0, 0x0, 0x0, 0x0,
    0xe, 0xb0, 0x0, 0x0, 0x0, 0x0, 0x0, 0x1,
    0x40, 0x0, 0xeb, 0x0, 0x0, 0x0, 0x0, 0x0,
    0x0, 0x6f, 0x30, 0xe, 0xb0, 0x0, 0x0, 0x0,
    0x0, 0x0, 0x9, 0xf0, 0x0, 0xed, 0x77, 0x77,
    0x70, 0x0, 0x0, 0x0, 0xdc, 0x0, 0xe, 0xfe,
    0xee, 0xee, 0x0, 0x0, 0x0, 0x3f, 0x90, 0x0,
    0xeb, 0x0, 0x0, 0x0, 0x0, 0x0, 0x9, 0xff,
    0x20, 0xe, 0xb0, 0x0, 0x0, 0x0, 0x0, 0x2,
    0xfc, 0xed, 0x10, 0xeb, 0x0, 0x0, 0x0, 0x0,
    0x0, 0xbf, 0x33, 0xfd, 0x5e, 0xb0, 0x0, 0x0,
    0x0, 0x0, 0x7f, 0xa0, 0x3, 0xef, 0xff, 0xcc,
    0xbb, 0xba, 0xa6, 0xc, 0xd0, 0x0, 0x0, 0x59,
    0xcd, 0xff, 0xff, 0xff, 0x60, 0x2, 0x0, 0x0,
    0x0, 0x0, 0x0, 0x0, 0x0, 0x0,

    /* U+5B9E "实" */
    0x0, 0x0, 0x0, 0x0, 0x30, 0x0, 0x0, 0x0,
    0x0, 0x0, 0x0, 0x0, 0x7, 0xf5, 0x0, 0x0,
    0x0, 0x0, 0x57, 0x77, 0x77, 0x77, 0xfd, 0x77,
    0x77, 0x77, 0x72, 0xbf, 0xff, 0xff, 0xff, 0xff,
    0xff, 0xff, 0xff, 0xf4, 0xbd, 0x0, 0x0, 0x0,
    0x0, 0x0, 0x0, 0x4, 0xf4, 0xbd, 0x0, 0x10,
    0x0, 0x3, 0xf6, 0x0, 0x4, 0xf4, 0x11, 0x1,
    0xed, 0x40, 0x3, 0xf6, 0x0, 0x0, 0x20, 0x0,
    0x0, 0x6e, 0xfa, 0x14, 0xf6, 0x0, 0x0, 0x0,
    0x0, 0x53, 0x0, 0x8f, 0x34, 0xf6, 0x0, 0x0,
    0x0, 0x0, 0xef, 0xa1, 0x0, 0x5, 0xf5, 0x0,
    0x0, 0x0, 0x0, 0x19, 0xfe, 0x40, 0x6, 0xf4,
    0x0, 0x0, 0x0, 0x0, 0x0, 0x3b, 0x10, 0xb,
    0xf1, 0x0, 0x0, 0x0, 0x89, 0x99, 0x99, 0x99,
    0x9f, 0xf9, 0x99, 0x99, 0x93, 0xdf, 0xff, 0xff,
    0xff, 0xff, 0xff, 0xff, 0xff, 0xf5, 0x0, 0x0,
    0x0, 0xa, 0xfb, 0x0, 0x40, 0x0, 0x0, 0x0,
    0x0, 0x4, 0xdf, 0xb0, 0x5, 0xfd, 0x40, 0x0,
    0x0, 0x16, 0xdf, 0xf7, 0x0, 0x0, 0x5e, 0xfb,
    0x20, 0xb, 0xff, 0xf9, 0x10, 0x0, 0x0, 0x0,
    0x8f, 0xf5, 0x6, 0xa5, 0x0, 0x0, 0x0, 0x0,
    0x0, 0x1, 0x80,

    /* U+5BA4 "室" */
    0x0, 0x0, 0x0, 0x0, 0x21, 0x0, 0x0, 0x0,
    0x0, 0x0, 0x0, 0x0, 0x4, 0xf8, 0x0, 0x0,
    0x0, 0x0, 0x37, 0x77, 0x77, 0x77, 0xee, 0x77,
    0x77, 0x77, 0x73, 0x8f, 0xff, 0xff, 0xff, 0xff,
    0xff, 0xff, 0xff, 0xf8, 0x8f, 0x0, 0x0, 0x0,
    0x0, 0x0, 0x0, 0x1, 0xf8, 0x8f, 0x2, 0x22,
    0x22, 0x22, 0x22, 0x22, 0x21, 0xf8, 0x12, 0xf,
    0xff, 0xff, 0xff, 0xff, 0xff, 0xf0, 0x21, 0x0,
    0x3, 0x39, 0xfa, 0x33, 0x33, 0x54, 0x30, 0x0,
    0x0, 0x0, 0x5f, 0xd0, 0x0, 0x1, 0xec, 0x0,
    0x0, 0x0, 0x8, 0xfd, 0x20, 0x24, 0x57, 0xcf,
    0xb0, 0x0, 0x0, 0xaf, 0xfe, 0xff, 0xff, 0xff,
    0xed, 0xf7, 0x0, 0x0, 0x6c, 0xa9, 0x87, 0xed,
    0x20, 0x0, 0xce, 0x10, 0x0, 0x0, 0x0, 0x0,
    0xec, 0x0, 0x0, 0x11, 0x0, 0x3, 0x88, 0x88,
    0x88, 0xfe, 0x88, 0x88, 0x88, 0x20, 0x6, 0xff,
    0xff, 0xff, 0xff, 0xff, 0xff, 0xff, 0x50, 0x0,
    0x0, 0x0, 0x0, 0xec, 0x0, 0x0, 0x0, 0x0,
    0x0, 0x0, 0x0, 0x0, 0xec, 0x0, 0x0, 0x0,
    0x0, 0x77, 0x77, 0x77, 0x77, 0xee, 0x77, 0x77,
    0x77, 0x76, 0xef, 0xff, 0xff, 0xff, 0xff, 0xff,
    0xff, 0xff, 0xfe,

    /* U+5BDF "察" */
    0x0, 0x0, 0x0, 0x0, 0x2, 0x0, 0x0, 0x0,
    0x0, 0x0, 0x0, 0x0, 0x0, 0x2, 0xf9, 0x0,
    0x0, 0x0, 0x0, 0x7, 0xff, 0xff, 0xff, 0xff,
    0xff, 0xff, 0xff, 0xff, 0x70, 0x7f, 0x66, 0x66,
    0x66, 0x66, 0x66, 0x66, 0x66, 0xf7, 0x7, 0xf0,
    0x6d, 0x10, 0x0, 0xb5, 0x0, 0x0, 0xf, 0x70,
    0x37, 0x2f, 0xff, 0xff, 0x9a, 0xff, 0xff, 0xf8,
    0x83, 0x0, 0x1d, 0xf8, 0x48, 0xf6, 0x1f, 0xd4,
    0x8f, 0x60, 0x0, 0x2d, 0xf9, 0xf3, 0xeb, 0x0,
    0x6f, 0xae, 0xb0, 0x0, 0xa, 0xef, 0x74, 0xed,
    0x10, 0x0, 0x7f, 0xf2, 0x0, 0x0, 0x1, 0x49,
    0xfd, 0x65, 0x55, 0x55, 0x8f, 0xe6, 0x0, 0x0,
    0x5d, 0xf9, 0x1f, 0xff, 0xff, 0xf3, 0x3d, 0xfe,
    0x70, 0xdf, 0xc4, 0x0, 0x0, 0x0, 0x0, 0x0,
    0x5, 0xc8, 0x4, 0x57, 0x77, 0x77, 0x77, 0x77,
    0x77, 0x77, 0x74, 0x0, 0x4, 0xff, 0xff, 0xff,
    0xff, 0xff, 0xff, 0xff, 0x80, 0x0, 0x0, 0x0,
    0x30, 0xb, 0xc0, 0x2, 0x0, 0x0, 0x0, 0x0,
    0x3, 0xcf, 0x20, 0xbc, 0x9, 0xfb, 0x40, 0x0,
    0x0, 0x5b, 0xfe, 0x50, 0xb, 0xc0, 0x6, 0xef,
    0xb1, 0x0, 0x4f, 0xe8, 0x0, 0x87, 0xeb, 0x0,
    0x0, 0x8f, 0xd0, 0x0, 0x50, 0x0, 0xd, 0xfe,
    0x50, 0x0, 0x0, 0x34, 0x0,

    /* U+5BF9 "对" */
    0xcf, 0xff, 0xff, 0xb0, 0x0, 0x0, 0x0, 0xf9,
    0x0, 0x69, 0x99, 0x9f, 0x90, 0x0, 0x0, 0x0,
    0xf9, 0x0, 0x0, 0x0, 0xf, 0x80, 0x0, 0x0,
    0x0, 0xf9, 0x0, 0x0, 0x0, 0x1f, 0x70, 0x11,
    0x11, 0x11, 0xf9, 0x11, 0x4c, 0x0, 0x3f, 0x56,
    0xff, 0xff, 0xff, 0xff, 0xfe, 0x4f, 0x80, 0x5f,
    0x32, 0x66, 0x66, 0x66, 0xfb, 0x65, 0xa, 0xf3,
    0x7f, 0x0, 0x1, 0x0, 0x0, 0xf9, 0x0, 0x1,
    0xed, 0xbd, 0x0, 0x4f, 0x40, 0x0, 0xf9, 0x0,
    0x0, 0x6f, 0xfa, 0x0, 0xe, 0xc0, 0x0, 0xf9,
    0x0, 0x0, 0xc, 0xf6, 0x0, 0x7, 0xf4, 0x0,
    0xf9, 0x0, 0x0, 0x8, 0xf9, 0x0, 0x1, 0xfb,
    0x0, 0xf9, 0x0, 0x0, 0xe, 0xff, 0x20, 0x0,
    0xaf, 0x20, 0xf9, 0x0, 0x0, 0x4f, 0x9f, 0xa0,
    0x0, 0x48, 0x10, 0xf9, 0x0, 0x0, 0xce, 0xa,
    0xf2, 0x0, 0x0, 0x0, 0xf9, 0x0, 0x7, 0xf6,
    0x3, 0xb0, 0x0, 0x0, 0x0, 0xf9, 0x0, 0x4f,
    0xc0, 0x0, 0x0, 0x0, 0x0, 0x0, 0xf9, 0x0,
    0xce, 0x10, 0x0, 0x0, 0x0, 0xc, 0xaa, 0xf8,
    0x0, 0x22, 0x0, 0x0, 0x0, 0x0, 0xa, 0xdf,
    0xd1, 0x0,

    /* U+5C06 "将" */
    0x0, 0x0, 0x0, 0x0, 0x0, 0x2, 0x0, 0x0,
    0x0, 0x0, 0x0, 0x7, 0xf1, 0x0, 0x2, 0xff,
    0xff, 0xff, 0xf0, 0x0, 0x20, 0x7f, 0x10, 0x1,
    0xd8, 0x55, 0x55, 0xfd, 0x0, 0xcb, 0x7, 0xf1,
    0x3, 0xef, 0x40, 0x0, 0x8f, 0x50, 0x9, 0xf0,
    0x7f, 0x14, 0xfe, 0xff, 0x30, 0x4f, 0xa0, 0x0,
    0x6f, 0x37, 0xf1, 0x7, 0x5, 0xe1, 0x5f, 0xc0,
    0x0, 0x2, 0xf7, 0x7f, 0x10, 0x0, 0x2, 0x9f,
    0xb1, 0x0, 0x0, 0xe, 0xb7, 0xf1, 0x0, 0x28,
    0xff, 0x70, 0x0, 0x0, 0x0, 0x51, 0x7f, 0x13,
    0xcf, 0xe8, 0x10, 0xc, 0x60, 0x0, 0x0, 0x8,
    0xf1, 0x7, 0x40, 0x0, 0x1, 0xf7, 0x0, 0x0,
    0x7, 0xff, 0x1f, 0xff, 0xff, 0xff, 0xff, 0xff,
    0xe0, 0x2b, 0xfe, 0xf1, 0x77, 0x77, 0x77, 0x77,
    0xfb, 0x77, 0x1f, 0xf6, 0x7f, 0x10, 0x4, 0x10,
    0x0, 0x1f, 0x70, 0x0, 0x93, 0x7, 0xf1, 0x1,
    0xfc, 0x0, 0x1, 0xf7, 0x0, 0x0, 0x0, 0x7f,
    0x10, 0x6, 0xf7, 0x0, 0x1f, 0x70, 0x0, 0x0,
    0x7, 0xf1, 0x0, 0xc, 0xb0, 0x1, 0xf7, 0x0,
    0x0, 0x0, 0x7f, 0x10, 0x0, 0x10, 0x0, 0x1f,
    0x70, 0x0, 0x0, 0x7, 0xf1, 0x0, 0x0, 0x3b,
    0xac, 0xf6, 0x0, 0x0, 0x0, 0x7f, 0x10, 0x0,
    0x1, 0xde, 0xfb, 0x0, 0x0,

    /* U+5C0F "小" */
    0x0, 0x0, 0x0, 0x0, 0x8f, 0x0, 0x0, 0x0,
    0x0, 0x0, 0x0, 0x0, 0x0, 0x8f, 0x0, 0x0,
    0x0, 0x0, 0x0, 0x0, 0x0, 0x0, 0x8f, 0x0,
    0x0, 0x0, 0x0, 0x0, 0x0, 0x0, 0x0, 0x8f,
    0x0, 0x0, 0x0, 0x0, 0x0, 0x4, 0xe3, 0x0,
    0x8f, 0x0, 0x2d, 0x70, 0x0, 0x0, 0x8, 0xf1,
    0x0, 0x8f, 0x0, 0xd, 0xe0, 0x0, 0x0, 0xc,
    0xd0, 0x0, 0x8f, 0x0, 0x6, 0xf5, 0x0, 0x0,
    0x2f, 0x80, 0x0, 0x8f, 0x0, 0x0, 0xfc, 0x0,
    0x0, 0x7f, 0x30, 0x0, 0x8f, 0x0, 0x0, 0x9f,
    0x30, 0x0, 0xde, 0x0, 0x0, 0x8f, 0x0, 0x0,
    0x3f, 0x90, 0x4, 0xf8, 0x0, 0x0, 0x8f, 0x0,
    0x0, 0xd, 0xe0, 0xc, 0xf2, 0x0, 0x0, 0x8f,
    0x0, 0x0, 0x8, 0xf4, 0x4f, 0xb0, 0x0, 0x0,
    0x8f, 0x0, 0x0, 0x4, 0xf9, 0x6f, 0x30, 0x0,
    0x0, 0x8f, 0x0, 0x0, 0x0, 0xfb, 0x2, 0x0,
    0x0, 0x0, 0x8f, 0x0, 0x0, 0x0, 0x20, 0x0,
    0x0, 0x0, 0x0, 0x8f, 0x0, 0x0, 0x0, 0x0,
    0x0, 0x0, 0x6b, 0x98, 0xdf, 0x0, 0x0, 0x0,
    0x0, 0x0, 0x0, 0x4c, 0xdf, 0xf8, 0x0, 0x0,
    0x0, 0x0,

    /* U+5C31 "就" */
    0x0, 0x0, 0x0, 0x0, 0x0, 0x0, 0x0, 0x0,
    0x0, 0x0, 0x0, 0x0, 0x8c, 0x0, 0x0, 0x0,
    0x4f, 0x30, 0x20, 0x0, 0x0, 0x11, 0x7f, 0x51,
    0x11, 0x0, 0x4f, 0x36, 0xf4, 0x0, 0xa, 0xff,
    0xff, 0xff, 0xff, 0x0, 0x4f, 0x30, 0xcd, 0x0,
    0x4, 0x66, 0x66, 0x66, 0x66, 0x0, 0x4f, 0x30,
    0x11, 0x0, 0x0, 0x0, 0x0, 0x0, 0x0, 0x9a,
    0xbf, 0xba, 0xaa, 0x70, 0x0, 0xff, 0xff, 0xff,
    0xf4, 0xcd, 0xef, 0xdd, 0xdd, 0x90, 0x0, 0xfb,
    0x77, 0x78, 0xf4, 0x0, 0x6f, 0x10, 0x0, 0x0,
    0x0, 0xf7, 0x0, 0x3, 0xf4, 0x0, 0x7f, 0x0,
    0x0, 0x0, 0x0, 0xf7, 0x0, 0x3, 0xf4, 0x0,
    0x8f, 0x6f, 0x10, 0x0, 0x0, 0xff, 0xff, 0xff,
    0xf4, 0x0, 0xad, 0x6f, 0x10, 0x0, 0x0, 0x77,
    0x8f, 0xa7, 0x72, 0x0, 0xda, 0x6f, 0x10, 0x0,
    0x0, 0x10, 0x2f, 0x50, 0x10, 0x1, 0xf7, 0x6f,
    0x10, 0x0, 0x0, 0x9d, 0x2f, 0x5b, 0xc0, 0x6,
    0xf2, 0x6f, 0x10, 0x0, 0x0, 0xf9, 0x2f, 0x56,
    0xf4, 0xc, 0xd0, 0x6f, 0x10, 0x0, 0x8, 0xf2,
    0x2f, 0x50, 0xea, 0x3f, 0x70, 0x6f, 0x14, 0xe1,
    0xe, 0x90, 0x2f, 0x50, 0x62, 0xde, 0x0, 0x6f,
    0x16, 0xf0, 0x3, 0x19, 0xbf, 0x40, 0x9, 0xf5,
    0x0, 0x5f, 0x9d, 0xc0, 0x0, 0xc, 0xfb, 0x0,
    0x5, 0x80, 0x0, 0x1c, 0xfd, 0x40, 0x0, 0x0,
    0x0, 0x0, 0x0, 0x0, 0x0, 0x0, 0x0, 0x0,

    /* U+5C3A "尺" */
    0x0, 0x7, 0xff, 0xff, 0xff, 0xff, 0xff, 0xff,
    0xf1, 0x0, 0x0, 0x7f, 0x87, 0x77, 0x77, 0x77,
    0x77, 0xbf, 0x10, 0x0, 0x7, 0xf1, 0x0, 0x0,
    0x0, 0x0, 0x7, 0xf1, 0x0, 0x0, 0x7f, 0x10,
    0x0, 0x0, 0x0, 0x0, 0x7f, 0x10, 0x0, 0x7,
    0xf1, 0x0, 0x0, 0x0, 0x0, 0x7, 0xf1, 0x0,
    0x0, 0x7f, 0x10, 0x0, 0x0, 0x0, 0x0, 0x7f,
    0x10, 0x0, 0x7, 0xf9, 0x88, 0x88, 0x88, 0x88,
    0x8c, 0xf1, 0x0, 0x0, 0x7f, 0xff, 0xff, 0xff,
    0xff, 0xff, 0xff, 0x10, 0x0, 0x8, 0xf0, 0x0,
    0x0, 0xf8, 0x0, 0x0, 0x20, 0x0, 0x0, 0xaf,
    0x0, 0x0, 0xa, 0xe0, 0x0, 0x0, 0x0, 0x0,
    0xc, 0xe0, 0x0, 0x0, 0x3f, 0x80, 0x0, 0x0,
    0x0, 0x0, 0xfb, 0x0, 0x0, 0x0, 0x9f, 0x40,
    0x0, 0x0, 0x0, 0x5f, 0x70, 0x0, 0x0, 0x0,
    0xdf, 0x40, 0x0, 0x0, 0xc, 0xf2, 0x0, 0x0,
    0x0, 0x1, 0xef, 0x70, 0x0, 0x3, 0xfc, 0x0,
    0x0, 0x0, 0x0, 0x1, 0xdf, 0xc3, 0x0, 0xcf,
    0x40, 0x0, 0x0, 0x0, 0x0, 0x0, 0x9f, 0xf8,
    0x8, 0xa0, 0x0, 0x0, 0x0, 0x0, 0x0, 0x0,
    0x4c, 0x20, 0x0, 0x0, 0x0, 0x0, 0x0, 0x0,
    0x0, 0x0, 0x0,

    /* U+5C40 "局" */
    0x0, 0x9f, 0xff, 0xff, 0xff, 0xff, 0xff, 0xff,
    0xff, 0x20, 0x9, 0xf5, 0x55, 0x55, 0x55, 0x55,
    0x55, 0x59, 0xf2, 0x0, 0x9f, 0x0, 0x0, 0x0,
    0x0, 0x0, 0x0, 0x6f, 0x20, 0x9, 0xf0, 0x0,
    0x0, 0x0, 0x0, 0x0, 0x7, 0xf2, 0x0, 0x9f,
    0xff, 0xff, 0xff, 0xff, 0xff, 0xff, 0xff, 0x20,
    0x9, 0xf6, 0x66, 0x66, 0x66, 0x66, 0x66, 0x66,
    0x60, 0x0, 0x9f, 0x0, 0x0, 0x0, 0x0, 0x0,
    0x0, 0x0, 0x0, 0x9, 0xff, 0xff, 0xff, 0xff,
    0xff, 0xff, 0xff, 0xf3, 0x0, 0x9f, 0x66, 0x66,
    0x66, 0x66, 0x66, 0x66, 0x8f, 0x30, 0x9, 0xf0,
    0x1, 0x11, 0x11, 0x11, 0x10, 0x4, 0xf3, 0x0,
    0xbe, 0x9, 0xff, 0xff, 0xff, 0xff, 0x0, 0x5f,
    0x20, 0xd, 0xc0, 0x9f, 0x55, 0x55, 0x5a, 0xf0,
    0x5, 0xf2, 0x0, 0xfa, 0x9, 0xe0, 0x0, 0x0,
    0x7f, 0x0, 0x6f, 0x10, 0x3f, 0x80, 0x9e, 0x33,
    0x33, 0x39, 0xf0, 0x7, 0xf1, 0x7, 0xf4, 0x9,
    0xff, 0xff, 0xff, 0xff, 0x0, 0x8f, 0x0, 0xcf,
    0x0, 0x13, 0x33, 0x33, 0x33, 0x30, 0xa, 0xe0,
    0x2f, 0xa0, 0x0, 0x0, 0x0, 0x0, 0x38, 0x77,
    0xfa, 0x2, 0xc4, 0x0, 0x0, 0x0, 0x0, 0x2,
    0xff, 0xfd, 0x20, 0x0, 0x0, 0x0, 0x0, 0x0,
    0x0, 0x0, 0x0, 0x0, 0x0,

    /* U+5C4F "屏" */
    0x0, 0x7f, 0xff, 0xff, 0xff, 0xff, 0xff, 0xff,
    0xff, 0x20, 0x7, 0xf6, 0x55, 0x55, 0x55, 0x55,
    0x55, 0x59, 0xf2, 0x0, 0x7f, 0x10, 0x0, 0x0,
    0x0, 0x0, 0x0, 0x6f, 0x20, 0x7, 0xf7, 0x77,
    0x77, 0x77, 0x77, 0x77, 0x7a, 0xf2, 0x0, 0x7f,
    0xff, 0xff, 0xff, 0xff, 0xff, 0xff, 0xff, 0x20,
    0x7, 0xf1, 0x0, 0x34, 0x0, 0x0, 0x5, 0x50,
    0x0, 0x0, 0x7f, 0x10, 0xc, 0xf2, 0x0, 0x1,
    0xfc, 0x0, 0x0, 0x7, 0xf1, 0x45, 0x7f, 0xd5,
    0x55, 0xaf, 0x85, 0x50, 0x0, 0x7f, 0x1d, 0xff,
    0xff, 0xff, 0xff, 0xff, 0xff, 0x10, 0x8, 0xf0,
    0x0, 0xb, 0xc0, 0x0, 0xaf, 0x0, 0x0, 0x0,
    0x9f, 0x0, 0x0, 0xbc, 0x0, 0x9, 0xf0, 0x0,
    0x0, 0xc, 0xe1, 0x66, 0x6d, 0xd6, 0x66, 0xcf,
    0x66, 0x63, 0x0, 0xeb, 0x3f, 0xff, 0xff, 0xff,
    0xff, 0xff, 0xff, 0xa0, 0x2f, 0x90, 0x11, 0x5f,
    0x71, 0x11, 0xaf, 0x11, 0x11, 0x7, 0xf5, 0x0,
    0xc, 0xf2, 0x0, 0x9, 0xf0, 0x0, 0x0, 0xcf,
    0x10, 0x3c, 0xf9, 0x0, 0x0, 0x9f, 0x0, 0x0,
    0x2f, 0xb0, 0x6f, 0xfa, 0x0, 0x0, 0x9, 0xf0,
    0x0, 0x1, 0xa5, 0x1, 0xa5, 0x0, 0x0, 0x0,
    0x9f, 0x0, 0x0, 0x0, 0x0, 0x0, 0x0, 0x0,
    0x0, 0x0, 0x0, 0x0, 0x0,

    /* U+5C5E "属" */
    0x0, 0x7f, 0xff, 0xff, 0xff, 0xff, 0xff, 0xff,
    0xff, 0x30, 0x7, 0xf6, 0x55, 0x55, 0x55, 0x55,
    0x55, 0x58, 0xf3, 0x0, 0x7f, 0x32, 0x22, 0x22,
    0x22, 0x22, 0x22, 0x6f, 0x30, 0x7, 0xff, 0xff,
    0xff, 0xff, 0xff, 0xff, 0xff, 0xf3, 0x0, 0x7f,
    0x54, 0x44, 0x44, 0x55, 0x66, 0x77, 0x85, 0x0,
    0x7, 0xf7, 0xee, 0xff, 0xff, 0xff, 0xff, 0xff,
    0xa0, 0x0, 0x7f, 0x24, 0x44, 0x44, 0xae, 0x21,
    0x0, 0x0, 0x0, 0x7, 0xf1, 0xef, 0xff, 0xff,
    0xff, 0xff, 0xff, 0x30, 0x0, 0x7f, 0x1e, 0xa3,
    0x33, 0xaf, 0x33, 0x37, 0xf3, 0x0, 0x8, 0xf0,
    0xea, 0x33, 0x3a, 0xf3, 0x33, 0x7f, 0x30, 0x0,
    0x9f, 0xe, 0xff, 0xff, 0xff, 0xff, 0xff, 0xf3,
    0x0, 0xc, 0xd0, 0x11, 0x11, 0x19, 0xe1, 0x11,
    0x11, 0x10, 0x0, 0xeb, 0xaf, 0xff, 0xff, 0xff,
    0xff, 0xff, 0xff, 0x20, 0x2f, 0x9a, 0xc1, 0x11,
    0x19, 0xe1, 0x38, 0x17, 0xf2, 0x6, 0xf5, 0xac,
    0x2, 0x34, 0xbf, 0x7a, 0xf7, 0x6f, 0x20, 0xcf,
    0x1a, 0xc8, 0xff, 0xff, 0xdb, 0xaa, 0xd6, 0xf2,
    0x2f, 0xb0, 0xac, 0x24, 0x20, 0x0, 0x1, 0x66,
    0xcf, 0x11, 0xa5, 0xa, 0xc0, 0x0, 0x0, 0x0,
    0x1f, 0xfe, 0x80, 0x0, 0x0, 0x0, 0x0, 0x0,
    0x0, 0x0, 0x0, 0x0, 0x0,

    /* U+5CF0 "峰" */
    0x0, 0x0, 0x0, 0x0, 0x0, 0x21, 0x0, 0x0,
    0x0, 0x0, 0x0, 0xf7, 0x0, 0x0, 0xd, 0xa0,
    0x0, 0x0, 0x0, 0x0, 0xf, 0x70, 0x0, 0x6,
    0xfe, 0xdd, 0xdd, 0x80, 0x0, 0x0, 0xf7, 0x0,
    0x3, 0xfb, 0x77, 0x79, 0xf8, 0x0, 0x7e, 0xf,
    0x77, 0xe3, 0xef, 0xe3, 0x0, 0xce, 0x0, 0x7,
    0xe0, 0xf7, 0x7e, 0x5b, 0x2d, 0xf7, 0xdf, 0x30,
    0x0, 0x7e, 0xf, 0x77, 0xe0, 0x0, 0x1e, 0xff,
    0x80, 0x0, 0x7, 0xe0, 0xf7, 0x7e, 0x2, 0x9e,
    0xfb, 0xef, 0xe9, 0x30, 0x7e, 0xf, 0x77, 0xe2,
    0xff, 0x92, 0x74, 0x6c, 0xfb, 0x7, 0xe0, 0xf7,
    0x7e, 0x5, 0x21, 0x1f, 0x81, 0x13, 0x10, 0x7e,
    0xf, 0x77, 0xe0, 0xcf, 0xff, 0xff, 0xff, 0xf1,
    0x7, 0xe0, 0xf7, 0x7e, 0x2, 0x33, 0x3f, 0x93,
    0x33, 0x0, 0x7e, 0xf, 0x77, 0xe0, 0x16, 0x66,
    0xfb, 0x66, 0x50, 0x7, 0xe0, 0xf7, 0x7e, 0x3,
    0xcc, 0xcf, 0xec, 0xc9, 0x0, 0x7e, 0xf, 0x79,
    0xe0, 0x0, 0x0, 0xf7, 0x0, 0x0, 0x7, 0xe3,
    0xff, 0xfe, 0x5d, 0xdd, 0xdf, 0xed, 0xdd, 0xa0,
    0x7f, 0xfc, 0x78, 0xd3, 0x88, 0x88, 0xfc, 0x88,
    0x86, 0x1, 0x72, 0x0, 0x0, 0x0, 0x0, 0xf,
    0x70, 0x0, 0x0, 0x0, 0x0, 0x0, 0x0, 0x0,
    0x0, 0xf7, 0x0, 0x0, 0x0,

    /* U+5DE1 "巡" */
    0x0, 0x70, 0x0, 0x0, 0x12, 0x0, 0x12, 0x0,
    0x12, 0x0, 0x7, 0xfc, 0x10, 0x0, 0x6f, 0x30,
    0x8f, 0x20, 0x8f, 0x10, 0x0, 0x7f, 0xd0, 0x0,
    0xce, 0x0, 0xdd, 0x0, 0xec, 0x0, 0x0, 0x7,
    0x80, 0x2, 0xf8, 0x3, 0xf7, 0x3, 0xf6, 0x0,
    0x0, 0x0, 0x0, 0x8, 0xf2, 0x9, 0xf1, 0xa,
    0xf1, 0x0, 0x0, 0x0, 0x0, 0x1f, 0xb0, 0x1f,
    0x90, 0x1f, 0x90, 0x0, 0x3, 0x33, 0x30, 0x7f,
    0x30, 0x8f, 0x20, 0x8f, 0x20, 0x0, 0xf, 0xff,
    0xe0, 0xce, 0x0, 0xce, 0x0, 0xde, 0x0, 0x0,
    0x4, 0x4b, 0xe0, 0x6f, 0x40, 0x6f, 0x60, 0x7f,
    0x50, 0x0, 0x0, 0xa, 0xe0, 0xf, 0xb0, 0xe,
    0xd0, 0xe, 0xc0, 0x0, 0x0, 0xa, 0xe0, 0x9,
    0xf2, 0x6, 0xf4, 0x8, 0xf3, 0x0, 0x0, 0xa,
    0xe0, 0x3, 0xf8, 0x0, 0xfb, 0x1, 0xfa, 0x0,
    0x0, 0xa, 0xe0, 0x0, 0xdd, 0x0, 0xaf, 0x10,
    0xcf, 0x0, 0x0, 0xa, 0xe0, 0x0, 0x8f, 0x30,
    0x5f, 0x70, 0x6f, 0x60, 0x0, 0xa, 0xe0, 0x0,
    0x39, 0x10, 0x8, 0x0, 0x1a, 0x20, 0x0, 0x5e,
    0xfd, 0x51, 0x0, 0x0, 0x0, 0x0, 0x0, 0x0,
    0xa, 0xfc, 0x3c, 0xff, 0xed, 0xcc, 0xcb, 0xbb,
    0xbb, 0xa0, 0x8, 0xc0, 0x0, 0x38, 0xbd, 0xef,
    0xff, 0xff, 0xff, 0x80, 0x0, 0x0, 0x0, 0x0,
    0x0, 0x0, 0x0, 0x0, 0x0, 0x0,

    /* U+5DE5 "工" */
    0x1, 0x11, 0x11, 0x11, 0x11, 0x11, 0x11, 0x11,
    0x10, 0x2f, 0xff, 0xff, 0xff, 0xff, 0xff, 0xff,
    0xff, 0xf0, 0x6, 0x66, 0x66, 0x66, 0xfc, 0x66,
    0x66, 0x66, 0x60, 0x0, 0x0, 0x0, 0x0, 0xf9,
    0x0, 0x0, 0x0, 0x0, 0x0, 0x0, 0x0, 0x0,
    0xf9, 0x0, 0x0, 0x0, 0x0, 0x0, 0x0, 0x0,
    0x0, 0xf9, 0x0, 0x0, 0x0, 0x0, 0x0, 0x0,
    0x0, 0x0, 0xf9, 0x0, 0x0, 0x0, 0x0, 0x0,
    0x0, 0x0, 0x0, 0xf9, 0x0, 0x0, 0x0, 0x0,
    0x0, 0x0, 0x0, 0x0, 0xf9, 0x0, 0x0, 0x0,
    0x0, 0x0, 0x0, 0x0, 0x0, 0xf9, 0x0, 0x0,
    0x0, 0x0, 0x0, 0x0, 0x0, 0x0, 0xf9, 0x0,
    0x0, 0x0, 0x0, 0x0, 0x0, 0x0, 0x0, 0xf9,
    0x0, 0x0, 0x0, 0x0, 0x0, 0x0, 0x0, 0x0,
    0xf9, 0x0, 0x0, 0x0, 0x0, 0x0, 0x0, 0x0,
    0x0, 0xf9, 0x0, 0x0, 0x0, 0x0, 0x0, 0x0,
    0x0, 0x0, 0xf9, 0x0, 0x0, 0x0, 0x0, 0x45,
    0x55, 0x55, 0x55, 0xfb, 0x55, 0x55, 0x55, 0x53,
    0xef, 0xff, 0xff, 0xff, 0xff, 0xff, 0xff, 0xff,
    0xfb, 0x22, 0x22, 0x22, 0x22, 0x22, 0x22, 0x22,
    0x22, 0x21,

    /* U+5DEE "差" */
    0x0, 0x0, 0x3, 0x0, 0x0, 0x0, 0x31, 0x0,
    0x0, 0x0, 0x0, 0x7f, 0x60, 0x0, 0x2, 0xfd,
    0x0, 0x0, 0x2, 0x33, 0x4e, 0xf4, 0x33, 0x3b,
    0xf6, 0x33, 0x30, 0xc, 0xff, 0xff, 0xff, 0xff,
    0xff, 0xff, 0xff, 0xf3, 0x3, 0x44, 0x44, 0x44,
    0xcf, 0x44, 0x44, 0x44, 0x40, 0x0, 0x0, 0x0,
    0x0, 0xec, 0x0, 0x0, 0x0, 0x0, 0x4, 0xff,
    0xff, 0xff, 0xff, 0xff, 0xff, 0xff, 0x90, 0x1,
    0x66, 0x66, 0x6c, 0xf7, 0x66, 0x66, 0x66, 0x30,
    0x0, 0x0, 0x0, 0x1f, 0xb0, 0x0, 0x0, 0x0,
    0x0, 0x4f, 0xff, 0xff, 0xff, 0xff, 0xff, 0xff,
    0xff, 0xfc, 0x28, 0x88, 0x8b, 0xfc, 0x88, 0x88,
    0x88, 0x88, 0x86, 0x0, 0x0, 0x1e, 0xf2, 0x0,
    0x0, 0x0, 0x0, 0x0, 0x0, 0x1, 0xdf, 0xc7,
    0x77, 0x77, 0x77, 0x77, 0x50, 0x0, 0x3e, 0xff,
    0xff, 0xff, 0xff, 0xff, 0xff, 0xb0, 0x19, 0xff,
    0x60, 0x0, 0xc, 0xc0, 0x0, 0x0, 0x0, 0x7f,
    0xb2, 0x0, 0x0, 0xc, 0xc0, 0x0, 0x0, 0x0,
    0x3, 0x35, 0x55, 0x55, 0x5d, 0xd5, 0x55, 0x55,
    0x53, 0x0, 0xbf, 0xff, 0xff, 0xff, 0xff, 0xff,
    0xff, 0xfb, 0x0, 0x12, 0x22, 0x22, 0x22, 0x22,
    0x22, 0x22, 0x21,

    /* U+5DF1 "己" */
    0x5f, 0xff, 0xff, 0xff, 0xff, 0xff, 0xff, 0x80,
    0x2, 0x77, 0x77, 0x77, 0x77, 0x77, 0x78, 0xf8,
    0x0, 0x0, 0x0, 0x0, 0x0, 0x0, 0x0, 0xf,
    0x80, 0x0, 0x0, 0x0, 0x0, 0x0, 0x0, 0x0,
    0xf8, 0x0, 0x0, 0x0, 0x0, 0x0, 0x0, 0x0,
    0xf, 0x80, 0x0, 0x0, 0x0, 0x0, 0x0, 0x0,
    0x0, 0xf8, 0x0, 0x3, 0x33, 0x33, 0x33, 0x33,
    0x33, 0x4f, 0x80, 0x1, 0xff, 0xff, 0xff, 0xff,
    0xff, 0xff, 0xf8, 0x0, 0x1f, 0x94, 0x44, 0x44,
    0x44, 0x44, 0x4a, 0x50, 0x1, 0xf7, 0x0, 0x0,
    0x0, 0x0, 0x0, 0x0, 0x0, 0x1f, 0x70, 0x0,
    0x0, 0x0, 0x0, 0x0, 0x0, 0x1, 0xf7, 0x0,
    0x0, 0x0, 0x0, 0x0, 0x0, 0x0, 0x1f, 0x70,
    0x0, 0x0, 0x0, 0x0, 0x0, 0x6, 0x1, 0xf7,
    0x0, 0x0, 0x0, 0x0, 0x0, 0x0, 0xeb, 0x1f,
    0x70, 0x0, 0x0, 0x0, 0x0, 0x0, 0xf, 0x91,
    0xf8, 0x0, 0x0, 0x0, 0x0, 0x0, 0x3, 0xf6,
    0xf, 0xfa, 0x88, 0x77, 0x78, 0x88, 0x9b, 0xef,
    0x10, 0x4b, 0xde, 0xff, 0xff, 0xff, 0xfe, 0xdb,
    0x60,

    /* U+5DF2 "已" */
    0x11, 0x11, 0x11, 0x11, 0x11, 0x11, 0x11, 0x0,
    0xe, 0xff, 0xff, 0xff, 0xff, 0xff, 0xff, 0xf7,
    0x0, 0x56, 0x66, 0x66, 0x66, 0x66, 0x66, 0x7f,
    0x70, 0x0, 0x0, 0x0, 0x0, 0x0, 0x0, 0x1,
    0xf7, 0x0, 0x8, 0x30, 0x0, 0x0, 0x0, 0x0,
    0x1f, 0x70, 0x1, 0xf7, 0x0, 0x0, 0x0, 0x0,
    0x1, 0xf7, 0x0, 0x1f, 0x70, 0x0, 0x0, 0x0,
    0x0, 0x1f, 0x70, 0x1, 0xff, 0xff, 0xff, 0xff,
    0xff, 0xff, 0xf7, 0x0, 0x1f, 0xc8, 0x88, 0x88,
    0x88, 0x88, 0x9f, 0x70, 0x1, 0xf7, 0x0, 0x0,
    0x0, 0x0, 0x1, 0xd6, 0x0, 0x1f, 0x70, 0x0,
    0x0, 0x0, 0x0, 0x0, 0x0, 0x1, 0xf7, 0x0,
    0x0, 0x0, 0x0, 0x0, 0x0, 0x0, 0x1f, 0x70,
    0x0, 0x0, 0x0, 0x0, 0x0, 0x7, 0x41, 0xf7,
    0x0, 0x0, 0x0, 0x0, 0x0, 0x0, 0xcc, 0x1f,
    0x70, 0x0, 0x0, 0x0, 0x0, 0x0, 0xf, 0x91,
    0xf8, 0x0, 0x0, 0x0, 0x0, 0x0, 0x5, 0xf5,
    0xf, 0xfb, 0xa9, 0x99, 0x99, 0x99, 0xbd, 0xfe,
    0x0, 0x3b, 0xef, 0xff, 0xff, 0xff, 0xed, 0xb9,
    0x20,

    /* U+5E26 "带" */
    0x0, 0x0, 0x0, 0x0, 0x10, 0x0, 0x1, 0x0,
    0x0, 0x0, 0x7, 0xf1, 0x0, 0xea, 0x0, 0x1f,
    0x70, 0x0, 0x12, 0x28, 0xf3, 0x22, 0xea, 0x22,
    0x3f, 0x82, 0x21, 0x8f, 0xff, 0xff, 0xff, 0xff,
    0xff, 0xff, 0xff, 0xf8, 0x25, 0x5a, 0xf6, 0x55,
    0xfc, 0x55, 0x6f, 0xa5, 0x52, 0x0, 0x7, 0xf1,
    0x0, 0xea, 0x0, 0x1f, 0x70, 0x0, 0x0, 0x6,
    0xc0, 0x0, 0xa7, 0x0, 0xc, 0x60, 0x0, 0x9f,
    0xff, 0xff, 0xff, 0xff, 0xff, 0xff, 0xff, 0xf7,
    0x9f, 0x77, 0x77, 0x77, 0x77, 0x77, 0x77, 0x77,
    0xf8, 0x9f, 0x0, 0x0, 0x0, 0xb6, 0x0, 0x0,
    0x0, 0xf8, 0x6b, 0x0, 0x0, 0x0, 0xf9, 0x0,
    0x0, 0x0, 0xa5, 0x0, 0x8f, 0xff, 0xff, 0xff,
    0xff, 0xff, 0xf4, 0x0, 0x0, 0x9f, 0x77, 0x77,
    0xfc, 0x77, 0x77, 0xf4, 0x0, 0x0, 0x9f, 0x0,
    0x0, 0xf9, 0x0, 0x1, 0xf4, 0x0, 0x0, 0x9f,
    0x0, 0x0, 0xf9, 0x0, 0x1, 0xf4, 0x0, 0x0,
    0x9f, 0x0, 0x0, 0xf9, 0x1, 0x2, 0xf4, 0x0,
    0x0, 0x9f, 0x0, 0x0, 0xf9, 0xf, 0xff, 0xf1,
    0x0, 0x0, 0x59, 0x0, 0x0, 0xf9, 0x5, 0x77,
    0x30, 0x0, 0x0, 0x0, 0x0, 0x0, 0xf9, 0x0,
    0x0, 0x0, 0x0,

    /* U+5E2E "帮" */
    0x0, 0x0, 0x7f, 0x0, 0x0, 0x6e, 0xee, 0xee,
    0xe7, 0xf, 0xff, 0xff, 0xff, 0xfb, 0x7f, 0x66,
    0x6a, 0xf5, 0x6, 0x66, 0xaf, 0x66, 0x64, 0x7f,
    0x0, 0x1e, 0xb0, 0x3, 0x77, 0xbf, 0x77, 0x72,
    0x7f, 0x0, 0xce, 0x10, 0x6, 0xff, 0xff, 0xff,
    0xf4, 0x7f, 0x1, 0xdd, 0x20, 0x0, 0x0, 0xdb,
    0x0, 0x0, 0x7f, 0x0, 0xb, 0xe1, 0x3f, 0xff,
    0xff, 0xff, 0xfe, 0x7f, 0x0, 0x1, 0xf7, 0x17,
    0x9f, 0xe7, 0x77, 0x76, 0x7f, 0x6, 0x68, 0xf7,
    0x6, 0xef, 0x40, 0x0, 0x0, 0x7f, 0x9, 0xee,
    0xa0, 0x4f, 0xc3, 0x0, 0x0, 0x7d, 0x36, 0x0,
    0x0, 0x0, 0x3, 0x88, 0x88, 0x88, 0xcf, 0x98,
    0x88, 0x88, 0x50, 0x2, 0xff, 0xff, 0xff, 0xff,
    0xff, 0xff, 0xff, 0xa0, 0x2, 0xf7, 0x0, 0x0,
    0x9f, 0x10, 0x0, 0xe, 0xa0, 0x2, 0xf7, 0x0,
    0x0, 0x9f, 0x10, 0x0, 0xe, 0xa0, 0x2, 0xf7,
    0x0, 0x0, 0x9f, 0x10, 0x0, 0xf, 0xa0, 0x2,
    0xf7, 0x0, 0x0, 0x9f, 0x10, 0xe, 0xff, 0x70,
    0x1, 0x94, 0x0, 0x0, 0x9f, 0x10, 0x5, 0x96,
    0x0, 0x0, 0x0, 0x0, 0x0, 0x9f, 0x10, 0x0,
    0x0, 0x0,

    /* U+5E38 "常" */
    0x0, 0x6, 0x70, 0x0, 0xfa, 0x0, 0x7, 0x50,
    0x0, 0x0, 0x9, 0xf3, 0x0, 0xfa, 0x0, 0x4f,
    0x90, 0x0, 0x25, 0x57, 0xfc, 0x55, 0xfc, 0x55,
    0xdf, 0x65, 0x52, 0x8f, 0xff, 0xff, 0xff, 0xff,
    0xff, 0xff, 0xff, 0xf7, 0x8f, 0x0, 0x0, 0x0,
    0x0, 0x0, 0x0, 0x1, 0xf7, 0x7e, 0x2, 0x66,
    0x66, 0x66, 0x66, 0x66, 0x11, 0xe7, 0x0, 0x6,
    0xfd, 0xdd, 0xdd, 0xdd, 0xef, 0x30, 0x0, 0x0,
    0x6, 0xf1, 0x0, 0x0, 0x0, 0x4f, 0x30, 0x0,
    0x0, 0x6, 0xf5, 0x44, 0x44, 0x44, 0x7f, 0x30,
    0x0, 0x0, 0x5, 0xff, 0xff, 0xff, 0xff, 0xff,
    0x30, 0x0, 0x0, 0x0, 0x0, 0x0, 0xcc, 0x0,
    0x0, 0x0, 0x0, 0x1, 0xff, 0xff, 0xff, 0xff,
    0xff, 0xff, 0xff, 0x20, 0x1, 0xfa, 0x66, 0x66,
    0xdd, 0x66, 0x66, 0xaf, 0x20, 0x1, 0xf7, 0x0,
    0x0, 0xcc, 0x0, 0x0, 0x7f, 0x20, 0x1, 0xf7,
    0x0, 0x0, 0xcc, 0x0, 0x0, 0x7f, 0x20, 0x1,
    0xf7, 0x0, 0x0, 0xcc, 0x0, 0xa9, 0xdf, 0x10,
    0x1, 0xd6, 0x0, 0x0, 0xcc, 0x0, 0xad, 0xc5,
    0x0, 0x0, 0x0, 0x0, 0x0, 0xcc, 0x0, 0x0,
    0x0, 0x0,

    /* U+5E45 "幅" */
    0x0, 0xe, 0x60, 0x0, 0xff, 0xff, 0xff, 0xff,
    0xfb, 0x0, 0xe, 0x60, 0x0, 0x66, 0x66, 0x66,
    0x66, 0x64, 0x38, 0x8f, 0xb8, 0x81, 0x0, 0x0,
    0x0, 0x0, 0x0, 0x7f, 0xff, 0xff, 0xf3, 0x5f,
    0xff, 0xff, 0xff, 0xf1, 0x7e, 0x1e, 0x73, 0xf3,
    0x5f, 0x76, 0x66, 0x6a, 0xf1, 0x7e, 0xe, 0x62,
    0xf3, 0x5f, 0x20, 0x0, 0x6, 0xf1, 0x7e, 0xe,
    0x62, 0xf3, 0x5f, 0x76, 0x66, 0x6a, 0xf1, 0x7e,
    0xe, 0x62, 0xf3, 0x5f, 0xff, 0xff, 0xff, 0xf1,
    0x7e, 0xe, 0x62, 0xf3, 0x0, 0x0, 0x0, 0x0,
    0x0, 0x7e, 0xe, 0x62, 0xf3, 0xff, 0xff, 0xff,
    0xff, 0xfb, 0x7e, 0xe, 0x62, 0xf3, 0xfb, 0x77,
    0xfb, 0x77, 0xdc, 0x7e, 0xe, 0x62, 0xf3, 0xf8,
    0x0, 0xe7, 0x0, 0xbc, 0x7e, 0xe, 0x8c, 0xf2,
    0xfb, 0x66, 0xfa, 0x66, 0xdc, 0x7e, 0xe, 0x6b,
    0x70, 0xff, 0xee, 0xfe, 0xee, 0xfc, 0x0, 0xe,
    0x60, 0x0, 0xf8, 0x0, 0xe7, 0x0, 0xbc, 0x0,
    0xe, 0x60, 0x0, 0xfb, 0x66, 0xfa, 0x66, 0xdc,
    0x0, 0xe, 0x60, 0x0, 0xff, 0xff, 0xff, 0xff,
    0xfc, 0x0, 0xe, 0x60, 0x0, 0xf8, 0x0, 0x0,
    0x0, 0xbc,

    /* U+5E55 "幕" */
    0xaf, 0xff, 0xff, 0xff, 0xff, 0xff, 0xff, 0xff,
    0xfe, 0x3, 0x55, 0x55, 0xfb, 0x55, 0x55, 0x8f,
    0x75, 0x55, 0x40, 0x0, 0x0, 0xf, 0x90, 0x0,
    0x5, 0xf3, 0x0, 0x0, 0x0, 0x0, 0xee, 0xff,
    0xee, 0xee, 0xff, 0xfe, 0x20, 0x0, 0x0, 0xf,
    0xb7, 0x77, 0x77, 0x77, 0x79, 0xf3, 0x0, 0x0,
    0x0, 0xfe, 0xdd, 0xdd, 0xdd, 0xdd, 0xef, 0x30,
    0x0, 0x0, 0xf, 0xa5, 0x55, 0x55, 0x55, 0x58,
    0xf3, 0x0, 0x0, 0x0, 0xfa, 0x66, 0x66, 0x66,
    0x66, 0x8f, 0x30, 0x0, 0x0, 0xf, 0xff, 0xff,
    0xff, 0xff, 0xff, 0xf2, 0x0, 0x1, 0x22, 0x22,
    0x4f, 0xa2, 0x22, 0x22, 0x22, 0x22, 0x20, 0xaf,
    0xff, 0xff, 0xff, 0xff, 0xff, 0xff, 0xff, 0xfd,
    0x0, 0x11, 0x7f, 0xa1, 0x1b, 0xf1, 0x1b, 0xf7,
    0x11, 0x10, 0x1, 0xaf, 0xff, 0xff, 0xff, 0xff,
    0xff, 0xff, 0x50, 0x7, 0xfe, 0xdf, 0x44, 0x4b,
    0xe4, 0x44, 0x8f, 0xff, 0xe2, 0x79, 0x18, 0xf0,
    0x0, 0x9e, 0x0, 0x6, 0xf2, 0x79, 0x0, 0x0,
    0x8f, 0x0, 0x9, 0xe0, 0x1f, 0xfe, 0x0, 0x0,
    0x0, 0x6, 0xc0, 0x0, 0x9e, 0x0, 0x66, 0x20,
    0x0, 0x0, 0x0, 0x0, 0x0, 0x9, 0xe0, 0x0,
    0x0, 0x0, 0x0,

    /* U+5E72 "干" */
    0xa, 0xff, 0xff, 0xff, 0xff, 0xff, 0xff, 0xff,
    0x40, 0x6, 0x88, 0x88, 0x88, 0xfc, 0x88, 0x88,
    0x88, 0x20, 0x0, 0x0, 0x0, 0x0, 0xf9, 0x0,
    0x0, 0x0, 0x0, 0x0, 0x0, 0x0, 0x0, 0xf9,
    0x0, 0x0, 0x0, 0x0, 0x0, 0x0, 0x0, 0x0,
    0xf9, 0x0, 0x0, 0x0, 0x0, 0x0, 0x0, 0x0,
    0x0, 0xf9, 0x0, 0x0, 0x0, 0x0, 0x0, 0x0,
    0x0, 0x0, 0xf9, 0x0, 0x0, 0x0, 0x0, 0xbf,
    0xff, 0xff, 0xff, 0xff, 0xff, 0xff, 0xff, 0xf4,
    0x57, 0x77, 0x77, 0x77, 0xfc, 0x77, 0x77, 0x77,
    0x72, 0x0, 0x0, 0x0, 0x0, 0xf9, 0x0, 0x0,
    0x0, 0x0, 0x0, 0x0, 0x0, 0x0, 0xf9, 0x0,
    0x0, 0x0, 0x0, 0x0, 0x0, 0x0, 0x0, 0xf9,
    0x0, 0x0, 0x0, 0x0, 0x0, 0x0, 0x0, 0x0,
    0xf9, 0x0, 0x0, 0x0, 0x0, 0x0, 0x0, 0x0,
    0x0, 0xf9, 0x0, 0x0, 0x0, 0x0, 0x0, 0x0,
    0x0, 0x0, 0xf9, 0x0, 0x0, 0x0, 0x0, 0x0,
    0x0, 0x0, 0x0, 0xf9, 0x0, 0x0, 0x0, 0x0,
    0x0, 0x0, 0x0, 0x0, 0xf9, 0x0, 0x0, 0x0,
    0x0,

    /* U+5E73 "平" */
    0xf, 0xff, 0xff, 0xff, 0xff, 0xff, 0xff, 0xff,
    0x90, 0x7, 0x77, 0x77, 0x77, 0xed, 0x77, 0x77,
    0x77, 0x40, 0x0, 0x0, 0x0, 0x0, 0xeb, 0x0,
    0x0, 0x40, 0x0, 0x0, 0xda, 0x0, 0x0, 0xeb,
    0x0, 0x5, 0xf7, 0x0, 0x0, 0xbf, 0x30, 0x0,
    0xeb, 0x0, 0xb, 0xf2, 0x0, 0x0, 0x3f, 0xb0,
    0x0, 0xeb, 0x0, 0x1f, 0xc0, 0x0, 0x0, 0xc,
    0xf1, 0x0, 0xeb, 0x0, 0x9f, 0x60, 0x0, 0x0,
    0x6, 0xf7, 0x0, 0xeb, 0x1, 0xfe, 0x0, 0x0,
    0x0, 0x1, 0xc4, 0x0, 0xeb, 0x0, 0x87, 0x0,
    0x0, 0x11, 0x11, 0x11, 0x11, 0xeb, 0x11, 0x11,
    0x11, 0x10, 0xef, 0xff, 0xff, 0xff, 0xff, 0xff,
    0xff, 0xff, 0xf9, 0x56, 0x66, 0x66, 0x66, 0xec,
    0x66, 0x66, 0x66, 0x63, 0x0, 0x0, 0x0, 0x0,
    0xeb, 0x0, 0x0, 0x0, 0x0, 0x0, 0x0, 0x0,
    0x0, 0xeb, 0x0, 0x0, 0x0, 0x0, 0x0, 0x0,
    0x0, 0x0, 0xeb, 0x0, 0x0, 0x0, 0x0, 0x0,
    0x0, 0x0, 0x0, 0xeb, 0x0, 0x0, 0x0, 0x0,
    0x0, 0x0, 0x0, 0x0, 0xeb, 0x0, 0x0, 0x0,
    0x0, 0x0, 0x0, 0x0, 0x0, 0xeb, 0x0, 0x0,
    0x0, 0x0,

    /* U+5E76 "并" */
    0x0, 0x0, 0x10, 0x0, 0x0, 0x0, 0x10, 0x0,
    0x0, 0x0, 0x2, 0xe8, 0x0, 0x0, 0x0, 0xce,
    0x10, 0x0, 0x0, 0x0, 0xbf, 0x60, 0x0, 0x5,
    0xf9, 0x0, 0x0, 0x0, 0x0, 0xc, 0x80, 0x0,
    0xd, 0xe1, 0x0, 0x0, 0x6, 0x88, 0x88, 0x88,
    0x88, 0xaf, 0xc8, 0x88, 0x80, 0xb, 0xff, 0xff,
    0xff, 0xff, 0xff, 0xff, 0xff, 0xf0, 0x0, 0x0,
    0x1f, 0x80, 0x0, 0x5, 0xf3, 0x0, 0x0, 0x0,
    0x0, 0x1f, 0x80, 0x0, 0x5, 0xf3, 0x0, 0x0,
    0x0, 0x0, 0x1f, 0x80, 0x0, 0x5, 0xf3, 0x0,
    0x0, 0x0, 0x0, 0x1f, 0x80, 0x0, 0x5, 0xf3,
    0x0, 0x0, 0x78, 0x88, 0x8f, 0xc8, 0x88, 0x8b,
    0xfa, 0x88, 0x88, 0xdf, 0xff, 0xff, 0xff, 0xff,
    0xff, 0xff, 0xff, 0xff, 0x0, 0x0, 0x2f, 0x60,
    0x0, 0x5, 0xf3, 0x0, 0x0, 0x0, 0x0, 0x6f,
    0x30, 0x0, 0x5, 0xf3, 0x0, 0x0, 0x0, 0x0,
    0xde, 0x0, 0x0, 0x5, 0xf3, 0x0, 0x0, 0x0,
    0x9, 0xf6, 0x0, 0x0, 0x5, 0xf3, 0x0, 0x0,
    0x0, 0x8f, 0xb0, 0x0, 0x0, 0x5, 0xf3, 0x0,
    0x0, 0x2c, 0xfc, 0x0, 0x0, 0x0, 0x5, 0xf3,
    0x0, 0x0, 0x2f, 0x80, 0x0, 0x0, 0x0, 0x5,
    0xf3, 0x0, 0x0, 0x1, 0x0, 0x0, 0x0, 0x0,
    0x0, 0x0, 0x0, 0x0,

    /* U+5E8F "序" */
    0x0, 0x0, 0x0, 0x0, 0x0, 0x0, 0x0, 0x0,
    0x0, 0x0, 0x0, 0x0, 0x0, 0x0, 0xad, 0x0,
    0x0, 0x0, 0x0, 0x0, 0x37, 0x77, 0x77, 0x7b,
    0xf9, 0x77, 0x77, 0x77, 0x20, 0x7, 0xff, 0xff,
    0xff, 0xff, 0xff, 0xff, 0xff, 0xf4, 0x0, 0x7f,
    0x10, 0x0, 0x0, 0x0, 0x0, 0x0, 0x0, 0x0,
    0x7, 0xf1, 0x18, 0x88, 0x88, 0x88, 0x88, 0x86,
    0x0, 0x0, 0x7f, 0x13, 0xff, 0xff, 0xff, 0xff,
    0xff, 0xc0, 0x0, 0x7, 0xf1, 0x0, 0x0, 0x20,
    0x2, 0xaf, 0xc2, 0x0, 0x0, 0x7f, 0x10, 0x0,
    0x7f, 0x9a, 0xff, 0x80, 0x0, 0x0, 0x7, 0xf1,
    0x0, 0x0, 0x4d, 0xfb, 0x10, 0x0, 0x0, 0x0,
    0x7f, 0x1f, 0xff, 0xff, 0xff, 0xff, 0xff, 0xff,
    0x0, 0x9, 0xf0, 0x77, 0x77, 0x7c, 0xf7, 0x77,
    0x7f, 0xf0, 0x0, 0xae, 0x0, 0x0, 0x0, 0x9f,
    0x0, 0x4, 0xf9, 0x0, 0xd, 0xc0, 0x0, 0x0,
    0x9, 0xf0, 0x0, 0xbf, 0x20, 0x1, 0xf9, 0x0,
    0x0, 0x0, 0x9f, 0x0, 0x7, 0x80, 0x0, 0x6f,
    0x50, 0x0, 0x0, 0x9, 0xf0, 0x0, 0x0, 0x0,
    0xc, 0xf1, 0x0, 0x0, 0x0, 0xaf, 0x0, 0x0,
    0x0, 0x3, 0xfb, 0x0, 0x0, 0x6a, 0x9f, 0xe0,
    0x0, 0x0, 0x0, 0x1a, 0x40, 0x0, 0x4, 0xdf,
    0xe6, 0x0, 0x0, 0x0, 0x0,

    /* U+5E94 "应" */
    0x0, 0x0, 0x0, 0x0, 0x0, 0x20, 0x0, 0x0,
    0x0, 0x0, 0x0, 0x0, 0x0, 0x0, 0xbf, 0x10,
    0x0, 0x0, 0x0, 0x0, 0x0, 0x0, 0x0, 0x5,
    0xf7, 0x0, 0x0, 0x0, 0x0, 0x7, 0xff, 0xff,
    0xff, 0xff, 0xff, 0xff, 0xff, 0xf4, 0x0, 0x7f,
    0x98, 0x88, 0x88, 0x88, 0x88, 0x88, 0x88, 0x20,
    0x7, 0xf1, 0x0, 0x0, 0x0, 0x0, 0x0, 0x0,
    0x0, 0x0, 0x7f, 0x10, 0x0, 0x3, 0x91, 0x0,
    0x0, 0x40, 0x0, 0x7, 0xf1, 0x1, 0x0, 0x3f,
    0x70, 0x0, 0x3f, 0x80, 0x0, 0x7f, 0x14, 0xf6,
    0x0, 0xed, 0x0, 0x8, 0xf4, 0x0, 0x7, 0xf1,
    0xe, 0xd0, 0x8, 0xf3, 0x0, 0xcf, 0x10, 0x0,
    0x7f, 0x10, 0x8f, 0x40, 0x4f, 0x60, 0x1f, 0xc0,
    0x0, 0x9, 0xf0, 0x1, 0xf9, 0x1, 0xfa, 0x5,
    0xf7, 0x0, 0x0, 0xaf, 0x0, 0xd, 0xe0, 0xe,
    0xb0, 0xbf, 0x20, 0x0, 0xe, 0xc0, 0x0, 0x8f,
    0x20, 0x0, 0x1f, 0xc0, 0x0, 0x2, 0xfa, 0x0,
    0x3, 0x91, 0x0, 0x7, 0xf6, 0x0, 0x0, 0x7f,
    0x50, 0x0, 0x0, 0x0, 0x0, 0xdf, 0x0, 0x0,
    0xd, 0xf1, 0x28, 0x88, 0x88, 0x88, 0x9f, 0xd8,
    0x88, 0x64, 0xfa, 0x4, 0xff, 0xff, 0xff, 0xff,
    0xff, 0xff, 0xfb, 0x19, 0x20, 0x0, 0x0, 0x0,
    0x0, 0x0, 0x0, 0x0, 0x0,

    /* U+5EA6 "度" */
    0x0, 0x0, 0x0, 0x0, 0x0, 0x0, 0x0, 0x0,
    0x0, 0x0, 0x0, 0x0, 0x0, 0x0, 0xad, 0x0,
    0x0, 0x0, 0x0, 0x0, 0x37, 0x77, 0x77, 0x7b,
    0xf9, 0x77, 0x77, 0x77, 0x20, 0x7, 0xff, 0xff,
    0xff, 0xff, 0xff, 0xff, 0xff, 0xf5, 0x0, 0x7f,
    0x10, 0x5, 0xa0, 0x0, 0x2, 0xa2, 0x0, 0x0,
    0x7, 0xf2, 0x22, 0x9f, 0x22, 0x22, 0x6f, 0x52,
    0x20, 0x0, 0x7f, 0x9f, 0xff, 0xff, 0xff, 0xff,
    0xff, 0xff, 0x20, 0x7, 0xf2, 0x22, 0x9f, 0x22,
    0x22, 0x6f, 0x52, 0x20, 0x0, 0x7f, 0x10, 0x8,
    0xf0, 0x0, 0x5, 0xf3, 0x0, 0x0, 0x7, 0xf1,
    0x0, 0x8f, 0xff, 0xff, 0xff, 0x30, 0x0, 0x0,
    0x7f, 0x0, 0x2, 0x44, 0x44, 0x44, 0x40, 0x0,
    0x0, 0x9, 0xf0, 0x46, 0x66, 0x66, 0x66, 0x66,
    0x65, 0x0, 0x0, 0xaf, 0xa, 0xff, 0xff, 0xff,
    0xff, 0xff, 0xe0, 0x0, 0xd, 0xc0, 0x4, 0xfb,
    0x0, 0x0, 0x1d, 0xf6, 0x0, 0x1, 0xfa, 0x0,
    0x7, 0xfb, 0x10, 0x2d, 0xf8, 0x0, 0x0, 0x5f,
    0x60, 0x0, 0x7, 0xfe, 0x9f, 0xf6, 0x0, 0x0,
    0xb, 0xf1, 0x0, 0x0, 0x3c, 0xff, 0xf9, 0x10,
    0x0, 0x2, 0xfc, 0x15, 0x7b, 0xef, 0xfa, 0x9f,
    0xff, 0xdb, 0x96, 0x2c, 0x50, 0xef, 0xd9, 0x50,
    0x0, 0x5, 0x9c, 0xef, 0x90, 0x0, 0x1, 0x0,
    0x0, 0x0, 0x0, 0x0, 0x0, 0x0,

    /* U+5EFA "建" */
    0xbf, 0xff, 0xfe, 0x0, 0x0, 0x1f, 0x60, 0x0,
    0x0, 0x6, 0x99, 0x9f, 0xd0, 0xaf, 0xff, 0xff,
    0xff, 0xf8, 0x0, 0x0, 0x7, 0xf6, 0x3, 0x66,
    0x6f, 0xa6, 0x6f, 0x90, 0x0, 0x1, 0xfd, 0x1,
    0x11, 0x12, 0xf7, 0x11, 0xe9, 0x10, 0x0, 0xaf,
    0x40, 0xff, 0xff, 0xff, 0xff, 0xff, 0xfd, 0x0,
    0x3f, 0xc0, 0x4, 0x44, 0x45, 0xf9, 0x44, 0xfb,
    0x30, 0xa, 0xfc, 0x99, 0x4, 0x66, 0x6f, 0xa6,
    0x6f, 0x90, 0x0, 0x7c, 0xce, 0xf0, 0xbf, 0xff,
    0xff, 0xff, 0xf8, 0x0, 0x0, 0x0, 0x8e, 0x0,
    0x0, 0x1f, 0x60, 0x0, 0x0, 0x1, 0x71, 0xb,
    0xb5, 0xff, 0xff, 0xff, 0xff, 0xfa, 0x0, 0x1f,
    0x60, 0xe9, 0x26, 0x66, 0x7f, 0xa6, 0x66, 0x40,
    0x0, 0xcc, 0x3f, 0x40, 0x0, 0x1, 0xf6, 0x0,
    0x0, 0x0, 0x6, 0xfd, 0xf4, 0xff, 0xff, 0xff,
    0xff, 0xff, 0xfc, 0x0, 0xd, 0xf9, 0x18, 0x88,
    0x88, 0xfb, 0x88, 0x88, 0x60, 0x0, 0xbf, 0xb0,
    0x0, 0x0, 0x1f, 0x60, 0x0, 0x0, 0x0, 0x6f,
    0xdf, 0xd6, 0x10, 0x0, 0x52, 0x0, 0x0, 0x0,
    0x3f, 0xc0, 0x6e, 0xff, 0xeb, 0xa9, 0x99, 0x99,
    0x98, 0x8, 0xd1, 0x0, 0x4, 0x8b, 0xdf, 0xff,
    0xff, 0xff, 0xc0, 0x1, 0x0, 0x0, 0x0, 0x0,
    0x0, 0x0, 0x0, 0x0, 0x0,

    /* U+5F00 "开" */
    0x4, 0xff, 0xff, 0xff, 0xff, 0xff, 0xff, 0xff,
    0xc0, 0x1, 0x77, 0x7e, 0xd7, 0x77, 0x77, 0xed,
    0x77, 0x50, 0x0, 0x0, 0xd, 0xb0, 0x0, 0x0,
    0xdb, 0x0, 0x0, 0x0, 0x0, 0xd, 0xb0, 0x0,
    0x0, 0xdb, 0x0, 0x0, 0x0, 0x0, 0xd, 0xb0,
    0x0, 0x0, 0xdb, 0x0, 0x0, 0x0, 0x0, 0xd,
    0xb0, 0x0, 0x0, 0xdb, 0x0, 0x0, 0x0, 0x0,
    0xe, 0xa0, 0x0, 0x0, 0xdb, 0x0, 0x0, 0x45,
    0x55, 0x5e, 0xc5, 0x55, 0x55, 0xec, 0x55, 0x55,
    0xdf, 0xff, 0xff, 0xff, 0xff, 0xff, 0xff, 0xff,
    0xfe, 0x12, 0x22, 0x4f, 0x72, 0x22, 0x22, 0xeb,
    0x22, 0x21, 0x0, 0x0, 0x5f, 0x30, 0x0, 0x0,
    0xdb, 0x0, 0x0, 0x0, 0x0, 0x9f, 0x0, 0x0,
    0x0, 0xdb, 0x0, 0x0, 0x0, 0x0, 0xfb, 0x0,
    0x0, 0x0, 0xdb, 0x0, 0x0, 0x0, 0x7, 0xf4,
    0x0, 0x0, 0x0, 0xdb, 0x0, 0x0, 0x0, 0x2f,
    0xd0, 0x0, 0x0, 0x0, 0xdb, 0x0, 0x0, 0x1,
    0xdf, 0x20, 0x0, 0x0, 0x0, 0xdb, 0x0, 0x0,
    0x3e, 0xf6, 0x0, 0x0, 0x0, 0x0, 0xdb, 0x0,
    0x0, 0x3e, 0x50, 0x0, 0x0, 0x0, 0x0, 0xdb,
    0x0, 0x0, 0x0, 0x0, 0x0, 0x0, 0x0, 0x0,
    0x0, 0x0, 0x0,

    /* U+5F02 "异" */
    0x0, 0xff, 0xff, 0xff, 0xff, 0xff, 0xff, 0xf6,
    0x0, 0x0, 0xfc, 0x77, 0x77, 0x77, 0x77, 0x78,
    0xf6, 0x0, 0x0, 0xf9, 0x0, 0x0, 0x0, 0x0,
    0x1, 0xf6, 0x0, 0x0, 0xfa, 0x0, 0x0, 0x0,
    0x0, 0x1, 0xf6, 0x0, 0x0, 0xff, 0xff, 0xff,
    0xff, 0xff, 0xff, 0xf6, 0x0, 0x0, 0xfc, 0x88,
    0x88, 0x88, 0x88, 0x88, 0x83, 0x0, 0x0, 0xf9,
    0x0, 0x0, 0x0, 0x0, 0x0, 0x4, 0xd2, 0x0,
    0xef, 0xa9, 0x88, 0x88, 0x88, 0x89, 0xad, 0xf1,
    0x0, 0x3a, 0xde, 0xef, 0xff, 0xff, 0xfe, 0xdc,
    0x60, 0x0, 0x0, 0x3, 0x30, 0x0, 0x2, 0x50,
    0x0, 0x0, 0x0, 0x0, 0xb, 0xd0, 0x0, 0x8,
    0xf1, 0x0, 0x0, 0xff, 0xff, 0xff, 0xff, 0xff,
    0xff, 0xff, 0xff, 0xff, 0x88, 0x88, 0x8f, 0xd8,
    0x88, 0x8c, 0xf8, 0x88, 0x88, 0x0, 0x0, 0x2f,
    0x70, 0x0, 0x8, 0xf1, 0x0, 0x0, 0x0, 0x0,
    0xaf, 0x30, 0x0, 0x8, 0xf1, 0x0, 0x0, 0x0,
    0x8, 0xfc, 0x0, 0x0, 0x8, 0xf1, 0x0, 0x0,
    0x7, 0xdf, 0xe2, 0x0, 0x0, 0x8, 0xf1, 0x0,
    0x0, 0xa, 0xfa, 0x10, 0x0, 0x0, 0x8, 0xf1,
    0x0, 0x0, 0x1, 0x0, 0x0, 0x0, 0x0, 0x0,
    0x0, 0x0, 0x0,

    /* U+5F0F "式" */
    0x0, 0x0, 0x0, 0x0, 0x0, 0x0, 0x0, 0x0,
    0x0, 0x0, 0x0, 0x0, 0x0, 0x0, 0xe, 0xb0,
    0x5e, 0x60, 0x0, 0x0, 0x0, 0x0, 0x0, 0x0,
    0xec, 0x1, 0xbf, 0x70, 0x0, 0x0, 0x0, 0x0,
    0x0, 0xd, 0xc0, 0x0, 0x61, 0x0, 0x5f, 0xff,
    0xff, 0xff, 0xff, 0xff, 0xff, 0xff, 0xfd, 0x3,
    0x88, 0x88, 0x88, 0x88, 0x8d, 0xf8, 0x88, 0x88,
    0x70, 0x0, 0x0, 0x0, 0x0, 0x0, 0x9f, 0x0,
    0x0, 0x0, 0x0, 0x0, 0x0, 0x0, 0x0, 0x7,
    0xf1, 0x0, 0x0, 0x0, 0x1, 0x22, 0x22, 0x22,
    0x20, 0x5f, 0x30, 0x0, 0x0, 0x0, 0xcf, 0xff,
    0xff, 0xff, 0x52, 0xf6, 0x0, 0x0, 0x0, 0x4,
    0x55, 0xcf, 0x55, 0x52, 0xf, 0x90, 0x0, 0x0,
    0x0, 0x0, 0xa, 0xe0, 0x0, 0x0, 0xbd, 0x0,
    0x0, 0x0, 0x0, 0x0, 0xae, 0x0, 0x0, 0x7,
    0xf1, 0x0, 0x0, 0x0, 0x0, 0xa, 0xe0, 0x0,
    0x0, 0x2f, 0x60, 0x3, 0x50, 0x0, 0x0, 0xae,
    0x0, 0x1, 0x0, 0xdc, 0x0, 0x7f, 0x0, 0x0,
    0x1b, 0xf9, 0xcf, 0xe0, 0x6, 0xf3, 0xa, 0xd0,
    0x3d, 0xff, 0xff, 0xfd, 0xa6, 0x0, 0xe, 0xc1,
    0xe9, 0x2, 0xeb, 0x97, 0x41, 0x0, 0x0, 0x0,
    0x5f, 0xff, 0x40, 0x0, 0x0, 0x0, 0x0, 0x0,
    0x0, 0x0, 0x7e, 0x90, 0x0,

    /* U+5F26 "弦" */
    0x0, 0x0, 0x0, 0x0, 0x0, 0x17, 0x30, 0x0,
    0x0, 0x8f, 0xff, 0xff, 0x0, 0x0, 0xf, 0xa0,
    0x0, 0x0, 0x37, 0x77, 0xcf, 0x0, 0x0, 0xb,
    0xf0, 0x0, 0x0, 0x0, 0x0, 0x8f, 0x5f, 0xff,
    0xff, 0xff, 0xff, 0xff, 0x0, 0x0, 0x8f, 0x27,
    0x77, 0x77, 0x77, 0x77, 0x77, 0x0, 0x0, 0x8f,
    0x0, 0x0, 0xb8, 0x0, 0x0, 0x0, 0x1f, 0xff,
    0xff, 0x0, 0x4, 0xf8, 0x0, 0x10, 0x0, 0x3f,
    0x96, 0x65, 0x0, 0xd, 0xf1, 0x0, 0xcc, 0x0,
    0x5f, 0x30, 0x0, 0x0, 0x7f, 0x60, 0x4, 0xf6,
    0x0, 0x6f, 0x20, 0x0, 0x4, 0xfb, 0x2, 0x5d,
    0xd0, 0x0, 0x8f, 0x77, 0x76, 0x1f, 0xfe, 0xff,
    0xff, 0x40, 0x0, 0x9f, 0xff, 0xfd, 0xa, 0xa8,
    0x58, 0xfa, 0x0, 0x0, 0x0, 0x0, 0xbd, 0x0,
    0x0, 0x1e, 0xe1, 0x35, 0x0, 0x0, 0x0, 0xbd,
    0x0, 0x0, 0xcf, 0x40, 0xce, 0x0, 0x0, 0x0,
    0xcc, 0x0, 0xb, 0xf7, 0x0, 0x5f, 0x70, 0x0,
    0x0, 0xdc, 0x0, 0xbf, 0x90, 0x0, 0x1e, 0xe0,
    0x0, 0x0, 0xea, 0x1c, 0xfb, 0x57, 0x9d, 0xff,
    0xf5, 0x6, 0x99, 0xf8, 0x2f, 0xfe, 0xdc, 0xa8,
    0x64, 0xfc, 0x5, 0xdf, 0xc1, 0x0, 0x0, 0x0,
    0x0, 0x0, 0xa6, 0x0, 0x0, 0x0, 0x0, 0x0,
    0x0, 0x0, 0x0, 0x0,

    /* U+5F31 "弱" */
    0xf, 0xff, 0xff, 0xff, 0x12, 0xff, 0xff, 0xff,
    0xf0, 0x7, 0x77, 0x77, 0xbf, 0x10, 0x77, 0x77,
    0x7c, 0xf0, 0x0, 0x0, 0x0, 0x7f, 0x10, 0x0,
    0x0, 0x9, 0xf0, 0x2, 0x33, 0x33, 0x9f, 0x10,
    0x23, 0x33, 0x3a, 0xf0, 0xd, 0xff, 0xff, 0xff,
    0x10, 0xef, 0xff, 0xff, 0xf0, 0xf, 0xc4, 0x44,
    0x44, 0x0, 0xfb, 0x44, 0x44, 0x40, 0x1f, 0xa0,
    0x0, 0x0, 0x2, 0xf8, 0x0, 0x0, 0x0, 0x3f,
    0xc8, 0x88, 0x88, 0x44, 0xfb, 0x88, 0x88, 0x83,
    0x5f, 0xff, 0xff, 0xff, 0x75, 0xff, 0xff, 0xff,
    0xf6, 0x0, 0x40, 0x0, 0x3f, 0x60, 0x4, 0x0,
    0x4, 0xf4, 0x4, 0xf8, 0x0, 0x4f, 0x50, 0x6f,
    0x70, 0x6, 0xf3, 0x0, 0x9f, 0x40, 0x5f, 0x30,
    0xb, 0xf3, 0x7, 0xf2, 0x0, 0x6, 0x17, 0xef,
    0x10, 0x0, 0x61, 0x8e, 0xf0, 0x1, 0x5a, 0xff,
    0xff, 0x0, 0x16, 0xbf, 0xff, 0xe0, 0xbf, 0xff,
    0x92, 0xad, 0xc, 0xff, 0xf9, 0x2c, 0xc0, 0xba,
    0x50, 0x0, 0xda, 0xc, 0xa5, 0x0, 0xf, 0x90,
    0x0, 0x6, 0x89, 0xf5, 0x0, 0x0, 0x78, 0xaf,
    0x30, 0x0, 0x7, 0xef, 0x90, 0x0, 0x0, 0x8e,
    0xf8, 0x0,

    /* U+5F39 "弹" */
    0x0, 0x0, 0x0, 0x0, 0x26, 0x0, 0x0, 0x83,
    0x0, 0x8, 0xff, 0xff, 0xf0, 0x9, 0xf5, 0x0,
    0x4f, 0x70, 0x0, 0x37, 0x77, 0xcf, 0x0, 0x1f,
    0xc0, 0xb, 0xf1, 0x0, 0x0, 0x0, 0x8, 0xf0,
    0x0, 0x30, 0x3, 0xf9, 0x0, 0x0, 0x0, 0x0,
    0x8f, 0xe, 0xff, 0xff, 0xff, 0xff, 0xf0, 0x0,
    0x0, 0x8, 0xf0, 0xec, 0x77, 0xcf, 0x77, 0xaf,
    0x0, 0x1f, 0xff, 0xff, 0xe, 0x90, 0x9, 0xe0,
    0x7, 0xf0, 0x3, 0xfb, 0x99, 0x90, 0xeb, 0x66,
    0xbf, 0x66, 0xaf, 0x0, 0x4f, 0x40, 0x0, 0xe,
    0xff, 0xff, 0xff, 0xff, 0xf0, 0x6, 0xf2, 0x0,
    0x0, 0xe9, 0x0, 0x9e, 0x0, 0x7f, 0x0, 0x8f,
    0x77, 0x76, 0xe, 0xb4, 0x4b, 0xf4, 0x49, 0xf0,
    0x9, 0xff, 0xff, 0xd0, 0xef, 0xff, 0xff, 0xff,
    0xff, 0x0, 0x0, 0x0, 0xbd, 0x1, 0x11, 0x19,
    0xe1, 0x11, 0x10, 0x0, 0x0, 0xb, 0xd3, 0x33,
    0x33, 0xaf, 0x33, 0x33, 0x30, 0x0, 0x0, 0xcc,
    0xff, 0xff, 0xff, 0xff, 0xff, 0xff, 0x10, 0x0,
    0xd, 0xc3, 0x33, 0x33, 0xaf, 0x33, 0x33, 0x30,
    0x0, 0x0, 0xea, 0x0, 0x0, 0x9, 0xe0, 0x0,
    0x0, 0x0, 0x69, 0x9f, 0x80, 0x0, 0x0, 0x9e,
    0x0, 0x0, 0x0, 0x5, 0xdf, 0xc1, 0x0, 0x0,
    0x9, 0xe0, 0x0, 0x0, 0x0, 0x0, 0x0, 0x0,
    0x0, 0x0, 0x1, 0x0, 0x0, 0x0,

    /* U+5F3A "强" */
    0x8f, 0xff, 0xff, 0x6, 0xff, 0xff, 0xff, 0xff,
    0x30, 0x37, 0x77, 0xcf, 0x6, 0xf7, 0x66, 0x66,
    0x8f, 0x30, 0x0, 0x0, 0x8f, 0x6, 0xf1, 0x0,
    0x0, 0x3f, 0x30, 0x0, 0x0, 0x8f, 0x6, 0xf1,
    0x0, 0x0, 0x3f, 0x30, 0x1, 0x11, 0x9f, 0x6,
    0xff, 0xff, 0xff, 0xff, 0x30, 0x1f, 0xff, 0xff,
    0x2, 0x77, 0x7f, 0xc7, 0x77, 0x10, 0x3f, 0x84,
    0x44, 0x0, 0x0, 0xe, 0x90, 0x0, 0x0, 0x5f,
    0x30, 0x0, 0xe, 0xff, 0xff, 0xff, 0xff, 0xc0,
    0x6f, 0x20, 0x0, 0xe, 0xb7, 0x7f, 0xc7, 0x7d,
    0xd0, 0x8f, 0x99, 0x98, 0xe, 0x70, 0xe, 0x90,
    0xa, 0xd0, 0x8e, 0xee, 0xfd, 0xe, 0x70, 0xe,
    0x90, 0xa, 0xd0, 0x0, 0x0, 0xbd, 0xe, 0xa6,
    0x6f, 0xb6, 0x6c, 0xd0, 0x0, 0x0, 0xbd, 0xe,
    0xff, 0xff, 0xff, 0xff, 0xd0, 0x0, 0x0, 0xcc,
    0x0, 0x0, 0xe, 0x90, 0x5, 0x0, 0x0, 0x0,
    0xdc, 0x0, 0x0, 0xe, 0x90, 0x5f, 0x60, 0x0,
    0x0, 0xea, 0x0, 0x0, 0xe, 0xa4, 0x5f, 0xf1,
    0x6, 0x99, 0xf8, 0x5a, 0xcd, 0xff, 0xff, 0xfe,
    0xf8, 0x5, 0xdf, 0xc1, 0x6e, 0xca, 0x86, 0x42,
    0x0, 0xb9, 0x0, 0x0, 0x0, 0x0, 0x0, 0x0,
    0x0, 0x0, 0x0,

    /* U+5F52 "归" */
    0x0, 0x9, 0xf0, 0x0, 0x0, 0x0, 0x0, 0x0,
    0x4, 0x30, 0x9f, 0x0, 0x0, 0x0, 0x0, 0x0,
    0x0, 0xea, 0x9, 0xf0, 0xae, 0xee, 0xee, 0xee,
    0xee, 0x1e, 0xa0, 0x9f, 0x6, 0x99, 0x99, 0x99,
    0x9c, 0xf1, 0xea, 0x9, 0xf0, 0x0, 0x0, 0x0,
    0x0, 0x9f, 0x1e, 0xa0, 0x9f, 0x0, 0x0, 0x0,
    0x0, 0x9, 0xf1, 0xea, 0x9, 0xf0, 0x0, 0x0,
    0x0, 0x0, 0x9f, 0x1e, 0xa0, 0x9f, 0x0, 0x11,
    0x11, 0x11, 0x19, 0xf1, 0xea, 0x9, 0xf0, 0x7f,
    0xff, 0xff, 0xff, 0xff, 0x1e, 0xa0, 0x9f, 0x3,
    0x66, 0x66, 0x66, 0x6b, 0xf1, 0xea, 0xb, 0xd0,
    0x0, 0x0, 0x0, 0x0, 0x9f, 0x1e, 0xa0, 0xdc,
    0x0, 0x0, 0x0, 0x0, 0x9, 0xf1, 0xd9, 0x2f,
    0x70, 0x0, 0x0, 0x0, 0x0, 0x9f, 0x10, 0x7,
    0xf3, 0x0, 0x0, 0x0, 0x0, 0x9, 0xf1, 0x1,
    0xfc, 0x0, 0x88, 0x88, 0x88, 0x88, 0xcf, 0x10,
    0xaf, 0x40, 0x1f, 0xff, 0xff, 0xff, 0xff, 0xf1,
    0x6f, 0x90, 0x0, 0x0, 0x0, 0x0, 0x0, 0x9f,
    0x11, 0x80, 0x0, 0x0, 0x0, 0x0, 0x0, 0x0,
    0x10,

    /* U+5F53 "当" */
    0x1, 0x0, 0x0, 0xe, 0xa0, 0x0, 0x1, 0x0,
    0x5f, 0x60, 0x0, 0xe, 0xa0, 0x0, 0xb, 0xe1,
    0xd, 0xf2, 0x0, 0xe, 0xa0, 0x0, 0x3f, 0xb0,
    0x3, 0xfc, 0x0, 0xe, 0xa0, 0x0, 0xdf, 0x30,
    0x0, 0x9e, 0x20, 0xe, 0xa0, 0x5, 0xf8, 0x0,
    0x0, 0x10, 0x0, 0xe, 0xa0, 0x0, 0x20, 0x0,
    0x8f, 0xff, 0xff, 0xff, 0xff, 0xff, 0xff, 0xf0,
    0x48, 0x88, 0x88, 0x88, 0x88, 0x88, 0x8c, 0xf0,
    0x0, 0x0, 0x0, 0x0, 0x0, 0x0, 0x8, 0xf0,
    0x0, 0x0, 0x0, 0x0, 0x0, 0x0, 0x8, 0xf0,
    0x5, 0x55, 0x55, 0x55, 0x55, 0x55, 0x5a, 0xf0,
    0x1f, 0xff, 0xff, 0xff, 0xff, 0xff, 0xff, 0xf0,
    0x2, 0x22, 0x22, 0x22, 0x22, 0x22, 0x29, 0xf0,
    0x0, 0x0, 0x0, 0x0, 0x0, 0x0, 0x8, 0xf0,
    0x0, 0x0, 0x0, 0x0, 0x0, 0x0, 0x8, 0xf0,
    0xaf, 0xff, 0xff, 0xff, 0xff, 0xff, 0xff, 0xf0,
    0x68, 0x88, 0x88, 0x88, 0x88, 0x88, 0x8c, 0xf0,
    0x0, 0x0, 0x0, 0x0, 0x0, 0x0, 0x8, 0xf0,

    /* U+5F62 "形" */
    0x0, 0x0, 0x0, 0x0, 0x0, 0x0, 0x0, 0x0,
    0x52, 0x0, 0x7, 0xff, 0xff, 0xff, 0xff, 0xf0,
    0x0, 0x4, 0xfb, 0x0, 0x3, 0x7d, 0xf7, 0x7b,
    0xf8, 0x70, 0x0, 0x3f, 0xf2, 0x0, 0x0, 0xa,
    0xe0, 0x6, 0xf2, 0x0, 0x4, 0xff, 0x40, 0x0,
    0x0, 0xa, 0xe0, 0x6, 0xf2, 0x0, 0x6f, 0xf6,
    0x0, 0x0, 0x0, 0xa, 0xe0, 0x6, 0xf2, 0x8,
    0xff, 0x50, 0x0, 0x0, 0x0, 0xa, 0xe0, 0x6,
    0xf2, 0x3, 0xc2, 0x0, 0x79, 0x10, 0x0, 0xa,
    0xe0, 0x6, 0xf2, 0x0, 0x0, 0x5, 0xfd, 0x0,
    0x0, 0xa, 0xe0, 0x6, 0xf2, 0x0, 0x0, 0x4f,
    0xf3, 0x0, 0xf, 0xff, 0xff, 0xff, 0xff, 0xf3,
    0x7, 0xff, 0x40, 0x0, 0x8, 0x8d, 0xf8, 0x8b,
    0xf9, 0x83, 0xbf, 0xe3, 0x0, 0x0, 0x0, 0xb,
    0xd0, 0x6, 0xf2, 0x1, 0xea, 0x10, 0x7, 0x40,
    0x0, 0xc, 0xc0, 0x6, 0xf2, 0x0, 0x10, 0x0,
    0x4f, 0xd0, 0x0, 0xf, 0xa0, 0x6, 0xf2, 0x0,
    0x0, 0x3, 0xff, 0x20, 0x0, 0x3f, 0x60, 0x6,
    0xf2, 0x0, 0x0, 0x4f, 0xf4, 0x0, 0x0, 0xaf,
    0x10, 0x6, 0xf2, 0x0, 0x6, 0xff, 0x40, 0x0,
    0x2, 0xfa, 0x0, 0x6, 0xf2, 0x1, 0xaf, 0xe3,
    0x0, 0x0, 0xd, 0xf3, 0x0, 0x6, 0xf2, 0x2e,
    0xfb, 0x10, 0x0, 0x0, 0x7, 0x70, 0x0, 0x6,
    0xf2, 0x9, 0x60, 0x0, 0x0, 0x0,

    /* U+5F84 "径" */
    0x0, 0x0, 0x2, 0x0, 0x0, 0x0, 0x0, 0x0,
    0x0, 0x0, 0x0, 0x0, 0x5f, 0x40, 0x0, 0x0,
    0x0, 0x0, 0x0, 0x0, 0x0, 0x2, 0xfd, 0x0,
    0x4f, 0xff, 0xff, 0xff, 0xf6, 0x0, 0x0, 0x2e,
    0xf2, 0x0, 0x17, 0x77, 0x77, 0x7c, 0xf4, 0x0,
    0x3, 0xef, 0x40, 0x0, 0x0, 0x0, 0x0, 0x2f,
    0xc0, 0x0, 0xa, 0xf4, 0x3, 0x70, 0x0, 0x0,
    0x0, 0xcf, 0x30, 0x0, 0x1, 0x20, 0xd, 0xe0,
    0x0, 0x0, 0x1c, 0xf6, 0x0, 0x0, 0x0, 0x0,
    0x8f, 0x50, 0x0, 0x6, 0xef, 0xf9, 0x20, 0x0,
    0x0, 0x5, 0xf9, 0x0, 0x28, 0xdf, 0xf7, 0xbf,
    0xfb, 0x40, 0x0, 0x4f, 0xf0, 0x0, 0xdf, 0xf9,
    0x10, 0x2, 0x9f, 0xf2, 0x5, 0xff, 0xf0, 0x0,
    0x35, 0x0, 0x0, 0x0, 0x1, 0x70, 0xc, 0xd9,
    0xf0, 0x0, 0x7, 0x77, 0x77, 0x77, 0x77, 0x10,
    0x2, 0x7, 0xf0, 0x0, 0xe, 0xee, 0xff, 0xfe,
    0xee, 0x20, 0x0, 0x7, 0xf0, 0x0, 0x0, 0x0,
    0x5f, 0x30, 0x0, 0x0, 0x0, 0x7, 0xf0, 0x0,
    0x0, 0x0, 0x5f, 0x30, 0x0, 0x0, 0x0, 0x7,
    0xf0, 0x0, 0x0, 0x0, 0x5f, 0x30, 0x0, 0x0,
    0x0, 0x7, 0xf0, 0x0, 0x0, 0x0, 0x5f, 0x30,
    0x0, 0x0, 0x0, 0x7, 0xf0, 0x2, 0x66, 0x66,
    0x9f, 0x86, 0x66, 0x50, 0x0, 0x7, 0xf0, 0x5,
    0xff, 0xff, 0xff, 0xff, 0xff, 0xd0,

    /* U+5F85 "待" */
    0x0, 0x0, 0x0, 0x0, 0x0, 0x0, 0x0, 0x0,
    0x0, 0x0, 0x0, 0x3, 0xc2, 0x0, 0x0, 0x9,
    0xf0, 0x0, 0x0, 0x0, 0x1, 0xde, 0x0, 0x0,
    0x0, 0x9f, 0x0, 0x0, 0x0, 0x1, 0xcf, 0x30,
    0xb, 0xff, 0xff, 0xff, 0xff, 0xf3, 0x2, 0xdf,
    0x50, 0x0, 0x57, 0x77, 0xcf, 0x77, 0x77, 0x10,
    0xaf, 0x50, 0x45, 0x0, 0x0, 0x9, 0xf0, 0x0,
    0x0, 0x1, 0x30, 0xe, 0xd2, 0x22, 0x22, 0xaf,
    0x22, 0x22, 0x20, 0x0, 0xa, 0xf4, 0xcf, 0xff,
    0xff, 0xff, 0xff, 0xfe, 0x0, 0x7, 0xf9, 0x4,
    0x55, 0x55, 0x55, 0x55, 0x55, 0x40, 0x6, 0xff,
    0x0, 0x0, 0x0, 0x0, 0x0, 0xcd, 0x0, 0x8,
    0xff, 0xf0, 0x4, 0x66, 0x66, 0x66, 0x6d, 0xe6,
    0x60, 0xaa, 0x8f, 0x0, 0xaf, 0xff, 0xff, 0xff,
    0xff, 0xff, 0x0, 0x7, 0xf0, 0x0, 0x11, 0x11,
    0x11, 0x1c, 0xd1, 0x10, 0x0, 0x7f, 0x0, 0x0,
    0xbb, 0x0, 0x0, 0xcd, 0x0, 0x0, 0x7, 0xf0,
    0x0, 0x7, 0xf5, 0x0, 0xc, 0xd0, 0x0, 0x0,
    0x7f, 0x0, 0x0, 0xe, 0xa0, 0x0, 0xcd, 0x0,
    0x0, 0x7, 0xf0, 0x0, 0x0, 0x30, 0x0, 0xc,
    0xd0, 0x0, 0x0, 0x7f, 0x0, 0x0, 0x0, 0xd,
    0xcb, 0xfb, 0x0, 0x0, 0x7, 0xf0, 0x0, 0x0,
    0x0, 0x9d, 0xeb, 0x20, 0x0,

    /* U+5F8B "律" */
    0x0, 0x0, 0xb4, 0x0, 0x0, 0xc, 0xb0, 0x0,
    0x0, 0x0, 0x0, 0x7, 0xf3, 0x18, 0x88, 0x8e,
    0xe8, 0x88, 0x84, 0x0, 0x0, 0x2f, 0xb0, 0x1f,
    0xff, 0xff, 0xff, 0xff, 0xf9, 0x0, 0x1, 0xde,
    0x10, 0x0, 0x0, 0xc, 0xb0, 0x0, 0xe9, 0x0,
    0xc, 0xf4, 0x2, 0x66, 0x66, 0x6d, 0xd6, 0x66,
    0xfc, 0x60, 0x4, 0x50, 0x67, 0xee, 0xee, 0xef,
    0xfe, 0xee, 0xff, 0xe0, 0x0, 0x2, 0xf8, 0x0,
    0x0, 0xc, 0xb0, 0x0, 0xe9, 0x0, 0x0, 0xd,
    0xe0, 0x18, 0x88, 0x8e, 0xe8, 0x88, 0xf9, 0x0,
    0x0, 0xaf, 0x70, 0x3f, 0xff, 0xff, 0xff, 0xff,
    0xf8, 0x0, 0xa, 0xff, 0x70, 0x0, 0x0, 0xc,
    0xb0, 0x0, 0x0, 0x0, 0xb, 0x9f, 0x70, 0x26,
    0x66, 0x6d, 0xd6, 0x66, 0x66, 0x10, 0x0, 0xf,
    0x70, 0x5e, 0xee, 0xef, 0xfe, 0xee, 0xee, 0x40,
    0x0, 0xf, 0x70, 0x0, 0x0, 0xc, 0xb0, 0x0,
    0x0, 0x0, 0x0, 0xf, 0x79, 0xff, 0xff, 0xff,
    0xff, 0xff, 0xff, 0xf3, 0x0, 0xf, 0x74, 0x77,
    0x77, 0x7d, 0xd7, 0x77, 0x77, 0x71, 0x0, 0xf,
    0x70, 0x0, 0x0, 0xc, 0xb0, 0x0, 0x0, 0x0,
    0x0, 0xf, 0x70, 0x0, 0x0, 0xc, 0xb0, 0x0,
    0x0, 0x0, 0x0, 0xf, 0x70, 0x0, 0x0, 0xc,
    0xb0, 0x0, 0x0, 0x0,

    /* U+5F97 "得" */
    0x0, 0x0, 0x17, 0x0, 0x0, 0x0, 0x0, 0x0,
    0x0, 0x0, 0x0, 0x9, 0xf2, 0xf, 0xff, 0xff,
    0xff, 0xff, 0x80, 0x0, 0x5, 0xf9, 0x0, 0xfa,
    0x55, 0x55, 0x55, 0xf8, 0x0, 0x3, 0xfe, 0x0,
    0xf, 0x80, 0x0, 0x0, 0xf, 0x80, 0x3, 0xef,
    0x30, 0x0, 0xff, 0xff, 0xff, 0xff, 0xf8, 0x0,
    0xaf, 0x40, 0x45, 0xf, 0xa3, 0x33, 0x33, 0x3f,
    0x80, 0x1, 0x30, 0x1e, 0xc0, 0xfa, 0x44, 0x44,
    0x44, 0xf8, 0x0, 0x0, 0xb, 0xf2, 0xe, 0xff,
    0xff, 0xff, 0xff, 0x70, 0x0, 0x8, 0xf6, 0x0,
    0x0, 0x0, 0x0, 0x0, 0x0, 0x0, 0x8, 0xff,
    0x1, 0xff, 0xff, 0xff, 0xff, 0xff, 0xf9, 0xa,
    0xfe, 0xf0, 0x6, 0x66, 0x66, 0x66, 0x7f, 0xa6,
    0x30, 0x99, 0x7f, 0x0, 0x0, 0x0, 0x0, 0x2,
    0xf6, 0x0, 0x0, 0x7, 0xf0, 0xcf, 0xff, 0xff,
    0xff, 0xff, 0xff, 0xf0, 0x0, 0x7f, 0x4, 0x66,
    0x66, 0x66, 0x67, 0xfa, 0x66, 0x0, 0x7, 0xf0,
    0x0, 0x87, 0x0, 0x0, 0x2f, 0x60, 0x0, 0x0,
    0x7f, 0x0, 0x9, 0xf5, 0x0, 0x2, 0xf6, 0x0,
    0x0, 0x7, 0xf0, 0x0, 0xd, 0xd0, 0x0, 0x2f,
    0x60, 0x0, 0x0, 0x7f, 0x0, 0x0, 0x21, 0x6,
    0xab, 0xf5, 0x0, 0x0, 0x7, 0xf0, 0x0, 0x0,
    0x0, 0x4c, 0xeb, 0x0, 0x0,

    /* U+5FAE "微" */
    0x0, 0x0, 0x0, 0x0, 0x0, 0x0, 0x0, 0x0,
    0x0, 0x0, 0x0, 0x1, 0xe5, 0x0, 0xae, 0x0,
    0x0, 0xd4, 0x0, 0x0, 0x0, 0x9, 0xf3, 0xc4,
    0xae, 0x1c, 0x33, 0xf4, 0x0, 0x0, 0x0, 0x4f,
    0x91, 0xf5, 0xae, 0x2f, 0x47, 0xf0, 0x0, 0x0,
    0x3, 0xfd, 0x1, 0xf5, 0xae, 0x2f, 0x4a, 0xfe,
    0xee, 0xe0, 0xc, 0xe2, 0x1, 0xf6, 0xae, 0x3f,
    0x4d, 0xc9, 0xbf, 0x90, 0x2, 0x20, 0x97, 0xff,
    0xff, 0xff, 0x7f, 0x60, 0x7f, 0x0, 0x0, 0x4,
    0xf7, 0x55, 0x55, 0x55, 0x9f, 0x90, 0x8e, 0x0,
    0x0, 0x1e, 0xe3, 0x77, 0x77, 0x75, 0xdf, 0xd0,
    0xac, 0x0, 0x0, 0xcf, 0x76, 0xff, 0xff, 0xfb,
    0xcb, 0xf1, 0xda, 0x0, 0xc, 0xff, 0x70, 0x2,
    0x22, 0x20, 0x1, 0xf7, 0xf7, 0x0, 0x9, 0x6f,
    0x70, 0x5f, 0xff, 0xf2, 0x0, 0xbe, 0xf3, 0x0,
    0x0, 0xf, 0x70, 0x5f, 0x56, 0xf2, 0x0, 0x5f,
    0xf0, 0x0, 0x0, 0xf, 0x70, 0x6f, 0x13, 0xf2,
    0x0, 0x1f, 0xb0, 0x0, 0x0, 0xf, 0x70, 0x8f,
    0x3, 0xf2, 0x10, 0x6f, 0xf1, 0x0, 0x0, 0xf,
    0x70, 0xdb, 0x3, 0xf9, 0xf4, 0xed, 0xfa, 0x0,
    0x0, 0xf, 0x74, 0xf5, 0x3, 0xff, 0xaa, 0xf3,
    0x9f, 0x50, 0x0, 0xf, 0x7d, 0xd0, 0x0, 0xa8,
    0x7f, 0x90, 0x1e, 0xd0, 0x0, 0xf, 0x73, 0x30,
    0x0, 0x0, 0x19, 0x0, 0x5, 0x40,

    /* U+5FC3 "心" */
    0x0, 0x0, 0x0, 0x0, 0x0, 0x0, 0x0, 0x0,
    0x0, 0x0, 0x0, 0x0, 0xa, 0xd3, 0x0, 0x0,
    0x0, 0x0, 0x0, 0x0, 0x0, 0x0, 0x7f, 0xf7,
    0x0, 0x0, 0x0, 0x0, 0x0, 0x0, 0x0, 0x0,
    0x3e, 0xf9, 0x0, 0x0, 0x0, 0x0, 0x0, 0x0,
    0x0, 0x0, 0x1d, 0xfb, 0x0, 0x0, 0x0, 0x0,
    0x0, 0x0, 0x79, 0x0, 0x1d, 0x70, 0x0, 0x0,
    0x0, 0x0, 0x50, 0xb, 0xe0, 0x0, 0x10, 0x0,
    0x48, 0x0, 0x0, 0x1f, 0x80, 0xbe, 0x0, 0x0,
    0x0, 0xa, 0xf2, 0x0, 0x4, 0xf6, 0xb, 0xe0,
    0x0, 0x0, 0x0, 0x4f, 0x80, 0x0, 0x7f, 0x30,
    0xbe, 0x0, 0x0, 0x0, 0x0, 0xee, 0x0, 0xa,
    0xf0, 0xb, 0xe0, 0x0, 0x0, 0x0, 0x9, 0xf4,
    0x0, 0xec, 0x0, 0xbe, 0x0, 0x0, 0x0, 0x0,
    0x4f, 0x80, 0x3f, 0x90, 0xb, 0xe0, 0x0, 0x0,
    0x4, 0x31, 0xfd, 0x7, 0xf5, 0x0, 0xbe, 0x0,
    0x0, 0x0, 0xaf, 0xc, 0xf1, 0xbf, 0x10, 0xb,
    0xe0, 0x0, 0x0, 0xc, 0xe0, 0x54, 0x3, 0x90,
    0x0, 0xbe, 0x0, 0x0, 0x0, 0xfc, 0x0, 0x0,
    0x0, 0x0, 0xa, 0xfc, 0x99, 0x9a, 0xef, 0x70,
    0x0, 0x0, 0x0, 0x0, 0x3c, 0xef, 0xff, 0xfd,
    0x80, 0x0, 0x0,

    /* U+5FC5 "必" */
    0x0, 0x0, 0x0, 0x3, 0x0, 0x0, 0x0, 0x0,
    0x0, 0x0, 0x0, 0x0, 0x8, 0xf5, 0x0, 0x0,
    0x5, 0x0, 0x0, 0x0, 0x0, 0x0, 0x1d, 0xf3,
    0x0, 0x6, 0xf5, 0x0, 0x0, 0x0, 0x0, 0x0,
    0x2f, 0xd0, 0x0, 0xde, 0x0, 0x0, 0x0, 0x0,
    0x1, 0x10, 0x8f, 0x70, 0x5f, 0x70, 0x0, 0x0,
    0x8, 0x20, 0x9f, 0x0, 0xa3, 0xd, 0xe0, 0x0,
    0x0, 0x3, 0xf6, 0x9, 0xf0, 0x0, 0x7, 0xf6,
    0x9b, 0x0, 0x0, 0x5f, 0x50, 0x9f, 0x0, 0x1,
    0xfc, 0xa, 0xf1, 0x0, 0x8, 0xf2, 0x9, 0xf0,
    0x0, 0xbf, 0x30, 0x4f, 0x70, 0x0, 0xcf, 0x0,
    0x9f, 0x0, 0x7f, 0x80, 0x0, 0xdd, 0x0, 0x1f,
    0xb0, 0x9, 0xf0, 0x4f, 0xc0, 0x0, 0x8, 0xf3,
    0x6, 0xf6, 0x0, 0x9f, 0x4f, 0xe1, 0x0, 0x0,
    0x3f, 0x70, 0xcf, 0x10, 0x9, 0xff, 0xe2, 0x0,
    0x7, 0x90, 0xec, 0x5, 0x90, 0x0, 0xaf, 0xe2,
    0x0, 0x0, 0xaf, 0x9, 0x90, 0x0, 0x1, 0xbf,
    0xf1, 0x0, 0x0, 0xb, 0xe0, 0x0, 0x0, 0x5,
    0xef, 0xef, 0x0, 0x0, 0x1, 0xfc, 0x0, 0x0,
    0x2c, 0xfd, 0x48, 0xfc, 0xaa, 0xac, 0xff, 0x70,
    0x0, 0x2, 0xe7, 0x0, 0x1b, 0xef, 0xff, 0xfd,
    0x80, 0x0, 0x0, 0x0, 0x0, 0x0, 0x0, 0x0,
    0x0, 0x0, 0x0, 0x0, 0x0,

    /* U+5FC6 "忆" */
    0x0, 0x0, 0xf8, 0x3, 0xff, 0xff, 0xff, 0xff,
    0xfa, 0x0, 0x0, 0xf, 0x80, 0x17, 0x77, 0x77,
    0x77, 0xdf, 0x70, 0x0, 0x0, 0xfe, 0x20, 0x0,
    0x0, 0x0, 0x3f, 0xc0, 0x0, 0x4c, 0x1f, 0xfe,
    0x30, 0x0, 0x0, 0xd, 0xf2, 0x0, 0x7, 0xf1,
    0xfa, 0xef, 0x0, 0x0, 0x9, 0xf6, 0x0, 0x0,
    0x9f, 0xf, 0x83, 0x70, 0x0, 0x4, 0xfb, 0x0,
    0x0, 0xc, 0xc0, 0xf8, 0x0, 0x0, 0x1, 0xee,
    0x10, 0x0, 0x0, 0xf9, 0xf, 0x80, 0x0, 0x0,
    0xbf, 0x40, 0x0, 0x0, 0x1d, 0x50, 0xf8, 0x0,
    0x0, 0x6f, 0x90, 0x0, 0x0, 0x0, 0x0, 0xf,
    0x80, 0x0, 0x2f, 0xd0, 0x0, 0x0, 0x0, 0x0,
    0x0, 0xf8, 0x0, 0xc, 0xf3, 0x0, 0x0, 0x0,
    0x0, 0x0, 0xf, 0x80, 0x6, 0xf8, 0x0, 0x0,
    0x0, 0x0, 0x0, 0x0, 0xf8, 0x0, 0xee, 0x0,
    0x0, 0x0, 0x8, 0x80, 0x0, 0xf, 0x80, 0x5f,
    0x70, 0x0, 0x0, 0x0, 0xdd, 0x0, 0x0, 0xf8,
    0x7, 0xf4, 0x0, 0x0, 0x0, 0x1f, 0xa0, 0x0,
    0xf, 0x80, 0x3f, 0xd8, 0x76, 0x66, 0x7c, 0xf5,
    0x0, 0x0, 0xf8, 0x0, 0x6d, 0xff, 0xff, 0xff,
    0xd8, 0x0, 0x0, 0xf, 0x80, 0x0, 0x0, 0x1,
    0x10, 0x0, 0x0,

    /* U+5FEB "快" */
    0x0, 0x0, 0xf8, 0x0, 0x0, 0x9, 0xf0, 0x0,
    0x0, 0x0, 0x0, 0x0, 0xf8, 0x0, 0x0, 0x9,
    0xf0, 0x0, 0x0, 0x0, 0x0, 0x0, 0xf8, 0x0,
    0x0, 0x9, 0xf0, 0x0, 0x0, 0x0, 0x1, 0x10,
    0xf9, 0x0, 0xbf, 0xff, 0xff, 0xff, 0xf4, 0x0,
    0x5, 0xf2, 0xff, 0x30, 0x58, 0x8c, 0xf8, 0x8a,
    0xf4, 0x0, 0x7, 0xf0, 0xff, 0xe1, 0x0, 0x9,
    0xf0, 0x4, 0xf4, 0x0, 0x9, 0xe0, 0xf9, 0xec,
    0x0, 0xa, 0xe0, 0x4, 0xf4, 0x0, 0xd, 0xb0,
    0xf8, 0x5b, 0x0, 0xa, 0xe0, 0x4, 0xf4, 0x0,
    0x1f, 0x70, 0xf8, 0x1, 0x0, 0xa, 0xe0, 0x5,
    0xf4, 0x0, 0x7, 0x30, 0xf8, 0x3f, 0xff, 0xff,
    0xff, 0xff, 0xff, 0xf0, 0x0, 0x0, 0xf8, 0x18,
    0x88, 0x8f, 0xfe, 0x88, 0x88, 0x80, 0x0, 0x0,
    0xf8, 0x0, 0x0, 0x5f, 0xdf, 0x30, 0x0, 0x0,
    0x0, 0x0, 0xf8, 0x0, 0x0, 0xce, 0x1e, 0xc0,
    0x0, 0x0, 0x0, 0x0, 0xf8, 0x0, 0x7, 0xf7,
    0x6, 0xf8, 0x0, 0x0, 0x0, 0x0, 0xf8, 0x0,
    0x4f, 0xd0, 0x0, 0xaf, 0x80, 0x0, 0x0, 0x0,
    0xf8, 0x5, 0xff, 0x20, 0x0, 0xc, 0xfa, 0x0,
    0x0, 0x0, 0xf8, 0x8f, 0xf3, 0x0, 0x0, 0x0,
    0xcf, 0xe0, 0x0, 0x0, 0xf8, 0x5c, 0x20, 0x0,
    0x0, 0x0, 0x9, 0x70,

    /* U+6000 "怀" */
    0x0, 0x4, 0xf3, 0x9, 0xff, 0xff, 0xff, 0xff,
    0xff, 0xe0, 0x0, 0x4, 0xf3, 0x4, 0x77, 0x77,
    0xee, 0x77, 0x77, 0x70, 0x0, 0x4, 0xf3, 0x0,
    0x0, 0x1, 0xf9, 0x0, 0x0, 0x0, 0x4, 0xb4,
    0xfa, 0x0, 0x0, 0x8, 0xf6, 0x0, 0x0, 0x0,
    0x7, 0xe4, 0xff, 0x70, 0x0, 0xe, 0xf6, 0x0,
    0x0, 0x0, 0x9, 0xc4, 0xfa, 0xf4, 0x0, 0x7f,
    0xf6, 0x0, 0x0, 0x0, 0xc, 0xa4, 0xf3, 0xda,
    0x1, 0xef, 0xf6, 0x4d, 0x10, 0x0, 0xf, 0x74,
    0xf3, 0x31, 0xa, 0xf9, 0xf6, 0x3f, 0xb0, 0x0,
    0x1e, 0x34, 0xf3, 0x0, 0x5f, 0xc4, 0xf6, 0x9,
    0xf5, 0x0, 0x0, 0x4, 0xf3, 0x2, 0xef, 0x24,
    0xf6, 0x0, 0xee, 0x0, 0x0, 0x4, 0xf3, 0x1d,
    0xf5, 0x4, 0xf6, 0x0, 0x6f, 0x80, 0x0, 0x4,
    0xf3, 0xcf, 0x80, 0x4, 0xf6, 0x0, 0xd, 0xf1,
    0x0, 0x4, 0xf3, 0x78, 0x0, 0x4, 0xf6, 0x0,
    0x4, 0x70, 0x0, 0x4, 0xf3, 0x0, 0x0, 0x4,
    0xf6, 0x0, 0x0, 0x0, 0x0, 0x4, 0xf3, 0x0,
    0x0, 0x4, 0xf6, 0x0, 0x0, 0x0, 0x0, 0x4,
    0xf3, 0x0, 0x0, 0x4, 0xf6, 0x0, 0x0, 0x0,
    0x0, 0x4, 0xf3, 0x0, 0x0, 0x4, 0xf6, 0x0,
    0x0, 0x0, 0x0, 0x4, 0xf3, 0x0, 0x0, 0x4,
    0xf6, 0x0, 0x0, 0x0,

    /* U+6001 "态" */
    0x0, 0x0, 0x0, 0x0, 0x1, 0x0, 0x0, 0x0,
    0x0, 0x0, 0x0, 0x0, 0x0, 0x0, 0xf, 0x70,
    0x0, 0x0, 0x0, 0x0, 0x0, 0x0, 0x0, 0x0,
    0x2f, 0x60, 0x0, 0x0, 0x0, 0x0, 0x0, 0x58,
    0x88, 0x88, 0x9f, 0xa8, 0x88, 0x88, 0x87, 0x0,
    0x0, 0xaf, 0xff, 0xff, 0xff, 0xff, 0xff, 0xff,
    0xff, 0x0, 0x0, 0x0, 0x0, 0x1, 0xfb, 0x2f,
    0x80, 0x0, 0x0, 0x0, 0x0, 0x0, 0x0, 0x9,
    0xf4, 0x9, 0xf3, 0x0, 0x0, 0x0, 0x0, 0x0,
    0x0, 0x7f, 0xb0, 0x1, 0xee, 0x20, 0x0, 0x0,
    0x0, 0x0, 0x8, 0xfe, 0x24, 0x0, 0x3f, 0xe4,
    0x0, 0x0, 0x0, 0x5, 0xdf, 0xe2, 0x8f, 0xb2,
    0x4, 0xef, 0xa3, 0x0, 0x6, 0xff, 0xf9, 0x10,
    0x7, 0xfe, 0x10, 0x1c, 0xff, 0x80, 0x1, 0xc8,
    0x20, 0x0, 0x0, 0x34, 0x0, 0x0, 0x4b, 0x40,
    0x0, 0x0, 0x0, 0x10, 0x5, 0x50, 0x0, 0x0,
    0x0, 0x0, 0x0, 0x9, 0x16, 0xf3, 0xc, 0xf2,
    0x0, 0x6, 0xf2, 0x0, 0x0, 0x7f, 0x46, 0xf3,
    0x2, 0xfb, 0x0, 0x3, 0xfb, 0x0, 0x0, 0xed,
    0x6, 0xf3, 0x0, 0x9b, 0x3, 0x91, 0x9f, 0x40,
    0x9, 0xf5, 0x6, 0xf3, 0x0, 0x0, 0x6, 0xf3,
    0x2f, 0xb0, 0x1f, 0xc0, 0x5, 0xfb, 0x77, 0x88,
    0xaf, 0xe0, 0xc, 0xb0, 0x4, 0x20, 0x0, 0xae,
    0xff, 0xfe, 0xdb, 0x40, 0x0, 0x0,

    /* U+601D "思" */
    0x0, 0x1f, 0xff, 0xff, 0xff, 0xff, 0xff, 0xff,
    0xf7, 0x0, 0x0, 0x1f, 0xb7, 0x77, 0x7c, 0xf7,
    0x77, 0x78, 0xf7, 0x0, 0x0, 0x1f, 0x70, 0x0,
    0x9, 0xe0, 0x0, 0x1, 0xf7, 0x0, 0x0, 0x1f,
    0x70, 0x0, 0x9, 0xe0, 0x0, 0x1, 0xf7, 0x0,
    0x0, 0x1f, 0xb7, 0x77, 0x7c, 0xf7, 0x77, 0x77,
    0xf7, 0x0, 0x0, 0x1f, 0xff, 0xff, 0xff, 0xff,
    0xff, 0xff, 0xf7, 0x0, 0x0, 0x1f, 0x70, 0x0,
    0x9, 0xe0, 0x0, 0x1, 0xf7, 0x0, 0x0, 0x1f,
    0x70, 0x0, 0x9, 0xe0, 0x0, 0x1, 0xf7, 0x0,
    0x0, 0x1f, 0xc8, 0x88, 0x8c, 0xf8, 0x88, 0x89,
    0xf7, 0x0, 0x0, 0x1f, 0xff, 0xff, 0xff, 0xff,
    0xff, 0xff, 0xf7, 0x0, 0x0, 0x0, 0x0, 0x0,
    0x0, 0x0, 0x0, 0x0, 0x0, 0x0, 0x0, 0x0,
    0x0, 0x10, 0x5, 0x50, 0x0, 0x0, 0x0, 0x0,
    0x0, 0x9, 0x17, 0xf1, 0xc, 0xf3, 0x0, 0x5,
    0xf4, 0x0, 0x0, 0x6f, 0x57, 0xf1, 0x1, 0xfc,
    0x0, 0x1, 0xfd, 0x0, 0x0, 0xdd, 0x7, 0xf1,
    0x0, 0x8b, 0x11, 0xa2, 0x7f, 0x60, 0x8, 0xf5,
    0x7, 0xf1, 0x0, 0x0, 0x5, 0xf5, 0x1f, 0xd0,
    0x1f, 0xc0, 0x7, 0xfa, 0x77, 0x88, 0x9e, 0xf1,
    0x9, 0xc1, 0x4, 0x20, 0x1, 0xbf, 0xff, 0xfe,
    0xdc, 0x50, 0x0, 0x0,

    /* U+6027 "性" */
    0x0, 0x6, 0xf0, 0x0, 0x0, 0x0, 0x6e, 0x20,
    0x0, 0x0, 0x0, 0x6, 0xf0, 0x0, 0x3c, 0x20,
    0x6f, 0x20, 0x0, 0x0, 0x0, 0x6, 0xf0, 0x0,
    0x7f, 0x10, 0x6f, 0x20, 0x0, 0x0, 0x2, 0x16,
    0xfb, 0x0, 0xbd, 0x0, 0x6f, 0x20, 0x0, 0x0,
    0x8, 0xd6, 0xff, 0xb0, 0xff, 0xff, 0xff, 0xff,
    0xff, 0x90, 0xa, 0xc6, 0xf5, 0xc6, 0xf9, 0x88,
    0xbf, 0x98, 0x88, 0x50, 0xd, 0xa6, 0xf0, 0xc,
    0xe0, 0x0, 0x6f, 0x20, 0x0, 0x0, 0xf, 0x86,
    0xf0, 0x3f, 0x90, 0x0, 0x6f, 0x20, 0x0, 0x0,
    0x1f, 0x56, 0xf0, 0x1b, 0x20, 0x0, 0x6f, 0x20,
    0x0, 0x0, 0x4, 0x26, 0xf0, 0x0, 0x11, 0x11,
    0x7f, 0x31, 0x11, 0x0, 0x0, 0x6, 0xf0, 0x0,
    0xcf, 0xff, 0xff, 0xff, 0xff, 0x50, 0x0, 0x6,
    0xf0, 0x0, 0x46, 0x66, 0xaf, 0x76, 0x66, 0x20,
    0x0, 0x6, 0xf0, 0x0, 0x0, 0x0, 0x6f, 0x20,
    0x0, 0x0, 0x0, 0x6, 0xf0, 0x0, 0x0, 0x0,
    0x6f, 0x20, 0x0, 0x0, 0x0, 0x6, 0xf0, 0x0,
    0x0, 0x0, 0x6f, 0x20, 0x0, 0x0, 0x0, 0x6,
    0xf0, 0x4, 0x66, 0x66, 0xaf, 0x76, 0x66, 0x60,
    0x0, 0x6, 0xf0, 0xb, 0xff, 0xff, 0xff, 0xff,
    0xff, 0xf1, 0x0, 0x6, 0xf0, 0x0, 0x11, 0x11,
    0x11, 0x11, 0x11, 0x10,

    /* U+603B "总" */
    0x0, 0x0, 0x0, 0x0, 0x0, 0x0, 0x1, 0x0,
    0x0, 0x0, 0x0, 0x0, 0x8, 0xe1, 0x0, 0x0,
    0x8f, 0x60, 0x0, 0x0, 0x0, 0x0, 0x5, 0xfc,
    0x0, 0x1, 0xfe, 0x10, 0x0, 0x0, 0x0, 0x0,
    0x0, 0x9d, 0x10, 0xa, 0xf5, 0x0, 0x0, 0x0,
    0x0, 0x0, 0x55, 0x55, 0x55, 0x6f, 0xd5, 0x55,
    0x0, 0x0, 0x0, 0x0, 0xff, 0xff, 0xff, 0xff,
    0xff, 0xff, 0x0, 0x0, 0x0, 0x0, 0xf8, 0x11,
    0x11, 0x11, 0x11, 0x8f, 0x0, 0x0, 0x0, 0x0,
    0xf7, 0x0, 0x0, 0x0, 0x0, 0x7f, 0x0, 0x0,
    0x0, 0x0, 0xf7, 0x0, 0x0, 0x0, 0x0, 0x7f,
    0x0, 0x0, 0x0, 0x0, 0xf7, 0x0, 0x0, 0x0,
    0x0, 0x7f, 0x0, 0x0, 0x0, 0x0, 0xff, 0xff,
    0xff, 0xff, 0xff, 0xff, 0x0, 0x0, 0x0, 0x0,
    0x66, 0x66, 0x66, 0x66, 0x66, 0x66, 0x0, 0x0,
    0x0, 0x0, 0x0, 0x0, 0x0, 0x0, 0x0, 0x0,
    0x0, 0x0, 0x0, 0x5, 0x2, 0x71, 0x3e, 0x60,
    0x0, 0x1, 0x30, 0x0, 0x0, 0x5f, 0x56, 0xf3,
    0x1c, 0xfb, 0x0, 0xb, 0xf2, 0x0, 0x0, 0xde,
    0x6, 0xf3, 0x0, 0xaf, 0x41, 0x22, 0xfd, 0x0,
    0x9, 0xf7, 0x6, 0xf3, 0x0, 0x3, 0x5, 0xf4,
    0x7f, 0x70, 0xe, 0xd0, 0x5, 0xfa, 0x66, 0x67,
    0x9e, 0xf0, 0xe, 0xe0, 0x2, 0x30, 0x0, 0xaf,
    0xff, 0xff, 0xec, 0x50, 0x3, 0x0,

    /* U+6052 "恒" */
    0x0, 0x0, 0xf8, 0x8, 0xff, 0xff, 0xff, 0xff,
    0xff, 0x90, 0x0, 0x0, 0xf8, 0x3, 0x77, 0x77,
    0x77, 0x77, 0x77, 0x40, 0x0, 0x0, 0xf8, 0x0,
    0x0, 0x0, 0x0, 0x0, 0x0, 0x0, 0x2, 0x60,
    0xfb, 0x0, 0x0, 0x0, 0x0, 0x0, 0x0, 0x0,
    0x6, 0xf1, 0xff, 0x70, 0x8f, 0xff, 0xff, 0xff,
    0xf8, 0x0, 0x8, 0xf0, 0xfd, 0xf4, 0x9f, 0x77,
    0x77, 0x77, 0xf9, 0x0, 0xb, 0xd0, 0xf8, 0xce,
    0x9f, 0x0, 0x0, 0x0, 0xf9, 0x0, 0xe, 0xa0,
    0xf8, 0x27, 0x9f, 0x0, 0x0, 0x0, 0xf9, 0x0,
    0x1f, 0x60, 0xf8, 0x0, 0x9f, 0xff, 0xff, 0xff,
    0xf9, 0x0, 0x2, 0x10, 0xf8, 0x0, 0x9f, 0x77,
    0x77, 0x77, 0xf9, 0x0, 0x0, 0x0, 0xf8, 0x0,
    0x9f, 0x0, 0x0, 0x0, 0xf9, 0x0, 0x0, 0x0,
    0xf8, 0x0, 0x9f, 0x0, 0x0, 0x0, 0xf9, 0x0,
    0x0, 0x0, 0xf8, 0x0, 0x9f, 0xff, 0xff, 0xff,
    0xf9, 0x0, 0x0, 0x0, 0xf8, 0x0, 0x36, 0x66,
    0x66, 0x66, 0x63, 0x0, 0x0, 0x0, 0xf8, 0x0,
    0x0, 0x0, 0x0, 0x0, 0x0, 0x0, 0x0, 0x0,
    0xf8, 0x16, 0x66, 0x66, 0x66, 0x66, 0x66, 0x60,
    0x0, 0x0, 0xf8, 0x4f, 0xff, 0xff, 0xff, 0xff,
    0xff, 0xf2, 0x0, 0x0, 0xf8, 0x1, 0x11, 0x11,
    0x11, 0x11, 0x11, 0x10,

    /* U+6062 "恢" */
    0x0, 0x6, 0xf0, 0x0, 0x2, 0xf5, 0x0, 0x0,
    0x0, 0x0, 0x0, 0x6, 0xf0, 0x0, 0x4, 0xf4,
    0x0, 0x0, 0x0, 0x0, 0x0, 0x6, 0xf0, 0xf,
    0xff, 0xff, 0xff, 0xff, 0xff, 0x80, 0x1, 0x6,
    0xfa, 0x7, 0x8c, 0xf8, 0x88, 0x88, 0x88, 0x40,
    0x8, 0xd6, 0xff, 0xa0, 0xa, 0xe0, 0x2, 0x50,
    0x0, 0x0, 0xa, 0xc6, 0xf6, 0xd0, 0xd, 0xb0,
    0x9, 0xf0, 0x0, 0x0, 0xc, 0xa6, 0xf0, 0x10,
    0xf, 0x80, 0x9, 0xf0, 0x0, 0x0, 0xe, 0x86,
    0xf0, 0x0, 0x5f, 0x49, 0x29, 0xf0, 0x2e, 0x40,
    0x1f, 0x66, 0xf0, 0x0, 0xbe, 0x3f, 0x39, 0xf0,
    0x6f, 0x30, 0x5, 0x26, 0xf0, 0x1, 0xf9, 0x9e,
    0x9, 0xf1, 0xbf, 0x0, 0x0, 0x6, 0xf0, 0x9,
    0xf4, 0xf8, 0xb, 0xf6, 0xf9, 0x0, 0x0, 0x6,
    0xf0, 0x2f, 0xa0, 0x71, 0xf, 0xf8, 0x73, 0x0,
    0x0, 0x6, 0xf0, 0xcf, 0x20, 0x0, 0x7f, 0xae,
    0x0, 0x0, 0x0, 0x6, 0xf8, 0xf6, 0x0, 0x2,
    0xfb, 0x1f, 0x60, 0x0, 0x0, 0x6, 0xf3, 0xa0,
    0x0, 0x1d, 0xf2, 0x9, 0xf2, 0x0, 0x0, 0x6,
    0xf0, 0x0, 0x3, 0xef, 0x40, 0x1, 0xee, 0x20,
    0x0, 0x6, 0xf0, 0x0, 0x5f, 0xe4, 0x0, 0x0,
    0x4f, 0xe0, 0x0, 0x6, 0xf0, 0x0, 0x1a, 0x10,
    0x0, 0x0, 0x6, 0x90, 0x0, 0x0, 0x0, 0x0,
    0x0, 0x0, 0x0, 0x0, 0x0, 0x0,

    /* U+606F "息" */
    0x0, 0x0, 0x0, 0x0, 0x63, 0x0, 0x0, 0x0,
    0x0, 0x0, 0x0, 0x0, 0x0, 0x2, 0xfc, 0x0,
    0x0, 0x0, 0x0, 0x0, 0x0, 0x9, 0xff, 0xff,
    0xff, 0xff, 0xff, 0xff, 0xe0, 0x0, 0x0, 0xa,
    0xf8, 0x88, 0x88, 0x88, 0x88, 0x8d, 0xe0, 0x0,
    0x0, 0xa, 0xe0, 0x0, 0x0, 0x0, 0x0, 0xa,
    0xe0, 0x0, 0x0, 0xa, 0xff, 0xff, 0xff, 0xff,
    0xff, 0xff, 0xe0, 0x0, 0x0, 0xa, 0xf4, 0x44,
    0x44, 0x44, 0x44, 0x4b, 0xe0, 0x0, 0x0, 0xa,
    0xf3, 0x33, 0x33, 0x33, 0x33, 0x3b, 0xe0, 0x0,
    0x0, 0xa, 0xff, 0xff, 0xff, 0xff, 0xff, 0xff,
    0xe0, 0x0, 0x0, 0xa, 0xe0, 0x0, 0x0, 0x0,
    0x0, 0xa, 0xe0, 0x0, 0x0, 0xa, 0xff, 0xff,
    0xff, 0xff, 0xff, 0xff, 0xe0, 0x0, 0x0, 0x5,
    0x88, 0x88, 0x88, 0x88, 0x88, 0x88, 0x70, 0x0,
    0x0, 0x0, 0x0, 0x0, 0x0, 0x0, 0x0, 0x0,
    0x0, 0x0, 0x0, 0x5, 0x2, 0x72, 0x2d, 0x70,
    0x0, 0x0, 0x40, 0x0, 0x0, 0x4f, 0x64, 0xf4,
    0xb, 0xfc, 0x10, 0x9, 0xf4, 0x0, 0x0, 0xcf,
    0x14, 0xf4, 0x0, 0x9f, 0x60, 0x31, 0xee, 0x10,
    0x7, 0xf8, 0x4, 0xf4, 0x0, 0x4, 0x3, 0xf6,
    0x5f, 0x90, 0xd, 0xe0, 0x4, 0xfb, 0x66, 0x67,
    0x9d, 0xf2, 0xc, 0xf1, 0x1, 0x30, 0x0, 0xae,
    0xff, 0xff, 0xec, 0x70, 0x2, 0x10,

    /* U+60AC "悬" */
    0x0, 0xb, 0xff, 0xff, 0xff, 0xff, 0xff, 0xc0,
    0x0, 0x0, 0x0, 0xbe, 0x55, 0x55, 0x55, 0x55,
    0xdc, 0x0, 0x0, 0x0, 0xb, 0xe7, 0x77, 0x77,
    0x77, 0x7e, 0xc0, 0x0, 0x0, 0x0, 0xbf, 0xdd,
    0xdd, 0xdd, 0xdd, 0xfc, 0x0, 0x0, 0x0, 0xb,
    0xd0, 0x0, 0x0, 0x0, 0xc, 0xc0, 0x0, 0x0,
    0x0, 0xbf, 0xee, 0xee, 0xee, 0xee, 0xfc, 0x0,
    0x0, 0x0, 0xb, 0xe5, 0x55, 0x55, 0x55, 0x5d,
    0xc0, 0x0, 0x4, 0x44, 0xce, 0x44, 0x44, 0x44,
    0x44, 0xdd, 0x44, 0x40, 0xef, 0xff, 0xff, 0xff,
    0xff, 0xff, 0xff, 0xff, 0xfe, 0x1, 0x22, 0x26,
    0xfd, 0x32, 0x22, 0x24, 0x72, 0x22, 0x10, 0x0,
    0x19, 0xf9, 0x0, 0x0, 0x12, 0x9f, 0x80, 0x0,
    0x0, 0x2f, 0xfe, 0xcd, 0xef, 0xff, 0xff, 0xff,
    0x90, 0x0, 0x0, 0x98, 0x76, 0x54, 0x32, 0x11,
    0x0, 0x87, 0x0, 0x0, 0x3, 0x2, 0x30, 0x5,
    0x30, 0x0, 0x1, 0x61, 0x0, 0x4, 0xf5, 0xaf,
    0x0, 0xcc, 0x0, 0x1, 0x2f, 0xa0, 0x1, 0xed,
    0xa, 0xf0, 0x5, 0x90, 0x4, 0xf4, 0x9f, 0x40,
    0xbf, 0x30, 0x9f, 0xa8, 0x78, 0x8a, 0xdf, 0x31,
    0xfc, 0x4, 0x60, 0x3, 0xde, 0xff, 0xff, 0xfe,
    0xa0, 0x7, 0x40,

    /* U+60F3 "想" */
    0x0, 0x0, 0x6f, 0x0, 0x2, 0xff, 0xff, 0xff,
    0xf8, 0x0, 0x67, 0x7a, 0xf8, 0x77, 0x2f, 0x96,
    0x66, 0x6f, 0x80, 0xd, 0xff, 0xff, 0xff, 0xf3,
    0xf4, 0x0, 0x0, 0xf8, 0x0, 0x67, 0x7d, 0xf8,
    0x77, 0x2f, 0x74, 0x44, 0x4f, 0x80, 0x0, 0x1,
    0xff, 0x40, 0x2, 0xff, 0xff, 0xff, 0xf8, 0x0,
    0x0, 0xaf, 0xfe, 0x20, 0x2f, 0x40, 0x0, 0xf,
    0x80, 0x0, 0x5f, 0xbf, 0xcd, 0x12, 0xf7, 0x44,
    0x44, 0xf8, 0x0, 0x3f, 0xa6, 0xf2, 0xfa, 0x2f,
    0xff, 0xff, 0xff, 0x80, 0x2f, 0xd1, 0x6f, 0x6,
    0x22, 0xf4, 0x0, 0x0, 0xf8, 0x0, 0x92, 0x6,
    0xf0, 0x0, 0x2f, 0x97, 0x77, 0x7f, 0x80, 0x0,
    0x0, 0x6f, 0x0, 0x2, 0xff, 0xff, 0xff, 0xf7,
    0x0, 0x0, 0x1, 0x20, 0x0, 0x0, 0x0, 0x0,
    0x0, 0x0, 0x0, 0x4, 0x3, 0x70, 0x4e, 0x50,
    0x0, 0x1, 0x30, 0x0, 0x7, 0xf3, 0x8f, 0x2,
    0xdf, 0x90, 0x0, 0xde, 0x10, 0x1, 0xfd, 0x8,
    0xf0, 0x1, 0xcf, 0x22, 0x14, 0xfb, 0x0, 0xbf,
    0x50, 0x8f, 0x0, 0x0, 0x30, 0x8f, 0x29, 0xf5,
    0x2f, 0xb0, 0x7, 0xf9, 0x66, 0x67, 0x9e, 0xd0,
    0x1f, 0xc0, 0x31, 0x0, 0x1b, 0xff, 0xff, 0xfe,
    0xc4, 0x0, 0x30,

    /* U+610F "意" */
    0x0, 0x0, 0x0, 0x0, 0x33, 0x0, 0x0, 0x0,
    0x0, 0x0, 0x0, 0x0, 0x0, 0x1f, 0xe0, 0x0,
    0x0, 0x0, 0x0, 0x8, 0xff, 0xff, 0xff, 0xff,
    0xff, 0xff, 0xff, 0xa0, 0x0, 0x36, 0x6e, 0xf6,
    0x66, 0x66, 0x6f, 0xe6, 0x64, 0x0, 0x0, 0x0,
    0x6f, 0x60, 0x0, 0x6, 0xf6, 0x0, 0x0, 0x9,
    0xff, 0xff, 0xff, 0xff, 0xff, 0xff, 0xff, 0xff,
    0xd0, 0x46, 0x66, 0x66, 0x66, 0x66, 0x66, 0x66,
    0x66, 0x65, 0x0, 0x3, 0x66, 0x66, 0x66, 0x66,
    0x66, 0x66, 0x30, 0x0, 0x0, 0xaf, 0xff, 0xff,
    0xff, 0xff, 0xff, 0xf9, 0x0, 0x0, 0xa, 0xf0,
    0x0, 0x0, 0x0, 0x0, 0xf, 0x90, 0x0, 0x0,
    0xaf, 0xff, 0xff, 0xff, 0xff, 0xff, 0xf9, 0x0,
    0x0, 0xa, 0xf0, 0x0, 0x0, 0x0, 0x0, 0xf,
    0x90, 0x0, 0x0, 0xaf, 0xff, 0xff, 0xff, 0xff,
    0xff, 0xf9, 0x0, 0x0, 0x2, 0x44, 0x44, 0x44,
    0x44, 0x44, 0x44, 0x20, 0x0, 0x0, 0x30, 0x13,
    0x0, 0x54, 0x0, 0x0, 0x5, 0x20, 0x0, 0x2f,
    0x78, 0xf0, 0xb, 0xe0, 0x0, 0x11, 0xfc, 0x0,
    0xc, 0xe0, 0x8f, 0x0, 0x39, 0x10, 0x2f, 0x57,
    0xf6, 0x9, 0xf5, 0x7, 0xfa, 0x87, 0x88, 0x9c,
    0xf5, 0xe, 0xd0, 0x27, 0x0, 0x2c, 0xef, 0xff,
    0xff, 0xeb, 0x0, 0x65, 0x0,

    /* U+611F "感" */
    0x0, 0x0, 0x0, 0x0, 0x0, 0x0, 0x0, 0x0,
    0x0, 0x0, 0x0, 0x0, 0x0, 0x0, 0x0, 0x6,
    0xf2, 0x2e, 0x50, 0x0, 0x0, 0x47, 0x77, 0x77,
    0x77, 0x7a, 0xf9, 0x7d, 0xf8, 0x30, 0x0, 0x9f,
    0xff, 0xff, 0xff, 0xff, 0xff, 0xff, 0xff, 0x60,
    0x0, 0x9e, 0x0, 0x0, 0x0, 0x1, 0xf7, 0x0,
    0x10, 0x0, 0x0, 0x9e, 0x6f, 0xff, 0xff, 0xfa,
    0xe9, 0x0, 0xd9, 0x0, 0x0, 0x9e, 0x26, 0x66,
    0x66, 0x63, 0xbd, 0x5, 0xf2, 0x0, 0x0, 0x9e,
    0x6, 0x66, 0x66, 0x60, 0x6f, 0x2d, 0xa0, 0x0,
    0x0, 0xbd, 0x1f, 0xff, 0xff, 0xf1, 0x1f, 0xdf,
    0x21, 0x0, 0x0, 0xeb, 0x1f, 0x50, 0x4, 0xf1,
    0xa, 0xf7, 0x9, 0xd0, 0x4, 0xf7, 0x1f, 0xb8,
    0x8a, 0xf1, 0x2e, 0xf9, 0xa, 0xc0, 0xb, 0xf2,
    0xb, 0xbb, 0xbb, 0xb3, 0xee, 0x8f, 0xaf, 0x80,
    0x4, 0x70, 0x0, 0x0, 0x1, 0x7, 0xf3, 0x7,
    0xfe, 0x10, 0x0, 0x4, 0x8, 0xd0, 0x2f, 0x90,
    0x10, 0x5, 0x60, 0x0, 0x0, 0x4f, 0x79, 0xf0,
    0xa, 0xfc, 0x0, 0xd, 0xf2, 0x0, 0x0, 0xbf,
    0x19, 0xf0, 0x0, 0xa8, 0x0, 0x74, 0xfd, 0x10,
    0x6, 0xf9, 0x9, 0xf0, 0x0, 0x0, 0x2, 0xf7,
    0x6f, 0xb0, 0xe, 0xe1, 0x8, 0xfb, 0x87, 0x78,
    0xae, 0xf3, 0xb, 0x90, 0x2, 0x30, 0x1, 0xbe,
    0xff, 0xff, 0xec, 0x70, 0x0, 0x0,

    /* U+6162 "慢" */
    0x0, 0x6, 0xf0, 0x8, 0xff, 0xff, 0xff, 0xff,
    0xf7, 0x0, 0x0, 0x6f, 0x0, 0x8e, 0x22, 0x22,
    0x22, 0x2e, 0x70, 0x0, 0x6, 0xf1, 0x8, 0xfd,
    0xdd, 0xdd, 0xdd, 0xf7, 0x0, 0x10, 0x6f, 0xb0,
    0x8e, 0x33, 0x33, 0x33, 0x3f, 0x70, 0x8, 0xd6,
    0xff, 0x98, 0xf5, 0x55, 0x55, 0x55, 0xf7, 0x0,
    0xac, 0x6f, 0x8e, 0x7d, 0xdd, 0xdd, 0xdd, 0xdd,
    0x60, 0xc, 0xa6, 0xf0, 0x54, 0x44, 0x44, 0x44,
    0x44, 0x44, 0x20, 0xe9, 0x6f, 0x8, 0xff, 0xff,
    0xff, 0xff, 0xff, 0xf6, 0xf, 0x66, 0xf0, 0x8f,
    0x0, 0xf6, 0x7, 0xe0, 0x1f, 0x60, 0x73, 0x6f,
    0x8, 0xf5, 0x5f, 0x95, 0xaf, 0x56, 0xf6, 0x0,
    0x6, 0xf0, 0x6d, 0xdd, 0xdd, 0xdd, 0xdd, 0xdd,
    0x50, 0x0, 0x6f, 0x2, 0x66, 0x66, 0x66, 0x66,
    0x66, 0x50, 0x0, 0x6, 0xf0, 0x5f, 0xff, 0xff,
    0xff, 0xff, 0xfe, 0x0, 0x0, 0x6f, 0x0, 0x1e,
    0xd1, 0x0, 0x1, 0xcf, 0x50, 0x0, 0x6, 0xf0,
    0x0, 0x3e, 0xe5, 0x6, 0xef, 0x50, 0x0, 0x0,
    0x6f, 0x0, 0x0, 0x2e, 0xff, 0xfd, 0x30, 0x0,
    0x0, 0x6, 0xf0, 0x58, 0xcf, 0xff, 0xef, 0xfc,
    0x97, 0x60, 0x0, 0x6f, 0x6, 0xec, 0x95, 0x10,
    0x48, 0xce, 0xfb, 0x0, 0x0, 0x0, 0x0, 0x0,
    0x0, 0x0, 0x0, 0x0, 0x0,

    /* U+6210 "成" */
    0x0, 0x0, 0x0, 0x0, 0x0, 0x0, 0x0, 0x0,
    0x0, 0x0, 0x0, 0x0, 0x0, 0x0, 0x1, 0xf8,
    0xb, 0x90, 0x0, 0x0, 0x0, 0x0, 0x0, 0x0,
    0xf, 0x80, 0x7f, 0x50, 0x0, 0x1, 0x33, 0x33,
    0x33, 0x33, 0xfa, 0x33, 0x73, 0x30, 0x0, 0x6f,
    0xff, 0xff, 0xff, 0xff, 0xff, 0xff, 0xff, 0x0,
    0x6, 0xf4, 0x33, 0x33, 0x33, 0xeb, 0x33, 0x33,
    0x30, 0x0, 0x6f, 0x10, 0x0, 0x0, 0xc, 0xc0,
    0x0, 0x0, 0x0, 0x6, 0xf1, 0x0, 0x0, 0x0,
    0xbd, 0x0, 0x49, 0x10, 0x0, 0x6f, 0x66, 0x66,
    0x61, 0x9, 0xf0, 0x9, 0xf2, 0x0, 0x6, 0xff,
    0xff, 0xff, 0x40, 0x7f, 0x20, 0xed, 0x0, 0x0,
    0x6f, 0x0, 0x5, 0xf4, 0x4, 0xf5, 0x3f, 0x80,
    0x0, 0x7, 0xf0, 0x0, 0x6f, 0x30, 0xf, 0x99,
    0xf3, 0x0, 0x0, 0x8e, 0x0, 0x7, 0xf2, 0x0,
    0xce, 0xfc, 0x0, 0x0, 0xb, 0xc0, 0x0, 0x8f,
    0x10, 0x7, 0xff, 0x40, 0x0, 0x0, 0xea, 0x0,
    0x9, 0xf0, 0x0, 0x6f, 0xd0, 0x0, 0x0, 0x4f,
    0x60, 0x9a, 0xeb, 0x0, 0x3f, 0xff, 0x20, 0x8a,
    0x9, 0xf1, 0x8, 0xdd, 0x30, 0x5f, 0xe5, 0xfb,
    0xc, 0xb1, 0xfb, 0x0, 0x0, 0x0, 0x4f, 0xf3,
    0x7, 0xfc, 0xf5, 0x5, 0x40, 0x0, 0x0, 0x0,
    0xb2, 0x0, 0x8, 0xea, 0x0,

    /* U+6211 "我" */
    0x0, 0x0, 0x0, 0x36, 0x30, 0x6f, 0x41, 0x70,
    0x0, 0x1, 0x79, 0xbd, 0xff, 0xfa, 0x5, 0xf5,
    0x8f, 0x90, 0x0, 0xe, 0xec, 0xee, 0x41, 0x0,
    0x5f, 0x50, 0x9f, 0x50, 0x0, 0x0, 0xc, 0xe0,
    0x0, 0x4, 0xf6, 0x0, 0xdb, 0x0, 0x0, 0x0,
    0xce, 0x0, 0x0, 0x3f, 0x60, 0x1, 0x0, 0xf,
    0xff, 0xff, 0xff, 0xff, 0xff, 0xff, 0xff, 0xff,
    0xf0, 0x99, 0x99, 0xef, 0x99, 0x99, 0x9f, 0xd9,
    0x99, 0x99, 0x0, 0x0, 0xc, 0xe0, 0x0, 0x0,
    0xea, 0x0, 0x0, 0x0, 0x0, 0x0, 0xce, 0x0,
    0x0, 0xc, 0xd0, 0xc, 0x80, 0x0, 0x0, 0xc,
    0xe5, 0xae, 0x10, 0xaf, 0x6, 0xf9, 0x0, 0x2,
    0x58, 0xef, 0xff, 0xd2, 0x7, 0xf4, 0xef, 0x10,
    0xe, 0xff, 0xff, 0xf6, 0x10, 0x0, 0x3f, 0xdf,
    0x80, 0x0, 0x9a, 0x62, 0xce, 0x0, 0x0, 0x0,
    0xff, 0xd0, 0x0, 0x0, 0x0, 0xc, 0xe0, 0x0,
    0x0, 0x2f, 0xf4, 0x0, 0x0, 0x0, 0x0, 0xce,
    0x0, 0x0, 0x4e, 0xff, 0x70, 0x11, 0x0, 0x0,
    0xc, 0xe0, 0x0, 0x9f, 0xe3, 0xce, 0x17, 0xf0,
    0xe, 0xba, 0xfc, 0x1, 0xef, 0xb1, 0x3, 0xfe,
    0xfa, 0x0, 0x9d, 0xfe, 0x50, 0x8, 0x40, 0x0,
    0x5, 0xec, 0x10,

    /* U+6216 "或" */
    0x0, 0x0, 0x0, 0x0, 0x0, 0x0, 0x0, 0x0,
    0x0, 0x0, 0x0, 0x0, 0x0, 0x0, 0xe, 0xa0,
    0xc, 0x70, 0x0, 0x0, 0x0, 0x0, 0x0, 0x0,
    0xea, 0x0, 0x9f, 0x30, 0x4, 0x44, 0x44, 0x44,
    0x44, 0x4f, 0xc4, 0x45, 0xa5, 0x30, 0xef, 0xff,
    0xff, 0xff, 0xff, 0xff, 0xff, 0xff, 0xfb, 0x2,
    0x33, 0x33, 0x33, 0x33, 0x3d, 0xd3, 0x33, 0x33,
    0x20, 0x0, 0x11, 0x11, 0x11, 0x0, 0xbe, 0x0,
    0x0, 0x0, 0x0, 0x9f, 0xff, 0xff, 0xf2, 0x9,
    0xf0, 0x1, 0x91, 0x0, 0x9, 0xf6, 0x66, 0xaf,
    0x20, 0x6f, 0x20, 0x7f, 0x40, 0x0, 0x9f, 0x0,
    0x7, 0xf2, 0x3, 0xf5, 0xd, 0xe0, 0x0, 0x9,
    0xf0, 0x0, 0x7f, 0x20, 0xf, 0x84, 0xf8, 0x0,
    0x0, 0x9f, 0x88, 0x8b, 0xf2, 0x0, 0xcc, 0xcf,
    0x10, 0x0, 0x9, 0xff, 0xff, 0xff, 0x10, 0x7,
    0xff, 0x90, 0x0, 0x0, 0x0, 0x0, 0x0, 0x0,
    0x0, 0x2f, 0xf1, 0x0, 0x0, 0x0, 0x0, 0x0,
    0x4, 0x90, 0xb, 0xfe, 0x0, 0x8, 0x20, 0x3,
    0x69, 0xcf, 0xff, 0x2a, 0xfc, 0xf7, 0x2, 0xf5,
    0x9f, 0xff, 0xfd, 0x84, 0x1b, 0xfb, 0xa, 0xf2,
    0x4f, 0x26, 0xa7, 0x30, 0x0, 0xd, 0xfa, 0x0,
    0xc, 0xfe, 0xd0, 0x0, 0x0, 0x0, 0x0, 0x86,
    0x0, 0x0, 0x1a, 0xe4, 0x0,

    /* U+6234 "戴" */
    0x0, 0x0, 0x0, 0x0, 0x0, 0x0, 0x0, 0x0,
    0x0, 0x0, 0x11, 0x11, 0xda, 0x11, 0x11, 0xf,
    0x64, 0xe1, 0x0, 0x3f, 0xff, 0xff, 0xff, 0xff,
    0xf1, 0xf6, 0xd, 0xa0, 0x0, 0x22, 0x22, 0xdb,
    0x22, 0x22, 0xf, 0x60, 0x57, 0x0, 0xee, 0xee,
    0xef, 0xfe, 0xee, 0xee, 0xff, 0xee, 0xee, 0x5,
    0x55, 0x55, 0x55, 0x55, 0x55, 0x5f, 0xa5, 0x55,
    0x50, 0xe, 0xee, 0xee, 0xee, 0xee, 0xb0, 0xe8,
    0x1, 0x30, 0x0, 0xf9, 0x44, 0xcb, 0x44, 0xbc,
    0xd, 0x80, 0x5f, 0x10, 0xf, 0xed, 0xdf, 0xed,
    0xde, 0xc0, 0xca, 0x9, 0xf0, 0x0, 0xf9, 0x44,
    0xcc, 0x44, 0xbc, 0xa, 0xb0, 0xcb, 0x0, 0xf,
    0xed, 0xdf, 0xfd, 0xdf, 0xc0, 0x9d, 0x1f, 0x70,
    0x0, 0x45, 0xfa, 0x55, 0xcd, 0x53, 0x6, 0xf6,
    0xf3, 0x0, 0x18, 0x8f, 0xc8, 0x8d, 0xe8, 0x81,
    0x4f, 0xdd, 0x0, 0x1, 0xee, 0xff, 0xee, 0xff,
    0xee, 0x20, 0xff, 0x70, 0x0, 0x23, 0x3f, 0x93,
    0x3b, 0xd3, 0x33, 0xc, 0xe0, 0x13, 0xb, 0xff,
    0xff, 0xff, 0xff, 0xff, 0xd3, 0xff, 0x4, 0xf2,
    0x0, 0x6, 0x70, 0x6, 0x30, 0x0, 0xdd, 0xe8,
    0x6f, 0x0, 0x5c, 0xe5, 0x0, 0x9f, 0xb2, 0xae,
    0x25, 0xff, 0xb0, 0x3e, 0x81, 0x0, 0x0, 0x3b,
    0x2b, 0x40, 0x9, 0xe3, 0x0, 0x0, 0x0, 0x0,
    0x0, 0x0, 0x0, 0x0, 0x0, 0x0,

    /* U+6237 "户" */
    0x0, 0x0, 0x0, 0x0, 0x0, 0x0, 0x0, 0x0,
    0x0, 0x0, 0x0, 0x0, 0xb, 0xd0, 0x0, 0x0,
    0x0, 0x0, 0x0, 0x0, 0x0, 0x9f, 0x40, 0x0,
    0x0, 0x0, 0x0, 0x0, 0x0, 0x3, 0xf9, 0x0,
    0x0, 0x0, 0x0, 0x5f, 0xff, 0xff, 0xff, 0xff,
    0xff, 0xff, 0xa0, 0x5, 0xf9, 0x77, 0x77, 0x77,
    0x77, 0x77, 0xfa, 0x0, 0x5f, 0x30, 0x0, 0x0,
    0x0, 0x0, 0xe, 0xa0, 0x5, 0xf3, 0x0, 0x0,
    0x0, 0x0, 0x0, 0xea, 0x0, 0x5f, 0x30, 0x0,
    0x0, 0x0, 0x0, 0xe, 0xa0, 0x5, 0xff, 0xff,
    0xff, 0xff, 0xff, 0xff, 0xfa, 0x0, 0x5f, 0xa8,
    0x88, 0x88, 0x88, 0x88, 0x88, 0x50, 0x6, 0xf1,
    0x0, 0x0, 0x0, 0x0, 0x0, 0x0, 0x0, 0x8f,
    0x0, 0x0, 0x0, 0x0, 0x0, 0x0, 0x0, 0xc,
    0xd0, 0x0, 0x0, 0x0, 0x0, 0x0, 0x0, 0x1,
    0xf9, 0x0, 0x0, 0x0, 0x0, 0x0, 0x0, 0x0,
    0x8f, 0x40, 0x0, 0x0, 0x0, 0x0, 0x0, 0x0,
    0x3f, 0xc0, 0x0, 0x0, 0x0, 0x0, 0x0, 0x0,
    0xc, 0xf4, 0x0, 0x0, 0x0, 0x0, 0x0, 0x0,
    0x0, 0x16, 0x0, 0x0, 0x0, 0x0, 0x0, 0x0,
    0x0, 0x0,

    /* U+623F "房" */
    0x0, 0x0, 0x0, 0x0, 0x0, 0x0, 0x0, 0x0,
    0x0, 0x0, 0x0, 0x0, 0x0, 0x0, 0xdc, 0x0,
    0x0, 0x0, 0x0, 0x0, 0x26, 0x66, 0x66, 0x6b,
    0xf8, 0x66, 0x66, 0x62, 0x0, 0x7, 0xff, 0xff,
    0xff, 0xff, 0xff, 0xff, 0xff, 0x70, 0x0, 0x7f,
    0x10, 0x0, 0x0, 0x0, 0x0, 0x2, 0xf7, 0x0,
    0x7, 0xf1, 0x0, 0x0, 0x0, 0x0, 0x0, 0x2f,
    0x70, 0x0, 0x7f, 0xff, 0xff, 0xff, 0xff, 0xff,
    0xff, 0xf7, 0x0, 0x7, 0xf7, 0x77, 0x77, 0x77,
    0x77, 0x77, 0x77, 0x30, 0x0, 0x7f, 0x10, 0x0,
    0x0, 0xd9, 0x0, 0x0, 0x0, 0x0, 0x8, 0xf8,
    0x77, 0x77, 0x7d, 0xf7, 0x77, 0x77, 0x75, 0x0,
    0x8f, 0xff, 0xff, 0xff, 0xff, 0xff, 0xff, 0xff,
    0xb0, 0x9, 0xf0, 0x0, 0xa, 0xd0, 0x0, 0x0,
    0x0, 0x0, 0x0, 0xbe, 0x0, 0x0, 0xcd, 0x77,
    0x77, 0x77, 0x73, 0x0, 0xd, 0xc0, 0x0, 0x1f,
    0xff, 0xff, 0xff, 0xff, 0x60, 0x0, 0xf9, 0x0,
    0x8, 0xf2, 0x0, 0x0, 0x2, 0xf6, 0x0, 0x5f,
    0x50, 0x5, 0xfa, 0x0, 0x0, 0x0, 0x2f, 0x50,
    0xa, 0xf1, 0x4, 0xfd, 0x10, 0x0, 0x0, 0x4,
    0xf4, 0x2, 0xfa, 0x8, 0xfd, 0x20, 0x0, 0xbd,
    0xb9, 0xef, 0x10, 0xb, 0x20, 0x7b, 0x10, 0x0,
    0x5, 0xbe, 0xfe, 0x70, 0x0, 0x0, 0x0, 0x0,
    0x0, 0x0, 0x0, 0x0, 0x0, 0x0,

    /* U+624B "手" */
    0x0, 0x0, 0x0, 0x0, 0x0, 0x0, 0x0, 0x0,
    0x0, 0x0, 0x0, 0x0, 0x0, 0x0, 0x24, 0x7a,
    0xdf, 0x30, 0x7, 0x78, 0x89, 0xbc, 0xef, 0xff,
    0xfd, 0xb8, 0x30, 0xc, 0xff, 0xfe, 0xdc, 0xef,
    0x63, 0x0, 0x0, 0x0, 0x1, 0x10, 0x0, 0x0,
    0x8f, 0x0, 0x0, 0x0, 0x0, 0x0, 0x0, 0x0,
    0x0, 0x8f, 0x0, 0x0, 0x0, 0x0, 0x5, 0x88,
    0x88, 0x88, 0xcf, 0x88, 0x88, 0x88, 0x50, 0xa,
    0xff, 0xff, 0xff, 0xff, 0xff, 0xff, 0xff, 0xa0,
    0x0, 0x0, 0x0, 0x0, 0x9f, 0x0, 0x0, 0x0,
    0x0, 0x0, 0x0, 0x0, 0x0, 0x8f, 0x0, 0x0,
    0x0, 0x0, 0x0, 0x0, 0x0, 0x0, 0x9f, 0x0,
    0x0, 0x0, 0x0, 0xff, 0xff, 0xff, 0xff, 0xff,
    0xff, 0xff, 0xff, 0xff, 0x88, 0x88, 0x88, 0x88,
    0xcf, 0x88, 0x88, 0x88, 0x88, 0x0, 0x0, 0x0,
    0x0, 0x8f, 0x0, 0x0, 0x0, 0x0, 0x0, 0x0,
    0x0, 0x0, 0x8f, 0x0, 0x0, 0x0, 0x0, 0x0,
    0x0, 0x0, 0x0, 0x8f, 0x0, 0x0, 0x0, 0x0,
    0x0, 0x0, 0x0, 0x0, 0x9f, 0x0, 0x0, 0x0,
    0x0, 0x0, 0x0, 0xb, 0xb9, 0xee, 0x0, 0x0,
    0x0, 0x0, 0x0, 0x0, 0x9, 0xef, 0xe6, 0x0,
    0x0, 0x0, 0x0,

    /* U+624D "才" */
    0x0, 0x0, 0x0, 0x0, 0x0, 0x0, 0xdc, 0x0,
    0x0, 0x0, 0x0, 0x0, 0x0, 0x0, 0x0, 0xdc,
    0x0, 0x0, 0x0, 0x0, 0x0, 0x0, 0x0, 0x0,
    0xdc, 0x0, 0x0, 0x18, 0x88, 0x88, 0x88, 0x88,
    0x88, 0xee, 0x88, 0x86, 0x3f, 0xff, 0xff, 0xff,
    0xff, 0xff, 0xff, 0xff, 0xfb, 0x0, 0x0, 0x0,
    0x0, 0x0, 0x9, 0xfc, 0x0, 0x0, 0x0, 0x0,
    0x0, 0x0, 0x0, 0x7f, 0xfc, 0x0, 0x0, 0x0,
    0x0, 0x0, 0x0, 0x5, 0xfc, 0xdc, 0x0, 0x0,
    0x0, 0x0, 0x0, 0x0, 0x5f, 0xd1, 0xdc, 0x0,
    0x0, 0x0, 0x0, 0x0, 0x6, 0xfd, 0x10, 0xdc,
    0x0, 0x0, 0x0, 0x0, 0x0, 0x8f, 0xc1, 0x0,
    0xdc, 0x0, 0x0, 0x0, 0x0, 0x1c, 0xfb, 0x0,
    0x0, 0xdc, 0x0, 0x0, 0x0, 0x5, 0xef, 0x70,
    0x0, 0x0, 0xdc, 0x0, 0x0, 0x3, 0xcf, 0xd3,
    0x0, 0x0, 0x0, 0xdc, 0x0, 0x0, 0x8, 0xf8,
    0x0, 0x0, 0x0, 0x0, 0xdc, 0x0, 0x0, 0x0,
    0x10, 0x0, 0x0, 0x0, 0x0, 0xdc, 0x0, 0x0,
    0x0, 0x0, 0x0, 0x0, 0x58, 0x77, 0xfb, 0x0,
    0x0, 0x0, 0x0, 0x0, 0x0, 0x6f, 0xff, 0xe3,
    0x0, 0x0, 0x0, 0x0, 0x0, 0x0, 0x0, 0x0,
    0x0, 0x0, 0x0,

    /* U+6253 "打" */
    0x0, 0x1, 0xf7, 0x0, 0x1f, 0xff, 0xff, 0xff,
    0xff, 0xf0, 0x0, 0x1f, 0x70, 0x0, 0x77, 0x77,
    0x7e, 0xd7, 0x77, 0x0, 0x1, 0xf7, 0x0, 0x0,
    0x0, 0x0, 0xdb, 0x0, 0x0, 0xff, 0xff, 0xff,
    0xd0, 0x0, 0x0, 0xd, 0xb0, 0x0, 0x8, 0x89,
    0xfc, 0x87, 0x0, 0x0, 0x0, 0xdb, 0x0, 0x0,
    0x0, 0x1f, 0x70, 0x0, 0x0, 0x0, 0xd, 0xb0,
    0x0, 0x0, 0x1, 0xf7, 0x0, 0x0, 0x0, 0x0,
    0xdb, 0x0, 0x0, 0x0, 0x1f, 0x70, 0x20, 0x0,
    0x0, 0xd, 0xb0, 0x0, 0x0, 0x1, 0xfa, 0xbf,
    0x10, 0x0, 0x0, 0xdb, 0x0, 0x0, 0x3, 0x9f,
    0xfe, 0x70, 0x0, 0x0, 0xd, 0xb0, 0x0, 0x1e,
    0xff, 0xf9, 0x0, 0x0, 0x0, 0x0, 0xdb, 0x0,
    0x0, 0xc9, 0x4f, 0x70, 0x0, 0x0, 0x0, 0xd,
    0xb0, 0x0, 0x0, 0x1, 0xf7, 0x0, 0x0, 0x0,
    0x0, 0xdb, 0x0, 0x0, 0x0, 0x1f, 0x70, 0x0,
    0x0, 0x0, 0xd, 0xb0, 0x0, 0x0, 0x1, 0xf7,
    0x0, 0x0, 0x0, 0x0, 0xdb, 0x0, 0x0, 0x0,
    0x1f, 0x70, 0x0, 0x0, 0x0, 0xe, 0xb0, 0x0,
    0x9, 0x9a, 0xf6, 0x0, 0x0, 0x6, 0x9a, 0xf9,
    0x0, 0x0, 0x9f, 0xfe, 0x10, 0x0, 0x0, 0x6e,
    0xfc, 0x20, 0x0, 0x0, 0x0, 0x0, 0x0, 0x0,
    0x0, 0x0, 0x0, 0x0, 0x0,

    /* U+6263 "扣" */
    0x0, 0x4, 0xf4, 0x0, 0x0, 0x0, 0x0, 0x0,
    0x0, 0x0, 0x4, 0xf4, 0x0, 0x8, 0x88, 0x88,
    0x88, 0x80, 0x0, 0x4, 0xf4, 0x0, 0xe, 0xfd,
    0xdd, 0xde, 0xf1, 0x7f, 0xff, 0xff, 0xfe, 0xe,
    0xa0, 0x0, 0x7, 0xf1, 0x48, 0x8a, 0xfa, 0x87,
    0xe, 0xa0, 0x0, 0x7, 0xf1, 0x0, 0x4, 0xf4,
    0x0, 0xe, 0xa0, 0x0, 0x7, 0xf1, 0x0, 0x4,
    0xf4, 0x0, 0xe, 0xa0, 0x0, 0x7, 0xf1, 0x0,
    0x4, 0xf4, 0x2, 0xe, 0xa0, 0x0, 0x7, 0xf1,
    0x0, 0x4, 0xfa, 0xee, 0xe, 0xa0, 0x0, 0x7,
    0xf1, 0x3, 0x7d, 0xff, 0xc4, 0xe, 0xa0, 0x0,
    0x7, 0xf1, 0xcf, 0xff, 0xf6, 0x0, 0xe, 0xa0,
    0x0, 0x7, 0xf1, 0x89, 0x45, 0xf4, 0x0, 0xe,
    0xa0, 0x0, 0x7, 0xf1, 0x0, 0x4, 0xf4, 0x0,
    0xe, 0xa0, 0x0, 0x7, 0xf1, 0x0, 0x4, 0xf4,
    0x0, 0xe, 0xa0, 0x0, 0x7, 0xf1, 0x0, 0x4,
    0xf4, 0x0, 0xe, 0xd8, 0x88, 0x8c, 0xf1, 0x0,
    0x5, 0xf4, 0x0, 0xe, 0xff, 0xff, 0xff, 0xf1,
    0xa, 0xad, 0xf3, 0x0, 0xe, 0xa0, 0x0, 0x7,
    0xf1, 0x9, 0xff, 0xa0, 0x0, 0x3, 0x20, 0x0,
    0x1, 0x20,

    /* U+626B "扫" */
    0x0, 0x1, 0xf7, 0x0, 0x0, 0x0, 0x0, 0x0,
    0x0, 0x0, 0x0, 0x1f, 0x70, 0x1, 0x11, 0x11,
    0x11, 0x11, 0x10, 0x0, 0x1, 0xf7, 0x0, 0xbf,
    0xff, 0xff, 0xff, 0xff, 0x10, 0xff, 0xff, 0xff,
    0xd3, 0x44, 0x44, 0x44, 0x4a, 0xf1, 0x8, 0x89,
    0xfc, 0x87, 0x0, 0x0, 0x0, 0x0, 0x9f, 0x10,
    0x0, 0x1f, 0x70, 0x0, 0x0, 0x0, 0x0, 0x9,
    0xf1, 0x0, 0x1, 0xf7, 0x0, 0x0, 0x0, 0x0,
    0x0, 0x9f, 0x10, 0x0, 0x1f, 0x70, 0x22, 0x44,
    0x44, 0x44, 0x4a, 0xf1, 0x0, 0x1, 0xfb, 0xcf,
    0x7f, 0xff, 0xff, 0xff, 0xff, 0x10, 0x5, 0xaf,
    0xfc, 0x41, 0x33, 0x33, 0x33, 0x3a, 0xf1, 0x1f,
    0xff, 0xf9, 0x0, 0x0, 0x0, 0x0, 0x0, 0x9f,
    0x10, 0xb8, 0x3f, 0x70, 0x0, 0x0, 0x0, 0x0,
    0x9, 0xf1, 0x0, 0x1, 0xf7, 0x0, 0x0, 0x0,
    0x0, 0x0, 0x9f, 0x10, 0x0, 0x1f, 0x70, 0x0,
    0x0, 0x0, 0x0, 0x9, 0xf1, 0x0, 0x1, 0xf7,
    0x0, 0x88, 0x88, 0x88, 0x88, 0xcf, 0x10, 0x0,
    0x1f, 0x70, 0x1f, 0xff, 0xff, 0xff, 0xff, 0xf1,
    0xa, 0xbb, 0xf6, 0x0, 0x0, 0x0, 0x0, 0x0,
    0x9f, 0x10, 0x8e, 0xfd, 0x10, 0x0, 0x0, 0x0,
    0x0, 0x0, 0x10,

    /* U+626C "扬" */
    0x0, 0x9, 0xf0, 0x0, 0xff, 0xff, 0xff, 0xff,
    0xf1, 0x0, 0x0, 0x9f, 0x0, 0x8, 0x99, 0x99,
    0x9d, 0xfd, 0x0, 0x0, 0x9, 0xf0, 0x0, 0x0,
    0x0, 0x5, 0xfd, 0x10, 0x0, 0xbf, 0xff, 0xff,
    0x10, 0x0, 0x8, 0xfc, 0x10, 0x0, 0x6, 0x8c,
    0xf8, 0x80, 0x0, 0x1b, 0xfa, 0x0, 0x0, 0x0,
    0x0, 0x9f, 0x0, 0x0, 0x5e, 0xf7, 0x0, 0x0,
    0x0, 0x0, 0x9, 0xf0, 0x3, 0xcf, 0xe6, 0x33,
    0x33, 0x33, 0x10, 0x0, 0x9f, 0x0, 0x4f, 0xff,
    0xff, 0xff, 0xff, 0xf4, 0x0, 0x9, 0xf5, 0x90,
    0x23, 0x7f, 0x63, 0xfa, 0x7f, 0x40, 0x3, 0xcf,
    0xfc, 0x0, 0xa, 0xe0, 0x4f, 0x55, 0xf4, 0xd,
    0xff, 0xf5, 0x0, 0x2, 0xf8, 0x8, 0xf1, 0x5f,
    0x30, 0xaa, 0xcf, 0x0, 0x0, 0xcf, 0x10, 0xeb,
    0x6, 0xf3, 0x0, 0x9, 0xf0, 0x0, 0x9f, 0x60,
    0x7f, 0x40, 0x6f, 0x20, 0x0, 0x9f, 0x0, 0x8f,
    0x90, 0x2f, 0xc0, 0x7, 0xf1, 0x0, 0x9, 0xf0,
    0x3f, 0xa0, 0xd, 0xf2, 0x0, 0x9f, 0x0, 0x0,
    0x9f, 0x0, 0x30, 0xc, 0xf6, 0x0, 0xb, 0xe0,
    0x7, 0x9e, 0xe0, 0x0, 0xd, 0xf8, 0x4, 0xa9,
    0xfb, 0x0, 0x5e, 0xf7, 0x0, 0x0, 0x87, 0x0,
    0x3d, 0xec, 0x20,

    /* U+627E "找" */
    0x0, 0x1, 0xf7, 0x0, 0x0, 0x8, 0xf0, 0x23,
    0x0, 0x0, 0x0, 0x1f, 0x70, 0x0, 0x0, 0x8f,
    0xb, 0xf8, 0x0, 0x0, 0x1, 0xf7, 0x0, 0x0,
    0x7, 0xf1, 0xa, 0xf7, 0x0, 0xff, 0xff, 0xff,
    0xd0, 0x0, 0x7f, 0x10, 0x6, 0x0, 0x8, 0x89,
    0xfc, 0x87, 0x0, 0x6, 0xf7, 0x8a, 0xdf, 0x50,
    0x0, 0x1f, 0x70, 0x9, 0xce, 0xff, 0xff, 0xdb,
    0x83, 0x0, 0x1, 0xf7, 0x0, 0xec, 0xaa, 0xf7,
    0x0, 0x0, 0x0, 0x0, 0x1f, 0x70, 0x20, 0x0,
    0x2f, 0x80, 0xc, 0xc0, 0x0, 0x1, 0xfb, 0xbf,
    0x10, 0x0, 0xfb, 0x4, 0xf8, 0x0, 0x4, 0xaf,
    0xfd, 0x60, 0x0, 0xd, 0xd0, 0xde, 0x0, 0x1e,
    0xff, 0xf9, 0x0, 0x0, 0x0, 0x9f, 0xaf, 0x50,
    0x0, 0xb8, 0x4f, 0x70, 0x0, 0x0, 0x5, 0xff,
    0xa0, 0x0, 0x0, 0x1, 0xf7, 0x0, 0x0, 0x0,
    0x8f, 0xd0, 0x0, 0x0, 0x0, 0x1f, 0x70, 0x0,
    0x0, 0x9f, 0xff, 0x0, 0x44, 0x0, 0x1, 0xf7,
    0x0, 0x3, 0xdf, 0xa4, 0xf7, 0xa, 0xd0, 0x0,
    0x1f, 0x70, 0x1a, 0xff, 0x60, 0xc, 0xf2, 0xda,
    0xa, 0xbb, 0xf6, 0x1, 0xe9, 0x10, 0x0, 0x3f,
    0xff, 0x60, 0x8e, 0xfd, 0x10, 0x0, 0x0, 0x0,
    0x0, 0x5e, 0xb0,

    /* U+627F "承" */
    0x0, 0xe, 0xff, 0xff, 0xff, 0xff, 0xff, 0xff,
    0xa0, 0x0, 0x0, 0x4, 0x55, 0x55, 0x55, 0x55,
    0x5a, 0xff, 0x70, 0x0, 0x0, 0x0, 0x0, 0x0,
    0x0, 0x5, 0xdf, 0xa2, 0x0, 0x0, 0x0, 0x0,
    0x0, 0x0, 0x6, 0xdf, 0xb3, 0x0, 0x0, 0x0,
    0x0, 0x0, 0x0, 0x0, 0xf, 0xd3, 0x1, 0x40,
    0x2, 0x0, 0x7, 0xee, 0xee, 0x46, 0x6f, 0xb6,
    0x4a, 0xe0, 0x2e, 0x90, 0x4, 0x99, 0xbf, 0x4f,
    0xff, 0xff, 0xa7, 0xf2, 0xde, 0x20, 0x0, 0x0,
    0x5f, 0x20, 0xf, 0x90, 0x5, 0xff, 0xc2, 0x0,
    0x0, 0x0, 0x7f, 0x35, 0x5f, 0xb5, 0x53, 0xfa,
    0x0, 0x0, 0x0, 0x0, 0x9e, 0x7f, 0xff, 0xff,
    0xf3, 0xeb, 0x0, 0x0, 0x0, 0x0, 0xdb, 0x0,
    0xf, 0x90, 0x0, 0xaf, 0x0, 0x0, 0x0, 0x2,
    0xf8, 0x33, 0x3f, 0xa3, 0x33, 0x5f, 0x60, 0x0,
    0x0, 0x9, 0xf3, 0xff, 0xff, 0xff, 0xff, 0x1f,
    0xd0, 0x0, 0x0, 0x2f, 0xb0, 0x11, 0x1f, 0x91,
    0x11, 0x9, 0xf5, 0x0, 0x1, 0xcf, 0x20, 0x0,
    0xf, 0x90, 0x0, 0x1, 0xfe, 0x10, 0xc, 0xf7,
    0x0, 0x0, 0xf, 0x90, 0x0, 0x0, 0x7f, 0xb0,
    0x9, 0x80, 0x3, 0xa9, 0x8f, 0x80, 0x0, 0x0,
    0xb, 0x90, 0x0, 0x0, 0x2, 0xde, 0xfe, 0x30,
    0x0, 0x0, 0x0, 0x0,

    /* U+628A "把" */
    0x0, 0x9, 0xf0, 0x0, 0xef, 0xff, 0xff, 0xff,
    0xff, 0x0, 0x0, 0x9, 0xf0, 0x0, 0xed, 0x77,
    0xcf, 0x77, 0xcf, 0x0, 0x0, 0x9, 0xf0, 0x0,
    0xea, 0x0, 0x9e, 0x0, 0x8f, 0x0, 0xb, 0xff,
    0xff, 0xf1, 0xea, 0x0, 0x9e, 0x0, 0x8f, 0x0,
    0x6, 0x8c, 0xf8, 0x80, 0xea, 0x0, 0x9e, 0x0,
    0x8f, 0x0, 0x0, 0x9, 0xf0, 0x0, 0xea, 0x0,
    0x9e, 0x0, 0x8f, 0x0, 0x0, 0x9, 0xf0, 0x0,
    0xea, 0x0, 0x9e, 0x0, 0x8f, 0x0, 0x0, 0x9,
    0xf0, 0x0, 0xea, 0x0, 0x9e, 0x0, 0x9f, 0x0,
    0x0, 0x9, 0xf5, 0x90, 0xef, 0xff, 0xff, 0xff,
    0xff, 0x0, 0x0, 0x3c, 0xff, 0xc0, 0xec, 0x77,
    0x77, 0x77, 0x77, 0x0, 0xd, 0xff, 0xf5, 0x0,
    0xea, 0x0, 0x0, 0x0, 0x0, 0x0, 0xa, 0xbc,
    0xf0, 0x0, 0xea, 0x0, 0x0, 0x0, 0x0, 0x0,
    0x0, 0x9, 0xf0, 0x0, 0xea, 0x0, 0x0, 0x0,
    0x2, 0x10, 0x0, 0x9, 0xf0, 0x0, 0xea, 0x0,
    0x0, 0x0, 0x8, 0xf0, 0x0, 0x9, 0xf0, 0x0,
    0xea, 0x0, 0x0, 0x0, 0xb, 0xe0, 0x0, 0x9,
    0xf0, 0x0, 0xeb, 0x0, 0x0, 0x0, 0x1f, 0xb0,
    0x6, 0x9e, 0xe0, 0x0, 0xcf, 0xeb, 0xaa, 0xab,
    0xff, 0x60, 0x6, 0xef, 0x70, 0x0, 0x3b, 0xdf,
    0xff, 0xfe, 0xd8, 0x0,

    /* U+629B "抛" */
    0x0, 0xf, 0x70, 0x3, 0xf3, 0x0, 0x0, 0xf7,
    0x0, 0x0, 0x0, 0xf, 0x70, 0x3, 0xf3, 0x0,
    0x0, 0xf7, 0x0, 0x0, 0x0, 0xf, 0x70, 0x3,
    0xf2, 0x0, 0x13, 0xf9, 0x33, 0x0, 0xb, 0xcf,
    0xda, 0x2a, 0xf9, 0x87, 0x5f, 0xff, 0xff, 0x40,
    0xb, 0xbf, 0xd9, 0x4f, 0xff, 0xfe, 0x14, 0xf9,
    0x6f, 0x40, 0x0, 0xf, 0x70, 0x5, 0xf1, 0x7e,
    0x1, 0xf6, 0x3f, 0x40, 0x0, 0xf, 0x70, 0x6,
    0xf0, 0x7e, 0x2, 0xf5, 0x3f, 0x30, 0x0, 0xf,
    0xb7, 0x7, 0xf0, 0x7e, 0x3, 0xf4, 0x3f, 0x30,
    0x0, 0x2f, 0xf8, 0x9, 0xe0, 0x7e, 0x5, 0xf2,
    0x3f, 0x30, 0xb, 0xff, 0x90, 0xa, 0xc0, 0x7e,
    0x7, 0xf0, 0x3f, 0x20, 0xb, 0x9f, 0x70, 0xc,
    0xa0, 0x7e, 0xb, 0xc0, 0x4f, 0x10, 0x0, 0xf,
    0x70, 0xf, 0x70, 0x7e, 0xf, 0x80, 0x5f, 0x0,
    0x0, 0xf, 0x70, 0x2f, 0x40, 0x7e, 0x7f, 0x32,
    0x9d, 0x0, 0x0, 0xf, 0x70, 0x6f, 0x10, 0x7e,
    0xaa, 0xf, 0xf8, 0x0, 0x0, 0xf, 0x70, 0xbd,
    0x0, 0x7e, 0x1, 0x3, 0x44, 0x60, 0x0, 0xf,
    0x71, 0xf8, 0x0, 0x7f, 0x0, 0x0, 0x8, 0xf0,
    0x3, 0x5f, 0x78, 0xf2, 0x0, 0x6f, 0x85, 0x55,
    0x7e, 0xb0, 0x8, 0xfd, 0x25, 0x90, 0x0, 0x1c,
    0xff, 0xff, 0xfe, 0x30,

    /* U+62C9 "拉" */
    0x0, 0x0, 0x0, 0x0, 0x0, 0x0, 0x0, 0x0,
    0x0, 0x0, 0x0, 0x5f, 0x30, 0x0, 0x0, 0x5e,
    0x20, 0x0, 0x0, 0x0, 0x5, 0xf3, 0x0, 0x0,
    0x3, 0xf7, 0x0, 0x0, 0x0, 0x0, 0x5f, 0x30,
    0x0, 0x0, 0xe, 0xc0, 0x0, 0x0, 0xe, 0xff,
    0xff, 0xf6, 0xce, 0xee, 0xff, 0xee, 0xee, 0x30,
    0x78, 0xbf, 0xa8, 0x38, 0x99, 0x99, 0x99, 0x99,
    0x92, 0x0, 0x5, 0xf3, 0x0, 0x0, 0x10, 0x0,
    0x3, 0x71, 0x0, 0x0, 0x5f, 0x30, 0x1, 0xe8,
    0x0, 0x0, 0x7f, 0x50, 0x0, 0x5, 0xf3, 0x11,
    0xe, 0xc0, 0x0, 0xa, 0xf1, 0x0, 0x0, 0x5f,
    0xcf, 0x60, 0xbf, 0x0, 0x0, 0xee, 0x0, 0x1,
    0x7d, 0xff, 0x80, 0x7, 0xf3, 0x0, 0x1f, 0xa0,
    0x2, 0xff, 0xff, 0x40, 0x0, 0x4f, 0x50, 0x4,
    0xf6, 0x0, 0xa, 0x55, 0xf3, 0x0, 0x2, 0xf8,
    0x0, 0x9f, 0x20, 0x0, 0x0, 0x5f, 0x30, 0x0,
    0xf, 0xa0, 0xd, 0xe0, 0x0, 0x0, 0x5, 0xf3,
    0x0, 0x0, 0xec, 0x1, 0xfa, 0x0, 0x0, 0x0,
    0x5f, 0x30, 0x0, 0x6, 0x30, 0x6f, 0x50, 0x0,
    0x0, 0x5, 0xf3, 0x5, 0x77, 0x77, 0x7c, 0xf8,
    0x77, 0x60, 0xaa, 0xcf, 0x20, 0xaf, 0xff, 0xff,
    0xff, 0xff, 0xfd, 0x7, 0xef, 0xa0, 0x0, 0x0,
    0x0, 0x0, 0x0, 0x0, 0x0,

    /* U+62CD "拍" */
    0x0, 0x0, 0x0, 0x0, 0x0, 0x0, 0x0, 0x0,
    0x0, 0x0, 0x0, 0x1f, 0x70, 0x0, 0x0, 0xb,
    0xd0, 0x0, 0x0, 0x0, 0x1, 0xf7, 0x0, 0x0,
    0x0, 0xfc, 0x0, 0x0, 0x0, 0x0, 0x1f, 0x70,
    0x0, 0x99, 0xbf, 0xc9, 0x99, 0x90, 0xf, 0xff,
    0xff, 0xfd, 0x1f, 0xed, 0xdd, 0xdd, 0xef, 0x10,
    0x88, 0x9f, 0xc8, 0x71, 0xf7, 0x0, 0x0, 0x7,
    0xf1, 0x0, 0x1, 0xf7, 0x0, 0x1f, 0x70, 0x0,
    0x0, 0x7f, 0x10, 0x0, 0x1f, 0x70, 0x1, 0xf7,
    0x0, 0x0, 0x7, 0xf1, 0x0, 0x1, 0xf7, 0x2,
    0x1f, 0x70, 0x0, 0x0, 0x7f, 0x10, 0x0, 0x1f,
    0xab, 0xf2, 0xfc, 0x88, 0x88, 0x8c, 0xf1, 0x0,
    0x4a, 0xff, 0xd6, 0x1f, 0xff, 0xff, 0xff, 0xff,
    0x11, 0xff, 0xff, 0x90, 0x1, 0xf7, 0x0, 0x0,
    0x7, 0xf1, 0xa, 0x73, 0xf7, 0x0, 0x1f, 0x70,
    0x0, 0x0, 0x7f, 0x10, 0x0, 0x1f, 0x70, 0x1,
    0xf7, 0x0, 0x0, 0x7, 0xf1, 0x0, 0x1, 0xf7,
    0x0, 0x1f, 0x70, 0x0, 0x0, 0x7f, 0x10, 0x0,
    0x1f, 0x70, 0x1, 0xfc, 0x88, 0x88, 0x8c, 0xf1,
    0x0, 0x1, 0xf7, 0x0, 0x1f, 0xff, 0xff, 0xff,
    0xff, 0x10, 0xcc, 0xbf, 0x60, 0x1, 0xf7, 0x0,
    0x0, 0x7, 0xf1, 0x8, 0xdf, 0xd1, 0x0, 0x1f,
    0x70, 0x0, 0x0, 0x7e, 0x10,

    /* U+62D6 "拖" */
    0x0, 0x0, 0x0, 0x0, 0x0, 0x0, 0x0, 0x0,
    0x0, 0x0, 0x0, 0x8f, 0x10, 0x0, 0xe, 0x80,
    0x0, 0x0, 0x0, 0x0, 0x8, 0xf1, 0x0, 0x6,
    0xf2, 0x0, 0x0, 0x0, 0x0, 0x0, 0x8f, 0x10,
    0x0, 0xef, 0xff, 0xff, 0xff, 0xf8, 0xe, 0xff,
    0xff, 0xa0, 0x9f, 0x88, 0x88, 0x88, 0x88, 0x40,
    0xbc, 0xef, 0xc7, 0x5f, 0x60, 0x0, 0x0, 0x0,
    0x0, 0x0, 0x8, 0xf1, 0x3f, 0xb0, 0x0, 0x7f,
    0x0, 0x0, 0x0, 0x0, 0x8f, 0x10, 0x81, 0xf7,
    0x7, 0xf0, 0x0, 0x50, 0x0, 0x8, 0xf1, 0x10,
    0xf, 0x70, 0x7f, 0x6b, 0xff, 0x0, 0x0, 0x8f,
    0x9f, 0x0, 0xf9, 0x7d, 0xff, 0xed, 0xf0, 0x0,
    0x6d, 0xff, 0x84, 0x8f, 0xff, 0xef, 0x30, 0x8f,
    0x0, 0xef, 0xff, 0x20, 0xbe, 0xf9, 0x17, 0xf0,
    0x9, 0xe0, 0x7, 0x79, 0xf1, 0x1, 0xf, 0x70,
    0x7f, 0x0, 0xad, 0x0, 0x0, 0x8f, 0x10, 0x0,
    0xf7, 0x7, 0xf3, 0x4e, 0xb0, 0x0, 0x8, 0xf1,
    0x0, 0xf, 0x70, 0x7f, 0x5f, 0xe5, 0x0, 0x0,
    0x8f, 0x10, 0x0, 0xf7, 0x6, 0xe0, 0x0, 0x9c,
    0x0, 0x8, 0xf1, 0x0, 0xf, 0x70, 0x0, 0x0,
    0xb, 0xc0, 0x99, 0xef, 0x0, 0x0, 0xfd, 0x87,
    0x78, 0x8a, 0xf7, 0x8, 0xff, 0x70, 0x0, 0x4,
    0xbd, 0xee, 0xed, 0xc9, 0x0,

    /* U+62DF "拟" */
    0x0, 0x0, 0x0, 0x0, 0x0, 0x0, 0x0, 0x0,
    0x0, 0x0, 0x0, 0x8f, 0x10, 0x0, 0x7, 0xc0,
    0x0, 0x8e, 0x0, 0x0, 0x8, 0xf1, 0x0, 0x52,
    0x5f, 0x50, 0x9, 0xe0, 0x0, 0x0, 0x8f, 0x10,
    0xf, 0x70, 0xdc, 0x0, 0x9e, 0x0, 0xe, 0xff,
    0xff, 0x90, 0xf7, 0x6, 0xf3, 0x9, 0xe0, 0x0,
    0x78, 0xcf, 0x85, 0xf, 0x70, 0x1f, 0x80, 0xad,
    0x0, 0x0, 0x8, 0xf1, 0x0, 0xf7, 0x0, 0xbe,
    0xb, 0xc0, 0x0, 0x0, 0x8f, 0x10, 0xf, 0x70,
    0x4, 0x60, 0xcb, 0x0, 0x0, 0x8, 0xf1, 0x30,
    0xf7, 0x0, 0x0, 0xe, 0xa0, 0x0, 0x0, 0x8f,
    0xcf, 0x1f, 0x70, 0x0, 0x0, 0xf8, 0x0, 0x2,
    0x8e, 0xfe, 0x60, 0xf7, 0x0, 0x0, 0x3f, 0x60,
    0x0, 0xef, 0xff, 0x10, 0xf, 0x70, 0x0, 0x6,
    0xf3, 0x0, 0x6, 0x58, 0xf1, 0x0, 0xf7, 0x1,
    0x0, 0xbf, 0x0, 0x0, 0x0, 0x8f, 0x10, 0xf,
    0x75, 0xf2, 0x2f, 0xf4, 0x0, 0x0, 0x8, 0xf1,
    0x0, 0xfd, 0xf9, 0xb, 0xfe, 0xe1, 0x0, 0x0,
    0x8f, 0x10, 0xf, 0xf5, 0x6, 0xfa, 0x2f, 0xb0,
    0x0, 0x8, 0xf1, 0x0, 0x33, 0x5, 0xfd, 0x10,
    0x7f, 0x40, 0x99, 0xef, 0x0, 0x0, 0x4, 0xfe,
    0x20, 0x0, 0xeb, 0x8, 0xff, 0x70, 0x0, 0x0,
    0xa, 0x10, 0x0, 0x5, 0x20,

    /* U+62E9 "择" */
    0x0, 0x9, 0xf0, 0x8, 0xff, 0xff, 0xff, 0xff,
    0xf6, 0x0, 0x0, 0x9f, 0x0, 0x39, 0xfa, 0x66,
    0x66, 0xdf, 0x20, 0x0, 0x9, 0xf0, 0x0, 0xd,
    0xe1, 0x0, 0x5f, 0xa0, 0x0, 0xbf, 0xff, 0xff,
    0x10, 0x4f, 0xc1, 0x5f, 0xe1, 0x0, 0x6, 0x8c,
    0xf8, 0x80, 0x0, 0x8f, 0xef, 0xf4, 0x0, 0x0,
    0x0, 0x9f, 0x0, 0x0, 0x1, 0xef, 0xf8, 0x0,
    0x0, 0x0, 0x9, 0xf0, 0x1, 0x5a, 0xff, 0xcf,
    0xfd, 0x62, 0x0, 0x0, 0x9f, 0x1, 0xff, 0xfb,
    0x40, 0x19, 0xff, 0xf9, 0x0, 0x9, 0xf3, 0x86,
    0x51, 0x1, 0xe7, 0x0, 0x47, 0x30, 0x3, 0xcf,
    0xfc, 0x3, 0x44, 0x4f, 0x94, 0x44, 0x20, 0xd,
    0xff, 0xf4, 0x0, 0xff, 0xff, 0xff, 0xff, 0xfb,
    0x0, 0x89, 0xbf, 0x0, 0x2, 0x22, 0x3f, 0x92,
    0x22, 0x10, 0x0, 0x9, 0xf0, 0x0, 0x0, 0x1,
    0xf7, 0x0, 0x0, 0x0, 0x0, 0x9f, 0x1, 0xff,
    0xff, 0xff, 0xff, 0xff, 0xf8, 0x0, 0x9, 0xf0,
    0x8, 0x88, 0x89, 0xfc, 0x88, 0x88, 0x40, 0x0,
    0x9f, 0x0, 0x0, 0x0, 0x1f, 0x70, 0x0, 0x0,
    0x7, 0x9e, 0xe0, 0x0, 0x0, 0x1, 0xf7, 0x0,
    0x0, 0x0, 0x5e, 0xf7, 0x0, 0x0, 0x0, 0x1f,
    0x70, 0x0, 0x0,

    /* U+62FF "拿" */
    0x0, 0x0, 0x0, 0x0, 0x25, 0x0, 0x0, 0x0,
    0x0, 0x0, 0x0, 0x0, 0x0, 0x7f, 0xf4, 0x0,
    0x0, 0x0, 0x0, 0x0, 0x0, 0x6, 0xef, 0x7a,
    0xfa, 0x30, 0x0, 0x0, 0x0, 0x1, 0x8e, 0xfb,
    0x21, 0x14, 0xcf, 0xd7, 0x20, 0x0, 0x5c, 0xff,
    0xbd, 0xff, 0xff, 0xff, 0xda, 0xff, 0xd8, 0x3,
    0xe9, 0x20, 0x23, 0x33, 0x33, 0x32, 0x1, 0x6b,
    0x70, 0x0, 0xd, 0xff, 0xff, 0xff, 0xff, 0xff,
    0xf1, 0x0, 0x0, 0x0, 0xda, 0x33, 0x33, 0x33,
    0x33, 0x7f, 0x10, 0x0, 0x0, 0xd, 0xb6, 0x66,
    0x66, 0x66, 0x69, 0xf1, 0x0, 0x0, 0x0, 0xcf,
    0xff, 0xff, 0xff, 0xff, 0xff, 0x10, 0x0, 0x4,
    0x44, 0x55, 0x56, 0x67, 0x89, 0xab, 0xbb, 0x0,
    0x0, 0xbf, 0xfe, 0xed, 0xdf, 0xe8, 0x77, 0x65,
    0x51, 0x0, 0x2, 0x44, 0x44, 0x44, 0xce, 0x44,
    0x44, 0x44, 0x20, 0x0, 0x8e, 0xee, 0xee, 0xef,
    0xfe, 0xee, 0xee, 0xe9, 0x0, 0x34, 0x44, 0x44,
    0x44, 0xce, 0x44, 0x44, 0x44, 0x44, 0xb, 0xff,
    0xff, 0xff, 0xff, 0xff, 0xff, 0xff, 0xff, 0xf0,
    0x0, 0x0, 0x0, 0x0, 0xbd, 0x0, 0x0, 0x0,
    0x0, 0x0, 0x0, 0x0, 0x56, 0x4d, 0xc0, 0x0,
    0x0, 0x0, 0x0, 0x0, 0x0, 0xa, 0xff, 0xf7,
    0x0, 0x0, 0x0, 0x0, 0x0, 0x0, 0x0, 0x0,
    0x0, 0x0, 0x0, 0x0, 0x0, 0x0,

    /* U+6301 "持" */
    0x0, 0x0, 0x0, 0x0, 0x0, 0x0, 0x1, 0x0,
    0x0, 0x0, 0x0, 0x1f, 0x70, 0x0, 0x0, 0x2,
    0xf6, 0x0, 0x0, 0x0, 0x1, 0xf7, 0x0, 0x0,
    0x0, 0x2f, 0x60, 0x0, 0x0, 0x0, 0x1f, 0x70,
    0x0, 0xbe, 0xee, 0xfe, 0xee, 0xe1, 0xf, 0xff,
    0xff, 0xfd, 0x5, 0x77, 0x8f, 0xa7, 0x77, 0x0,
    0x88, 0x9f, 0xc8, 0x70, 0x0, 0x2, 0xf6, 0x0,
    0x0, 0x0, 0x1, 0xf7, 0x0, 0x12, 0x22, 0x4f,
    0x72, 0x22, 0x10, 0x0, 0x1f, 0x70, 0x9, 0xff,
    0xff, 0xff, 0xff, 0xfb, 0x0, 0x1, 0xf7, 0x1,
    0x25, 0x55, 0x55, 0x55, 0x55, 0x30, 0x0, 0x1f,
    0xaa, 0xf0, 0x0, 0x0, 0x0, 0x9d, 0x0, 0x0,
    0x5a, 0xff, 0xd6, 0x36, 0x66, 0x66, 0x6c, 0xf6,
    0x51, 0xff, 0xff, 0x90, 0x7, 0xff, 0xff, 0xff,
    0xff, 0xfc, 0xa, 0x72, 0xf7, 0x0, 0x1, 0x11,
    0x11, 0x1a, 0xe1, 0x0, 0x0, 0x1f, 0x70, 0x0,
    0x5e, 0x20, 0x0, 0xae, 0x0, 0x0, 0x1, 0xf7,
    0x0, 0x1, 0xec, 0x0, 0xa, 0xe0, 0x0, 0x0,
    0x1f, 0x70, 0x0, 0x7, 0xf3, 0x0, 0xae, 0x0,
    0x0, 0x1, 0xf7, 0x0, 0x0, 0x13, 0x0, 0xa,
    0xe0, 0x0, 0xab, 0xbf, 0x60, 0x0, 0x0, 0x6,
    0xa9, 0xfd, 0x0, 0x8, 0xef, 0xd1, 0x0, 0x0,
    0x0, 0x3d, 0xfe, 0x50, 0x0,

    /* U+6302 "挂" */
    0x0, 0x9, 0xf0, 0x0, 0x0, 0x0, 0x8f, 0x0,
    0x0, 0x0, 0x0, 0x9, 0xf0, 0x0, 0x0, 0x0,
    0x8f, 0x0, 0x0, 0x0, 0x0, 0x9, 0xf0, 0x0,
    0x38, 0x88, 0xcf, 0x88, 0x87, 0x0, 0xb, 0xff,
    0xff, 0xf1, 0x6e, 0xee, 0xff, 0xee, 0xed, 0x0,
    0x6, 0x8c, 0xf8, 0x80, 0x0, 0x0, 0x8f, 0x0,
    0x0, 0x0, 0x0, 0x9, 0xf0, 0x0, 0x0, 0x0,
    0x8f, 0x0, 0x0, 0x0, 0x0, 0x9, 0xf0, 0x2,
    0x66, 0x66, 0xbf, 0x66, 0x66, 0x40, 0x0, 0x9,
    0xf0, 0x6, 0xff, 0xff, 0xff, 0xff, 0xff, 0xc0,
    0x0, 0x9, 0xf0, 0x10, 0x11, 0x11, 0x11, 0x11,
    0x11, 0x10, 0x0, 0x9, 0xfa, 0xe0, 0x0, 0x0,
    0x38, 0x0, 0x0, 0x0, 0x8, 0xcf, 0xf9, 0x30,
    0x0, 0x0, 0x6f, 0x10, 0x0, 0x0, 0x9, 0x9b,
    0xf0, 0x0, 0x27, 0x77, 0xaf, 0x87, 0x77, 0x0,
    0x0, 0x9, 0xf0, 0x0, 0x6f, 0xff, 0xff, 0xff,
    0xff, 0x10, 0x0, 0x9, 0xf0, 0x0, 0x0, 0x0,
    0x6f, 0x10, 0x0, 0x0, 0x0, 0x9, 0xf0, 0x0,
    0x0, 0x0, 0x6f, 0x10, 0x0, 0x0, 0x0, 0x9,
    0xf0, 0x0, 0x0, 0x0, 0x6f, 0x10, 0x0, 0x0,
    0x5, 0x8e, 0xe0, 0x5, 0x77, 0x77, 0xaf, 0x87,
    0x77, 0x71, 0x6, 0xef, 0x70, 0xb, 0xff, 0xff,
    0xff, 0xff, 0xff, 0xf2,

    /* U+6307 "指" */
    0x0, 0x1, 0xf7, 0x0, 0x1f, 0x70, 0x0, 0x0,
    0x22, 0x0, 0x0, 0x1f, 0x70, 0x1, 0xf7, 0x2,
    0x6a, 0xef, 0xe0, 0x0, 0x1, 0xf7, 0x0, 0x1f,
    0xde, 0xff, 0xea, 0x61, 0x0, 0xcd, 0xdf, 0xed,
    0xb1, 0xfd, 0x85, 0x10, 0x0, 0xb7, 0x9, 0xaa,
    0xfc, 0xa8, 0x1f, 0x70, 0x0, 0x0, 0xf, 0x90,
    0x0, 0x1f, 0x70, 0x0, 0xfc, 0x77, 0x88, 0x9d,
    0xf4, 0x0, 0x1, 0xf7, 0x0, 0xa, 0xff, 0xff,
    0xfd, 0xb6, 0x0, 0x0, 0x1f, 0x70, 0x40, 0x0,
    0x0, 0x0, 0x0, 0x0, 0x0, 0x1, 0xfd, 0xef,
    0x1e, 0xff, 0xff, 0xff, 0xfe, 0x0, 0x28, 0xdf,
    0xfa, 0x20, 0xec, 0x77, 0x77, 0x7c, 0xe0, 0x1f,
    0xff, 0xf7, 0x0, 0xe, 0x90, 0x0, 0x0, 0x9e,
    0x0, 0x96, 0x2f, 0x70, 0x0, 0xea, 0x33, 0x33,
    0x3a, 0xe0, 0x0, 0x1, 0xf7, 0x0, 0xe, 0xff,
    0xff, 0xff, 0xfe, 0x0, 0x0, 0x1f, 0x70, 0x0,
    0xea, 0x33, 0x33, 0x3a, 0xe0, 0x0, 0x1, 0xf7,
    0x0, 0xe, 0x90, 0x0, 0x0, 0x9e, 0x0, 0x0,
    0x1f, 0x70, 0x0, 0xec, 0x77, 0x77, 0x7c, 0xe0,
    0xa, 0xbb, 0xf6, 0x0, 0xe, 0xfe, 0xee, 0xee,
    0xfe, 0x0, 0x8e, 0xfd, 0x10, 0x0, 0xe9, 0x0,
    0x0, 0x9, 0xe0,

    /* U+6309 "按" */
    0x0, 0x0, 0x0, 0x0, 0x0, 0x0, 0x0, 0x0,
    0x0, 0x0, 0x0, 0x5f, 0x30, 0x0, 0x0, 0x1c,
    0x70, 0x0, 0x0, 0x0, 0x5, 0xf3, 0x0, 0x0,
    0x0, 0xdc, 0x0, 0x0, 0x0, 0x0, 0x5f, 0x30,
    0x8, 0x88, 0x8c, 0xf8, 0x88, 0x84, 0xe, 0xff,
    0xff, 0xf6, 0xfe, 0xdd, 0xdd, 0xdd, 0xdf, 0x80,
    0x78, 0xbf, 0xa8, 0x4f, 0x70, 0x17, 0x20, 0x0,
    0xf8, 0x0, 0x5, 0xf3, 0x0, 0xc5, 0x7, 0xf2,
    0x0, 0xc, 0x60, 0x0, 0x5f, 0x30, 0x0, 0x0,
    0xcd, 0x0, 0x0, 0x0, 0x0, 0x5, 0xf6, 0xa6,
    0x55, 0x6f, 0xb5, 0x55, 0x55, 0x30, 0x0, 0x8f,
    0xfd, 0x6f, 0xff, 0xff, 0xff, 0xff, 0xfa, 0x29,
    0xef, 0xf8, 0x0, 0x1, 0xfb, 0x0, 0xf, 0xb0,
    0x5, 0xfe, 0xbf, 0x30, 0x0, 0x6f, 0x40, 0x2,
    0xf7, 0x0, 0x5, 0x5, 0xf3, 0x0, 0xd, 0xf2,
    0x0, 0x8f, 0x20, 0x0, 0x0, 0x5f, 0x30, 0x0,
    0x8f, 0xf8, 0x2e, 0xc0, 0x0, 0x0, 0x5, 0xf3,
    0x0, 0x0, 0x2b, 0xff, 0xf3, 0x0, 0x0, 0x0,
    0x5f, 0x30, 0x0, 0x0, 0x1d, 0xff, 0xa1, 0x0,
    0x0, 0x5, 0xf3, 0x0, 0x1, 0x8f, 0xf9, 0x9f,
    0xe4, 0x0, 0x99, 0xcf, 0x20, 0x6c, 0xff, 0xd4,
    0x0, 0x4e, 0xf7, 0x7, 0xef, 0xa0, 0x6, 0xe9,
    0x40, 0x0, 0x0, 0x1c, 0x30, 0x0, 0x0, 0x0,
    0x0, 0x0, 0x0, 0x0, 0x0, 0x0,

    /* U+632F "振" */
    0x0, 0xf, 0x70, 0x9, 0xff, 0xff, 0xff, 0xff,
    0xff, 0x40, 0x0, 0xf, 0x70, 0x9, 0xf6, 0x66,
    0x66, 0x66, 0x66, 0x10, 0x2, 0x2f, 0x82, 0x9,
    0xe0, 0x0, 0x0, 0x0, 0x0, 0x0, 0xe, 0xff,
    0xff, 0x59, 0xe0, 0x11, 0x11, 0x11, 0x11, 0x0,
    0x8, 0x9f, 0xc9, 0x29, 0xe0, 0xff, 0xff, 0xff,
    0xfa, 0x0, 0x0, 0xf, 0x70, 0x9, 0xe0, 0x44,
    0x44, 0x44, 0x43, 0x0, 0x0, 0xf, 0x70, 0x9,
    0xe0, 0x0, 0x0, 0x0, 0x0, 0x0, 0x0, 0xf,
    0x74, 0x9, 0xff, 0xff, 0xff, 0xff, 0xff, 0xa0,
    0x0, 0xf, 0xef, 0x29, 0xf7, 0xed, 0x7e, 0xb7,
    0x77, 0x40, 0x4, 0xcf, 0xe5, 0xa, 0xd0, 0xcb,
    0xa, 0xb0, 0x8, 0x20, 0x1f, 0xff, 0x70, 0xb,
    0xc0, 0xcb, 0x6, 0xf0, 0x7f, 0x80, 0x8, 0x3f,
    0x70, 0xd, 0xb0, 0xcb, 0x2, 0xfa, 0xfb, 0x0,
    0x0, 0xf, 0x70, 0xf, 0x80, 0xcb, 0x0, 0xbf,
    0x90, 0x0, 0x0, 0xf, 0x70, 0x3f, 0x60, 0xcb,
    0x0, 0x4f, 0x40, 0x0, 0x0, 0xf, 0x70, 0x7f,
    0x20, 0xcb, 0x0, 0xc, 0xe1, 0x0, 0x0, 0xf,
    0x70, 0xce, 0x0, 0xcb, 0x2a, 0x71, 0xed, 0x20,
    0x8, 0xaf, 0x62, 0xf9, 0x0, 0xce, 0xfd, 0x40,
    0x4f, 0xe1, 0x8, 0xfd, 0x10, 0x83, 0x0, 0x9c,
    0x60, 0x0, 0x3, 0xa0, 0x0, 0x0, 0x0, 0x0,
    0x0, 0x0, 0x0, 0x0, 0x0, 0x0,

    /* U+6362 "换" */
    0x0, 0x0, 0x0, 0x0, 0x0, 0x0, 0x0, 0x0,
    0x0, 0x0, 0x0, 0x8, 0xf1, 0x0, 0x0, 0x8e,
    0x10, 0x0, 0x0, 0x0, 0x0, 0x8, 0xf1, 0x0,
    0x1, 0xfd, 0x77, 0x75, 0x0, 0x0, 0x0, 0x8,
    0xf1, 0x0, 0xb, 0xff, 0xff, 0xfc, 0x0, 0x0,
    0xc, 0xef, 0xfe, 0x80, 0xaf, 0x60, 0x3, 0xf6,
    0x0, 0x0, 0xa, 0xbd, 0xfb, 0x71, 0xe8, 0x0,
    0xb, 0xe0, 0x0, 0x0, 0x0, 0x8, 0xf1, 0x0,
    0x87, 0x77, 0x8f, 0xc7, 0x77, 0x0, 0x0, 0x8,
    0xf1, 0x0, 0xff, 0xff, 0xff, 0xff, 0xff, 0x0,
    0x0, 0x8, 0xf1, 0x10, 0xf8, 0x0, 0xdb, 0x0,
    0x8f, 0x0, 0x0, 0x8, 0xfb, 0xf1, 0xf8, 0x0,
    0xf9, 0x0, 0x8f, 0x0, 0x3, 0x8e, 0xfe, 0x61,
    0xf8, 0x3, 0xf7, 0x0, 0x8f, 0x0, 0xe, 0xff,
    0xf1, 0x6, 0xfb, 0x69, 0xf9, 0x66, 0xbf, 0x60,
    0x5, 0x38, 0xf1, 0xf, 0xff, 0xff, 0xff, 0xff,
    0xff, 0xf0, 0x0, 0x8, 0xf1, 0x1, 0x11, 0x2f,
    0xcf, 0xb1, 0x11, 0x10, 0x0, 0x8, 0xf1, 0x0,
    0x0, 0x8f, 0x58, 0xf3, 0x0, 0x0, 0x0, 0x8,
    0xf1, 0x0, 0x5, 0xfb, 0x1, 0xee, 0x20, 0x0,
    0x0, 0x8, 0xf1, 0x0, 0x6f, 0xd1, 0x0, 0x3f,
    0xf6, 0x0, 0x9, 0x9e, 0xf0, 0x1b, 0xfc, 0x10,
    0x0, 0x3, 0xef, 0xd0, 0x8, 0xff, 0x70, 0x7,
    0x70, 0x0, 0x0, 0x0, 0x19, 0x80,

    /* U+636E "据" */
    0x0, 0x8, 0xf1, 0x2, 0xff, 0xff, 0xff, 0xff,
    0xff, 0x10, 0x0, 0x8f, 0x10, 0x2f, 0x96, 0x66,
    0x66, 0x6a, 0xf1, 0x2, 0x29, 0xf3, 0x12, 0xf5,
    0x0, 0x0, 0x0, 0x6f, 0x10, 0xef, 0xff, 0xfa,
    0x2f, 0x60, 0x0, 0x0, 0x6, 0xf1, 0x8, 0x9c,
    0xf9, 0x52, 0xff, 0xff, 0xff, 0xff, 0xff, 0x10,
    0x0, 0x8f, 0x10, 0x2f, 0x96, 0x66, 0xfb, 0x66,
    0x60, 0x0, 0x8, 0xf1, 0x2, 0xf5, 0x0, 0xe,
    0x90, 0x0, 0x0, 0x0, 0x8f, 0x13, 0x2f, 0xa7,
    0x77, 0xfc, 0x77, 0x75, 0x0, 0x8, 0xfd, 0xf3,
    0xff, 0xff, 0xff, 0xff, 0xff, 0xc0, 0x49, 0xef,
    0xd5, 0x3f, 0x50, 0x0, 0xe9, 0x0, 0x0, 0xd,
    0xfe, 0xf1, 0x4, 0xf4, 0x0, 0xe, 0x90, 0x0,
    0x0, 0x31, 0x8f, 0x10, 0x6f, 0x4f, 0xff, 0xff,
    0xff, 0xf0, 0x0, 0x8, 0xf1, 0x9, 0xf2, 0xfa,
    0x77, 0x77, 0xbf, 0x0, 0x0, 0x8f, 0x10, 0xce,
    0x1f, 0x50, 0x0, 0x7, 0xf0, 0x0, 0x8, 0xf1,
    0xf, 0xa1, 0xf5, 0x0, 0x0, 0x7f, 0x0, 0x0,
    0x8f, 0x15, 0xf7, 0x1f, 0xff, 0xff, 0xff, 0xf0,
    0xa, 0x9e, 0xf0, 0x8f, 0x21, 0xfa, 0x77, 0x77,
    0xbf, 0x0, 0x8f, 0xf7, 0x0, 0x70, 0x1f, 0x50,
    0x0, 0x7, 0xf0,

    /* U+638C "掌" */
    0x0, 0x4, 0xa0, 0x0, 0xf9, 0x0, 0x29, 0x30,
    0x0, 0x0, 0x5, 0xf8, 0x0, 0xf9, 0x0, 0xbf,
    0x20, 0x0, 0x7b, 0xbb, 0xff, 0xbb, 0xfe, 0xbb,
    0xfe, 0xbb, 0xb4, 0xbe, 0x77, 0x77, 0x77, 0x77,
    0x77, 0x77, 0x78, 0xf6, 0xbe, 0x2c, 0xcc, 0xcc,
    0xcc, 0xcc, 0xcc, 0xb2, 0xf6, 0x34, 0x3f, 0x96,
    0x66, 0x66, 0x66, 0x6c, 0xe0, 0x31, 0x0, 0x3f,
    0x83, 0x33, 0x33, 0x33, 0x3b, 0xe0, 0x0, 0x0,
    0x2f, 0xff, 0xff, 0xff, 0xff, 0xff, 0xe0, 0x0,
    0x0, 0x0, 0x0, 0x0, 0x11, 0x23, 0x45, 0x62,
    0x0, 0x0, 0xef, 0xff, 0xff, 0xff, 0xff, 0xff,
    0xe9, 0x0, 0x0, 0x45, 0x55, 0x54, 0xec, 0x21,
    0x0, 0x0, 0x0, 0x8, 0xee, 0xee, 0xee, 0xff,
    0xee, 0xee, 0xee, 0x50, 0x2, 0x44, 0x44, 0x44,
    0xec, 0x44, 0x44, 0x44, 0x10, 0x44, 0x44, 0x44,
    0x44, 0xec, 0x44, 0x44, 0x44, 0x43, 0xef, 0xff,
    0xff, 0xff, 0xff, 0xff, 0xff, 0xff, 0xfa, 0x0,
    0x0, 0x0, 0x0, 0xeb, 0x0, 0x0, 0x0, 0x0,
    0x0, 0x0, 0x7, 0x65, 0xfa, 0x0, 0x0, 0x0,
    0x0, 0x0, 0x0, 0x8, 0xef, 0xe4, 0x0, 0x0,
    0x0, 0x0,

    /* U+6392 "排" */
    0x0, 0xe, 0x60, 0x0, 0x0, 0xf7, 0x3, 0xf4,
    0x0, 0x0, 0x0, 0xf7, 0x0, 0x0, 0xf, 0x70,
    0x3f, 0x40, 0x0, 0x0, 0xf, 0x70, 0x1, 0x11,
    0xf7, 0x3, 0xf5, 0x11, 0x0, 0xef, 0xff, 0xf4,
    0xff, 0xff, 0x70, 0x3f, 0xff, 0xf6, 0x7, 0x8f,
    0xb8, 0x24, 0x44, 0xf7, 0x3, 0xf8, 0x44, 0x20,
    0x0, 0xf7, 0x0, 0x0, 0xf, 0x70, 0x3f, 0x40,
    0x0, 0x0, 0xf, 0x70, 0x0, 0x0, 0xf7, 0x3,
    0xf4, 0x0, 0x0, 0x0, 0xf7, 0x20, 0x34, 0x4f,
    0x70, 0x3f, 0x74, 0x40, 0x0, 0xf, 0xcf, 0x1d,
    0xff, 0xf7, 0x3, 0xff, 0xff, 0x10, 0x29, 0xff,
    0x80, 0x12, 0x2f, 0x70, 0x3f, 0x62, 0x20, 0x1f,
    0xff, 0x70, 0x0, 0x0, 0xf7, 0x3, 0xf4, 0x0,
    0x0, 0x94, 0xf7, 0x0, 0x0, 0xf, 0x70, 0x3f,
    0x40, 0x0, 0x0, 0xf, 0x70, 0x17, 0x77, 0xf7,
    0x3, 0xf9, 0x77, 0x60, 0x0, 0xf7, 0x3, 0xff,
    0xff, 0x70, 0x3f, 0xff, 0xfd, 0x0, 0xf, 0x70,
    0x0, 0x0, 0xf7, 0x3, 0xf4, 0x0, 0x0, 0x0,
    0xf7, 0x0, 0x0, 0xf, 0x70, 0x3f, 0x40, 0x0,
    0x9, 0xaf, 0x60, 0x0, 0x0, 0xf7, 0x3, 0xf4,
    0x0, 0x0, 0x8f, 0xd2, 0x0, 0x0, 0xf, 0x70,
    0x3f, 0x40, 0x0,

    /* U+63A5 "接" */
    0x0, 0x0, 0x0, 0x0, 0x0, 0x0, 0x0, 0x0,
    0x0, 0x0, 0x0, 0x9f, 0x0, 0x0, 0x0, 0xc,
    0x90, 0x0, 0x0, 0x0, 0x9, 0xf0, 0x0, 0x33,
    0x33, 0xde, 0x33, 0x33, 0x10, 0x0, 0x9f, 0x0,
    0x2f, 0xff, 0xff, 0xff, 0xff, 0xf9, 0xb, 0xff,
    0xff, 0xf1, 0x23, 0x62, 0x22, 0x26, 0x42, 0x10,
    0x68, 0xcf, 0x88, 0x0, 0x6f, 0x30, 0x1, 0xfb,
    0x0, 0x0, 0x9, 0xf0, 0x0, 0x0, 0xea, 0x0,
    0x8f, 0x30, 0x0, 0x0, 0x9f, 0x0, 0x9f, 0xff,
    0xff, 0xff, 0xff, 0xfd, 0x0, 0x9, 0xf0, 0x4,
    0x77, 0x77, 0x77, 0x77, 0x77, 0x60, 0x0, 0x9f,
    0x6a, 0x0, 0x0, 0xcc, 0x0, 0x0, 0x0, 0x0,
    0x4c, 0xff, 0xb4, 0x55, 0x6f, 0xb5, 0x55, 0x55,
    0x40, 0xdf, 0xff, 0x40, 0xef, 0xff, 0xff, 0xff,
    0xff, 0xfe, 0x9, 0x9b, 0xf0, 0x1, 0x14, 0xf8,
    0x11, 0x1d, 0xd1, 0x10, 0x0, 0x9f, 0x0, 0x0,
    0xcd, 0x0, 0x2, 0xf7, 0x0, 0x0, 0x9, 0xf0,
    0x0, 0x4f, 0xf9, 0x30, 0xbf, 0x10, 0x0, 0x0,
    0x9f, 0x0, 0x0, 0x28, 0xef, 0xef, 0x70, 0x0,
    0x0, 0x9, 0xf0, 0x0, 0x0, 0x5, 0xef, 0xfe,
    0x70, 0x0, 0x79, 0xee, 0x0, 0x7, 0xbe, 0xfe,
    0x63, 0xbf, 0xf4, 0x5, 0xef, 0x70, 0x0, 0x5c,
    0x95, 0x0, 0x0, 0x4a, 0x0,

    /* U+63A8 "推" */
    0x0, 0x0, 0x0, 0x0, 0x0, 0x0, 0x0, 0x0,
    0x0, 0x0, 0x0, 0x8, 0xf1, 0x0, 0x7, 0xd2,
    0x3d, 0x30, 0x0, 0x0, 0x0, 0x8, 0xf1, 0x0,
    0xc, 0xe0, 0x1f, 0xc0, 0x0, 0x0, 0x0, 0x8,
    0xf1, 0x0, 0x2f, 0x80, 0x9, 0xf2, 0x0, 0x0,
    0xe, 0xff, 0xff, 0x90, 0xaf, 0xff, 0xff, 0xff,
    0xff, 0xe0, 0x7, 0x8c, 0xf8, 0x53, 0xff, 0x77,
    0x7c, 0xf7, 0x77, 0x60, 0x0, 0x8, 0xf1, 0xc,
    0xff, 0x10, 0x9, 0xe0, 0x0, 0x0, 0x0, 0x8,
    0xf1, 0x3f, 0xef, 0x10, 0x9, 0xe0, 0x0, 0x0,
    0x0, 0x8, 0xf1, 0x48, 0x8f, 0xff, 0xff, 0xff,
    0xff, 0x60, 0x0, 0x8, 0xfd, 0xf1, 0x8f, 0x66,
    0x6b, 0xf6, 0x66, 0x20, 0x4, 0xaf, 0xfd, 0x40,
    0x8f, 0x10, 0x9, 0xe0, 0x0, 0x0, 0xd, 0xff,
    0xf1, 0x0, 0x8f, 0x10, 0x9, 0xe0, 0x0, 0x0,
    0x4, 0x38, 0xf1, 0x0, 0x8f, 0xff, 0xff, 0xff,
    0xff, 0x60, 0x0, 0x8, 0xf1, 0x0, 0x8f, 0x77,
    0x7c, 0xf7, 0x77, 0x30, 0x0, 0x8, 0xf1, 0x0,
    0x8f, 0x10, 0x9, 0xe0, 0x0, 0x0, 0x0, 0x8,
    0xf1, 0x0, 0x8f, 0x10, 0x9, 0xe0, 0x0, 0x0,
    0x0, 0x8, 0xf1, 0x0, 0x8f, 0xff, 0xff, 0xff,
    0xff, 0xf0, 0xa, 0x9e, 0xf0, 0x0, 0x8f, 0x77,
    0x77, 0x77, 0x77, 0x70, 0x8, 0xff, 0x70, 0x0,
    0x8f, 0x10, 0x0, 0x0, 0x0, 0x0,

    /* U+63CF "描" */
    0x0, 0x8, 0xf1, 0x0, 0x5, 0xf3, 0x0, 0x1f,
    0x60, 0x0, 0x0, 0x8f, 0x10, 0x0, 0x5f, 0x30,
    0x1, 0xf6, 0x0, 0x0, 0x8, 0xf1, 0x9, 0xac,
    0xfb, 0xaa, 0xbf, 0xca, 0x90, 0xef, 0xff, 0xf9,
    0x9a, 0xcf, 0xba, 0xab, 0xfc, 0xa9, 0x7, 0x8c,
    0xf8, 0x50, 0x5, 0xf3, 0x0, 0x1f, 0x60, 0x0,
    0x0, 0x8f, 0x10, 0x0, 0x5f, 0x30, 0x1, 0xf6,
    0x0, 0x0, 0x8, 0xf1, 0x0, 0x2, 0x51, 0x11,
    0x15, 0x21, 0x0, 0x0, 0x8f, 0x13, 0xf, 0xff,
    0xff, 0xff, 0xff, 0xf1, 0x0, 0x8, 0xfd, 0xf1,
    0xfa, 0x55, 0xaf, 0x55, 0x9f, 0x10, 0x4a, 0xff,
    0xd4, 0xf, 0x80, 0x7, 0xe0, 0x6, 0xf1, 0xd,
    0xfe, 0xf1, 0x0, 0xf8, 0x0, 0x7e, 0x0, 0x6f,
    0x10, 0x32, 0x8f, 0x10, 0xf, 0xff, 0xff, 0xff,
    0xff, 0xf1, 0x0, 0x8, 0xf1, 0x0, 0xfb, 0x66,
    0xaf, 0x66, 0x9f, 0x10, 0x0, 0x8f, 0x10, 0xf,
    0x80, 0x7, 0xe0, 0x6, 0xf1, 0x0, 0x8, 0xf1,
    0x0, 0xf8, 0x0, 0x7e, 0x0, 0x6f, 0x10, 0x0,
    0x8f, 0x10, 0xf, 0xc7, 0x7b, 0xf7, 0x7a, 0xf1,
    0x9, 0x9e, 0xf0, 0x0, 0xff, 0xee, 0xee, 0xee,
    0xff, 0x10, 0x8f, 0xf7, 0x0, 0xf, 0x80, 0x0,
    0x0, 0x6, 0xf1,

    /* U+63D0 "提" */
    0x0, 0x9, 0xf0, 0x0, 0xef, 0xff, 0xff, 0xff,
    0xf2, 0x0, 0x0, 0x9f, 0x0, 0xe, 0xb6, 0x66,
    0x66, 0x9f, 0x20, 0x0, 0x9, 0xf0, 0x0, 0xe9,
    0x0, 0x0, 0x5, 0xf2, 0x0, 0xbf, 0xff, 0xff,
    0x1e, 0xff, 0xff, 0xff, 0xff, 0x20, 0x6, 0x8c,
    0xf8, 0x80, 0xec, 0x77, 0x77, 0x7a, 0xf2, 0x0,
    0x0, 0x9f, 0x0, 0xe, 0x90, 0x0, 0x0, 0x5f,
    0x20, 0x0, 0x9, 0xf0, 0x0, 0xef, 0xff, 0xff,
    0xff, 0xf2, 0x0, 0x0, 0x9f, 0x0, 0x5, 0x66,
    0x66, 0x66, 0x66, 0x10, 0x0, 0x9, 0xf5, 0xa4,
    0x44, 0x44, 0x44, 0x44, 0x44, 0x0, 0x4, 0xcf,
    0xff, 0xff, 0xff, 0xff, 0xff, 0xff, 0xf2, 0xd,
    0xff, 0xf3, 0x2, 0x65, 0x22, 0xf8, 0x22, 0x22,
    0x0, 0x77, 0xaf, 0x0, 0xc, 0xa0, 0xf, 0x70,
    0x0, 0x0, 0x0, 0x9, 0xf0, 0x0, 0xf6, 0x0,
    0xff, 0xff, 0xf2, 0x0, 0x0, 0x9f, 0x0, 0x6f,
    0x60, 0xf, 0xb7, 0x77, 0x10, 0x0, 0x9, 0xf0,
    0xd, 0xff, 0x40, 0xf7, 0x0, 0x0, 0x0, 0x0,
    0x9f, 0x7, 0xf6, 0xdf, 0x9f, 0x70, 0x0, 0x0,
    0x6, 0x9e, 0xe3, 0xfb, 0x1, 0x9f, 0xfe, 0xba,
    0x99, 0x60, 0x6e, 0xf7, 0x2b, 0x10, 0x0, 0x26,
    0xad, 0xef, 0xf7,

    /* U+6446 "摆" */
    0x0, 0xf, 0x70, 0x7, 0xff, 0xff, 0xff, 0xff,
    0xf9, 0x0, 0x0, 0xf7, 0x0, 0x7f, 0x5f, 0xa5,
    0xfa, 0x5f, 0x90, 0x1, 0x2f, 0x71, 0x7, 0xe0,
    0xe7, 0xe, 0x70, 0xe9, 0x0, 0xef, 0xff, 0xf5,
    0x7e, 0xe, 0x70, 0xe7, 0xe, 0x90, 0x8, 0x9f,
    0xc9, 0x27, 0xe1, 0xe8, 0x1e, 0x81, 0xe9, 0x0,
    0x0, 0xf7, 0x0, 0x7f, 0xff, 0xff, 0xff, 0xff,
    0x90, 0x0, 0xf, 0x70, 0x1, 0x33, 0x3a, 0xf5,
    0x33, 0x32, 0x0, 0x0, 0xf7, 0x20, 0x0, 0x0,
    0x8f, 0x20, 0x0, 0x0, 0x0, 0xf, 0xcf, 0x12,
    0xff, 0xff, 0xff, 0xff, 0xf9, 0x0, 0x29, 0xff,
    0x80, 0x17, 0x77, 0xbf, 0x87, 0x77, 0x40, 0x1f,
    0xff, 0x70, 0x12, 0x22, 0x29, 0xf4, 0x22, 0x22,
    0x10, 0x94, 0xf7, 0x8, 0xff, 0xff, 0xff, 0xff,
    0xff, 0xf9, 0x0, 0xf, 0x70, 0x25, 0x58, 0xf8,
    0x55, 0x55, 0x55, 0x30, 0x0, 0xf7, 0x0, 0x0,
    0xaf, 0x0, 0x8, 0x80, 0x0, 0x0, 0xf, 0x70,
    0x0, 0x2f, 0x80, 0x0, 0x9f, 0x50, 0x0, 0x0,
    0xf7, 0x0, 0xc, 0xe0, 0x0, 0x25, 0xff, 0x20,
    0x5, 0x6f, 0x60, 0x9, 0xfb, 0xad, 0xff, 0xff,
    0xfb, 0x0, 0x9f, 0xd2, 0x0, 0x9f, 0xed, 0xb9,
    0x63, 0x19, 0xf3, 0x0, 0x0, 0x0, 0x0, 0x0,
    0x0, 0x0, 0x0, 0x1, 0x0,

    /* U+64AD "播" */
    0x0, 0x0, 0x0, 0x0, 0x1, 0x22, 0x35, 0x79,
    0xb9, 0x0, 0x0, 0xf, 0x70, 0x8, 0xff, 0xff,
    0xff, 0xfd, 0xb8, 0x0, 0x0, 0xf, 0x70, 0x1,
    0x56, 0x43, 0xf7, 0x2, 0x50, 0x0, 0x3, 0x4f,
    0x94, 0x10, 0x6d, 0x1, 0xf6, 0x8, 0xf3, 0x0,
    0xe, 0xff, 0xff, 0x50, 0x5f, 0x31, 0xf6, 0xd,
    0xc0, 0x0, 0x7, 0x8f, 0xb8, 0x2f, 0xff, 0xff,
    0xff, 0xff, 0xff, 0xa0, 0x0, 0xf, 0x70, 0x7,
    0x77, 0xcf, 0xff, 0xf8, 0x77, 0x50, 0x0, 0xf,
    0x70, 0x0, 0x1a, 0xf6, 0xf7, 0xce, 0x50, 0x0,
    0x0, 0xf, 0x89, 0x2a, 0xfe, 0x41, 0xf6, 0xb,
    0xfe, 0x80, 0x0, 0x3f, 0xfe, 0x2e, 0x91, 0x0,
    0x83, 0x0, 0x6e, 0xc0, 0x5, 0xff, 0xf3, 0x2,
    0x44, 0x44, 0x44, 0x44, 0x44, 0x20, 0x1f, 0xff,
    0x70, 0x5, 0xff, 0xff, 0xff, 0xff, 0xfe, 0x0,
    0xa, 0x4f, 0x70, 0x5, 0xf2, 0x1, 0xf5, 0x0,
    0x7e, 0x0, 0x0, 0xf, 0x70, 0x5, 0xf5, 0x34,
    0xf7, 0x33, 0x9e, 0x0, 0x0, 0xf, 0x70, 0x5,
    0xff, 0xff, 0xff, 0xff, 0xfe, 0x0, 0x0, 0xf,
    0x70, 0x5, 0xf2, 0x1, 0xf5, 0x0, 0x7e, 0x0,
    0x0, 0xf, 0x70, 0x5, 0xf7, 0x66, 0xf9, 0x66,
    0xae, 0x0, 0x8, 0x9f, 0x60, 0x5, 0xff, 0xff,
    0xff, 0xff, 0xfe, 0x0, 0x8, 0xfd, 0x20, 0x5,
    0xf2, 0x0, 0x0, 0x0, 0x7e, 0x0,

    /* U+6536 "收" */
    0x0, 0x0, 0x0, 0x0, 0x4, 0x10, 0x0, 0x0,
    0x0, 0xf9, 0x0, 0x7f, 0x0, 0xd, 0xc0, 0x0,
    0x0, 0x0, 0xf9, 0x0, 0x7f, 0x0, 0x1f, 0x90,
    0x0, 0x0, 0x0, 0xf9, 0x0, 0x7f, 0x0, 0x4f,
    0x60, 0x0, 0x0, 0x0, 0xf9, 0x0, 0x7f, 0x0,
    0x8f, 0xff, 0xff, 0xff, 0xd0, 0xf9, 0x0, 0x7f,
    0x0, 0xce, 0x88, 0x88, 0xfd, 0x70, 0xf9, 0x0,
    0x7f, 0x2, 0xf8, 0x0, 0x2, 0xf8, 0x0, 0xf9,
    0x0, 0x7f, 0x7, 0xf7, 0x0, 0x4, 0xf5, 0x0,
    0xf9, 0x0, 0x7f, 0xd, 0xfd, 0x0, 0x7, 0xf3,
    0x0, 0xf9, 0x0, 0x7f, 0x5f, 0xcf, 0x40, 0xb,
    0xf0, 0x0, 0xf9, 0x0, 0x7f, 0x2a, 0x1e, 0xc0,
    0x1f, 0xb0, 0x0, 0xf9, 0x0, 0x7f, 0x0, 0x6,
    0xf4, 0x6f, 0x50, 0x0, 0xf9, 0x1, 0x9f, 0x0,
    0x0, 0xde, 0xde, 0x0, 0x0, 0xfd, 0xcf, 0xff,
    0x0, 0x0, 0x3f, 0xf7, 0x0, 0x0, 0xdf, 0xb7,
    0x9f, 0x0, 0x0, 0x4f, 0xf8, 0x0, 0x0, 0x10,
    0x0, 0x7f, 0x0, 0x3, 0xef, 0xcf, 0x80, 0x0,
    0x0, 0x0, 0x7f, 0x0, 0x5f, 0xf4, 0xc, 0xfa,
    0x0, 0x0, 0x0, 0x7f, 0x1a, 0xfe, 0x40, 0x1,
    0xdf, 0xd0, 0x0, 0x0, 0x7f, 0x8, 0xa1, 0x0,
    0x0, 0xa, 0x60, 0x0, 0x0, 0x0, 0x0, 0x0,
    0x0, 0x0, 0x0, 0x0,

    /* U+6539 "改" */
    0x0, 0x0, 0x0, 0x0, 0x0, 0x10, 0x0, 0x0,
    0x0, 0x1, 0x22, 0x22, 0x22, 0x0, 0xc, 0xc0,
    0x0, 0x0, 0x0, 0x9f, 0xff, 0xff, 0xf1, 0x0,
    0xfa, 0x0, 0x0, 0x0, 0x3, 0x55, 0x55, 0xbf,
    0x10, 0x3f, 0x60, 0x0, 0x0, 0x0, 0x0, 0x0,
    0x9, 0xf1, 0x7, 0xff, 0xff, 0xff, 0xfe, 0x0,
    0x0, 0x0, 0x9f, 0x10, 0xce, 0x88, 0x88, 0xfd,
    0x70, 0x0, 0x0, 0x9, 0xf1, 0x1f, 0x90, 0x0,
    0x1f, 0x80, 0x0, 0x0, 0x0, 0x9f, 0x16, 0xf7,
    0x0, 0x4, 0xf6, 0x0, 0x1f, 0xff, 0xff, 0xf1,
    0xdf, 0xd0, 0x0, 0x7f, 0x30, 0x1, 0xfc, 0x88,
    0x88, 0x4f, 0xcf, 0x50, 0xb, 0xf0, 0x0, 0x1f,
    0x90, 0x0, 0x0, 0x90, 0xdd, 0x0, 0xfb, 0x0,
    0x1, 0xf9, 0x0, 0x0, 0x0, 0x5, 0xf6, 0x6f,
    0x50, 0x0, 0x1f, 0x90, 0x0, 0x0, 0x0, 0xb,
    0xee, 0xe0, 0x0, 0x1, 0xf9, 0x0, 0x0, 0x0,
    0x0, 0x2f, 0xf6, 0x0, 0x0, 0x1f, 0x90, 0x0,
    0x10, 0x0, 0x5, 0xff, 0xb0, 0x0, 0x1, 0xf9,
    0x4, 0xbf, 0x0, 0x5, 0xfe, 0xaf, 0xb0, 0x0,
    0x1f, 0xde, 0xfe, 0x80, 0x8, 0xfe, 0x20, 0xaf,
    0xd2, 0x0, 0xff, 0xb6, 0x0, 0xc, 0xfc, 0x20,
    0x0, 0x9f, 0xe0, 0x2, 0x10, 0x0, 0x0, 0x57,
    0x0, 0x0, 0x0, 0x64, 0x0,

    /* U+653E "放" */
    0x0, 0x0, 0x1, 0x0, 0x0, 0x0, 0x10, 0x0,
    0x0, 0x0, 0x0, 0x0, 0xad, 0x0, 0x0, 0x0,
    0xae, 0x0, 0x0, 0x0, 0x0, 0x0, 0x7f, 0x30,
    0x0, 0x0, 0xdb, 0x0, 0x0, 0x0, 0x2, 0x33,
    0x4f, 0x93, 0x33, 0x1, 0xf7, 0x0, 0x0, 0x0,
    0xf, 0xff, 0xff, 0xff, 0xff, 0x5, 0xff, 0xff,
    0xff, 0x90, 0x4, 0x49, 0xf6, 0x44, 0x44, 0x9,
    0xf8, 0x88, 0xed, 0x50, 0x0, 0x7, 0xf1, 0x0,
    0x0, 0xe, 0xa0, 0x0, 0xf9, 0x0, 0x0, 0x8,
    0xf2, 0x22, 0x20, 0x4f, 0x80, 0x1, 0xf7, 0x0,
    0x0, 0x9, 0xff, 0xff, 0xf3, 0xaf, 0xd0, 0x5,
    0xf5, 0x0, 0x0, 0xb, 0xe5, 0x58, 0xf5, 0xfe,
    0xf3, 0x8, 0xf2, 0x0, 0x0, 0xd, 0xb0, 0x4,
    0xf3, 0x93, 0xfa, 0xd, 0xe0, 0x0, 0x0, 0xf,
    0x90, 0x5, 0xf2, 0x0, 0x8f, 0x5f, 0x90, 0x0,
    0x0, 0x2f, 0x60, 0x5, 0xf2, 0x0, 0x1f, 0xff,
    0x40, 0x0, 0x0, 0x7f, 0x20, 0x6, 0xf1, 0x0,
    0x9, 0xfc, 0x0, 0x0, 0x0, 0xbe, 0x0, 0x7,
    0xf0, 0x0, 0xd, 0xfe, 0x10, 0x0, 0x1, 0xfa,
    0x0, 0x9, 0xf0, 0x0, 0xbf, 0xbf, 0xc0, 0x0,
    0x7, 0xf5, 0x0, 0xc, 0xd0, 0x1b, 0xfa, 0x7,
    0xfd, 0x10, 0xd, 0xe0, 0x6b, 0xbf, 0x91, 0xef,
    0xb0, 0x0, 0x9f, 0xd0, 0x8, 0x80, 0x3d, 0xfb,
    0x10, 0xa8, 0x0, 0x0, 0x8, 0x50, 0x0, 0x0,
    0x0, 0x0, 0x0, 0x0, 0x0, 0x0, 0x0, 0x0,

    /* U+6548 "效" */
    0x0, 0x0, 0x0, 0x0, 0x0, 0x0, 0x10, 0x0,
    0x0, 0x0, 0x0, 0x4, 0xe3, 0x0, 0x0, 0x3,
    0xf4, 0x0, 0x0, 0x0, 0x0, 0x1, 0xfa, 0x0,
    0x0, 0x6, 0xf2, 0x0, 0x0, 0x0, 0x6, 0x66,
    0xee, 0x66, 0x62, 0x9, 0xe0, 0x0, 0x0, 0x0,
    0xf, 0xff, 0xff, 0xff, 0xf5, 0xe, 0xff, 0xff,
    0xff, 0xd0, 0x0, 0x4, 0x0, 0x25, 0x0, 0x2f,
    0xb8, 0x88, 0xee, 0x70, 0x0, 0x7f, 0x20, 0xbf,
    0x20, 0x8f, 0x20, 0x0, 0xec, 0x0, 0x3, 0xfb,
    0x0, 0x1e, 0xc0, 0xdf, 0x30, 0x0, 0xfa, 0x0,
    0x1e, 0xe2, 0x0, 0x6, 0xf8, 0xff, 0x90, 0x3,
    0xf7, 0x0, 0xb, 0x40, 0x0, 0xd5, 0x39, 0xeb,
    0xf0, 0x6, 0xf3, 0x0, 0x0, 0xba, 0x5, 0xf5,
    0x0, 0x43, 0xf6, 0xb, 0xf0, 0x0, 0x0, 0x5f,
    0xcb, 0xe0, 0x0, 0x0, 0xce, 0x2f, 0xa0, 0x0,
    0x0, 0x4, 0xff, 0x90, 0x0, 0x0, 0x3f, 0xef,
    0x40, 0x0, 0x0, 0x0, 0xbf, 0xd0, 0x0, 0x0,
    0xa, 0xfc, 0x0, 0x0, 0x0, 0x5, 0xfb, 0xfb,
    0x0, 0x0, 0xd, 0xfd, 0x10, 0x0, 0x0, 0x3f,
    0xd0, 0x6f, 0xa0, 0x0, 0xbf, 0xbf, 0xd1, 0x0,
    0x4, 0xee, 0x20, 0x9, 0xe0, 0x1c, 0xfa, 0x8,
    0xfe, 0x20, 0x1f, 0xe2, 0x0, 0x0, 0x20, 0xdf,
    0xa0, 0x0, 0x9f, 0xc0, 0x6, 0x10, 0x0, 0x0,
    0x0, 0x46, 0x0, 0x0, 0x7, 0x20,

    /* U+6559 "教" */
    0x0, 0x0, 0x6f, 0x10, 0x0, 0x0, 0x89, 0x0,
    0x0, 0x0, 0x0, 0x66, 0xaf, 0x76, 0x25, 0x60,
    0xcc, 0x0, 0x0, 0x0, 0x2, 0xff, 0xff, 0xff,
    0x9f, 0xb0, 0xf8, 0x0, 0x0, 0x0, 0x0, 0x0,
    0x6f, 0x10, 0xde, 0x14, 0xfc, 0xaa, 0xaa, 0x60,
    0x5, 0x66, 0xaf, 0x6b, 0xf9, 0x28, 0xfc, 0xcc,
    0xff, 0x70, 0xe, 0xff, 0xff, 0xff, 0xff, 0x6d,
    0xb0, 0x0, 0xea, 0x0, 0x0, 0x0, 0x7, 0xf9,
    0x0, 0x3f, 0x70, 0x1, 0xf8, 0x0, 0x0, 0x3,
    0x8f, 0xe4, 0x41, 0x9f, 0xb0, 0x4, 0xf6, 0x0,
    0x0, 0xc, 0xff, 0xff, 0xf5, 0xff, 0xf2, 0x7,
    0xf3, 0x0, 0x1, 0xcf, 0x70, 0x5f, 0xc2, 0xc5,
    0xf8, 0xc, 0xf0, 0x0, 0xe, 0xf4, 0x7, 0xfc,
    0x10, 0x0, 0xaf, 0x3f, 0xa0, 0x0, 0x7, 0x20,
    0xc, 0xe1, 0x2, 0x10, 0x2f, 0xef, 0x50, 0x0,
    0x0, 0x0, 0x1d, 0xfb, 0xef, 0x60, 0xb, 0xfd,
    0x0, 0x0, 0x9, 0xcf, 0xff, 0xfd, 0x95, 0x10,
    0xb, 0xfc, 0x0, 0x0, 0xa, 0xc9, 0x6d, 0xd0,
    0x0, 0x0, 0x9f, 0xdf, 0xb0, 0x0, 0x0, 0x0,
    0xc, 0xd0, 0x0, 0x9, 0xfc, 0xa, 0xfb, 0x0,
    0x0, 0x9, 0x8e, 0xd0, 0x1, 0xcf, 0xd1, 0x0,
    0xbf, 0xc0, 0x0, 0xc, 0xfe, 0x50, 0x0, 0xca,
    0x0, 0x0, 0xb, 0x70, 0x0, 0x0, 0x0, 0x0,
    0x0, 0x0, 0x0, 0x0, 0x0, 0x0,

    /* U+6563 "散" */
    0x0, 0xf8, 0x3, 0xf5, 0x0, 0x9, 0xb0, 0x0,
    0x0, 0x2, 0x4f, 0xa4, 0x7f, 0x84, 0x0, 0xdc,
    0x0, 0x0, 0x0, 0x9f, 0xff, 0xff, 0xff, 0xf1,
    0xf, 0x80, 0x0, 0x0, 0x1, 0x1f, 0x91, 0x4f,
    0x61, 0x4, 0xfe, 0xee, 0xee, 0x80, 0x0, 0xf8,
    0x3, 0xf5, 0x0, 0x9f, 0x77, 0x7e, 0xd4, 0xf,
    0xff, 0xff, 0xff, 0xff, 0x6e, 0xa0, 0x0, 0xf9,
    0x0, 0x77, 0x77, 0x77, 0x77, 0x77, 0xf8, 0x0,
    0x1f, 0x70, 0x0, 0x44, 0x44, 0x44, 0x41, 0xaf,
    0xd0, 0x5, 0xf5, 0x0, 0xf, 0xff, 0xff, 0xff,
    0x7f, 0xef, 0x30, 0x8f, 0x10, 0x0, 0xf9, 0x22,
    0x24, 0xf6, 0xa3, 0xea, 0xc, 0xe0, 0x0, 0xf,
    0xb6, 0x66, 0x7f, 0x60, 0x8, 0xf4, 0xf9, 0x0,
    0x0, 0xff, 0xff, 0xff, 0xf6, 0x0, 0x1f, 0xef,
    0x30, 0x0, 0xf, 0x80, 0x0, 0x3f, 0x60, 0x0,
    0x9f, 0xb0, 0x0, 0x0, 0xff, 0xff, 0xff, 0xf6,
    0x0, 0x1e, 0xfe, 0x20, 0x0, 0xf, 0xb6, 0x66,
    0x7f, 0x60, 0xb, 0xf8, 0xfd, 0x0, 0x0, 0xf8,
    0x0, 0x3, 0xf5, 0xb, 0xf9, 0x6, 0xfd, 0x10,
    0xf, 0x80, 0x68, 0xaf, 0x6d, 0xfa, 0x0, 0x9,
    0xfd, 0x0, 0xf8, 0x5, 0xef, 0xb0, 0xb8, 0x0,
    0x0, 0x9, 0x60, 0x1, 0x0, 0x0, 0x0, 0x0,
    0x0, 0x0, 0x0, 0x0, 0x0,

    /* U+656C "敬" */
    0x0, 0xa, 0xe0, 0x9, 0xf0, 0x0, 0xa, 0x70,
    0x0, 0x0, 0x6, 0x7c, 0xf7, 0x7c, 0xf7, 0x71,
    0xf, 0x80, 0x0, 0x0, 0xe, 0xff, 0xff, 0xff,
    0xff, 0xf3, 0x3f, 0x40, 0x0, 0x0, 0x0, 0xa,
    0xe0, 0x9, 0xf0, 0x0, 0x8f, 0xcb, 0xbb, 0xb0,
    0x0, 0x5, 0x40, 0x7, 0xb0, 0x0, 0xde, 0xcc,
    0xef, 0xc0, 0x0, 0xe, 0xa2, 0x22, 0x22, 0x13,
    0xf7, 0x0, 0xcc, 0x0, 0x0, 0x7f, 0xff, 0xff,
    0xff, 0x7a, 0xf9, 0x0, 0xea, 0x0, 0x1, 0xfa,
    0x44, 0x44, 0x6f, 0x9f, 0xfe, 0x1, 0xf8, 0x0,
    0xc, 0xf5, 0x44, 0x41, 0x3f, 0x8a, 0x6f, 0x24,
    0xf5, 0x0, 0xd, 0xdf, 0xff, 0xf5, 0x4f, 0x60,
    0xe, 0x97, 0xf2, 0x0, 0x1, 0x8f, 0x14, 0xf5,
    0x4f, 0x60, 0x9, 0xed, 0xd0, 0x0, 0x0, 0x8f,
    0x3, 0xf5, 0x5f, 0x50, 0x2, 0xff, 0x80, 0x0,
    0x0, 0x8f, 0x47, 0xf5, 0x5f, 0x50, 0x0, 0xcf,
    0x30, 0x0, 0x0, 0x8f, 0xff, 0xf5, 0x6f, 0x40,
    0x2, 0xff, 0x80, 0x0, 0x0, 0x8f, 0x0, 0x0,
    0x7f, 0x30, 0xc, 0xfc, 0xf3, 0x0, 0x0, 0x35,
    0x0, 0x0, 0xaf, 0x10, 0x8f, 0x71, 0xfd, 0x10,
    0x0, 0x0, 0x5, 0x98, 0xfc, 0x8, 0xfc, 0x0,
    0x6f, 0xc0, 0x0, 0x0, 0x4, 0xef, 0xd3, 0x8,
    0xb0, 0x0, 0xa, 0x70, 0x0, 0x0, 0x0, 0x0,
    0x0, 0x0, 0x0, 0x0, 0x0, 0x0,

    /* U+6570 "数" */
    0x0, 0x0, 0x0, 0x0, 0x0, 0x0, 0x0, 0x0,
    0x0, 0x0, 0x0, 0x72, 0xc, 0xa0, 0x56, 0x0,
    0xba, 0x0, 0x0, 0x0, 0x0, 0xca, 0xc, 0xa3,
    0xf9, 0x0, 0xfa, 0x0, 0x0, 0x0, 0x0, 0x59,
    0xc, 0xa0, 0x80, 0x3, 0xf6, 0x0, 0x0, 0x0,
    0xb, 0xee, 0xef, 0xfe, 0xee, 0x67, 0xff, 0xff,
    0xff, 0x90, 0x5, 0x77, 0xdf, 0xc7, 0x77, 0x3c,
    0xe8, 0x88, 0xfd, 0x50, 0x0, 0x6, 0xff, 0xa4,
    0x60, 0x1f, 0x80, 0x0, 0xf9, 0x0, 0x0, 0x7f,
    0x8c, 0xa4, 0xf3, 0x7f, 0x50, 0x2, 0xf7, 0x0,
    0x9, 0xfa, 0xc, 0xa0, 0x94, 0xdf, 0xb0, 0x6,
    0xf5, 0x0, 0x2, 0x70, 0x27, 0x20, 0x4, 0xfe,
    0xf1, 0x9, 0xf1, 0x0, 0x3, 0x44, 0xce, 0x44,
    0x42, 0xa3, 0xf8, 0xe, 0xd0, 0x0, 0xe, 0xff,
    0xff, 0xff, 0xf3, 0x0, 0xaf, 0x6f, 0x80, 0x0,
    0x1, 0x1e, 0xb1, 0x1b, 0xe1, 0x0, 0x2f, 0xff,
    0x20, 0x0, 0x0, 0x9f, 0x20, 0x4f, 0x70, 0x0,
    0xb, 0xfa, 0x0, 0x0, 0x1, 0xdf, 0xc5, 0xec,
    0x0, 0x0, 0x3f, 0xfe, 0x20, 0x0, 0x0, 0x6,
    0xef, 0xf4, 0x0, 0x2, 0xef, 0x9f, 0xd1, 0x0,
    0x0, 0x18, 0xfd, 0xff, 0x80, 0x4e, 0xf6, 0x6,
    0xfe, 0x30, 0xa, 0xff, 0x80, 0x2c, 0xf6, 0xff,
    0x60, 0x0, 0x7f, 0xd0, 0x9, 0x71, 0x0, 0x0,
    0x20, 0x93, 0x0, 0x0, 0x6, 0x30,

    /* U+6572 "敲" */
    0x0, 0x3, 0xc4, 0x0, 0x0, 0x0, 0x1f, 0x60,
    0x0, 0x45, 0x55, 0xfd, 0x55, 0x54, 0x0, 0x1f,
    0x60, 0x0, 0xdf, 0xff, 0xff, 0xff, 0xfc, 0x0,
    0x1f, 0x95, 0x53, 0x1, 0x33, 0x33, 0x33, 0x10,
    0x0, 0x1f, 0xff, 0xf9, 0x8, 0xff, 0xff, 0xff,
    0x50, 0x0, 0x1f, 0x60, 0x0, 0x8, 0xf2, 0x11,
    0x4f, 0x50, 0x0, 0x1f, 0x60, 0x0, 0x8, 0xf6,
    0x44, 0x7f, 0x50, 0x46, 0x7f, 0x96, 0x62, 0x7,
    0xff, 0xff, 0xff, 0x50, 0xcf, 0xff, 0xff, 0xf4,
    0x12, 0x22, 0x22, 0x22, 0x21, 0xb, 0xb0, 0x5,
    0xf2, 0x8f, 0xff, 0xff, 0xff, 0xf7, 0x8, 0xe0,
    0x8, 0xe0, 0x8f, 0x11, 0x11, 0x11, 0xf7, 0x4,
    0xf2, 0xd, 0xa0, 0x8f, 0x2f, 0xff, 0xf1, 0xf7,
    0x0, 0xe8, 0x4f, 0x40, 0x8f, 0x3f, 0x45, 0xf1,
    0xf7, 0x0, 0x8f, 0xdd, 0x0, 0x8f, 0x3f, 0x23,
    0xf1, 0xf7, 0x0, 0x1f, 0xf4, 0x0, 0x8f, 0x3f,
    0xff, 0xf1, 0xf7, 0x0, 0x5f, 0xfa, 0x0, 0x8f,
    0x3, 0x33, 0x30, 0xf7, 0x6, 0xfc, 0x9f, 0xb0,
    0x8f, 0x0, 0x0, 0x78, 0xf6, 0xbf, 0xb0, 0xa,
    0xfb, 0x8f, 0x0, 0x0, 0x8f, 0xc1, 0x77, 0x0,
    0x0, 0x83,

    /* U+6587 "文" */
    0x0, 0x0, 0x0, 0x0, 0x0, 0x0, 0x0, 0x0,
    0x0, 0x0, 0x0, 0x0, 0x0, 0x1c, 0x70, 0x0,
    0x0, 0x0, 0x0, 0x0, 0x0, 0x0, 0x0, 0xdf,
    0x20, 0x0, 0x0, 0x0, 0x0, 0x0, 0x0, 0x0,
    0x3, 0xfb, 0x0, 0x0, 0x0, 0x0, 0xe, 0xff,
    0xff, 0xff, 0xff, 0xff, 0xff, 0xff, 0xff, 0x80,
    0x78, 0x8f, 0xe8, 0x88, 0x88, 0x88, 0xaf, 0xb8,
    0x84, 0x0, 0x0, 0xbf, 0x10, 0x0, 0x0, 0x7,
    0xf3, 0x0, 0x0, 0x0, 0x5, 0xf7, 0x0, 0x0,
    0x0, 0xce, 0x0, 0x0, 0x0, 0x0, 0xe, 0xe0,
    0x0, 0x0, 0x4f, 0x90, 0x0, 0x0, 0x0, 0x0,
    0x6f, 0x80, 0x0, 0xc, 0xf2, 0x0, 0x0, 0x0,
    0x0, 0x0, 0xcf, 0x40, 0x7, 0xf9, 0x0, 0x0,
    0x0, 0x0, 0x0, 0x2, 0xfe, 0x24, 0xfe, 0x10,
    0x0, 0x0, 0x0, 0x0, 0x0, 0x5, 0xfe, 0xff,
    0x40, 0x0, 0x0, 0x0, 0x0, 0x0, 0x0, 0xc,
    0xff, 0x90, 0x0, 0x0, 0x0, 0x0, 0x0, 0x0,
    0x5e, 0xfd, 0xff, 0xb2, 0x0, 0x0, 0x0, 0x0,
    0x4, 0xcf, 0xf7, 0x2, 0xcf, 0xf9, 0x20, 0x0,
    0x0, 0x6d, 0xff, 0xa2, 0x0, 0x0, 0x7f, 0xff,
    0xa4, 0x2, 0xff, 0xfa, 0x20, 0x0, 0x0, 0x0,
    0x18, 0xff, 0xf6, 0x7, 0x71, 0x0, 0x0, 0x0,
    0x0, 0x0, 0x1, 0x6b, 0x0,

    /* U+659C "斜" */
    0x0, 0x0, 0x0, 0x0, 0x0, 0x0, 0x0, 0x0,
    0x0, 0x0, 0x0, 0x0, 0xd, 0xb0, 0x0, 0x0,
    0x0, 0x7, 0xf0, 0x0, 0x0, 0x0, 0xaf, 0xfa,
    0x10, 0x1, 0x60, 0x7, 0xf0, 0x0, 0x0, 0xa,
    0xf5, 0x5e, 0xe4, 0x8, 0xfa, 0x7, 0xf0, 0x0,
    0x1, 0xcf, 0x60, 0x1, 0xdf, 0x30, 0x7f, 0xb7,
    0xf0, 0x0, 0xe, 0xe4, 0x0, 0x0, 0x16, 0x0,
    0x7, 0x87, 0xf0, 0x0, 0x5, 0x1a, 0xff, 0xff,
    0xb0, 0x0, 0x0, 0x7, 0xf0, 0x0, 0x0, 0x4,
    0x6e, 0xc6, 0x40, 0x6e, 0x30, 0x7, 0xf0, 0x0,
    0x0, 0x0, 0xd, 0xa0, 0x0, 0x2d, 0xf4, 0x7,
    0xf0, 0x0, 0x1, 0x44, 0x4e, 0xb4, 0x44, 0x1,
    0xdf, 0x27, 0xf0, 0x0, 0x5, 0xff, 0xff, 0xff,
    0xff, 0x0, 0x19, 0x7, 0xf0, 0x0, 0x0, 0x11,
    0x1d, 0xa1, 0x11, 0x0, 0x0, 0x29, 0xfd, 0xf4,
    0x0, 0x3a, 0x1d, 0xa1, 0xa1, 0x17, 0xae, 0xff,
    0xfd, 0x92, 0x0, 0xae, 0xd, 0xa1, 0xf6, 0x4f,
    0xeb, 0x79, 0xf0, 0x0, 0x1, 0xf8, 0xd, 0xa0,
    0xdc, 0x2, 0x0, 0x7, 0xf0, 0x0, 0x9, 0xf2,
    0xd, 0xa0, 0x8f, 0x10, 0x0, 0x7, 0xf0, 0x0,
    0xb, 0xa0, 0xd, 0xa0, 0x3f, 0x50, 0x0, 0x7,
    0xf0, 0x0, 0x0, 0x6, 0x8f, 0x90, 0x3, 0x0,
    0x0, 0x7, 0xf0, 0x0, 0x0, 0x6, 0xfe, 0x40,
    0x0, 0x0, 0x0, 0x7, 0xf0, 0x0,

    /* U+65AD "断" */
    0x0, 0x0, 0x0, 0x0, 0x0, 0x0, 0x0, 0x2,
    0x62, 0x5f, 0x36, 0xe, 0x70, 0xc5, 0x48, 0xac,
    0xff, 0xfa, 0x5f, 0x5f, 0xe, 0x73, 0xf5, 0xaf,
    0xeb, 0x96, 0x20, 0x5f, 0x2e, 0x4e, 0x79, 0xf0,
    0xad, 0x0, 0x0, 0x0, 0x5f, 0x2a, 0x9e, 0x7e,
    0xa0, 0xbd, 0x0, 0x0, 0x0, 0x5f, 0x25, 0x7e,
    0x8b, 0x30, 0xbd, 0x0, 0x0, 0x0, 0x5f, 0x44,
    0x4f, 0xa4, 0x41, 0xbd, 0x0, 0x0, 0x0, 0x5f,
    0xaf, 0xff, 0xff, 0xf5, 0xbf, 0xff, 0xff, 0xff,
    0x5f, 0x21, 0x7f, 0x81, 0x10, 0xce, 0x66, 0x8f,
    0x75, 0x5f, 0x20, 0xdf, 0xf3, 0x0, 0xcc, 0x0,
    0x4f, 0x10, 0x5f, 0x24, 0xef, 0xfe, 0x20, 0xdb,
    0x0, 0x4f, 0x10, 0x5f, 0x2d, 0x7e, 0x8d, 0xe1,
    0xeb, 0x0, 0x4f, 0x10, 0x5f, 0xbe, 0x1e, 0x71,
    0xd1, 0xfa, 0x0, 0x4f, 0x10, 0x5f, 0xb6, 0xe,
    0x70, 0x0, 0xf8, 0x0, 0x4f, 0x10, 0x5f, 0x20,
    0xe, 0x70, 0x4, 0xf6, 0x0, 0x4f, 0x10, 0x5f,
    0x20, 0xa, 0x50, 0x8, 0xf2, 0x0, 0x4f, 0x10,
    0x5f, 0xff, 0xff, 0xff, 0x2e, 0xd0, 0x0, 0x4f,
    0x10, 0x27, 0x77, 0x77, 0x77, 0x8f, 0x70, 0x0,
    0x4f, 0x10, 0x0, 0x0, 0x0, 0x0, 0x1c, 0x0,
    0x0, 0x4f, 0x10, 0x0, 0x0, 0x0, 0x0, 0x0,
    0x0, 0x0, 0x0, 0x0,

    /* U+65B0 "新" */
    0x0, 0x0, 0x1, 0x0, 0x0, 0x0, 0x0, 0x0,
    0x0, 0x0, 0x0, 0xa, 0xe0, 0x0, 0x0, 0x0,
    0x0, 0x36, 0xa2, 0x2, 0x66, 0x7f, 0xa6, 0x66,
    0x8, 0xce, 0xff, 0xfd, 0x50, 0x6f, 0xff, 0xff,
    0xff, 0xf2, 0xdd, 0x86, 0x30, 0x0, 0x0, 0x1f,
    0x50, 0x9, 0xf1, 0xd, 0xa0, 0x0, 0x0, 0x0,
    0x0, 0xca, 0x0, 0xe9, 0x0, 0xda, 0x0, 0x0,
    0x0, 0x0, 0x7, 0xf0, 0x5f, 0x20, 0xd, 0xa0,
    0x0, 0x0, 0x0, 0xef, 0xff, 0xff, 0xff, 0xf4,
    0xef, 0xee, 0xee, 0xeb, 0x5, 0x66, 0x6f, 0xa6,
    0x66, 0x1e, 0xc7, 0x7b, 0xf7, 0x50, 0x0, 0x1,
    0xf7, 0x0, 0x0, 0xf9, 0x0, 0x7f, 0x0, 0x3,
    0x66, 0x7f, 0xb6, 0x65, 0xf, 0x90, 0x7, 0xf0,
    0x0, 0x7e, 0xee, 0xff, 0xee, 0xa0, 0xf8, 0x0,
    0x7f, 0x0, 0x0, 0x0, 0x1f, 0x70, 0x0, 0x1f,
    0x70, 0x7, 0xf0, 0x0, 0x7, 0xe2, 0xf7, 0xb9,
    0x3, 0xf5, 0x0, 0x7f, 0x0, 0x1, 0xfa, 0x1f,
    0x75, 0xf5, 0x6f, 0x30, 0x7, 0xf0, 0x0, 0xce,
    0x11, 0xf7, 0xb, 0x9a, 0xf0, 0x0, 0x7f, 0x0,
    0x1c, 0x40, 0x1f, 0x70, 0x1, 0xfa, 0x0, 0x7,
    0xf0, 0x0, 0x1, 0x88, 0xf7, 0x0, 0x8f, 0x40,
    0x0, 0x7f, 0x0, 0x0, 0xc, 0xfd, 0x10, 0x3,
    0xa0, 0x0, 0x7, 0xf0, 0x0,

    /* U+65B9 "方" */
    0x0, 0x0, 0x0, 0x0, 0x10, 0x0, 0x0, 0x0,
    0x0, 0x0, 0x0, 0x0, 0xb, 0xe1, 0x0, 0x0,
    0x0, 0x0, 0x0, 0x0, 0x0, 0x5, 0xf8, 0x0,
    0x0, 0x0, 0x0, 0x0, 0x0, 0x0, 0x0, 0xee,
    0x0, 0x0, 0x0, 0x0, 0xef, 0xff, 0xff, 0xff,
    0xff, 0xff, 0xff, 0xff, 0xf7, 0x78, 0x88, 0x8d,
    0xf8, 0x88, 0x88, 0x88, 0x88, 0x84, 0x0, 0x0,
    0xa, 0xf0, 0x0, 0x0, 0x0, 0x0, 0x0, 0x0,
    0x0, 0xa, 0xe0, 0x0, 0x0, 0x0, 0x0, 0x0,
    0x0, 0x0, 0xb, 0xe5, 0x55, 0x55, 0x55, 0x53,
    0x0, 0x0, 0x0, 0xd, 0xff, 0xff, 0xff, 0xff,
    0xf9, 0x0, 0x0, 0x0, 0xf, 0xb2, 0x22, 0x22,
    0x22, 0xf9, 0x0, 0x0, 0x0, 0x2f, 0x80, 0x0,
    0x0, 0x0, 0xf8, 0x0, 0x0, 0x0, 0x6f, 0x50,
    0x0, 0x0, 0x0, 0xf8, 0x0, 0x0, 0x0, 0xcf,
    0x10, 0x0, 0x0, 0x1, 0xf7, 0x0, 0x0, 0x4,
    0xfa, 0x0, 0x0, 0x0, 0x2, 0xf6, 0x0, 0x0,
    0x1e, 0xf2, 0x0, 0x0, 0x0, 0x4, 0xf5, 0x0,
    0x2, 0xdf, 0x60, 0x0, 0x0, 0x0, 0x7, 0xf3,
    0x0, 0x5f, 0xf6, 0x0, 0x0, 0x1, 0x98, 0x9f,
    0xf0, 0x0, 0x2d, 0x40, 0x0, 0x0, 0x0, 0xff,
    0xfe, 0x40, 0x0, 0x0, 0x0, 0x0, 0x0, 0x0,
    0x0, 0x0, 0x0, 0x0,

    /* U+65CB "旋" */
    0x0, 0x0, 0x0, 0x0, 0x0, 0x0, 0x0, 0x0,
    0x0, 0x0, 0x0, 0x8d, 0x0, 0x0, 0xa, 0xc0,
    0x0, 0x0, 0x0, 0x0, 0x5, 0xf4, 0x0, 0x1,
    0xfa, 0x22, 0x22, 0x22, 0x10, 0x23, 0x3f, 0xb3,
    0x30, 0x7f, 0xff, 0xff, 0xff, 0xfb, 0xe, 0xff,
    0xff, 0xff, 0x4e, 0xc4, 0x44, 0x44, 0x44, 0x20,
    0x48, 0xf8, 0x44, 0x4b, 0xf4, 0x0, 0x0, 0x0,
    0x0, 0x0, 0x5f, 0x50, 0x0, 0x49, 0x67, 0x77,
    0x77, 0x77, 0x20, 0x5, 0xf6, 0x22, 0x10, 0xd,
    0xff, 0xff, 0xff, 0xf5, 0x0, 0x6f, 0xff, 0xfd,
    0x0, 0x0, 0x1f, 0x60, 0x9f, 0x10, 0x6, 0xf7,
    0x5a, 0xd0, 0x0, 0x1, 0xf6, 0x1f, 0xa0, 0x0,
    0x7f, 0x10, 0x8d, 0x0, 0xc2, 0x1f, 0x60, 0x1,
    0x0, 0x9, 0xf0, 0x9, 0xc0, 0xf, 0x21, 0xfb,
    0x77, 0x71, 0x0, 0xae, 0x0, 0xac, 0x2, 0xf0,
    0x1f, 0xfe, 0xee, 0x20, 0xd, 0xc0, 0xb, 0xb0,
    0x6e, 0x1, 0xf6, 0x0, 0x0, 0x1, 0xf9, 0x0,
    0xca, 0xa, 0xe0, 0x1f, 0x60, 0x0, 0x0, 0x5f,
    0x50, 0xe, 0x80, 0xff, 0x91, 0xf6, 0x0, 0x0,
    0xb, 0xf0, 0x0, 0xf6, 0x7f, 0x8f, 0xcf, 0x60,
    0x0, 0x3, 0xf9, 0x8, 0xbf, 0x4f, 0xb0, 0x6e,
    0xfd, 0xa9, 0x98, 0x1b, 0x20, 0xcf, 0x80, 0xb2,
    0x0, 0x16, 0xbd, 0xff, 0x90, 0x0, 0x0, 0x0,
    0x0, 0x0, 0x0, 0x0, 0x0, 0x0,

    /* U+65E0 "无" */
    0x0, 0xef, 0xff, 0xff, 0xff, 0xff, 0xff, 0xff,
    0xf7, 0x0, 0x6, 0x77, 0x77, 0x7a, 0xf9, 0x77,
    0x77, 0x77, 0x30, 0x0, 0x0, 0x0, 0x0, 0x6f,
    0x20, 0x0, 0x0, 0x0, 0x0, 0x0, 0x0, 0x0,
    0x7, 0xf1, 0x0, 0x0, 0x0, 0x0, 0x0, 0x0,
    0x0, 0x0, 0x9f, 0x0, 0x0, 0x0, 0x0, 0x0,
    0x0, 0x0, 0x0, 0xa, 0xf0, 0x0, 0x0, 0x0,
    0x0, 0x4, 0x66, 0x66, 0x66, 0xde, 0x66, 0x66,
    0x66, 0x66, 0x20, 0xdf, 0xff, 0xff, 0xff, 0xff,
    0xff, 0xff, 0xff, 0xf6, 0x1, 0x11, 0x11, 0x16,
    0xf7, 0xcd, 0x11, 0x11, 0x11, 0x0, 0x0, 0x0,
    0x0, 0x9f, 0x2c, 0xd0, 0x0, 0x0, 0x0, 0x0,
    0x0, 0x0, 0xf, 0xd0, 0xcd, 0x0, 0x0, 0x0,
    0x0, 0x0, 0x0, 0x8, 0xf6, 0xc, 0xd0, 0x0,
    0x0, 0x0, 0x0, 0x0, 0x2, 0xfd, 0x0, 0xcd,
    0x0, 0x0, 0x0, 0x0, 0x0, 0x1, 0xdf, 0x30,
    0xc, 0xd0, 0x0, 0x0, 0x10, 0x0, 0x0, 0xcf,
    0x70, 0x0, 0xcd, 0x0, 0x0, 0xf, 0x80, 0x1,
    0xcf, 0x80, 0x0, 0xc, 0xd0, 0x0, 0x2, 0xf8,
    0x4, 0xef, 0x70, 0x0, 0x0, 0xbf, 0x97, 0x89,
    0xdf, 0x40, 0xce, 0x50, 0x0, 0x0, 0x4, 0xdf,
    0xff, 0xec, 0x80, 0x1, 0x10, 0x0, 0x0, 0x0,
    0x0, 0x0, 0x0, 0x0, 0x0,

    /* U+65F6 "时" */
    0x0, 0x0, 0x0, 0x0, 0x0, 0x0, 0x0, 0xf9,
    0x0, 0x37, 0x77, 0x77, 0x60, 0x0, 0x0, 0x0,
    0xf9, 0x0, 0x8f, 0xff, 0xff, 0xe0, 0x0, 0x0,
    0x0, 0xf9, 0x0, 0x8f, 0x0, 0x9, 0xe0, 0x11,
    0x11, 0x11, 0xf9, 0x11, 0x8f, 0x0, 0x9, 0xe6,
    0xff, 0xff, 0xff, 0xff, 0xfe, 0x8f, 0x0, 0x9,
    0xe2, 0x66, 0x66, 0x66, 0xfb, 0x65, 0x8f, 0x11,
    0x19, 0xe0, 0x1, 0x0, 0x0, 0xf9, 0x0, 0x8f,
    0xff, 0xff, 0xe0, 0x4f, 0x50, 0x0, 0xf9, 0x0,
    0x8f, 0x55, 0x5b, 0xe0, 0xe, 0xd0, 0x0, 0xf9,
    0x0, 0x8f, 0x0, 0x9, 0xe0, 0x6, 0xf5, 0x0,
    0xf9, 0x0, 0x8f, 0x0, 0x9, 0xe0, 0x0, 0xfc,
    0x0, 0xf9, 0x0, 0x8f, 0x0, 0x9, 0xe0, 0x0,
    0x9f, 0x30, 0xf9, 0x0, 0x8f, 0x55, 0x5b, 0xe0,
    0x0, 0x35, 0x0, 0xf9, 0x0, 0x8f, 0xff, 0xff,
    0xe0, 0x0, 0x0, 0x0, 0xf9, 0x0, 0x8f, 0x0,
    0x9, 0xe0, 0x0, 0x0, 0x0, 0xf9, 0x0, 0x8f,
    0x0, 0x3, 0x50, 0x0, 0x0, 0x0, 0xf9, 0x0,
    0x0, 0x0, 0x0, 0x0, 0x0, 0xd, 0xaa, 0xf7,
    0x0, 0x0, 0x0, 0x0, 0x0, 0x0, 0x9, 0xdf,
    0xc1, 0x0,

    /* U+660E "明" */
    0x0, 0x0, 0x0, 0x0, 0xd, 0xff, 0xff, 0xff,
    0xf7, 0x8, 0x88, 0x88, 0x84, 0xd, 0xc5, 0x55,
    0x55, 0xf7, 0x1f, 0xff, 0xff, 0xf7, 0xd, 0xa0,
    0x0, 0x0, 0xf7, 0x1f, 0x70, 0x1, 0xf7, 0xd,
    0xa0, 0x0, 0x0, 0xf7, 0x1f, 0x70, 0x1, 0xf7,
    0xd, 0xa0, 0x0, 0x0, 0xf7, 0x1f, 0x70, 0x1,
    0xf7, 0xd, 0xeb, 0xbb, 0xbb, 0xf7, 0x1f, 0x70,
    0x1, 0xf7, 0xd, 0xda, 0xaa, 0xaa, 0xf7, 0x1f,
    0xff, 0xff, 0xf7, 0xd, 0xa0, 0x0, 0x0, 0xf7,
    0x1f, 0xa5, 0x56, 0xf7, 0xd, 0xa0, 0x0, 0x0,
    0xf7, 0x1f, 0x70, 0x1, 0xf7, 0xe, 0xa0, 0x0,
    0x0, 0xf7, 0x1f, 0x70, 0x1, 0xf7, 0xe, 0xec,
    0xcc, 0xcc, 0xf7, 0x1f, 0x70, 0x1, 0xf7, 0xf,
    0xca, 0xaa, 0xaa, 0xf7, 0x1f, 0xb7, 0x77, 0xf7,
    0x2f, 0x50, 0x0, 0x0, 0xf7, 0x1f, 0xff, 0xff,
    0xf7, 0x5f, 0x20, 0x0, 0x0, 0xf7, 0x1f, 0x80,
    0x0, 0x0, 0x8f, 0x0, 0x0, 0x0, 0xf7, 0x1d,
    0x60, 0x0, 0x0, 0xcb, 0x0, 0x0, 0x0, 0xf7,
    0x0, 0x0, 0x0, 0x1, 0xf6, 0x0, 0x8, 0x78,
    0xf6, 0x0, 0x0, 0x0, 0x2, 0xe1, 0x0, 0xb,
    0xff, 0xd1, 0x0, 0x0, 0x0, 0x0, 0x0, 0x0,
    0x0, 0x0, 0x0,

    /* U+662F "是" */
    0x0, 0x5, 0xff, 0xff, 0xff, 0xff, 0xff, 0xff,
    0x20, 0x0, 0x0, 0x5f, 0x76, 0x66, 0x66, 0x66,
    0x69, 0xf2, 0x0, 0x0, 0x5, 0xf2, 0x0, 0x0,
    0x0, 0x0, 0x5f, 0x20, 0x0, 0x0, 0x5f, 0xff,
    0xff, 0xff, 0xff, 0xff, 0xf2, 0x0, 0x0, 0x5,
    0xf6, 0x44, 0x44, 0x44, 0x44, 0x8f, 0x20, 0x0,
    0x0, 0x5f, 0x31, 0x11, 0x11, 0x11, 0x16, 0xf2,
    0x0, 0x0, 0x5, 0xff, 0xff, 0xff, 0xff, 0xff,
    0xff, 0x20, 0x0, 0x0, 0x15, 0x55, 0x55, 0x55,
    0x55, 0x55, 0x50, 0x0, 0x6, 0x77, 0x77, 0x77,
    0x77, 0x77, 0x77, 0x77, 0x77, 0x30, 0xdf, 0xff,
    0xff, 0xff, 0xff, 0xff, 0xff, 0xff, 0xf6, 0x0,
    0x0, 0x47, 0x0, 0xd, 0xc0, 0x0, 0x0, 0x0,
    0x0, 0x0, 0xb, 0xe0, 0x0, 0xdc, 0x22, 0x22,
    0x22, 0x10, 0x0, 0x1, 0xfb, 0x0, 0xd, 0xff,
    0xff, 0xff, 0xfa, 0x0, 0x0, 0x8f, 0xf4, 0x0,
    0xdd, 0x44, 0x44, 0x44, 0x20, 0x0, 0x3f, 0xbc,
    0xf6, 0xd, 0xc0, 0x0, 0x0, 0x0, 0x0, 0x1d,
    0xf2, 0xa, 0xfd, 0xec, 0x0, 0x0, 0x0, 0x0,
    0x2d, 0xf6, 0x0, 0x4, 0xcf, 0xfe, 0xcb, 0xa9,
    0x99, 0x60, 0xc7, 0x0, 0x0, 0x0, 0x16, 0x9c,
    0xdf, 0xff, 0xf7, 0x0, 0x0, 0x0, 0x0, 0x0,
    0x0, 0x0, 0x0, 0x0, 0x0,

    /* U+663E "显" */
    0x0, 0xaf, 0xff, 0xff, 0xff, 0xff, 0xff, 0xfa,
    0x0, 0x0, 0xaf, 0x77, 0x77, 0x77, 0x77, 0x77,
    0xfa, 0x0, 0x0, 0xae, 0x0, 0x0, 0x0, 0x0,
    0x0, 0xfa, 0x0, 0x0, 0xae, 0x11, 0x11, 0x11,
    0x11, 0x11, 0xfa, 0x0, 0x0, 0xaf, 0xff, 0xff,
    0xff, 0xff, 0xff, 0xfa, 0x0, 0x0, 0xae, 0x33,
    0x33, 0x33, 0x33, 0x33, 0xfa, 0x0, 0x0, 0xae,
    0x0, 0x0, 0x0, 0x0, 0x0, 0xfa, 0x0, 0x0,
    0xaf, 0xff, 0xff, 0xff, 0xff, 0xff, 0xfa, 0x0,
    0x0, 0x58, 0x88, 0x88, 0x88, 0x88, 0x88, 0x85,
    0x0, 0x0, 0x10, 0x0, 0x68, 0x0, 0x77, 0x0,
    0x0, 0x0, 0x3, 0xf6, 0x0, 0xae, 0x0, 0xcc,
    0x0, 0x6d, 0x20, 0x0, 0xdf, 0x10, 0xae, 0x0,
    0xcc, 0x0, 0xed, 0x0, 0x0, 0x3f, 0x90, 0xae,
    0x0, 0xcc, 0xa, 0xf3, 0x0, 0x0, 0xb, 0xf1,
    0xae, 0x0, 0xcc, 0x2f, 0x70, 0x0, 0x0, 0x2,
    0x30, 0xae, 0x0, 0xcc, 0x3, 0x0, 0x0, 0x67,
    0x77, 0x77, 0xdf, 0x77, 0xde, 0x77, 0x77, 0x76,
    0xef, 0xff, 0xff, 0xff, 0xff, 0xff, 0xff, 0xff,
    0xfd,

    /* U+6643 "晃" */
    0x0, 0xb, 0xff, 0xff, 0xff, 0xff, 0xff, 0xff,
    0x80, 0x0, 0x0, 0xbe, 0x55, 0x55, 0x55, 0x55,
    0x56, 0xf8, 0x0, 0x0, 0xb, 0xe0, 0x0, 0x0,
    0x0, 0x0, 0x1f, 0x80, 0x0, 0x0, 0xbf, 0xff,
    0xff, 0xff, 0xff, 0xff, 0xf8, 0x0, 0x0, 0xb,
    0xf6, 0x66, 0x66, 0x66, 0x66, 0x6f, 0x80, 0x0,
    0x0, 0xbf, 0x66, 0x66, 0x66, 0x66, 0x67, 0xf8,
    0x0, 0x0, 0xb, 0xff, 0xff, 0xff, 0xff, 0xff,
    0xff, 0x80, 0x0, 0x0, 0x8, 0x10, 0x0, 0xf9,
    0x0, 0x2, 0x70, 0x0, 0x0, 0x4, 0xfd, 0x0,
    0xf, 0x90, 0x2, 0xee, 0x20, 0x0, 0x0, 0x6,
    0xf5, 0x0, 0xf9, 0x0, 0xaf, 0x40, 0x0, 0x4,
    0x55, 0x58, 0x55, 0x5f, 0xb5, 0x55, 0x75, 0x55,
    0x30, 0xef, 0xff, 0xff, 0xff, 0xff, 0xff, 0xff,
    0xff, 0xfb, 0x2, 0x22, 0x22, 0xaf, 0x22, 0x2d,
    0xc2, 0x22, 0x22, 0x20, 0x0, 0x0, 0xd, 0xd0,
    0x0, 0xdb, 0x0, 0x0, 0x0, 0x0, 0x0, 0x5,
    0xf7, 0x0, 0xd, 0xb0, 0x0, 0xc, 0x60, 0x0,
    0x5, 0xfe, 0x10, 0x0, 0xdb, 0x0, 0x1, 0xf8,
    0x15, 0x8d, 0xfe, 0x30, 0x0, 0xd, 0xe6, 0x68,
    0xcf, 0x40, 0xdf, 0xd8, 0x10, 0x0, 0x0, 0x6e,
    0xff, 0xec, 0x70, 0x1, 0x10, 0x0, 0x0, 0x0,
    0x0, 0x0, 0x0, 0x0, 0x0,

    /* U+666E "普" */
    0x0, 0x0, 0x0, 0x0, 0x0, 0x1, 0x0, 0x0,
    0x0, 0x0, 0x0, 0xad, 0x10, 0x0, 0xc, 0xe0,
    0x0, 0x0, 0x0, 0x0, 0x5f, 0x90, 0x0, 0x5f,
    0x70, 0x0, 0x0, 0xf, 0xff, 0xff, 0xff, 0xff,
    0xff, 0xff, 0xff, 0xf0, 0x6, 0x66, 0x66, 0xde,
    0x66, 0xfb, 0x66, 0x66, 0x60, 0x0, 0x5f, 0x20,
    0xbd, 0x1, 0xf8, 0x2, 0xf4, 0x0, 0x0, 0x1f,
    0xa0, 0xbd, 0x1, 0xf8, 0xc, 0xe1, 0x0, 0x0,
    0x8, 0xa0, 0xbd, 0x1, 0xf8, 0x1e, 0x50, 0x0,
    0x77, 0x77, 0x77, 0xde, 0x77, 0xfb, 0x77, 0x77,
    0x76, 0xff, 0xff, 0xff, 0xff, 0xff, 0xff, 0xff,
    0xff, 0xfd, 0x0, 0x0, 0x0, 0x0, 0x0, 0x0,
    0x0, 0x0, 0x0, 0x0, 0x6f, 0xff, 0xff, 0xff,
    0xff, 0xff, 0xf4, 0x0, 0x0, 0x6f, 0x76, 0x66,
    0x66, 0x66, 0x69, 0xf4, 0x0, 0x0, 0x6f, 0x42,
    0x22, 0x22, 0x22, 0x26, 0xf4, 0x0, 0x0, 0x6f,
    0xff, 0xff, 0xff, 0xff, 0xff, 0xf4, 0x0, 0x0,
    0x6f, 0x42, 0x22, 0x22, 0x22, 0x26, 0xf4, 0x0,
    0x0, 0x6f, 0x76, 0x66, 0x66, 0x66, 0x69, 0xf4,
    0x0, 0x0, 0x6f, 0xff, 0xff, 0xff, 0xff, 0xff,
    0xf4, 0x0, 0x0, 0x6f, 0x20, 0x0, 0x0, 0x0,
    0x5, 0xf4, 0x0,

    /* U+666F "景" */
    0x0, 0x6f, 0xff, 0xff, 0xff, 0xff, 0xff, 0xf9,
    0x0, 0x0, 0x6f, 0x32, 0x22, 0x22, 0x22, 0x22,
    0xf9, 0x0, 0x0, 0x6f, 0xee, 0xee, 0xee, 0xee,
    0xee, 0xf9, 0x0, 0x0, 0x6f, 0x43, 0x33, 0x33,
    0x33, 0x33, 0xf9, 0x0, 0x0, 0x6f, 0xff, 0xff,
    0xff, 0xff, 0xff, 0xf9, 0x0, 0x0, 0x14, 0x44,
    0x4a, 0xfa, 0x44, 0x44, 0x42, 0x0, 0x66, 0x66,
    0x66, 0x66, 0xfc, 0x66, 0x66, 0x66, 0x66, 0xff,
    0xff, 0xff, 0xff, 0xff, 0xff, 0xff, 0xff, 0xff,
    0x11, 0x23, 0x33, 0x33, 0x33, 0x33, 0x33, 0x32,
    0x11, 0x0, 0xbf, 0xff, 0xff, 0xff, 0xff, 0xff,
    0xfb, 0x0, 0x0, 0xbc, 0x33, 0x33, 0x33, 0x33,
    0x33, 0xdb, 0x0, 0x0, 0xbc, 0x66, 0x66, 0x66,
    0x66, 0x66, 0xdb, 0x0, 0x0, 0xaf, 0xff, 0xff,
    0xff, 0xff, 0xff, 0xfa, 0x0, 0x0, 0x0, 0x40,
    0x0, 0x7f, 0x10, 0x33, 0x0, 0x0, 0x0, 0x9,
    0xf6, 0x0, 0x7f, 0x10, 0xdf, 0xa1, 0x0, 0x18,
    0xef, 0x70, 0x0, 0x7f, 0x10, 0x8, 0xfe, 0x40,
    0x8f, 0xb3, 0x3, 0xb8, 0xcf, 0x0, 0x0, 0x4e,
    0xc0, 0x2, 0x0, 0x1, 0xdf, 0xf8, 0x0, 0x0,
    0x2, 0x10,

    /* U+6697 "暗" */
    0x0, 0x0, 0x0, 0x0, 0x0, 0x1, 0x20, 0x0,
    0x0, 0x0, 0x0, 0x0, 0x0, 0x0, 0x1, 0xfc,
    0x0, 0x0, 0x0, 0x6b, 0xbb, 0xba, 0x8, 0x88,
    0x8d, 0xfa, 0x88, 0x85, 0x9, 0xfb, 0xbe, 0xe0,
    0xff, 0xff, 0xff, 0xff, 0xff, 0xa0, 0x9e, 0x0,
    0x9e, 0x0, 0x3, 0x0, 0x0, 0x4, 0x0, 0x9,
    0xe0, 0x9, 0xe0, 0x9, 0xf1, 0x0, 0x7, 0xf4,
    0x0, 0x9e, 0x0, 0x9e, 0x0, 0x2f, 0x80, 0x0,
    0xdd, 0x0, 0x9, 0xe0, 0x9, 0xe2, 0x77, 0xef,
    0x77, 0x8f, 0xb7, 0x70, 0x9f, 0xdd, 0xee, 0x4f,
    0xff, 0xff, 0xff, 0xff, 0xff, 0x19, 0xf6, 0x6b,
    0xe0, 0x0, 0x0, 0x0, 0x0, 0x0, 0x0, 0x9e,
    0x0, 0x9e, 0x0, 0xef, 0xff, 0xff, 0xff, 0xf0,
    0x9, 0xe0, 0x9, 0xe0, 0xe, 0xc7, 0x77, 0x77,
    0xcf, 0x0, 0x9e, 0x0, 0x9e, 0x0, 0xea, 0x0,
    0x0, 0x9, 0xf0, 0x9, 0xf5, 0x5b, 0xe0, 0xe,
    0xeb, 0xbb, 0xbb, 0xdf, 0x0, 0x9f, 0xff, 0xfe,
    0x0, 0xee, 0xbb, 0xbb, 0xbe, 0xf0, 0x9, 0xe0,
    0x9, 0xe0, 0xe, 0xa0, 0x0, 0x0, 0x9f, 0x0,
    0x6b, 0x0, 0x12, 0x0, 0xec, 0x77, 0x77, 0x7c,
    0xf0, 0x0, 0x0, 0x0, 0x0, 0xe, 0xff, 0xff,
    0xff, 0xff, 0x0, 0x0, 0x0, 0x0, 0x0, 0xea,
    0x0, 0x0, 0x9, 0xf0, 0x0,

    /* U+66F4 "更" */
    0x2f, 0xff, 0xff, 0xff, 0xff, 0xff, 0xff, 0xff,
    0xf9, 0x1, 0x77, 0x77, 0x77, 0x7d, 0xf7, 0x77,
    0x77, 0x77, 0x40, 0x0, 0x0, 0x0, 0x0, 0xae,
    0x0, 0x0, 0x0, 0x0, 0x0, 0x6, 0x66, 0x66,
    0x6c, 0xf6, 0x66, 0x66, 0x61, 0x0, 0x0, 0xef,
    0xff, 0xff, 0xff, 0xff, 0xff, 0xff, 0x40, 0x0,
    0xe, 0xa0, 0x0, 0xa, 0xe0, 0x0, 0x5, 0xf4,
    0x0, 0x0, 0xec, 0x44, 0x44, 0xbf, 0x44, 0x44,
    0x8f, 0x40, 0x0, 0xe, 0xff, 0xff, 0xff, 0xff,
    0xff, 0xff, 0xf4, 0x0, 0x0, 0xea, 0x0, 0x0,
    0xae, 0x0, 0x0, 0x5f, 0x40, 0x0, 0xe, 0xc5,
    0x55, 0x5c, 0xf5, 0x55, 0x58, 0xf4, 0x0, 0x0,
    0xef, 0xff, 0xff, 0xff, 0xff, 0xff, 0xff, 0x40,
    0x0, 0x1, 0x13, 0x11, 0x1d, 0xc1, 0x11, 0x11,
    0x10, 0x0, 0x0, 0x4, 0xf9, 0x1, 0xf8, 0x0,
    0x0, 0x0, 0x0, 0x0, 0x0, 0x9, 0xfc, 0xaf,
    0x30, 0x0, 0x0, 0x0, 0x0, 0x0, 0x0, 0x6,
    0xff, 0xe3, 0x0, 0x0, 0x0, 0x0, 0x0, 0x0,
    0x5, 0xcf, 0xef, 0xfd, 0x84, 0x0, 0x0, 0x0,
    0x48, 0xbf, 0xfe, 0x70, 0x3a, 0xff, 0xff, 0xec,
    0xa9, 0x6, 0xfd, 0xa5, 0x0, 0x0, 0x0, 0x48,
    0xad, 0xff, 0xb0, 0x0, 0x0, 0x0, 0x0, 0x0,
    0x0, 0x0, 0x0, 0x0, 0x0,

    /* U+6700 "最" */
    0x0, 0xaf, 0xff, 0xff, 0xff, 0xff, 0xff, 0xfa,
    0x0, 0x0, 0xaf, 0x44, 0x44, 0x44, 0x44, 0x44,
    0xea, 0x0, 0x0, 0xaf, 0x33, 0x33, 0x33, 0x33,
    0x33, 0xea, 0x0, 0x0, 0xaf, 0xff, 0xff, 0xff,
    0xff, 0xff, 0xfa, 0x0, 0x0, 0xae, 0x22, 0x22,
    0x22, 0x22, 0x22, 0xda, 0x0, 0x0, 0xaf, 0xff,
    0xff, 0xff, 0xff, 0xff, 0xfa, 0x0, 0x0, 0x1,
    0x11, 0x11, 0x11, 0x11, 0x11, 0x10, 0x0, 0xff,
    0xff, 0xff, 0xff, 0xff, 0xff, 0xff, 0xff, 0xff,
    0x49, 0xf6, 0x44, 0x4f, 0xa4, 0x44, 0x44, 0x44,
    0x44, 0x6, 0xf4, 0x22, 0x2f, 0x80, 0x66, 0x66,
    0x66, 0x40, 0x6, 0xff, 0xff, 0xff, 0x82, 0xff,
    0xff, 0xff, 0xb0, 0x6, 0xf2, 0x0, 0xf, 0x80,
    0x82, 0x0, 0x4f, 0x70, 0x6, 0xfe, 0xee, 0xef,
    0x80, 0xdb, 0x0, 0xce, 0x0, 0x6, 0xf5, 0x33,
    0x3f, 0x80, 0x3f, 0xb9, 0xf6, 0x0, 0x6, 0xf4,
    0x46, 0x8f, 0xf9, 0x6, 0xff, 0xa0, 0x0, 0xdf,
    0xff, 0xff, 0xff, 0xd6, 0x19, 0xff, 0xf9, 0x20,
    0x9a, 0x86, 0x42, 0xf, 0x85, 0xff, 0x93, 0xcf,
    0xfb, 0x0, 0x0, 0x0, 0xf, 0x84, 0xb3, 0x0,
    0x4, 0xb7,

    /* U+6709 "有" */
    0x0, 0x0, 0x0, 0x1, 0x10, 0x0, 0x0, 0x0,
    0x0, 0x0, 0x0, 0x0, 0xb, 0xe0, 0x0, 0x0,
    0x0, 0x0, 0x1, 0x11, 0x11, 0x3f, 0xa1, 0x11,
    0x11, 0x11, 0x10, 0x4f, 0xff, 0xff, 0xff, 0xff,
    0xff, 0xff, 0xff, 0xfd, 0x26, 0x66, 0x69, 0xfb,
    0x66, 0x66, 0x66, 0x66, 0x65, 0x0, 0x0, 0xd,
    0xe1, 0x0, 0x0, 0x0, 0x0, 0x0, 0x0, 0x0,
    0x9f, 0x83, 0x33, 0x33, 0x33, 0x33, 0x0, 0x0,
    0x7, 0xff, 0xff, 0xff, 0xff, 0xff, 0xff, 0x40,
    0x0, 0x6f, 0xff, 0x44, 0x44, 0x44, 0x44, 0x7f,
    0x40, 0x7, 0xfd, 0xbf, 0x0, 0x0, 0x0, 0x0,
    0x5f, 0x40, 0x5f, 0xc0, 0xaf, 0xff, 0xff, 0xff,
    0xff, 0xff, 0x40, 0x6, 0x0, 0xaf, 0x77, 0x77,
    0x77, 0x77, 0x9f, 0x40, 0x0, 0x0, 0xaf, 0x0,
    0x0, 0x0, 0x0, 0x5f, 0x40, 0x0, 0x0, 0xaf,
    0x77, 0x77, 0x77, 0x77, 0x9f, 0x40, 0x0, 0x0,
    0xaf, 0xff, 0xff, 0xff, 0xff, 0xff, 0x40, 0x0,
    0x0, 0xaf, 0x0, 0x0, 0x0, 0x0, 0x5f, 0x40,
    0x0, 0x0, 0xaf, 0x0, 0x0, 0x0, 0x0, 0x5f,
    0x40, 0x0, 0x0, 0xaf, 0x0, 0x0, 0x9, 0x88,
    0xcf, 0x20, 0x0, 0x0, 0xaf, 0x0, 0x0, 0xd,
    0xff, 0xfa, 0x0, 0x0, 0x0, 0x0, 0x0, 0x0,
    0x0, 0x0, 0x0, 0x0,

    /* U+671B "望" */
    0x0, 0x4, 0x0, 0x0, 0x0, 0x0, 0x0, 0x0,
    0x0, 0x0, 0x6f, 0x60, 0x0, 0x6, 0xff, 0xff,
    0xff, 0xf3, 0x56, 0x6e, 0xf6, 0x66, 0x26, 0xf7,
    0x66, 0x69, 0xf3, 0xef, 0xff, 0xff, 0xff, 0x76,
    0xf3, 0x22, 0x26, 0xf3, 0x3b, 0xe4, 0x44, 0x44,
    0x16, 0xff, 0xff, 0xff, 0xf3, 0x9, 0xe0, 0x0,
    0x0, 0x7, 0xf0, 0x0, 0x5, 0xf3, 0x9, 0xe0,
    0x0, 0x0, 0x9, 0xfe, 0xee, 0xef, 0xf3, 0x9,
    0xe0, 0x27, 0xcd, 0xe, 0xa4, 0x44, 0x47, 0xf3,
    0x9, 0xfd, 0xff, 0xb7, 0x6f, 0x30, 0x0, 0x26,
    0xf2, 0x4, 0xc8, 0x40, 0x0, 0x8b, 0x0, 0x2,
    0xff, 0xd0, 0x1, 0x11, 0x11, 0x11, 0x11, 0x11,
    0x11, 0x23, 0x10, 0x4f, 0xff, 0xff, 0xff, 0xff,
    0xff, 0xff, 0xff, 0xf0, 0x15, 0x55, 0x55, 0x55,
    0xfb, 0x55, 0x55, 0x55, 0x50, 0x0, 0x0, 0x0,
    0x0, 0xfa, 0x0, 0x0, 0x0, 0x0, 0x5, 0xff,
    0xff, 0xff, 0xff, 0xff, 0xff, 0xff, 0x10, 0x1,
    0x44, 0x44, 0x44, 0xfb, 0x44, 0x44, 0x44, 0x0,
    0x0, 0x0, 0x0, 0x0, 0xf9, 0x0, 0x0, 0x0,
    0x0, 0x56, 0x66, 0x66, 0x66, 0xfc, 0x66, 0x66,
    0x66, 0x64, 0xdf, 0xff, 0xff, 0xff, 0xff, 0xff,
    0xff, 0xff, 0xfa,

    /* U+671D "朝" */
    0x0, 0x5, 0xf4, 0x0, 0x0, 0x9f, 0xff, 0xff,
    0xf4, 0x57, 0x79, 0xf9, 0x77, 0x40, 0x9f, 0x66,
    0x68, 0xf4, 0xbf, 0xff, 0xff, 0xff, 0xa0, 0x9e,
    0x0, 0x3, 0xf4, 0x0, 0x5, 0xf4, 0x0, 0x0,
    0x9e, 0x0, 0x3, 0xf4, 0x16, 0x69, 0xf8, 0x66,
    0x10, 0x9e, 0x22, 0x25, 0xf4, 0x4f, 0xfe, 0xee,
    0xff, 0x30, 0x9f, 0xff, 0xff, 0xf4, 0x4f, 0x30,
    0x0, 0x4f, 0x30, 0x9f, 0x33, 0x36, 0xf4, 0x4f,
    0x86, 0x66, 0x8f, 0x30, 0x9e, 0x0, 0x3, 0xf4,
    0x4f, 0xff, 0xff, 0xff, 0x30, 0x9e, 0x0, 0x3,
    0xf4, 0x4f, 0x30, 0x0, 0x4f, 0x30, 0x9f, 0x66,
    0x68, 0xf4, 0x4f, 0x86, 0x66, 0x8f, 0x30, 0xaf,
    0xff, 0xff, 0xf4, 0x4f, 0xff, 0xff, 0xff, 0x30,
    0xbb, 0x11, 0x14, 0xf4, 0x0, 0x5, 0xf4, 0x0,
    0x0, 0xe8, 0x0, 0x3, 0xf4, 0x77, 0x79, 0xf9,
    0x77, 0x71, 0xf5, 0x0, 0x3, 0xf4, 0xff, 0xff,
    0xff, 0xff, 0xf6, 0xf1, 0x0, 0x3, 0xf4, 0x0,
    0x5, 0xf4, 0x0, 0xb, 0xc0, 0x0, 0x3, 0xf4,
    0x0, 0x5, 0xf4, 0x0, 0x2f, 0x70, 0x5, 0x8b,
    0xf2, 0x0, 0x5, 0xf4, 0x0, 0x3d, 0x10, 0x6,
    0xff, 0xa0, 0x0, 0x0, 0x0, 0x0, 0x0, 0x0,
    0x0, 0x0, 0x0,

    /* U+671F "期" */
    0x3, 0xf6, 0x0, 0x5f, 0x30, 0x5f, 0xff, 0xff,
    0xf7, 0x3, 0xf6, 0x0, 0x5f, 0x30, 0x5f, 0xa7,
    0x78, 0xf7, 0xbf, 0xff, 0xff, 0xff, 0xfb, 0x5f,
    0x60, 0x1, 0xf7, 0x58, 0xfa, 0x77, 0xaf, 0x95,
    0x5f, 0x60, 0x1, 0xf7, 0x3, 0xf6, 0x0, 0x5f,
    0x30, 0x5f, 0x60, 0x1, 0xf7, 0x3, 0xf9, 0x66,
    0x9f, 0x30, 0x5f, 0xdb, 0xbb, 0xf7, 0x3, 0xff,
    0xff, 0xff, 0x30, 0x5f, 0xdb, 0xbb, 0xf7, 0x3,
    0xf6, 0x0, 0x5f, 0x30, 0x5f, 0x60, 0x1, 0xf7,
    0x3, 0xf7, 0x33, 0x7f, 0x30, 0x5f, 0x60, 0x1,
    0xf7, 0x3, 0xff, 0xff, 0xff, 0x30, 0x5f, 0x61,
    0x12, 0xf7, 0x3, 0xf7, 0x22, 0x6f, 0x30, 0x6f,
    0xff, 0xff, 0xf7, 0x3, 0xf6, 0x0, 0x5f, 0x30,
    0x7f, 0x64, 0x45, 0xf7, 0xff, 0xff, 0xff, 0xff,
    0xfa, 0xaf, 0x0, 0x1, 0xf7, 0x77, 0x77, 0x77,
    0x77, 0x75, 0xdd, 0x0, 0x1, 0xf7, 0x0, 0x4b,
    0x21, 0xc4, 0x2, 0xf9, 0x0, 0x1, 0xf7, 0x3,
    0xfe, 0x10, 0xce, 0x8, 0xf4, 0x0, 0x1, 0xf7,
    0x5f, 0xf3, 0x0, 0x3f, 0x5e, 0xe0, 0x7, 0xab,
    0xf5, 0x3e, 0x30, 0x0, 0x2, 0x9, 0x70, 0x5,
    0xef, 0xc0, 0x0, 0x0, 0x0, 0x0, 0x0, 0x0,
    0x0, 0x0, 0x0,

    /* U+672A "未" */
    0x0, 0x0, 0x0, 0x0, 0xd, 0xb0, 0x0, 0x0,
    0x0, 0x0, 0x0, 0x0, 0x0, 0x0, 0xdb, 0x0,
    0x0, 0x0, 0x0, 0x0, 0x3, 0x33, 0x33, 0x3e,
    0xc3, 0x33, 0x33, 0x30, 0x0, 0x3, 0xff, 0xff,
    0xff, 0xff, 0xff, 0xff, 0xff, 0x30, 0x0, 0x4,
    0x44, 0x44, 0x4e, 0xc4, 0x44, 0x44, 0x40, 0x0,
    0x0, 0x0, 0x0, 0x0, 0xdb, 0x0, 0x0, 0x0,
    0x0, 0x0, 0x0, 0x0, 0x0, 0xd, 0xb0, 0x0,
    0x0, 0x0, 0x0, 0x3f, 0xff, 0xff, 0xff, 0xff,
    0xff, 0xff, 0xff, 0xe0, 0x1, 0x88, 0x88, 0x89,
    0xff, 0xff, 0x88, 0x88, 0x88, 0x0, 0x0, 0x0,
    0x0, 0xaf, 0xff, 0xf6, 0x0, 0x0, 0x0, 0x0,
    0x0, 0x0, 0x5f, 0x7d, 0xba, 0xf3, 0x0, 0x0,
    0x0, 0x0, 0x0, 0x4f, 0xc0, 0xdb, 0x1e, 0xe3,
    0x0, 0x0, 0x0, 0x0, 0x5f, 0xd1, 0xd, 0xb0,
    0x2e, 0xe4, 0x0, 0x0, 0x0, 0x7f, 0xe2, 0x0,
    0xdb, 0x0, 0x3f, 0xf7, 0x0, 0x2, 0xcf, 0xc1,
    0x0, 0xd, 0xb0, 0x0, 0x2d, 0xfd, 0x50, 0xdf,
    0x90, 0x0, 0x0, 0xdb, 0x0, 0x0, 0x1a, 0xfb,
    0x4, 0x40, 0x0, 0x0, 0xd, 0xb0, 0x0, 0x0,
    0x4, 0x30, 0x0, 0x0, 0x0, 0x0, 0xdb, 0x0,
    0x0, 0x0, 0x0,

    /* U+672C "本" */
    0x0, 0x0, 0x0, 0x0, 0xf, 0x90, 0x0, 0x0,
    0x0, 0x0, 0x0, 0x0, 0x0, 0x0, 0xf9, 0x0,
    0x0, 0x0, 0x0, 0x0, 0x0, 0x0, 0x0, 0xf,
    0x90, 0x0, 0x0, 0x0, 0x0, 0x48, 0x88, 0x88,
    0x88, 0xfc, 0x88, 0x88, 0x88, 0x80, 0x7, 0xff,
    0xff, 0xff, 0xff, 0xff, 0xff, 0xff, 0xff, 0x10,
    0x0, 0x0, 0x0, 0x7f, 0xff, 0xf1, 0x0, 0x0,
    0x0, 0x0, 0x0, 0x0, 0x1f, 0xbf, 0xaf, 0xa0,
    0x0, 0x0, 0x0, 0x0, 0x0, 0xb, 0xf2, 0xf9,
    0x7f, 0x40, 0x0, 0x0, 0x0, 0x0, 0x7, 0xf8,
    0xf, 0x90, 0xde, 0x10, 0x0, 0x0, 0x0, 0x4,
    0xfc, 0x0, 0xf9, 0x3, 0xfc, 0x0, 0x0, 0x0,
    0x3, 0xff, 0x20, 0xf, 0x90, 0x6, 0xfb, 0x0,
    0x0, 0x3, 0xef, 0x40, 0x0, 0xf9, 0x0, 0x8,
    0xfb, 0x10, 0x5, 0xff, 0x78, 0x88, 0x8f, 0xc8,
    0x88, 0x89, 0xfe, 0x41, 0xee, 0x35, 0xff, 0xff,
    0xff, 0xff, 0xff, 0x6, 0xfa, 0x4, 0x10, 0x0,
    0x0, 0xf, 0x90, 0x0, 0x0, 0x3, 0x20, 0x0,
    0x0, 0x0, 0x0, 0xf9, 0x0, 0x0, 0x0, 0x0,
    0x0, 0x0, 0x0, 0x0, 0xf, 0x90, 0x0, 0x0,
    0x0, 0x0, 0x0, 0x0, 0x0, 0x0, 0xf9, 0x0,
    0x0, 0x0, 0x0,

    /* U+673A "机" */
    0x0, 0x0, 0xf8, 0x0, 0x9, 0xff, 0xff, 0xff,
    0x0, 0x0, 0x0, 0xf, 0x80, 0x0, 0x9f, 0x99,
    0x9c, 0xf0, 0x0, 0x0, 0x0, 0xf8, 0x0, 0x9,
    0xf0, 0x0, 0x9f, 0x0, 0x0, 0x78, 0x8f, 0xc8,
    0x82, 0x9f, 0x0, 0x9, 0xf0, 0x0, 0xe, 0xff,
    0xff, 0xff, 0x49, 0xf0, 0x0, 0x9f, 0x0, 0x0,
    0x0, 0x5f, 0x80, 0x0, 0x9f, 0x0, 0x9, 0xf0,
    0x0, 0x0, 0x9, 0xff, 0x20, 0x9, 0xf0, 0x0,
    0x9f, 0x0, 0x0, 0x0, 0xdf, 0xfd, 0x0, 0x9f,
    0x0, 0x9, 0xf0, 0x0, 0x0, 0x4f, 0xfb, 0xfa,
    0xa, 0xf0, 0x0, 0x9f, 0x0, 0x0, 0xa, 0xef,
    0x89, 0xf5, 0xbe, 0x0, 0x9, 0xf0, 0x0, 0x2,
    0xf7, 0xf8, 0xc, 0x1d, 0xc0, 0x0, 0x9f, 0x0,
    0x0, 0xbf, 0x1f, 0x80, 0x1, 0xfa, 0x0, 0x9,
    0xf0, 0x0, 0x6f, 0x70, 0xf8, 0x0, 0x4f, 0x50,
    0x0, 0x9f, 0x0, 0x3, 0xb0, 0xf, 0x80, 0xa,
    0xf1, 0x0, 0x9, 0xf0, 0x0, 0x0, 0x0, 0xf8,
    0x1, 0xfa, 0x0, 0x0, 0x9f, 0x6, 0x50, 0x0,
    0xf, 0x80, 0xaf, 0x20, 0x0, 0x9, 0xf0, 0xce,
    0x0, 0x0, 0xf8, 0x7f, 0x70, 0x0, 0x0, 0x8f,
    0xbf, 0xc0, 0x0, 0xf, 0x86, 0x90, 0x0, 0x0,
    0x4, 0xef, 0xe4,

    /* U+6761 "条" */
    0x0, 0x0, 0x3, 0x30, 0x0, 0x0, 0x0, 0x0,
    0x0, 0x0, 0x0, 0x1e, 0xe0, 0x0, 0x0, 0x0,
    0x0, 0x0, 0x0, 0x0, 0xcf, 0xff, 0xff, 0xff,
    0xff, 0xe0, 0x0, 0x0, 0x2c, 0xff, 0x77, 0x77,
    0x77, 0xcf, 0xc0, 0x0, 0x6, 0xff, 0x8f, 0xb0,
    0x0, 0x7, 0xfd, 0x10, 0x0, 0xc, 0xd3, 0x6,
    0xfd, 0x32, 0xbf, 0xc1, 0x0, 0x0, 0x1, 0x0,
    0x0, 0x5f, 0xff, 0xf8, 0x0, 0x0, 0x0, 0x0,
    0x2, 0x59, 0xef, 0xff, 0xfe, 0xa6, 0x20, 0x0,
    0x7b, 0xef, 0xff, 0xc7, 0x10, 0x6b, 0xff, 0xff,
    0xd7, 0x6f, 0xc9, 0x51, 0x0, 0x0, 0x0, 0x4,
    0x8b, 0xe3, 0x11, 0x11, 0x11, 0x11, 0xdb, 0x11,
    0x11, 0x11, 0x10, 0xef, 0xff, 0xff, 0xff, 0xff,
    0xff, 0xff, 0xff, 0xf6, 0x56, 0x66, 0x66, 0x66,
    0xed, 0x66, 0x66, 0x66, 0x62, 0x0, 0x0, 0x82,
    0x0, 0xdb, 0x0, 0x51, 0x0, 0x0, 0x0, 0xb,
    0xf7, 0x0, 0xdb, 0x4, 0xfe, 0x40, 0x0, 0x0,
    0xaf, 0x90, 0x0, 0xdb, 0x0, 0x3e, 0xf8, 0x0,
    0x1c, 0xfa, 0x0, 0x0, 0xdb, 0x0, 0x1, 0xcf,
    0xa0, 0x4f, 0x80, 0x0, 0x9a, 0xfa, 0x0, 0x0,
    0xc, 0x80, 0x0, 0x0, 0x0, 0xcf, 0xd2, 0x0,
    0x0, 0x0, 0x0,

    /* U+6765 "来" */
    0x0, 0x0, 0x0, 0x0, 0xc, 0xc0, 0x0, 0x0,
    0x0, 0x0, 0x0, 0x44, 0x44, 0x44, 0x4d, 0xd4,
    0x44, 0x44, 0x44, 0x0, 0x0, 0xff, 0xff, 0xff,
    0xff, 0xff, 0xff, 0xff, 0xff, 0x0, 0x0, 0x33,
    0x43, 0x33, 0x3d, 0xd3, 0x33, 0x35, 0x33, 0x0,
    0x0, 0x6, 0xf4, 0x0, 0xc, 0xc0, 0x0, 0x4f,
    0x60, 0x0, 0x0, 0x1, 0xee, 0x10, 0xc, 0xc0,
    0x3, 0xee, 0x10, 0x0, 0x0, 0x0, 0x4f, 0x90,
    0xc, 0xc0, 0xe, 0xe3, 0x0, 0x0, 0x0, 0x0,
    0x8, 0x20, 0xc, 0xc0, 0x2, 0x30, 0x0, 0x0,
    0xf, 0xff, 0xff, 0xff, 0xff, 0xff, 0xff, 0xff,
    0xff, 0xf0, 0x8, 0x88, 0x88, 0x8a, 0xff, 0xff,
    0xb8, 0x88, 0x88, 0x80, 0x0, 0x0, 0x0, 0xd,
    0xdd, 0xcc, 0xe1, 0x0, 0x0, 0x0, 0x0, 0x0,
    0x0, 0xbf, 0x3c, 0xc2, 0xfc, 0x0, 0x0, 0x0,
    0x0, 0x0, 0xb, 0xf6, 0xc, 0xc0, 0x5f, 0xc1,
    0x0, 0x0, 0x0, 0x2, 0xdf, 0x70, 0xc, 0xc0,
    0x6, 0xfe, 0x40, 0x0, 0x0, 0x7f, 0xf6, 0x0,
    0xc, 0xc0, 0x0, 0x5f, 0xfa, 0x20, 0xd, 0xfe,
    0x40, 0x0, 0xc, 0xc0, 0x0, 0x2, 0xdf, 0xe0,
    0x8, 0x91, 0x0, 0x0, 0xc, 0xc0, 0x0, 0x0,
    0x7, 0x70, 0x0, 0x0, 0x0, 0x0, 0xc, 0xc0,
    0x0, 0x0, 0x0, 0x0,

    /* U+677E "松" */
    0x0, 0x6, 0xf1, 0x0, 0x0, 0x63, 0x0, 0x35,
    0x0, 0x0, 0x0, 0x6f, 0x10, 0x0, 0xe, 0xb0,
    0xa, 0xd0, 0x0, 0x0, 0x6, 0xf1, 0x0, 0x1,
    0xf8, 0x0, 0x7f, 0x0, 0x0, 0x78, 0xbf, 0x98,
    0x30, 0x6f, 0x40, 0x5, 0xf4, 0x0, 0xd, 0xff,
    0xff, 0xf6, 0xb, 0xf0, 0x0, 0xf, 0xa0, 0x0,
    0x0, 0xaf, 0x10, 0x2, 0xfa, 0x1, 0x0, 0xbf,
    0x10, 0x0, 0xe, 0xf8, 0x0, 0xaf, 0x30, 0xe9,
    0x4, 0xfa, 0x0, 0x2, 0xff, 0xf4, 0x4f, 0xb0,
    0x3f, 0x80, 0xc, 0xf6, 0x0, 0x7f, 0xfc, 0xe4,
    0xe1, 0x8, 0xf3, 0x0, 0x1d, 0x20, 0xd, 0xef,
    0x3f, 0x70, 0x0, 0xde, 0x0, 0x0, 0x0, 0x5,
    0xf8, 0xf1, 0x71, 0x0, 0x3f, 0x80, 0x53, 0x0,
    0x0, 0xdc, 0x6f, 0x10, 0x0, 0x8, 0xf2, 0xc,
    0xb0, 0x0, 0x5f, 0x46, 0xf1, 0x0, 0x0, 0xec,
    0x0, 0x7f, 0x20, 0x0, 0x60, 0x6f, 0x10, 0x0,
    0x5f, 0x50, 0x1, 0xf8, 0x0, 0x0, 0x6, 0xf1,
    0x0, 0xd, 0xd0, 0x0, 0x3e, 0xd0, 0x0, 0x0,
    0x6f, 0x10, 0x5, 0xfb, 0x9d, 0xff, 0xff, 0x20,
    0x0, 0x6, 0xf1, 0x0, 0x6f, 0xfc, 0x96, 0x33,
    0xf7, 0x0, 0x0, 0x6f, 0x10, 0x0, 0x20, 0x0,
    0x0, 0xc, 0x40,

    /* U+677F "板" */
    0x0, 0x6, 0xf1, 0x0, 0x0, 0x0, 0x14, 0x8b,
    0xc1, 0x0, 0x0, 0x6f, 0x10, 0x4, 0xad, 0xff,
    0xff, 0xd9, 0x30, 0x0, 0x6, 0xf1, 0x0, 0x8f,
    0xa8, 0x53, 0x0, 0x0, 0x0, 0x67, 0xaf, 0x87,
    0x38, 0xf0, 0x0, 0x0, 0x0, 0x0, 0xe, 0xff,
    0xff, 0xf7, 0x8f, 0x0, 0x0, 0x0, 0x0, 0x0,
    0x0, 0xaf, 0x10, 0x8, 0xf7, 0x77, 0x77, 0x77,
    0x30, 0x0, 0xd, 0xf8, 0x0, 0x9f, 0xff, 0xff,
    0xff, 0xf6, 0x0, 0x2, 0xff, 0xf3, 0xa, 0xf8,
    0xf0, 0x0, 0x4f, 0x40, 0x0, 0x7f, 0xfc, 0xe1,
    0xae, 0x4f, 0x40, 0x8, 0xf0, 0x0, 0xd, 0xef,
    0x3f, 0x7c, 0xd0, 0xea, 0x0, 0xcc, 0x0, 0x4,
    0xf9, 0xf1, 0x81, 0xeb, 0x8, 0xf1, 0x3f, 0x60,
    0x0, 0xdc, 0x6f, 0x10, 0x1f, 0x80, 0x1f, 0xab,
    0xf0, 0x0, 0x5f, 0x46, 0xf1, 0x4, 0xf5, 0x0,
    0x8f, 0xf7, 0x0, 0x0, 0x60, 0x6f, 0x10, 0x9f,
    0x20, 0x2, 0xff, 0x40, 0x0, 0x0, 0x6, 0xf1,
    0xe, 0xd0, 0x2, 0xef, 0xef, 0x30, 0x0, 0x0,
    0x6f, 0x15, 0xf7, 0x6, 0xef, 0x43, 0xff, 0x60,
    0x0, 0x6, 0xf1, 0xbf, 0x1b, 0xfd, 0x30, 0x3,
    0xef, 0x70, 0x0, 0x6f, 0x11, 0x50, 0x59, 0x0,
    0x0, 0x1, 0x90,

    /* U+6784 "构" */
    0x0, 0x0, 0x0, 0x0, 0x0, 0x0, 0x0, 0x0,
    0x0, 0x0, 0x0, 0xf, 0x80, 0x0, 0x5, 0xc1,
    0x0, 0x0, 0x0, 0x0, 0x0, 0xf8, 0x0, 0x0,
    0xad, 0x0, 0x0, 0x0, 0x0, 0x0, 0xf, 0x80,
    0x0, 0x1f, 0x70, 0x0, 0x0, 0x0, 0x7, 0x88,
    0xfc, 0x88, 0x28, 0xff, 0xff, 0xff, 0xff, 0x30,
    0xef, 0xff, 0xff, 0xf5, 0xfc, 0x77, 0x77, 0x7a,
    0xf3, 0x0, 0x5, 0xf8, 0x0, 0xaf, 0x20, 0x0,
    0x0, 0x5f, 0x30, 0x0, 0x9f, 0xf2, 0x3f, 0x92,
    0x61, 0x0, 0x5, 0xf3, 0x0, 0xe, 0xff, 0xd1,
    0x50, 0x8f, 0x20, 0x0, 0x6f, 0x30, 0x4, 0xff,
    0xaf, 0xb0, 0xc, 0xd0, 0x0, 0x6, 0xf2, 0x0,
    0xcc, 0xf8, 0x7f, 0x52, 0xf7, 0x7f, 0x10, 0x7f,
    0x20, 0x4f, 0x5f, 0x80, 0x90, 0x9f, 0x12, 0xf8,
    0x7, 0xf1, 0xd, 0xd0, 0xf8, 0x0, 0x1f, 0x90,
    0xc, 0xf0, 0x8f, 0x17, 0xf3, 0xf, 0x80, 0xa,
    0xf8, 0xaf, 0xff, 0x49, 0xf0, 0x6, 0x0, 0xf8,
    0x0, 0xbf, 0xfc, 0x84, 0xf7, 0xaf, 0x0, 0x0,
    0xf, 0x80, 0x2, 0x20, 0x0, 0x1, 0xb, 0xd0,
    0x0, 0x0, 0xf8, 0x0, 0x0, 0x0, 0x0, 0x0,
    0xfb, 0x0, 0x0, 0xf, 0x80, 0x0, 0x0, 0x0,
    0x9a, 0xcf, 0x50, 0x0, 0x0, 0xf8, 0x0, 0x0,
    0x0, 0x6, 0xef, 0x80, 0x0,

    /* U+6790 "析" */
    0x0, 0x0, 0xf8, 0x0, 0x0, 0x0, 0x0, 0x13,
    0x58, 0x20, 0x0, 0xf, 0x80, 0x0, 0x6a, 0xbd,
    0xff, 0xff, 0xe7, 0x0, 0x0, 0xf8, 0x0, 0xb,
    0xe9, 0x86, 0x42, 0x0, 0x0, 0x78, 0x8f, 0xc8,
    0x82, 0xbc, 0x0, 0x0, 0x0, 0x0, 0xe, 0xff,
    0xff, 0xff, 0x4b, 0xc0, 0x0, 0x0, 0x0, 0x0,
    0x0, 0x5f, 0x90, 0x0, 0xbc, 0x0, 0x0, 0x0,
    0x0, 0x0, 0x9, 0xff, 0x30, 0xc, 0xff, 0xff,
    0xff, 0xff, 0xc0, 0x0, 0xef, 0xfe, 0x10, 0xcd,
    0x66, 0x67, 0xf8, 0x64, 0x0, 0x4f, 0xf9, 0xec,
    0xc, 0xb0, 0x0, 0x2f, 0x30, 0x0, 0xc, 0xcf,
    0x86, 0xf5, 0xdb, 0x0, 0x2, 0xf3, 0x0, 0x4,
    0xf5, 0xf8, 0x8, 0xd, 0xa0, 0x0, 0x2f, 0x30,
    0x0, 0xdd, 0xf, 0x80, 0x0, 0xe9, 0x0, 0x2,
    0xf3, 0x0, 0x7f, 0x30, 0xf8, 0x0, 0xf, 0x70,
    0x0, 0x2f, 0x30, 0x1, 0x70, 0xf, 0x80, 0x1,
    0xf5, 0x0, 0x2, 0xf3, 0x0, 0x0, 0x0, 0xf8,
    0x0, 0x5f, 0x10, 0x0, 0x2f, 0x30, 0x0, 0x0,
    0xf, 0x80, 0xa, 0xd0, 0x0, 0x2, 0xf3, 0x0,
    0x0, 0x0, 0xf8, 0x2, 0xf8, 0x0, 0x0, 0x2f,
    0x30, 0x0, 0x0, 0xf, 0x80, 0x1b, 0x10, 0x0,
    0x2, 0xf3, 0x0,

    /* U+679C "果" */
    0x0, 0x2f, 0xff, 0xff, 0xff, 0xff, 0xff, 0xff,
    0xd0, 0x0, 0x2, 0xfb, 0x77, 0x77, 0xfc, 0x77,
    0x77, 0xdd, 0x0, 0x0, 0x2f, 0x70, 0x0, 0xf,
    0x90, 0x0, 0xb, 0xd0, 0x0, 0x2, 0xf7, 0x0,
    0x0, 0xf9, 0x0, 0x0, 0xbd, 0x0, 0x0, 0x2f,
    0xff, 0xff, 0xff, 0xff, 0xff, 0xff, 0xd0, 0x0,
    0x2, 0xf9, 0x44, 0x44, 0xfb, 0x44, 0x44, 0xcd,
    0x0, 0x0, 0x2f, 0x70, 0x0, 0xf, 0x90, 0x0,
    0xb, 0xd0, 0x0, 0x2, 0xff, 0xff, 0xff, 0xff,
    0xff, 0xff, 0xfd, 0x0, 0x0, 0x18, 0x88, 0x88,
    0x8f, 0xd8, 0x88, 0x88, 0x70, 0x0, 0x0, 0x0,
    0x0, 0x0, 0xf9, 0x0, 0x0, 0x0, 0x0, 0xe,
    0xff, 0xff, 0xff, 0xff, 0xff, 0xff, 0xff, 0xff,
    0xb0, 0x78, 0x88, 0x88, 0xcf, 0xff, 0xf9, 0x88,
    0x88, 0x86, 0x0, 0x0, 0x0, 0x5f, 0xbf, 0xbe,
    0xd2, 0x0, 0x0, 0x0, 0x0, 0x0, 0x9f, 0xc0,
    0xf9, 0x2e, 0xf6, 0x0, 0x0, 0x0, 0x4, 0xdf,
    0xa0, 0xf, 0x90, 0x2d, 0xfc, 0x40, 0x0, 0x4c,
    0xff, 0x70, 0x0, 0xf9, 0x0, 0x1a, 0xff, 0xd5,
    0xb, 0xfb, 0x20, 0x0, 0xf, 0x90, 0x0, 0x4,
    0xcf, 0x50, 0x13, 0x0, 0x0, 0x0, 0xf9, 0x0,
    0x0, 0x0, 0x30,

    /* U+67D0 "某" */
    0x0, 0x0, 0x7f, 0x10, 0x0, 0x0, 0x4, 0xf4,
    0x0, 0x0, 0x47, 0x7b, 0xf7, 0x77, 0x77, 0x77,
    0x9f, 0x97, 0x71, 0x9, 0xff, 0xff, 0xff, 0xff,
    0xff, 0xff, 0xff, 0xff, 0x40, 0x0, 0x8, 0xf1,
    0x0, 0x0, 0x0, 0x4f, 0x50, 0x0, 0x0, 0x0,
    0x7f, 0x65, 0x55, 0x55, 0x58, 0xf4, 0x0, 0x0,
    0x0, 0x7, 0xff, 0xff, 0xff, 0xff, 0xff, 0x40,
    0x0, 0x0, 0x0, 0x7f, 0x10, 0x0, 0x0, 0x4,
    0xf4, 0x0, 0x0, 0x0, 0x7, 0xf6, 0x55, 0x55,
    0x55, 0x8f, 0x40, 0x0, 0x0, 0x0, 0x7f, 0xff,
    0xff, 0xff, 0xff, 0xf4, 0x0, 0x0, 0x0, 0x0,
    0x22, 0x22, 0x22, 0x22, 0x22, 0x0, 0x0, 0x0,
    0x0, 0x0, 0x0, 0xf, 0xb0, 0x0, 0x0, 0x0,
    0x0, 0x56, 0x66, 0x66, 0x66, 0xfc, 0x66, 0x66,
    0x66, 0x63, 0xd, 0xff, 0xff, 0xff, 0xff, 0xff,
    0xff, 0xff, 0xff, 0x70, 0x0, 0x0, 0x4, 0xea,
    0xfd, 0xea, 0x0, 0x0, 0x0, 0x0, 0x0, 0x1a,
    0xf9, 0xf, 0xb2, 0xee, 0x60, 0x0, 0x0, 0x2,
    0x9f, 0xf6, 0x0, 0xfb, 0x1, 0xaf, 0xe7, 0x10,
    0xc, 0xff, 0xa1, 0x0, 0xf, 0xb0, 0x0, 0x4c,
    0xff, 0x80, 0x69, 0x20, 0x0, 0x0, 0xfb, 0x0,
    0x0, 0x3, 0xa3,

    /* U+6807 "标" */
    0x0, 0x6, 0xf1, 0x0, 0x5f, 0xff, 0xff, 0xff,
    0xf2, 0x0, 0x0, 0x6f, 0x10, 0x2, 0x77, 0x77,
    0x77, 0x77, 0x0, 0x0, 0x6, 0xf2, 0x0, 0x0,
    0x0, 0x0, 0x0, 0x0, 0x0, 0xef, 0xff, 0xff,
    0x70, 0x0, 0x0, 0x0, 0x0, 0x0, 0xd, 0xff,
    0xff, 0xf6, 0x0, 0x0, 0x0, 0x0, 0x0, 0x0,
    0x0, 0xaf, 0x10, 0x48, 0x88, 0x88, 0x88, 0x88,
    0x83, 0x0, 0xe, 0xf7, 0x7, 0xff, 0xff, 0xff,
    0xff, 0xff, 0x60, 0x2, 0xff, 0xf3, 0x0, 0x0,
    0xf, 0xb0, 0x0, 0x0, 0x0, 0x7f, 0xfc, 0xd0,
    0x0, 0x0, 0xfb, 0x0, 0x0, 0x0, 0xd, 0xef,
    0x4f, 0x71, 0xd3, 0xf, 0xb0, 0xb7, 0x0, 0x5,
    0xf9, 0xf1, 0x81, 0x7f, 0x40, 0xfb, 0xd, 0xe0,
    0x0, 0xdc, 0x6f, 0x10, 0xd, 0xe0, 0xf, 0xb0,
    0x5f, 0x70, 0x5f, 0x46, 0xf1, 0x4, 0xf8, 0x0,
    0xfb, 0x0, 0xde, 0x0, 0x60, 0x6f, 0x10, 0xdf,
    0x10, 0xf, 0xb0, 0x7, 0xf4, 0x0, 0x6, 0xf1,
    0x5f, 0x90, 0x0, 0xfb, 0x0, 0x2f, 0xa0, 0x0,
    0x6f, 0x11, 0xa1, 0x0, 0xf, 0xa0, 0x0, 0x93,
    0x0, 0x6, 0xf1, 0x0, 0x6, 0x9b, 0xf9, 0x0,
    0x0, 0x0, 0x0, 0x6f, 0x10, 0x0, 0x4e, 0xfd,
    0x30, 0x0, 0x0,

    /* U+6821 "校" */
    0x0, 0x6, 0xf1, 0x0, 0x0, 0x2, 0xa3, 0x0,
    0x0, 0x0, 0x0, 0x6f, 0x10, 0x0, 0x0, 0x1f,
    0xa0, 0x0, 0x0, 0x0, 0x6, 0xf1, 0x0, 0x78,
    0x88, 0xef, 0x88, 0x88, 0x40, 0x78, 0xbf, 0x98,
    0x3e, 0xff, 0xff, 0xff, 0xff, 0xf7, 0xd, 0xff,
    0xff, 0xf6, 0x0, 0x10, 0x0, 0x0, 0x0, 0x0,
    0x0, 0xaf, 0x10, 0x0, 0x1d, 0xa0, 0x1, 0xc5,
    0x0, 0x0, 0xe, 0xf8, 0x0, 0x1c, 0xf3, 0x0,
    0x2d, 0xf9, 0x0, 0x2, 0xff, 0xf4, 0x3e, 0xf4,
    0x0, 0x0, 0xb, 0xf9, 0x0, 0x7f, 0xfc, 0xe3,
    0xd3, 0x30, 0x0, 0x6, 0xa, 0x20, 0xd, 0xef,
    0x3f, 0x70, 0x6f, 0x30, 0x4, 0xf7, 0x0, 0x5,
    0xf8, 0xf1, 0x71, 0x1, 0xfb, 0x0, 0xcf, 0x10,
    0x0, 0xdc, 0x6f, 0x10, 0x0, 0x7, 0xf7, 0x6f,
    0x80, 0x0, 0x5f, 0x46, 0xf1, 0x0, 0x0, 0xb,
    0xff, 0xd0, 0x0, 0x0, 0x60, 0x6f, 0x10, 0x0,
    0x0, 0x4f, 0xf7, 0x0, 0x0, 0x0, 0x6, 0xf1,
    0x0, 0x0, 0x4e, 0xff, 0xf7, 0x0, 0x0, 0x0,
    0x6f, 0x10, 0x1, 0xaf, 0xf5, 0x2d, 0xfc, 0x30,
    0x0, 0x6, 0xf1, 0x9, 0xff, 0xc2, 0x0, 0xa,
    0xff, 0x90, 0x0, 0x6f, 0x10, 0x8c, 0x50, 0x0,
    0x0, 0x3, 0xc4, 0x0, 0x0, 0x0, 0x0, 0x0,
    0x0, 0x0, 0x0, 0x0, 0x0,

    /* U+6837 "样" */
    0x0, 0x0, 0x0, 0x0, 0x0, 0x0, 0x0, 0x0,
    0x0, 0x0, 0x0, 0x6f, 0x10, 0x0, 0x6b, 0x0,
    0x0, 0xd9, 0x0, 0x0, 0x6, 0xf1, 0x0, 0x3,
    0xf9, 0x0, 0x7f, 0x50, 0x0, 0x0, 0x6f, 0x10,
    0x0, 0x8, 0xa0, 0xe, 0xb0, 0x0, 0x7, 0x8b,
    0xf9, 0x83, 0x89, 0x99, 0x9b, 0xfb, 0x99, 0x30,
    0xdf, 0xff, 0xff, 0x6b, 0xee, 0xef, 0xfe, 0xee,
    0xe4, 0x0, 0xa, 0xf1, 0x0, 0x0, 0x0, 0xaf,
    0x0, 0x0, 0x0, 0x0, 0xef, 0x80, 0x0, 0x0,
    0xa, 0xf0, 0x0, 0x0, 0x0, 0x2f, 0xff, 0x40,
    0x37, 0x77, 0xcf, 0x77, 0x75, 0x0, 0x7, 0xff,
    0xbe, 0x17, 0xff, 0xff, 0xff, 0xff, 0xd0, 0x0,
    0xee, 0xf3, 0xf7, 0x0, 0x0, 0xaf, 0x0, 0x0,
    0x0, 0x5f, 0x8f, 0x16, 0x0, 0x0, 0xa, 0xf0,
    0x0, 0x0, 0xe, 0xb6, 0xf1, 0x0, 0x33, 0x33,
    0xbf, 0x33, 0x33, 0x15, 0xf3, 0x6f, 0x10, 0xf,
    0xff, 0xff, 0xff, 0xff, 0xf8, 0x4, 0x6, 0xf1,
    0x0, 0x44, 0x44, 0xbf, 0x44, 0x44, 0x20, 0x0,
    0x6f, 0x10, 0x0, 0x0, 0xa, 0xf0, 0x0, 0x0,
    0x0, 0x6, 0xf1, 0x0, 0x0, 0x0, 0xaf, 0x0,
    0x0, 0x0, 0x0, 0x6f, 0x10, 0x0, 0x0, 0xa,
    0xf0, 0x0, 0x0, 0x0, 0x6, 0xf1, 0x0, 0x0,
    0x0, 0xaf, 0x0, 0x0, 0x0,

    /* U+6839 "根" */
    0x0, 0x7, 0xf0, 0x3, 0xff, 0xff, 0xff, 0xff,
    0xf1, 0x0, 0x0, 0x7f, 0x0, 0x3f, 0xa7, 0x77,
    0x77, 0xbf, 0x10, 0x0, 0x7, 0xf0, 0x3, 0xf5,
    0x0, 0x0, 0x7, 0xf1, 0x0, 0x8a, 0xdf, 0xaa,
    0x5f, 0x50, 0x0, 0x0, 0x7f, 0x10, 0xb, 0xef,
    0xfe, 0xe5, 0xff, 0xff, 0xff, 0xff, 0xf1, 0x0,
    0x0, 0xcf, 0x0, 0x3f, 0xb8, 0x88, 0x88, 0xcf,
    0x10, 0x0, 0xf, 0xf7, 0x3, 0xf5, 0x0, 0x0,
    0x7, 0xf1, 0x0, 0x3, 0xff, 0xf2, 0x3f, 0x84,
    0x44, 0x44, 0xaf, 0x10, 0x0, 0x8f, 0xfc, 0xd3,
    0xff, 0xff, 0xff, 0xff, 0xf1, 0x0, 0xe, 0xef,
    0x4f, 0x7f, 0x73, 0x9f, 0x33, 0x33, 0x0, 0x5,
    0xf9, 0xf0, 0x73, 0xf5, 0x4, 0xf4, 0x0, 0x78,
    0x0, 0xdc, 0x7f, 0x0, 0x3f, 0x50, 0xe, 0xa0,
    0x9f, 0xc0, 0x4f, 0x47, 0xf0, 0x3, 0xf5, 0x0,
    0x9f, 0xdf, 0xb0, 0x0, 0x50, 0x7f, 0x0, 0x3f,
    0x50, 0x1, 0xff, 0x70, 0x0, 0x0, 0x7, 0xf0,
    0x3, 0xf5, 0x0, 0x7, 0xfd, 0x20, 0x0, 0x0,
    0x7f, 0x0, 0x3f, 0x64, 0x9e, 0x48, 0xfe, 0x60,
    0x0, 0x7, 0xf0, 0x3, 0xff, 0xff, 0xb3, 0x6,
    0xff, 0x90, 0x0, 0x7f, 0x0, 0xc, 0xa6, 0x10,
    0x0, 0x2, 0xb1,

    /* U+683C "格" */
    0x0, 0x0, 0x0, 0x0, 0x0, 0x0, 0x0, 0x0,
    0x0, 0x0, 0x0, 0x6f, 0x10, 0x0, 0x1, 0xf7,
    0x0, 0x0, 0x0, 0x0, 0x6, 0xf1, 0x0, 0x0,
    0x8f, 0x74, 0x44, 0x42, 0x0, 0x0, 0x6f, 0x10,
    0x0, 0x1f, 0xff, 0xff, 0xff, 0x80, 0x7, 0x8b,
    0xf9, 0x83, 0xb, 0xf4, 0x11, 0x19, 0xf4, 0x0,
    0xdf, 0xff, 0xff, 0x68, 0xff, 0xb0, 0x3, 0xfa,
    0x0, 0x0, 0xa, 0xf1, 0x0, 0xb8, 0x4f, 0x92,
    0xee, 0x10, 0x0, 0x0, 0xef, 0x80, 0x0, 0x0,
    0x7f, 0xfe, 0x20, 0x0, 0x0, 0x2f, 0xff, 0x40,
    0x0, 0x18, 0xff, 0xf7, 0x0, 0x0, 0x7, 0xff,
    0xbe, 0x13, 0x9e, 0xfb, 0x4c, 0xfe, 0x93, 0x0,
    0xde, 0xf3, 0xf7, 0xdf, 0xb3, 0x0, 0x5, 0xcf,
    0xa0, 0x5f, 0x8f, 0x16, 0x3, 0x66, 0x66, 0x66,
    0x66, 0x41, 0xd, 0xb6, 0xf1, 0x0, 0xe, 0xff,
    0xff, 0xff, 0xf7, 0x5, 0xf3, 0x6f, 0x10, 0x0,
    0xe9, 0x0, 0x0, 0xf, 0x70, 0x5, 0x6, 0xf1,
    0x0, 0xe, 0x90, 0x0, 0x0, 0xf7, 0x0, 0x0,
    0x6f, 0x10, 0x0, 0xe9, 0x0, 0x0, 0xf, 0x70,
    0x0, 0x6, 0xf1, 0x0, 0xe, 0xc7, 0x77, 0x78,
    0xf7, 0x0, 0x0, 0x6f, 0x10, 0x0, 0xef, 0xee,
    0xee, 0xef, 0x70, 0x0, 0x6, 0xf1, 0x0, 0xe,
    0x90, 0x0, 0x0, 0xf7, 0x0,

    /* U+684C "桌" */
    0x0, 0x0, 0x0, 0x0, 0x6f, 0xff, 0xff, 0xff,
    0xfd, 0x0, 0x0, 0x0, 0x0, 0x6, 0xf7, 0x66,
    0x66, 0x66, 0x50, 0x0, 0x0, 0x0, 0x0, 0x6f,
    0x20, 0x0, 0x0, 0x0, 0x0, 0x0, 0x38, 0x88,
    0x8b, 0xf9, 0x88, 0x88, 0x84, 0x0, 0x0, 0x7,
    0xff, 0xff, 0xff, 0xff, 0xff, 0xff, 0x80, 0x0,
    0x0, 0x7f, 0x10, 0x0, 0x0, 0x0, 0x0, 0xf8,
    0x0, 0x0, 0x7, 0xff, 0xff, 0xff, 0xff, 0xff,
    0xff, 0x80, 0x0, 0x0, 0x7f, 0x76, 0x66, 0x66,
    0x66, 0x66, 0xf8, 0x0, 0x0, 0x7, 0xf8, 0x77,
    0x77, 0x77, 0x77, 0x8f, 0x80, 0x0, 0x0, 0x7f,
    0xff, 0xff, 0xff, 0xff, 0xff, 0xf8, 0x0, 0x0,
    0x0, 0x0, 0x0, 0xe, 0xc0, 0x0, 0x0, 0x0,
    0x0, 0x56, 0x66, 0x66, 0x66, 0xed, 0x66, 0x66,
    0x66, 0x63, 0xd, 0xff, 0xff, 0xff, 0xff, 0xff,
    0xff, 0xff, 0xff, 0x70, 0x0, 0x0, 0x3, 0xeb,
    0xee, 0xeb, 0x10, 0x0, 0x0, 0x0, 0x0, 0x19,
    0xfa, 0xe, 0xc1, 0xde, 0x60, 0x0, 0x0, 0x2,
    0x9f, 0xf6, 0x0, 0xec, 0x0, 0x9f, 0xe7, 0x10,
    0xc, 0xff, 0xa1, 0x0, 0xe, 0xc0, 0x0, 0x3b,
    0xff, 0x80, 0x69, 0x20, 0x0, 0x0, 0xec, 0x0,
    0x0, 0x3, 0x94,

    /* U+68C0 "检" */
    0x0, 0x0, 0x0, 0x0, 0x0, 0x0, 0x0, 0x0,
    0x0, 0x0, 0x0, 0x6f, 0x10, 0x0, 0x0, 0xc,
    0x90, 0x0, 0x0, 0x0, 0x6, 0xf1, 0x0, 0x0,
    0x7, 0xfd, 0x10, 0x0, 0x0, 0x0, 0x6f, 0x10,
    0x0, 0x4, 0xfc, 0xfc, 0x10, 0x0, 0x7, 0x8b,
    0xf9, 0x83, 0x2, 0xed, 0x14, 0xfd, 0x20, 0x0,
    0xdf, 0xff, 0xff, 0x63, 0xee, 0x20, 0x4, 0xfe,
    0x40, 0x0, 0xa, 0xf1, 0x5, 0xfe, 0x30, 0x0,
    0x3, 0xef, 0x90, 0x0, 0xef, 0xa0, 0x7d, 0x3f,
    0xff, 0xff, 0xf4, 0xb5, 0x0, 0x2f, 0xff, 0x60,
    0x10, 0x77, 0x77, 0x77, 0x10, 0x0, 0x8, 0xff,
    0x9f, 0x20, 0x0, 0x75, 0x0, 0x20, 0x0, 0x0,
    0xed, 0xf2, 0xe7, 0x98, 0xd, 0xc0, 0xb, 0xf1,
    0x0, 0x6f, 0x7f, 0x14, 0xa, 0xf0, 0x9f, 0x0,
    0xfc, 0x0, 0xe, 0xa6, 0xf1, 0x0, 0x5f, 0x56,
    0xf3, 0x4f, 0x70, 0x4, 0xf2, 0x6f, 0x10, 0x1,
    0xf9, 0x3f, 0x68, 0xf1, 0x0, 0x3, 0x6, 0xf1,
    0x0, 0xd, 0xc0, 0x82, 0xeb, 0x0, 0x0, 0x0,
    0x6f, 0x10, 0x0, 0x30, 0x0, 0x4f, 0x50, 0x0,
    0x0, 0x6, 0xf1, 0x1, 0x55, 0x55, 0x5b, 0xf5,
    0x55, 0x20, 0x0, 0x6f, 0x10, 0x4f, 0xff, 0xff,
    0xff, 0xff, 0xf7, 0x0, 0x6, 0xf1, 0x0, 0x22,
    0x22, 0x22, 0x22, 0x22, 0x10,

    /* U+6A21 "模" */
    0x0, 0x6, 0xf1, 0x0, 0x0, 0xad, 0x0, 0x7f,
    0x0, 0x0, 0x0, 0x6f, 0x10, 0x37, 0x7d, 0xe7,
    0x7b, 0xf7, 0x75, 0x0, 0x6, 0xf1, 0x6, 0xff,
    0xff, 0xff, 0xff, 0xff, 0xb0, 0x78, 0xbf, 0x98,
    0x30, 0xa, 0xd0, 0x7, 0xf0, 0x0, 0xa, 0xce,
    0xfc, 0xc5, 0x7f, 0xff, 0xff, 0xff, 0xfc, 0x0,
    0x0, 0xbf, 0x10, 0x7, 0xf6, 0x66, 0x66, 0x6c,
    0xd0, 0x0, 0xe, 0xfa, 0x0, 0x7f, 0x33, 0x33,
    0x33, 0xbd, 0x0, 0x3, 0xff, 0xf6, 0x7, 0xff,
    0xff, 0xff, 0xff, 0xd0, 0x0, 0x8f, 0xfb, 0xf3,
    0x7f, 0x0, 0x0, 0x0, 0xad, 0x0, 0xe, 0xdf,
    0x2e, 0x67, 0xff, 0xff, 0xff, 0xff, 0xd0, 0x6,
    0xf7, 0xf1, 0x40, 0x26, 0x66, 0xde, 0x66, 0x65,
    0x0, 0xea, 0x6f, 0x10, 0x0, 0x0, 0xd, 0xa0,
    0x0, 0x0, 0x5f, 0x26, 0xf1, 0x7, 0xff, 0xff,
    0xff, 0xff, 0xff, 0xc0, 0x40, 0x6f, 0x10, 0x36,
    0x66, 0xcf, 0xfd, 0x66, 0x65, 0x0, 0x6, 0xf1,
    0x0, 0x0, 0x3f, 0xa7, 0xf6, 0x0, 0x0, 0x0,
    0x6f, 0x10, 0x0, 0x7f, 0xe1, 0xb, 0xfa, 0x20,
    0x0, 0x6, 0xf1, 0x9, 0xff, 0xc2, 0x0, 0x9,
    0xff, 0xb0, 0x0, 0x6f, 0x10, 0x8a, 0x50, 0x0,
    0x0, 0x4, 0xb6,

    /* U+6A59 "橙" */
    0x0, 0x0, 0x0, 0x0, 0x0, 0x0, 0x2, 0x0,
    0x0, 0x0, 0x0, 0xaa, 0x3, 0xff, 0xff, 0xc8,
    0xe0, 0x2c, 0x20, 0x0, 0xa, 0xa0, 0x15, 0x55,
    0xec, 0x3f, 0x9f, 0xd1, 0x0, 0x0, 0xaa, 0x0,
    0x30, 0x2f, 0x70, 0xef, 0xa0, 0x83, 0xb, 0xce,
    0xec, 0x7f, 0x9a, 0xf1, 0x8, 0xf2, 0xaf, 0x80,
    0xbd, 0xff, 0xd5, 0x9f, 0xf7, 0x0, 0x1f, 0xff,
    0x60, 0x0, 0x4f, 0xa0, 0x1, 0xfc, 0x33, 0x33,
    0x7f, 0xa0, 0x0, 0x7, 0xfd, 0x2, 0xde, 0x2e,
    0xff, 0xf6, 0x8f, 0xa1, 0x0, 0xcf, 0xf8, 0x6e,
    0x20, 0x22, 0x22, 0x10, 0x7f, 0xb0, 0x1f, 0xee,
    0xf4, 0x16, 0x77, 0x77, 0x77, 0x72, 0x31, 0x7,
    0xfa, 0xab, 0x80, 0xdf, 0xff, 0xff, 0xff, 0x60,
    0x0, 0xea, 0xaa, 0x20, 0xd, 0x90, 0x0, 0x1,
    0xf6, 0x0, 0x4f, 0x4a, 0xa0, 0x0, 0xdc, 0x77,
    0x77, 0x7f, 0x60, 0x0, 0x40, 0xaa, 0x0, 0xc,
    0xff, 0xff, 0xff, 0xf6, 0x0, 0x0, 0xa, 0xa0,
    0x0, 0x14, 0x0, 0x0, 0x35, 0x0, 0x0, 0x0,
    0xaa, 0x0, 0x6, 0xf2, 0x0, 0xa, 0xf3, 0x0,
    0x0, 0xa, 0xa0, 0x0, 0x1f, 0x90, 0x0, 0xfc,
    0x0, 0x0, 0x0, 0xaa, 0x3, 0x66, 0xde, 0x66,
    0x9f, 0xa6, 0x62, 0x0, 0xa, 0xa0, 0x7f, 0xff,
    0xff, 0xff, 0xff, 0xff, 0x70,

    /* U+6A61 "橡" */
    0x0, 0x0, 0x0, 0x0, 0x0, 0x0, 0x0, 0x0,
    0x0, 0x0, 0x0, 0x7, 0xf0, 0x0, 0x0, 0x1e,
    0x90, 0x0, 0x0, 0x0, 0x0, 0x7, 0xf0, 0x0,
    0x1, 0xdf, 0xff, 0xff, 0x30, 0x0, 0x0, 0x7,
    0xf0, 0x0, 0x2d, 0xe5, 0x44, 0xbf, 0x10, 0x0,
    0x5, 0x8c, 0xf8, 0x84, 0xff, 0x96, 0x67, 0xfb,
    0x66, 0x10, 0x9, 0xff, 0xff, 0xf1, 0xbf, 0xff,
    0xff, 0xff, 0xff, 0x30, 0x0, 0xb, 0xf0, 0x0,
    0xf, 0x60, 0x3f, 0x60, 0x3f, 0x30, 0x0, 0xe,
    0xf5, 0x0, 0xf, 0x94, 0xaf, 0x64, 0x7f, 0x30,
    0x0, 0x2f, 0xfe, 0x10, 0xf, 0xff, 0xff, 0xff,
    0xff, 0x30, 0x0, 0x7f, 0xfd, 0x90, 0x0, 0x4e,
    0xf4, 0x0, 0x16, 0x0, 0x0, 0xcf, 0xf7, 0xf0,
    0x7, 0xff, 0xfc, 0x1, 0xce, 0x10, 0x3, 0xfb,
    0xf0, 0x60, 0xcf, 0xd3, 0xbf, 0x9e, 0xf3, 0x0,
    0xa, 0xd7, 0xf0, 0x0, 0x35, 0x4d, 0xed, 0xfe,
    0xf0, 0x0, 0x1f, 0x77, 0xf0, 0x0, 0x4b, 0xfb,
    0x2c, 0xf3, 0xf4, 0x0, 0x5, 0x7, 0xf0, 0x3,
    0xfe, 0x62, 0xdf, 0xf2, 0xe9, 0x0, 0x0, 0x7,
    0xf0, 0x0, 0x41, 0x8f, 0xc6, 0xf3, 0x9f, 0x10,
    0x0, 0x7, 0xf0, 0x2, 0x8e, 0xf7, 0x7, 0xf2,
    0x2f, 0xb0, 0x0, 0x7, 0xf0, 0xb, 0xf9, 0x27,
    0x8d, 0xe0, 0x8, 0x80, 0x0, 0x7, 0xf0, 0x2,
    0x10, 0x7, 0xfe, 0x50, 0x0, 0x0,

    /* U+6B21 "次" */
    0x0, 0x0, 0x0, 0x0, 0x11, 0x0, 0x0, 0x0,
    0x0, 0x0, 0x0, 0x0, 0x0, 0x8, 0xf0, 0x0,
    0x0, 0x0, 0x0, 0xc, 0xa0, 0x0, 0x0, 0xdb,
    0x0, 0x0, 0x0, 0x0, 0x0, 0xaf, 0xb0, 0x0,
    0x3f, 0xa4, 0x44, 0x44, 0x43, 0x0, 0x0, 0xaf,
    0xa0, 0x9, 0xff, 0xff, 0xff, 0xff, 0xd0, 0x0,
    0x0, 0xcd, 0x1, 0xfc, 0x33, 0x33, 0x35, 0xf9,
    0x0, 0x0, 0x1, 0x20, 0x9f, 0x40, 0x45, 0x0,
    0xbf, 0x10, 0x0, 0x0, 0x0, 0x3f, 0xc0, 0x9,
    0xe0, 0x4f, 0x70, 0x0, 0x0, 0x0, 0x3, 0xe2,
    0x0, 0xad, 0x1, 0x80, 0x0, 0x0, 0x0, 0x2,
    0x1, 0x0, 0xd, 0xc0, 0x0, 0x0, 0x0, 0x0,
    0x4, 0xf4, 0x0, 0x0, 0xff, 0x20, 0x0, 0x0,
    0x0, 0x0, 0xbf, 0x10, 0x0, 0x4f, 0xf9, 0x0,
    0x0, 0x0, 0x0, 0x3f, 0xb0, 0x0, 0xa, 0xfb,
    0xf2, 0x0, 0x0, 0x0, 0xb, 0xf4, 0x0, 0x3,
    0xfa, 0x2f, 0xb0, 0x0, 0x0, 0x4, 0xfc, 0x0,
    0x1, 0xdf, 0x20, 0x9f, 0x70, 0x0, 0x0, 0xdf,
    0x40, 0x1, 0xcf, 0x60, 0x0, 0xdf, 0x70, 0x0,
    0x8f, 0xb0, 0x3, 0xef, 0x70, 0x0, 0x2, 0xef,
    0x91, 0x6, 0xe2, 0x6, 0xff, 0x60, 0x0, 0x0,
    0x2, 0xdf, 0xc0, 0x0, 0x0, 0x19, 0x10, 0x0,
    0x0, 0x0, 0x0, 0x92, 0x0,

    /* U+6B3E "款" */
    0x0, 0x0, 0x0, 0x0, 0x0, 0x0, 0x0, 0x0,
    0x0, 0x0, 0x0, 0xe, 0xa0, 0x0, 0x0, 0x4e,
    0x30, 0x0, 0x0, 0xcf, 0xff, 0xff, 0xff, 0xf9,
    0x7, 0xf1, 0x0, 0x0, 0x7, 0x88, 0x8f, 0xd8,
    0x88, 0x50, 0xbf, 0x77, 0x77, 0x50, 0x0, 0x0,
    0xea, 0x0, 0x0, 0xf, 0xff, 0xff, 0xfa, 0x3,
    0xff, 0xff, 0xff, 0xff, 0x5, 0xf5, 0x0, 0x2f,
    0x70, 0x17, 0x77, 0x77, 0x77, 0x70, 0xce, 0x18,
    0x28, 0xf2, 0x0, 0x1, 0x11, 0x11, 0x10, 0x4f,
    0x83, 0xf4, 0xdc, 0x0, 0xf, 0xff, 0xff, 0xff,
    0xb3, 0xd0, 0x4f, 0x36, 0x50, 0x0, 0x55, 0x55,
    0x55, 0x53, 0x0, 0x5, 0xf2, 0x0, 0x0, 0x55,
    0x55, 0x55, 0x55, 0x52, 0x0, 0x7f, 0x40, 0x0,
    0xf, 0xff, 0xff, 0xff, 0xff, 0x60, 0xb, 0xf9,
    0x0, 0x0, 0x22, 0x22, 0xeb, 0x23, 0x20, 0x0,
    0xef, 0xe0, 0x0, 0x0, 0xaa, 0xe, 0xa4, 0xf3,
    0x0, 0x3f, 0xbf, 0x60, 0x0, 0xf, 0xa0, 0xea,
    0xf, 0xb0, 0x9, 0xf4, 0xce, 0x0, 0x7, 0xf4,
    0xe, 0xa0, 0x9f, 0x10, 0xed, 0x4, 0xf7, 0x0,
    0xcd, 0x0, 0xea, 0x3, 0x40, 0x9f, 0x60, 0xb,
    0xf4, 0x0, 0x28, 0x9f, 0x90, 0x0, 0x2f, 0xc0,
    0x0, 0x2f, 0xe0, 0x0, 0xaf, 0xd2, 0x0, 0x0,
    0xa2, 0x0, 0x0, 0x55, 0x0,

    /* U+6B62 "止" */
    0x0, 0x0, 0x0, 0x0, 0xb, 0xe0, 0x0, 0x0,
    0x0, 0x0, 0x0, 0x0, 0x0, 0xb, 0xe0, 0x0,
    0x0, 0x0, 0x0, 0x0, 0x0, 0x0, 0xb, 0xe0,
    0x0, 0x0, 0x0, 0x0, 0xc, 0x80, 0x0, 0xb,
    0xe0, 0x0, 0x0, 0x0, 0x0, 0xf, 0xa0, 0x0,
    0xb, 0xe0, 0x0, 0x0, 0x0, 0x0, 0xf, 0xa0,
    0x0, 0xb, 0xe7, 0x77, 0x77, 0x73, 0x0, 0xf,
    0xa0, 0x0, 0xb, 0xff, 0xff, 0xff, 0xf7, 0x0,
    0xf, 0xa0, 0x0, 0xb, 0xe0, 0x0, 0x0, 0x0,
    0x0, 0xf, 0xa0, 0x0, 0xb, 0xe0, 0x0, 0x0,
    0x0, 0x0, 0xf, 0xa0, 0x0, 0xb, 0xe0, 0x0,
    0x0, 0x0, 0x0, 0xf, 0xa0, 0x0, 0xb, 0xe0,
    0x0, 0x0, 0x0, 0x0, 0xf, 0xa0, 0x0, 0xb,
    0xe0, 0x0, 0x0, 0x0, 0x0, 0xf, 0xa0, 0x0,
    0xb, 0xe0, 0x0, 0x0, 0x0, 0x0, 0xf, 0xa0,
    0x0, 0xb, 0xe0, 0x0, 0x0, 0x0, 0x0, 0xf,
    0xa0, 0x0, 0xb, 0xe0, 0x0, 0x0, 0x0, 0x77,
    0x7f, 0xc7, 0x77, 0x7d, 0xe7, 0x77, 0x77, 0x77,
    0xff, 0xff, 0xff, 0xff, 0xff, 0xff, 0xff, 0xff,
    0xff,

    /* U+6B63 "正" */
    0xf, 0xff, 0xff, 0xff, 0xff, 0xff, 0xff, 0xff,
    0xf5, 0x7, 0x77, 0x77, 0x77, 0x9f, 0xa7, 0x77,
    0x77, 0x72, 0x0, 0x0, 0x0, 0x0, 0x3f, 0x50,
    0x0, 0x0, 0x0, 0x0, 0x0, 0x0, 0x0, 0x3f,
    0x50, 0x0, 0x0, 0x0, 0x0, 0x0, 0x0, 0x0,
    0x3f, 0x50, 0x0, 0x0, 0x0, 0x0, 0x7, 0x40,
    0x0, 0x3f, 0x50, 0x0, 0x0, 0x0, 0x0, 0xf,
    0x80, 0x0, 0x3f, 0x50, 0x0, 0x0, 0x0, 0x0,
    0xf, 0x80, 0x0, 0x3f, 0x97, 0x77, 0x77, 0x50,
    0x0, 0xf, 0x80, 0x0, 0x3f, 0xff, 0xff, 0xff,
    0xd0, 0x0, 0xf, 0x80, 0x0, 0x3f, 0x50, 0x0,
    0x0, 0x0, 0x0, 0xf, 0x80, 0x0, 0x3f, 0x50,
    0x0, 0x0, 0x0, 0x0, 0xf, 0x80, 0x0, 0x3f,
    0x50, 0x0, 0x0, 0x0, 0x0, 0xf, 0x80, 0x0,
    0x3f, 0x50, 0x0, 0x0, 0x0, 0x0, 0xf, 0x80,
    0x0, 0x3f, 0x50, 0x0, 0x0, 0x0, 0x0, 0xf,
    0x80, 0x0, 0x3f, 0x50, 0x0, 0x0, 0x0, 0x55,
    0x5f, 0xb5, 0x55, 0x7f, 0x85, 0x55, 0x55, 0x55,
    0xff, 0xff, 0xff, 0xff, 0xff, 0xff, 0xff, 0xff,
    0xff, 0x22, 0x22, 0x22, 0x22, 0x22, 0x22, 0x22,
    0x22, 0x22,

    /* U+6B64 "此" */
    0x0, 0x0, 0x0, 0xae, 0x0, 0x1, 0xf7, 0x0,
    0x0, 0x0, 0x0, 0x0, 0x0, 0xae, 0x0, 0x1,
    0xf7, 0x0, 0x0, 0x0, 0x0, 0x0, 0x0, 0xae,
    0x0, 0x1, 0xf7, 0x0, 0x0, 0x0, 0x0, 0x9f,
    0x0, 0xae, 0x0, 0x1, 0xf7, 0x0, 0x3, 0x0,
    0x0, 0x9f, 0x0, 0xae, 0x0, 0x1, 0xf7, 0x0,
    0x9f, 0x80, 0x0, 0x9f, 0x0, 0xaf, 0x88, 0x61,
    0xf8, 0x7e, 0xfc, 0x30, 0x0, 0x9f, 0x0, 0xaf,
    0xff, 0xc1, 0xff, 0xfc, 0x50, 0x0, 0x0, 0x9f,
    0x0, 0xae, 0x0, 0x1, 0xfc, 0x30, 0x0, 0x0,
    0x0, 0x9f, 0x0, 0xae, 0x0, 0x1, 0xf7, 0x0,
    0x0, 0x0, 0x0, 0x9f, 0x0, 0xae, 0x0, 0x1,
    0xf7, 0x0, 0x0, 0x0, 0x0, 0x9f, 0x0, 0xae,
    0x0, 0x1, 0xf7, 0x0, 0x0, 0x0, 0x0, 0x9f,
    0x0, 0xae, 0x0, 0x1, 0xf7, 0x0, 0x0, 0x0,
    0x0, 0x9f, 0x0, 0xae, 0x0, 0x1, 0xf7, 0x0,
    0x1, 0x0, 0x0, 0x9f, 0x0, 0xae, 0x0, 0x1,
    0xf7, 0x0, 0x8, 0xf1, 0x0, 0x9f, 0x0, 0xaf,
    0x5a, 0xc1, 0xf7, 0x0, 0x9, 0xf1, 0x0, 0x9f,
    0x69, 0xef, 0xff, 0xa1, 0xf7, 0x0, 0xb, 0xf0,
    0xd, 0xff, 0xff, 0xc8, 0x40, 0x0, 0xfd, 0x88,
    0xaf, 0xb0, 0xc, 0xa7, 0x40, 0x0, 0x0, 0x0,
    0x8e, 0xff, 0xeb, 0x20,

    /* U+6B65 "步" */
    0x0, 0x0, 0x0, 0x0, 0xdb, 0x0, 0x0, 0x0,
    0x0, 0x0, 0x7, 0xa0, 0x0, 0xdb, 0x0, 0x0,
    0x0, 0x0, 0x0, 0xb, 0xe0, 0x0, 0xdf, 0xff,
    0xff, 0xfd, 0x0, 0x0, 0xb, 0xe0, 0x0, 0xdd,
    0x88, 0x88, 0x87, 0x0, 0x0, 0xb, 0xe0, 0x0,
    0xdb, 0x0, 0x0, 0x0, 0x0, 0x0, 0xb, 0xe0,
    0x0, 0xdb, 0x0, 0x0, 0x0, 0x0, 0xef, 0xff,
    0xff, 0xff, 0xff, 0xff, 0xff, 0xff, 0xf8, 0x78,
    0x88, 0x88, 0x88, 0x88, 0x88, 0x88, 0x88, 0x84,
    0x0, 0x0, 0x0, 0x0, 0x65, 0x0, 0x0, 0x0,
    0x0, 0x0, 0x0, 0x98, 0x0, 0xdb, 0x0, 0x0,
    0x10, 0x0, 0x0, 0x5, 0xfa, 0x0, 0xdb, 0x0,
    0x2, 0xfc, 0x0, 0x0, 0x2e, 0xe1, 0x0, 0xdb,
    0x0, 0x2e, 0xf3, 0x0, 0x2, 0xef, 0x40, 0x0,
    0xdb, 0x4, 0xef, 0x30, 0x0, 0x4, 0xf6, 0x0,
    0x0, 0xdc, 0x9f, 0xd2, 0x0, 0x0, 0x0, 0x10,
    0x0, 0x1, 0xef, 0xf8, 0x0, 0x0, 0x0, 0x0,
    0x0, 0x15, 0xaf, 0xf9, 0x10, 0x0, 0x0, 0x0,
    0x16, 0x9d, 0xff, 0xc7, 0x10, 0x0, 0x0, 0x0,
    0x0, 0xe, 0xea, 0x62, 0x0, 0x0, 0x0, 0x0,
    0x0, 0x0, 0x0, 0x0, 0x0, 0x0, 0x0, 0x0,
    0x0, 0x0, 0x0,

    /* U+6B66 "武" */
    0x0, 0x0, 0x0, 0x0, 0x0, 0xf, 0x80, 0x75,
    0x0, 0x0, 0x1f, 0xff, 0xff, 0xff, 0xa0, 0xe9,
    0xa, 0xf3, 0x0, 0x0, 0x77, 0x77, 0x77, 0x75,
    0xd, 0xa0, 0x1e, 0xd0, 0x0, 0x0, 0x0, 0x0,
    0x0, 0x0, 0xcb, 0x0, 0x66, 0x0, 0x77, 0x77,
    0x77, 0x77, 0x77, 0x7d, 0xd7, 0x77, 0x76, 0xe,
    0xff, 0xff, 0xff, 0xff, 0xff, 0xff, 0xff, 0xff,
    0xe0, 0x0, 0x0, 0x2, 0x72, 0x0, 0x9, 0xe0,
    0x0, 0x0, 0x0, 0x0, 0x0, 0x4f, 0x40, 0x0,
    0x8f, 0x0, 0x0, 0x0, 0x0, 0xa5, 0x4, 0xf4,
    0x0, 0x6, 0xf3, 0x0, 0x0, 0x0, 0xf, 0x80,
    0x4f, 0xff, 0xfa, 0x4f, 0x50, 0x0, 0x0, 0x0,
    0xf8, 0x4, 0xf9, 0x77, 0x51, 0xf7, 0x0, 0x0,
    0x0, 0xf, 0x80, 0x4f, 0x40, 0x0, 0xe, 0xb0,
    0x0, 0x0, 0x0, 0xf8, 0x4, 0xf4, 0x0, 0x0,
    0xbe, 0x0, 0x12, 0x0, 0xf, 0x80, 0x4f, 0x40,
    0x0, 0x6, 0xf3, 0x5, 0xf1, 0x0, 0xf8, 0x4,
    0xf8, 0x8b, 0xe3, 0x1f, 0x90, 0x7f, 0x2, 0x5f,
    0xdc, 0xff, 0xff, 0xeb, 0x30, 0xaf, 0x1a, 0xd0,
    0x9f, 0xff, 0xda, 0x74, 0x20, 0x0, 0x2, 0xfe,
    0xf9, 0x2, 0x41, 0x0, 0x0, 0x0, 0x0, 0x0,
    0x5, 0xec, 0x10,

    /* U+6BB5 "段" */
    0x0, 0x0, 0x0, 0x25, 0x70, 0x0, 0x0, 0x0,
    0x0, 0x0, 0x0, 0x5a, 0xcf, 0xff, 0xe4, 0x7,
    0xff, 0xff, 0xf1, 0x0, 0x0, 0xaf, 0x97, 0x41,
    0x0, 0x8, 0xf7, 0x7b, 0xf1, 0x0, 0x0, 0xae,
    0x0, 0x0, 0x0, 0x8, 0xe0, 0x8, 0xf1, 0x0,
    0x0, 0xae, 0x0, 0x0, 0x0, 0x9, 0xd0, 0x8,
    0xf1, 0x0, 0x0, 0xaf, 0xbb, 0xbb, 0x70, 0xc,
    0xa0, 0x8, 0xf1, 0x0, 0x0, 0xaf, 0xdd, 0xdd,
    0x80, 0x1f, 0x70, 0x7, 0xf2, 0x0, 0x0, 0xae,
    0x0, 0x0, 0x0, 0xbf, 0x10, 0x4, 0xff, 0xa0,
    0x0, 0xae, 0x0, 0x0, 0x0, 0x47, 0x0, 0x0,
    0x35, 0x30, 0x0, 0xaf, 0x77, 0x77, 0x40, 0x58,
    0x88, 0x88, 0x88, 0x0, 0x0, 0xaf, 0xff, 0xff,
    0x90, 0x9f, 0xfe, 0xee, 0xff, 0x0, 0x0, 0xae,
    0x0, 0x0, 0x0, 0xb, 0xd0, 0x0, 0xfc, 0x0,
    0x0, 0xae, 0x0, 0x0, 0x0, 0x6, 0xf4, 0x4,
    0xf7, 0x0, 0x0, 0xae, 0x46, 0x9c, 0xf4, 0x0,
    0xed, 0xc, 0xf1, 0x0, 0x1b, 0xef, 0xff, 0xea,
    0x71, 0x0, 0x5f, 0xcf, 0x90, 0x0, 0xd, 0xef,
    0x52, 0x0, 0x0, 0x0, 0xc, 0xff, 0x10, 0x0,
    0x0, 0xae, 0x0, 0x0, 0x0, 0x2, 0xbf, 0xff,
    0xd4, 0x0, 0x0, 0xae, 0x0, 0x0, 0x1, 0xbf,
    0xf9, 0x6, 0xff, 0xc0, 0x0, 0xae, 0x0, 0x0,
    0x0, 0xca, 0x30, 0x0, 0x2a, 0x90, 0x0, 0x0,
    0x0, 0x0, 0x0, 0x0, 0x0, 0x0, 0x0, 0x0,

    /* U+6BCF "每" */
    0x0, 0x0, 0x10, 0x0, 0x0, 0x0, 0x0, 0x0,
    0x0, 0x0, 0x0, 0xbe, 0x0, 0x0, 0x0, 0x0,
    0x0, 0x0, 0x0, 0x3, 0xfa, 0x33, 0x33, 0x33,
    0x33, 0x33, 0x30, 0x0, 0xd, 0xff, 0xff, 0xff,
    0xff, 0xff, 0xff, 0xf0, 0x0, 0x9f, 0x63, 0x33,
    0x33, 0x33, 0x33, 0x33, 0x30, 0x6, 0xfb, 0x55,
    0x55, 0x55, 0x55, 0x55, 0x51, 0x0, 0x4f, 0xd3,
    0xff, 0xff, 0xff, 0xff, 0xff, 0xf4, 0x0, 0x7,
    0x13, 0xf7, 0x22, 0x74, 0x22, 0x26, 0xf4, 0x0,
    0x0, 0x4, 0xf5, 0x3, 0xff, 0x40, 0x6, 0xf3,
    0x0, 0x0, 0x6, 0xf3, 0x0, 0x2e, 0xd0, 0x6,
    0xf3, 0x0, 0x47, 0x7b, 0xf8, 0x77, 0x79, 0x77,
    0x7b, 0xf8, 0x77, 0x9f, 0xff, 0xff, 0xff, 0xff,
    0xff, 0xff, 0xff, 0xff, 0x0, 0xb, 0xe0, 0x3,
    0xb4, 0x0, 0x9, 0xf0, 0x0, 0x0, 0xe, 0xb0,
    0x3, 0xdf, 0x60, 0xa, 0xe0, 0x0, 0x0, 0x1f,
    0x90, 0x0, 0x19, 0x30, 0xc, 0xd0, 0x0, 0x0,
    0x4f, 0xff, 0xff, 0xff, 0xff, 0xff, 0xff, 0xf0,
    0x0, 0x37, 0x77, 0x77, 0x77, 0x77, 0x8f, 0xc7,
    0x70, 0x0, 0x0, 0x0, 0x0, 0x0, 0x89, 0xbf,
    0x70, 0x0, 0x0, 0x0, 0x0, 0x0, 0x0, 0x8f,
    0xfa, 0x0, 0x0,

    /* U+6BD4 "比" */
    0x9f, 0x10, 0x0, 0x0, 0x9f, 0x10, 0x0, 0x0,
    0x9, 0xf1, 0x0, 0x0, 0x9, 0xf1, 0x0, 0x0,
    0x0, 0x9f, 0x10, 0x0, 0x0, 0x9f, 0x10, 0x0,
    0x0, 0x9, 0xf1, 0x0, 0x0, 0x9, 0xf1, 0x0,
    0x7, 0x50, 0x9f, 0x10, 0x0, 0x0, 0x9f, 0x10,
    0x4d, 0xfd, 0x9, 0xf8, 0x88, 0x87, 0x9, 0xf7,
    0xdf, 0xf7, 0x0, 0x9f, 0xff, 0xff, 0xe0, 0x9f,
    0xfe, 0x71, 0x0, 0x9, 0xf1, 0x0, 0x0, 0x9,
    0xf6, 0x0, 0x0, 0x0, 0x9f, 0x10, 0x0, 0x0,
    0x9f, 0x10, 0x0, 0x0, 0x9, 0xf1, 0x0, 0x0,
    0x9, 0xf1, 0x0, 0x0, 0x0, 0x9f, 0x10, 0x0,
    0x0, 0x9f, 0x10, 0x0, 0x0, 0x9, 0xf1, 0x0,
    0x0, 0x9, 0xf1, 0x0, 0x0, 0x0, 0x9f, 0x10,
    0x0, 0x0, 0x9f, 0x10, 0x0, 0x0, 0x9, 0xf1,
    0x0, 0x0, 0x9, 0xf1, 0x0, 0x0, 0x51, 0x9f,
    0x10, 0x4, 0x80, 0x9f, 0x10, 0x0, 0xd, 0xb9,
    0xf2, 0x6d, 0xfe, 0x9, 0xf1, 0x0, 0x1, 0xf8,
    0x9f, 0xff, 0xe8, 0x20, 0x7f, 0xda, 0xaa, 0xef,
    0x46, 0xfb, 0x50, 0x0, 0x0, 0x9d, 0xff, 0xfe,
    0x90, 0x1, 0x0, 0x0, 0x0, 0x0, 0x0, 0x0,
    0x0, 0x0,

    /* U+6C34 "水" */
    0x0, 0x0, 0x0, 0x0, 0x9f, 0x0, 0x0, 0x0,
    0x0, 0x0, 0x0, 0x0, 0x0, 0x9, 0xf0, 0x0,
    0x0, 0x0, 0x0, 0x0, 0x0, 0x0, 0x0, 0x9f,
    0x0, 0x0, 0x1, 0x40, 0x0, 0x0, 0x0, 0x0,
    0x9, 0xf1, 0x0, 0x0, 0xcf, 0x30, 0x28, 0x88,
    0x88, 0x70, 0x9f, 0x90, 0x0, 0xbf, 0x90, 0x5,
    0xff, 0xff, 0xfe, 0x9, 0xff, 0x12, 0xdf, 0x90,
    0x0, 0x0, 0x0, 0xb, 0xc0, 0x9f, 0xfb, 0xff,
    0x70, 0x0, 0x0, 0x0, 0x1, 0xf7, 0x9, 0xf9,
    0xfd, 0x30, 0x0, 0x0, 0x0, 0x0, 0x6f, 0x10,
    0x9f, 0x1f, 0xa0, 0x0, 0x0, 0x0, 0x0, 0xd,
    0xa0, 0x9, 0xf0, 0x9f, 0x40, 0x0, 0x0, 0x0,
    0x5, 0xf3, 0x0, 0x9f, 0x0, 0xee, 0x10, 0x0,
    0x0, 0x1, 0xeb, 0x0, 0x9, 0xf0, 0x4, 0xfc,
    0x0, 0x0, 0x0, 0xaf, 0x20, 0x0, 0x9f, 0x0,
    0x9, 0xfb, 0x0, 0x0, 0x8f, 0x70, 0x0, 0x9,
    0xf0, 0x0, 0xb, 0xfc, 0x10, 0x6f, 0xa0, 0x0,
    0x0, 0x9f, 0x0, 0x0, 0xc, 0xfe, 0x14, 0xb0,
    0x0, 0x0, 0x9, 0xf0, 0x0, 0x0, 0xa, 0xc0,
    0x0, 0x0, 0x4b, 0x88, 0xee, 0x0, 0x0, 0x0,
    0x1, 0x0, 0x0, 0x1, 0xcd, 0xfe, 0x60, 0x0,
    0x0, 0x0, 0x0,

    /* U+6C42 "求" */
    0x0, 0x0, 0x0, 0x0, 0x0, 0x0, 0x0, 0x0,
    0x0, 0x0, 0x0, 0x0, 0x0, 0xa, 0xe0, 0x8,
    0xe5, 0x0, 0x0, 0x0, 0x0, 0x0, 0x0, 0xae,
    0x0, 0x1a, 0xf9, 0x0, 0x0, 0x44, 0x44, 0x44,
    0x4c, 0xe4, 0x44, 0x48, 0x64, 0x20, 0x1f, 0xff,
    0xff, 0xff, 0xff, 0xff, 0xff, 0xff, 0xf9, 0x0,
    0x33, 0x33, 0x33, 0x3b, 0xfa, 0x33, 0x33, 0x33,
    0x10, 0x0, 0x5b, 0x0, 0x0, 0xaf, 0xd0, 0x0,
    0x59, 0x10, 0x0, 0x8, 0xf8, 0x0, 0xa, 0xff,
    0x20, 0xd, 0xf2, 0x0, 0x0, 0xd, 0xf3, 0x0,
    0xaf, 0xf9, 0x8, 0xf8, 0x0, 0x0, 0x0, 0x4f,
    0xd0, 0xa, 0xe9, 0xf5, 0xfc, 0x0, 0x0, 0x0,
    0x0, 0x97, 0x7, 0xfe, 0x2f, 0xfe, 0x20, 0x0,
    0x0, 0x0, 0x0, 0x2c, 0xff, 0xe0, 0xaf, 0x60,
    0x0, 0x0, 0x0, 0x0, 0x8f, 0xf5, 0xae, 0x1,
    0xee, 0x10, 0x0, 0x0, 0x6, 0xef, 0xc2, 0xa,
    0xe0, 0x5, 0xfd, 0x10, 0x0, 0x4d, 0xff, 0x80,
    0x0, 0xae, 0x0, 0x7, 0xfe, 0x30, 0x7, 0xfa,
    0x10, 0x0, 0xa, 0xe0, 0x0, 0x7, 0xff, 0x91,
    0x13, 0x0, 0x0, 0x0, 0xbe, 0x0, 0x0, 0x5,
    0xef, 0x10, 0x0, 0x1, 0xda, 0x9e, 0xd0, 0x0,
    0x0, 0x1, 0x40, 0x0, 0x0, 0xa, 0xdf, 0xe6,
    0x0, 0x0, 0x0, 0x0, 0x0,

    /* U+6CA1 "没" */
    0x0, 0x50, 0x0, 0x0, 0x0, 0x0, 0x0, 0x0,
    0x0, 0x0, 0x8f, 0xd4, 0x0, 0xf, 0xff, 0xff,
    0xff, 0x0, 0x0, 0x0, 0x6f, 0xf8, 0x0, 0xfb,
    0x77, 0x7c, 0xf0, 0x0, 0x0, 0x0, 0x2d, 0x70,
    0x1f, 0x60, 0x0, 0x8f, 0x0, 0x0, 0x0, 0x0,
    0x0, 0x4, 0xf4, 0x0, 0x8, 0xf0, 0x0, 0x1,
    0x81, 0x0, 0x0, 0x9f, 0x10, 0x0, 0x8f, 0x0,
    0x0, 0x6f, 0xe5, 0x0, 0x4f, 0xa0, 0x0, 0x8,
    0xf7, 0x43, 0x0, 0x3d, 0xf8, 0x2f, 0xe1, 0x0,
    0x0, 0x3f, 0xff, 0xd0, 0x0, 0x9, 0x20, 0x51,
    0x0, 0x0, 0x0, 0x1, 0x11, 0x0, 0x0, 0x0,
    0xa, 0xff, 0xff, 0xff, 0xff, 0xf5, 0x0, 0x0,
    0x2, 0x10, 0x4e, 0xd7, 0x77, 0x77, 0xcf, 0x20,
    0x0, 0x0, 0xbe, 0x0, 0x6f, 0x30, 0x0, 0xe,
    0xd0, 0x0, 0x0, 0x2f, 0xb0, 0x0, 0xdc, 0x0,
    0x7, 0xf6, 0x0, 0x0, 0xa, 0xf4, 0x0, 0x4,
    0xfa, 0x4, 0xfb, 0x0, 0x0, 0x2, 0xfd, 0x0,
    0x0, 0x6, 0xfb, 0xfc, 0x10, 0x0, 0x0, 0xcf,
    0x50, 0x0, 0x0, 0x5f, 0xff, 0x60, 0x0, 0x0,
    0x6f, 0xc0, 0x0, 0x38, 0xef, 0xd7, 0xdf, 0xe9,
    0x52, 0xb, 0xf3, 0x0, 0xef, 0xfc, 0x50, 0x0,
    0x5c, 0xff, 0xc0, 0x4, 0x0, 0x6, 0x61, 0x0,
    0x0, 0x0, 0x1, 0x53, 0x0,

    /* U+6CBF "沿" */
    0x0, 0x40, 0x0, 0x0, 0x0, 0x0, 0x0, 0x0,
    0x0, 0x8, 0xfc, 0x30, 0x1, 0xff, 0xff, 0xff,
    0xf1, 0x0, 0x0, 0x7f, 0xf7, 0x2, 0xfb, 0x77,
    0x7b, 0xf1, 0x0, 0x0, 0x3, 0xe9, 0x3, 0xf5,
    0x0, 0x7, 0xf1, 0x0, 0x0, 0x0, 0x10, 0x4,
    0xf4, 0x0, 0x7, 0xf1, 0x0, 0x3, 0x0, 0x0,
    0x8, 0xf1, 0x0, 0x7, 0xf1, 0x0, 0x7f, 0xb1,
    0x0, 0x2f, 0xc0, 0x0, 0x7, 0xf3, 0x0, 0x6,
    0xff, 0x63, 0xef, 0x30, 0x0, 0x4, 0xff, 0xfe,
    0x0, 0x2d, 0x43, 0xe5, 0x0, 0x0, 0x0, 0x47,
    0x76, 0x0, 0x0, 0x0, 0x1, 0x11, 0x11, 0x11,
    0x11, 0x0, 0x0, 0x1, 0x0, 0xf, 0xff, 0xff,
    0xff, 0xff, 0x50, 0x0, 0x9, 0xb0, 0xf, 0xa4,
    0x44, 0x44, 0x7f, 0x50, 0x0, 0x1f, 0xc0, 0xf,
    0x80, 0x0, 0x0, 0x3f, 0x50, 0x0, 0x8f, 0x60,
    0xf, 0x80, 0x0, 0x0, 0x3f, 0x50, 0x1, 0xef,
    0x0, 0xf, 0x80, 0x0, 0x0, 0x3f, 0x50, 0x9,
    0xf8, 0x0, 0xf, 0x80, 0x0, 0x0, 0x3f, 0x50,
    0x3f, 0xf1, 0x0, 0xf, 0xff, 0xff, 0xff, 0xff,
    0x50, 0xcf, 0x70, 0x0, 0xf, 0xb7, 0x77, 0x77,
    0x9f, 0x50, 0x3c, 0x0, 0x0, 0xf, 0x80, 0x0,
    0x0, 0x3f, 0x50, 0x0, 0x0, 0x0, 0x0, 0x0,
    0x0, 0x0, 0x0, 0x0,

    /* U+6CD5 "法" */
    0x0, 0x98, 0x0, 0x0, 0x0, 0x4, 0xf6, 0x0,
    0x0, 0x0, 0xa, 0xfd, 0x20, 0x0, 0x0, 0x4f,
    0x60, 0x0, 0x0, 0x0, 0x4, 0xfa, 0x0, 0x0,
    0x4, 0xf6, 0x0, 0x0, 0x0, 0x0, 0x2, 0x0,
    0xcf, 0xff, 0xff, 0xff, 0xff, 0xd0, 0x0, 0x0,
    0x0, 0x6, 0x88, 0x8a, 0xfb, 0x88, 0x87, 0x0,
    0xae, 0x40, 0x0, 0x0, 0x0, 0x4f, 0x60, 0x0,
    0x0, 0x3, 0xdf, 0x80, 0x0, 0x0, 0x4, 0xf6,
    0x0, 0x0, 0x0, 0x1, 0xc5, 0x0, 0x0, 0x0,
    0x4f, 0x60, 0x0, 0x0, 0x0, 0x0, 0x0, 0xaf,
    0xff, 0xff, 0xff, 0xff, 0xff, 0xe0, 0x0, 0x0,
    0x6, 0x99, 0x9c, 0xfb, 0x99, 0x99, 0x98, 0x0,
    0x6, 0xc0, 0x0, 0x0, 0xdf, 0x0, 0x0, 0x0,
    0x0, 0x0, 0xce, 0x0, 0x0, 0x4f, 0x90, 0x9,
    0xb0, 0x0, 0x0, 0x2f, 0x90, 0x0, 0xc, 0xf1,
    0x0, 0x8f, 0x40, 0x0, 0x8, 0xf4, 0x0, 0x6,
    0xf8, 0x0, 0x1, 0xfc, 0x0, 0x1, 0xfe, 0x0,
    0x2, 0xfd, 0x0, 0x3, 0x7d, 0xf3, 0x0, 0x8f,
    0x70, 0x0, 0xdf, 0xbb, 0xdf, 0xff, 0xff, 0xa0,
    0xe, 0xf1, 0x0, 0xc, 0xfe, 0xca, 0x85, 0x20,
    0xcf, 0x10, 0x26, 0x0, 0x0, 0x0, 0x0, 0x0,
    0x0, 0x5, 0x70,

    /* U+6CE2 "波" */
    0x0, 0x4b, 0x30, 0x0, 0x0, 0x0, 0xea, 0x0,
    0x0, 0x0, 0x6, 0xff, 0x90, 0x0, 0x0, 0xe,
    0xa0, 0x0, 0x0, 0x0, 0x1, 0xbf, 0xa0, 0x78,
    0x88, 0xfd, 0x88, 0x88, 0x30, 0x0, 0x0, 0x71,
    0xd, 0xff, 0xff, 0xff, 0xff, 0xf6, 0x0, 0x20,
    0x0, 0x0, 0xd9, 0x0, 0xea, 0x0, 0x9f, 0x20,
    0x8f, 0x80, 0x0, 0xd, 0x90, 0xe, 0xa0, 0xe,
    0xb0, 0x1, 0x9f, 0xe4, 0x0, 0xd9, 0x0, 0xea,
    0x1, 0x94, 0x0, 0x0, 0x4d, 0x30, 0xd, 0xb5,
    0x5f, 0xc5, 0x55, 0x40, 0x0, 0x0, 0x0, 0x0,
    0xdf, 0xff, 0xff, 0xff, 0xf9, 0x0, 0x0, 0x1,
    0x0, 0xd, 0x80, 0x0, 0x0, 0x5f, 0x60, 0x0,
    0x0, 0xba, 0x0, 0xf7, 0xb6, 0x0, 0x9, 0xf1,
    0x0, 0x0, 0x3f, 0xa0, 0x1f, 0x6a, 0xf2, 0x2,
    0xf9, 0x0, 0x0, 0xa, 0xf4, 0x5, 0xf2, 0x1e,
    0xd1, 0xcf, 0x10, 0x0, 0x2, 0xfd, 0x0, 0xaf,
    0x0, 0x3f, 0xff, 0x50, 0x0, 0x0, 0xcf, 0x50,
    0x1f, 0x90, 0x3, 0xef, 0xf5, 0x0, 0x0, 0x5f,
    0xc0, 0x9, 0xf3, 0x3a, 0xfe, 0x7e, 0xfb, 0x40,
    0xe, 0xf3, 0x3, 0xfb, 0x4f, 0xfa, 0x10, 0x1a,
    0xff, 0x90, 0x27, 0x0, 0x8, 0x10, 0x82, 0x0,
    0x0, 0x3, 0xa2,

    /* U+6CE8 "注" */
    0x0, 0x0, 0x0, 0x0, 0x0, 0x0, 0x0, 0x0,
    0x0, 0x0, 0xa, 0x90, 0x0, 0x0, 0x3, 0xe6,
    0x0, 0x0, 0x0, 0x0, 0xaf, 0xd2, 0x0, 0x0,
    0xb, 0xf3, 0x0, 0x0, 0x0, 0x0, 0x5f, 0xa0,
    0x0, 0x0, 0x1d, 0x40, 0x0, 0x0, 0x0, 0x0,
    0x31, 0x46, 0x66, 0x66, 0x66, 0x66, 0x66, 0x40,
    0x0, 0x0, 0x9, 0xff, 0xff, 0xff, 0xff, 0xff,
    0xfa, 0xa, 0xd3, 0x0, 0x1, 0x11, 0x15, 0xf5,
    0x11, 0x11, 0x0, 0x4e, 0xf7, 0x0, 0x0, 0x0,
    0x4f, 0x40, 0x0, 0x0, 0x0, 0x1c, 0x50, 0x0,
    0x0, 0x4, 0xf4, 0x0, 0x0, 0x0, 0x0, 0x0,
    0x0, 0x0, 0x0, 0x4f, 0x40, 0x0, 0x0, 0x0,
    0x0, 0x0, 0x6, 0x66, 0x69, 0xf9, 0x66, 0x66,
    0x0, 0x0, 0x7c, 0x0, 0xff, 0xff, 0xff, 0xff,
    0xff, 0xf0, 0x0, 0xc, 0xe0, 0x0, 0x0, 0x4,
    0xf4, 0x0, 0x0, 0x0, 0x2, 0xf9, 0x0, 0x0,
    0x0, 0x4f, 0x40, 0x0, 0x0, 0x0, 0x8f, 0x40,
    0x0, 0x0, 0x4, 0xf4, 0x0, 0x0, 0x0, 0x1f,
    0xe0, 0x0, 0x0, 0x0, 0x4f, 0x40, 0x0, 0x0,
    0x8, 0xf7, 0x1, 0x77, 0x77, 0x7a, 0xfa, 0x77,
    0x77, 0x70, 0xef, 0x0, 0x2f, 0xff, 0xff, 0xff,
    0xff, 0xff, 0xff, 0x2, 0x60, 0x0, 0x0, 0x0,
    0x0, 0x0, 0x0, 0x0, 0x0,

    /* U+6D3B "活" */
    0x0, 0x0, 0x0, 0x0, 0x0, 0x0, 0x0, 0x0,
    0x0, 0x0, 0x0, 0xb8, 0x0, 0x0, 0x0, 0x0,
    0x25, 0x9c, 0xf8, 0x0, 0x1, 0xaf, 0xd2, 0x2,
    0x8a, 0xdf, 0xff, 0xfc, 0x83, 0x0, 0x0, 0x6,
    0xf9, 0x2, 0xff, 0xca, 0xf9, 0x0, 0x0, 0x0,
    0x0, 0x0, 0x40, 0x0, 0x10, 0x0, 0xf8, 0x0,
    0x0, 0x0, 0x0, 0x0, 0x0, 0x0, 0x0, 0x0,
    0xf8, 0x0, 0x0, 0x0, 0xa, 0xc2, 0x0, 0x47,
    0x77, 0x77, 0xfc, 0x77, 0x77, 0x70, 0x5, 0xef,
    0x60, 0x9f, 0xff, 0xff, 0xff, 0xff, 0xff, 0xf1,
    0x0, 0x1c, 0x40, 0x0, 0x0, 0x0, 0xf8, 0x0,
    0x0, 0x0, 0x0, 0x0, 0x0, 0x0, 0x0, 0x0,
    0xf8, 0x0, 0x0, 0x0, 0x0, 0x0, 0x0, 0x0,
    0x0, 0x0, 0xf8, 0x0, 0x0, 0x0, 0x0, 0x8,
    0xb0, 0x6, 0xff, 0xff, 0xff, 0xff, 0xfe, 0x0,
    0x0, 0xe, 0xd0, 0x6, 0xf7, 0x66, 0x66, 0x66,
    0xce, 0x0, 0x0, 0x4f, 0x80, 0x6, 0xf2, 0x0,
    0x0, 0x0, 0xae, 0x0, 0x0, 0xaf, 0x30, 0x6,
    0xf2, 0x0, 0x0, 0x0, 0xae, 0x0, 0x2, 0xfe,
    0x0, 0x6, 0xf2, 0x0, 0x0, 0x0, 0xae, 0x0,
    0xa, 0xf7, 0x0, 0x6, 0xff, 0xff, 0xff, 0xff,
    0xfe, 0x0, 0xf, 0xf1, 0x0, 0x6, 0xf9, 0x88,
    0x88, 0x88, 0xde, 0x0, 0x3, 0x80, 0x0, 0x6,
    0xf2, 0x0, 0x0, 0x0, 0xae, 0x0,

    /* U+6D41 "流" */
    0x0, 0x0, 0x0, 0x0, 0x0, 0x0, 0x10, 0x0,
    0x0, 0x0, 0x0, 0x9a, 0x10, 0x0, 0x0, 0xd,
    0xb0, 0x0, 0x0, 0x0, 0x0, 0x8f, 0xe3, 0x0,
    0x0, 0x5, 0xf5, 0x0, 0x0, 0x0, 0x0, 0x4,
    0xfc, 0x1f, 0xff, 0xff, 0xff, 0xff, 0xff, 0xc0,
    0x0, 0x0, 0x22, 0x6, 0x66, 0xcf, 0x76, 0x66,
    0x66, 0x50, 0x0, 0x0, 0x0, 0x0, 0x3, 0xf9,
    0x0, 0x2b, 0x20, 0x0, 0x8, 0xe4, 0x0, 0x0,
    0x1d, 0xe1, 0x0, 0x2f, 0xc0, 0x0, 0x3, 0xdf,
    0x90, 0x0, 0xcf, 0x30, 0x13, 0x5c, 0xf7, 0x0,
    0x0, 0xb, 0x70, 0xb, 0xfe, 0xdf, 0xff, 0xfe,
    0xef, 0x10, 0x0, 0x0, 0x0, 0x5, 0x98, 0x75,
    0x42, 0x0, 0x4e, 0x30, 0x0, 0x0, 0x0, 0x0,
    0x26, 0x0, 0x20, 0x3, 0x0, 0x0, 0x0, 0x3,
    0xa0, 0x0, 0x5f, 0x25, 0xf2, 0x2f, 0x40, 0x0,
    0x0, 0x9, 0xf1, 0x0, 0x7f, 0x15, 0xf2, 0x2f,
    0x40, 0x0, 0x0, 0xe, 0xc0, 0x0, 0xaf, 0x5,
    0xf2, 0x2f, 0x40, 0x0, 0x0, 0x4f, 0x70, 0x0,
    0xec, 0x5, 0xf2, 0x2f, 0x40, 0x0, 0x0, 0xcf,
    0x20, 0x5, 0xf7, 0x5, 0xf2, 0x2f, 0x40, 0x0,
    0x4, 0xfa, 0x0, 0x1e, 0xe1, 0x5, 0xf2, 0x2f,
    0x46, 0xd1, 0xb, 0xf3, 0x1, 0xdf, 0x60, 0x5,
    0xf2, 0x1f, 0xbd, 0xf0, 0x5, 0xa0, 0x1, 0xb7,
    0x0, 0x5, 0xf2, 0xb, 0xfe, 0x70, 0x0, 0x0,
    0x0, 0x0, 0x0, 0x0, 0x0, 0x0, 0x0, 0x0,

    /* U+6D4B "测" */
    0x1, 0x91, 0x0, 0x0, 0x0, 0x0, 0x0, 0x0,
    0xf, 0x70, 0x4f, 0xd1, 0x4f, 0xff, 0xff, 0xf9,
    0x2, 0x0, 0xf7, 0x0, 0x3f, 0xb4, 0xf6, 0x44,
    0x4f, 0x92, 0xf5, 0xf, 0x70, 0x0, 0x31, 0x4f,
    0x30, 0x0, 0xe9, 0x2f, 0x50, 0xf7, 0x0, 0x0,
    0x4, 0xf3, 0x6f, 0x1e, 0x92, 0xf5, 0xf, 0x70,
    0xcb, 0x10, 0x4f, 0x37, 0xf0, 0xe9, 0x2f, 0x50,
    0xf7, 0x5, 0xfe, 0x24, 0xf3, 0x7f, 0xe, 0x92,
    0xf5, 0xf, 0x70, 0x4, 0xe3, 0x4f, 0x37, 0xf0,
    0xe9, 0x2f, 0x50, 0xf7, 0x0, 0x1, 0x4, 0xf3,
    0x8f, 0xe, 0x92, 0xf5, 0xf, 0x70, 0x0, 0x0,
    0x4f, 0x38, 0xf0, 0xe9, 0x2f, 0x50, 0xf7, 0x0,
    0x8, 0x34, 0xf3, 0x9d, 0xe, 0x92, 0xf5, 0xf,
    0x70, 0x0, 0xf8, 0x4f, 0x3b, 0xb0, 0xe9, 0x2f,
    0x50, 0xf7, 0x0, 0x5f, 0x34, 0xf3, 0xe8, 0xe,
    0x82, 0xf5, 0xf, 0x70, 0xa, 0xe0, 0x0, 0x4f,
    0x33, 0x0, 0x4, 0x10, 0xf7, 0x1, 0xfa, 0x0,
    0xc, 0xe1, 0xf7, 0x0, 0x0, 0xf, 0x70, 0x7f,
    0x30, 0x7, 0xf5, 0x9, 0xf2, 0x0, 0x1, 0xf6,
    0xe, 0xd0, 0x7, 0xfa, 0x0, 0x1f, 0x90, 0xaa,
    0xaf, 0x50, 0x86, 0x0, 0x59, 0x0, 0x0, 0x76,
    0x7, 0xef, 0xc0, 0x0, 0x0, 0x0, 0x0, 0x0,
    0x0, 0x0, 0x0, 0x0, 0x0,

    /* U+6D88 "消" */
    0x0, 0x76, 0x0, 0x2, 0x50, 0x1, 0xf6, 0x0,
    0x55, 0x0, 0xc, 0xfb, 0x10, 0xaf, 0x30, 0x1f,
    0x60, 0x1f, 0xa0, 0x0, 0x8, 0xfb, 0x0, 0xde,
    0x11, 0xf6, 0xc, 0xe1, 0x0, 0x0, 0x5, 0x20,
    0x2, 0x90, 0x1f, 0x61, 0xa4, 0x0, 0x0, 0x0,
    0x0, 0x2, 0x66, 0x67, 0xf9, 0x66, 0x66, 0x0,
    0x8c, 0x20, 0x0, 0x7f, 0xff, 0xff, 0xff, 0xff,
    0xf1, 0x5, 0xef, 0x70, 0x7, 0xe0, 0x0, 0x0,
    0x0, 0x5f, 0x10, 0x1, 0xb5, 0x0, 0x7e, 0x0,
    0x0, 0x0, 0x5, 0xf1, 0x0, 0x0, 0x0, 0x7,
    0xff, 0xff, 0xff, 0xff, 0xff, 0x10, 0x0, 0x0,
    0x0, 0x7f, 0x77, 0x77, 0x77, 0x7a, 0xf1, 0x0,
    0x6, 0xc0, 0x7, 0xe0, 0x0, 0x0, 0x0, 0x5f,
    0x10, 0x0, 0xce, 0x0, 0x7f, 0x33, 0x33, 0x33,
    0x37, 0xf1, 0x0, 0x1f, 0x90, 0x7, 0xff, 0xff,
    0xff, 0xff, 0xff, 0x10, 0x7, 0xf4, 0x0, 0x7e,
    0x33, 0x33, 0x33, 0x37, 0xf1, 0x0, 0xef, 0x0,
    0x7, 0xe0, 0x0, 0x0, 0x0, 0x5f, 0x10, 0x6f,
    0x80, 0x0, 0x7e, 0x0, 0x0, 0x0, 0x5, 0xf1,
    0xe, 0xf2, 0x0, 0x7, 0xe0, 0x0, 0x5, 0x76,
    0xcf, 0x0, 0x6a, 0x0, 0x0, 0x7e, 0x0, 0x0,
    0x7f, 0xff, 0x80, 0x0, 0x0, 0x0, 0x0, 0x10,
    0x0, 0x0, 0x0, 0x0, 0x0,

    /* U+6E05 "清" */
    0x0, 0x0, 0x0, 0x0, 0x0, 0x0, 0x0, 0x0,
    0x0, 0x0, 0xa, 0x91, 0x0, 0x0, 0x0, 0x5f,
    0x30, 0x0, 0x0, 0x0, 0xaf, 0xe2, 0x2f, 0xff,
    0xff, 0xff, 0xff, 0xff, 0x70, 0x0, 0x6d, 0x10,
    0x55, 0x55, 0x9f, 0x75, 0x55, 0x52, 0x0, 0x0,
    0x0, 0x2, 0x66, 0x69, 0xf8, 0x66, 0x64, 0x0,
    0x0, 0x0, 0x0, 0x5f, 0xff, 0xff, 0xff, 0xff,
    0xc0, 0xa, 0xe4, 0x0, 0x0, 0x0, 0x5, 0xf3,
    0x0, 0x0, 0x0, 0x3d, 0xf8, 0xc, 0xff, 0xff,
    0xff, 0xff, 0xff, 0xff, 0x0, 0xb, 0x40, 0x46,
    0x66, 0x66, 0x66, 0x66, 0x66, 0x50, 0x0, 0x0,
    0x0, 0x14, 0x44, 0x44, 0x44, 0x44, 0x20, 0x0,
    0x0, 0x21, 0x6, 0xff, 0xff, 0xff, 0xff, 0xf8,
    0x0, 0x0, 0xa, 0xe0, 0x6f, 0x20, 0x0, 0x0,
    0x1f, 0x80, 0x0, 0x1, 0xfb, 0x6, 0xff, 0xff,
    0xff, 0xff, 0xf8, 0x0, 0x0, 0x8f, 0x50, 0x6f,
    0x64, 0x44, 0x44, 0x5f, 0x80, 0x0, 0x1e, 0xe0,
    0x6, 0xf5, 0x44, 0x44, 0x44, 0xf8, 0x0, 0x9,
    0xf7, 0x0, 0x6f, 0xff, 0xff, 0xff, 0xff, 0x80,
    0x2, 0xfe, 0x0, 0x6, 0xf2, 0x0, 0x0, 0x1,
    0xf8, 0x0, 0xbf, 0x60, 0x0, 0x6f, 0x20, 0x0,
    0x49, 0xaf, 0x60, 0x2, 0xa0, 0x0, 0x6, 0xf2,
    0x0, 0x3, 0xef, 0xc1, 0x0,

    /* U+6E90 "源" */
    0x0, 0x0, 0x0, 0x0, 0x0, 0x0, 0x0, 0x0,
    0x0, 0x0, 0x5, 0xd2, 0x0, 0xef, 0xff, 0xff,
    0xff, 0xff, 0xff, 0xb0, 0x2, 0xee, 0x20, 0xec,
    0x66, 0x66, 0xdf, 0x66, 0x66, 0x40, 0x0, 0x2f,
    0xa0, 0xea, 0x0, 0x0, 0xfa, 0x0, 0x0, 0x0,
    0x0, 0x3, 0x0, 0xea, 0x6, 0x69, 0xfa, 0x66,
    0x66, 0x0, 0x0, 0x0, 0x0, 0xea, 0xf, 0xff,
    0xff, 0xff, 0xfe, 0x0, 0xc, 0x90, 0x0, 0xea,
    0xf, 0x70, 0x0, 0x0, 0x9e, 0x0, 0x7, 0xfc,
    0x10, 0xea, 0xf, 0xa6, 0x66, 0x66, 0xbe, 0x0,
    0x0, 0x6f, 0x30, 0xea, 0xf, 0xff, 0xff, 0xff,
    0xfe, 0x0, 0x0, 0x1, 0x0, 0xea, 0xf, 0x70,
    0x0, 0x0, 0x9e, 0x0, 0x0, 0x0, 0x0, 0xf9,
    0xf, 0xb7, 0x77, 0x77, 0xce, 0x0, 0x0, 0x9,
    0x20, 0xf8, 0xf, 0xff, 0xff, 0xff, 0xfe, 0x0,
    0x0, 0x1f, 0x62, 0xf6, 0x0, 0x0, 0x3f, 0x40,
    0x0, 0x0, 0x0, 0x6f, 0x26, 0xf3, 0x0, 0xe7,
    0x3f, 0x46, 0xb0, 0x0, 0x0, 0xbd, 0xa, 0xf0,
    0x9, 0xf1, 0x3f, 0x45, 0xfa, 0x0, 0x2, 0xf8,
    0xf, 0xa0, 0x6f, 0x70, 0x3f, 0x40, 0x8f, 0x60,
    0x9, 0xf2, 0x7f, 0x45, 0xfb, 0x0, 0x3f, 0x40,
    0xc, 0xe0, 0x1f, 0xb0, 0xed, 0x2, 0x90, 0x69,
    0xbf, 0x30, 0x3, 0x40, 0x8, 0x40, 0x65, 0x0,
    0x0, 0x5e, 0xfb, 0x0, 0x0, 0x0,

    /* U+6ED1 "滑" */
    0x0, 0x32, 0x0, 0x0, 0x0, 0x0, 0x0, 0x0,
    0x0, 0x0, 0x1f, 0xf6, 0x0, 0x7f, 0xff, 0xff,
    0xff, 0xfa, 0x0, 0x0, 0x3e, 0xf7, 0x7, 0xf6,
    0x55, 0x55, 0x5e, 0xa0, 0x0, 0x0, 0x2e, 0x90,
    0x7f, 0x10, 0x0, 0x0, 0xda, 0x0, 0x0, 0x0,
    0x30, 0x7, 0xff, 0xff, 0xe0, 0xd, 0xa0, 0x0,
    0x0, 0x0, 0x0, 0x7f, 0x54, 0xae, 0x0, 0xda,
    0x0, 0x8, 0xc2, 0x1, 0x7b, 0xf8, 0x7b, 0xf7,
    0x7e, 0xc7, 0x30, 0x6e, 0xf6, 0x3f, 0xff, 0xff,
    0xff, 0xff, 0xff, 0xf7, 0x0, 0x2d, 0x63, 0xf3,
    0x0, 0x0, 0x0, 0x0, 0xf, 0x70, 0x0, 0x0,
    0x3, 0x2f, 0xff, 0xff, 0xff, 0xf6, 0x31, 0x0,
    0x0, 0x0, 0x1, 0xfa, 0x55, 0x55, 0x6f, 0x60,
    0x0, 0x0, 0x6c, 0x0, 0x1f, 0x93, 0x33, 0x34,
    0xf6, 0x0, 0x0, 0xc, 0xe0, 0x1, 0xff, 0xff,
    0xff, 0xff, 0x60, 0x0, 0x2, 0xf9, 0x0, 0x1f,
    0x71, 0x11, 0x12, 0xf6, 0x0, 0x0, 0x7f, 0x40,
    0x1, 0xfa, 0x66, 0x66, 0x6f, 0x60, 0x0, 0xe,
    0xe0, 0x0, 0x1f, 0xff, 0xff, 0xff, 0xf6, 0x0,
    0x7, 0xf8, 0x0, 0x1, 0xf7, 0x0, 0x0, 0x1f,
    0x60, 0x0, 0xef, 0x10, 0x0, 0x1f, 0x70, 0x3,
    0x78, 0xf5, 0x0, 0x6, 0xa0, 0x0, 0x1, 0xf7,
    0x0, 0x4e, 0xfc, 0x10, 0x0, 0x0, 0x0, 0x0,
    0x1, 0x0, 0x0, 0x0, 0x0, 0x0,

    /* U+6EE1 "满" */
    0x0, 0x86, 0x0, 0x0, 0xf, 0xa0, 0x0, 0xf8,
    0x0, 0x0, 0x1c, 0xfc, 0x37, 0x77, 0xfc, 0x77,
    0x7f, 0xb7, 0x76, 0x0, 0x9, 0xf7, 0xff, 0xff,
    0xff, 0xff, 0xff, 0xff, 0xf0, 0x0, 0x1, 0x0,
    0x0, 0xfa, 0x0, 0xf, 0x80, 0x0, 0x0, 0x0,
    0x0, 0x34, 0x49, 0x74, 0x44, 0xa7, 0x44, 0x30,
    0xad, 0x20, 0xe, 0xff, 0xff, 0xff, 0xff, 0xff,
    0xfc, 0x4, 0xef, 0x70, 0x22, 0x24, 0xf4, 0x27,
    0xf2, 0x22, 0x10, 0x1, 0xd5, 0x4, 0x66, 0x7f,
    0x76, 0xaf, 0x66, 0x62, 0x0, 0x0, 0x0, 0xaf,
    0xff, 0xff, 0xff, 0xff, 0xff, 0x70, 0x0, 0x1,
    0xa, 0xd0, 0x3f, 0x20, 0x7f, 0x0, 0xf7, 0x0,
    0x0, 0x9c, 0xad, 0x4, 0xf2, 0x8, 0xe0, 0xf,
    0x70, 0x0, 0x1f, 0xba, 0xd0, 0x7f, 0xc0, 0xcf,
    0x80, 0xf7, 0x0, 0x7, 0xf5, 0xad, 0xd, 0xbc,
    0x5f, 0xaf, 0x9f, 0x70, 0x0, 0xee, 0xa, 0xd5,
    0xf5, 0x8, 0xf1, 0x6c, 0xf7, 0x0, 0x8f, 0x70,
    0xad, 0x8c, 0x0, 0xe9, 0x0, 0xf, 0x70, 0x2f,
    0xe0, 0xa, 0xd0, 0x0, 0x2, 0x0, 0x0, 0xf7,
    0xa, 0xf6, 0x0, 0xad, 0x0, 0x0, 0x0, 0x28,
    0xaf, 0x50, 0x2a, 0x0, 0xa, 0xd0, 0x0, 0x0,
    0x1, 0xef, 0xb0,

    /* U+6F02 "漂" */
    0x0, 0x10, 0x0, 0x0, 0x0, 0x0, 0x0, 0x0,
    0x0, 0x0, 0x1e, 0xd3, 0x9, 0xff, 0xff, 0xff,
    0xff, 0xff, 0xff, 0x0, 0x6f, 0xf5, 0x36, 0x66,
    0xde, 0x6b, 0xf6, 0x66, 0x60, 0x0, 0x3f, 0xa0,
    0x0, 0xb, 0xc0, 0x7f, 0x0, 0x0, 0x0, 0x0,
    0x31, 0xf, 0xff, 0xff, 0xff, 0xff, 0xff, 0x40,
    0x0, 0x0, 0x0, 0xfc, 0x8d, 0xe8, 0xcf, 0x89,
    0xf4, 0x9, 0xc2, 0x0, 0xf, 0x90, 0xbc, 0x7,
    0xf0, 0x3f, 0x40, 0x5e, 0xf6, 0x0, 0xfc, 0x7d,
    0xe7, 0xbf, 0x79, 0xf4, 0x0, 0x1d, 0x60, 0xe,
    0xff, 0xff, 0xff, 0xff, 0xff, 0x40, 0x0, 0x0,
    0x0, 0x0, 0x0, 0x0, 0x0, 0x0, 0x0, 0x0,
    0x0, 0x0, 0x5, 0xff, 0xff, 0xff, 0xff, 0xfd,
    0x0, 0x0, 0x6b, 0x0, 0x26, 0x66, 0x66, 0x66,
    0x66, 0x40, 0x0, 0xc, 0xe0, 0x57, 0x77, 0x77,
    0x77, 0x77, 0x77, 0x70, 0x2, 0xf9, 0xb, 0xff,
    0xff, 0xff, 0xff, 0xff, 0xff, 0x0, 0x8f, 0x40,
    0x0, 0x30, 0x0, 0xf8, 0x0, 0x20, 0x0, 0xe,
    0xe0, 0x0, 0x4f, 0x70, 0xf, 0x80, 0xbe, 0x10,
    0x7, 0xf8, 0x0, 0x3e, 0xd0, 0x0, 0xf8, 0x2,
    0xfc, 0x0, 0xef, 0x10, 0x2f, 0xe2, 0x39, 0x9f,
    0x70, 0x6, 0xf6, 0x5, 0x90, 0x0, 0x62, 0x1,
    0xdf, 0xc1, 0x0, 0x7, 0x10,

    /* U+6F0F "漏" */
    0x0, 0x30, 0x0, 0x0, 0x0, 0x0, 0x0, 0x0,
    0x0, 0x0, 0x6f, 0x70, 0xd, 0xff, 0xff, 0xff,
    0xff, 0xff, 0xf0, 0x0, 0xcf, 0x70, 0xdc, 0x55,
    0x55, 0x55, 0x55, 0xaf, 0x0, 0x1, 0xea, 0xd,
    0xa0, 0x0, 0x0, 0x0, 0x8, 0xf0, 0x0, 0x5,
    0x10, 0xdc, 0x66, 0x66, 0x66, 0x66, 0xbf, 0x0,
    0x0, 0x0, 0xd, 0xff, 0xff, 0xff, 0xff, 0xff,
    0xf0, 0xc, 0xb1, 0x0, 0xda, 0x11, 0x11, 0x11,
    0x11, 0x11, 0x10, 0x6f, 0xd2, 0xd, 0xae, 0xff,
    0xff, 0xff, 0xff, 0xfd, 0x0, 0x5f, 0x30, 0xda,
    0x34, 0x44, 0x9f, 0x44, 0x44, 0x30, 0x0, 0x10,
    0xd, 0xa4, 0x66, 0x6a, 0xf6, 0x66, 0x62, 0x0,
    0x0, 0x0, 0xf9, 0xdf, 0xff, 0xff, 0xff, 0xff,
    0x60, 0x0, 0x61, 0xf, 0x8d, 0x90, 0x7, 0xe0,
    0x0, 0xf6, 0x0, 0xf, 0x83, 0xf6, 0xd9, 0xb7,
    0x7e, 0x3e, 0x1f, 0x60, 0x4, 0xf4, 0x7f, 0x3d,
    0x95, 0xb7, 0xe0, 0xa3, 0xf6, 0x0, 0x9f, 0xc,
    0xf0, 0xd9, 0x0, 0x7e, 0x1, 0xf, 0x60, 0xe,
    0xa1, 0xfb, 0xd, 0x9b, 0x77, 0xe3, 0xe1, 0xf6,
    0x6, 0xf4, 0x8f, 0x60, 0xd9, 0x5b, 0x7e, 0xb,
    0x4f, 0x60, 0xdd, 0xe, 0xe0, 0xd, 0x90, 0x7,
    0xe1, 0x88, 0xf5, 0xb, 0x70, 0x35, 0x0, 0xd9,
    0x0, 0x7e, 0xd, 0xfc, 0x10, 0x0, 0x0, 0x0,
    0x1, 0x0, 0x0, 0x0, 0x0, 0x0,

    /* U+6F14 "演" */
    0x0, 0x0, 0x0, 0x0, 0x0, 0x0, 0x0, 0x0,
    0x0, 0x0, 0x17, 0x0, 0x0, 0x0, 0x2, 0xe5,
    0x0, 0x0, 0x0, 0x4, 0xfc, 0x13, 0x77, 0x77,
    0x7e, 0xe7, 0x77, 0x77, 0x30, 0x3, 0xfb, 0x7f,
    0xff, 0xff, 0xff, 0xff, 0xff, 0xf7, 0x0, 0x4,
    0x17, 0xf0, 0x0, 0x0, 0x0, 0x0, 0xf, 0x70,
    0x0, 0x0, 0x7f, 0xf, 0xff, 0xff, 0xff, 0xf0,
    0xe6, 0xb, 0xa0, 0x0, 0x0, 0x44, 0x4f, 0xb4,
    0x44, 0x0, 0x0, 0x7f, 0xc1, 0x3, 0x66, 0x66,
    0xfb, 0x66, 0x66, 0x20, 0x0, 0x6f, 0x40, 0x9f,
    0xff, 0xff, 0xff, 0xff, 0xf5, 0x0, 0x0, 0x20,
    0x9, 0xe0, 0x0, 0xe9, 0x0, 0x2f, 0x50, 0x0,
    0x0, 0x0, 0x9e, 0x44, 0x4f, 0xa4, 0x45, 0xf5,
    0x0, 0x0, 0x61, 0x9, 0xfe, 0xee, 0xff, 0xee,
    0xef, 0x50, 0x0, 0xf, 0x80, 0x9e, 0x0, 0xe,
    0x90, 0x2, 0xf5, 0x0, 0x5, 0xf3, 0x9, 0xfe,
    0xee, 0xff, 0xee, 0xef, 0x50, 0x0, 0xae, 0x0,
    0x47, 0x77, 0x77, 0x77, 0x77, 0x72, 0x0, 0x2f,
    0x90, 0x0, 0x7, 0xe2, 0x0, 0x8d, 0x71, 0x0,
    0x9, 0xf2, 0x1, 0x7e, 0xf9, 0x0, 0x4, 0xaf,
    0xe7, 0x0, 0xeb, 0x0, 0x8f, 0xb3, 0x0, 0x0,
    0x0, 0x2b, 0xf3, 0x2, 0x30, 0x0, 0x20, 0x0,
    0x0, 0x0, 0x0, 0x3, 0x0,

    /* U+70B9 "点" */
    0x0, 0x0, 0x0, 0x1, 0xf7, 0x0, 0x0, 0x0,
    0x0, 0x0, 0x0, 0x0, 0x1, 0xf8, 0x11, 0x11,
    0x11, 0x10, 0x0, 0x0, 0x0, 0x1, 0xff, 0xff,
    0xff, 0xff, 0xf2, 0x0, 0x0, 0x0, 0x1, 0xfb,
    0x66, 0x66, 0x66, 0x60, 0x0, 0x0, 0x0, 0x1,
    0xf7, 0x0, 0x0, 0x0, 0x0, 0x0, 0x0, 0x0,
    0x1, 0xf7, 0x0, 0x0, 0x0, 0x0, 0x0, 0xff,
    0xff, 0xff, 0xff, 0xff, 0xff, 0xfe, 0x0, 0x0,
    0xfc, 0x77, 0x77, 0x77, 0x77, 0x77, 0xde, 0x0,
    0x0, 0xf9, 0x0, 0x0, 0x0, 0x0, 0x0, 0xae,
    0x0, 0x0, 0xf9, 0x0, 0x0, 0x0, 0x0, 0x0,
    0xae, 0x0, 0x0, 0xfb, 0x33, 0x33, 0x33, 0x33,
    0x33, 0xbe, 0x0, 0x0, 0xff, 0xff, 0xff, 0xff,
    0xff, 0xff, 0xfe, 0x0, 0x0, 0x34, 0x44, 0x44,
    0x44, 0x44, 0x44, 0x44, 0x0, 0x0, 0xb4, 0x2,
    0x60, 0x0, 0x74, 0x0, 0x6e, 0x20, 0x7, 0xf6,
    0x9, 0xf5, 0x0, 0xee, 0x0, 0x3f, 0xc0, 0x2f,
    0xd0, 0x1, 0xfc, 0x0, 0x6f, 0x70, 0x9, 0xf4,
    0xaf, 0x40, 0x0, 0xcf, 0x10, 0xe, 0xd0, 0x1,
    0xfc, 0x16, 0x0, 0x0, 0x45, 0x0, 0x3, 0x0,
    0x0, 0x62,

    /* U+7136 "然" */
    0x0, 0x0, 0x0, 0x0, 0x0, 0x0, 0x0, 0x0,
    0x0, 0x0, 0x5, 0xe2, 0x0, 0x0, 0x0, 0xf7,
    0x49, 0x0, 0x0, 0xb, 0xe4, 0x44, 0x30, 0x1,
    0xf6, 0x5f, 0x70, 0x0, 0x3f, 0xff, 0xff, 0xd0,
    0x1, 0xf6, 0xa, 0xb0, 0x0, 0xbf, 0x22, 0x2e,
    0xb3, 0x34, 0xf7, 0x33, 0x30, 0x5, 0xff, 0xc2,
    0x1f, 0x7f, 0xff, 0xff, 0xff, 0xf3, 0x2e, 0xd4,
    0xed, 0x6f, 0x33, 0x37, 0xff, 0x33, 0x30, 0xcf,
    0xf5, 0x12, 0xce, 0x0, 0x8, 0xff, 0x40, 0x0,
    0x34, 0xbf, 0x63, 0xf8, 0x0, 0xd, 0xce, 0x90,
    0x0, 0x0, 0xb, 0x6d, 0xe1, 0x0, 0x4f, 0x68,
    0xf1, 0x0, 0x0, 0x0, 0xaf, 0x50, 0x1, 0xdd,
    0x1, 0xfb, 0x0, 0x0, 0xa, 0xf9, 0x0, 0x1c,
    0xf3, 0x0, 0x7f, 0x80, 0x5, 0xef, 0x90, 0x3,
    0xef, 0x40, 0x0, 0xb, 0xf8, 0x7, 0xe5, 0x0,
    0x2, 0xc2, 0x0, 0x0, 0x0, 0xb3, 0x0, 0x30,
    0x0, 0x0, 0x0, 0x21, 0x0, 0x68, 0x0, 0x1,
    0xed, 0x1, 0xe8, 0x2, 0xf9, 0x0, 0xaf, 0x60,
    0xc, 0xf4, 0x0, 0xfc, 0x0, 0xaf, 0x20, 0xd,
    0xf2, 0xaf, 0x90, 0x0, 0xcf, 0x0, 0x3f, 0x80,
    0x5, 0xf9, 0x18, 0x0, 0x0, 0x42, 0x0, 0x4,
    0x0, 0x0, 0x40,

    /* U+7167 "照" */
    0x1, 0x11, 0x11, 0x1, 0xff, 0xff, 0xff, 0xff,
    0xf3, 0x0, 0xff, 0xff, 0xf9, 0x6, 0x6f, 0xc6,
    0x66, 0xaf, 0x20, 0xf, 0xa4, 0x4f, 0x90, 0x2,
    0xf7, 0x0, 0x7, 0xf2, 0x0, 0xf8, 0x0, 0xe9,
    0x0, 0xbf, 0x10, 0x0, 0x8f, 0x10, 0xf, 0x80,
    0xe, 0x91, 0xaf, 0x70, 0x0, 0xb, 0xf0, 0x0,
    0xfa, 0x55, 0xf9, 0x8f, 0x90, 0x5, 0xfe, 0xf9,
    0x0, 0xf, 0xff, 0xff, 0x90, 0x40, 0x0, 0x16,
    0x64, 0x0, 0x0, 0xf8, 0x0, 0xe9, 0xa, 0xff,
    0xff, 0xff, 0xfa, 0x0, 0xf, 0x80, 0xe, 0x90,
    0xbe, 0x66, 0x66, 0x6e, 0xa0, 0x0, 0xf8, 0x0,
    0xe9, 0xb, 0xd0, 0x0, 0x0, 0xda, 0x0, 0xf,
    0xc9, 0x9f, 0x90, 0xbd, 0x0, 0x0, 0xd, 0xa0,
    0x0, 0xbc, 0xcc, 0xc6, 0xb, 0xff, 0xff, 0xff,
    0xfa, 0x0, 0x0, 0x0, 0x0, 0x0, 0x46, 0x66,
    0x66, 0x66, 0x30, 0x0, 0x3, 0x0, 0x0, 0x0,
    0x0, 0x10, 0x0, 0x10, 0x0, 0x5, 0xf7, 0x4,
    0xf5, 0x0, 0xdb, 0x0, 0x3f, 0x70, 0x2, 0xee,
    0x10, 0xe, 0xd0, 0x7, 0xf3, 0x0, 0xcf, 0x40,
    0xbf, 0x40, 0x0, 0xaf, 0x20, 0xf, 0xc0, 0x1,
    0xfd, 0x1, 0x60, 0x0, 0x3, 0x61, 0x0, 0x52,
    0x0, 0x5, 0x30,

    /* U+7247 "片" */
    0x0, 0x0, 0x0, 0x0, 0x0, 0x1, 0x0, 0x0,
    0x0, 0x0, 0x7, 0xf1, 0x0, 0x0, 0x1f, 0x70,
    0x0, 0x0, 0x0, 0x7, 0xf1, 0x0, 0x0, 0x1f,
    0x70, 0x0, 0x0, 0x0, 0x7, 0xf1, 0x0, 0x0,
    0x1f, 0x70, 0x0, 0x0, 0x0, 0x7, 0xf1, 0x0,
    0x0, 0x1f, 0x70, 0x0, 0x0, 0x0, 0x7, 0xf4,
    0x44, 0x44, 0x4f, 0x94, 0x44, 0x43, 0x0, 0x7,
    0xff, 0xff, 0xff, 0xff, 0xff, 0xff, 0xfd, 0x0,
    0x7, 0xf4, 0x33, 0x33, 0x33, 0x33, 0x33, 0x33,
    0x0, 0x7, 0xf1, 0x0, 0x0, 0x0, 0x0, 0x0,
    0x0, 0x0, 0x7, 0xf1, 0x0, 0x0, 0x0, 0x0,
    0x0, 0x0, 0x0, 0x8, 0xf9, 0x88, 0x88, 0x88,
    0x88, 0x60, 0x0, 0x0, 0x9, 0xff, 0xff, 0xff,
    0xff, 0xff, 0xc0, 0x0, 0x0, 0xb, 0xd0, 0x0,
    0x0, 0x0, 0xc, 0xc0, 0x0, 0x0, 0xf, 0xa0,
    0x0, 0x0, 0x0, 0xc, 0xc0, 0x0, 0x0, 0x4f,
    0x50, 0x0, 0x0, 0x0, 0xc, 0xc0, 0x0, 0x0,
    0xbf, 0x10, 0x0, 0x0, 0x0, 0xc, 0xc0, 0x0,
    0x3, 0xf9, 0x0, 0x0, 0x0, 0x0, 0xc, 0xc0,
    0x0, 0xd, 0xf1, 0x0, 0x0, 0x0, 0x0, 0xc,
    0xc0, 0x0, 0x9, 0x60, 0x0, 0x0, 0x0, 0x0,
    0xc, 0xc0, 0x0,

    /* U+7269 "物" */
    0x0, 0x0, 0x0, 0x0, 0x0, 0x0, 0x0, 0x0,
    0x0, 0x0, 0x1, 0xe, 0xb0, 0x0, 0xa, 0xb0,
    0x0, 0x0, 0x0, 0x0, 0xf5, 0xeb, 0x0, 0x1,
    0xf8, 0x0, 0x0, 0x0, 0x0, 0x3f, 0x4e, 0xb0,
    0x0, 0x7f, 0x97, 0x77, 0x77, 0x75, 0x5, 0xf6,
    0xfd, 0x51, 0xe, 0xed, 0xfd, 0xef, 0xdf, 0xa0,
    0x8f, 0xff, 0xff, 0x49, 0xf2, 0x6f, 0x8, 0xf0,
    0xea, 0xc, 0xc2, 0xec, 0x25, 0xf9, 0x9, 0xe0,
    0xae, 0xe, 0xa1, 0xf7, 0xe, 0xb0, 0xad, 0x0,
    0xda, 0xd, 0xb0, 0xe9, 0x3f, 0x30, 0xeb, 0x0,
    0x20, 0x3f, 0x61, 0xf8, 0xf, 0x90, 0x60, 0xe,
    0xb0, 0x10, 0xa, 0xf0, 0x5f, 0x40, 0xf8, 0x0,
    0x0, 0xed, 0xc6, 0x4, 0xf8, 0xb, 0xe0, 0xf,
    0x80, 0x0, 0x1f, 0xfe, 0x31, 0xed, 0x2, 0xf8,
    0x1, 0xf7, 0x3, 0xaf, 0xfd, 0x12, 0xdf, 0x30,
    0xaf, 0x20, 0x2f, 0x60, 0xef, 0xbf, 0xb0, 0xbf,
    0x30, 0x4f, 0x80, 0x4, 0xf5, 0x6, 0x30, 0xeb,
    0x2, 0x20, 0x1e, 0xd0, 0x0, 0x6f, 0x40, 0x0,
    0xe, 0xb0, 0x0, 0x1d, 0xf3, 0x0, 0x9, 0xf2,
    0x0, 0x0, 0xeb, 0x0, 0x2e, 0xf4, 0x0, 0x0,
    0xdf, 0x0, 0x0, 0xe, 0xb0, 0x2, 0xe4, 0x3,
    0x87, 0xaf, 0xa0, 0x0, 0x0, 0xeb, 0x0, 0x0,
    0x0, 0x3f, 0xff, 0xb1, 0x0, 0x0, 0x0, 0x0,
    0x0, 0x0, 0x0, 0x0, 0x0, 0x0,

    /* U+72B6 "状" */
    0x0, 0x0, 0x0, 0x0, 0x0, 0x0, 0x1, 0x0,
    0x0, 0x0, 0x0, 0x0, 0x8, 0xf0, 0x0, 0x0,
    0x8f, 0x0, 0x0, 0x0, 0x0, 0x0, 0x8, 0xf0,
    0x0, 0x0, 0x8f, 0x4, 0xc0, 0x0, 0x0, 0x0,
    0x8, 0xf0, 0x0, 0x0, 0x8f, 0x2, 0xf9, 0x0,
    0x5, 0xe2, 0x8, 0xf0, 0x0, 0x0, 0x9f, 0x0,
    0x7f, 0x10, 0x1, 0xed, 0x8, 0xf0, 0x0, 0x0,
    0x9e, 0x0, 0x1, 0x0, 0x0, 0x6f, 0x78, 0xf0,
    0x69, 0x99, 0xdf, 0x99, 0x99, 0x80, 0x0, 0x8,
    0x28, 0xf0, 0x9f, 0xff, 0xff, 0xff, 0xff, 0xe0,
    0x0, 0x0, 0x8, 0xf0, 0x0, 0x0, 0xcf, 0xb0,
    0x0, 0x0, 0x0, 0x0, 0x8, 0xf0, 0x0, 0x0,
    0xff, 0xf0, 0x0, 0x0, 0x0, 0x0, 0x3e, 0xf0,
    0x0, 0x1, 0xfa, 0xf3, 0x0, 0x0, 0x0, 0x5,
    0xff, 0xf0, 0x0, 0x5, 0xf4, 0xe8, 0x0, 0x0,
    0x1, 0xaf, 0xca, 0xf0, 0x0, 0xa, 0xf0, 0xae,
    0x0, 0x0, 0x1f, 0xf9, 0x8, 0xf0, 0x0, 0x1f,
    0xa0, 0x3f, 0x60, 0x0, 0xa, 0x60, 0x8, 0xf0,
    0x0, 0x9f, 0x30, 0xd, 0xe1, 0x0, 0x0, 0x0,
    0x8, 0xf0, 0x3, 0xfa, 0x0, 0x4, 0xf9, 0x0,
    0x0, 0x0, 0x8, 0xf0, 0x3e, 0xe1, 0x0, 0x0,
    0xbf, 0x60, 0x0, 0x0, 0x8, 0xf2, 0xfe, 0x30,
    0x0, 0x0, 0x1e, 0xf1, 0x0, 0x0, 0x8, 0xf0,
    0x92, 0x0, 0x0, 0x0, 0x3, 0x70,

    /* U+7387 "率" */
    0x0, 0x0, 0x0, 0x0, 0x1, 0x0, 0x0, 0x0,
    0x0, 0x0, 0x0, 0x0, 0x3, 0xfa, 0x0, 0x0,
    0x0, 0x0, 0x33, 0x33, 0x33, 0x33, 0xff, 0x43,
    0x33, 0x33, 0x33, 0xef, 0xff, 0xff, 0xff, 0xff,
    0xff, 0xff, 0xff, 0xfe, 0x34, 0x74, 0x44, 0x4e,
    0xf5, 0x44, 0x44, 0x47, 0x43, 0xa, 0xf5, 0x0,
    0x3f, 0x70, 0x2b, 0x30, 0x3f, 0xa0, 0x1, 0xdf,
    0x20, 0xdd, 0x2, 0xdd, 0x4, 0xfe, 0x10, 0x0,
    0x2a, 0x16, 0xff, 0xff, 0xe2, 0x6, 0xe2, 0x0,
    0x0, 0x0, 0x12, 0x76, 0xdf, 0x34, 0x0, 0x0,
    0x0, 0x0, 0x1c, 0xe0, 0x1c, 0xe3, 0x5f, 0x53,
    0xe6, 0x0, 0x3, 0xdf, 0x43, 0xee, 0x78, 0xcf,
    0xf3, 0xcf, 0xa0, 0x2f, 0xe4, 0xd, 0xff, 0xda,
    0x75, 0xf9, 0xb, 0xf2, 0x6, 0x20, 0x3, 0x30,
    0xaa, 0x0, 0x64, 0x0, 0x30, 0x57, 0x77, 0x77,
    0x77, 0xdd, 0x77, 0x77, 0x77, 0x75, 0xbf, 0xff,
    0xff, 0xff, 0xff, 0xff, 0xff, 0xff, 0xfb, 0x0,
    0x0, 0x0, 0x0, 0xbc, 0x0, 0x0, 0x0, 0x0,
    0x0, 0x0, 0x0, 0x0, 0xbc, 0x0, 0x0, 0x0,
    0x0, 0x0, 0x0, 0x0, 0x0, 0xbc, 0x0, 0x0,
    0x0, 0x0, 0x0, 0x0, 0x0, 0x0, 0xbc, 0x0,
    0x0, 0x0, 0x0,

    /* U+73AF "环" */
    0x0, 0x0, 0x0, 0x1, 0x11, 0x11, 0x11, 0x11,
    0x11, 0xff, 0xff, 0xff, 0xf, 0xff, 0xff, 0xff,
    0xff, 0xfe, 0x77, 0xde, 0x77, 0x6, 0x66, 0x67,
    0xfa, 0x66, 0x65, 0x0, 0xad, 0x0, 0x0, 0x0,
    0x7, 0xf3, 0x0, 0x0, 0x0, 0xad, 0x0, 0x0,
    0x0, 0xd, 0xf1, 0x0, 0x0, 0x0, 0xad, 0x0,
    0x0, 0x0, 0x3f, 0xf1, 0x0, 0x0, 0x0, 0xad,
    0x0, 0x0, 0x0, 0xaf, 0xf1, 0x0, 0x0, 0x12,
    0xbd, 0x21, 0x0, 0x1, 0xff, 0xf1, 0x50, 0x0,
    0xdf, 0xff, 0xfe, 0x0, 0x9, 0xfe, 0xf6, 0xf4,
    0x0, 0x45, 0xce, 0x54, 0x0, 0x2f, 0xd8, 0xf1,
    0xce, 0x0, 0x0, 0xad, 0x0, 0x0, 0xbf, 0x48,
    0xf1, 0x4f, 0x80, 0x0, 0xad, 0x0, 0x5, 0xfb,
    0x8, 0xf1, 0xb, 0xf2, 0x0, 0xad, 0x0, 0x1e,
    0xf1, 0x8, 0xf1, 0x2, 0xfb, 0x0, 0xad, 0x4b,
    0x7f, 0x50, 0x8, 0xf1, 0x0, 0x98, 0x2, 0xcf,
    0xfd, 0x31, 0x0, 0x8, 0xf1, 0x0, 0x0, 0xcf,
    0xfc, 0x40, 0x0, 0x0, 0x8, 0xf1, 0x0, 0x0,
    0x98, 0x20, 0x0, 0x0, 0x0, 0x8, 0xf1, 0x0,
    0x0, 0x0, 0x0, 0x0, 0x0, 0x0, 0x8, 0xf1,
    0x0, 0x0, 0x0, 0x0, 0x0, 0x0, 0x0, 0x8,
    0xf1, 0x0, 0x0,

    /* U+73B0 "现" */
    0xff, 0xff, 0xff, 0x51, 0xff, 0xff, 0xff, 0xff,
    0x10, 0x7, 0x7c, 0xf7, 0x72, 0x1f, 0xb6, 0x66,
    0x6b, 0xf1, 0x0, 0x0, 0x9f, 0x0, 0x1, 0xf7,
    0x0, 0x0, 0x7f, 0x10, 0x0, 0x9, 0xf0, 0x0,
    0x1f, 0x70, 0xb8, 0x7, 0xf1, 0x0, 0x0, 0x9f,
    0x0, 0x1, 0xf7, 0xd, 0xa0, 0x7f, 0x10, 0x0,
    0x9, 0xf0, 0x0, 0x1f, 0x70, 0xda, 0x7, 0xf1,
    0x0, 0x12, 0x9f, 0x22, 0x1, 0xf7, 0xe, 0x90,
    0x7f, 0x10, 0xc, 0xff, 0xff, 0xf3, 0x1f, 0x70,
    0xf9, 0x7, 0xf1, 0x0, 0x45, 0xbf, 0x55, 0x11,
    0xf7, 0x1f, 0x80, 0x7f, 0x10, 0x0, 0x9, 0xf0,
    0x0, 0x1f, 0x73, 0xf7, 0x7, 0xf1, 0x0, 0x0,
    0x9f, 0x0, 0x1, 0xf7, 0x6f, 0x50, 0x7f, 0x10,
    0x0, 0x9, 0xf0, 0x13, 0x2, 0x1a, 0xfe, 0x51,
    0x20, 0x0, 0x0, 0x9f, 0x8f, 0xa0, 0x0, 0xfc,
    0xf5, 0x0, 0x0, 0x0, 0x4c, 0xff, 0xc4, 0x0,
    0x8f, 0x5f, 0x50, 0x0, 0x0, 0xdf, 0xfd, 0x50,
    0x0, 0x4f, 0x83, 0xf5, 0x0, 0x6c, 0xb, 0xa3,
    0x0, 0x0, 0x5f, 0xc0, 0x3f, 0x50, 0x8, 0xf0,
    0x0, 0x0, 0x0, 0x9f, 0xc1, 0x2, 0xfb, 0x56,
    0xdc, 0x0, 0x0, 0x0, 0x7f, 0x90, 0x0, 0xb,
    0xff, 0xfd, 0x40, 0x0, 0x0, 0x0, 0x30, 0x0,
    0x0, 0x0, 0x0, 0x0, 0x0,

    /* U+7403 "球" */
    0x0, 0x0, 0x0, 0x0, 0x0, 0x0, 0x0, 0x45,
    0x0, 0xc, 0xff, 0xff, 0xf1, 0x0, 0x0, 0x7f,
    0x9, 0xf4, 0x0, 0x57, 0xcf, 0x77, 0x0, 0x0,
    0x7, 0xf0, 0x1e, 0x40, 0x0, 0x9, 0xe0, 0x0,
    0x0, 0x0, 0x7f, 0x0, 0x10, 0x0, 0x0, 0x9e,
    0x0, 0x1f, 0xff, 0xff, 0xff, 0xff, 0xf8, 0x0,
    0x9, 0xe0, 0x0, 0x55, 0x55, 0xaf, 0x55, 0x55,
    0x30, 0x0, 0x9e, 0x0, 0x0, 0x20, 0x7, 0xf0,
    0x5, 0x10, 0x1, 0x29, 0xe2, 0x10, 0xae, 0x10,
    0x7f, 0x3, 0xf9, 0x0, 0x8f, 0xff, 0xfc, 0x3,
    0xf9, 0x7, 0xf0, 0xce, 0x10, 0x2, 0x4a, 0xf4,
    0x30, 0xa, 0xf1, 0xcf, 0xbf, 0x50, 0x0, 0x0,
    0x9e, 0x0, 0x0, 0x24, 0x8f, 0xff, 0x80, 0x0,
    0x0, 0x9, 0xe0, 0x0, 0x0, 0x4f, 0xff, 0xfc,
    0x0, 0x0, 0x0, 0x9e, 0x0, 0x0, 0x2e, 0xd8,
    0xf5, 0xfa, 0x0, 0x0, 0x9, 0xe1, 0x60, 0x2e,
    0xf3, 0x7f, 0x8, 0xf9, 0x0, 0x0, 0xaf, 0xff,
    0x3e, 0xf6, 0x7, 0xf0, 0xb, 0xf9, 0xa, 0xff,
    0xe8, 0x1a, 0xf6, 0x0, 0x7f, 0x0, 0xb, 0xe1,
    0xaa, 0x50, 0x0, 0x4, 0x0, 0x7, 0xf0, 0x0,
    0x3, 0x0, 0x0, 0x0, 0x0, 0x4, 0x98, 0xef,
    0x0, 0x0, 0x0, 0x0, 0x0, 0x0, 0x0, 0x2d,
    0xfe, 0x60, 0x0, 0x0, 0x0,

    /* U+7406 "理" */
    0x0, 0x0, 0x0, 0x1, 0x22, 0x22, 0x22, 0x22,
    0x20, 0xc, 0xff, 0xff, 0xf1, 0xcf, 0xff, 0xff,
    0xff, 0xff, 0x0, 0x57, 0xcf, 0x77, 0xc, 0xc5,
    0x5c, 0xe5, 0x59, 0xf0, 0x0, 0x9, 0xe0, 0x0,
    0xcb, 0x0, 0xae, 0x0, 0x7f, 0x0, 0x0, 0x9e,
    0x0, 0xc, 0xb0, 0xa, 0xe0, 0x7, 0xf0, 0x0,
    0x9, 0xe0, 0x0, 0xcd, 0x77, 0xcf, 0x77, 0xbf,
    0x0, 0x0, 0x9e, 0x0, 0xc, 0xff, 0xff, 0xff,
    0xff, 0xf0, 0x1, 0x3a, 0xe3, 0x20, 0xcb, 0x0,
    0xae, 0x0, 0x7f, 0x0, 0x8f, 0xff, 0xfc, 0xc,
    0xb0, 0xa, 0xe0, 0x7, 0xf0, 0x1, 0x29, 0xe2,
    0x10, 0xcf, 0xff, 0xff, 0xff, 0xff, 0x0, 0x0,
    0x9e, 0x0, 0x6, 0x88, 0x8d, 0xf8, 0x88, 0x80,
    0x0, 0x9, 0xe0, 0x0, 0x0, 0x0, 0xae, 0x0,
    0x0, 0x0, 0x0, 0x9e, 0x0, 0x0, 0x11, 0x1a,
    0xe1, 0x11, 0x10, 0x0, 0x9, 0xe3, 0x90, 0xcf,
    0xff, 0xff, 0xff, 0xff, 0x0, 0x3, 0xcf, 0xfd,
    0x5, 0x66, 0x6c, 0xf6, 0x66, 0x60, 0xc, 0xff,
    0xb5, 0x0, 0x0, 0x0, 0xae, 0x0, 0x0, 0x0,
    0x76, 0x10, 0x0, 0x45, 0x55, 0x5c, 0xe5, 0x55,
    0x55, 0x0, 0x0, 0x0, 0xe, 0xff, 0xff, 0xff,
    0xff, 0xff, 0xf1, 0x0, 0x0, 0x0, 0x22, 0x22,
    0x22, 0x22, 0x22, 0x22, 0x0,

    /* U+751F "生" */
    0x0, 0x1, 0x30, 0x0, 0x5f, 0x40, 0x0, 0x0,
    0x0, 0x0, 0x6, 0xf3, 0x0, 0x5f, 0x40, 0x0,
    0x0, 0x0, 0x0, 0xc, 0xd0, 0x0, 0x5f, 0x40,
    0x0, 0x0, 0x0, 0x0, 0x3f, 0x70, 0x0, 0x5f,
    0x40, 0x0, 0x0, 0x0, 0x0, 0xbf, 0xff, 0xff,
    0xff, 0xff, 0xff, 0xff, 0xf0, 0x4, 0xfa, 0x88,
    0x88, 0xaf, 0xa8, 0x88, 0x88, 0x80, 0x1e, 0xd0,
    0x0, 0x0, 0x5f, 0x40, 0x0, 0x0, 0x0, 0x8f,
    0x40, 0x0, 0x0, 0x5f, 0x40, 0x0, 0x0, 0x0,
    0x4, 0x0, 0x0, 0x0, 0x5f, 0x40, 0x0, 0x0,
    0x0, 0x0, 0x2, 0x22, 0x22, 0x6f, 0x62, 0x22,
    0x22, 0x0, 0x0, 0x5f, 0xff, 0xff, 0xff, 0xff,
    0xff, 0xff, 0x40, 0x0, 0x15, 0x55, 0x55, 0x8f,
    0x75, 0x55, 0x55, 0x10, 0x0, 0x0, 0x0, 0x0,
    0x5f, 0x40, 0x0, 0x0, 0x0, 0x0, 0x0, 0x0,
    0x0, 0x5f, 0x40, 0x0, 0x0, 0x0, 0x0, 0x0,
    0x0, 0x0, 0x5f, 0x40, 0x0, 0x0, 0x0, 0x36,
    0x66, 0x66, 0x66, 0x9f, 0x86, 0x66, 0x66, 0x66,
    0x9f, 0xff, 0xff, 0xff, 0xff, 0xff, 0xff, 0xff,
    0xff, 0x1, 0x11, 0x11, 0x11, 0x11, 0x11, 0x11,
    0x11, 0x11,

    /* U+7528 "用" */
    0x0, 0xf, 0xff, 0xff, 0xff, 0xff, 0xff, 0xff,
    0xfa, 0x0, 0xf, 0xc7, 0x77, 0x7b, 0xf8, 0x77,
    0x77, 0xfa, 0x0, 0xf, 0x90, 0x0, 0x7, 0xf1,
    0x0, 0x0, 0xea, 0x0, 0xf, 0x90, 0x0, 0x7,
    0xf1, 0x0, 0x0, 0xea, 0x0, 0xf, 0x90, 0x0,
    0x7, 0xf1, 0x0, 0x0, 0xea, 0x0, 0xf, 0xc8,
    0x88, 0x8c, 0xf9, 0x88, 0x88, 0xfa, 0x0, 0xf,
    0xff, 0xff, 0xff, 0xff, 0xff, 0xff, 0xfa, 0x0,
    0xf, 0x80, 0x0, 0x7, 0xf1, 0x0, 0x0, 0xea,
    0x0, 0xf, 0x80, 0x0, 0x7, 0xf1, 0x0, 0x0,
    0xea, 0x0, 0x1f, 0x70, 0x0, 0x7, 0xf1, 0x0,
    0x0, 0xea, 0x0, 0x4f, 0xff, 0xff, 0xff, 0xff,
    0xff, 0xff, 0xfa, 0x0, 0x7f, 0xa8, 0x88, 0x8c,
    0xf9, 0x88, 0x88, 0xfa, 0x0, 0xbf, 0x20, 0x0,
    0x7, 0xf1, 0x0, 0x0, 0xea, 0x0, 0xff, 0x0,
    0x0, 0x7, 0xf1, 0x0, 0x0, 0xea, 0x6, 0xfc,
    0x0, 0x0, 0x7, 0xf1, 0x0, 0x0, 0xea, 0xd,
    0xf7, 0x0, 0x0, 0x7, 0xf1, 0x0, 0x0, 0xea,
    0xc, 0xf2, 0x0, 0x0, 0x0, 0x10, 0x7, 0x88,
    0xf9, 0x2, 0xa0, 0x0, 0x0, 0x0, 0x0, 0x9,
    0xff, 0xe2, 0x0, 0x0, 0x0, 0x0, 0x0, 0x0,
    0x0, 0x0, 0x0,

    /* U+7531 "由" */
    0x0, 0x0, 0x0, 0xe, 0xc0, 0x0, 0x0, 0x0,
    0x0, 0x0, 0x0, 0xe, 0xc0, 0x0, 0x0, 0x0,
    0x0, 0x0, 0x0, 0xe, 0xc0, 0x0, 0x0, 0x0,
    0x48, 0x88, 0x88, 0x8f, 0xe8, 0x88, 0x88, 0x83,
    0x9f, 0xff, 0xff, 0xff, 0xff, 0xff, 0xff, 0xf5,
    0x9f, 0x10, 0x0, 0xe, 0xc0, 0x0, 0x4, 0xf5,
    0x9f, 0x10, 0x0, 0xe, 0xc0, 0x0, 0x4, 0xf5,
    0x9f, 0x10, 0x0, 0xe, 0xc0, 0x0, 0x4, 0xf5,
    0x9f, 0x10, 0x0, 0xe, 0xc0, 0x0, 0x4, 0xf5,
    0x9f, 0xff, 0xff, 0xff, 0xff, 0xff, 0xff, 0xf5,
    0x9f, 0x77, 0x77, 0x7f, 0xe7, 0x77, 0x79, 0xf5,
    0x9f, 0x10, 0x0, 0xe, 0xc0, 0x0, 0x4, 0xf5,
    0x9f, 0x10, 0x0, 0xe, 0xc0, 0x0, 0x4, 0xf5,
    0x9f, 0x10, 0x0, 0xe, 0xc0, 0x0, 0x4, 0xf5,
    0x9f, 0x32, 0x22, 0x2e, 0xd2, 0x22, 0x26, 0xf5,
    0x9f, 0xff, 0xff, 0xff, 0xff, 0xff, 0xff, 0xf5,
    0x9f, 0x55, 0x55, 0x55, 0x55, 0x55, 0x58, 0xf5,
    0x9f, 0x10, 0x0, 0x0, 0x0, 0x0, 0x4, 0xf5,

    /* U+7535 "电" */
    0x0, 0x0, 0x0, 0xae, 0x0, 0x0, 0x0, 0x0,
    0x0, 0x0, 0x0, 0x0, 0xae, 0x0, 0x0, 0x0,
    0x0, 0x0, 0x88, 0x88, 0x88, 0xdf, 0x88, 0x88,
    0x88, 0x40, 0x0, 0xff, 0xff, 0xff, 0xff, 0xff,
    0xff, 0xff, 0x70, 0x0, 0xf9, 0x0, 0x0, 0xae,
    0x0, 0x0, 0x1f, 0x70, 0x0, 0xf9, 0x0, 0x0,
    0xae, 0x0, 0x0, 0x1f, 0x70, 0x0, 0xfa, 0x33,
    0x33, 0xbf, 0x33, 0x33, 0x4f, 0x70, 0x0, 0xff,
    0xff, 0xff, 0xff, 0xff, 0xff, 0xff, 0x70, 0x0,
    0xfb, 0x44, 0x44, 0xbf, 0x44, 0x44, 0x5f, 0x70,
    0x0, 0xf9, 0x0, 0x0, 0xae, 0x0, 0x0, 0x1f,
    0x70, 0x0, 0xf9, 0x0, 0x0, 0xae, 0x0, 0x0,
    0x1f, 0x70, 0x0, 0xff, 0xff, 0xff, 0xff, 0xff,
    0xff, 0xff, 0x70, 0x0, 0xfc, 0x88, 0x88, 0xdf,
    0x88, 0x88, 0x88, 0x40, 0x0, 0xb6, 0x0, 0x0,
    0xae, 0x0, 0x0, 0x0, 0x1, 0x0, 0x0, 0x0,
    0x0, 0xae, 0x0, 0x0, 0x0, 0xa, 0xc0, 0x0,
    0x0, 0x0, 0xaf, 0x0, 0x0, 0x0, 0xd, 0xf0,
    0x0, 0x0, 0x0, 0x9f, 0xb8, 0x77, 0x88, 0xbf,
    0xa0, 0x0, 0x0, 0x0, 0x1a, 0xef, 0xff, 0xfe,
    0xda, 0x10,

    /* U+753B "画" */
    0xdf, 0xff, 0xff, 0xff, 0xff, 0xff, 0xff, 0xff,
    0xfe, 0x67, 0x77, 0x77, 0x77, 0x77, 0x77, 0x77,
    0x77, 0x77, 0x0, 0x0, 0x0, 0x0, 0x0, 0x0,
    0x0, 0x0, 0x0, 0x0, 0x0, 0x34, 0x44, 0x44,
    0x44, 0x43, 0x0, 0x0, 0x4, 0x20, 0xef, 0xff,
    0xff, 0xff, 0xfc, 0x2, 0x30, 0x1f, 0x80, 0xe9,
    0x11, 0xcb, 0x11, 0xbc, 0xa, 0xf0, 0x1f, 0x80,
    0xe9, 0x0, 0xcb, 0x0, 0xbc, 0xa, 0xf0, 0x1f,
    0x80, 0xea, 0x22, 0xcc, 0x22, 0xbc, 0xa, 0xf0,
    0x1f, 0x80, 0xef, 0xff, 0xff, 0xff, 0xfc, 0xa,
    0xf0, 0x1f, 0x80, 0xea, 0x33, 0xdc, 0x33, 0xcc,
    0xa, 0xf0, 0x1f, 0x80, 0xe9, 0x0, 0xcb, 0x0,
    0xbc, 0xa, 0xf0, 0x1f, 0x80, 0xe9, 0x0, 0xcb,
    0x0, 0xbc, 0xa, 0xf0, 0x1f, 0x80, 0xef, 0xff,
    0xff, 0xff, 0xfc, 0xa, 0xf0, 0x1f, 0x80, 0x56,
    0x66, 0x66, 0x66, 0x64, 0xa, 0xf0, 0x1f, 0x80,
    0x0, 0x0, 0x0, 0x0, 0x0, 0xa, 0xf0, 0x1f,
    0xff, 0xff, 0xff, 0xff, 0xff, 0xff, 0xff, 0xf0,
    0x1f, 0xc8, 0x88, 0x88, 0x88, 0x88, 0x88, 0x8d,
    0xf0, 0x1f, 0x80, 0x0, 0x0, 0x0, 0x0, 0x0,
    0xa, 0xf0,

    /* U+754C "界" */
    0x0, 0xf, 0xff, 0xff, 0xff, 0xff, 0xff, 0xff,
    0xe0, 0x0, 0x0, 0xf, 0xc7, 0x77, 0x7f, 0xd7,
    0x77, 0x7d, 0xe0, 0x0, 0x0, 0xf, 0x90, 0x0,
    0xe, 0xb0, 0x0, 0xa, 0xe0, 0x0, 0x0, 0xf,
    0xa1, 0x11, 0x1e, 0xb1, 0x11, 0x1a, 0xe0, 0x0,
    0x0, 0xf, 0xff, 0xff, 0xff, 0xff, 0xff, 0xff,
    0xe0, 0x0, 0x0, 0xf, 0xc6, 0x66, 0x6f, 0xd6,
    0x66, 0x6c, 0xe0, 0x0, 0x0, 0xf, 0x90, 0x0,
    0xe, 0xb0, 0x0, 0xa, 0xe0, 0x0, 0x0, 0xf,
    0xd8, 0x88, 0x8f, 0xd8, 0x88, 0x8d, 0xe0, 0x0,
    0x0, 0xe, 0xff, 0xff, 0xff, 0xff, 0xff, 0xff,
    0xe0, 0x0, 0x0, 0x0, 0x2c, 0xf7, 0x0, 0x0,
    0x8f, 0xc2, 0x0, 0x0, 0x0, 0x6, 0xff, 0x70,
    0x0, 0x0, 0x5, 0xff, 0x81, 0x0, 0x6, 0xef,
    0xe4, 0x87, 0x0, 0x0, 0x5a, 0x2c, 0xff, 0x80,
    0x8, 0xf9, 0x10, 0xea, 0x0, 0x0, 0x8f, 0x10,
    0x6e, 0x80, 0x0, 0x10, 0x0, 0xf9, 0x0, 0x0,
    0x8f, 0x10, 0x0, 0x0, 0x0, 0x0, 0x5, 0xf5,
    0x0, 0x0, 0x8f, 0x10, 0x0, 0x0, 0x0, 0x0,
    0x3e, 0xe0, 0x0, 0x0, 0x8f, 0x10, 0x0, 0x0,
    0x0, 0x19, 0xff, 0x40, 0x0, 0x0, 0x8f, 0x10,
    0x0, 0x0, 0x0, 0xb, 0xc3, 0x0, 0x0, 0x0,
    0x8f, 0x10, 0x0, 0x0, 0x0, 0x0, 0x0, 0x0,
    0x0, 0x0, 0x0, 0x0, 0x0, 0x0,

    /* U+7591 "疑" */
    0x2f, 0x63, 0x7b, 0xe4, 0x2f, 0xff, 0xff, 0xff,
    0xf0, 0x2f, 0xff, 0xfa, 0x50, 0x6, 0x66, 0x66,
    0x8f, 0xa0, 0x2f, 0xb4, 0x0, 0x31, 0x0, 0x17,
    0x1, 0xde, 0x10, 0x2f, 0x50, 0x0, 0xbe, 0x0,
    0x8f, 0xcc, 0xf3, 0x0, 0x1f, 0xb6, 0x69, 0xf9,
    0x0, 0x7, 0xff, 0x70, 0x0, 0x8, 0xde, 0xed,
    0xa1, 0x12, 0x22, 0x5e, 0xf3, 0x22, 0x4, 0xb1,
    0x0, 0x0, 0xbf, 0xff, 0xff, 0xff, 0xfd, 0xa,
    0xf7, 0x77, 0x73, 0x12, 0x22, 0x9e, 0x23, 0xea,
    0x2f, 0xff, 0xff, 0xf7, 0x0, 0x0, 0x7e, 0x5,
    0xf2, 0xbf, 0x15, 0xf3, 0x0, 0x3, 0xf0, 0x7e,
    0x0, 0x20, 0x35, 0x6, 0xf2, 0x0, 0x4, 0xf0,
    0x7f, 0x99, 0x93, 0xff, 0xff, 0xff, 0xfd, 0x5,
    0xe0, 0x7f, 0xaa, 0xa3, 0x77, 0x7f, 0xd7, 0x76,
    0x8, 0xd0, 0x7e, 0x0, 0x0, 0x0, 0x5f, 0xf6,
    0x0, 0xb, 0xf1, 0x7e, 0x0, 0x0, 0x0, 0xef,
    0xcf, 0x70, 0xf, 0xfa, 0x7e, 0x0, 0x0, 0xa,
    0xf7, 0xb, 0xf9, 0x5f, 0x8f, 0xee, 0x0, 0x0,
    0x9f, 0xc0, 0x0, 0xcb, 0xcf, 0x5, 0xef, 0xb9,
    0x87, 0x5d, 0x10, 0x0, 0x11, 0xa9, 0x0, 0x17,
    0xce, 0xf9, 0x0, 0x0, 0x0, 0x0, 0x0, 0x0,
    0x0, 0x0, 0x0,

    /* U+767D "白" */
    0x0, 0x0, 0x0, 0x10, 0x0, 0x0, 0x0, 0x0,
    0x0, 0x0, 0x0, 0xdd, 0x0, 0x0, 0x0, 0x0,
    0x0, 0x0, 0x2, 0xf9, 0x0, 0x0, 0x0, 0x0,
    0x48, 0x88, 0x8c, 0xfa, 0x88, 0x88, 0x88, 0x80,
    0x7f, 0xff, 0xff, 0xff, 0xff, 0xff, 0xff, 0xf1,
    0x7f, 0x10, 0x0, 0x0, 0x0, 0x0, 0x7, 0xf1,
    0x7f, 0x10, 0x0, 0x0, 0x0, 0x0, 0x7, 0xf1,
    0x7f, 0x10, 0x0, 0x0, 0x0, 0x0, 0x7, 0xf1,
    0x7f, 0x10, 0x0, 0x0, 0x0, 0x0, 0x7, 0xf1,
    0x7f, 0x98, 0x88, 0x88, 0x88, 0x88, 0x8c, 0xf1,
    0x7f, 0xff, 0xff, 0xff, 0xff, 0xff, 0xff, 0xf1,
    0x7f, 0x10, 0x0, 0x0, 0x0, 0x0, 0x7, 0xf1,
    0x7f, 0x10, 0x0, 0x0, 0x0, 0x0, 0x7, 0xf1,
    0x7f, 0x10, 0x0, 0x0, 0x0, 0x0, 0x7, 0xf1,
    0x7f, 0x10, 0x0, 0x0, 0x0, 0x0, 0x7, 0xf1,
    0x7f, 0x44, 0x44, 0x44, 0x44, 0x44, 0x49, 0xf1,
    0x7f, 0xff, 0xff, 0xff, 0xff, 0xff, 0xff, 0xf1,
    0x7f, 0x43, 0x33, 0x33, 0x33, 0x33, 0x39, 0xf1,
    0x7e, 0x10, 0x0, 0x0, 0x0, 0x0, 0x7, 0xf1,

    /* U+7684 "的" */
    0x0, 0x1, 0x0, 0x0, 0x0, 0x0, 0x0, 0x0,
    0x0, 0x0, 0x4f, 0x60, 0x0, 0x0, 0x6f, 0x40,
    0x0, 0x0, 0x0, 0x7f, 0x10, 0x0, 0x0, 0xbe,
    0x0, 0x0, 0x0, 0x3a, 0xdf, 0xaa, 0xa0, 0x3,
    0xf9, 0x0, 0x0, 0x0, 0x5f, 0xdd, 0xde, 0xf0,
    0xb, 0xff, 0xff, 0xff, 0xf8, 0x5f, 0x0, 0x5,
    0xf0, 0x5f, 0xb8, 0x88, 0x89, 0xf8, 0x5f, 0x0,
    0x5, 0xf2, 0xee, 0x10, 0x0, 0x1, 0xf8, 0x5f,
    0x0, 0x5, 0xf5, 0xf4, 0x0, 0x0, 0x1, 0xf8,
    0x5f, 0x0, 0x5, 0xf0, 0x10, 0x2, 0x0, 0x1,
    0xf8, 0x5f, 0x88, 0x8b, 0xf0, 0x0, 0xce, 0x0,
    0x1, 0xf8, 0x5f, 0xff, 0xff, 0xf0, 0x0, 0x5f,
    0x80, 0x2, 0xf7, 0x5f, 0x0, 0x5, 0xf0, 0x0,
    0xc, 0xf1, 0x2, 0xf7, 0x5f, 0x0, 0x5, 0xf0,
    0x0, 0x5, 0xe3, 0x3, 0xf6, 0x5f, 0x0, 0x5,
    0xf0, 0x0, 0x0, 0x0, 0x4, 0xf5, 0x5f, 0x0,
    0x5, 0xf0, 0x0, 0x0, 0x0, 0x5, 0xf4, 0x5f,
    0x88, 0x8b, 0xf0, 0x0, 0x0, 0x0, 0x6, 0xf2,
    0x5f, 0xff, 0xff, 0xf0, 0x0, 0x0, 0x0, 0xa,
    0xf0, 0x5f, 0x0, 0x3, 0x80, 0x0, 0x7, 0xec,
    0xbf, 0x90, 0x1, 0x0, 0x0, 0x0, 0x0, 0x2,
    0xce, 0xfa, 0x10,

    /* U+76AE "皮" */
    0x0, 0x0, 0x0, 0x0, 0x7, 0xf1, 0x0, 0x0,
    0x0, 0x0, 0x0, 0x0, 0x0, 0x0, 0x7f, 0x10,
    0x0, 0x0, 0x0, 0x0, 0x48, 0x88, 0x88, 0x8c,
    0xf9, 0x88, 0x88, 0x86, 0x0, 0x7, 0xff, 0xff,
    0xff, 0xff, 0xff, 0xff, 0xff, 0xb0, 0x0, 0x7f,
    0x10, 0x0, 0x7, 0xf1, 0x0, 0x7, 0xf6, 0x0,
    0x7, 0xf1, 0x0, 0x0, 0x7f, 0x10, 0x0, 0xed,
    0x0, 0x0, 0x7f, 0x10, 0x0, 0x7, 0xf1, 0x0,
    0x1, 0x20, 0x0, 0x7, 0xf1, 0x67, 0x77, 0xbf,
    0x77, 0x77, 0x74, 0x0, 0x0, 0x7f, 0x1e, 0xff,
    0xff, 0xff, 0xff, 0xff, 0x60, 0x0, 0x7, 0xf1,
    0xb, 0xe1, 0x0, 0x0, 0x8, 0xf1, 0x0, 0x0,
    0x8f, 0x0, 0x4f, 0x80, 0x0, 0x1, 0xf9, 0x0,
    0x0, 0xa, 0xf0, 0x0, 0xaf, 0x50, 0x0, 0xce,
    0x10, 0x0, 0x0, 0xdd, 0x0, 0x0, 0xdf, 0x50,
    0xbf, 0x40, 0x0, 0x0, 0x1f, 0xa0, 0x0, 0x1,
    0xdf, 0xef, 0x40, 0x0, 0x0, 0x6, 0xf6, 0x0,
    0x0, 0x3b, 0xff, 0xf8, 0x10, 0x0, 0x0, 0xcf,
    0x10, 0x27, 0xcf, 0xf8, 0x5d, 0xff, 0xb5, 0x0,
    0x2f, 0xa1, 0xdf, 0xfe, 0x71, 0x0, 0x5, 0xcf,
    0xff, 0x80, 0x53, 0x7, 0x83, 0x0, 0x0, 0x0,
    0x0, 0x27, 0xc3,

    /* U+76D8 "盘" */
    0x0, 0x0, 0x0, 0x0, 0x0, 0x0, 0x0, 0x0,
    0x0, 0x0, 0x0, 0x0, 0xb, 0xb0, 0x0, 0x0,
    0x0, 0x0, 0x0, 0x5, 0x77, 0x7f, 0xd7, 0x77,
    0x77, 0x71, 0x0, 0x0, 0xb, 0xff, 0xff, 0xff,
    0xff, 0xff, 0xf4, 0x0, 0x0, 0xc, 0xd0, 0x2,
    0x91, 0x0, 0x5, 0xf4, 0x0, 0x0, 0xd, 0xc0,
    0x2, 0xed, 0x0, 0x5, 0xf4, 0x0, 0x13, 0x3e,
    0xc3, 0x33, 0x56, 0x33, 0x37, 0xf6, 0x31, 0x5f,
    0xff, 0xff, 0xff, 0xff, 0xff, 0xff, 0xff, 0xf5,
    0x1, 0x6f, 0x41, 0x13, 0x31, 0x11, 0x16, 0xf5,
    0x10, 0x0, 0xce, 0x0, 0xb, 0xe4, 0x0, 0x5,
    0xf3, 0x0, 0x6, 0xf7, 0x0, 0x1, 0xc9, 0x3,
    0x9c, 0xf2, 0x0, 0x3, 0xb0, 0x0, 0x0, 0x0,
    0x1, 0xee, 0x80, 0x0, 0x0, 0x77, 0x77, 0x77,
    0x77, 0x77, 0x77, 0x77, 0x0, 0x1, 0xff, 0xff,
    0xff, 0xff, 0xff, 0xff, 0xff, 0x10, 0x1, 0xf7,
    0x0, 0xda, 0x0, 0xad, 0x0, 0x7f, 0x10, 0x1,
    0xf7, 0x0, 0xda, 0x0, 0xad, 0x0, 0x7f, 0x10,
    0x1, 0xf7, 0x0, 0xda, 0x0, 0xad, 0x0, 0x7f,
    0x10, 0x78, 0xfb, 0x77, 0xed, 0x77, 0xde, 0x77,
    0xbf, 0x87, 0xff, 0xff, 0xff, 0xff, 0xff, 0xff,
    0xff, 0xff, 0xff,

    /* U+76EE "目" */
    0xaf, 0xff, 0xff, 0xff, 0xff, 0xff, 0xf9, 0xaf,
    0x77, 0x77, 0x77, 0x77, 0x77, 0xf9, 0xae, 0x0,
    0x0, 0x0, 0x0, 0x0, 0xf9, 0xae, 0x0, 0x0,
    0x0, 0x0, 0x0, 0xf9, 0xae, 0x0, 0x0, 0x0,
    0x0, 0x0, 0xf9, 0xaf, 0x77, 0x77, 0x77, 0x77,
    0x77, 0xf9, 0xaf, 0xff, 0xff, 0xff, 0xff, 0xff,
    0xf9, 0xae, 0x0, 0x0, 0x0, 0x0, 0x0, 0xf9,
    0xae, 0x0, 0x0, 0x0, 0x0, 0x0, 0xf9, 0xae,
    0x0, 0x0, 0x0, 0x0, 0x0, 0xf9, 0xaf, 0xff,
    0xff, 0xff, 0xff, 0xff, 0xf9, 0xaf, 0x77, 0x77,
    0x77, 0x77, 0x77, 0xf9, 0xae, 0x0, 0x0, 0x0,
    0x0, 0x0, 0xf9, 0xae, 0x0, 0x0, 0x0, 0x0,
    0x0, 0xf9, 0xaf, 0x66, 0x66, 0x66, 0x66, 0x66,
    0xf9, 0xaf, 0xff, 0xff, 0xff, 0xff, 0xff, 0xf9,
    0xae, 0x11, 0x11, 0x11, 0x11, 0x11, 0xf9, 0xae,
    0x0, 0x0, 0x0, 0x0, 0x0, 0xf9,

    /* U+76EF "盯" */
    0x0, 0x0, 0x0, 0x1, 0xff, 0xff, 0xff, 0xff,
    0xfe, 0x7f, 0xff, 0xff, 0xf3, 0x77, 0x77, 0x7f,
    0xd7, 0x77, 0x8f, 0x77, 0x79, 0xf3, 0x0, 0x0,
    0xe, 0xa0, 0x0, 0x8f, 0x0, 0x4, 0xf3, 0x0,
    0x0, 0xe, 0xa0, 0x0, 0x8f, 0x0, 0x4, 0xf3,
    0x0, 0x0, 0xe, 0xa0, 0x0, 0x8f, 0x77, 0x79,
    0xf3, 0x0, 0x0, 0xe, 0xa0, 0x0, 0x8f, 0xff,
    0xff, 0xf3, 0x0, 0x0, 0xe, 0xa0, 0x0, 0x8f,
    0x0, 0x4, 0xf3, 0x0, 0x0, 0xe, 0xa0, 0x0,
    0x8f, 0x0, 0x4, 0xf3, 0x0, 0x0, 0xe, 0xa0,
    0x0, 0x8f, 0x44, 0x47, 0xf3, 0x0, 0x0, 0xe,
    0xa0, 0x0, 0x8f, 0xff, 0xff, 0xf3, 0x0, 0x0,
    0xe, 0xa0, 0x0, 0x8f, 0x22, 0x26, 0xf3, 0x0,
    0x0, 0xe, 0xa0, 0x0, 0x8f, 0x0, 0x4, 0xf3,
    0x0, 0x0, 0xe, 0xa0, 0x0, 0x8f, 0x0, 0x4,
    0xf3, 0x0, 0x0, 0xe, 0xa0, 0x0, 0x8f, 0xff,
    0xff, 0xf3, 0x0, 0x0, 0xe, 0xa0, 0x0, 0x8f,
    0x77, 0x79, 0xf3, 0x0, 0x0, 0xf, 0xa0, 0x0,
    0x7e, 0x0, 0x1, 0x71, 0x0, 0x7a, 0xaf, 0x80,
    0x0, 0x0, 0x0, 0x0, 0x0, 0x0, 0x6e, 0xfc,
    0x10, 0x0,

    /* U+76F4 "直" */
    0x0, 0x0, 0x0, 0x0, 0x5f, 0x50, 0x0, 0x0,
    0x0, 0x7, 0x77, 0x77, 0x77, 0xbf, 0x87, 0x77,
    0x77, 0x73, 0x1f, 0xff, 0xff, 0xff, 0xff, 0xff,
    0xff, 0xff, 0xf8, 0x0, 0x0, 0x0, 0x0, 0xec,
    0x0, 0x0, 0x0, 0x0, 0x0, 0x0, 0x11, 0x12,
    0xfa, 0x11, 0x11, 0x10, 0x0, 0x0, 0xa, 0xff,
    0xff, 0xff, 0xff, 0xff, 0xf0, 0x0, 0x0, 0xa,
    0xf6, 0x66, 0x66, 0x66, 0x6b, 0xf0, 0x0, 0x0,
    0xa, 0xf3, 0x33, 0x33, 0x33, 0x3a, 0xf0, 0x0,
    0x0, 0xa, 0xff, 0xff, 0xff, 0xff, 0xff, 0xf0,
    0x0, 0x0, 0xa, 0xe0, 0x0, 0x0, 0x0, 0x9,
    0xf0, 0x0, 0x0, 0xa, 0xf6, 0x66, 0x66, 0x66,
    0x6b, 0xf0, 0x0, 0x0, 0xa, 0xfd, 0xdd, 0xdd,
    0xdd, 0xde, 0xf0, 0x0, 0x0, 0xa, 0xe0, 0x0,
    0x0, 0x0, 0x9, 0xf0, 0x0, 0x0, 0xa, 0xff,
    0xff, 0xff, 0xff, 0xff, 0xf0, 0x0, 0x0, 0xa,
    0xf4, 0x44, 0x44, 0x44, 0x4a, 0xf0, 0x0, 0x0,
    0xa, 0xe0, 0x0, 0x0, 0x0, 0x9, 0xf0, 0x0,
    0x27, 0x7d, 0xf7, 0x77, 0x77, 0x77, 0x7c, 0xf7,
    0x76, 0x6f, 0xff, 0xff, 0xff, 0xff, 0xff, 0xff,
    0xff, 0xfe,

    /* U+76F8 "相" */
    0x0, 0x0, 0xf8, 0x0, 0xf, 0xff, 0xff, 0xff,
    0xff, 0x0, 0x0, 0xf, 0x80, 0x0, 0xfa, 0x66,
    0x66, 0x6a, 0xf0, 0x0, 0x0, 0xf8, 0x0, 0xf,
    0x70, 0x0, 0x0, 0x7f, 0x0, 0xef, 0xff, 0xff,
    0xf4, 0xf7, 0x0, 0x0, 0x7, 0xf0, 0xd, 0xff,
    0xff, 0xff, 0x4f, 0x70, 0x0, 0x0, 0x7f, 0x0,
    0x0, 0x5f, 0x80, 0x0, 0xfb, 0x77, 0x77, 0x7b,
    0xf0, 0x0, 0x9, 0xfe, 0x20, 0xf, 0xff, 0xff,
    0xff, 0xff, 0x0, 0x0, 0xef, 0xfd, 0x10, 0xf7,
    0x0, 0x0, 0x7, 0xf0, 0x0, 0x5f, 0xfa, 0xfb,
    0xf, 0x70, 0x0, 0x0, 0x7f, 0x0, 0xc, 0xcf,
    0x86, 0xf5, 0xf7, 0x0, 0x0, 0x7, 0xf0, 0x5,
    0xf5, 0xf8, 0x7, 0xf, 0xff, 0xff, 0xff, 0xff,
    0x1, 0xec, 0xf, 0x80, 0x0, 0xfa, 0x66, 0x66,
    0x6a, 0xf0, 0x7f, 0x20, 0xf8, 0x0, 0xf, 0x70,
    0x0, 0x0, 0x7f, 0x0, 0x40, 0xf, 0x80, 0x0,
    0xf7, 0x0, 0x0, 0x7, 0xf0, 0x0, 0x0, 0xf8,
    0x0, 0xf, 0xa5, 0x55, 0x55, 0xaf, 0x0, 0x0,
    0xf, 0x80, 0x0, 0xff, 0xff, 0xff, 0xff, 0xf0,
    0x0, 0x0, 0xf8, 0x0, 0xf, 0x71, 0x11, 0x11,
    0x7f, 0x0, 0x0, 0xf, 0x80, 0x0, 0xf7, 0x0,
    0x0, 0x7, 0xf0,

    /* U+770B "看" */
    0x0, 0x0, 0x0, 0x0, 0x0, 0x1, 0x12, 0x33,
    0x40, 0x0, 0x3, 0xbc, 0xdd, 0xef, 0xff, 0xff,
    0xff, 0xff, 0x70, 0x0, 0x9, 0x98, 0x77, 0xef,
    0x44, 0x32, 0x10, 0x0, 0x0, 0x0, 0x22, 0x22,
    0x3f, 0xb2, 0x22, 0x22, 0x22, 0x0, 0x0, 0xf,
    0xff, 0xff, 0xff, 0xff, 0xff, 0xff, 0xf0, 0x0,
    0x0, 0x55, 0x57, 0xfc, 0x55, 0x55, 0x55, 0x55,
    0x0, 0x7, 0x88, 0x88, 0xcf, 0xb8, 0x88, 0x88,
    0x88, 0x88, 0x30, 0xdf, 0xff, 0xff, 0xff, 0xff,
    0xff, 0xff, 0xff, 0xf5, 0x0, 0x0, 0x7f, 0xd2,
    0x22, 0x22, 0x22, 0x22, 0x20, 0x0, 0x0, 0x8f,
    0xff, 0xff, 0xff, 0xff, 0xff, 0xff, 0x20, 0x2,
    0xcf, 0xcf, 0xa5, 0x55, 0x55, 0x55, 0x5a, 0xf2,
    0x3, 0xff, 0x91, 0xfb, 0x77, 0x77, 0x77, 0x77,
    0xbf, 0x20, 0xc, 0x40, 0x1f, 0xff, 0xff, 0xff,
    0xff, 0xff, 0xf2, 0x0, 0x0, 0x1, 0xf8, 0x0,
    0x0, 0x0, 0x0, 0x7f, 0x20, 0x0, 0x0, 0x1f,
    0xff, 0xff, 0xff, 0xff, 0xff, 0xf2, 0x0, 0x0,
    0x1, 0xfb, 0x77, 0x77, 0x77, 0x77, 0xbf, 0x20,
    0x0, 0x0, 0x1f, 0xa5, 0x55, 0x55, 0x55, 0x59,
    0xf2, 0x0, 0x0, 0x1, 0xff, 0xff, 0xff, 0xff,
    0xff, 0xff, 0x20, 0x0, 0x0, 0x1f, 0x92, 0x22,
    0x22, 0x22, 0x28, 0xf2, 0x0,

    /* U+771F "真" */
    0x0, 0x0, 0x0, 0x0, 0x9f, 0x0, 0x0, 0x0,
    0x0, 0x3f, 0xff, 0xff, 0xff, 0xff, 0xff, 0xff,
    0xff, 0xc0, 0x17, 0x77, 0x77, 0x77, 0xfc, 0x77,
    0x77, 0x77, 0x50, 0x0, 0x5, 0x66, 0x66, 0xfb,
    0x66, 0x66, 0x60, 0x0, 0x0, 0xf, 0xff, 0xff,
    0xff, 0xff, 0xff, 0xf0, 0x0, 0x0, 0xf, 0x80,
    0x0, 0x0, 0x0, 0x7, 0xf0, 0x0, 0x0, 0xf,
    0xfe, 0xee, 0xee, 0xee, 0xef, 0xf0, 0x0, 0x0,
    0xf, 0xa4, 0x44, 0x44, 0x44, 0x49, 0xf0, 0x0,
    0x0, 0xf, 0xa3, 0x33, 0x33, 0x33, 0x39, 0xf0,
    0x0, 0x0, 0xf, 0xff, 0xff, 0xff, 0xff, 0xff,
    0xf0, 0x0, 0x0, 0xf, 0x80, 0x0, 0x0, 0x0,
    0x8, 0xf0, 0x0, 0x0, 0xf, 0xff, 0xff, 0xff,
    0xff, 0xff, 0xf0, 0x0, 0x0, 0xf, 0x80, 0x0,
    0x0, 0x0, 0x8, 0xf0, 0x0, 0xef, 0xff, 0xff,
    0xff, 0xff, 0xff, 0xff, 0xff, 0xfb, 0x67, 0x77,
    0x79, 0x77, 0x77, 0x79, 0x77, 0x77, 0x75, 0x0,
    0x4, 0xbf, 0xc0, 0x0, 0x6f, 0xeb, 0x61, 0x0,
    0x1b, 0xff, 0xf8, 0x20, 0x0, 0x15, 0x9d, 0xff,
    0xa0, 0x8, 0x84, 0x0, 0x0, 0x0, 0x0, 0x0,
    0x39, 0x40,

    /* U+7740 "着" */
    0x0, 0x0, 0x0, 0x51, 0x0, 0x0, 0x25, 0x0,
    0x0, 0x0, 0x0, 0x0, 0x5f, 0xa0, 0x0, 0xa,
    0xf3, 0x0, 0x0, 0x1, 0x77, 0x77, 0xef, 0x87,
    0x77, 0xfd, 0x77, 0x76, 0x0, 0x4f, 0xff, 0xff,
    0xff, 0xff, 0xff, 0xff, 0xff, 0xe0, 0x0, 0x0,
    0x0, 0x0, 0xdc, 0x0, 0x0, 0x0, 0x0, 0x0,
    0x4, 0xff, 0xff, 0xff, 0xff, 0xff, 0xff, 0xfc,
    0x0, 0x0, 0x26, 0x66, 0x6d, 0xf6, 0x66, 0x66,
    0x66, 0x50, 0x0, 0x45, 0x55, 0x56, 0xfc, 0x55,
    0x55, 0x55, 0x55, 0x52, 0xd, 0xff, 0xff, 0xff,
    0xff, 0xff, 0xff, 0xff, 0xff, 0x60, 0x12, 0x22,
    0xaf, 0x72, 0x22, 0x22, 0x22, 0x22, 0x20, 0x0,
    0x0, 0x9f, 0xff, 0xff, 0xff, 0xff, 0xff, 0x80,
    0x0, 0x1, 0xbf, 0xfc, 0x77, 0x77, 0x77, 0x77,
    0xf9, 0x0, 0x6, 0xef, 0x7e, 0xb5, 0x55, 0x55,
    0x55, 0x5e, 0x90, 0x0, 0xab, 0x20, 0xef, 0xff,
    0xff, 0xff, 0xff, 0xf9, 0x0, 0x0, 0x0, 0xe,
    0xa3, 0x33, 0x33, 0x33, 0x3e, 0x90, 0x0, 0x0,
    0x0, 0xef, 0xff, 0xff, 0xff, 0xff, 0xf9, 0x0,
    0x0, 0x0, 0xe, 0x90, 0x0, 0x0, 0x0, 0xe,
    0x90, 0x0, 0x0, 0x0, 0xeb, 0x55, 0x55, 0x55,
    0x55, 0xe9, 0x0, 0x0, 0x0, 0xe, 0xff, 0xff,
    0xff, 0xff, 0xff, 0x90, 0x0,

    /* U+77AC "瞬" */
    0x0, 0x0, 0x0, 0x0, 0x11, 0x23, 0x46, 0x8a,
    0xa0, 0x0, 0x0, 0x0, 0x4f, 0xff, 0xff, 0xff,
    0xff, 0xf3, 0x8f, 0xff, 0xf6, 0x6, 0x55, 0x44,
    0x33, 0x29, 0x80, 0x9f, 0x77, 0xf7, 0x5, 0x60,
    0x4c, 0x10, 0x1f, 0xa0, 0x9e, 0x0, 0xf7, 0x6,
    0xf1, 0x1f, 0x70, 0x7f, 0x30, 0x9e, 0x0, 0xf7,
    0x0, 0x71, 0x6, 0x30, 0xec, 0x0, 0x9f, 0x77,
    0xf7, 0xbf, 0xff, 0xff, 0xff, 0xff, 0xfa, 0x9f,
    0xff, 0xf7, 0xbb, 0x64, 0x44, 0x44, 0x44, 0xda,
    0x9e, 0x0, 0xf7, 0x45, 0xf6, 0x0, 0x0, 0x6e,
    0x44, 0x9e, 0x0, 0xf7, 0x6, 0xfc, 0xb7, 0x78,
    0xbf, 0x82, 0x9f, 0x55, 0xf7, 0xd, 0xc8, 0xe7,
    0xcd, 0xef, 0xd4, 0x9f, 0xff, 0xf7, 0x6f, 0x40,
    0xf5, 0x24, 0x6e, 0x0, 0x9e, 0x11, 0xf8, 0xef,
    0xa4, 0xf1, 0xba, 0x6e, 0x0, 0x9e, 0x0, 0xf7,
    0x84, 0xeb, 0xd2, 0xf3, 0x6e, 0x0, 0x9e, 0x0,
    0xf7, 0x0, 0x2f, 0x78, 0xfb, 0xdf, 0xb7, 0x9f,
    0xff, 0xf7, 0x0, 0xbe, 0x3, 0x99, 0xcf, 0x96,
    0x9f, 0x77, 0xf7, 0xa, 0xf5, 0x0, 0x0, 0x6e,
    0x0, 0x8d, 0x0, 0x1, 0xdf, 0x70, 0x0, 0x0,
    0x6e, 0x0, 0x0, 0x0, 0x0, 0x96, 0x0, 0x0,
    0x0, 0x6e, 0x0,

    /* U+77E5 "知" */
    0x0, 0x0, 0x0, 0x0, 0x0, 0x0, 0x0, 0x0,
    0x0, 0x0, 0xd, 0x90, 0x0, 0x0, 0x0, 0x0,
    0x0, 0x0, 0x0, 0x4f, 0x60, 0x0, 0x0, 0x67,
    0x77, 0x77, 0x72, 0x0, 0xbf, 0x98, 0x88, 0x40,
    0xef, 0xff, 0xff, 0xf5, 0x5, 0xff, 0xff, 0xff,
    0x80, 0xe9, 0x0, 0x2, 0xf5, 0x1e, 0xd0, 0x6f,
    0x10, 0x0, 0xe9, 0x0, 0x2, 0xf5, 0xbf, 0x30,
    0x8f, 0x0, 0x0, 0xe9, 0x0, 0x2, 0xf5, 0x24,
    0x0, 0x9e, 0x0, 0x0, 0xe9, 0x0, 0x2, 0xf5,
    0x34, 0x44, 0xce, 0x44, 0x40, 0xe9, 0x0, 0x2,
    0xf5, 0xaf, 0xff, 0xff, 0xff, 0xe0, 0xe9, 0x0,
    0x2, 0xf5, 0x23, 0x33, 0xfa, 0x33, 0x20, 0xe9,
    0x0, 0x2, 0xf5, 0x0, 0x3, 0xf7, 0x0, 0x0,
    0xe9, 0x0, 0x2, 0xf5, 0x0, 0x7, 0xff, 0x40,
    0x0, 0xe9, 0x0, 0x2, 0xf5, 0x0, 0xd, 0xec,
    0xf5, 0x0, 0xe9, 0x0, 0x2, 0xf5, 0x0, 0x5f,
    0x81, 0xdf, 0x60, 0xe9, 0x0, 0x2, 0xf5, 0x1,
    0xee, 0x10, 0x1d, 0xc0, 0xef, 0xff, 0xff, 0xf5,
    0x1c, 0xf5, 0x0, 0x2, 0x20, 0xeb, 0x66, 0x67,
    0xf5, 0xbf, 0x70, 0x0, 0x0, 0x0, 0xb7, 0x0,
    0x1, 0xb4, 0x15, 0x0, 0x0, 0x0, 0x0, 0x0,
    0x0, 0x0, 0x0,

    /* U+786E "确" */
    0x0, 0x0, 0x0, 0x0, 0x0, 0x3, 0x0, 0x0,
    0x0, 0x0, 0x11, 0x11, 0x11, 0x10, 0x5, 0xf6,
    0x0, 0x0, 0x0, 0xe, 0xff, 0xff, 0xff, 0x40,
    0xdf, 0xff, 0xff, 0x50, 0x0, 0x56, 0xbf, 0x66,
    0x61, 0x6f, 0xa7, 0x7c, 0xf4, 0x0, 0x0, 0xc,
    0xb0, 0x0, 0x2f, 0xd0, 0x1, 0xfc, 0x0, 0x0,
    0x0, 0xf6, 0x0, 0xc, 0xfb, 0x77, 0xbf, 0xa7,
    0x72, 0x0, 0x5f, 0x10, 0x7, 0xff, 0xff, 0xff,
    0xff, 0xff, 0x50, 0xb, 0xd0, 0x0, 0x6, 0xf6,
    0x4, 0xf3, 0x2, 0xf5, 0x2, 0xfe, 0xbb, 0xb5,
    0x1f, 0x60, 0x5f, 0x30, 0x2f, 0x50, 0x9f, 0xfb,
    0xaf, 0x71, 0xff, 0xff, 0xff, 0xff, 0xf5, 0x2f,
    0xcf, 0x30, 0xf7, 0x1f, 0x95, 0x8f, 0x75, 0x7f,
    0x51, 0xd4, 0xf3, 0xf, 0x71, 0xf6, 0x4, 0xf3,
    0x2, 0xf5, 0x0, 0x3f, 0x30, 0xf7, 0x2f, 0x96,
    0x8f, 0x86, 0x7f, 0x50, 0x3, 0xf3, 0xf, 0x74,
    0xff, 0xff, 0xff, 0xff, 0xf5, 0x0, 0x3f, 0x30,
    0xf7, 0x7f, 0x20, 0x4f, 0x30, 0x2f, 0x50, 0x3,
    0xff, 0xff, 0x7a, 0xe0, 0x4, 0xf3, 0x2, 0xf5,
    0x0, 0x3f, 0x86, 0xf8, 0xfa, 0x0, 0x4f, 0x30,
    0x2f, 0x50, 0x3, 0xf3, 0x2, 0x6f, 0x50, 0x4,
    0xf3, 0xcd, 0xf4, 0x0, 0x2e, 0x20, 0x6, 0xd0,
    0x0, 0x4f, 0x3a, 0xfd, 0x10, 0x0, 0x0, 0x0,
    0x0, 0x0, 0x0, 0x0, 0x0, 0x0,

    /* U+78C1 "磁" */
    0x0, 0x0, 0x0, 0x0, 0x0, 0x10, 0x0, 0x0,
    0x10, 0x0, 0x0, 0x0, 0x0, 0x0, 0x9f, 0x10,
    0x0, 0x2f, 0x80, 0xe, 0xee, 0xee, 0xe5, 0x2,
    0xf8, 0x0, 0x9, 0xf3, 0x0, 0x89, 0xfc, 0x99,
    0x32, 0x2c, 0xe2, 0x22, 0xfc, 0x21, 0x0, 0x2f,
    0x50, 0x1, 0xff, 0xff, 0xff, 0xff, 0xff, 0xf0,
    0x6, 0xf1, 0x0, 0x4, 0x56, 0x44, 0x44, 0x65,
    0x44, 0x0, 0xbc, 0x0, 0x0, 0x6, 0xf1, 0x0,
    0xb, 0xd0, 0x0, 0xf, 0x80, 0x0, 0x0, 0xbd,
    0x0, 0x0, 0xf8, 0x0, 0x6, 0xff, 0xff, 0xa0,
    0x1f, 0x76, 0xd0, 0x6f, 0x2b, 0x90, 0xcf, 0xe7,
    0xdb, 0x8, 0xe1, 0xbb, 0xd, 0xb1, 0xf7, 0x4f,
    0xed, 0xb, 0xb1, 0xf7, 0x1f, 0x65, 0xf2, 0x6f,
    0x11, 0xb9, 0xd0, 0xbb, 0x8f, 0xbd, 0xf0, 0xde,
    0xce, 0xb0, 0x0, 0x9d, 0xb, 0xb5, 0xb8, 0xf9,
    0x9, 0xa9, 0xf5, 0x0, 0x9, 0xd0, 0xbb, 0x0,
    0x5f, 0x20, 0x0, 0x9e, 0x0, 0x0, 0x9d, 0xb,
    0xb0, 0xd, 0xa3, 0x30, 0x1f, 0x75, 0x10, 0x9,
    0xff, 0xfb, 0x5, 0xf2, 0xbb, 0x9, 0xe1, 0xf6,
    0x0, 0x9e, 0x6c, 0xa0, 0xec, 0xaf, 0xe3, 0xfb,
    0xbf, 0x90, 0x8, 0xc0, 0x0, 0x3f, 0xe9, 0x7f,
    0x8f, 0xd8, 0xad, 0x0, 0x0, 0x0, 0x0, 0x20,
    0x2, 0x72, 0x10, 0x4, 0x60,

    /* U+793A "示" */
    0x0, 0x1, 0x11, 0x11, 0x11, 0x11, 0x11, 0x11,
    0x10, 0x0, 0x5, 0xff, 0xff, 0xff, 0xff, 0xff,
    0xff, 0xfe, 0x0, 0x0, 0x26, 0x66, 0x66, 0x66,
    0x66, 0x66, 0x66, 0x50, 0x0, 0x0, 0x0, 0x0,
    0x0, 0x0, 0x0, 0x0, 0x0, 0x0, 0x0, 0x0,
    0x0, 0x0, 0x0, 0x0, 0x0, 0x0, 0x0, 0x0,
    0x1, 0x11, 0x11, 0x11, 0x11, 0x11, 0x11, 0x11,
    0x10, 0xb, 0xff, 0xff, 0xff, 0xff, 0xff, 0xff,
    0xff, 0xff, 0x40, 0x46, 0x66, 0x66, 0x66, 0xfc,
    0x66, 0x66, 0x66, 0x61, 0x0, 0x0, 0x0, 0x0,
    0xe, 0xa0, 0x0, 0x0, 0x0, 0x0, 0x0, 0x0,
    0x40, 0x0, 0xea, 0x0, 0x31, 0x0, 0x0, 0x0,
    0x0, 0x4f, 0x60, 0xe, 0xa0, 0x1f, 0xd0, 0x0,
    0x0, 0x0, 0xd, 0xf1, 0x0, 0xea, 0x0, 0x6f,
    0xb0, 0x0, 0x0, 0x8, 0xf7, 0x0, 0xe, 0xa0,
    0x0, 0x9f, 0x90, 0x0, 0x4, 0xfd, 0x0, 0x0,
    0xea, 0x0, 0x0, 0xbf, 0x50, 0x1, 0xef, 0x30,
    0x0, 0xe, 0xa0, 0x0, 0x1, 0xff, 0x10, 0xdf,
    0x70, 0x0, 0x0, 0xea, 0x0, 0x0, 0x6, 0xf8,
    0x8, 0x90, 0x0, 0x98, 0x9f, 0x90, 0x0, 0x0,
    0x7, 0x0, 0x0, 0x0, 0xc, 0xff, 0xd3, 0x0,
    0x0, 0x0, 0x0,

    /* U+79BB "离" */
    0x0, 0x0, 0x0, 0x0, 0x10, 0x0, 0x0, 0x0,
    0x0, 0x0, 0x0, 0x0, 0xd, 0xf2, 0x0, 0x0,
    0x0, 0x0, 0x57, 0x77, 0x77, 0x7a, 0xfc, 0x77,
    0x77, 0x77, 0x72, 0xcf, 0xff, 0xff, 0xff, 0xff,
    0xff, 0xff, 0xff, 0xf4, 0x1, 0x40, 0x1b, 0x83,
    0x0, 0x3b, 0xa0, 0x23, 0x0, 0x6, 0xf1, 0x17,
    0xcf, 0xec, 0xfc, 0x30, 0x8e, 0x0, 0x6, 0xf1,
    0x4, 0x9f, 0xff, 0xfb, 0x40, 0x8e, 0x0, 0x6,
    0xf1, 0xbf, 0xd8, 0x20, 0x5c, 0xf5, 0x8e, 0x0,
    0x6, 0xf7, 0x8a, 0x77, 0x77, 0x77, 0x97, 0xbe,
    0x0, 0x6, 0xff, 0xff, 0xff, 0xff, 0xff, 0xff,
    0xfd, 0x0, 0x0, 0x0, 0x0, 0x7, 0xa1, 0x0,
    0x0, 0x0, 0x0, 0x6f, 0xff, 0xff, 0xff, 0xff,
    0xff, 0xff, 0xff, 0xf0, 0x6f, 0x87, 0x77, 0xdf,
    0x77, 0x78, 0x77, 0x7c, 0xf0, 0x6f, 0x20, 0x5,
    0xf9, 0x0, 0x9f, 0x30, 0x9, 0xf0, 0x6f, 0x20,
    0x4f, 0xc2, 0x35, 0x7f, 0xe1, 0x9, 0xf0, 0x6f,
    0x20, 0xdf, 0xff, 0xff, 0xeb, 0xfa, 0x9, 0xf0,
    0x6f, 0x20, 0x58, 0x65, 0x31, 0x0, 0x54, 0x9,
    0xf0, 0x6f, 0x20, 0x0, 0x0, 0x0, 0x2, 0x98,
    0x8e, 0xe0, 0x6f, 0x20, 0x0, 0x0, 0x0, 0x0,
    0xdf, 0xfd, 0x40, 0x1, 0x0, 0x0, 0x0, 0x0,
    0x0, 0x0, 0x0, 0x0,

    /* U+79CD "种" */
    0x0, 0x0, 0x0, 0x0, 0x0, 0x0, 0x0, 0x0,
    0x0, 0x0, 0x0, 0x1, 0x6b, 0xc0, 0x0, 0x1,
    0xf7, 0x0, 0x0, 0x5, 0x9c, 0xff, 0xc7, 0x0,
    0x0, 0x1f, 0x70, 0x0, 0x0, 0x9e, 0xbf, 0x90,
    0x0, 0x0, 0x1, 0xf7, 0x0, 0x0, 0x0, 0x0,
    0xf8, 0x0, 0x28, 0x88, 0x9f, 0xc8, 0x88, 0x50,
    0x0, 0xf, 0x80, 0x4, 0xfe, 0xee, 0xff, 0xee,
    0xf9, 0xf, 0xff, 0xff, 0xff, 0x9f, 0x50, 0x1f,
    0x70, 0xf, 0x90, 0x77, 0x9f, 0xc7, 0x76, 0xf5,
    0x1, 0xf7, 0x0, 0xf9, 0x0, 0x8, 0xfe, 0x20,
    0x4f, 0x50, 0x1f, 0x70, 0xf, 0x90, 0x0, 0xef,
    0xfd, 0x14, 0xf5, 0x1, 0xf7, 0x0, 0xf9, 0x0,
    0x5f, 0xfa, 0xfb, 0x4f, 0x85, 0x6f, 0xa5, 0x5f,
    0x90, 0xd, 0xdf, 0x86, 0xe5, 0xff, 0xff, 0xff,
    0xff, 0xf9, 0x7, 0xf5, 0xf8, 0x3, 0x4f, 0x61,
    0x2f, 0x81, 0x1f, 0x92, 0xfd, 0xf, 0x80, 0x1,
    0x72, 0x1, 0xf7, 0x0, 0x74, 0x1e, 0x30, 0xf8,
    0x0, 0x0, 0x0, 0x1f, 0x70, 0x0, 0x0, 0x10,
    0xf, 0x80, 0x0, 0x0, 0x1, 0xf7, 0x0, 0x0,
    0x0, 0x0, 0xf8, 0x0, 0x0, 0x0, 0x1f, 0x70,
    0x0, 0x0, 0x0, 0xf, 0x80, 0x0, 0x0, 0x1,
    0xf7, 0x0, 0x0, 0x0, 0x0, 0xf8, 0x0, 0x0,
    0x0, 0x1f, 0x70, 0x0, 0x0,

    /* U+79D2 "秒" */
    0x0, 0x0, 0x0, 0x0, 0x0, 0x0, 0x0, 0x0,
    0x0, 0x0, 0x0, 0x1, 0x6b, 0xc0, 0x0, 0x9,
    0xf1, 0x0, 0x0, 0x5, 0x9c, 0xff, 0xc7, 0x0,
    0x0, 0x9f, 0x10, 0x0, 0x0, 0x9e, 0xbf, 0x90,
    0x0, 0x59, 0x19, 0xf1, 0x89, 0x0, 0x0, 0x0,
    0xf8, 0x0, 0x9, 0xf0, 0x9f, 0x19, 0xf2, 0x0,
    0x0, 0xf, 0x80, 0x0, 0xdd, 0x9, 0xf1, 0x1f,
    0xa0, 0xf, 0xff, 0xff, 0xff, 0x7f, 0x90, 0x9f,
    0x10, 0x8f, 0x20, 0x77, 0x9f, 0xc7, 0x79, 0xf4,
    0x9, 0xf1, 0x2, 0xf8, 0x0, 0x8, 0xfe, 0x20,
    0xdf, 0x0, 0x9f, 0x10, 0xc, 0xc0, 0x0, 0xdf,
    0xfd, 0x2f, 0xa0, 0x9, 0xf1, 0x0, 0x20, 0x0,
    0x5f, 0xfb, 0xfa, 0x33, 0x0, 0x9f, 0x10, 0xdc,
    0x0, 0xc, 0xdf, 0x88, 0xf1, 0x0, 0x9, 0xf1,
    0x7f, 0x70, 0x5, 0xf6, 0xf8, 0x5, 0x0, 0x0,
    0x7c, 0x4f, 0xd0, 0x1, 0xed, 0xf, 0x80, 0x0,
    0x0, 0x0, 0x2e, 0xf3, 0x0, 0x2f, 0x40, 0xf8,
    0x0, 0x0, 0x0, 0x3e, 0xf4, 0x0, 0x0, 0x20,
    0xf, 0x80, 0x0, 0x0, 0x7f, 0xf4, 0x0, 0x0,
    0x0, 0x0, 0xf8, 0x0, 0x6, 0xef, 0xc2, 0x0,
    0x0, 0x0, 0x0, 0xf, 0x81, 0xaf, 0xfe, 0x60,
    0x0, 0x0, 0x0, 0x0, 0x0, 0xf8, 0xd, 0xb5,
    0x0, 0x0, 0x0, 0x0, 0x0, 0x0, 0x0, 0x0,
    0x0, 0x0, 0x0, 0x0, 0x0, 0x0,

    /* U+79FB "移" */
    0x0, 0x0, 0x0, 0x1, 0x0, 0x0, 0x0, 0x0,
    0x0, 0x0, 0x0, 0x2, 0x8e, 0xd0, 0x0, 0xd,
    0xe0, 0x0, 0x0, 0x6, 0xbe, 0xff, 0xa5, 0x0,
    0xc, 0xfb, 0x77, 0x77, 0x0, 0x9d, 0x9f, 0x80,
    0x0, 0x2d, 0xff, 0xff, 0xff, 0xf0, 0x0, 0x0,
    0xf8, 0x0, 0x8f, 0xf6, 0x0, 0x1, 0xeb, 0x0,
    0x0, 0xf, 0x80, 0x1d, 0xae, 0xe2, 0x1, 0xce,
    0x20, 0xf, 0xff, 0xff, 0xff, 0x50, 0x2b, 0x14,
    0xef, 0x30, 0x0, 0x77, 0x9f, 0xc7, 0x72, 0x1,
    0x6c, 0xfc, 0x20, 0x0, 0x0, 0x8, 0xff, 0x23,
    0x9c, 0xff, 0xd9, 0x0, 0x0, 0x0, 0x0, 0xef,
    0xfd, 0x4f, 0xc8, 0x36, 0xf7, 0x0, 0x0, 0x0,
    0x5f, 0xfa, 0xec, 0x10, 0x7, 0xff, 0xff, 0xff,
    0x70, 0xd, 0xcf, 0x86, 0xe1, 0xa, 0xfa, 0x77,
    0x79, 0xf7, 0x7, 0xf5, 0xf8, 0x2, 0x5e, 0xff,
    0x20, 0x0, 0xbe, 0x2, 0xfc, 0xf, 0x80, 0x2f,
    0xd6, 0xfe, 0x10, 0x7f, 0x50, 0x1e, 0x30, 0xf8,
    0x0, 0x40, 0x3, 0xa0, 0x8f, 0x80, 0x0, 0x10,
    0xf, 0x80, 0x0, 0x0, 0x4, 0xdf, 0x70, 0x0,
    0x0, 0x0, 0xf8, 0x0, 0x2, 0x7d, 0xfd, 0x40,
    0x0, 0x0, 0x0, 0xf, 0x80, 0xbe, 0xff, 0xd6,
    0x0, 0x0, 0x0, 0x0, 0x0, 0xf8, 0xb, 0xd8,
    0x30, 0x0, 0x0, 0x0, 0x0, 0x0, 0x0, 0x0,
    0x0, 0x0, 0x0, 0x0, 0x0, 0x0,

    /* U+7A0B "程" */
    0x0, 0x0, 0x2, 0x52, 0x0, 0x0, 0x0, 0x0,
    0x0, 0x0, 0x6a, 0xcf, 0xff, 0xa0, 0xef, 0xff,
    0xff, 0xff, 0xe0, 0x9, 0xfd, 0xf9, 0x20, 0xe,
    0xb6, 0x66, 0x66, 0xbe, 0x0, 0x10, 0xf, 0x60,
    0x0, 0xe9, 0x0, 0x0, 0x9, 0xe0, 0x0, 0x0,
    0xf6, 0x0, 0xe, 0x90, 0x0, 0x0, 0x9e, 0x0,
    0x0, 0xf, 0x60, 0x0, 0xe9, 0x0, 0x0, 0x9,
    0xe0, 0xe, 0xff, 0xff, 0xff, 0x4e, 0xff, 0xff,
    0xff, 0xfe, 0x0, 0x67, 0x9f, 0xa7, 0x71, 0x56,
    0x66, 0x66, 0x66, 0x50, 0x0, 0x7, 0xfc, 0x0,
    0x0, 0x0, 0x0, 0x0, 0x0, 0x0, 0x0, 0xcf,
    0xfa, 0x5, 0xff, 0xff, 0xff, 0xff, 0xf7, 0x0,
    0x2f, 0xfb, 0xf6, 0x27, 0x77, 0x7f, 0xb7, 0x77,
    0x30, 0xa, 0xef, 0x6b, 0x20, 0x0, 0x1, 0xf7,
    0x0, 0x0, 0x3, 0xf7, 0xf6, 0x0, 0x1, 0x11,
    0x2f, 0x81, 0x10, 0x0, 0xde, 0x1f, 0x60, 0x0,
    0xff, 0xff, 0xff, 0xff, 0xe0, 0xc, 0x40, 0xf6,
    0x0, 0x5, 0x55, 0x6f, 0xa5, 0x55, 0x0, 0x0,
    0xf, 0x60, 0x0, 0x0, 0x1, 0xf7, 0x0, 0x0,
    0x0, 0x0, 0xf6, 0x0, 0x33, 0x33, 0x4f, 0x93,
    0x33, 0x30, 0x0, 0xf, 0x60, 0xe, 0xff, 0xff,
    0xff, 0xff, 0xfd, 0x0, 0x0, 0xf6, 0x0, 0x22,
    0x22, 0x22, 0x22, 0x22, 0x20,

    /* U+7A0D "稍" */
    0x0, 0x2, 0x58, 0xb5, 0x6, 0x0, 0x4f, 0x30,
    0x56, 0x0, 0xaf, 0xff, 0xfc, 0x61, 0xf9, 0x4,
    0xf3, 0xe, 0xc0, 0x4, 0x85, 0xf6, 0x0, 0x6,
    0xf4, 0x4f, 0x37, 0xf4, 0x0, 0x0, 0xf, 0x60,
    0x0, 0x7, 0x14, 0xf3, 0x26, 0x0, 0x0, 0x0,
    0xf6, 0x0, 0x8, 0x88, 0xaf, 0xa8, 0x88, 0x0,
    0xef, 0xff, 0xff, 0xf4, 0xfe, 0xdd, 0xdd, 0xde,
    0xf0, 0x6, 0x79, 0xfa, 0x77, 0x1f, 0x80, 0x0,
    0x0, 0x7f, 0x0, 0x0, 0x7f, 0xc0, 0x0, 0xf8,
    0x0, 0x0, 0x7, 0xf0, 0x0, 0xc, 0xff, 0xa0,
    0xf, 0xff, 0xff, 0xff, 0xff, 0x0, 0x2, 0xff,
    0xaf, 0x60, 0xfa, 0x44, 0x44, 0x49, 0xf0, 0x0,
    0xad, 0xf6, 0xb1, 0xf, 0x80, 0x0, 0x0, 0x7f,
    0x0, 0x3f, 0x6f, 0x60, 0x0, 0xf9, 0x22, 0x22,
    0x28, 0xf0, 0xd, 0xe1, 0xf6, 0x0, 0xf, 0xff,
    0xff, 0xff, 0xff, 0x0, 0xc5, 0xf, 0x60, 0x0,
    0xf9, 0x33, 0x33, 0x38, 0xf0, 0x0, 0x0, 0xf6,
    0x0, 0xf, 0x80, 0x0, 0x0, 0x7f, 0x0, 0x0,
    0xf, 0x60, 0x0, 0xf8, 0x0, 0x0, 0x7, 0xf0,
    0x0, 0x0, 0xf6, 0x0, 0xf, 0x80, 0x0, 0xa8,
    0xcf, 0x0, 0x0, 0xf, 0x60, 0x0, 0xf8, 0x0,
    0xb, 0xef, 0x70,

    /* U+7A33 "稳" */
    0x0, 0x0, 0x0, 0x0, 0x0, 0x0, 0x0, 0x0,
    0x0, 0x0, 0x0, 0x0, 0x3a, 0x80, 0x0, 0x5c,
    0x20, 0x0, 0x0, 0x0, 0x3, 0x8d, 0xfe, 0x70,
    0x2, 0xee, 0x66, 0x66, 0x20, 0x0, 0x8, 0xfe,
    0xf0, 0x0, 0x3e, 0xfd, 0xdd, 0xef, 0x60, 0x0,
    0x1, 0x7, 0xf0, 0x3, 0xfc, 0x10, 0x0, 0xde,
    0x0, 0x0, 0x0, 0x7, 0xf0, 0x0, 0x57, 0x66,
    0x6a, 0xfb, 0x66, 0x0, 0x9, 0xbd, 0xfb, 0xb0,
    0xe, 0xee, 0xee, 0xee, 0xfe, 0x0, 0x6, 0x8f,
    0xf8, 0x80, 0x0, 0x0, 0x0, 0x0, 0x9e, 0x0,
    0x0, 0x1f, 0xf4, 0x0, 0xc, 0xff, 0xff, 0xff,
    0xfe, 0x0, 0x0, 0x6f, 0xfe, 0x10, 0x3, 0x44,
    0x44, 0x44, 0xbe, 0x0, 0x0, 0xaf, 0xfd, 0xa0,
    0x0, 0x0, 0x0, 0x0, 0x9e, 0x0, 0x0, 0xfc,
    0xf6, 0xb0, 0x2f, 0xff, 0xff, 0xff, 0xfe, 0x0,
    0x7, 0xf8, 0xf0, 0x10, 0x6, 0x66, 0x66, 0x66,
    0x65, 0x0, 0xe, 0xb7, 0xf0, 0x0, 0x0, 0x10,
    0x11, 0x0, 0x0, 0x0, 0x2f, 0x57, 0xf0, 0x4,
    0x80, 0xf7, 0xad, 0x20, 0x68, 0x0, 0x6, 0x7,
    0xf0, 0x9, 0xe0, 0xf7, 0xc, 0xc0, 0x6f, 0x50,
    0x0, 0x7, 0xf0, 0xd, 0xb0, 0xf7, 0x0, 0x27,
    0x6b, 0xe1, 0x0, 0x7, 0xf0, 0x3f, 0x70, 0xfb,
    0x55, 0x6e, 0xa2, 0xb1, 0x0, 0x7, 0xf0, 0x5,
    0x10, 0x9e, 0xff, 0xfd, 0x40, 0x0,

    /* U+7A97 "窗" */
    0x0, 0x0, 0x0, 0x0, 0x12, 0x0, 0x0, 0x0,
    0x0, 0x0, 0x0, 0x0, 0x1, 0xfb, 0x0, 0x0,
    0x0, 0x0, 0x9f, 0xff, 0xff, 0xff, 0xff, 0xff,
    0xff, 0xff, 0xf5, 0x9f, 0x66, 0x68, 0x66, 0x66,
    0x66, 0x66, 0x68, 0xf5, 0x9f, 0x1, 0xaf, 0x80,
    0x0, 0x9, 0xd7, 0x23, 0xf5, 0x4, 0x9f, 0xf7,
    0x1, 0x0, 0x4, 0xaf, 0xfb, 0x60, 0xaf, 0xf9,
    0x10, 0x2f, 0xb0, 0x0, 0x0, 0x7e, 0xf7, 0x27,
    0x32, 0x22, 0xdf, 0x42, 0x22, 0x22, 0x22, 0x60,
    0x8, 0xff, 0xff, 0xff, 0xff, 0xff, 0xff, 0xff,
    0x10, 0x8, 0xf3, 0x33, 0x3a, 0x53, 0x33, 0x33,
    0x9f, 0x10, 0x8, 0xf1, 0x0, 0x9f, 0x84, 0x44,
    0x41, 0x7f, 0x10, 0x8, 0xf1, 0x6, 0xff, 0xff,
    0xff, 0xf3, 0x7f, 0x10, 0x8, 0xf1, 0x8f, 0xf9,
    0x10, 0x2e, 0xc0, 0x7f, 0x10, 0x8, 0xf1, 0x7a,
    0x8e, 0xfb, 0xfd, 0x20, 0x7f, 0x10, 0x8, 0xf1,
    0x3, 0x6b, 0xff, 0xfa, 0x10, 0x7f, 0x10, 0x8,
    0xf1, 0x6f, 0xfd, 0x72, 0x9f, 0x70, 0x7f, 0x10,
    0x8, 0xf6, 0x6a, 0x76, 0x66, 0x68, 0x66, 0xaf,
    0x10, 0x8, 0xff, 0xff, 0xff, 0xff, 0xff, 0xff,
    0xff, 0x10, 0x8, 0xf1, 0x0, 0x0, 0x0, 0x0,
    0x0, 0x7f, 0x10,

    /* U+7ACB "立" */
    0x0, 0x0, 0x0, 0x0, 0x0, 0x0, 0x0, 0x0,
    0x0, 0x0, 0x0, 0x0, 0x8, 0xf2, 0x0, 0x0,
    0x0, 0x0, 0x0, 0x0, 0x0, 0x6, 0xf8, 0x0,
    0x0, 0x0, 0x0, 0x0, 0x0, 0x0, 0x1, 0xfc,
    0x0, 0x0, 0x0, 0x0, 0x18, 0x88, 0x88, 0x88,
    0xef, 0x88, 0x88, 0x88, 0x81, 0x1f, 0xff, 0xff,
    0xff, 0xff, 0xff, 0xff, 0xff, 0xf3, 0x0, 0x0,
    0x10, 0x0, 0x0, 0x0, 0x4, 0x40, 0x0, 0x0,
    0xd, 0xd0, 0x0, 0x0, 0x0, 0xd, 0xf0, 0x0,
    0x0, 0xa, 0xf3, 0x0, 0x0, 0x0, 0x1f, 0xc0,
    0x0, 0x0, 0x3, 0xfa, 0x0, 0x0, 0x0, 0x5f,
    0x80, 0x0, 0x0, 0x0, 0xdf, 0x10, 0x0, 0x0,
    0x9f, 0x30, 0x0, 0x0, 0x0, 0x7f, 0x60, 0x0,
    0x0, 0xee, 0x0, 0x0, 0x0, 0x0, 0x3f, 0xa0,
    0x0, 0x3, 0xfa, 0x0, 0x0, 0x0, 0x0, 0xe,
    0xe0, 0x0, 0x8, 0xf4, 0x0, 0x0, 0x0, 0x0,
    0xb, 0xf3, 0x0, 0xe, 0xe0, 0x0, 0x0, 0x0,
    0x0, 0x5, 0x71, 0x0, 0x5f, 0x80, 0x0, 0x0,
    0x66, 0x66, 0x66, 0x66, 0x66, 0xcf, 0x86, 0x66,
    0x66, 0xff, 0xff, 0xff, 0xff, 0xff, 0xff, 0xff,
    0xff, 0xff, 0x11, 0x11, 0x11, 0x11, 0x11, 0x11,
    0x11, 0x11, 0x11,

    /* U+7AD6 "竖" */
    0x7, 0xf1, 0xf, 0x80, 0xef, 0xff, 0xff, 0xff,
    0x50, 0x7, 0xf1, 0xf, 0x80, 0x77, 0x77, 0x77,
    0xdf, 0x20, 0x7, 0xf1, 0xf, 0x80, 0x3c, 0x20,
    0x3, 0xf9, 0x0, 0x7, 0xf1, 0xf, 0x80, 0x1e,
    0xe5, 0x3e, 0xd0, 0x0, 0x7, 0xf1, 0xf, 0x80,
    0x1, 0xcf, 0xfe, 0x10, 0x0, 0x7, 0xf1, 0xf,
    0x80, 0x27, 0xef, 0xff, 0xd6, 0x20, 0x7, 0xf1,
    0xf, 0x86, 0xff, 0xe5, 0x6, 0xdf, 0xf2, 0x2,
    0x50, 0xf, 0x80, 0xa5, 0x0, 0x0, 0x4, 0x50,
    0x0, 0x0, 0xf, 0x80, 0x9a, 0x0, 0x0, 0x0,
    0x0, 0x0, 0x0, 0x2, 0x10, 0xcf, 0x10, 0x0,
    0x0, 0x0, 0xa, 0xff, 0xff, 0xff, 0xff, 0xff,
    0xff, 0xff, 0xe0, 0x4, 0x66, 0x66, 0x66, 0x66,
    0x66, 0x66, 0x66, 0x50, 0x0, 0x5, 0x80, 0x0,
    0x0, 0x0, 0xb, 0x60, 0x0, 0x0, 0xa, 0xf1,
    0x0, 0x0, 0x0, 0x4f, 0x90, 0x0, 0x0, 0x3,
    0xf8, 0x0, 0x0, 0x0, 0xaf, 0x20, 0x0, 0x0,
    0x0, 0xce, 0x0, 0x0, 0x0, 0xfb, 0x0, 0x0,
    0x57, 0x77, 0xcf, 0x97, 0x77, 0x7a, 0xfb, 0x77,
    0x77, 0xbf, 0xff, 0xff, 0xff, 0xff, 0xff, 0xff,
    0xff, 0xfe,

    /* U+7AEF "端" */
    0x1, 0xc5, 0x0, 0x0, 0x0, 0x5, 0xf0, 0x0,
    0x0, 0x0, 0xd, 0xb0, 0x0, 0xaf, 0x10, 0x5f,
    0x0, 0x1f, 0x70, 0x0, 0x9f, 0x10, 0xa, 0xf1,
    0x5, 0xf0, 0x1, 0xf7, 0xe, 0xff, 0xff, 0xfb,
    0xaf, 0x10, 0x5f, 0x0, 0x1f, 0x70, 0x55, 0x55,
    0x55, 0x4a, 0xff, 0xff, 0xff, 0xff, 0xf7, 0x0,
    0x0, 0x3, 0x70, 0x34, 0x44, 0x44, 0x44, 0x44,
    0x20, 0x3e, 0x0, 0x6f, 0x12, 0x22, 0x22, 0x22,
    0x22, 0x22, 0x2, 0xf0, 0x9, 0xe3, 0xff, 0xff,
    0xff, 0xff, 0xff, 0xf1, 0x1f, 0x20, 0xbb, 0x3,
    0x33, 0x3b, 0xc3, 0x33, 0x33, 0x0, 0xf4, 0xd,
    0x80, 0x14, 0x44, 0xea, 0x44, 0x44, 0x20, 0xe,
    0x60, 0xf5, 0x7, 0xff, 0xff, 0xff, 0xff, 0xfa,
    0x0, 0xc8, 0x4f, 0x10, 0x7f, 0x28, 0xe1, 0xe8,
    0x1d, 0xa0, 0xb, 0xa7, 0xd0, 0x7, 0xf1, 0x7e,
    0xe, 0x70, 0xda, 0x0, 0x54, 0xb9, 0x43, 0x7f,
    0x17, 0xe0, 0xe7, 0xd, 0xa0, 0x0, 0x3e, 0xff,
    0x77, 0xf1, 0x7e, 0xe, 0x70, 0xda, 0x9, 0xff,
    0xf9, 0x20, 0x7f, 0x17, 0xe0, 0xe7, 0xd, 0xa0,
    0x9a, 0x50, 0x0, 0x7, 0xf1, 0x7d, 0xc, 0x79,
    0xf9, 0x0, 0x0, 0x0, 0x0, 0x7e, 0x0, 0x0,
    0x0, 0xde, 0x40,

    /* U+7B26 "符" */
    0x0, 0x0, 0x30, 0x0, 0x0, 0x0, 0x20, 0x0,
    0x0, 0x0, 0x0, 0x3f, 0x80, 0x0, 0x0, 0x1f,
    0x90, 0x0, 0x0, 0x0, 0xa, 0xfa, 0x88, 0x87,
    0x8, 0xfa, 0x88, 0x88, 0x60, 0x3, 0xff, 0xff,
    0xff, 0xe2, 0xff, 0xff, 0xff, 0xfb, 0x0, 0xdf,
    0x16, 0xf8, 0x0, 0xcf, 0x31, 0xfc, 0x0, 0x0,
    0xbf, 0x80, 0xe, 0xf2, 0x9f, 0x90, 0x7, 0xf4,
    0x0, 0x7, 0xb0, 0x4, 0x68, 0x3, 0xb0, 0x0,
    0x4, 0x0, 0x0, 0x0, 0x4, 0xf6, 0x0, 0x0,
    0x0, 0x9, 0xe0, 0x0, 0x0, 0x0, 0xdd, 0x3,
    0x33, 0x33, 0x33, 0xbf, 0x33, 0x20, 0x0, 0x8f,
    0x40, 0xff, 0xff, 0xff, 0xff, 0xff, 0xfa, 0x0,
    0x4f, 0xf1, 0x4, 0x44, 0x44, 0x44, 0xbf, 0x44,
    0x30, 0x2e, 0xff, 0x10, 0x2, 0xb3, 0x0, 0xa,
    0xf0, 0x0, 0x2e, 0xea, 0xf1, 0x0, 0x4f, 0xd0,
    0x0, 0xaf, 0x0, 0x0, 0xd3, 0x7f, 0x10, 0x0,
    0x8f, 0x80, 0xa, 0xf0, 0x0, 0x0, 0x7, 0xf1,
    0x0, 0x0, 0xee, 0x0, 0xaf, 0x0, 0x0, 0x0,
    0x7f, 0x10, 0x0, 0x5, 0x20, 0xa, 0xf0, 0x0,
    0x0, 0x7, 0xf1, 0x0, 0x0, 0x0, 0x0, 0xaf,
    0x0, 0x0, 0x0, 0x7f, 0x10, 0x0, 0x0, 0xcb,
    0x9f, 0xd0, 0x0, 0x0, 0x7, 0xf1, 0x0, 0x0,
    0x9, 0xce, 0xd4, 0x0, 0x0,

    /* U+7B2C "第" */
    0x0, 0x0, 0x30, 0x0, 0x0, 0x0, 0x20, 0x0,
    0x0, 0x0, 0x0, 0x3f, 0x80, 0x0, 0x0, 0x1f,
    0xa0, 0x0, 0x0, 0x0, 0x1d, 0xff, 0xff, 0xfe,
    0xb, 0xff, 0xff, 0xff, 0xc0, 0x1c, 0xf6, 0x6f,
    0xc5, 0x49, 0xf8, 0x5e, 0xf5, 0x54, 0xc, 0xf5,
    0x0, 0x7f, 0x45, 0xfa, 0x0, 0x3f, 0x70, 0x0,
    0x14, 0x22, 0x22, 0x52, 0x26, 0x22, 0x22, 0x52,
    0x0, 0x0, 0x2f, 0xff, 0xff, 0xff, 0xff, 0xff,
    0xff, 0xf1, 0x0, 0x0, 0x22, 0x22, 0x22, 0xaf,
    0x22, 0x22, 0x9f, 0x10, 0x0, 0x1, 0x22, 0x22,
    0x2a, 0xf2, 0x22, 0x28, 0xf1, 0x0, 0x0, 0xff,
    0xff, 0xff, 0xff, 0xff, 0xff, 0xff, 0x10, 0x0,
    0x4f, 0x73, 0x33, 0x3b, 0xf3, 0x33, 0x33, 0x30,
    0x0, 0x7, 0xf3, 0x11, 0x11, 0xaf, 0x11, 0x11,
    0x11, 0x10, 0x0, 0xaf, 0xff, 0xff, 0xff, 0xff,
    0xff, 0xff, 0xff, 0x0, 0x3, 0x44, 0x44, 0xaf,
    0xff, 0x44, 0x44, 0x4d, 0xe0, 0x0, 0x0, 0x0,
    0x9f, 0xba, 0xf0, 0x0, 0x0, 0xdd, 0x0, 0x0,
    0x7, 0xef, 0x90, 0xaf, 0x0, 0x33, 0x3f, 0xa0,
    0x4, 0x9f, 0xfd, 0x40, 0xa, 0xf0, 0xe, 0xff,
    0xf4, 0x0, 0xdf, 0xc5, 0x0, 0x0, 0xaf, 0x0,
    0x34, 0x42, 0x0, 0x3, 0x20, 0x0, 0x0, 0xa,
    0xf0, 0x0, 0x0, 0x0, 0x0,

    /* U+7B49 "等" */
    0x0, 0x2, 0x0, 0x0, 0x0, 0x2, 0x0, 0x0,
    0x0, 0x0, 0x2f, 0xa0, 0x0, 0x0, 0x1e, 0xb0,
    0x0, 0x0, 0x0, 0xcf, 0xff, 0xff, 0xf0, 0xaf,
    0xff, 0xff, 0xfe, 0xa, 0xf7, 0x6f, 0xd5, 0x48,
    0xf9, 0x5d, 0xf6, 0x54, 0xaf, 0x70, 0x7, 0xf5,
    0x2f, 0xa0, 0x4, 0xc2, 0x0, 0x15, 0x0, 0x0,
    0x40, 0x37, 0x0, 0x0, 0x0, 0x0, 0x2, 0x77,
    0x77, 0x77, 0xde, 0x77, 0x77, 0x77, 0x20, 0x6,
    0xff, 0xff, 0xff, 0xff, 0xff, 0xff, 0xff, 0x40,
    0x0, 0x0, 0x0, 0x0, 0xbe, 0x0, 0x0, 0x0,
    0x0, 0x57, 0x77, 0x77, 0x77, 0xde, 0x77, 0x77,
    0x77, 0x76, 0xcf, 0xff, 0xff, 0xff, 0xff, 0xff,
    0xff, 0xff, 0xfc, 0x0, 0x0, 0x0, 0x0, 0x0,
    0x0, 0x36, 0x0, 0x0, 0x6, 0x77, 0x77, 0x77,
    0x77, 0x77, 0xbf, 0x87, 0x71, 0xe, 0xff, 0xff,
    0xff, 0xff, 0xff, 0xff, 0xff, 0xf3, 0x0, 0x5,
    0x30, 0x0, 0x0, 0x0, 0x7f, 0x10, 0x0, 0x0,
    0x2e, 0xf4, 0x0, 0x0, 0x0, 0x7f, 0x10, 0x0,
    0x0, 0x2, 0xef, 0x10, 0x0, 0x0, 0x7f, 0x10,
    0x0, 0x0, 0x0, 0x23, 0x1, 0xc9, 0x88, 0xef,
    0x0, 0x0, 0x0, 0x0, 0x0, 0x0, 0xbd, 0xff,
    0xe7, 0x0, 0x0,

    /* U+7B4B "筋" */
    0x0, 0x0, 0x10, 0x0, 0x0, 0x0, 0x10, 0x0,
    0x0, 0x0, 0x0, 0xe, 0xa0, 0x0, 0x0, 0xe,
    0xb0, 0x0, 0x0, 0x0, 0x7, 0xfb, 0x88, 0x88,
    0x6, 0xfb, 0x88, 0x88, 0x70, 0x2, 0xff, 0xff,
    0xff, 0xf2, 0xef, 0xff, 0xff, 0xfd, 0x1, 0xdf,
    0x22, 0xfb, 0x0, 0xcf, 0x30, 0xce, 0x10, 0x0,
    0xbf, 0x60, 0x8, 0xf5, 0x8f, 0x70, 0x2, 0xf7,
    0x0, 0x1, 0x61, 0x11, 0x24, 0x10, 0x40, 0x36,
    0x2, 0x0, 0x0, 0x5, 0xff, 0xff, 0xff, 0x10,
    0x8, 0xf1, 0x0, 0x0, 0x0, 0x5f, 0x55, 0x59,
    0xf1, 0x34, 0xaf, 0x54, 0x44, 0x10, 0x5, 0xf1,
    0x0, 0x6f, 0x1d, 0xff, 0xff, 0xff, 0xf3, 0x0,
    0x5f, 0xff, 0xff, 0xf1, 0x12, 0xaf, 0x22, 0x7f,
    0x30, 0x5, 0xf6, 0x66, 0xaf, 0x10, 0xb, 0xd0,
    0x6, 0xf3, 0x0, 0x5f, 0x10, 0x6, 0xf1, 0x0,
    0xdb, 0x0, 0x7f, 0x20, 0x6, 0xff, 0xff, 0xff,
    0x10, 0x1f, 0x80, 0x7, 0xf2, 0x0, 0x9e, 0x66,
    0x6a, 0xf1, 0x5, 0xf3, 0x0, 0x8f, 0x10, 0xd,
    0x90, 0x0, 0x6f, 0x10, 0xce, 0x0, 0x9, 0xf0,
    0x4, 0xf4, 0x0, 0x6, 0xf0, 0x5f, 0x60, 0x0,
    0xce, 0x0, 0xbd, 0x2, 0x65, 0xbf, 0x3f, 0xd0,
    0x69, 0xbf, 0xb0, 0x1d, 0x50, 0x1f, 0xff, 0x92,
    0xd2, 0x6, 0xef, 0xc2, 0x0, 0x0, 0x0, 0x0,
    0x0, 0x0, 0x0, 0x0, 0x0, 0x0,

    /* U+7B54 "答" */
    0x0, 0x2, 0x0, 0x0, 0x0, 0x1, 0x0, 0x0,
    0x0, 0x0, 0x0, 0xea, 0x0, 0x0, 0x0, 0xf9,
    0x0, 0x0, 0x0, 0x0, 0x7f, 0x96, 0x66, 0x60,
    0x6f, 0x96, 0x66, 0x65, 0x0, 0x1e, 0xff, 0xff,
    0xff, 0x1d, 0xff, 0xff, 0xff, 0xe0, 0xb, 0xf4,
    0x4f, 0x90, 0x8, 0xf5, 0xd, 0xd1, 0x0, 0x8,
    0xf9, 0x0, 0xbf, 0x40, 0xaa, 0x0, 0x4f, 0x80,
    0x0, 0x5a, 0x0, 0x2, 0x95, 0xdf, 0x20, 0x0,
    0x61, 0x0, 0x0, 0x0, 0x0, 0x2b, 0xfd, 0xfe,
    0x71, 0x0, 0x0, 0x0, 0x0, 0x5, 0xbf, 0xf6,
    0x1, 0x9f, 0xf9, 0x40, 0x0, 0x5, 0xaf, 0xfe,
    0x81, 0x0, 0x0, 0x19, 0xff, 0xea, 0x50, 0xaf,
    0xb5, 0x4f, 0xff, 0xff, 0xff, 0xf1, 0x6c, 0xfc,
    0x1, 0x0, 0x1, 0x66, 0x66, 0x66, 0x66, 0x0,
    0x1, 0x10, 0x0, 0x12, 0x22, 0x22, 0x22, 0x22,
    0x22, 0x21, 0x0, 0x0, 0x9, 0xff, 0xff, 0xff,
    0xff, 0xff, 0xff, 0x90, 0x0, 0x0, 0x9f, 0x33,
    0x33, 0x33, 0x33, 0x33, 0xf9, 0x0, 0x0, 0x9,
    0xf0, 0x0, 0x0, 0x0, 0x0, 0xf, 0x90, 0x0,
    0x0, 0x9f, 0x55, 0x55, 0x55, 0x55, 0x55, 0xf9,
    0x0, 0x0, 0x9, 0xff, 0xff, 0xff, 0xff, 0xff,
    0xff, 0x90, 0x0, 0x0, 0x9f, 0x0, 0x0, 0x0,
    0x0, 0x0, 0xf9, 0x0, 0x0, 0x0, 0x10, 0x0,
    0x0, 0x0, 0x0, 0x0, 0x0, 0x0,

    /* U+7B97 "算" */
    0x0, 0x2, 0x0, 0x0, 0x0, 0x2, 0x0, 0x0,
    0x0, 0x0, 0x2f, 0x90, 0x0, 0x0, 0x1f, 0xb0,
    0x0, 0x0, 0x0, 0xcf, 0xff, 0xff, 0xe0, 0xbf,
    0xff, 0xff, 0xfe, 0xb, 0xf7, 0x6f, 0xd5, 0x48,
    0xf9, 0x5d, 0xf6, 0x54, 0xaf, 0x70, 0x7, 0xf4,
    0x2f, 0xa0, 0x4, 0xc2, 0x0, 0x15, 0x46, 0x66,
    0x96, 0x68, 0x66, 0x66, 0x65, 0x0, 0x0, 0xcf,
    0xff, 0xff, 0xff, 0xff, 0xff, 0xff, 0x0, 0x0,
    0xcc, 0x33, 0x33, 0x33, 0x33, 0x33, 0xaf, 0x0,
    0x0, 0xcf, 0xff, 0xff, 0xff, 0xff, 0xff, 0xff,
    0x0, 0x0, 0xcc, 0x33, 0x33, 0x33, 0x33, 0x33,
    0xaf, 0x0, 0x0, 0xcf, 0xff, 0xff, 0xff, 0xff,
    0xff, 0xff, 0x0, 0x0, 0xcc, 0x44, 0x44, 0x44,
    0x44, 0x44, 0xaf, 0x0, 0x0, 0xcf, 0xff, 0xff,
    0xff, 0xff, 0xff, 0xfe, 0x0, 0x0, 0x0, 0xd,
    0xb0, 0x0, 0xa, 0xe0, 0x0, 0x0, 0xff, 0xff,
    0xff, 0xff, 0xff, 0xff, 0xff, 0xff, 0xff, 0x77,
    0x77, 0x9f, 0xb7, 0x77, 0x7c, 0xf7, 0x77, 0x77,
    0x0, 0x6, 0xef, 0x20, 0x0, 0xa, 0xe0, 0x0,
    0x0, 0x5, 0xff, 0xe4, 0x0, 0x0, 0xa, 0xe0,
    0x0, 0x0, 0x0, 0xd9, 0x10, 0x0, 0x0, 0xa,
    0xe0, 0x0, 0x0, 0x0, 0x0, 0x0, 0x0, 0x0,
    0x0, 0x0, 0x0, 0x0,

    /* U+7C27 "簧" */
    0x0, 0x3, 0x0, 0x0, 0x0, 0x10, 0x0, 0x0,
    0x0, 0x0, 0x8, 0xf5, 0x0, 0x0, 0xc, 0xe0,
    0x0, 0x0, 0x0, 0x3, 0xff, 0xff, 0xff, 0xf5,
    0xff, 0xff, 0xff, 0xfe, 0x2, 0xef, 0x55, 0xfb,
    0x44, 0xfb, 0x44, 0xcf, 0x44, 0x30, 0xae, 0x40,
    0x9, 0x80, 0x4, 0x1, 0x53, 0x71, 0x0, 0x0,
    0x87, 0x7a, 0xf8, 0x77, 0x77, 0x9f, 0x97, 0x77,
    0x20, 0xd, 0xff, 0xff, 0xff, 0xff, 0xff, 0xff,
    0xff, 0xf4, 0x0, 0x0, 0x4, 0xf1, 0x0, 0x0,
    0x4f, 0x30, 0x0, 0x0, 0xee, 0xee, 0xef, 0xee,
    0xee, 0xee, 0xfe, 0xee, 0xee, 0x6, 0x77, 0x77,
    0x77, 0x7c, 0xe7, 0x77, 0x77, 0x77, 0x70, 0x0,
    0x44, 0x44, 0x44, 0xbe, 0x44, 0x44, 0x44, 0x0,
    0x0, 0xf, 0xff, 0xff, 0xff, 0xff, 0xff, 0xff,
    0xf1, 0x0, 0x0, 0xf8, 0x11, 0x11, 0xad, 0x11,
    0x11, 0x5f, 0x10, 0x0, 0xf, 0xff, 0xff, 0xff,
    0xff, 0xff, 0xff, 0xf1, 0x0, 0x0, 0xf8, 0x0,
    0x0, 0xad, 0x0, 0x0, 0x5f, 0x10, 0x0, 0xf,
    0xff, 0xff, 0xff, 0xff, 0xff, 0xff, 0xf1, 0x0,
    0x0, 0x56, 0x69, 0x66, 0x66, 0x67, 0x96, 0x66,
    0x0, 0x6, 0x9b, 0xdf, 0xf8, 0x0, 0x0, 0x9f,
    0xfd, 0xb8, 0x40, 0x6c, 0xa8, 0x51, 0x0, 0x0,
    0x0, 0x14, 0x7a, 0xd5, 0x0,

    /* U+7C7B "类" */
    0x0, 0x2, 0xb3, 0x0, 0xd, 0xa0, 0x0, 0xa4,
    0x0, 0x0, 0x0, 0x1c, 0xf5, 0x0, 0xda, 0x0,
    0xbf, 0x40, 0x0, 0x0, 0x0, 0xc, 0xa0, 0xd,
    0xa0, 0x6f, 0x40, 0x0, 0x0, 0x17, 0x77, 0x87,
    0x77, 0xec, 0x77, 0x87, 0x77, 0x70, 0x4, 0xff,
    0xff, 0xff, 0xff, 0xff, 0xff, 0xff, 0xff, 0x0,
    0x0, 0x0, 0x5, 0xfb, 0xea, 0x2, 0x0, 0x0,
    0x0, 0x0, 0x0, 0x1a, 0xfa, 0xd, 0xa2, 0xfb,
    0x20, 0x0, 0x0, 0x1, 0x8f, 0xf7, 0x0, 0xda,
    0x6, 0xff, 0x80, 0x0, 0x5, 0xff, 0xb2, 0x0,
    0xd, 0xa0, 0x1, 0xaf, 0xe4, 0x0, 0x8, 0x20,
    0x0, 0x1, 0x51, 0x0, 0x0, 0x4c, 0x10, 0x0,
    0x0, 0x0, 0x0, 0x7f, 0x10, 0x0, 0x0, 0x0,
    0x0, 0x78, 0x88, 0x88, 0x8c, 0xf8, 0x88, 0x88,
    0x88, 0x83, 0xd, 0xff, 0xff, 0xff, 0xff, 0xff,
    0xff, 0xff, 0xff, 0x50, 0x0, 0x0, 0x1, 0xdf,
    0x7f, 0xb0, 0x0, 0x0, 0x0, 0x0, 0x0, 0x4,
    0xdf, 0x80, 0x5f, 0xd5, 0x0, 0x0, 0x0, 0x1,
    0x6c, 0xff, 0x80, 0x0, 0x3d, 0xfe, 0x84, 0x0,
    0x2d, 0xff, 0xfb, 0x30, 0x0, 0x0, 0x6, 0xdf,
    0xff, 0x70, 0x9a, 0x72, 0x0, 0x0, 0x0, 0x0,
    0x0, 0x37, 0xc2,

    /* U+7CBE "精" */
    0x0, 0x0, 0xf6, 0x0, 0x0, 0x0, 0x2f, 0x50,
    0x0, 0x0, 0x3, 0x80, 0xf6, 0x1a, 0x1f, 0xff,
    0xff, 0xff, 0xff, 0xa0, 0x6, 0xf0, 0xf6, 0x6d,
    0x5, 0x55, 0x6f, 0x85, 0x55, 0x30, 0x2, 0xf2,
    0xf6, 0xb8, 0x1, 0x44, 0x6f, 0x84, 0x44, 0x0,
    0x0, 0xe5, 0xf7, 0xf3, 0x5, 0xff, 0xff, 0xff,
    0xff, 0x10, 0x0, 0x30, 0xf6, 0x40, 0x0, 0x0,
    0x2f, 0x50, 0x0, 0x0, 0x8, 0xff, 0xff, 0xfe,
    0x9f, 0xff, 0xff, 0xff, 0xff, 0xf1, 0x3, 0x68,
    0xfa, 0x65, 0x36, 0x66, 0x66, 0x66, 0x66, 0x60,
    0x0, 0x7, 0xf6, 0x0, 0x2, 0x44, 0x44, 0x44,
    0x43, 0x0, 0x0, 0xd, 0xfc, 0x0, 0x8, 0xff,
    0xff, 0xff, 0xfe, 0x0, 0x0, 0x4f, 0xff, 0xb0,
    0x8, 0xf0, 0x0, 0x0, 0x9e, 0x0, 0x0, 0xcb,
    0xfa, 0xfa, 0x8, 0xff, 0xff, 0xff, 0xfe, 0x0,
    0x5, 0xf3, 0xf6, 0xa8, 0x8, 0xf4, 0x44, 0x44,
    0xbe, 0x0, 0xd, 0xb0, 0xf6, 0x10, 0x8, 0xf4,
    0x44, 0x44, 0xae, 0x0, 0x4, 0x20, 0xf6, 0x0,
    0x8, 0xff, 0xff, 0xff, 0xfe, 0x0, 0x0, 0x0,
    0xf6, 0x0, 0x8, 0xf0, 0x0, 0x0, 0x9e, 0x0,
    0x0, 0x0, 0xf6, 0x0, 0x8, 0xf0, 0x0, 0x58,
    0xdd, 0x0, 0x0, 0x0, 0xf6, 0x0, 0x8, 0xf0,
    0x0, 0x4e, 0xe6, 0x0,

    /* U+7CCA "糊" */
    0x0, 0xa, 0x90, 0x0, 0xe, 0x90, 0xd, 0xff,
    0xff, 0x90, 0x93, 0xa9, 0x3a, 0x0, 0xe9, 0x0,
    0xdb, 0x66, 0xf9, 0xb, 0x6a, 0x97, 0xb0, 0xe,
    0x90, 0xd, 0x90, 0xe, 0x90, 0x89, 0xa9, 0xa8,
    0xff, 0xff, 0xfa, 0xd9, 0x0, 0xe9, 0x6, 0xba,
    0x9d, 0x57, 0x7e, 0xc7, 0x4d, 0xa4, 0x4f, 0x90,
    0x10, 0xa9, 0x11, 0x0, 0xe9, 0x0, 0xdf, 0xff,
    0xf9, 0xe, 0xff, 0xff, 0x90, 0xe, 0x90, 0xd,
    0x90, 0xe, 0x90, 0x44, 0xeb, 0x42, 0x35, 0xeb,
    0x50, 0xd9, 0x0, 0xe9, 0x0, 0x1f, 0x90, 0x9,
    0xff, 0xff, 0x2d, 0x90, 0xe, 0x90, 0x6, 0xfc,
    0x0, 0x9c, 0x35, 0xf2, 0xec, 0x77, 0xf9, 0x0,
    0xbf, 0xf8, 0x9, 0xb0, 0x2f, 0x2f, 0xff, 0xff,
    0x90, 0x2f, 0xec, 0xf4, 0x9b, 0x2, 0xf4, 0xf6,
    0x0, 0xe9, 0x9, 0xca, 0x9a, 0x89, 0xc2, 0x4f,
    0x6f, 0x30, 0xe, 0x90, 0xf5, 0xa9, 0x20, 0x9f,
    0xff, 0xf9, 0xf1, 0x0, 0xe9, 0x6, 0xa, 0x90,
    0x9, 0xc4, 0x44, 0xbe, 0x0, 0xe, 0x90, 0x0,
    0xa9, 0x0, 0x45, 0x0, 0xe, 0xa0, 0x0, 0xe9,
    0x0, 0xa, 0x90, 0x0, 0x0, 0x4, 0xf5, 0x2e,
    0xcf, 0x80, 0x0, 0xa9, 0x0, 0x0, 0x0, 0x2b,
    0x0, 0xce, 0xe2,

    /* U+7CFB "系" */
    0x0, 0x0, 0x0, 0x1, 0x23, 0x45, 0x68, 0xa4,
    0x0, 0x8, 0xee, 0xff, 0xff, 0xff, 0xff, 0xfe,
    0xca, 0x0, 0x1, 0x88, 0x77, 0xdf, 0x84, 0x21,
    0x0, 0x0, 0x0, 0x0, 0x0, 0x6, 0xfa, 0x0,
    0x1, 0x82, 0x0, 0x0, 0x0, 0x0, 0x4f, 0xd0,
    0x0, 0x2e, 0xd1, 0x0, 0x0, 0x0, 0x5, 0xfc,
    0x10, 0x3, 0xed, 0x10, 0x0, 0x0, 0x0, 0x8f,
    0xe7, 0x9b, 0xdf, 0xc1, 0x0, 0x0, 0x0, 0x0,
    0xcf, 0xfe, 0xcf, 0xfa, 0x0, 0x58, 0x0, 0x0,
    0x0, 0x22, 0x2, 0xcf, 0x60, 0x0, 0xbf, 0x70,
    0x0, 0x0, 0x0, 0x7f, 0xc2, 0x0, 0x0, 0xd,
    0xf5, 0x0, 0x0, 0x4d, 0xf9, 0x57, 0x8a, 0xce,
    0xff, 0xfe, 0x10, 0x2, 0xff, 0xff, 0xff, 0xff,
    0xa7, 0x52, 0x5f, 0xa0, 0x0, 0x65, 0x32, 0x0,
    0xbf, 0x0, 0x0, 0xb, 0xc0, 0x0, 0x0, 0x74,
    0x0, 0xbf, 0x0, 0x96, 0x1, 0x0, 0x0, 0x8,
    0xfa, 0x0, 0xbf, 0x1, 0xdf, 0x60, 0x0, 0x0,
    0xaf, 0xb0, 0x0, 0xbf, 0x0, 0x1d, 0xf5, 0x0,
    0x5e, 0xf9, 0x0, 0x0, 0xbf, 0x0, 0x1, 0xef,
    0x20, 0xbe, 0x50, 0x1, 0xb9, 0xff, 0x0, 0x0,
    0x4f, 0x90, 0x21, 0x0, 0x0, 0xce, 0xf6, 0x0,
    0x0, 0x3, 0x0,

    /* U+7E41 "繁" */
    0x0, 0xb5, 0x0, 0x0, 0x0, 0x3, 0xc1, 0x0,
    0x0, 0x0, 0x5f, 0xff, 0xff, 0xff, 0xe0, 0x9d,
    0x11, 0x11, 0x0, 0x3f, 0x82, 0x22, 0x22, 0x22,
    0xe, 0xff, 0xff, 0xfd, 0xa, 0xd2, 0x22, 0x22,
    0x22, 0x7, 0xff, 0xff, 0xff, 0xd0, 0x1, 0xdf,
    0xff, 0xff, 0xf2, 0xff, 0x40, 0xe, 0x80, 0x0,
    0x1f, 0x52, 0xe2, 0x6d, 0x4e, 0xbe, 0x27, 0xf1,
    0x0, 0xbf, 0xff, 0xff, 0xff, 0xfc, 0x1, 0xdd,
    0xf6, 0x0, 0x3, 0xaf, 0x4c, 0xb4, 0xca, 0x40,
    0x8, 0xff, 0x40, 0x0, 0xa, 0xe4, 0x8e, 0x4e,
    0xa0, 0x1a, 0xfc, 0xdf, 0x91, 0x0, 0xbe, 0xee,
    0xee, 0xfe, 0x1d, 0xf7, 0x0, 0x8f, 0xc0, 0x0,
    0x0, 0x18, 0x75, 0x10, 0x24, 0xa8, 0x0, 0x21,
    0x0, 0x4, 0x9e, 0xa3, 0x12, 0x4a, 0xfb, 0x40,
    0x0, 0x0, 0x0, 0xbe, 0xdd, 0xef, 0xfe, 0x82,
    0x1d, 0xc1, 0x0, 0x0, 0x3, 0x69, 0xcb, 0x73,
    0x1, 0x34, 0x8f, 0xf4, 0x0, 0xf, 0xff, 0xfd,
    0xee, 0xff, 0xdb, 0x97, 0x5a, 0xf4, 0x0, 0x34,
    0x33, 0x51, 0x1b, 0xd0, 0x12, 0x0, 0x7, 0x10,
    0x0, 0x38, 0xef, 0x30, 0xbd, 0x9, 0xfd, 0x72,
    0x0, 0x2, 0xef, 0xf9, 0x17, 0x6e, 0xc0, 0x4,
    0x9e, 0xfb, 0x0, 0x7, 0x50, 0x0, 0xaf, 0xe5,
    0x0, 0x0, 0x5, 0x40, 0x0,

    /* U+7EA2 "红" */
    0x0, 0x0, 0x0, 0x0, 0x0, 0x0, 0x0, 0x0,
    0x0, 0x0, 0xe, 0x80, 0x0, 0x11, 0x11, 0x11,
    0x11, 0x10, 0x0, 0x4f, 0x50, 0x4, 0xff, 0xff,
    0xff, 0xff, 0xf9, 0x0, 0xbe, 0x0, 0x1, 0x66,
    0x68, 0xfa, 0x66, 0x63, 0x3, 0xf6, 0xa, 0xa0,
    0x0, 0x3, 0xf6, 0x0, 0x0, 0xc, 0xd0, 0x3f,
    0x80, 0x0, 0x3, 0xf6, 0x0, 0x0, 0x7f, 0x87,
    0xcf, 0x10, 0x0, 0x3, 0xf6, 0x0, 0x0, 0x8f,
    0xfe, 0xf6, 0x0, 0x0, 0x3, 0xf6, 0x0, 0x0,
    0x11, 0x1e, 0xc0, 0x0, 0x0, 0x3, 0xf6, 0x0,
    0x0, 0x0, 0xbf, 0x20, 0x0, 0x0, 0x3, 0xf6,
    0x0, 0x0, 0x8, 0xf5, 0x16, 0x20, 0x0, 0x3,
    0xf6, 0x0, 0x0, 0x7f, 0xed, 0xff, 0x50, 0x0,
    0x3, 0xf6, 0x0, 0x0, 0x9f, 0xd9, 0x50, 0x0,
    0x0, 0x3, 0xf6, 0x0, 0x0, 0x10, 0x0, 0x0,
    0x0, 0x0, 0x3, 0xf6, 0x0, 0x0, 0x0, 0x15,
    0x9c, 0xb0, 0x0, 0x3, 0xf6, 0x0, 0x0, 0x8d,
    0xff, 0xfb, 0x60, 0x0, 0x3, 0xf6, 0x0, 0x0,
    0x9e, 0x95, 0x0, 0x5, 0x55, 0x57, 0xf9, 0x55,
    0x55, 0x0, 0x0, 0x0, 0xf, 0xff, 0xff, 0xff,
    0xff, 0xff, 0x0, 0x0, 0x0, 0x2, 0x22, 0x22,
    0x22, 0x22, 0x22,

    /* U+7EA6 "约" */
    0x0, 0x1, 0x0, 0x0, 0x0, 0x0, 0x0, 0x0,
    0x0, 0x0, 0xd, 0xb0, 0x0, 0x0, 0x4f, 0x40,
    0x0, 0x0, 0x0, 0x3f, 0x60, 0x0, 0x0, 0xaf,
    0x0, 0x0, 0x0, 0x0, 0x9f, 0x10, 0x0, 0x1,
    0xfa, 0x0, 0x0, 0x0, 0x2, 0xf8, 0x8, 0xc0,
    0x9, 0xff, 0xff, 0xff, 0xf8, 0xa, 0xe0, 0x1f,
    0xa0, 0x3f, 0xc8, 0x88, 0x89, 0xf8, 0x5f, 0xa7,
    0xcf, 0x21, 0xdf, 0x10, 0x0, 0x1, 0xf8, 0x6f,
    0xfe, 0xf8, 0x3, 0xf5, 0x0, 0x0, 0x1, 0xf8,
    0x2, 0xd, 0xe0, 0x0, 0x10, 0x2, 0x0, 0x1,
    0xf8, 0x0, 0x9f, 0x40, 0x0, 0x0, 0xbf, 0x10,
    0x1, 0xf8, 0x6, 0xf8, 0x4, 0x20, 0x0, 0x3f,
    0x90, 0x2, 0xf7, 0x4f, 0xfb, 0xff, 0x80, 0x0,
    0xb, 0xf1, 0x2, 0xf7, 0x8f, 0xfc, 0x72, 0x0,
    0x0, 0x4, 0xf4, 0x3, 0xf6, 0x13, 0x0, 0x0,
    0x0, 0x0, 0x0, 0x10, 0x4, 0xf5, 0x0, 0x1,
    0x59, 0xa0, 0x0, 0x0, 0x0, 0x5, 0xf4, 0x5a,
    0xef, 0xff, 0xa0, 0x0, 0x0, 0x0, 0x6, 0xf2,
    0x8f, 0xd8, 0x40, 0x0, 0x0, 0x0, 0x0, 0xa,
    0xf0, 0x12, 0x0, 0x0, 0x0, 0x0, 0x6, 0xdb,
    0xbf, 0x90, 0x0, 0x0, 0x0, 0x0, 0x0, 0x2,
    0xce, 0xfa, 0x10,

    /* U+7EA7 "级" */
    0x0, 0x8, 0x30, 0x0, 0x0, 0x0, 0x0, 0x0,
    0x0, 0x0, 0x2, 0xf8, 0x1, 0xff, 0xff, 0xff,
    0xff, 0x80, 0x0, 0x0, 0x7f, 0x30, 0x6, 0xce,
    0x66, 0x67, 0xf7, 0x0, 0x0, 0xd, 0xd0, 0x10,
    0xb, 0xc0, 0x0, 0x6f, 0x20, 0x0, 0x4, 0xf6,
    0xe, 0x90, 0xcb, 0x0, 0xa, 0xe0, 0x0, 0x0,
    0xcd, 0x6, 0xf4, 0xc, 0xb0, 0x0, 0xf9, 0x0,
    0x0, 0x5f, 0x98, 0xec, 0x0, 0xda, 0x0, 0x4f,
    0x83, 0x32, 0x5, 0xfe, 0xef, 0x40, 0xe, 0xc0,
    0x2, 0xff, 0xff, 0xa0, 0x1, 0x1e, 0xb0, 0x0,
    0xff, 0x30, 0x2, 0x25, 0xf6, 0x0, 0xa, 0xf1,
    0x0, 0x1f, 0xfa, 0x0, 0x0, 0x6f, 0x30, 0x6,
    0xf5, 0x15, 0x3, 0xfc, 0xf3, 0x0, 0xb, 0xe0,
    0x3, 0xfe, 0xcf, 0xe2, 0x5f, 0x3c, 0xd0, 0x1,
    0xf8, 0x0, 0x7f, 0xd9, 0x40, 0x8, 0xf1, 0x3f,
    0x80, 0x9f, 0x20, 0x0, 0x10, 0x0, 0x0, 0xdd,
    0x0, 0x8f, 0x8f, 0x90, 0x0, 0x0, 0x15, 0x9d,
    0x4f, 0x80, 0x0, 0xcf, 0xe0, 0x0, 0x6, 0xdf,
    0xff, 0xbb, 0xf2, 0x0, 0x4e, 0xff, 0x90, 0x0,
    0x6f, 0xb6, 0x12, 0xfb, 0x0, 0x8f, 0xd3, 0xbf,
    0xc2, 0x0, 0x0, 0x0, 0xaf, 0x30, 0xdf, 0xa1,
    0x0, 0x9f, 0xd0, 0x0, 0x0, 0x2, 0x70, 0x5,
    0x40, 0x0, 0x0, 0x53, 0x0,

    /* U+7EAF "纯" */
    0x0, 0xa, 0x90, 0x0, 0x0, 0x4, 0xf5, 0x0,
    0x0, 0x0, 0x1, 0xf9, 0x0, 0x0, 0x0, 0x4f,
    0x50, 0x0, 0x0, 0x0, 0x7f, 0x20, 0x1, 0x88,
    0x8a, 0xfa, 0x88, 0x87, 0x0, 0xe, 0xa0, 0x6a,
    0x3f, 0xff, 0xff, 0xff, 0xff, 0xe0, 0x8, 0xf2,
    0xe, 0xc0, 0x0, 0x4, 0xf5, 0x0, 0x0, 0x3,
    0xf9, 0x49, 0xf4, 0x3, 0x70, 0x4f, 0x50, 0x55,
    0x0, 0x6f, 0xff, 0xfb, 0x0, 0x8f, 0x4, 0xf5,
    0xb, 0xc0, 0x1, 0x42, 0xcf, 0x20, 0x8, 0xf0,
    0x4f, 0x50, 0xbc, 0x0, 0x0, 0x7f, 0x60, 0x0,
    0x8f, 0x4, 0xf5, 0xb, 0xc0, 0x0, 0x4f, 0xa0,
    0x22, 0x8, 0xf0, 0x4f, 0x50, 0xbc, 0x0, 0x3f,
    0xfa, 0xef, 0x90, 0x8f, 0x8a, 0xfb, 0x8e, 0xc0,
    0x8, 0xff, 0xd9, 0x30, 0x6, 0xcc, 0xdf, 0xdc,
    0xfc, 0x0, 0x14, 0x0, 0x0, 0x0, 0x0, 0x4,
    0xf5, 0xb, 0xb0, 0x0, 0x0, 0x3, 0x79, 0x0,
    0x0, 0x4f, 0x50, 0x0, 0x0, 0x38, 0xbf, 0xff,
    0xc0, 0x0, 0x4, 0xf5, 0x0, 0x27, 0x19, 0xff,
    0xc7, 0x20, 0x0, 0x0, 0x4f, 0x50, 0x5, 0xf3,
    0x26, 0x10, 0x0, 0x0, 0x0, 0x3, 0xfa, 0x56,
    0xcf, 0x0, 0x0, 0x0, 0x0, 0x0, 0x0, 0xc,
    0xff, 0xfd, 0x60,

    /* U+7EBF "线" */
    0x0, 0xc, 0x70, 0x0, 0x0, 0x8f, 0x6, 0x80,
    0x0, 0x0, 0x3, 0xf6, 0x0, 0x0, 0x7, 0xf1,
    0x8f, 0x60, 0x0, 0x0, 0xae, 0x0, 0x0, 0x0,
    0x7f, 0x10, 0xb6, 0x0, 0x0, 0x2f, 0x80, 0x88,
    0x0, 0x7, 0xf1, 0x13, 0x65, 0x0, 0xa, 0xe0,
    0x2f, 0x91, 0x46, 0xbf, 0xff, 0xff, 0xa0, 0x5,
    0xf7, 0x4b, 0xf2, 0x7f, 0xff, 0xfb, 0x74, 0x10,
    0x0, 0x8f, 0xff, 0xf8, 0x2, 0x41, 0x4f, 0x40,
    0x0, 0x0, 0x2, 0x42, 0xed, 0x0, 0x0, 0x3,
    0xf5, 0x14, 0x7a, 0x80, 0x0, 0xaf, 0x30, 0x0,
    0x3, 0x8f, 0xef, 0xff, 0xd7, 0x0, 0x6f, 0x70,
    0x33, 0xcf, 0xff, 0xfd, 0x74, 0x10, 0x0, 0x5f,
    0xea, 0xef, 0x7b, 0x84, 0x1d, 0xd0, 0xc, 0xd0,
    0xa, 0xff, 0xc7, 0x20, 0x0, 0x0, 0x9f, 0x19,
    0xf7, 0x0, 0x23, 0x0, 0x0, 0x0, 0x0, 0x4,
    0xfc, 0xfb, 0x0, 0x0, 0x0, 0x26, 0xa9, 0x0,
    0x0, 0x1f, 0xfc, 0x2, 0x10, 0x7b, 0xff, 0xfe,
    0x80, 0x0, 0x6e, 0xff, 0x40, 0x8f, 0xa, 0xfb,
    0x72, 0x0, 0x17, 0xef, 0xe6, 0xde, 0x2a, 0xd0,
    0x10, 0x0, 0x0, 0x6, 0xfe, 0x81, 0x3, 0xff,
    0xf8, 0x0, 0x0, 0x0, 0x0, 0x5, 0x0, 0x0,
    0x3, 0xdc, 0x10,

    /* U+7EC3 "练" */
    0x0, 0x0, 0x0, 0x0, 0x0, 0x0, 0x0, 0x0,
    0x0, 0x0, 0x0, 0x4, 0xe3, 0x0, 0x0, 0x0,
    0xca, 0x0, 0x0, 0x0, 0x0, 0x9, 0xf0, 0x0,
    0x0, 0x1, 0xf8, 0x0, 0x0, 0x0, 0x0, 0xf,
    0xa0, 0x0, 0x88, 0x8b, 0xfa, 0x88, 0x88, 0x40,
    0x0, 0x7f, 0x31, 0xb4, 0xff, 0xff, 0xff, 0xff,
    0xff, 0x80, 0x1, 0xea, 0x9, 0xf2, 0x0, 0x2f,
    0x70, 0x0, 0x0, 0x0, 0x9, 0xf7, 0x8f, 0xa0,
    0x67, 0xbf, 0x87, 0x70, 0x0, 0x0, 0xa, 0xfe,
    0xff, 0x10, 0xef, 0xff, 0xff, 0xf1, 0x0, 0x0,
    0x1, 0x4, 0xf7, 0x0, 0x9, 0xf4, 0x7, 0xf1,
    0x0, 0x0, 0x0, 0xe, 0xd0, 0x0, 0x2f, 0xb0,
    0x7, 0xf1, 0x0, 0x0, 0x0, 0xaf, 0x21, 0x30,
    0xaf, 0x86, 0x6a, 0xf7, 0x66, 0x10, 0x8, 0xfc,
    0xdf, 0xc0, 0x8f, 0xff, 0xff, 0xff, 0xff, 0x40,
    0xc, 0xfd, 0x93, 0x0, 0x0, 0x0, 0x7, 0xf1,
    0x0, 0x0, 0x2, 0x10, 0x0, 0x0, 0xb, 0x80,
    0x7, 0xf3, 0xd6, 0x0, 0x0, 0x0, 0x37, 0x80,
    0x3f, 0x90, 0x7, 0xf1, 0xce, 0x0, 0x7, 0xbf,
    0xff, 0xb0, 0xcf, 0x20, 0x7, 0xf1, 0x5f, 0x50,
    0xd, 0xfd, 0x82, 0x7, 0xf8, 0x0, 0x7, 0xf1,
    0xf, 0xc0, 0x2, 0x10, 0x0, 0x6, 0xd0, 0x8,
    0x9c, 0xf1, 0x8, 0x60, 0x0, 0x0, 0x0, 0x0,
    0x0, 0x8, 0xef, 0xa0, 0x0, 0x0,

    /* U+7ED1 "绑" */
    0x0, 0x8e, 0x0, 0x0, 0xda, 0x0, 0x6f, 0xff,
    0xfd, 0x0, 0xc9, 0x0, 0x0, 0xda, 0x0, 0x6f,
    0x55, 0xbc, 0x1, 0xf4, 0x0, 0x67, 0xec, 0x76,
    0x6f, 0x0, 0xc8, 0x7, 0xe0, 0x85, 0xef, 0xff,
    0xfe, 0x6f, 0x0, 0xf4, 0xe, 0x82, 0xf8, 0x0,
    0xda, 0x0, 0x6f, 0x5, 0xf0, 0x6f, 0x3a, 0xf1,
    0x0, 0xda, 0x0, 0x6f, 0x9, 0xc0, 0xaf, 0xff,
    0xa0, 0x47, 0xed, 0x74, 0x6f, 0xd, 0x80, 0x34,
    0x9f, 0x20, 0x9f, 0xff, 0xf9, 0x6f, 0x1f, 0x60,
    0x1, 0xf9, 0x0, 0x0, 0xda, 0x0, 0x6f, 0x8,
    0xd0, 0xa, 0xe1, 0x10, 0x0, 0xda, 0x0, 0x6f,
    0x1, 0xf4, 0x6f, 0xab, 0xf3, 0x77, 0xed, 0x77,
    0x6f, 0x0, 0xba, 0xcf, 0xe9, 0x21, 0xee, 0xff,
    0xee, 0x6f, 0x0, 0x7d, 0x32, 0x0, 0x0, 0x1,
    0xf7, 0x0, 0x6f, 0x0, 0x6e, 0x0, 0x38, 0xd2,
    0x5, 0xf4, 0x0, 0x6f, 0x23, 0xbc, 0x8e, 0xff,
    0xa1, 0xb, 0xe0, 0x0, 0x6f, 0x4f, 0xf4, 0xae,
    0x82, 0x0, 0x4f, 0x80, 0x0, 0x6f, 0x1, 0x0,
    0x0, 0x0, 0x1, 0xee, 0x10, 0x0, 0x6f, 0x0,
    0x0, 0x0, 0x0, 0x0, 0x85, 0x0, 0x0, 0x6f,
    0x0, 0x0,

    /* U+7ED3 "结" */
    0x0, 0xc, 0x70, 0x0, 0x0, 0x1, 0xf7, 0x0,
    0x0, 0x0, 0x3f, 0x60, 0x0, 0x0, 0x1, 0xf7,
    0x0, 0x0, 0x0, 0xae, 0x0, 0x4, 0x88, 0x89,
    0xfb, 0x88, 0x88, 0x2, 0xf7, 0x9, 0x97, 0xff,
    0xff, 0xff, 0xff, 0xff, 0xb, 0xd0, 0x2f, 0x90,
    0x0, 0x1, 0xf7, 0x0, 0x0, 0x6f, 0x87, 0xcf,
    0x10, 0x0, 0x1, 0xf7, 0x0, 0x0, 0x8f, 0xfe,
    0xf7, 0x0, 0x46, 0x67, 0xfa, 0x66, 0x61, 0x11,
    0x1e, 0xc0, 0x0, 0xcf, 0xff, 0xff, 0xff, 0xf4,
    0x0, 0xbf, 0x20, 0x0, 0x11, 0x11, 0x11, 0x11,
    0x10, 0x8, 0xf5, 0x16, 0x20, 0x0, 0x0, 0x0,
    0x0, 0x0, 0x7f, 0xed, 0xff, 0x50, 0x4f, 0xff,
    0xff, 0xff, 0xf0, 0x9f, 0xd9, 0x50, 0x0, 0x5f,
    0x98, 0x88, 0x8b, 0xf0, 0x10, 0x0, 0x0, 0x0,
    0x5f, 0x20, 0x0, 0x7, 0xf0, 0x0, 0x14, 0x8c,
    0xa0, 0x5f, 0x20, 0x0, 0x7, 0xf0, 0x8d, 0xff,
    0xfc, 0x60, 0x5f, 0x20, 0x0, 0x7, 0xf0, 0x9e,
    0x95, 0x10, 0x0, 0x5f, 0xff, 0xff, 0xff, 0xf0,
    0x0, 0x0, 0x0, 0x0, 0x5f, 0x87, 0x77, 0x7b,
    0xf0, 0x0, 0x0, 0x0, 0x0, 0x5f, 0x20, 0x0,
    0x7, 0xf0,

    /* U+7ED5 "绕" */
    0x0, 0x0, 0x0, 0x0, 0x0, 0x0, 0x0, 0x0,
    0x0, 0x0, 0x1, 0xf6, 0x0, 0x0, 0xf, 0x90,
    0x0, 0x0, 0x0, 0x0, 0x6f, 0x30, 0x0, 0x0,
    0xdb, 0x48, 0xbe, 0x90, 0x0, 0xc, 0xd0, 0x0,
    0x16, 0x9e, 0xff, 0xfc, 0x94, 0x0, 0x4, 0xf6,
    0xc, 0x64, 0xfe, 0xdf, 0x50, 0x9, 0x20, 0x0,
    0xcd, 0x6, 0xf4, 0x2, 0x1, 0xf7, 0x4d, 0xf4,
    0x0, 0x6f, 0x97, 0xed, 0x0, 0x0, 0xa, 0xff,
    0xc2, 0x21, 0x6, 0xfe, 0xff, 0x40, 0x1, 0x7d,
    0xff, 0xe1, 0xa, 0xc0, 0x0, 0x2f, 0xb0, 0x7,
    0xff, 0xd7, 0x4f, 0xfa, 0xf8, 0x0, 0xb, 0xe1,
    0x0, 0x2a, 0x30, 0x0, 0x2a, 0xec, 0x10, 0x7,
    0xf4, 0x15, 0x2, 0x22, 0x22, 0x22, 0x22, 0x22,
    0x5, 0xfd, 0xcf, 0xe3, 0xff, 0xff, 0xff, 0xff,
    0xff, 0xe0, 0x9f, 0xea, 0x40, 0x5, 0x56, 0xfa,
    0x5e, 0xb5, 0x54, 0x1, 0x20, 0x0, 0x0, 0x0,
    0x4f, 0x50, 0xd9, 0x0, 0x0, 0x0, 0x0, 0x47,
    0x0, 0x8, 0xf2, 0xd, 0x90, 0x0, 0x3, 0x7c,
    0xff, 0xf1, 0x0, 0xed, 0x0, 0xd9, 0x2, 0x40,
    0xaf, 0xfd, 0x71, 0x0, 0xaf, 0x60, 0xd, 0x90,
    0x5f, 0x33, 0x72, 0x0, 0x1, 0xaf, 0xb0, 0x0,
    0xdd, 0x7b, 0xf1, 0x0, 0x0, 0x0, 0x1f, 0xb1,
    0x0, 0x5, 0xef, 0xe9, 0x0, 0x0, 0x0, 0x0,
    0x20, 0x0, 0x0, 0x0, 0x0, 0x0,

    /* U+7ED9 "给" */
    0x0, 0x0, 0x0, 0x0, 0x0, 0x0, 0x20, 0x0,
    0x0, 0x0, 0x0, 0x1f, 0x60, 0x0, 0x0, 0x1e,
    0xd0, 0x0, 0x0, 0x0, 0x7, 0xf2, 0x0, 0x0,
    0x9, 0xff, 0x30, 0x0, 0x0, 0x0, 0xdc, 0x0,
    0x0, 0x5, 0xfb, 0xee, 0x20, 0x0, 0x0, 0x5f,
    0x40, 0xc8, 0x2, 0xfe, 0x13, 0xfd, 0x10, 0x0,
    0xe, 0xb0, 0x5f, 0x52, 0xef, 0x30, 0x5, 0xfe,
    0x20, 0x9, 0xf7, 0x7d, 0xd3, 0xef, 0x50, 0x0,
    0x6, 0xff, 0x50, 0xaf, 0xef, 0xf4, 0xbf, 0x67,
    0x77, 0x77, 0x74, 0xfa, 0x1, 0x13, 0xf9, 0x3,
    0x32, 0xff, 0xff, 0xff, 0x3, 0x10, 0x0, 0xdd,
    0x0, 0x0, 0x0, 0x0, 0x0, 0x0, 0x0, 0x0,
    0xbf, 0x33, 0x71, 0x0, 0x0, 0x0, 0x0, 0x0,
    0x0, 0xaf, 0xee, 0xfe, 0x37, 0xff, 0xff, 0xff,
    0xff, 0x70, 0xc, 0xfb, 0x83, 0x0, 0x7f, 0x77,
    0x77, 0x77, 0xf7, 0x0, 0x10, 0x0, 0x0, 0x7,
    0xf1, 0x0, 0x0, 0x1f, 0x70, 0x0, 0x2, 0x59,
    0xd8, 0x7f, 0x10, 0x0, 0x1, 0xf7, 0x0, 0xae,
    0xff, 0xfb, 0x57, 0xf1, 0x0, 0x0, 0x1f, 0x70,
    0xc, 0xd9, 0x40, 0x0, 0x7f, 0xff, 0xff, 0xff,
    0xf7, 0x0, 0x0, 0x0, 0x0, 0x7, 0xf8, 0x77,
    0x77, 0x8f, 0x70, 0x0, 0x0, 0x0, 0x0, 0x7f,
    0x10, 0x0, 0x1, 0xf7, 0x0,

    /* U+7EDC "络" */
    0x0, 0x0, 0x0, 0x0, 0x0, 0x10, 0x0, 0x0,
    0x0, 0x0, 0x0, 0xd9, 0x0, 0x0, 0xc, 0xe0,
    0x0, 0x0, 0x0, 0x0, 0x3f, 0x60, 0x0, 0x4,
    0xfc, 0x66, 0x66, 0x50, 0x0, 0xa, 0xe0, 0x0,
    0x0, 0xcf, 0xff, 0xff, 0xfe, 0x0, 0x2, 0xf7,
    0x9, 0xb0, 0x7f, 0x90, 0x0, 0x3f, 0xa0, 0x0,
    0xbe, 0x2, 0xf9, 0x4f, 0xff, 0x20, 0xc, 0xf1,
    0x0, 0x6f, 0x97, 0xcf, 0x15, 0xc1, 0xde, 0x2a,
    0xf5, 0x0, 0x7, 0xff, 0xef, 0x80, 0x0, 0x2,
    0xef, 0xf7, 0x0, 0x0, 0x12, 0x1e, 0xd0, 0x0,
    0x0, 0x5e, 0xff, 0xb3, 0x0, 0x0, 0xa, 0xf3,
    0x0, 0x17, 0xdf, 0xd5, 0x9f, 0xfc, 0x60, 0x7,
    0xf7, 0x15, 0x28, 0xfd, 0x60, 0x0, 0x29, 0xff,
    0x15, 0xff, 0xcf, 0xf7, 0x16, 0x66, 0x66, 0x66,
    0x65, 0x30, 0x9f, 0xea, 0x61, 0x0, 0x9f, 0xff,
    0xff, 0xff, 0xd0, 0x1, 0x10, 0x0, 0x0, 0x9,
    0xe0, 0x0, 0x0, 0xad, 0x0, 0x0, 0x2, 0x59,
    0x90, 0x9e, 0x0, 0x0, 0xa, 0xd0, 0x5, 0xae,
    0xff, 0xe9, 0x9, 0xe0, 0x0, 0x0, 0xad, 0x0,
    0x9f, 0xd8, 0x30, 0x0, 0x9f, 0x77, 0x77, 0x7d,
    0xd0, 0x1, 0x20, 0x0, 0x0, 0x9, 0xfe, 0xee,
    0xee, 0xfd, 0x0, 0x0, 0x0, 0x0, 0x0, 0x9e,
    0x0, 0x0, 0xa, 0xd0, 0x0,

    /* U+7EDF "统" */
    0x0, 0x1, 0x0, 0x0, 0x0, 0x0, 0x20, 0x0,
    0x0, 0x0, 0x0, 0xcd, 0x0, 0x0, 0x0, 0xaf,
    0x10, 0x0, 0x0, 0x0, 0x1f, 0x80, 0x0, 0x0,
    0x4, 0xf6, 0x0, 0x0, 0x0, 0x8, 0xf1, 0x0,
    0x5f, 0xff, 0xff, 0xff, 0xff, 0xd0, 0x1, 0xe9,
    0x7, 0xe3, 0x77, 0xaf, 0xa7, 0x77, 0x76, 0x0,
    0x9f, 0x11, 0xeb, 0x0, 0xb, 0xf1, 0x9, 0x20,
    0x0, 0x3f, 0xb7, 0xbf, 0x30, 0x3, 0xf8, 0x1,
    0xeb, 0x0, 0x4, 0xff, 0xef, 0xa0, 0x0, 0xde,
    0x0, 0x7, 0xf4, 0x0, 0x2, 0xc, 0xf1, 0x0,
    0xaf, 0x41, 0x47, 0xaf, 0xb0, 0x0, 0x7, 0xf6,
    0x0, 0x4f, 0xff, 0xff, 0xfd, 0xbf, 0x20, 0x3,
    0xfb, 0x2, 0x21, 0x98, 0xfa, 0x5f, 0x61, 0xf9,
    0x2, 0xef, 0x9d, 0xfa, 0x0, 0x1f, 0x63, 0xf6,
    0x5, 0x0, 0x7f, 0xfe, 0xa4, 0x0, 0x4, 0xf4,
    0x3f, 0x60, 0x0, 0x1, 0x52, 0x0, 0x0, 0x0,
    0x8f, 0x13, 0xf6, 0x0, 0x0, 0x0, 0x0, 0x26,
    0x80, 0xd, 0xc0, 0x3f, 0x60, 0x6b, 0x12, 0x6a,
    0xef, 0xfe, 0x4, 0xf7, 0x3, 0xf6, 0x7, 0xf2,
    0x8f, 0xfc, 0x83, 0x0, 0xde, 0x0, 0x3f, 0x60,
    0x9f, 0x12, 0x61, 0x0, 0x0, 0xcf, 0x60, 0x2,
    0xfb, 0x6d, 0xf0, 0x0, 0x0, 0x0, 0xb, 0x80,
    0x0, 0x9, 0xef, 0xe7, 0x0, 0x0, 0x0, 0x0,
    0x0, 0x0, 0x0, 0x0, 0x0, 0x0,

    /* U+7EE7 "继" */
    0x0, 0xe, 0x90, 0x2, 0xf5, 0x20, 0xf, 0x80,
    0x21, 0x0, 0x3f, 0x40, 0x2, 0xf6, 0xf4, 0xf,
    0x80, 0xbd, 0x0, 0xad, 0x2, 0x12, 0xf5, 0xca,
    0xf, 0x80, 0xf7, 0x2, 0xf5, 0xc, 0xd2, 0xf5,
    0x7f, 0x1f, 0x86, 0xf1, 0xa, 0xd0, 0x4f, 0x62,
    0xf5, 0x1e, 0x3f, 0x88, 0xb0, 0x5f, 0x87, 0xde,
    0x2, 0xf5, 0x0, 0xf, 0x80, 0x0, 0x8f, 0xff,
    0xf5, 0x2, 0xf5, 0x67, 0x7f, 0xc7, 0x73, 0x24,
    0x2e, 0xc0, 0x2, 0xf5, 0xcf, 0xff, 0xff, 0xf6,
    0x0, 0xaf, 0x20, 0x2, 0xf5, 0x0, 0xef, 0x90,
    0x0, 0x6, 0xf6, 0x3, 0x12, 0xf5, 0x6, 0xff,
    0xf8, 0x0, 0x4f, 0xea, 0xef, 0x62, 0xf5, 0xd,
    0xcf, 0xdf, 0x90, 0xaf, 0xfc, 0x83, 0x2, 0xf5,
    0x8f, 0x3f, 0x87, 0xf9, 0x23, 0x0, 0x0, 0x2,
    0xf8, 0xfa, 0xf, 0x80, 0x82, 0x0, 0x2, 0x69,
    0x82, 0xf5, 0x71, 0xf, 0x80, 0x0, 0x6a, 0xef,
    0xfe, 0x82, 0xf5, 0x0, 0xf, 0x80, 0x0, 0xae,
    0xa6, 0x20, 0x2, 0xf7, 0x44, 0x48, 0x64, 0x43,
    0x0, 0x0, 0x0, 0x2, 0xff, 0xff, 0xff, 0xff,
    0xff, 0x0, 0x0, 0x0, 0x0, 0x11, 0x11, 0x11,
    0x11, 0x11,

    /* U+7EEA "绪" */
    0x0, 0xc, 0x70, 0x0, 0x0, 0x9, 0xe0, 0x0,
    0x10, 0x0, 0x3f, 0x60, 0x0, 0x12, 0x2a, 0xe2,
    0x22, 0xe8, 0x0, 0xae, 0x0, 0x0, 0x7f, 0xff,
    0xff, 0xff, 0xf2, 0x2, 0xf8, 0x9, 0xa0, 0x14,
    0x4b, 0xe4, 0xbf, 0x60, 0xa, 0xe0, 0x2f, 0x80,
    0x0, 0x9, 0xe4, 0xfb, 0x0, 0x5f, 0x74, 0xaf,
    0x11, 0x66, 0x6b, 0xff, 0xf7, 0x66, 0x8f, 0xff,
    0xf7, 0x2, 0xee, 0xef, 0xff, 0xee, 0xee, 0x24,
    0x2e, 0xc0, 0x0, 0x0, 0x5f, 0xc1, 0x0, 0x0,
    0x0, 0xaf, 0x20, 0x0, 0x8, 0xfe, 0x65, 0x55,
    0x51, 0x7, 0xf6, 0x15, 0x23, 0xdf, 0xff, 0xff,
    0xff, 0xf3, 0x6f, 0xec, 0xff, 0x61, 0xbc, 0xc1,
    0x11, 0x16, 0xf3, 0xaf, 0xda, 0x50, 0x0, 0xb,
    0xc1, 0x11, 0x16, 0xf3, 0x11, 0x0, 0x0, 0x0,
    0xb, 0xff, 0xff, 0xff, 0xf3, 0x0, 0x25, 0x9d,
    0xb0, 0xb, 0xd4, 0x44, 0x48, 0xf3, 0x9e, 0xff,
    0xfb, 0x50, 0xb, 0xc0, 0x0, 0x5, 0xf3, 0x9d,
    0x84, 0x0, 0x0, 0xb, 0xff, 0xff, 0xff, 0xf3,
    0x0, 0x0, 0x0, 0x0, 0xb, 0xd6, 0x66, 0x69,
    0xf3, 0x0, 0x0, 0x0, 0x0, 0xb, 0xc0, 0x0,
    0x5, 0xf3,

    /* U+7EED "续" */
    0x0, 0x1d, 0x40, 0x0, 0x0, 0x7, 0xf2, 0x0,
    0x0, 0x0, 0x6, 0xf3, 0x0, 0x6, 0x66, 0xaf,
    0x76, 0x64, 0x0, 0x0, 0xdc, 0x0, 0x2, 0xff,
    0xff, 0xff, 0xff, 0xc0, 0x0, 0x4f, 0x50, 0xc5,
    0x0, 0x0, 0x7f, 0x20, 0x0, 0x0, 0xc, 0xc0,
    0x7f, 0x32, 0x22, 0x29, 0xf4, 0x22, 0x21, 0x7,
    0xf8, 0x7f, 0xb0, 0xff, 0xff, 0xff, 0xff, 0xff,
    0x80, 0x8f, 0xef, 0xf3, 0x2, 0x23, 0x22, 0x33,
    0x27, 0xf4, 0x0, 0x2, 0xf9, 0x0, 0x0, 0xcb,
    0x19, 0xe0, 0xdb, 0x0, 0x0, 0xce, 0x0, 0x1,
    0x44, 0xfa, 0x9e, 0x8, 0x30, 0x0, 0x8f, 0x31,
    0x50, 0x6f, 0x64, 0x2a, 0xd0, 0x0, 0x0, 0x6f,
    0xdc, 0xfe, 0x0, 0x6f, 0x40, 0xcc, 0x0, 0x0,
    0xa, 0xfd, 0x93, 0x0, 0x22, 0x52, 0x2f, 0xa2,
    0x22, 0x20, 0x10, 0x0, 0x0, 0x5f, 0xff, 0xff,
    0xff, 0xff, 0xfe, 0x0, 0x1, 0x5a, 0xc1, 0x44,
    0x45, 0xfe, 0x44, 0x44, 0x30, 0x8d, 0xff, 0xfa,
    0x0, 0x1, 0xcf, 0x44, 0xd5, 0x0, 0x9, 0xea,
    0x50, 0x0, 0x6, 0xef, 0x40, 0x2c, 0xfb, 0x10,
    0x0, 0x0, 0x0, 0x5e, 0xfb, 0x20, 0x0, 0x7,
    0xfe, 0x0, 0x0, 0x0, 0x2, 0x93, 0x0, 0x0,
    0x0, 0x4, 0x70,

    /* U+7EFF "绿" */
    0x0, 0xa, 0x60, 0x0, 0x0, 0x0, 0x0, 0x0,
    0x0, 0x0, 0x2, 0xf7, 0x0, 0xb, 0xff, 0xff,
    0xff, 0xf0, 0x0, 0x0, 0x7f, 0x20, 0x0, 0x46,
    0x66, 0x66, 0xbf, 0x0, 0x0, 0xe, 0xb0, 0x0,
    0x0, 0x0, 0x0, 0x8, 0xf0, 0x0, 0x6, 0xf4,
    0xb, 0xb0, 0x24, 0x44, 0x44, 0xaf, 0x0, 0x0,
    0xec, 0x3, 0xf8, 0x8, 0xff, 0xff, 0xff, 0xf0,
    0x0, 0x8f, 0x87, 0xce, 0x10, 0x1, 0x11, 0x11,
    0x8f, 0x0, 0x8, 0xff, 0xef, 0x61, 0x44, 0x44,
    0x44, 0x4a, 0xf4, 0x40, 0x11, 0x1e, 0xc0, 0x4f,
    0xff, 0xff, 0xff, 0xff, 0xff, 0x0, 0xb, 0xf2,
    0x0, 0x11, 0x11, 0x5f, 0x41, 0x21, 0x10, 0x7,
    0xf6, 0x5, 0x23, 0xd3, 0x4, 0xf3, 0x9, 0xc1,
    0x6, 0xfe, 0xbf, 0xf6, 0x1c, 0xf3, 0x4f, 0x83,
    0xfb, 0x0, 0xaf, 0xfb, 0x61, 0x0, 0x1d, 0x44,
    0xff, 0xde, 0x10, 0x2, 0x20, 0x0, 0x0, 0x0,
    0x5, 0xef, 0xef, 0x40, 0x0, 0x0, 0x2, 0x6a,
    0x80, 0x1a, 0xfd, 0xf5, 0xfc, 0x10, 0x6, 0xae,
    0xff, 0xe9, 0x8f, 0xf7, 0x4f, 0x34, 0xfd, 0x30,
    0xaf, 0xd8, 0x30, 0x1f, 0xd3, 0x5, 0xf3, 0x4,
    0xff, 0x12, 0x10, 0x0, 0x0, 0x50, 0x38, 0xbf,
    0x20, 0x2, 0x80, 0x0, 0x0, 0x0, 0x0, 0x3,
    0xff, 0x90, 0x0, 0x0, 0x0,

    /* U+7F16 "编" */
    0x0, 0x0, 0x0, 0x0, 0x0, 0x0, 0x1, 0x0,
    0x0, 0x0, 0x0, 0x4f, 0x30, 0x0, 0x0, 0xe,
    0xa0, 0x0, 0x0, 0x0, 0x9, 0xf0, 0x0, 0x22,
    0x22, 0xbf, 0x22, 0x22, 0x0, 0x0, 0xfa, 0x0,
    0xe, 0xff, 0xff, 0xff, 0xff, 0xf4, 0x0, 0x7f,
    0x31, 0xc3, 0xea, 0x44, 0x44, 0x44, 0x6f, 0x40,
    0xe, 0xb0, 0x9f, 0x1e, 0x90, 0x0, 0x0, 0x3,
    0xf4, 0x9, 0xf5, 0x4f, 0x90, 0xec, 0x77, 0x77,
    0x77, 0x9f, 0x40, 0xaf, 0xff, 0xf1, 0xe, 0xfe,
    0xee, 0xee, 0xee, 0xe3, 0x1, 0x24, 0xf6, 0x0,
    0xe9, 0x0, 0x0, 0x0, 0x0, 0x0, 0x0, 0xdb,
    0x0, 0xe, 0x9e, 0xff, 0xff, 0xff, 0xf7, 0x0,
    0xae, 0x25, 0x60, 0xe8, 0xfb, 0xaf, 0x9f, 0x7f,
    0x70, 0x9f, 0xdf, 0xfa, 0xf, 0x8f, 0x86, 0xe3,
    0xf0, 0xe7, 0xb, 0xfc, 0x71, 0x0, 0xf7, 0xf9,
    0x7e, 0x5f, 0x2e, 0x70, 0x10, 0x0, 0x0, 0x2f,
    0x5f, 0xff, 0xff, 0xff, 0xf7, 0x0, 0x4, 0x8c,
    0xc4, 0xf2, 0xf9, 0x8e, 0x5f, 0x3e, 0x70, 0xbf,
    0xff, 0xe8, 0x8f, 0xf, 0x86, 0xe3, 0xf0, 0xe7,
    0xb, 0xd8, 0x40, 0xd, 0xb0, 0xf8, 0x4a, 0x2b,
    0xe, 0x70, 0x0, 0x0, 0x3, 0xf5, 0xf, 0x80,
    0x0, 0x36, 0xf7, 0x0, 0x0, 0x0, 0x9, 0x0,
    0xf8, 0x0, 0x3, 0xfd, 0x10, 0x0, 0x0, 0x0,
    0x0, 0x1, 0x0, 0x0, 0x0, 0x0,

    /* U+7F29 "缩" */
    0x0, 0x0, 0x0, 0x0, 0x0, 0x0, 0x10, 0x0,
    0x0, 0x0, 0x2f, 0x50, 0x0, 0x0, 0xe, 0x90,
    0x0, 0x0, 0x0, 0x8f, 0x20, 0x6, 0x66, 0x6c,
    0xf6, 0x66, 0x64, 0x0, 0xec, 0x0, 0x1f, 0xff,
    0xff, 0xff, 0xff, 0xfa, 0x5, 0xf4, 0xc, 0x6f,
    0x60, 0x0, 0x0, 0x0, 0xda, 0xd, 0xc0, 0x8f,
    0x4d, 0x7e, 0x35, 0x55, 0x55, 0x84, 0x7f, 0x87,
    0xfb, 0x0, 0x7e, 0x2f, 0xff, 0xff, 0xf4, 0x8f,
    0xef, 0xf3, 0x0, 0xd9, 0x0, 0xd, 0x90, 0x0,
    0x0, 0x2f, 0xa0, 0x4, 0xf6, 0x4, 0x4f, 0x94,
    0x40, 0x0, 0xce, 0x10, 0xc, 0xf6, 0xf, 0xff,
    0xff, 0xf0, 0x7, 0xf4, 0x4, 0x6f, 0xf6, 0xf,
    0x70, 0x7, 0xf0, 0x4f, 0xdb, 0xff, 0x5c, 0xf6,
    0xf, 0x70, 0x7, 0xf0, 0xbf, 0xfc, 0x61, 0x3,
    0xf6, 0xf, 0xa6, 0x6a, 0xf0, 0x34, 0x0, 0x0,
    0x1, 0xf6, 0xf, 0xff, 0xff, 0xf0, 0x0, 0x2,
    0x69, 0x1, 0xf6, 0xf, 0x70, 0x7, 0xf0, 0x5a,
    0xef, 0xfd, 0x1, 0xf6, 0xf, 0x70, 0x7, 0xf0,
    0xbf, 0xd9, 0x30, 0x1, 0xf6, 0xf, 0x95, 0x59,
    0xf0, 0x22, 0x0, 0x0, 0x1, 0xf6, 0xf, 0xfe,
    0xef, 0xf0, 0x0, 0x0, 0x0, 0x1, 0xf6, 0xf,
    0x70, 0x7, 0xf0,

    /* U+7F51 "网" */
    0xf, 0xff, 0xff, 0xff, 0xff, 0xff, 0xff, 0xff,
    0xf1, 0xf, 0xc7, 0x77, 0x77, 0x77, 0x77, 0x77,
    0x7b, 0xf1, 0xf, 0x80, 0x0, 0x16, 0x10, 0x0,
    0x16, 0x17, 0xf1, 0xf, 0x80, 0x0, 0x5f, 0x41,
    0x0, 0x6f, 0x37, 0xf1, 0xf, 0x85, 0xe1, 0x7f,
    0x4e, 0x50, 0x9f, 0x17, 0xf1, 0xf, 0x81, 0xec,
    0x9f, 0xd, 0xe0, 0xce, 0x7, 0xf1, 0xf, 0x80,
    0x5f, 0xfc, 0x4, 0xf9, 0xfb, 0x7, 0xf1, 0xf,
    0x80, 0xb, 0xf9, 0x0, 0xaf, 0xf6, 0x7, 0xf1,
    0xf, 0x80, 0x5, 0xf9, 0x0, 0x1e, 0xf2, 0x7,
    0xf1, 0xf, 0x80, 0x9, 0xff, 0x10, 0xe, 0xf4,
    0x7, 0xf1, 0xf, 0x80, 0x1f, 0xcf, 0x80, 0x7f,
    0xfc, 0x7, 0xf1, 0xf, 0x80, 0x8f, 0x3b, 0xf2,
    0xfd, 0x7f, 0x47, 0xf1, 0xf, 0x82, 0xfb, 0x3,
    0x3b, 0xf4, 0xf, 0xb7, 0xf1, 0xf, 0x8c, 0xf2,
    0x0, 0x8f, 0x90, 0x8, 0xb7, 0xf1, 0xf, 0x8d,
    0x60, 0x0, 0x7b, 0x0, 0x1, 0x7, 0xf1, 0xf,
    0x81, 0x0, 0x0, 0x0, 0x0, 0x0, 0x8, 0xf1,
    0xf, 0x80, 0x0, 0x0, 0x0, 0x0, 0x3a, 0x9e,
    0xf0, 0xf, 0x80, 0x0, 0x0, 0x0, 0x0, 0x1e,
    0xfe, 0x60, 0x1, 0x0, 0x0, 0x0, 0x0, 0x0,
    0x0, 0x0, 0x0,

    /* U+7F6E "置" */
    0x5, 0xff, 0xff, 0xff, 0xff, 0xff, 0xff, 0xff,
    0x30, 0x5, 0xf5, 0x44, 0xea, 0x44, 0xad, 0x44,
    0x6f, 0x30, 0x5, 0xf5, 0x44, 0xea, 0x44, 0xad,
    0x44, 0x6f, 0x30, 0x5, 0xff, 0xff, 0xff, 0xff,
    0xff, 0xff, 0xff, 0x30, 0x0, 0x0, 0x0, 0x0,
    0xcc, 0x0, 0x0, 0x0, 0x0, 0x16, 0x66, 0x66,
    0x66, 0xed, 0x66, 0x66, 0x66, 0x60, 0x2e, 0xee,
    0xee, 0xee, 0xff, 0xee, 0xee, 0xee, 0xe0, 0x0,
    0x3, 0x33, 0x33, 0xf9, 0x33, 0x33, 0x30, 0x0,
    0x0, 0x1f, 0xff, 0xff, 0xff, 0xff, 0xff, 0xf4,
    0x0, 0x0, 0x1f, 0x83, 0x33, 0x33, 0x33, 0x35,
    0xf4, 0x0, 0x0, 0x1f, 0xff, 0xff, 0xff, 0xff,
    0xff, 0xf4, 0x0, 0x0, 0x1f, 0x72, 0x22, 0x22,
    0x22, 0x24, 0xf4, 0x0, 0x0, 0x1f, 0xff, 0xff,
    0xff, 0xff, 0xff, 0xf4, 0x0, 0x0, 0x1f, 0x72,
    0x22, 0x22, 0x22, 0x24, 0xf4, 0x0, 0x0, 0x1f,
    0xff, 0xff, 0xff, 0xff, 0xff, 0xf4, 0x0, 0x0,
    0x1f, 0x71, 0x11, 0x11, 0x11, 0x13, 0xf4, 0x0,
    0x45, 0x6f, 0x95, 0x55, 0x55, 0x55, 0x56, 0xf8,
    0x54, 0xdf, 0xff, 0xff, 0xff, 0xff, 0xff, 0xff,
    0xff, 0xfe,

    /* U+80CC "背" */
    0x0, 0x0, 0x0, 0xea, 0x1, 0xe7, 0x0, 0x37,
    0x60, 0x5e, 0xee, 0xee, 0xfa, 0x1, 0xfc, 0xcf,
    0xfc, 0x80, 0x25, 0x55, 0x55, 0xfa, 0x1, 0xfe,
    0xa5, 0x10, 0x20, 0x0, 0x0, 0x2, 0xfa, 0x1,
    0xf7, 0x0, 0x0, 0xe8, 0x0, 0x28, 0xdf, 0xfa,
    0x1, 0xf8, 0x0, 0x4, 0xf6, 0x6d, 0xff, 0xb5,
    0xea, 0x0, 0xdf, 0xed, 0xef, 0xe1, 0x6d, 0x71,
    0x0, 0xe9, 0x0, 0x15, 0x67, 0x75, 0x10, 0x0,
    0x13, 0x33, 0x33, 0x33, 0x33, 0x33, 0x31, 0x0,
    0x0, 0x9f, 0xff, 0xff, 0xff, 0xff, 0xff, 0xf6,
    0x0, 0x0, 0x9f, 0x33, 0x33, 0x33, 0x33, 0x33,
    0xf6, 0x0, 0x0, 0x9f, 0x66, 0x66, 0x66, 0x66,
    0x66, 0xf6, 0x0, 0x0, 0x9f, 0xff, 0xff, 0xff,
    0xff, 0xff, 0xf6, 0x0, 0x0, 0x9f, 0x0, 0x0,
    0x0, 0x0, 0x0, 0xf6, 0x0, 0x0, 0x9f, 0xff,
    0xff, 0xff, 0xff, 0xff, 0xf6, 0x0, 0x0, 0x9f,
    0x66, 0x66, 0x66, 0x66, 0x66, 0xf6, 0x0, 0x0,
    0x9f, 0x0, 0x0, 0x0, 0x0, 0x0, 0xf6, 0x0,
    0x0, 0x9f, 0x0, 0x0, 0x0, 0x59, 0x79, 0xf5,
    0x0, 0x0, 0x9f, 0x0, 0x0, 0x0, 0x4d, 0xff,
    0xb0, 0x0,

    /* U+80FD "能" */
    0x0, 0x0, 0x62, 0x0, 0x0, 0x0, 0x0, 0x0,
    0x0, 0x0, 0x0, 0x6f, 0x60, 0x0, 0x9, 0xe0,
    0x0, 0x0, 0x0, 0x0, 0x2f, 0xd0, 0xab, 0x0,
    0x9e, 0x0, 0x27, 0xc1, 0x0, 0x1d, 0xf3, 0x6,
    0xf7, 0x9, 0xf7, 0xcf, 0xfc, 0x40, 0x1d, 0xf9,
    0x58, 0xaf, 0xf2, 0x9f, 0xfc, 0x82, 0x0, 0x8,
    0xff, 0xff, 0xec, 0xbf, 0xa9, 0xf1, 0x0, 0x0,
    0x0, 0x25, 0x42, 0x0, 0x0, 0x73, 0x9e, 0x0,
    0x0, 0x7c, 0x0, 0x59, 0x99, 0x99, 0x94, 0x8,
    0xf1, 0x0, 0xc, 0xc0, 0xa, 0xfe, 0xee, 0xef,
    0x80, 0x4f, 0xfe, 0xef, 0xf6, 0x0, 0xae, 0x0,
    0x0, 0xf8, 0x0, 0x25, 0x66, 0x63, 0x0, 0xa,
    0xf4, 0x44, 0x4f, 0x80, 0x6a, 0x0, 0x0, 0x0,
    0x0, 0xaf, 0xff, 0xff, 0xf8, 0x9, 0xe0, 0x0,
    0x17, 0x20, 0xa, 0xe0, 0x0, 0xf, 0x80, 0x9e,
    0x16, 0xbf, 0xf9, 0x0, 0xaf, 0x44, 0x44, 0xf8,
    0x9, 0xff, 0xfd, 0x82, 0x0, 0xa, 0xff, 0xff,
    0xff, 0x80, 0x9f, 0x51, 0x0, 0x0, 0x0, 0xae,
    0x0, 0x0, 0xf8, 0x9, 0xe0, 0x0, 0x2, 0x91,
    0xa, 0xe0, 0x0, 0xf, 0x80, 0x9e, 0x0, 0x0,
    0x5f, 0x30, 0xae, 0x5, 0x78, 0xf7, 0x7, 0xf8,
    0x66, 0x7d, 0xe0, 0xa, 0xe0, 0x7e, 0xfc, 0x10,
    0x1a, 0xef, 0xff, 0xd5, 0x0, 0x12, 0x0, 0x0,
    0x0, 0x0, 0x0, 0x0, 0x0, 0x0,

    /* U+8155 "腕" */
    0x0, 0x0, 0x0, 0x0, 0x0, 0x2, 0x30, 0x0,
    0x0, 0x0, 0xff, 0xff, 0xf0, 0x0, 0x0, 0xcc,
    0x0, 0x0, 0x0, 0xf, 0xa6, 0xaf, 0x2, 0x22,
    0x28, 0xf4, 0x22, 0x21, 0x0, 0xf7, 0x7, 0xf0,
    0xff, 0xff, 0xff, 0xff, 0xff, 0xa0, 0xf, 0x70,
    0x7f, 0xf, 0x83, 0x33, 0x33, 0x33, 0xda, 0x0,
    0xf9, 0x49, 0xf0, 0xc5, 0x0, 0x0, 0x0, 0x8,
    0x70, 0xf, 0xff, 0xff, 0x0, 0xc6, 0x0, 0x0,
    0x0, 0x0, 0x0, 0xf7, 0x7, 0xf0, 0xf, 0xfe,
    0xe7, 0xee, 0xee, 0x50, 0xf, 0x70, 0x7f, 0x4,
    0xf7, 0x9f, 0x6f, 0x98, 0xf5, 0x0, 0xf7, 0x7,
    0xf0, 0xac, 0x6, 0xf4, 0xf2, 0xf, 0x50, 0xf,
    0xff, 0xff, 0x2f, 0x80, 0x9d, 0x4f, 0x20, 0xf5,
    0x0, 0xfa, 0x7b, 0xfb, 0xff, 0x5d, 0xa4, 0xf2,
    0xf, 0x50, 0x1f, 0x40, 0x7f, 0x35, 0x83, 0xf6,
    0x4f, 0x20, 0xf5, 0x3, 0xf3, 0x7, 0xf0, 0x0,
    0x7f, 0x14, 0xf4, 0xef, 0x30, 0x4f, 0x10, 0x7f,
    0x0, 0xe, 0xa0, 0x4f, 0x26, 0x40, 0x7, 0xf0,
    0x7, 0xf0, 0x7, 0xf3, 0x4, 0xf2, 0x0, 0x0,
    0x9d, 0x0, 0x7f, 0x4, 0xf9, 0x0, 0x4f, 0x20,
    0x4d, 0x1c, 0xb1, 0x6c, 0xe5, 0xfd, 0x0, 0x3,
    0xf8, 0x6b, 0xf1, 0xc8, 0xe, 0xf7, 0x6c, 0x10,
    0x0, 0xc, 0xee, 0xd8, 0x0, 0x10, 0x0, 0x0,
    0x0, 0x0, 0x0, 0x0, 0x0, 0x0,

    /* U+81C2 "臂" */
    0x0, 0x0, 0x0, 0x0, 0x0, 0x0, 0x15, 0x0,
    0x0, 0x0, 0x7f, 0xff, 0xff, 0xf7, 0xaf, 0xff,
    0xff, 0xff, 0xd0, 0x7, 0xf4, 0x44, 0x4f, 0x72,
    0x8f, 0x54, 0x5f, 0x93, 0x0, 0x7f, 0xdd, 0xdd,
    0xf7, 0x0, 0xf8, 0x6, 0xf2, 0x0, 0x8, 0xfc,
    0xcc, 0xcc, 0x5c, 0xef, 0xfe, 0xff, 0xee, 0x10,
    0xac, 0x23, 0x33, 0x31, 0x9a, 0xab, 0xfc, 0xaa,
    0xa0, 0xe, 0x8c, 0xff, 0xff, 0x72, 0x44, 0x5f,
    0x84, 0x43, 0x6, 0xf2, 0xc7, 0x0, 0xc7, 0x8e,
    0xee, 0xfe, 0xee, 0x90, 0x9a, 0xc, 0xff, 0xff,
    0x70, 0x0, 0x1f, 0x50, 0x0, 0x0, 0x2, 0x67,
    0x77, 0x75, 0x33, 0x33, 0x94, 0x20, 0x0, 0x0,
    0xbf, 0xff, 0xff, 0xff, 0xff, 0xff, 0xff, 0x0,
    0x0, 0xb, 0xc2, 0x22, 0x22, 0x22, 0x22, 0x29,
    0xf0, 0x0, 0x0, 0xbf, 0xee, 0xee, 0xee, 0xee,
    0xee, 0xff, 0x0, 0x0, 0xb, 0xd6, 0x66, 0x66,
    0x66, 0x66, 0x6b, 0xf0, 0x0, 0x0, 0xbd, 0x44,
    0x44, 0x44, 0x44, 0x44, 0xaf, 0x0, 0x0, 0xb,
    0xff, 0xff, 0xff, 0xff, 0xff, 0xff, 0xf0, 0x0,
    0x0, 0xbc, 0x0, 0x0, 0x0, 0x0, 0x0, 0x8f,
    0x0, 0x0, 0xb, 0xc0, 0x0, 0x0, 0x0, 0x29,
    0x8e, 0xe0, 0x0, 0x0, 0xbc, 0x0, 0x0, 0x0,
    0x0, 0xef, 0xe5, 0x0, 0x0,

    /* U+81EA "自" */
    0x0, 0x0, 0x0, 0x21, 0x0, 0x0, 0x0, 0x0,
    0x0, 0x0, 0x0, 0xbf, 0x10, 0x0, 0x0, 0x0,
    0x0, 0x0, 0x1, 0xfa, 0x0, 0x0, 0x0, 0x0,
    0x1f, 0xff, 0xff, 0xff, 0xff, 0xff, 0xff, 0xf1,
    0x1f, 0xc8, 0x88, 0x88, 0x88, 0x88, 0x8c, 0xf1,
    0x1f, 0x70, 0x0, 0x0, 0x0, 0x0, 0x7, 0xf1,
    0x1f, 0x70, 0x0, 0x0, 0x0, 0x0, 0x7, 0xf1,
    0x1f, 0xc8, 0x88, 0x88, 0x88, 0x88, 0x8c, 0xf1,
    0x1f, 0xff, 0xff, 0xff, 0xff, 0xff, 0xff, 0xf1,
    0x1f, 0x70, 0x0, 0x0, 0x0, 0x0, 0x7, 0xf1,
    0x1f, 0x70, 0x0, 0x0, 0x0, 0x0, 0x7, 0xf1,
    0x1f, 0xb7, 0x77, 0x77, 0x77, 0x77, 0x7b, 0xf1,
    0x1f, 0xff, 0xff, 0xff, 0xff, 0xff, 0xff, 0xf1,
    0x1f, 0x70, 0x0, 0x0, 0x0, 0x0, 0x7, 0xf1,
    0x1f, 0x70, 0x0, 0x0, 0x0, 0x0, 0x7, 0xf1,
    0x1f, 0x94, 0x44, 0x44, 0x44, 0x44, 0x49, 0xf1,
    0x1f, 0xff, 0xff, 0xff, 0xff, 0xff, 0xff, 0xf1,
    0x1f, 0x93, 0x33, 0x33, 0x33, 0x33, 0x39, 0xf1,
    0x1f, 0x70, 0x0, 0x0, 0x0, 0x0, 0x7, 0xf1,

    /* U+81F4 "致" */
    0x0, 0x0, 0x0, 0x0, 0x0, 0x0, 0x78, 0x0,
    0x0, 0x0, 0xa, 0xff, 0xff, 0xff, 0xff, 0x0,
    0xce, 0x0, 0x0, 0x0, 0x5, 0x77, 0xef, 0x77,
    0x77, 0x0, 0xfa, 0x0, 0x0, 0x0, 0x0, 0x2,
    0xfa, 0x0, 0x0, 0x2, 0xf7, 0x0, 0x0, 0x0,
    0x0, 0x8, 0xf4, 0x3b, 0x10, 0x6, 0xff, 0xff,
    0xff, 0x90, 0x0, 0x1f, 0xe0, 0x4f, 0x80, 0xb,
    0xf8, 0x88, 0xed, 0x50, 0x0, 0x8f, 0x60, 0xc,
    0xf0, 0xf, 0xa0, 0x0, 0xf9, 0x0, 0x3, 0xfe,
    0x69, 0xcf, 0xf5, 0x5f, 0x80, 0x1, 0xf8, 0x0,
    0x4, 0xff, 0xff, 0xc9, 0xfb, 0xbf, 0xd0, 0x4,
    0xf5, 0x0, 0x0, 0x75, 0x31, 0x0, 0x86, 0xff,
    0xf2, 0x8, 0xf2, 0x0, 0x0, 0x0, 0x5f, 0x40,
    0x0, 0xb4, 0xf9, 0xc, 0xe0, 0x0, 0x0, 0x0,
    0x5f, 0x40, 0x0, 0x0, 0x9f, 0x3f, 0xa0, 0x0,
    0x2, 0x77, 0xaf, 0x97, 0x73, 0x0, 0x2f, 0xef,
    0x40, 0x0, 0x5, 0xff, 0xff, 0xff, 0xf6, 0x0,
    0xa, 0xfd, 0x0, 0x0, 0x0, 0x0, 0x5f, 0x40,
    0x0, 0x0, 0xc, 0xfd, 0x10, 0x0, 0x0, 0x0,
    0x5f, 0x40, 0x23, 0x0, 0xaf, 0xcf, 0xc0, 0x0,
    0x1, 0x36, 0xaf, 0xef, 0xfd, 0xa, 0xfb, 0x8,
    0xfc, 0x10, 0xd, 0xff, 0xfe, 0xb8, 0x54, 0xdf,
    0xb0, 0x0, 0xaf, 0xd0, 0x5, 0x74, 0x10, 0x0,
    0x0, 0xa8, 0x0, 0x0, 0x9, 0x60, 0x0, 0x0,
    0x0, 0x0, 0x0, 0x0, 0x0, 0x0, 0x0, 0x0,

    /* U+822C "般" */
    0x0, 0x0, 0xa, 0x70, 0x0, 0x0, 0x0, 0x0,
    0x0, 0x0, 0x0, 0x0, 0x1f, 0x80, 0x0, 0x7,
    0xff, 0xff, 0xf1, 0x0, 0x0, 0x0, 0x6f, 0x30,
    0x0, 0x8, 0xf7, 0x7b, 0xf1, 0x0, 0x0, 0xdf,
    0xff, 0xff, 0xf0, 0x8, 0xe0, 0x8, 0xf1, 0x0,
    0x0, 0xeb, 0x77, 0x7a, 0xf1, 0x9, 0xd0, 0x8,
    0xf1, 0x0, 0x0, 0xe8, 0x7a, 0x6, 0xf1, 0xc,
    0xa0, 0x8, 0xf1, 0x0, 0x0, 0xe8, 0x5f, 0x56,
    0xf1, 0x2f, 0x60, 0x7, 0xf4, 0x10, 0x0, 0xe8,
    0xa, 0xb6, 0xf1, 0xbe, 0x0, 0x3, 0xff, 0xa0,
    0x2, 0xe9, 0x23, 0x28, 0xf1, 0x23, 0x0, 0x0,
    0x2, 0x10, 0xf, 0xff, 0xff, 0xff, 0xf1, 0xaf,
    0xff, 0xff, 0xff, 0x0, 0x4, 0xea, 0x44, 0x49,
    0xf1, 0x4e, 0xd7, 0x77, 0xee, 0x0, 0x0, 0xe7,
    0x49, 0x6, 0xf1, 0x9, 0xf0, 0x1, 0xfb, 0x0,
    0x0, 0xf7, 0x6f, 0x6, 0xf1, 0x4, 0xf6, 0x6,
    0xf6, 0x0, 0x0, 0xf6, 0x5f, 0x26, 0xf1, 0x0,
    0xde, 0x1d, 0xf1, 0x0, 0x1, 0xf5, 0x3f, 0x36,
    0xf1, 0x0, 0x5f, 0xdf, 0x90, 0x0, 0x3, 0xf3,
    0x17, 0x16, 0xf1, 0x0, 0xc, 0xff, 0x10, 0x0,
    0x6, 0xf1, 0x0, 0x6, 0xf1, 0x0, 0x9f, 0xff,
    0xb2, 0x0, 0xa, 0xe0, 0x7, 0x8c, 0xf1, 0x8f,
    0xfc, 0x3a, 0xff, 0x90, 0xd, 0x90, 0xa, 0xff,
    0x90, 0xed, 0x60, 0x0, 0x5d, 0xc0, 0x0, 0x10,
    0x0, 0x0, 0x0, 0x20, 0x0, 0x0, 0x0, 0x10,

    /* U+8272 "色" */
    0x0, 0x0, 0x0, 0x0, 0x0, 0x0, 0x0, 0x0,
    0x0, 0x0, 0x0, 0x0, 0xe, 0xc0, 0x0, 0x0,
    0x0, 0x0, 0x0, 0x0, 0x0, 0x9, 0xfb, 0x77,
    0x77, 0x76, 0x0, 0x0, 0x0, 0x0, 0x7, 0xff,
    0xff, 0xff, 0xff, 0xe0, 0x0, 0x0, 0x0, 0x7,
    0xfb, 0x0, 0x0, 0x3, 0xf7, 0x0, 0x0, 0x0,
    0x9, 0xfb, 0x0, 0x0, 0x0, 0xdc, 0x0, 0x0,
    0x0, 0xc, 0xff, 0xff, 0xff, 0xff, 0xff, 0xff,
    0xff, 0xf0, 0x0, 0xa7, 0xec, 0x77, 0x77, 0xcf,
    0x77, 0x77, 0xaf, 0x10, 0x0, 0xe, 0xa0, 0x0,
    0x9, 0xe0, 0x0, 0x6, 0xf1, 0x0, 0x0, 0xea,
    0x0, 0x0, 0x9e, 0x0, 0x0, 0x6f, 0x10, 0x0,
    0xe, 0xa0, 0x0, 0x9, 0xe0, 0x0, 0x6, 0xf1,
    0x0, 0x0, 0xed, 0x77, 0x77, 0xcf, 0x77, 0x77,
    0xbf, 0x10, 0x0, 0xe, 0xfe, 0xee, 0xee, 0xee,
    0xee, 0xee, 0xe0, 0x0, 0x0, 0xea, 0x0, 0x0,
    0x0, 0x0, 0x0, 0x0, 0x0, 0x0, 0xe, 0xa0,
    0x0, 0x0, 0x0, 0x0, 0x0, 0x3, 0x0, 0x0,
    0xea, 0x0, 0x0, 0x0, 0x0, 0x0, 0x0, 0xcb,
    0x0, 0xe, 0xa0, 0x0, 0x0, 0x0, 0x0, 0x0,
    0xf, 0x90, 0x0, 0xdf, 0xa8, 0x87, 0x77, 0x78,
    0x89, 0xad, 0xf4, 0x0, 0x3, 0xcd, 0xef, 0xff,
    0xff, 0xff, 0xed, 0xc7, 0x0,

    /* U+8282 "节" */
    0x0, 0x0, 0x1f, 0x80, 0x0, 0x8, 0xf1, 0x0,
    0x0, 0x44, 0x44, 0x5f, 0xa4, 0x44, 0x4a, 0xf5,
    0x44, 0x43, 0xef, 0xff, 0xff, 0xff, 0xff, 0xff,
    0xff, 0xff, 0xfb, 0x11, 0x11, 0x2f, 0x81, 0x11,
    0x18, 0xf2, 0x11, 0x11, 0x0, 0x0, 0x1f, 0x80,
    0x0, 0x8, 0xf1, 0x0, 0x0, 0x0, 0x0, 0x3,
    0x10, 0x0, 0x1, 0x30, 0x0, 0x0, 0x3, 0x44,
    0x44, 0x44, 0x44, 0x44, 0x44, 0x44, 0x0, 0xa,
    0xff, 0xff, 0xff, 0xff, 0xff, 0xff, 0xff, 0x0,
    0x1, 0x33, 0x33, 0x9f, 0x43, 0x33, 0x33, 0xaf,
    0x0, 0x0, 0x0, 0x0, 0x8f, 0x20, 0x0, 0x0,
    0xaf, 0x0, 0x0, 0x0, 0x0, 0x8f, 0x20, 0x0,
    0x0, 0xce, 0x0, 0x0, 0x0, 0x0, 0x8f, 0x20,
    0x0, 0x0, 0xdd, 0x0, 0x0, 0x0, 0x0, 0x8f,
    0x20, 0x0, 0x0, 0xfb, 0x0, 0x0, 0x0, 0x0,
    0x8f, 0x20, 0x25, 0x34, 0xf8, 0x0, 0x0, 0x0,
    0x0, 0x8f, 0x20, 0x3f, 0xff, 0xf2, 0x0, 0x0,
    0x0, 0x0, 0x8f, 0x20, 0x3, 0x56, 0x20, 0x0,
    0x0, 0x0, 0x0, 0x8f, 0x20, 0x0, 0x0, 0x0,
    0x0, 0x0, 0x0, 0x0, 0x8f, 0x20, 0x0, 0x0,
    0x0, 0x0,

    /* U+82E5 "若" */
    0x0, 0x0, 0x2f, 0x60, 0x0, 0x9, 0xf0, 0x0,
    0x0, 0x44, 0x44, 0x6f, 0x94, 0x44, 0x4b, 0xf4,
    0x44, 0x43, 0xef, 0xff, 0xff, 0xff, 0xff, 0xff,
    0xff, 0xff, 0xfb, 0x11, 0x11, 0x3f, 0x71, 0x21,
    0x1a, 0xf1, 0x11, 0x11, 0x0, 0x0, 0x2f, 0x65,
    0xe4, 0x9, 0xf0, 0x0, 0x0, 0x0, 0x0, 0x3,
    0x1c, 0xe0, 0x2, 0x30, 0x0, 0x0, 0x68, 0x88,
    0x88, 0x9f, 0xd8, 0x88, 0x88, 0x88, 0x84, 0xbf,
    0xff, 0xff, 0xff, 0xff, 0xff, 0xff, 0xff, 0xf8,
    0x0, 0x0, 0xb, 0xf4, 0x0, 0x0, 0x0, 0x0,
    0x0, 0x0, 0x0, 0x9f, 0x80, 0x0, 0x0, 0x0,
    0x0, 0x0, 0x0, 0xa, 0xfe, 0x77, 0x77, 0x77,
    0x77, 0x77, 0x0, 0x3, 0xdf, 0xff, 0xff, 0xff,
    0xff, 0xff, 0xff, 0x0, 0x9f, 0xe8, 0xf5, 0x0,
    0x0, 0x0, 0x0, 0x8f, 0x0, 0x7a, 0x12, 0xf5,
    0x0, 0x0, 0x0, 0x0, 0x8f, 0x0, 0x0, 0x2,
    0xf5, 0x0, 0x0, 0x0, 0x0, 0x8f, 0x0, 0x0,
    0x2, 0xfa, 0x88, 0x88, 0x88, 0x88, 0xcf, 0x0,
    0x0, 0x2, 0xff, 0xff, 0xff, 0xff, 0xff, 0xff,
    0x0, 0x0, 0x2, 0xf5, 0x0, 0x0, 0x0, 0x0,
    0x8f, 0x0,

    /* U+82F1 "英" */
    0x0, 0x0, 0xf, 0x90, 0x0, 0x5, 0xf3, 0x0,
    0x0, 0x5, 0x88, 0x88, 0xfc, 0x88, 0x88, 0xaf,
    0xa8, 0x88, 0x70, 0xaf, 0xff, 0xff, 0xff, 0xff,
    0xff, 0xff, 0xff, 0xfe, 0x0, 0x0, 0x0, 0xf9,
    0x0, 0x0, 0x5f, 0x30, 0x0, 0x0, 0x0, 0x0,
    0x5, 0x30, 0xac, 0x1, 0x51, 0x0, 0x0, 0x0,
    0x0, 0x0, 0x0, 0xb, 0xc0, 0x0, 0x0, 0x0,
    0x0, 0x0, 0x8f, 0xff, 0xff, 0xff, 0xff, 0xff,
    0xf7, 0x0, 0x0, 0x8, 0xf7, 0x77, 0x7d, 0xe7,
    0x77, 0x7f, 0x80, 0x0, 0x0, 0x8f, 0x0, 0x0,
    0xbc, 0x0, 0x0, 0xf8, 0x0, 0x0, 0x8, 0xf0,
    0x0, 0xc, 0xb0, 0x0, 0xf, 0x80, 0x0, 0x22,
    0x9f, 0x22, 0x22, 0xfb, 0x22, 0x22, 0xf9, 0x22,
    0xd, 0xff, 0xff, 0xff, 0xff, 0xff, 0xff, 0xff,
    0xff, 0xf0, 0x34, 0x44, 0x44, 0x7f, 0xb7, 0xf6,
    0x44, 0x44, 0x44, 0x0, 0x0, 0x0, 0x5f, 0xd1,
    0xb, 0xe3, 0x0, 0x0, 0x0, 0x0, 0x2, 0xbf,
    0xb1, 0x0, 0x1c, 0xf8, 0x10, 0x0, 0x0, 0x3a,
    0xff, 0x70, 0x0, 0x0, 0xa, 0xff, 0x94, 0x0,
    0x9f, 0xf9, 0x10, 0x0, 0x0, 0x0, 0x4, 0xcf,
    0xfd, 0x1, 0x71, 0x0, 0x0, 0x0, 0x0, 0x0,
    0x0, 0x38, 0x50,

    /* U+8303 "范" */
    0x0, 0x0, 0xf, 0x90, 0x0, 0x5, 0xf3, 0x0,
    0x0, 0x5, 0x88, 0x88, 0xfc, 0x88, 0x88, 0xaf,
    0xa8, 0x88, 0x70, 0xaf, 0xff, 0xff, 0xff, 0xff,
    0xff, 0xff, 0xff, 0xfe, 0x0, 0x0, 0x0, 0xf9,
    0x0, 0x0, 0x5f, 0x30, 0x0, 0x0, 0x0, 0x0,
    0x5, 0x30, 0x0, 0x1, 0x51, 0x0, 0x0, 0x0,
    0xc, 0x91, 0x0, 0x38, 0x88, 0x88, 0x88, 0x84,
    0x0, 0x0, 0x7f, 0xe3, 0x6, 0xff, 0xff, 0xff,
    0xff, 0x80, 0x0, 0x0, 0x3e, 0xd0, 0x6f, 0x20,
    0x0, 0x2, 0xf7, 0x0, 0x4, 0x0, 0x22, 0x6,
    0xf2, 0x0, 0x0, 0x3f, 0x70, 0x5, 0xfc, 0x20,
    0x0, 0x6f, 0x20, 0x0, 0x4, 0xf6, 0x0, 0x6,
    0xff, 0x40, 0x6, 0xf2, 0x0, 0x0, 0x6f, 0x40,
    0x0, 0x2, 0xa0, 0x0, 0x6f, 0x20, 0x38, 0x7d,
    0xf2, 0x0, 0x0, 0x0, 0x40, 0x6, 0xf2, 0x2,
    0xff, 0xf9, 0x0, 0x0, 0x0, 0x2f, 0x90, 0x6f,
    0x20, 0x0, 0x10, 0x4, 0x70, 0x0, 0xd, 0xf2,
    0x6, 0xf2, 0x0, 0x0, 0x0, 0x7f, 0x10, 0xb,
    0xf6, 0x0, 0x6f, 0x20, 0x0, 0x0, 0xa, 0xe0,
    0xa, 0xf9, 0x0, 0x5, 0xfc, 0x99, 0x99, 0xad,
    0xf9, 0x4, 0xfb, 0x0, 0x0, 0xb, 0xef, 0xff,
    0xff, 0xda, 0x10, 0x2, 0x0, 0x0, 0x0, 0x0,
    0x0, 0x0, 0x0, 0x0, 0x0,

    /* U+8361 "荡" */
    0x0, 0x0, 0xf, 0x90, 0x0, 0x5, 0xf3, 0x0,
    0x0, 0x58, 0x88, 0x8f, 0xc8, 0x88, 0x8a, 0xfa,
    0x88, 0x87, 0xaf, 0xff, 0xff, 0xff, 0xff, 0xff,
    0xff, 0xff, 0xfe, 0x0, 0x0, 0xf, 0x90, 0x0,
    0x5, 0xf3, 0x0, 0x0, 0x0, 0x0, 0x5, 0x30,
    0x0, 0x1, 0x51, 0x0, 0x0, 0x0, 0xdb, 0x10,
    0x26, 0x66, 0x66, 0x66, 0x66, 0x0, 0x0, 0x6f,
    0xe4, 0x6f, 0xff, 0xff, 0xff, 0xff, 0x0, 0x0,
    0x3, 0xed, 0x0, 0x0, 0x2, 0xbf, 0xc3, 0x0,
    0x4, 0x0, 0x22, 0x0, 0x4, 0xbf, 0xd5, 0x0,
    0x0, 0x5f, 0xc3, 0x0, 0x27, 0xdf, 0xd6, 0x11,
    0x11, 0x10, 0x5, 0xff, 0x40, 0x6f, 0xff, 0xff,
    0xff, 0xff, 0xf7, 0x0, 0x2a, 0x0, 0x5, 0x8f,
    0x75, 0xaf, 0x55, 0xf6, 0x0, 0x0, 0x30, 0x1,
    0xdd, 0x0, 0xeb, 0x1, 0xf6, 0x0, 0x3, 0xf9,
    0x1c, 0xf3, 0x8, 0xf4, 0x2, 0xf5, 0x0, 0x2e,
    0xe5, 0xef, 0x40, 0x6f, 0x90, 0x3, 0xf4, 0x3,
    0xef, 0x30, 0x82, 0x8, 0xfc, 0x0, 0x6, 0xf3,
    0x3f, 0xf4, 0x0, 0x4, 0xdf, 0xa0, 0x4a, 0x8d,
    0xf0, 0x8, 0x30, 0x0, 0x5, 0xe5, 0x0, 0x3c,
    0xfe, 0x70, 0x0, 0x0, 0x0, 0x0, 0x0, 0x0,
    0x0, 0x0, 0x0,

    /* U+83DC "菜" */
    0x0, 0x0, 0x3f, 0x60, 0x0, 0x8, 0xf0, 0x0,
    0x0, 0xef, 0xff, 0xff, 0xff, 0xff, 0xff, 0xff,
    0xff, 0xfb, 0x67, 0x77, 0x9f, 0xa7, 0x77, 0x7b,
    0xf7, 0x77, 0x75, 0x0, 0x0, 0x2b, 0x40, 0x0,
    0x5, 0xb0, 0x0, 0x0, 0x2, 0x33, 0x44, 0x55,
    0x67, 0x9b, 0xce, 0xff, 0x30, 0x9, 0xff, 0xff,
    0xff, 0xff, 0xdc, 0xba, 0x96, 0x30, 0x1, 0x36,
    0x22, 0x12, 0x70, 0x0, 0x2, 0xf7, 0x0, 0x0,
    0x7f, 0x20, 0x6, 0xf6, 0x0, 0x9, 0xf3, 0x0,
    0x0, 0x1f, 0x90, 0x0, 0xd8, 0x0, 0x2f, 0xb0,
    0x0, 0x0, 0x9, 0xd0, 0x0, 0x75, 0x0, 0x8e,
    0x10, 0x0, 0x35, 0x55, 0x55, 0x55, 0xec, 0x55,
    0x56, 0x55, 0x52, 0xbf, 0xff, 0xff, 0xff, 0xff,
    0xff, 0xff, 0xff, 0xf8, 0x11, 0x11, 0x11, 0xbf,
    0xff, 0xf5, 0x11, 0x11, 0x10, 0x0, 0x0, 0x1c,
    0xf5, 0xeb, 0xaf, 0x80, 0x0, 0x0, 0x0, 0x7,
    0xfe, 0x40, 0xeb, 0x8, 0xfd, 0x60, 0x0, 0x17,
    0xef, 0xb2, 0x0, 0xeb, 0x0, 0x4e, 0xfe, 0x82,
    0x7f, 0xd5, 0x0, 0x0, 0xeb, 0x0, 0x0, 0x7e,
    0xf5, 0x4, 0x0, 0x0, 0x0, 0xeb, 0x0, 0x0,
    0x0, 0x50,

    /* U+843D "落" */
    0x0, 0x0, 0x3, 0xf6, 0x0, 0x0, 0x8f, 0x0,
    0x0, 0x0, 0xe, 0xff, 0xff, 0xff, 0xff, 0xff,
    0xff, 0xff, 0xff, 0xb0, 0x6, 0x77, 0x79, 0xfa,
    0x77, 0x77, 0xbf, 0x77, 0x77, 0x50, 0x0, 0x4,
    0x2, 0xb4, 0x0, 0x10, 0x5b, 0x0, 0x0, 0x0,
    0x0, 0x7f, 0x90, 0x0, 0x6, 0xf4, 0x0, 0x0,
    0x0, 0x0, 0x0, 0x8, 0xfb, 0x0, 0x2f, 0xff,
    0xff, 0xff, 0xf1, 0x0, 0x0, 0x0, 0x73, 0x2,
    0xef, 0x76, 0x66, 0x8f, 0xe0, 0x0, 0x3, 0x40,
    0x0, 0x4e, 0xff, 0xd2, 0x2, 0xdf, 0x30, 0x0,
    0xc, 0xf8, 0x0, 0x5d, 0x32, 0xdf, 0xaf, 0xf4,
    0x0, 0x0, 0x1, 0xcf, 0x20, 0x0, 0x2, 0x9f,
    0xff, 0xd6, 0x10, 0x0, 0x0, 0x3, 0x0, 0x6a,
    0xef, 0xfc, 0x69, 0xef, 0xfd, 0x90, 0x0, 0x0,
    0x61, 0x8e, 0xb7, 0x20, 0x0, 0x5, 0x9d, 0xa0,
    0x0, 0x3, 0xf8, 0x0, 0xef, 0xff, 0xff, 0xff,
    0xe0, 0x0, 0x0, 0xb, 0xf1, 0x0, 0xea, 0x55,
    0x55, 0x5b, 0xf0, 0x0, 0x0, 0x4f, 0x90, 0x0,
    0xe8, 0x0, 0x0, 0x8, 0xf0, 0x0, 0x1, 0xef,
    0x20, 0x0, 0xeb, 0x66, 0x66, 0x6b, 0xf0, 0x0,
    0xb, 0xf8, 0x0, 0x0, 0xef, 0xff, 0xff, 0xff,
    0xf0, 0x0, 0x5, 0xd0, 0x0, 0x0, 0xe8, 0x0,
    0x0, 0x8, 0xf0, 0x0, 0x0, 0x0, 0x0, 0x0,
    0x0, 0x0, 0x0, 0x0, 0x0, 0x0,

    /* U+8702 "蜂" */
    0x0, 0xf, 0x60, 0x0, 0x0, 0xb8, 0x0, 0x0,
    0x0, 0x0, 0x0, 0xf6, 0x0, 0x0, 0x4f, 0xff,
    0xff, 0xf9, 0x0, 0x0, 0xf, 0x60, 0x0, 0x1e,
    0xa4, 0x44, 0x7f, 0x70, 0x3, 0x77, 0xfa, 0x76,
    0x2d, 0xfe, 0x30, 0xd, 0xd0, 0x0, 0x7f, 0xff,
    0xff, 0xe7, 0xc4, 0xef, 0x8d, 0xf3, 0x0, 0x7,
    0xe0, 0xf6, 0x7e, 0x0, 0x1, 0xef, 0xf7, 0x0,
    0x0, 0x7e, 0xf, 0x67, 0xe0, 0x28, 0xef, 0xbe,
    0xfd, 0x83, 0x7, 0xe0, 0xf6, 0x7e, 0x2f, 0xe9,
    0x27, 0x45, 0xbf, 0xb0, 0x7e, 0xf, 0x67, 0xe0,
    0x64, 0x44, 0xf9, 0x44, 0x51, 0x7, 0xf9, 0xfb,
    0xce, 0xc, 0xff, 0xff, 0xff, 0xff, 0x10, 0x6e,
    0xef, 0xee, 0xc0, 0x1, 0x11, 0xf8, 0x11, 0x10,
    0x0, 0x0, 0xf6, 0x0, 0x1, 0x55, 0x5f, 0xa5,
    0x53, 0x0, 0x0, 0xf, 0x6c, 0x60, 0x4f, 0xff,
    0xff, 0xff, 0xb0, 0x0, 0x0, 0xf7, 0xbd, 0x0,
    0x0, 0xf, 0x70, 0x0, 0x0, 0x0, 0x3f, 0xff,
    0xf9, 0xff, 0xff, 0xff, 0xff, 0xfb, 0x5, 0xdf,
    0xf8, 0x13, 0x37, 0x77, 0x7f, 0xb7, 0x77, 0x50,
    0x6e, 0x82, 0x0, 0x0, 0x0, 0x0, 0xf7, 0x0,
    0x0, 0x1, 0x0, 0x0, 0x0, 0x0, 0x0, 0xf,
    0x70, 0x0, 0x0,

    /* U+87BA "螺" */
    0x0, 0xf, 0x60, 0x2, 0xff, 0xff, 0xff, 0xff,
    0xf2, 0x0, 0x0, 0xf6, 0x0, 0x2f, 0x84, 0x6f,
    0x74, 0x7f, 0x20, 0x0, 0xf, 0x60, 0x2, 0xf5,
    0x4, 0xf4, 0x4, 0xf2, 0x5, 0xaa, 0xfc, 0xa9,
    0x2f, 0xff, 0xff, 0xff, 0xff, 0x20, 0x7f, 0xdf,
    0xee, 0xe2, 0xf7, 0x36, 0xf6, 0x36, 0xf2, 0x7,
    0xe0, 0xf6, 0x7e, 0x2f, 0x85, 0x7f, 0x75, 0x7f,
    0x20, 0x7e, 0xf, 0x67, 0xe2, 0xee, 0xef, 0xfe,
    0xee, 0xe2, 0x7, 0xe0, 0xf6, 0x7e, 0x0, 0xa,
    0xf2, 0x7, 0x70, 0x0, 0x7e, 0xf, 0x67, 0xe0,
    0x1b, 0xe3, 0xa, 0xf5, 0x0, 0x7, 0xf6, 0xfa,
    0xae, 0xd, 0xfe, 0xef, 0xe4, 0x61, 0x0, 0x7f,
    0xff, 0xff, 0xe0, 0x66, 0x9f, 0xb1, 0xd, 0xb0,
    0x0, 0x0, 0xf6, 0x0, 0x2, 0xae, 0x85, 0x7a,
    0xdf, 0x60, 0x0, 0xf, 0x6c, 0x62, 0xff, 0xff,
    0xfe, 0xa7, 0xad, 0x0, 0x0, 0xf6, 0xad, 0x6,
    0x53, 0x1f, 0x70, 0x21, 0x50, 0x0, 0xf, 0xef,
    0xf2, 0x1c, 0x30, 0xf7, 0x7f, 0x40, 0x2, 0x9e,
    0xfc, 0x47, 0x2c, 0xe1, 0xf, 0x70, 0xbf, 0x30,
    0x7f, 0xb4, 0x0, 0xb, 0xf3, 0x77, 0xf7, 0x0,
    0xdd, 0x1, 0x10, 0x0, 0x0, 0x13, 0xc, 0xfd,
    0x20, 0x3, 0x40,

    /* U+8865 "补" */
    0x0, 0x1, 0xa5, 0x0, 0x0, 0x0, 0xea, 0x0,
    0x0, 0x0, 0x0, 0xc, 0xd0, 0x0, 0x0, 0xe,
    0xa0, 0x0, 0x0, 0x0, 0x77, 0xaf, 0x97, 0x60,
    0x0, 0xea, 0x0, 0x0, 0x0, 0x1f, 0xff, 0xff,
    0xfd, 0x0, 0xe, 0xa0, 0x0, 0x0, 0x0, 0x0,
    0x0, 0x2f, 0x80, 0x0, 0xea, 0x0, 0x0, 0x0,
    0x0, 0x0, 0xd, 0xc0, 0x0, 0xe, 0xa0, 0x0,
    0x0, 0x0, 0x0, 0xa, 0xf2, 0x0, 0x0, 0xed,
    0x10, 0x0, 0x0, 0x0, 0x9, 0xf7, 0xa, 0xc0,
    0xe, 0xfe, 0x20, 0x0, 0x0, 0x1b, 0xff, 0xb5,
    0xf8, 0x0, 0xec, 0xee, 0x20, 0x0, 0x5e, 0xfb,
    0xff, 0xfa, 0x0, 0xe, 0xa2, 0xee, 0x20, 0xc,
    0xe5, 0x3f, 0x7e, 0xd1, 0x0, 0xea, 0x3, 0xfe,
    0x10, 0x11, 0x3, 0xf4, 0x3f, 0xd0, 0xe, 0xa0,
    0x7, 0xf2, 0x0, 0x0, 0x3f, 0x40, 0x5a, 0x0,
    0xea, 0x0, 0x3, 0x0, 0x0, 0x3, 0xf4, 0x0,
    0x0, 0xe, 0xa0, 0x0, 0x0, 0x0, 0x0, 0x3f,
    0x40, 0x0, 0x0, 0xea, 0x0, 0x0, 0x0, 0x0,
    0x3, 0xf4, 0x0, 0x0, 0xe, 0xa0, 0x0, 0x0,
    0x0, 0x0, 0x3f, 0x40, 0x0, 0x0, 0xea, 0x0,
    0x0, 0x0, 0x0, 0x3, 0xf4, 0x0, 0x0, 0xc,
    0x80, 0x0, 0x0,

    /* U+8868 "表" */
    0x0, 0x0, 0x0, 0x0, 0xc, 0xc0, 0x0, 0x0,
    0x0, 0x0, 0x1, 0x88, 0x88, 0x88, 0x8e, 0xe8,
    0x88, 0x88, 0x88, 0x10, 0x3, 0xff, 0xff, 0xff,
    0xff, 0xff, 0xff, 0xff, 0xff, 0x20, 0x0, 0x0,
    0x0, 0x0, 0xc, 0xc0, 0x0, 0x0, 0x0, 0x0,
    0x0, 0x48, 0x88, 0x88, 0x8e, 0xe8, 0x88, 0x88,
    0x84, 0x0, 0x0, 0x7f, 0xff, 0xff, 0xff, 0xff,
    0xff, 0xff, 0xf7, 0x0, 0x0, 0x0, 0x0, 0x0,
    0xc, 0xc0, 0x0, 0x0, 0x0, 0x0, 0x6, 0x77,
    0x77, 0x77, 0x7e, 0xd7, 0x77, 0x77, 0x77, 0x60,
    0xe, 0xff, 0xff, 0xff, 0xff, 0xff, 0xff, 0xff,
    0xff, 0xe0, 0x0, 0x0, 0x0, 0x6f, 0xa0, 0xbd,
    0x0, 0x0, 0x23, 0x0, 0x0, 0x0, 0x8, 0xfa,
    0x0, 0x5f, 0x40, 0x5, 0xfd, 0x0, 0x0, 0x5,
    0xdf, 0xf0, 0x0, 0xd, 0xd5, 0xcf, 0xc3, 0x0,
    0x5, 0xcf, 0xed, 0xf0, 0x0, 0x4, 0xff, 0xd5,
    0x0, 0x0, 0xd, 0xf8, 0xa, 0xf0, 0x0, 0x0,
    0x8f, 0xa0, 0x0, 0x0, 0x1, 0x10, 0xa, 0xf0,
    0x0, 0x31, 0x9, 0xfd, 0x30, 0x0, 0x0, 0x0,
    0xa, 0xf5, 0x9e, 0xf5, 0x0, 0x6f, 0xfb, 0x30,
    0x0, 0x0, 0x9, 0xff, 0xea, 0x51, 0x0, 0x2,
    0xaf, 0xf1, 0x0, 0x0, 0x1, 0x83, 0x0, 0x0,
    0x0, 0x0, 0x2, 0x40,

    /* U+88AB "被" */
    0x0, 0x7, 0x90, 0x0, 0x0, 0x0, 0x7f, 0x10,
    0x0, 0x0, 0x0, 0x7f, 0x20, 0x0, 0x0, 0x7,
    0xf1, 0x0, 0x0, 0x3, 0x77, 0xfc, 0x73, 0x7,
    0x77, 0xbf, 0x77, 0x77, 0x30, 0x6f, 0xff, 0xff,
    0x60, 0xff, 0xff, 0xff, 0xff, 0xf7, 0x0, 0x0,
    0x7, 0xf2, 0xf, 0x80, 0x8f, 0x10, 0x6f, 0x50,
    0x0, 0x1, 0xf8, 0x0, 0xf7, 0x7, 0xf1, 0xb,
    0xe0, 0x0, 0x0, 0xbe, 0x0, 0xf, 0x70, 0x7f,
    0x10, 0x87, 0x0, 0x0, 0x8f, 0x63, 0xe4, 0xfa,
    0x5a, 0xf6, 0x55, 0x50, 0x0, 0x8f, 0xf9, 0xdd,
    0xf, 0xff, 0xff, 0xff, 0xfc, 0x1, 0xbf, 0xcf,
    0xff, 0x20, 0xf7, 0x0, 0x0, 0x2f, 0x90, 0xd,
    0x92, 0xfa, 0xfa, 0x1f, 0x7c, 0x20, 0x6, 0xf4,
    0x0, 0x10, 0x2f, 0x58, 0x53, 0xf5, 0xeb, 0x0,
    0xdd, 0x0, 0x0, 0x2, 0xf5, 0x0, 0x6f, 0x26,
    0xf6, 0x7f, 0x50, 0x0, 0x0, 0x2f, 0x50, 0xb,
    0xe0, 0xb, 0xff, 0xa0, 0x0, 0x0, 0x2, 0xf5,
    0x2, 0xf9, 0x0, 0x8f, 0xf7, 0x0, 0x0, 0x0,
    0x2f, 0x50, 0x9f, 0x33, 0xbf, 0xcc, 0xfc, 0x30,
    0x0, 0x2, 0xf5, 0x2f, 0xc5, 0xff, 0x80, 0x9,
    0xff, 0x90, 0x0, 0x2f, 0x51, 0xa3, 0xa, 0x20,
    0x0, 0x3, 0xc2,

    /* U+88C5 "装" */
    0x0, 0x32, 0x0, 0x9d, 0x0, 0x0, 0xf, 0x70,
    0x0, 0x0, 0x1e, 0xf6, 0x9, 0xd0, 0x0, 0x0,
    0xf7, 0x0, 0x0, 0x0, 0x3d, 0xf6, 0x9d, 0xe,
    0xff, 0xff, 0xff, 0xff, 0x50, 0x0, 0x1a, 0x19,
    0xd0, 0x56, 0x66, 0xfa, 0x66, 0x62, 0x0, 0x0,
    0x4b, 0xfd, 0x0, 0x0, 0xf, 0x70, 0x0, 0x0,
    0x39, 0xef, 0xed, 0xd0, 0x13, 0x33, 0xf9, 0x33,
    0x30, 0x4, 0xfa, 0x40, 0x9d, 0x7, 0xff, 0xff,
    0xff, 0xfe, 0x0, 0x0, 0x0, 0x6, 0x90, 0x1,
    0x11, 0x11, 0x11, 0x10, 0x0, 0x0, 0x0, 0x0,
    0x9a, 0x0, 0x0, 0x0, 0x0, 0x0, 0x67, 0x77,
    0x77, 0x7c, 0xf8, 0x77, 0x77, 0x77, 0x73, 0xd,
    0xff, 0xff, 0xff, 0xff, 0xff, 0xff, 0xff, 0xff,
    0x60, 0x0, 0x0, 0x3, 0xce, 0x4c, 0xe1, 0x0,
    0x41, 0x0, 0x0, 0x0, 0x4b, 0xfc, 0x20, 0x2f,
    0xc0, 0x5f, 0xd0, 0x0, 0x38, 0xef, 0xf6, 0x0,
    0x0, 0x5f, 0xdf, 0xc2, 0x0, 0x4f, 0xfb, 0xaf,
    0x10, 0x0, 0x0, 0x5f, 0xf3, 0x0, 0x0, 0x41,
    0x7, 0xf1, 0x2, 0x69, 0x0, 0x5f, 0xf9, 0x10,
    0x0, 0x0, 0x7f, 0xad, 0xff, 0xc1, 0x0, 0x2c,
    0xff, 0x70, 0x0, 0x3, 0xeb, 0x73, 0x0, 0x0,
    0x0, 0x6, 0xd2, 0x0, 0x0, 0x0, 0x0, 0x0,
    0x0, 0x0, 0x0, 0x0, 0x0,

    /* U+8981 "要" */
    0x6, 0xff, 0xff, 0xff, 0xff, 0xff, 0xff, 0xff,
    0xff, 0x70, 0x37, 0x77, 0x77, 0xec, 0x77, 0xaf,
    0x87, 0x77, 0x73, 0x0, 0x0, 0x0, 0xe, 0x80,
    0x5, 0xf1, 0x0, 0x0, 0x0, 0x2, 0x66, 0x66,
    0xeb, 0x66, 0x9f, 0x66, 0x66, 0x30, 0x0, 0x7f,
    0xff, 0xff, 0xff, 0xff, 0xff, 0xff, 0xf8, 0x0,
    0x7, 0xf1, 0x0, 0xe8, 0x0, 0x5f, 0x10, 0xf,
    0x80, 0x0, 0x7f, 0x10, 0xe, 0x80, 0x5, 0xf1,
    0x0, 0xf8, 0x0, 0x7, 0xff, 0xff, 0xff, 0xff,
    0xff, 0xff, 0xff, 0x80, 0x0, 0x25, 0x55, 0x55,
    0x75, 0x55, 0x55, 0x55, 0x52, 0x0, 0x0, 0x0,
    0x0, 0x3f, 0xb0, 0x0, 0x0, 0x0, 0x0, 0x1f,
    0xff, 0xff, 0xff, 0xff, 0xff, 0xff, 0xff, 0xff,
    0xe0, 0x77, 0x77, 0x8f, 0xf7, 0x77, 0x77, 0xcf,
    0x87, 0x76, 0x0, 0x0, 0x1c, 0xf4, 0x0, 0x0,
    0x3f, 0xa0, 0x0, 0x0, 0x0, 0x1d, 0xfb, 0x40,
    0x0, 0x6f, 0xd1, 0x0, 0x0, 0x0, 0x0, 0x48,
    0xcf, 0xfd, 0xdf, 0xd1, 0x0, 0x0, 0x0, 0x0,
    0x2, 0x47, 0xcf, 0xfd, 0xff, 0xe9, 0x51, 0x0,
    0x9, 0xef, 0xff, 0xfd, 0x83, 0x0, 0x5a, 0xff,
    0xfc, 0x10, 0x3b, 0x97, 0x41, 0x0, 0x0, 0x0,
    0x0, 0x49, 0x60,

    /* U+89C1 "见" */
    0x0, 0x1f, 0xff, 0xff, 0xff, 0xff, 0xff, 0xf0,
    0x0, 0x0, 0x1f, 0xb7, 0x77, 0x77, 0x77, 0x7c,
    0xf0, 0x0, 0x0, 0x1f, 0x70, 0x1, 0x20, 0x0,
    0x8, 0xf0, 0x0, 0x0, 0x1f, 0x70, 0x6, 0xf2,
    0x0, 0x8, 0xf0, 0x0, 0x0, 0x1f, 0x70, 0x7,
    0xf2, 0x0, 0x8, 0xf0, 0x0, 0x0, 0x1f, 0x70,
    0x7, 0xf1, 0x0, 0x8, 0xf0, 0x0, 0x0, 0x1f,
    0x70, 0x8, 0xf1, 0x0, 0x8, 0xf0, 0x0, 0x0,
    0x1f, 0x70, 0x9, 0xf1, 0x0, 0x8, 0xf0, 0x0,
    0x0, 0x1f, 0x70, 0x9, 0xf0, 0x0, 0x8, 0xf0,
    0x0, 0x0, 0x1f, 0x70, 0xa, 0xf0, 0x0, 0x8,
    0xf0, 0x0, 0x0, 0x1f, 0x70, 0xc, 0xc7, 0xd0,
    0x8, 0xf0, 0x0, 0x0, 0xc, 0x60, 0x1f, 0x89,
    0xf0, 0x7, 0xe0, 0x0, 0x0, 0x0, 0x0, 0x8f,
    0x29, 0xf0, 0x0, 0x0, 0x0, 0x0, 0x0, 0x3,
    0xf9, 0x9, 0xf0, 0x0, 0x0, 0x32, 0x0, 0x0,
    0x3e, 0xd1, 0x9, 0xf0, 0x0, 0x0, 0x9e, 0x0,
    0x7, 0xfd, 0x20, 0x9, 0xf0, 0x0, 0x0, 0xcb,
    0x17, 0xef, 0xb1, 0x0, 0x8, 0xfb, 0x76, 0x7b,
    0xf7, 0x1e, 0xd5, 0x0, 0x0, 0x3, 0xdf, 0xff,
    0xfd, 0xa0, 0x1, 0x0, 0x0, 0x0, 0x0, 0x0,
    0x0, 0x0, 0x0,

    /* U+89C2 "观" */
    0xcf, 0xff, 0xff, 0xb0, 0x7f, 0xff, 0xff, 0xff,
    0xa0, 0x69, 0x99, 0x9f, 0x90, 0x7f, 0x76, 0x66,
    0x6f, 0xa0, 0x0, 0x0, 0xf, 0x80, 0x7f, 0x10,
    0x0, 0xe, 0xa0, 0x4, 0x0, 0x2f, 0x70, 0x7f,
    0x16, 0xe2, 0xe, 0xa0, 0x7f, 0x20, 0x3f, 0x50,
    0x7f, 0x17, 0xf2, 0xe, 0xa0, 0x1f, 0xb0, 0x5f,
    0x30, 0x7f, 0x17, 0xf1, 0xe, 0xa0, 0x8, 0xf5,
    0x7f, 0x0, 0x7f, 0x17, 0xf1, 0xe, 0xa0, 0x0,
    0xee, 0xbe, 0x0, 0x7f, 0x18, 0xf1, 0xe, 0xa0,
    0x0, 0x6f, 0xfa, 0x0, 0x7f, 0x18, 0xf1, 0xe,
    0xa0, 0x0, 0xd, 0xf7, 0x0, 0x7f, 0x18, 0xf0,
    0xe, 0xa0, 0x0, 0x8, 0xf9, 0x0, 0x6d, 0x19,
    0xf0, 0xc, 0x80, 0x0, 0xd, 0xdf, 0x20, 0x0,
    0xb, 0xc5, 0x40, 0x0, 0x0, 0x3f, 0x3e, 0xa0,
    0x0, 0xe, 0x9c, 0xa0, 0x0, 0x0, 0xbc, 0x8,
    0xf2, 0x0, 0x4f, 0x4c, 0xa0, 0x0, 0x5, 0xf4,
    0x2, 0x90, 0x0, 0xbe, 0xc, 0xa0, 0x6c, 0x3f,
    0xa0, 0x0, 0x0, 0x6, 0xf6, 0xc, 0xa0, 0x7d,
    0xce, 0x10, 0x0, 0x0, 0x7f, 0xb0, 0xc, 0xd5,
    0xcb, 0x33, 0x0, 0x0, 0x0, 0xdb, 0x0, 0x7,
    0xff, 0xe5, 0x0, 0x0, 0x0, 0x0, 0x10, 0x0,
    0x0, 0x0, 0x0,

    /* U+89C4 "规" */
    0x0, 0x0, 0xf9, 0x0, 0x9, 0xff, 0xff, 0xff,
    0xf8, 0x0, 0x0, 0xf, 0x90, 0x0, 0x9f, 0x66,
    0x66, 0x6f, 0x80, 0x2, 0x55, 0xfb, 0x55, 0x9,
    0xf0, 0x0, 0x0, 0xf8, 0x0, 0x6f, 0xff, 0xff,
    0xf1, 0x9f, 0x4, 0x30, 0xf, 0x80, 0x0, 0x22,
    0xf9, 0x22, 0x9, 0xf0, 0xdb, 0x0, 0xf8, 0x0,
    0x0, 0xf, 0x90, 0x0, 0x9f, 0xe, 0xb0, 0xf,
    0x80, 0x0, 0x0, 0xf9, 0x0, 0x9, 0xf0, 0xea,
    0x0, 0xf8, 0x0, 0x78, 0x8f, 0xc8, 0x82, 0x9f,
    0xe, 0xa0, 0xf, 0x80, 0xd, 0xff, 0xff, 0xff,
    0x49, 0xf0, 0xfa, 0x0, 0xf8, 0x0, 0x0, 0x1f,
    0x60, 0x0, 0x9f, 0xf, 0x90, 0xf, 0x80, 0x0,
    0x4, 0xf4, 0x0, 0x8, 0xd0, 0xf8, 0x0, 0xd7,
    0x0, 0x0, 0x7f, 0xa0, 0x0, 0x0, 0x2f, 0x76,
    0x20, 0x0, 0x0, 0xc, 0xee, 0xd1, 0x0, 0x5,
    0xf6, 0xf7, 0x0, 0x0, 0x2, 0xf6, 0x3f, 0xe3,
    0x0, 0xaf, 0x3f, 0x70, 0x0, 0x0, 0xbf, 0x0,
    0x4f, 0x70, 0x1f, 0x92, 0xf7, 0x8, 0xa0, 0x4f,
    0x80, 0x0, 0x20, 0xb, 0xf2, 0x2f, 0x70, 0x9b,
    0xe, 0xd0, 0x0, 0x0, 0xa, 0xf8, 0x2, 0xfb,
    0x5d, 0x90, 0x43, 0x0, 0x0, 0x1, 0xe9, 0x0,
    0xc, 0xff, 0xd3, 0x0, 0x0, 0x0, 0x0, 0x1,
    0x0, 0x0, 0x0, 0x0, 0x0,

    /* U+89C6 "视" */
    0x0, 0x7, 0x30, 0x0, 0x0, 0x0, 0x0, 0x0,
    0x0, 0x0, 0x1, 0xfa, 0x0, 0x7, 0xff, 0xff,
    0xff, 0xff, 0x0, 0x0, 0x9, 0xf1, 0x0, 0x7f,
    0x76, 0x66, 0x6c, 0xf0, 0x0, 0xef, 0xff, 0xff,
    0x87, 0xf1, 0x0, 0x0, 0xaf, 0x0, 0x7, 0x88,
    0x89, 0xf8, 0x7f, 0x10, 0x63, 0xa, 0xf0, 0x0,
    0x0, 0x0, 0x7f, 0x17, 0xf1, 0xf, 0x70, 0xaf,
    0x0, 0x0, 0x0, 0xe, 0xa0, 0x7f, 0x10, 0xf7,
    0xa, 0xf0, 0x0, 0x0, 0x8, 0xf2, 0x7, 0xf1,
    0xf, 0x70, 0xaf, 0x0, 0x0, 0x2, 0xfb, 0x0,
    0x7f, 0x12, 0xf6, 0xa, 0xf0, 0x0, 0x0, 0xcf,
    0xf5, 0x7, 0xf1, 0x3f, 0x50, 0xaf, 0x0, 0x0,
    0xaf, 0xfd, 0xf6, 0x7f, 0x15, 0xf4, 0xa, 0xf0,
    0x0, 0xbf, 0xdf, 0x4c, 0x47, 0xf1, 0x8f, 0x20,
    0xaf, 0x0, 0x2c, 0x54, 0xf3, 0x0, 0x12, 0xb,
    0xfe, 0x21, 0x20, 0x0, 0x0, 0x4f, 0x30, 0x0,
    0x1, 0xfb, 0xf3, 0x0, 0x0, 0x0, 0x4, 0xf3,
    0x0, 0x0, 0xae, 0x6f, 0x30, 0x0, 0x0, 0x0,
    0x4f, 0x30, 0x0, 0x6f, 0x45, 0xf3, 0x0, 0x8a,
    0x0, 0x4, 0xf3, 0x0, 0x6f, 0x80, 0x5f, 0x30,
    0xa, 0xd0, 0x0, 0x4f, 0x31, 0xaf, 0x70, 0x5,
    0xf9, 0x56, 0xea, 0x0, 0x4, 0xf3, 0x8c, 0x30,
    0x0, 0x1c, 0xff, 0xfc, 0x20, 0x0, 0x0, 0x0,
    0x0, 0x0, 0x0, 0x0, 0x0, 0x0,

    /* U+89D2 "角" */
    0x0, 0x0, 0x0, 0x77, 0x0, 0x0, 0x0, 0x0,
    0x0, 0x0, 0x0, 0x5, 0xfb, 0x0, 0x0, 0x0,
    0x0, 0x0, 0x0, 0x0, 0x4f, 0xff, 0xff, 0xff,
    0xff, 0x30, 0x0, 0x0, 0x5, 0xff, 0x66, 0x66,
    0x69, 0xfe, 0x10, 0x0, 0x0, 0x8f, 0xe3, 0x0,
    0x0, 0x3e, 0xe2, 0x0, 0x0, 0x1d, 0xff, 0xff,
    0xff, 0xff, 0xff, 0xff, 0xff, 0xfe, 0xa, 0x7a,
    0xf8, 0x88, 0x8c, 0xf9, 0x88, 0x88, 0xde, 0x0,
    0xa, 0xf0, 0x0, 0x7, 0xf1, 0x0, 0x0, 0xae,
    0x0, 0xa, 0xf0, 0x0, 0x7, 0xf1, 0x0, 0x0,
    0xae, 0x0, 0xa, 0xff, 0xff, 0xff, 0xff, 0xff,
    0xff, 0xfe, 0x0, 0xa, 0xf7, 0x77, 0x7b, 0xf7,
    0x77, 0x77, 0xce, 0x0, 0xb, 0xf0, 0x0, 0x7,
    0xf1, 0x0, 0x0, 0xae, 0x0, 0xc, 0xf3, 0x33,
    0x39, 0xf4, 0x33, 0x33, 0xbe, 0x0, 0xf, 0xff,
    0xff, 0xff, 0xff, 0xff, 0xff, 0xfe, 0x0, 0x3f,
    0xa3, 0x33, 0x39, 0xf4, 0x33, 0x33, 0xbe, 0x0,
    0xaf, 0x50, 0x0, 0x7, 0xf1, 0x0, 0x0, 0xae,
    0x3, 0xfe, 0x0, 0x0, 0x7, 0xf1, 0x1, 0x0,
    0xae, 0xd, 0xf5, 0x0, 0x0, 0x7, 0xf1, 0x2f,
    0xfe, 0xfd, 0x6, 0x80, 0x0, 0x0, 0x7, 0xe1,
    0xc, 0xde, 0xf6, 0x0, 0x0, 0x0, 0x0, 0x0,
    0x0, 0x0, 0x0, 0x0,

    /* U+89E3 "解" */
    0x0, 0x8, 0xa0, 0x0, 0x0, 0x0, 0x0, 0x0,
    0x0, 0x0, 0x1, 0xfd, 0x0, 0x0, 0x5f, 0xff,
    0xff, 0xff, 0xc0, 0x0, 0x9f, 0xc7, 0x76, 0x1,
    0x57, 0xf7, 0x55, 0xdb, 0x0, 0x3f, 0xff, 0xff,
    0xe0, 0x0, 0x6f, 0x10, 0xd, 0xb0, 0x1e, 0xf4,
    0x2, 0xf8, 0x0, 0xc, 0xd0, 0x0, 0xea, 0xa,
    0xfd, 0x88, 0xcf, 0x88, 0x5, 0xf7, 0x0, 0xf,
    0x90, 0x6d, 0xfd, 0xef, 0xde, 0xf5, 0xfd, 0x7,
    0xfe, 0xf5, 0x0, 0x7f, 0x7, 0xf0, 0x7f, 0x1c,
    0x20, 0x16, 0x85, 0x0, 0x7, 0xf0, 0x7f, 0x7,
    0xf0, 0xc, 0x66, 0xf0, 0x0, 0x0, 0x7f, 0xff,
    0xff, 0xff, 0x3, 0xf4, 0x7f, 0x0, 0x0, 0x7,
    0xf4, 0x9f, 0x49, 0xf0, 0xaf, 0xff, 0xff, 0xfc,
    0x0, 0x7f, 0x7, 0xf0, 0x7f, 0x4f, 0x96, 0xaf,
    0x66, 0x40, 0x7, 0xf9, 0xcf, 0x9c, 0xf5, 0xc0,
    0x7, 0xf0, 0x0, 0x0, 0x8f, 0xce, 0xfc, 0xef,
    0x27, 0x77, 0xbf, 0x77, 0x71, 0x9, 0xf0, 0x7f,
    0x7, 0xf4, 0xff, 0xff, 0xff, 0xff, 0x20, 0xae,
    0x7, 0xf0, 0x7f, 0x0, 0x0, 0x7f, 0x0, 0x0,
    0xd, 0xb0, 0x49, 0x7, 0xf0, 0x0, 0x7, 0xf0,
    0x0, 0x2, 0xf8, 0x0, 0x69, 0xdf, 0x0, 0x0,
    0x7f, 0x0, 0x0, 0x3c, 0x30, 0x5, 0xef, 0x90,
    0x0, 0x6, 0xe0, 0x0, 0x0,

    /* U+89E6 "触" */
    0x0, 0x0, 0x0, 0x0, 0x0, 0x0, 0x0, 0x0,
    0x0, 0x0, 0xa, 0xc0, 0x0, 0x0, 0x0, 0xf,
    0x70, 0x0, 0x0, 0x3f, 0xd7, 0x76, 0x0, 0x0,
    0xf, 0x70, 0x0, 0x1, 0xdf, 0xff, 0xfe, 0x0,
    0x0, 0xf, 0x70, 0x0, 0xb, 0xf4, 0x1, 0xf9,
    0x0, 0x55, 0x5f, 0xa5, 0x52, 0xaf, 0xd7, 0x7c,
    0xf8, 0x70, 0xff, 0xff, 0xff, 0xf7, 0x7e, 0xff,
    0xff, 0xff, 0xf0, 0xf5, 0xf, 0x70, 0xf7, 0x7,
    0xf0, 0x7f, 0x7, 0xf0, 0xf5, 0xf, 0x70, 0xf7,
    0x7, 0xf0, 0x7f, 0x7, 0xf0, 0xf5, 0xf, 0x70,
    0xf7, 0x7, 0xff, 0xff, 0xff, 0xf0, 0xf5, 0xf,
    0x70, 0xf7, 0x7, 0xf4, 0x9f, 0x49, 0xf0, 0xf5,
    0xf, 0x70, 0xf7, 0x7, 0xf0, 0x7f, 0x7, 0xf0,
    0xfe, 0xef, 0xee, 0xf7, 0x7, 0xf7, 0xbf, 0x7b,
    0xf0, 0x9a, 0xaf, 0xca, 0xa4, 0x8, 0xff, 0xff,
    0xff, 0xf0, 0x0, 0xf, 0x70, 0x30, 0x9, 0xf0,
    0x7f, 0x7, 0xf0, 0x0, 0xf, 0x79, 0xc0, 0xa,
    0xe0, 0x7f, 0x7, 0xf0, 0x0, 0xf, 0x74, 0xf1,
    0xd, 0xc0, 0x5b, 0x7, 0xf0, 0x1, 0x4f, 0xdd,
    0xf6, 0x2f, 0x80, 0x5, 0x8c, 0xf3, 0xff, 0xff,
    0xc9, 0xdb, 0x3d, 0x30, 0x5, 0xef, 0x91, 0x96,
    0x20, 0x0, 0x8a, 0x0, 0x0, 0x0, 0x0, 0x0,
    0x0, 0x0, 0x0, 0x0,

    /* U+8A00 "言" */
    0x0, 0x0, 0x0, 0x0, 0x10, 0x0, 0x0, 0x0,
    0x0, 0x0, 0x0, 0x0, 0x0, 0x3f, 0x80, 0x0,
    0x0, 0x0, 0x0, 0x0, 0x0, 0x0, 0x0, 0xed,
    0x0, 0x0, 0x0, 0x0, 0xf, 0xff, 0xff, 0xff,
    0xff, 0xff, 0xff, 0xff, 0xff, 0xf0, 0x77, 0x77,
    0x77, 0x77, 0x77, 0x77, 0x77, 0x77, 0x77, 0x0,
    0x0, 0x0, 0x0, 0x0, 0x0, 0x0, 0x0, 0x0,
    0x0, 0x1, 0xff, 0xff, 0xff, 0xff, 0xff, 0xff,
    0xff, 0x10, 0x0, 0x8, 0x88, 0x88, 0x88, 0x88,
    0x88, 0x88, 0x80, 0x0, 0x0, 0x0, 0x0, 0x0,
    0x0, 0x0, 0x0, 0x0, 0x0, 0x0, 0x1f, 0xff,
    0xff, 0xff, 0xff, 0xff, 0xff, 0xf1, 0x0, 0x0,
    0x88, 0x88, 0x88, 0x88, 0x88, 0x88, 0x88, 0x0,
    0x0, 0x0, 0x0, 0x0, 0x0, 0x0, 0x0, 0x0,
    0x0, 0x0, 0x0, 0xff, 0xff, 0xff, 0xff, 0xff,
    0xff, 0xfc, 0x0, 0x0, 0xf, 0xc8, 0x88, 0x88,
    0x88, 0x88, 0x8e, 0xc0, 0x0, 0x0, 0xf8, 0x0,
    0x0, 0x0, 0x0, 0x0, 0xcc, 0x0, 0x0, 0xf,
    0x80, 0x0, 0x0, 0x0, 0x0, 0xc, 0xc0, 0x0,
    0x0, 0xfc, 0x88, 0x88, 0x88, 0x88, 0x88, 0xec,
    0x0, 0x0, 0xf, 0xff, 0xff, 0xff, 0xff, 0xff,
    0xff, 0xc0, 0x0, 0x0, 0xf8, 0x0, 0x0, 0x0,
    0x0, 0x0, 0xcc, 0x0, 0x0,

    /* U+8BA1 "计" */
    0x0, 0x0, 0x0, 0x0, 0x0, 0x0, 0x0, 0x0,
    0x0, 0x1, 0xb6, 0x0, 0x0, 0x0, 0xf, 0x80,
    0x0, 0x0, 0x0, 0xdf, 0x20, 0x0, 0x0, 0xf,
    0x80, 0x0, 0x0, 0x0, 0x3f, 0xc0, 0x0, 0x0,
    0xf, 0x80, 0x0, 0x0, 0x0, 0x9, 0x90, 0x0,
    0x0, 0xf, 0x80, 0x0, 0x0, 0x0, 0x0, 0x0,
    0x0, 0x0, 0xf, 0x80, 0x0, 0x0, 0x56, 0x66,
    0x10, 0x11, 0x11, 0x1f, 0x81, 0x11, 0x11, 0xff,
    0xff, 0x39, 0xff, 0xff, 0xff, 0xff, 0xff, 0xff,
    0x0, 0x4f, 0x33, 0x66, 0x66, 0x6f, 0xb6, 0x66,
    0x66, 0x0, 0x4f, 0x30, 0x0, 0x0, 0xf, 0x80,
    0x0, 0x0, 0x0, 0x4f, 0x30, 0x0, 0x0, 0xf,
    0x80, 0x0, 0x0, 0x0, 0x4f, 0x30, 0x0, 0x0,
    0xf, 0x80, 0x0, 0x0, 0x0, 0x4f, 0x30, 0x0,
    0x0, 0xf, 0x80, 0x0, 0x0, 0x0, 0x4f, 0x30,
    0x0, 0x0, 0xf, 0x80, 0x0, 0x0, 0x0, 0x4f,
    0x3a, 0x70, 0x0, 0xf, 0x80, 0x0, 0x0, 0x0,
    0x4f, 0xcf, 0x50, 0x0, 0xf, 0x80, 0x0, 0x0,
    0x0, 0x3f, 0xf6, 0x0, 0x0, 0xf, 0x80, 0x0,
    0x0, 0x0, 0x7, 0x50, 0x0, 0x0, 0xf, 0x80,
    0x0, 0x0, 0x0, 0x0, 0x0, 0x0, 0x0, 0xf,
    0x80, 0x0, 0x0,

    /* U+8BA4 "认" */
    0x0, 0x0, 0x0, 0x0, 0x0, 0x0, 0x0, 0x0,
    0x0, 0x0, 0x1b, 0x60, 0x0, 0x0, 0x0, 0xfa,
    0x0, 0x0, 0x0, 0x0, 0xdf, 0x20, 0x0, 0x0,
    0xf, 0xa0, 0x0, 0x0, 0x0, 0x3, 0xfc, 0x0,
    0x0, 0x0, 0xfa, 0x0, 0x0, 0x0, 0x0, 0x9,
    0x90, 0x0, 0x0, 0xf, 0x90, 0x0, 0x0, 0x0,
    0x0, 0x0, 0x0, 0x0, 0x1, 0xf9, 0x0, 0x0,
    0x0, 0x66, 0x66, 0x10, 0x0, 0x0, 0x2f, 0x80,
    0x0, 0x0, 0xf, 0xff, 0xf3, 0x0, 0x0, 0x3,
    0xf7, 0x0, 0x0, 0x0, 0x0, 0x4f, 0x30, 0x0,
    0x0, 0x5f, 0xa0, 0x0, 0x0, 0x0, 0x4, 0xf3,
    0x0, 0x0, 0x8, 0xfe, 0x0, 0x0, 0x0, 0x0,
    0x4f, 0x30, 0x0, 0x0, 0xbf, 0xf4, 0x0, 0x0,
    0x0, 0x4, 0xf3, 0x0, 0x0, 0xe, 0xcc, 0xb0,
    0x0, 0x0, 0x0, 0x4f, 0x30, 0x0, 0x4, 0xf7,
    0x6f, 0x20, 0x0, 0x0, 0x4, 0xf3, 0x0, 0x0,
    0xcf, 0x10, 0xea, 0x0, 0x0, 0x0, 0x4f, 0x3a,
    0x80, 0x6f, 0x80, 0x7, 0xf5, 0x0, 0x0, 0x4,
    0xfc, 0xf4, 0x2f, 0xd1, 0x0, 0xd, 0xf2, 0x0,
    0x0, 0x3f, 0xf6, 0x2e, 0xf3, 0x0, 0x0, 0x2f,
    0xe2, 0x0, 0x0, 0x64, 0x2e, 0xf4, 0x0, 0x0,
    0x0, 0x5f, 0xd0, 0x0, 0x0, 0x0, 0xa3, 0x0,
    0x0, 0x0, 0x0, 0x52, 0x0,

    /* U+8BA9 "让" */
    0x0, 0x10, 0x0, 0x0, 0x0, 0x0, 0x0, 0x0,
    0x0, 0x2, 0xe9, 0x0, 0x0, 0x0, 0xec, 0x0,
    0x0, 0x0, 0x0, 0xbf, 0x40, 0x0, 0x0, 0xec,
    0x0, 0x0, 0x0, 0x0, 0x1f, 0xd0, 0x0, 0x0,
    0xec, 0x0, 0x0, 0x0, 0x0, 0x7, 0x70, 0x0,
    0x0, 0xec, 0x0, 0x0, 0x0, 0x0, 0x0, 0x0,
    0x0, 0x0, 0xec, 0x0, 0x0, 0x0, 0x66, 0x66,
    0x10, 0x0, 0x0, 0xed, 0x66, 0x66, 0x63, 0xff,
    0xff, 0x30, 0x0, 0x0, 0xef, 0xff, 0xff, 0xf9,
    0x0, 0x4f, 0x30, 0x0, 0x0, 0xec, 0x11, 0x11,
    0x10, 0x0, 0x4f, 0x30, 0x0, 0x0, 0xec, 0x0,
    0x0, 0x0, 0x0, 0x4f, 0x30, 0x0, 0x0, 0xec,
    0x0, 0x0, 0x0, 0x0, 0x4f, 0x30, 0x0, 0x0,
    0xec, 0x0, 0x0, 0x0, 0x0, 0x4f, 0x30, 0x0,
    0x0, 0xec, 0x0, 0x0, 0x0, 0x0, 0x4f, 0x30,
    0x0, 0x0, 0xec, 0x0, 0x0, 0x0, 0x0, 0x4f,
    0x39, 0x70, 0x0, 0xec, 0x0, 0x0, 0x0, 0x0,
    0x4f, 0xbf, 0x60, 0x0, 0xec, 0x0, 0x0, 0x0,
    0x0, 0x3f, 0xf7, 0x68, 0x88, 0xfe, 0x88, 0x88,
    0x87, 0x0, 0x8, 0x50, 0xcf, 0xff, 0xff, 0xff,
    0xff, 0xfe,

    /* U+8BAE "议" */
    0x0, 0x0, 0x0, 0x0, 0x0, 0x0, 0x0, 0x0,
    0x0, 0x0, 0x2d, 0x70, 0x0, 0x0, 0xe, 0xb0,
    0x0, 0x0, 0x0, 0x0, 0xcf, 0x30, 0x0, 0x0,
    0x6f, 0x40, 0x0, 0x0, 0x0, 0x2, 0xfc, 0x0,
    0x0, 0x0, 0xeb, 0x0, 0x57, 0x0, 0x0, 0x8,
    0x80, 0x1f, 0x70, 0xa, 0xf0, 0xc, 0xe0, 0x0,
    0x0, 0x0, 0x0, 0xdb, 0x0, 0x34, 0x0, 0xeb,
    0x0, 0x66, 0x66, 0x10, 0x9, 0xf0, 0x0, 0x0,
    0x2f, 0x90, 0xf, 0xff, 0xf3, 0x0, 0x4f, 0x60,
    0x0, 0x7, 0xf4, 0x0, 0x0, 0x4f, 0x30, 0x0,
    0xdd, 0x0, 0x0, 0xcf, 0x0, 0x0, 0x4, 0xf3,
    0x0, 0x7, 0xf5, 0x0, 0x3f, 0xb0, 0x0, 0x0,
    0x4f, 0x30, 0x0, 0xe, 0xd0, 0xa, 0xf3, 0x0,
    0x0, 0x4, 0xf3, 0x0, 0x0, 0x6f, 0x95, 0xfc,
    0x0, 0x0, 0x0, 0x4f, 0x30, 0x0, 0x0, 0xbf,
    0xff, 0x20, 0x0, 0x0, 0x4, 0xf3, 0x0, 0x0,
    0x3, 0xff, 0x80, 0x0, 0x0, 0x0, 0x4f, 0x3a,
    0x80, 0x2, 0xdf, 0xfe, 0x20, 0x0, 0x0, 0x4,
    0xfc, 0xf4, 0x4, 0xef, 0x94, 0xff, 0x50, 0x0,
    0x0, 0x3f, 0xf6, 0x19, 0xff, 0x70, 0x3, 0xef,
    0xa1, 0x0, 0x0, 0x64, 0xc, 0xfe, 0x40, 0x0,
    0x2, 0xbf, 0xe0, 0x0, 0x0, 0x0, 0x39, 0x0,
    0x0, 0x0, 0x0, 0x66, 0x0,

    /* U+8BB0 "记" */
    0x0, 0x62, 0x0, 0x0, 0x0, 0x0, 0x0, 0x0,
    0x0, 0x0, 0x2f, 0xd0, 0x0, 0x1f, 0xff, 0xff,
    0xff, 0xfe, 0x0, 0x0, 0x7f, 0x80, 0x0, 0x77,
    0x77, 0x77, 0x7d, 0xe0, 0x0, 0x0, 0xee, 0x0,
    0x0, 0x0, 0x0, 0x0, 0xae, 0x0, 0x0, 0x4,
    0x20, 0x0, 0x0, 0x0, 0x0, 0xa, 0xe0, 0x0,
    0x0, 0x0, 0x0, 0x0, 0x0, 0x0, 0x0, 0xae,
    0x0, 0x88, 0x88, 0x10, 0x0, 0x0, 0x0, 0x0,
    0xa, 0xe0, 0xf, 0xff, 0xf3, 0x0, 0x1, 0x33,
    0x33, 0x33, 0xbe, 0x0, 0x0, 0x4f, 0x30, 0x0,
    0x8f, 0xff, 0xff, 0xff, 0xe0, 0x0, 0x4, 0xf3,
    0x0, 0x8, 0xf4, 0x44, 0x44, 0x9b, 0x0, 0x0,
    0x4f, 0x30, 0x0, 0x8f, 0x0, 0x0, 0x0, 0x0,
    0x0, 0x4, 0xf3, 0x0, 0x8, 0xf0, 0x0, 0x0,
    0x0, 0x0, 0x0, 0x4f, 0x30, 0x0, 0x8f, 0x0,
    0x0, 0x0, 0x0, 0x0, 0x4, 0xf3, 0x0, 0x8,
    0xf0, 0x0, 0x0, 0x3, 0xc2, 0x0, 0x4f, 0x38,
    0x60, 0x8f, 0x0, 0x0, 0x0, 0x5f, 0x30, 0x4,
    0xf8, 0xf8, 0x8, 0xf0, 0x0, 0x0, 0x7, 0xf1,
    0x0, 0x4f, 0xfc, 0x0, 0x8f, 0x0, 0x0, 0x0,
    0xdd, 0x0, 0x1, 0xec, 0x0, 0x7, 0xfd, 0x99,
    0x9b, 0xef, 0x60, 0x0, 0x1, 0x0, 0x0, 0x1c,
    0xef, 0xff, 0xec, 0x70, 0x0,

    /* U+8BBA "论" */
    0x0, 0x0, 0x0, 0x0, 0x0, 0x0, 0x0, 0x0,
    0x0, 0x0, 0x2d, 0x70, 0x0, 0x0, 0x4, 0xe3,
    0x0, 0x0, 0x0, 0x0, 0xcf, 0x30, 0x0, 0x0,
    0xef, 0x60, 0x0, 0x0, 0x0, 0x2, 0xfc, 0x0,
    0x0, 0xbf, 0xff, 0x40, 0x0, 0x0, 0x0, 0x8,
    0x80, 0x0, 0x8f, 0xd4, 0xff, 0x40, 0x0, 0x0,
    0x0, 0x0, 0x0, 0x8f, 0xf3, 0x5, 0xff, 0x50,
    0x0, 0x66, 0x66, 0x10, 0x9f, 0xf4, 0x0, 0x5,
    0xff, 0x80, 0xf, 0xff, 0xf5, 0xcf, 0xf4, 0x0,
    0x0, 0x5, 0xff, 0xc0, 0x0, 0x4f, 0x5f, 0xe3,
    0x21, 0x0, 0x0, 0x4, 0xec, 0x0, 0x4, 0xf3,
    0x41, 0x1f, 0x90, 0x0, 0x1, 0x1, 0x30, 0x0,
    0x4f, 0x30, 0x1, 0xf9, 0x0, 0x7, 0xf7, 0x0,
    0x0, 0x4, 0xf3, 0x0, 0x1f, 0x90, 0x5d, 0xfe,
    0x60, 0x0, 0x0, 0x4f, 0x30, 0x1, 0xfc, 0xdf,
    0xe7, 0x0, 0x0, 0x0, 0x4, 0xf3, 0x0, 0x1f,
    0xfb, 0x50, 0x0, 0x0, 0x0, 0x0, 0x4f, 0x34,
    0x21, 0xf9, 0x0, 0x0, 0x0, 0x0, 0x0, 0x4,
    0xf7, 0xfa, 0x1f, 0x90, 0x0, 0x0, 0x6b, 0x10,
    0x0, 0x4f, 0xfc, 0x1, 0xf9, 0x0, 0x0, 0x9,
    0xf0, 0x0, 0x1, 0xcb, 0x0, 0xf, 0xe8, 0x66,
    0x79, 0xfb, 0x0, 0x0, 0x0, 0x0, 0x0, 0x8d,
    0xff, 0xff, 0xeb, 0x20, 0x0,

    /* U+8BBE "设" */
    0x0, 0x51, 0x0, 0x0, 0x0, 0x0, 0x0, 0x0,
    0x0, 0x2, 0xfc, 0x0, 0x0, 0x5f, 0xff, 0xff,
    0xf1, 0x0, 0x0, 0x8f, 0x60, 0x0, 0x5f, 0x87,
    0x7b, 0xf1, 0x0, 0x0, 0xe, 0xe0, 0x0, 0x7f,
    0x0, 0x7, 0xf1, 0x0, 0x0, 0x5, 0x30, 0x0,
    0x9f, 0x0, 0x7, 0xf1, 0x0, 0x0, 0x0, 0x0,
    0x0, 0xdc, 0x0, 0x7, 0xf1, 0x0, 0x66, 0x66,
    0x10, 0x6, 0xf6, 0x0, 0x7, 0xf3, 0x0, 0xff,
    0xff, 0x30, 0x4f, 0xb0, 0x0, 0x3, 0xff, 0xfa,
    0x0, 0x4f, 0x30, 0x7, 0x0, 0x0, 0x0, 0x14,
    0x42, 0x0, 0x4f, 0x30, 0xb, 0xff, 0xff, 0xff,
    0xff, 0x40, 0x0, 0x4f, 0x30, 0x5, 0xcf, 0x77,
    0x77, 0xef, 0x20, 0x0, 0x4f, 0x30, 0x0, 0x5f,
    0x40, 0x4, 0xfa, 0x0, 0x0, 0x4f, 0x30, 0x0,
    0xe, 0xc0, 0xd, 0xf1, 0x0, 0x0, 0x4f, 0x31,
    0x0, 0x4, 0xf9, 0xbf, 0x60, 0x0, 0x0, 0x4f,
    0x5d, 0x70, 0x0, 0x9f, 0xf8, 0x0, 0x0, 0x0,
    0x4f, 0xee, 0x10, 0x8, 0xff, 0xfd, 0x50, 0x0,
    0x0, 0x2f, 0xe2, 0x39, 0xef, 0xe4, 0x6e, 0xfd,
    0x71, 0x0, 0x3, 0x20, 0xef, 0xe7, 0x0, 0x1,
    0x9f, 0xf7, 0x0, 0x0, 0x0, 0x44, 0x0, 0x0,
    0x0, 0x1, 0x60,

    /* U+8BC1 "证" */
    0x0, 0x0, 0x0, 0x0, 0x0, 0x0, 0x0, 0x0,
    0x0, 0x0, 0x4, 0xc0, 0x0, 0x0, 0x0, 0x0,
    0x0, 0x0, 0x0, 0x0, 0x6f, 0x80, 0x9, 0xff,
    0xff, 0xff, 0xff, 0xff, 0x80, 0x0, 0xdf, 0x10,
    0x47, 0x77, 0x7c, 0xf8, 0x77, 0x73, 0x0, 0x6,
    0xd2, 0x0, 0x0, 0x0, 0x8f, 0x10, 0x0, 0x0,
    0x0, 0x0, 0x0, 0x0, 0x0, 0x8, 0xf1, 0x0,
    0x0, 0x0, 0x0, 0x0, 0x0, 0x0, 0x0, 0x8f,
    0x10, 0x0, 0x1, 0x66, 0x63, 0x0, 0x2, 0x10,
    0x8, 0xf1, 0x0, 0x0, 0x3f, 0xff, 0x70, 0x0,
    0xf9, 0x0, 0x8f, 0x10, 0x0, 0x0, 0x0, 0xe7,
    0x0, 0xf, 0x90, 0x8, 0xf1, 0x0, 0x0, 0x0,
    0xe, 0x70, 0x0, 0xf9, 0x0, 0x8f, 0x88, 0x88,
    0x0, 0x0, 0xe7, 0x0, 0xf, 0x90, 0x8, 0xff,
    0xff, 0xf0, 0x0, 0xe, 0x70, 0x0, 0xf9, 0x0,
    0x8f, 0x10, 0x0, 0x0, 0x0, 0xe7, 0x0, 0xf,
    0x90, 0x8, 0xf1, 0x0, 0x0, 0x0, 0xe, 0x70,
    0x0, 0xf9, 0x0, 0x8f, 0x10, 0x0, 0x0, 0x0,
    0xe7, 0x83, 0xf, 0x90, 0x8, 0xf1, 0x0, 0x0,
    0x0, 0xe, 0xdf, 0x50, 0xf9, 0x0, 0x8f, 0x10,
    0x0, 0x0, 0x0, 0xef, 0x85, 0x6f, 0xc6, 0x6b,
    0xf7, 0x66, 0x65, 0x0, 0x3, 0x60, 0xef, 0xff,
    0xff, 0xff, 0xff, 0xff, 0xd0, 0x0, 0x0, 0x1,
    0x11, 0x11, 0x11, 0x11, 0x11, 0x11,

    /* U+8BC9 "诉" */
    0x0, 0x0, 0x0, 0x0, 0x0, 0x0, 0x0, 0x0,
    0x0, 0x0, 0x4, 0xc0, 0x0, 0x0, 0x0, 0x13,
    0x57, 0xad, 0x40, 0x0, 0x6f, 0x80, 0x0, 0x7f,
    0xff, 0xff, 0xff, 0xc7, 0x0, 0x0, 0xdf, 0x10,
    0x8, 0xf7, 0x65, 0x31, 0x0, 0x0, 0x0, 0x6,
    0xe2, 0x0, 0x8f, 0x0, 0x0, 0x0, 0x0, 0x0,
    0x0, 0x1, 0x0, 0x8, 0xf0, 0x0, 0x0, 0x0,
    0x0, 0x0, 0x0, 0x0, 0x0, 0x8f, 0x0, 0x0,
    0x0, 0x0, 0x1, 0x66, 0x63, 0x0, 0x8, 0xf6,
    0x66, 0x66, 0x66, 0x62, 0x3f, 0xff, 0x70, 0x0,
    0x8f, 0xff, 0xff, 0xff, 0xff, 0x70, 0x0, 0xe7,
    0x0, 0x8, 0xf1, 0x11, 0x8f, 0x21, 0x10, 0x0,
    0xe, 0x70, 0x0, 0x8f, 0x0, 0x7, 0xf1, 0x0,
    0x0, 0x0, 0xe7, 0x0, 0x8, 0xf0, 0x63, 0x7f,
    0x10, 0x0, 0x0, 0xe, 0x70, 0x0, 0x8f, 0x2f,
    0xfe, 0xf1, 0x0, 0x0, 0x0, 0xe7, 0x0, 0xa,
    0xe0, 0x1a, 0xff, 0x60, 0x0, 0x0, 0xe, 0x70,
    0x0, 0xdc, 0x0, 0x8, 0xff, 0xa1, 0x0, 0x0,
    0xe7, 0x94, 0x1f, 0x90, 0x0, 0x7f, 0xbf, 0xe4,
    0x0, 0xe, 0xef, 0x58, 0xf4, 0x0, 0x7, 0xf1,
    0x7f, 0x40, 0x0, 0xef, 0x81, 0xed, 0x0, 0x0,
    0x7f, 0x10, 0x10, 0x0, 0x3, 0x70, 0x8f, 0x40,
    0x0, 0x7, 0xf1, 0x0, 0x0, 0x0, 0x0, 0x1,
    0x80, 0x0, 0x0, 0x7f, 0x10, 0x0,

    /* U+8BD5 "试" */
    0x2, 0xb4, 0x0, 0x0, 0x0, 0x0, 0xdb, 0x2b,
    0x10, 0x0, 0x1f, 0xe0, 0x0, 0x0, 0x0, 0xd,
    0xb2, 0xfa, 0x0, 0x0, 0x6f, 0x80, 0x0, 0x0,
    0x0, 0xdb, 0x7, 0x90, 0x0, 0x0, 0xd8, 0x2,
    0x88, 0x88, 0x8e, 0xe8, 0x88, 0x80, 0x0, 0x0,
    0x0, 0x4f, 0xff, 0xff, 0xff, 0xff, 0xff, 0x3,
    0x44, 0x40, 0x0, 0x0, 0x0, 0xa, 0xd0, 0x0,
    0x0, 0xff, 0xff, 0x10, 0x0, 0x0, 0x0, 0x9e,
    0x0, 0x0, 0x0, 0x17, 0xf1, 0x1, 0x55, 0x55,
    0x48, 0xf0, 0x0, 0x0, 0x0, 0x6f, 0x10, 0x4f,
    0xff, 0xfc, 0x7f, 0x0, 0x0, 0x0, 0x6, 0xf1,
    0x0, 0x7, 0xf0, 0x5, 0xf2, 0x0, 0x0, 0x0,
    0x6f, 0x10, 0x0, 0x7f, 0x0, 0x3f, 0x40, 0x0,
    0x0, 0x6, 0xf1, 0x0, 0x7, 0xf0, 0x0, 0xf7,
    0x0, 0x0, 0x0, 0x6f, 0x10, 0x0, 0x7f, 0x0,
    0xd, 0xa0, 0x0, 0x0, 0x6, 0xf6, 0xa0, 0x7,
    0xf0, 0x33, 0xae, 0x8, 0xd1, 0x0, 0x6f, 0xf9,
    0x1, 0x9f, 0xef, 0x95, 0xf2, 0x9f, 0x0, 0x6,
    0xfe, 0x1b, 0xff, 0xfa, 0x50, 0x1f, 0x7b, 0xd0,
    0x0, 0xb, 0x30, 0x77, 0x30, 0x0, 0x0, 0x9f,
    0xf8, 0x0, 0x0, 0x0, 0x0, 0x0, 0x0, 0x0,
    0x1, 0xcd, 0x10,

    /* U+8BDD "话" */
    0x0, 0x0, 0x0, 0x0, 0x0, 0x0, 0x0, 0x0,
    0x10, 0x2, 0xd7, 0x0, 0x0, 0x0, 0x1, 0x47,
    0xbe, 0xe0, 0x0, 0xcf, 0x30, 0x7, 0x9c, 0xef,
    0xff, 0xd9, 0x50, 0x0, 0x2f, 0xc0, 0xb, 0xfd,
    0xac, 0xf1, 0x0, 0x0, 0x0, 0x8, 0x80, 0x1,
    0x0, 0x8, 0xf1, 0x0, 0x0, 0x0, 0x0, 0x0,
    0x0, 0x0, 0x8, 0xf1, 0x0, 0x0, 0x66, 0x66,
    0x10, 0x37, 0x77, 0x7b, 0xf8, 0x77, 0x77, 0xff,
    0xff, 0x30, 0x6f, 0xff, 0xff, 0xff, 0xff, 0xff,
    0x0, 0x4f, 0x30, 0x0, 0x0, 0x8, 0xf1, 0x0,
    0x0, 0x0, 0x4f, 0x30, 0x0, 0x0, 0x8, 0xf1,
    0x0, 0x0, 0x0, 0x4f, 0x30, 0x0, 0x11, 0x18,
    0xf2, 0x11, 0x10, 0x0, 0x4f, 0x30, 0x6, 0xff,
    0xff, 0xff, 0xff, 0xf0, 0x0, 0x4f, 0x30, 0x6,
    0xf7, 0x66, 0x66, 0x6c, 0xf0, 0x0, 0x4f, 0x30,
    0x6, 0xf2, 0x0, 0x0, 0x9, 0xf0, 0x0, 0x4f,
    0x4b, 0x96, 0xf2, 0x0, 0x0, 0x9, 0xf0, 0x0,
    0x4f, 0xdf, 0x36, 0xf2, 0x0, 0x0, 0x9, 0xf0,
    0x0, 0x2f, 0xf4, 0x6, 0xff, 0xff, 0xff, 0xff,
    0xf0, 0x0, 0x4, 0x20, 0x6, 0xf9, 0x88, 0x88,
    0x8c, 0xf0, 0x0, 0x0, 0x0, 0x6, 0xf2, 0x0,
    0x0, 0x9, 0xf0,

    /* U+8BE5 "该" */
    0x0, 0x0, 0x0, 0x0, 0x0, 0x0, 0x0, 0x0,
    0x0, 0x2, 0xc7, 0x0, 0x0, 0x0, 0x5f, 0x50,
    0x0, 0x0, 0x0, 0xdf, 0x30, 0x0, 0x0, 0x1f,
    0xc0, 0x0, 0x0, 0x0, 0x2f, 0xc0, 0x48, 0x88,
    0x8d, 0xf9, 0x88, 0x87, 0x0, 0x9, 0x90, 0x8f,
    0xff, 0xff, 0xff, 0xff, 0xfe, 0x0, 0x0, 0x0,
    0x0, 0xa, 0xf2, 0x0, 0x10, 0x0, 0x66, 0x66,
    0x10, 0x0, 0x5f, 0x70, 0x4, 0xf5, 0x0, 0xff,
    0xff, 0x30, 0x3, 0xfa, 0x0, 0xd, 0xe1, 0x0,
    0x0, 0x4f, 0x30, 0x1f, 0xf9, 0xac, 0xef, 0x60,
    0x0, 0x0, 0x4f, 0x30, 0xd, 0xb9, 0x7b, 0xfb,
    0x4, 0xe4, 0x0, 0x4f, 0x30, 0x0, 0x0, 0x6f,
    0xc0, 0xd, 0xe1, 0x0, 0x4f, 0x30, 0x0, 0x9,
    0xfc, 0x10, 0x9f, 0x50, 0x0, 0x4f, 0x30, 0x6,
    0xef, 0x80, 0x7, 0xfa, 0x0, 0x0, 0x4f, 0x30,
    0x9f, 0xb3, 0x0, 0x7f, 0xc0, 0x0, 0x0, 0x4f,
    0x3a, 0xa3, 0x0, 0xa, 0xff, 0xc1, 0x0, 0x0,
    0x4f, 0xcf, 0x50, 0x4, 0xdf, 0x97, 0xfd, 0x10,
    0x0, 0x3f, 0xf6, 0x3, 0xbf, 0xd4, 0x0, 0x4f,
    0xe2, 0x0, 0x6, 0x40, 0xbf, 0xe7, 0x0, 0x0,
    0x3, 0xfb, 0x0, 0x0, 0x0, 0x67, 0x0, 0x0,
    0x0, 0x0, 0x31,

    /* U+8BED "语" */
    0x0, 0x73, 0x0, 0x0, 0x0, 0x0, 0x0, 0x0,
    0x0, 0x2, 0xfd, 0x0, 0x6f, 0xff, 0xff, 0xff,
    0xff, 0xf9, 0x0, 0x7f, 0x80, 0x26, 0x66, 0xed,
    0x66, 0x66, 0x63, 0x0, 0xe, 0xe0, 0x0, 0x0,
    0xf9, 0x0, 0x0, 0x0, 0x0, 0x4, 0x20, 0x1,
    0x23, 0xf7, 0x22, 0x22, 0x0, 0x0, 0x0, 0x0,
    0xb, 0xff, 0xff, 0xff, 0xff, 0x10, 0x66, 0x66,
    0x10, 0x5, 0x8d, 0xf8, 0x88, 0xbf, 0x10, 0xff,
    0xff, 0x30, 0x0, 0xd, 0xb0, 0x0, 0x7f, 0x10,
    0x0, 0x4f, 0x30, 0x0, 0xf, 0x80, 0x0, 0x7f,
    0x10, 0x0, 0x4f, 0x30, 0xbf, 0xff, 0xff, 0xff,
    0xff, 0xff, 0x0, 0x4f, 0x30, 0x57, 0x77, 0x77,
    0x77, 0x77, 0x77, 0x0, 0x4f, 0x30, 0x0, 0x0,
    0x0, 0x0, 0x0, 0x0, 0x0, 0x4f, 0x30, 0x9,
    0xff, 0xff, 0xff, 0xff, 0xf0, 0x0, 0x4f, 0x30,
    0x9, 0xf6, 0x66, 0x66, 0x6b, 0xf0, 0x0, 0x4f,
    0x3a, 0x79, 0xf0, 0x0, 0x0, 0x8, 0xf0, 0x0,
    0x4f, 0xbf, 0x69, 0xf0, 0x0, 0x0, 0x8, 0xf0,
    0x0, 0x3f, 0xf7, 0x9, 0xf7, 0x77, 0x77, 0x7b,
    0xf0, 0x0, 0x9, 0x60, 0x9, 0xff, 0xff, 0xff,
    0xff, 0xf0, 0x0, 0x0, 0x0, 0x9, 0xf0, 0x0,
    0x0, 0x8, 0xf0,

    /* U+8BEF "误" */
    0x0, 0x51, 0x0, 0x0, 0x0, 0x0, 0x0, 0x0,
    0x0, 0x0, 0x4f, 0xb0, 0x0, 0xff, 0xff, 0xff,
    0xff, 0xf9, 0x0, 0x0, 0xbf, 0x50, 0xf, 0xc6,
    0x66, 0x66, 0x6f, 0x90, 0x0, 0x2, 0xfd, 0x0,
    0xf9, 0x0, 0x0, 0x0, 0xf9, 0x0, 0x0, 0x9,
    0x30, 0xf, 0x90, 0x0, 0x0, 0xf, 0x90, 0x0,
    0x0, 0x0, 0x0, 0xfc, 0x77, 0x77, 0x77, 0xf9,
    0x0, 0x55, 0x55, 0x0, 0xe, 0xff, 0xff, 0xff,
    0xff, 0x80, 0xf, 0xff, 0xf1, 0x0, 0x0, 0x0,
    0x0, 0x0, 0x0, 0x0, 0x12, 0x7f, 0x10, 0x38,
    0x88, 0x88, 0x88, 0x88, 0x70, 0x0, 0x6, 0xf1,
    0x5, 0xff, 0xff, 0xff, 0xff, 0xfd, 0x0, 0x0,
    0x6f, 0x10, 0x0, 0x0, 0x4f, 0x60, 0x0, 0x0,
    0x0, 0x6, 0xf1, 0x1, 0x11, 0x17, 0xf4, 0x11,
    0x11, 0x10, 0x0, 0x6f, 0x12, 0xff, 0xff, 0xff,
    0xff, 0xff, 0xfd, 0x0, 0x6, 0xf1, 0x16, 0x66,
    0x8f, 0xff, 0x76, 0x66, 0x50, 0x0, 0x6f, 0x6e,
    0x10, 0xa, 0xf6, 0xfa, 0x0, 0x0, 0x0, 0x6,
    0xff, 0xa0, 0x8, 0xfa, 0x5, 0xfb, 0x10, 0x0,
    0x0, 0x5f, 0xd1, 0x3c, 0xfc, 0x0, 0x5, 0xfe,
    0x60, 0x0, 0x0, 0x72, 0x9f, 0xf9, 0x0, 0x0,
    0x3, 0xdf, 0xe0, 0x0, 0x0, 0x3, 0x92, 0x0,
    0x0, 0x0, 0x0, 0x66, 0x0,

    /* U+8BF4 "说" */
    0x0, 0x0, 0x0, 0x0, 0x2, 0x0, 0x0, 0x0,
    0x0, 0x0, 0x2d, 0x70, 0x0, 0xa, 0xe2, 0x0,
    0x5, 0xe4, 0x0, 0x0, 0xcf, 0x30, 0x0, 0x2f,
    0xc0, 0x0, 0xcf, 0x10, 0x0, 0x2, 0xfc, 0x0,
    0x0, 0x89, 0x0, 0x6f, 0x60, 0x0, 0x0, 0x8,
    0x80, 0x3, 0x88, 0x88, 0x8f, 0xf8, 0x50, 0x0,
    0x0, 0x0, 0x0, 0x7f, 0xee, 0xee, 0xee, 0xfa,
    0x0, 0x66, 0x66, 0x10, 0x7, 0xf0, 0x0, 0x0,
    0xd, 0xa0, 0xf, 0xff, 0xf3, 0x0, 0x7f, 0x0,
    0x0, 0x0, 0xda, 0x0, 0x0, 0x4f, 0x30, 0x7,
    0xf0, 0x0, 0x0, 0xd, 0xa0, 0x0, 0x4, 0xf3,
    0x0, 0x7f, 0x55, 0x55, 0x55, 0xea, 0x0, 0x0,
    0x4f, 0x30, 0x7, 0xff, 0xff, 0xff, 0xff, 0xa0,
    0x0, 0x4, 0xf3, 0x0, 0x1, 0x9e, 0x14, 0xf4,
    0x10, 0x0, 0x0, 0x4f, 0x30, 0x0, 0xb, 0xc0,
    0x4f, 0x30, 0x0, 0x0, 0x4, 0xf3, 0x0, 0x0,
    0xe9, 0x4, 0xf3, 0x0, 0x0, 0x0, 0x4f, 0x37,
    0x50, 0x4f, 0x40, 0x4f, 0x30, 0x0, 0x0, 0x4,
    0xf9, 0xf8, 0xd, 0xd0, 0x4, 0xf3, 0x6, 0xc1,
    0x0, 0x4f, 0xfb, 0x1b, 0xf4, 0x0, 0x4f, 0x30,
    0x7f, 0x10, 0x1, 0xca, 0x4d, 0xf7, 0x0, 0x3,
    0xfb, 0x8e, 0xe0, 0x0, 0x0, 0x9, 0xf6, 0x0,
    0x0, 0xb, 0xff, 0xe6, 0x0, 0x0, 0x0, 0x1,
    0x0, 0x0, 0x0, 0x0, 0x0, 0x0,

    /* U+8BF7 "请" */
    0x0, 0x0, 0x0, 0x0, 0x0, 0x0, 0x0, 0x0,
    0x0, 0x2, 0xd5, 0x0, 0x0, 0x0, 0x5f, 0x30,
    0x0, 0x0, 0x1, 0xef, 0x12, 0xff, 0xff, 0xff,
    0xff, 0xff, 0xf7, 0x0, 0x5f, 0x90, 0x55, 0x55,
    0x9f, 0x75, 0x55, 0x52, 0x0, 0xb, 0x60, 0x26,
    0x66, 0x9f, 0x86, 0x66, 0x40, 0x0, 0x0, 0x0,
    0x5f, 0xff, 0xff, 0xff, 0xff, 0xc0, 0x67, 0x77,
    0x0, 0x0, 0x0, 0x5f, 0x30, 0x0, 0x0, 0xee,
    0xff, 0x1c, 0xff, 0xff, 0xff, 0xff, 0xff, 0xff,
    0x0, 0x6f, 0x14, 0x66, 0x66, 0x66, 0x66, 0x66,
    0x65, 0x0, 0x6f, 0x10, 0x14, 0x44, 0x44, 0x44,
    0x44, 0x20, 0x0, 0x6f, 0x10, 0x6f, 0xff, 0xff,
    0xff, 0xff, 0x80, 0x0, 0x6f, 0x10, 0x6f, 0x20,
    0x0, 0x0, 0x1f, 0x80, 0x0, 0x6f, 0x10, 0x6f,
    0xff, 0xff, 0xff, 0xff, 0x80, 0x0, 0x6f, 0x11,
    0x6f, 0x64, 0x44, 0x44, 0x5f, 0x80, 0x0, 0x6f,
    0x8c, 0x6f, 0x54, 0x44, 0x44, 0x4f, 0x80, 0x0,
    0x6f, 0xf8, 0x6f, 0xff, 0xff, 0xff, 0xff, 0x80,
    0x0, 0x6f, 0xd0, 0x6f, 0x20, 0x0, 0x0, 0x1f,
    0x80, 0x0, 0xa, 0x20, 0x6f, 0x20, 0x0, 0x49,
    0xaf, 0x60, 0x0, 0x0, 0x0, 0x6f, 0x20, 0x0,
    0x3e, 0xfc, 0x10,

    /* U+8BFA "诺" */
    0x0, 0x0, 0x0, 0x0, 0x0, 0x0, 0x0, 0x0,
    0x0, 0x2, 0xc4, 0x0, 0x0, 0x8, 0xf0, 0x4,
    0xf3, 0x0, 0x1, 0xee, 0x10, 0x0, 0x8, 0xf0,
    0x4, 0xf3, 0x0, 0x0, 0x5f, 0x90, 0xa, 0xff,
    0xff, 0xff, 0xff, 0xf8, 0x0, 0xb, 0x50, 0x4,
    0x6b, 0xf6, 0x69, 0xf8, 0x63, 0x0, 0x0, 0x0,
    0x0, 0x8, 0xf0, 0x4, 0xf3, 0x0, 0x33, 0x33,
    0x0, 0x0, 0x6, 0xd5, 0x74, 0xf3, 0x0, 0xff,
    0xff, 0x10, 0x0, 0x11, 0x1d, 0xb1, 0x11, 0x10,
    0x0, 0x6f, 0x10, 0xe, 0xff, 0xff, 0xff, 0xff,
    0xfc, 0x0, 0x6f, 0x10, 0x5, 0x55, 0xfd, 0x55,
    0x55, 0x54, 0x0, 0x6f, 0x10, 0x0, 0x7, 0xf3,
    0x0, 0x0, 0x0, 0x0, 0x6f, 0x10, 0x0, 0x5f,
    0xb3, 0x33, 0x33, 0x30, 0x0, 0x6f, 0x10, 0x5,
    0xff, 0xff, 0xff, 0xff, 0xe0, 0x0, 0x6f, 0x10,
    0x7f, 0xcf, 0x92, 0x22, 0x2a, 0xe0, 0x0, 0x6f,
    0x7b, 0x59, 0xf, 0x80, 0x0, 0x9, 0xe0, 0x0,
    0x6f, 0xf8, 0x0, 0xf, 0x80, 0x0, 0x9, 0xe0,
    0x0, 0x6f, 0xd0, 0x0, 0xf, 0xb7, 0x77, 0x7c,
    0xe0, 0x0, 0xa, 0x20, 0x0, 0xf, 0xff, 0xff,
    0xff, 0xe0, 0x0, 0x0, 0x0, 0x0, 0xf, 0x80,
    0x0, 0x9, 0xe0,

    /* U+8BFB "读" */
    0x0, 0x0, 0x0, 0x0, 0x0, 0x0, 0x0, 0x0,
    0x0, 0x0, 0x0, 0x5d, 0x10, 0x0, 0x0, 0x0,
    0x7f, 0x20, 0x0, 0x0, 0x0, 0x4f, 0xb0, 0x0,
    0x6, 0x66, 0xaf, 0x76, 0x64, 0x0, 0x0, 0xb,
    0xf3, 0x0, 0x2f, 0xff, 0xff, 0xff, 0xfc, 0x0,
    0x0, 0x3, 0x80, 0x0, 0x0, 0x0, 0x7f, 0x20,
    0x0, 0x0, 0x0, 0x0, 0x0, 0x0, 0x22, 0x22,
    0x9f, 0x42, 0x22, 0x10, 0x16, 0x66, 0x30, 0x0,
    0xff, 0xff, 0xff, 0xff, 0xff, 0x80, 0x3f, 0xff,
    0x70, 0x0, 0x22, 0x32, 0x23, 0x32, 0x7f, 0x40,
    0x0, 0xe, 0x70, 0x0, 0x0, 0xcb, 0x19, 0xe0,
    0xdb, 0x0, 0x0, 0xe, 0x70, 0x0, 0x14, 0x4f,
    0xa9, 0xe0, 0x83, 0x0, 0x0, 0xe, 0x70, 0x0,
    0x6f, 0x64, 0x2a, 0xd0, 0x0, 0x0, 0x0, 0xe,
    0x70, 0x0, 0x6, 0xf4, 0xc, 0xc0, 0x0, 0x0,
    0x0, 0xe, 0x70, 0x0, 0x22, 0x52, 0x2f, 0xa2,
    0x22, 0x20, 0x0, 0xe, 0x70, 0x5, 0xff, 0xff,
    0xff, 0xff, 0xff, 0xe0, 0x0, 0xe, 0x79, 0x61,
    0x44, 0x45, 0xfe, 0x44, 0x44, 0x30, 0x0, 0xe,
    0xef, 0x70, 0x0, 0x1c, 0xf4, 0x4d, 0x50, 0x0,
    0x0, 0xe, 0xf9, 0x0, 0x6, 0xef, 0x40, 0x2c,
    0xfb, 0x10, 0x0, 0x3, 0x70, 0x5, 0xef, 0xb2,
    0x0, 0x0, 0x7f, 0xe0, 0x0, 0x0, 0x0, 0x2,
    0x93, 0x0, 0x0, 0x0, 0x4, 0x70,

    /* U+8C03 "调" */
    0x0, 0x52, 0x0, 0x0, 0x0, 0x0, 0x0, 0x0,
    0x0, 0x2, 0xfc, 0x0, 0x5, 0xff, 0xff, 0xff,
    0xff, 0xf5, 0x0, 0x8f, 0x60, 0x5, 0xf7, 0x66,
    0x66, 0x67, 0xf5, 0x0, 0xe, 0xe0, 0x5, 0xf1,
    0x3, 0x91, 0x2, 0xf5, 0x0, 0x5, 0x40, 0x5,
    0xf1, 0x5, 0xf2, 0x2, 0xf5, 0x0, 0x0, 0x0,
    0x5, 0xf3, 0xff, 0xff, 0xe2, 0xf5, 0x99, 0x99,
    0x20, 0x5, 0xf2, 0x69, 0xf7, 0x52, 0xf5, 0xcd,
    0xdf, 0x30, 0x5, 0xf1, 0x5, 0xf2, 0x2, 0xf5,
    0x0, 0x4f, 0x30, 0x5, 0xf5, 0xff, 0xff, 0xf5,
    0xf5, 0x0, 0x4f, 0x30, 0x5, 0xf2, 0x66, 0x66,
    0x63, 0xf5, 0x0, 0x4f, 0x30, 0x6, 0xf0, 0x22,
    0x22, 0x22, 0xf5, 0x0, 0x4f, 0x30, 0x6, 0xf0,
    0xff, 0xff, 0xd2, 0xf5, 0x0, 0x4f, 0x30, 0x7,
    0xf0, 0xf8, 0x29, 0xd2, 0xf5, 0x0, 0x4f, 0x31,
    0x9, 0xd0, 0xf6, 0x8, 0xd2, 0xf5, 0x0, 0x4f,
    0x4c, 0xab, 0xc0, 0xff, 0xff, 0xd2, 0xf5, 0x0,
    0x4f, 0xef, 0x3d, 0xa0, 0x56, 0x66, 0x52, 0xf5,
    0x0, 0x3f, 0xf6, 0xf, 0x70, 0x0, 0x0, 0x2,
    0xf5, 0x0, 0xa, 0x70, 0x4f, 0x40, 0x0, 0x7,
    0x79, 0xf4, 0x0, 0x0, 0x0, 0x2d, 0x0, 0x0,
    0x8, 0xef, 0xb0, 0x0, 0x0, 0x0, 0x0, 0x0,
    0x0, 0x0, 0x0, 0x0,

    /* U+8C31 "谱" */
    0x0, 0x1, 0x0, 0x0, 0x2, 0x0, 0x0, 0x13,
    0x0, 0x0, 0x7, 0xf3, 0x0, 0x8, 0xf1, 0x0,
    0xa, 0xf3, 0x0, 0x0, 0x3f, 0xd0, 0x0, 0x2f,
    0x80, 0x2, 0xfb, 0x0, 0x0, 0x0, 0x9f, 0x58,
    0xff, 0xff, 0xff, 0xff, 0xff, 0xf5, 0x0, 0x2,
    0x60, 0x36, 0x67, 0xf8, 0x6d, 0xd6, 0x66, 0x20,
    0x0, 0x0, 0x4, 0xd2, 0x2f, 0x40, 0xbb, 0x3,
    0xd2, 0x17, 0x77, 0x30, 0xd, 0xb2, 0xf4, 0xb,
    0xb0, 0xce, 0x3, 0xff, 0xf7, 0x0, 0x6d, 0x3f,
    0x40, 0xbb, 0x5f, 0x40, 0x0, 0xe, 0x71, 0x56,
    0x57, 0xf8, 0x5c, 0xc5, 0x75, 0x50, 0x0, 0xe7,
    0x3f, 0xff, 0xff, 0xff, 0xff, 0xff, 0xfe, 0x0,
    0xe, 0x70, 0x0, 0x0, 0x0, 0x0, 0x0, 0x0,
    0x0, 0x0, 0xe7, 0x0, 0x8f, 0xff, 0xff, 0xff,
    0xff, 0x0, 0x0, 0xe, 0x70, 0x9, 0xf6, 0x66,
    0x66, 0x69, 0xf0, 0x0, 0x0, 0xe7, 0x0, 0x9f,
    0x0, 0x0, 0x0, 0x6f, 0x0, 0x0, 0xe, 0x78,
    0x69, 0xff, 0xff, 0xff, 0xff, 0xf0, 0x0, 0x0,
    0xee, 0xf7, 0x9f, 0x33, 0x33, 0x33, 0x7f, 0x0,
    0x0, 0xe, 0xf9, 0x9, 0xf6, 0x66, 0x66, 0x69,
    0xf0, 0x0, 0x0, 0x37, 0x0, 0x9f, 0xff, 0xff,
    0xff, 0xff, 0x0, 0x0, 0x0, 0x0, 0x9, 0xf0,
    0x0, 0x0, 0x5, 0xf0, 0x0,

    /* U+8D25 "败" */
    0x0, 0x0, 0x0, 0x0, 0x0, 0x0, 0x10, 0x0,
    0x0, 0x0, 0x0, 0x1, 0x11, 0x11, 0x10, 0x0,
    0xae, 0x0, 0x0, 0x0, 0x0, 0xff, 0xff, 0xff,
    0xf2, 0x0, 0xdb, 0x0, 0x0, 0x0, 0x0, 0xfb,
    0x66, 0x69, 0xf2, 0x1, 0xf7, 0x0, 0x0, 0x0,
    0x0, 0xf8, 0x1, 0x5, 0xf2, 0x5, 0xff, 0xff,
    0xff, 0x90, 0x0, 0xf8, 0x1f, 0x55, 0xf2, 0x9,
    0xf8, 0x88, 0xed, 0x50, 0x0, 0xf8, 0x1f, 0x45,
    0xf2, 0xe, 0xa0, 0x0, 0xf9, 0x0, 0x0, 0xf8,
    0x2f, 0x45, 0xf2, 0x4f, 0x80, 0x1, 0xf7, 0x0,
    0x0, 0xf8, 0x2f, 0x35, 0xf2, 0xbf, 0xd0, 0x5,
    0xf5, 0x0, 0x0, 0xf8, 0x3f, 0x35, 0xf4, 0xfe,
    0xf3, 0x8, 0xf2, 0x0, 0x0, 0xf8, 0x3f, 0x35,
    0xf2, 0x82, 0xea, 0xd, 0xe0, 0x0, 0x0, 0xf8,
    0x5f, 0x25, 0xf2, 0x0, 0x8f, 0x6f, 0x90, 0x0,
    0x0, 0xf8, 0x8f, 0x5, 0xf2, 0x0, 0x1f, 0xff,
    0x30, 0x0, 0x0, 0xf8, 0xdc, 0x5, 0xf2, 0x0,
    0x9, 0xfb, 0x0, 0x0, 0x0, 0x4, 0xf7, 0x74,
    0x0, 0x0, 0x1e, 0xfe, 0x20, 0x0, 0x0, 0x1e,
    0xe1, 0xbf, 0x30, 0x0, 0xdf, 0x9f, 0xe2, 0x0,
    0x2, 0xdf, 0x40, 0x1d, 0xe2, 0x2d, 0xf8, 0x5,
    0xfe, 0x30, 0xd, 0xf5, 0x0, 0x2, 0x81, 0xff,
    0x80, 0x0, 0x6f, 0xd0, 0x2, 0x20, 0x0, 0x0,
    0x0, 0x75, 0x0, 0x0, 0x5, 0x30,

    /* U+8D26 "账" */
    0x1, 0x11, 0x11, 0x10, 0x9, 0xf0, 0x0, 0x26,
    0x0, 0x4, 0xff, 0xff, 0xff, 0x30, 0x9f, 0x0,
    0xb, 0xf1, 0x0, 0x4f, 0x54, 0x46, 0xf3, 0x9,
    0xf0, 0x3, 0xf9, 0x0, 0x4, 0xf2, 0x0, 0x3f,
    0x30, 0x9f, 0x0, 0xdf, 0x10, 0x0, 0x4f, 0x2c,
    0x83, 0xf3, 0x9, 0xf0, 0xaf, 0x60, 0x0, 0x4,
    0xf2, 0xc8, 0x3f, 0x30, 0x9f, 0x2f, 0xa0, 0x0,
    0x0, 0x4f, 0x2c, 0x83, 0xf3, 0x9, 0xf0, 0x20,
    0x0, 0x0, 0x4, 0xf2, 0xd8, 0x3f, 0x4f, 0xff,
    0xff, 0xff, 0xff, 0xa0, 0x4f, 0x2d, 0x73, 0xf4,
    0x9d, 0xf9, 0xfd, 0x99, 0x96, 0x4, 0xf2, 0xd7,
    0x3f, 0x30, 0x9f, 0xa, 0xe0, 0x0, 0x0, 0x4f,
    0x2f, 0x53, 0xf3, 0x9, 0xf0, 0x5f, 0x30, 0x0,
    0x4, 0xf3, 0xf4, 0x3f, 0x30, 0x9f, 0x1, 0xfb,
    0x0, 0x0, 0x4f, 0x7f, 0x13, 0xf3, 0x9, 0xf0,
    0x8, 0xf3, 0x0, 0x0, 0xa, 0xd0, 0x30, 0x0,
    0x9f, 0x0, 0x1f, 0xd1, 0x0, 0x2, 0xf7, 0x8f,
    0x20, 0x9, 0xf0, 0x42, 0x5f, 0xb0, 0x0, 0xce,
    0x0, 0xdc, 0x0, 0x9f, 0x8f, 0x70, 0x8f, 0xd0,
    0xaf, 0x50, 0x4, 0xf5, 0x9, 0xff, 0x70, 0x0,
    0x6a, 0x3, 0x50, 0x0, 0x7, 0x10, 0x1a, 0x30,
    0x0, 0x0, 0x0,

    /* U+8D28 "质" */
    0x0, 0x0, 0x0, 0x0, 0x0, 0x0, 0x0, 0x0,
    0x0, 0x0, 0x0, 0x0, 0x12, 0x34, 0x57, 0x8a,
    0xce, 0xb0, 0x2, 0xff, 0xff, 0xff, 0xff, 0xff,
    0xfe, 0xca, 0x81, 0x3, 0xfa, 0x76, 0x65, 0x43,
    0x67, 0x0, 0x0, 0x0, 0x3, 0xf6, 0x0, 0x0,
    0x0, 0x9f, 0x0, 0x0, 0x0, 0x3, 0xff, 0xff,
    0xff, 0xff, 0xff, 0xff, 0xff, 0xfd, 0x3, 0xfb,
    0x77, 0x77, 0x77, 0xfb, 0x77, 0x77, 0x76, 0x3,
    0xf6, 0x0, 0x0, 0x5, 0xf3, 0x0, 0x0, 0x0,
    0x3, 0xf5, 0x9, 0xff, 0xff, 0xff, 0xff, 0xff,
    0x0, 0x3, 0xf5, 0xa, 0xf8, 0x88, 0x88, 0x88,
    0xcf, 0x0, 0x3, 0xf4, 0xa, 0xe0, 0x0, 0x31,
    0x0, 0x8f, 0x0, 0x5, 0xf3, 0xa, 0xe0, 0x2,
    0xf7, 0x0, 0x8f, 0x0, 0x7, 0xf0, 0xa, 0xe0,
    0x4, 0xf5, 0x0, 0x8f, 0x0, 0xa, 0xe0, 0xa,
    0xe0, 0x8, 0xf2, 0x0, 0x8f, 0x0, 0xe, 0xa0,
    0x8, 0xc0, 0x1f, 0xd0, 0x40, 0x5b, 0x0, 0x3f,
    0x60, 0x0, 0x0, 0xcf, 0x55, 0xfd, 0x40, 0x0,
    0x9f, 0x10, 0x0, 0x5d, 0xf8, 0x0, 0x4d, 0xfa,
    0x10, 0xda, 0x3, 0xdf, 0xfe, 0x60, 0x0, 0x0,
    0x8f, 0xf3, 0x23, 0x0, 0x99, 0x50, 0x0, 0x0,
    0x0, 0x3, 0x70,

    /* U+8D34 "贴" */
    0x0, 0x0, 0x0, 0x0, 0x0, 0x0, 0xe, 0xa0,
    0x0, 0x0, 0xf, 0xff, 0xff, 0xff, 0x20, 0x0,
    0xea, 0x0, 0x0, 0x0, 0xfc, 0x77, 0x7a, 0xf2,
    0x0, 0xe, 0xa0, 0x0, 0x0, 0xf, 0x80, 0x0,
    0x5f, 0x20, 0x0, 0xec, 0x77, 0x76, 0x0, 0xf8,
    0x1d, 0x45, 0xf2, 0x0, 0xe, 0xff, 0xff, 0xe0,
    0xf, 0x81, 0xf4, 0x5f, 0x20, 0x0, 0xea, 0x0,
    0x0, 0x0, 0xf8, 0x2f, 0x45, 0xf2, 0x0, 0xe,
    0xa0, 0x0, 0x0, 0xf, 0x82, 0xf3, 0x5f, 0x20,
    0x0, 0xea, 0x0, 0x0, 0x0, 0xf8, 0x3f, 0x35,
    0xf2, 0x47, 0x7f, 0xc7, 0x77, 0x30, 0xf, 0x83,
    0xf3, 0x5f, 0x29, 0xff, 0xff, 0xff, 0xf8, 0x0,
    0xf8, 0x5f, 0x25, 0xf2, 0x9e, 0x0, 0x0, 0xf,
    0x80, 0xf, 0x88, 0xf0, 0x5f, 0x29, 0xe0, 0x0,
    0x0, 0xf8, 0x0, 0xf8, 0xdd, 0x5, 0xf2, 0x9e,
    0x0, 0x0, 0xf, 0x80, 0x0, 0x4f, 0x77, 0x40,
    0x9, 0xe0, 0x0, 0x0, 0xf8, 0x0, 0x1e, 0xf1,
    0xcf, 0x30, 0x9e, 0x11, 0x11, 0x1f, 0x80, 0x2d,
    0xf5, 0x1, 0xef, 0x29, 0xff, 0xff, 0xff, 0xf8,
    0xd, 0xf7, 0x0, 0x3, 0x90, 0x9f, 0x55, 0x55,
    0x5f, 0x80, 0x44, 0x0, 0x0, 0x0, 0x9, 0xe0,
    0x0, 0x0, 0xf8,

    /* U+8D77 "起" */
    0x0, 0x0, 0xe, 0xa0, 0x0, 0x0, 0x0, 0x0,
    0x0, 0x0, 0x0, 0x0, 0xe, 0xa0, 0x0, 0x6f,
    0xff, 0xff, 0xf9, 0x0, 0x0, 0xbf, 0xff, 0xff,
    0xf5, 0x2, 0x22, 0x22, 0xe9, 0x0, 0x0, 0x57,
    0x7f, 0xc7, 0x72, 0x0, 0x0, 0x0, 0xe9, 0x0,
    0x0, 0x0, 0xe, 0xa0, 0x0, 0x0, 0x0, 0x0,
    0xe9, 0x0, 0x0, 0x0, 0xe, 0xa0, 0x0, 0x0,
    0x0, 0x0, 0xe9, 0x0, 0x5, 0xff, 0xff, 0xff,
    0xfe, 0x3e, 0xee, 0xee, 0xf9, 0x0, 0x2, 0x77,
    0x7b, 0xf7, 0x76, 0x3f, 0x98, 0x88, 0x84, 0x0,
    0x0, 0x2, 0x8, 0xf0, 0x0, 0x3f, 0x30, 0x0,
    0x0, 0x0, 0x0, 0x4f, 0x28, 0xf0, 0x0, 0x3f,
    0x30, 0x0, 0x0, 0x0, 0x0, 0x7f, 0x8, 0xff,
    0xf6, 0x3f, 0x30, 0x0, 0x5, 0x10, 0x0, 0x9d,
    0x8, 0xf7, 0x73, 0x3f, 0x30, 0x0, 0xe, 0xa0,
    0x0, 0xcc, 0x8, 0xf0, 0x0, 0x3f, 0x30, 0x0,
    0x3f, 0x80, 0x0, 0xff, 0x68, 0xf0, 0x0, 0x1f,
    0xff, 0xff, 0xff, 0x30, 0x4, 0xfd, 0xfd, 0xf0,
    0x0, 0x4, 0x77, 0x87, 0x63, 0x0, 0x9, 0xf1,
    0xbf, 0xf4, 0x0, 0x0, 0x0, 0x0, 0x0, 0x0,
    0xe, 0xc0, 0x8, 0xff, 0xfe, 0xdb, 0xba, 0x99,
    0x99, 0x80, 0xc, 0x60, 0x0, 0x16, 0x9b, 0xde,
    0xff, 0xff, 0xff, 0xc0, 0x0, 0x10, 0x0, 0x0,
    0x0, 0x0, 0x0, 0x0, 0x0, 0x0,

    /* U+8D85 "超" */
    0x0, 0x0, 0x9f, 0x0, 0x1, 0xff, 0xff, 0xff,
    0xfd, 0x0, 0x0, 0x9, 0xf0, 0x0, 0x5, 0x5f,
    0xa5, 0x5b, 0xd0, 0x2, 0xff, 0xff, 0xff, 0x80,
    0x1, 0xf6, 0x0, 0xad, 0x0, 0x17, 0x7c, 0xf7,
    0x73, 0x0, 0x4f, 0x40, 0xa, 0xc0, 0x0, 0x0,
    0x9f, 0x0, 0x0, 0x9, 0xf0, 0x0, 0xbc, 0x0,
    0x0, 0x9, 0xf0, 0x0, 0x3, 0xf9, 0x0, 0xd,
    0xa0, 0xb, 0xff, 0xff, 0xff, 0xf4, 0xfe, 0x14,
    0xfe, 0xf6, 0x0, 0x57, 0x77, 0xfa, 0x77, 0x1b,
    0x20, 0x7, 0x97, 0x0, 0x0, 0x0, 0x1f, 0x60,
    0x0, 0x99, 0x99, 0x99, 0x95, 0x0, 0x9, 0xd1,
    0xf6, 0x0, 0xf, 0xff, 0xff, 0xff, 0x90, 0x0,
    0xbb, 0x1f, 0xb7, 0x40, 0xf8, 0x0, 0x0, 0xe9,
    0x0, 0xe, 0x81, 0xff, 0xe8, 0xf, 0x80, 0x0,
    0xe, 0x90, 0x1, 0xf7, 0x1f, 0x60, 0x0, 0xf8,
    0x0, 0x0, 0xe9, 0x0, 0x4f, 0xf4, 0xf6, 0x0,
    0xf, 0xff, 0xff, 0xff, 0x90, 0x9, 0xfe, 0xff,
    0x60, 0x0, 0x55, 0x55, 0x55, 0x53, 0x0, 0xdb,
    0x2e, 0xfa, 0x20, 0x0, 0x0, 0x0, 0x0, 0x0,
    0x4f, 0x70, 0x1b, 0xff, 0xfe, 0xcb, 0xaa, 0x99,
    0x99, 0x63, 0xe2, 0x0, 0x2, 0x7a, 0xcd, 0xef,
    0xff, 0xff, 0xf7, 0x1, 0x0, 0x0, 0x0, 0x0,
    0x0, 0x0, 0x0, 0x0, 0x0,

    /* U+8DB3 "足" */
    0x0, 0x1f, 0xff, 0xff, 0xff, 0xff, 0xff, 0xfa,
    0x0, 0x0, 0x1, 0xfb, 0x77, 0x77, 0x77, 0x77,
    0x7f, 0xa0, 0x0, 0x0, 0x1f, 0x70, 0x0, 0x0,
    0x0, 0x0, 0xea, 0x0, 0x0, 0x1, 0xf7, 0x0,
    0x0, 0x0, 0x0, 0xe, 0xa0, 0x0, 0x0, 0x1f,
    0x70, 0x0, 0x0, 0x0, 0x0, 0xea, 0x0, 0x0,
    0x1, 0xf8, 0x11, 0x11, 0x11, 0x11, 0x1e, 0xa0,
    0x0, 0x0, 0x1f, 0xff, 0xff, 0xff, 0xff, 0xff,
    0xfa, 0x0, 0x0, 0x0, 0x66, 0x66, 0x67, 0xfb,
    0x66, 0x66, 0x40, 0x0, 0x0, 0x0, 0x30, 0x0,
    0x1f, 0x70, 0x0, 0x0, 0x0, 0x0, 0x0, 0x4f,
    0x50, 0x1, 0xf7, 0x0, 0x0, 0x0, 0x0, 0x0,
    0x7, 0xf2, 0x0, 0x1f, 0xc8, 0x88, 0x88, 0x81,
    0x0, 0x0, 0xbe, 0x0, 0x1, 0xff, 0xff, 0xff,
    0xff, 0x10, 0x0, 0x1f, 0xc0, 0x0, 0x1f, 0x70,
    0x0, 0x0, 0x0, 0x0, 0x7, 0xff, 0x80, 0x1,
    0xf7, 0x0, 0x0, 0x0, 0x0, 0x0, 0xed, 0xbf,
    0xa1, 0x1f, 0x70, 0x0, 0x0, 0x0, 0x0, 0x8f,
    0x50, 0x9f, 0xfa, 0xf7, 0x0, 0x0, 0x0, 0x0,
    0x4f, 0xc0, 0x0, 0x3b, 0xff, 0xfe, 0xdc, 0xcb,
    0xbb, 0x25, 0xf2, 0x0, 0x0, 0x1, 0x58, 0xbd,
    0xef, 0xff, 0xf0, 0x1, 0x0, 0x0, 0x0, 0x0,
    0x0, 0x0, 0x0, 0x0, 0x0,

    /* U+8DD1 "跑" */
    0x0, 0x0, 0x0, 0x0, 0x0, 0x0, 0x0, 0x0,
    0x0, 0x0, 0x0, 0x0, 0x0, 0x0, 0x0, 0xe6,
    0x0, 0x0, 0x0, 0x0, 0x4, 0xff, 0xff, 0xf5,
    0x4, 0xf7, 0x0, 0x0, 0x0, 0x0, 0x4, 0xf8,
    0x67, 0xf5, 0x8, 0xf6, 0x22, 0x22, 0x22, 0x0,
    0x4, 0xf3, 0x2, 0xf5, 0xd, 0xff, 0xff, 0xff,
    0xff, 0x0, 0x4, 0xf3, 0x2, 0xf5, 0x3f, 0xb5,
    0x55, 0x55, 0xbf, 0x0, 0x4, 0xf3, 0x2, 0xf5,
    0xaf, 0x20, 0x0, 0x0, 0x9f, 0x0, 0x4, 0xf8,
    0x67, 0xf8, 0xfb, 0x22, 0x22, 0x10, 0x9e, 0x0,
    0x4, 0xff, 0xff, 0xf7, 0xc3, 0xff, 0xff, 0x90,
    0x9e, 0x0, 0x0, 0x0, 0xd8, 0x0, 0x1, 0xfa,
    0x5f, 0x90, 0xae, 0x0, 0x0, 0x10, 0xd8, 0x0,
    0x1, 0xf7, 0xe, 0x90, 0xad, 0x0, 0x4, 0xf3,
    0xdc, 0x71, 0x1, 0xf7, 0xe, 0x90, 0xbc, 0x0,
    0x4, 0xf3, 0xdf, 0xf2, 0x1, 0xfd, 0xaf, 0x90,
    0xca, 0x0, 0x4, 0xf3, 0xd8, 0x0, 0x1, 0xfd,
    0xaa, 0x60, 0xf8, 0x0, 0x4, 0xf3, 0xd8, 0x0,
    0x1, 0xf7, 0x0, 0x8f, 0xf2, 0x0, 0x4, 0xf3,
    0xd8, 0x0, 0x1, 0xf7, 0x0, 0x38, 0x30, 0x0,
    0x4, 0xf3, 0xdb, 0xa1, 0x1, 0xf7, 0x0, 0x0,
    0x8, 0xb0, 0x4, 0xf9, 0xff, 0xf2, 0x1, 0xf7,
    0x0, 0x0, 0xb, 0xe0, 0x1d, 0xff, 0xe7, 0x10,
    0x0, 0xfc, 0x87, 0x78, 0xaf, 0xa0, 0xc, 0x94,
    0x0, 0x0, 0x0, 0x9e, 0xff, 0xff, 0xeb, 0x20,

    /* U+8DDD "距" */
    0x0, 0xff, 0xff, 0xff, 0x61, 0xff, 0xff, 0xff,
    0xff, 0xc0, 0x0, 0xfa, 0x66, 0x8f, 0x61, 0xfb,
    0x77, 0x77, 0x77, 0x50, 0x0, 0xf7, 0x0, 0x3f,
    0x61, 0xf7, 0x0, 0x0, 0x0, 0x0, 0x0, 0xf7,
    0x0, 0x3f, 0x61, 0xf7, 0x0, 0x0, 0x0, 0x0,
    0x0, 0xf7, 0x0, 0x3f, 0x61, 0xf7, 0x0, 0x0,
    0x0, 0x0, 0x0, 0xfa, 0x66, 0x8f, 0x61, 0xfa,
    0x66, 0x66, 0x63, 0x0, 0x0, 0xff, 0xff, 0xff,
    0x61, 0xff, 0xff, 0xff, 0xf8, 0x0, 0x0, 0x0,
    0x2f, 0x40, 0x1, 0xf7, 0x0, 0x1, 0xf8, 0x0,
    0x0, 0x31, 0x2f, 0x40, 0x1, 0xf7, 0x0, 0x1,
    0xf8, 0x0, 0x0, 0xf7, 0x2f, 0xa9, 0x31, 0xf7,
    0x0, 0x1, 0xf8, 0x0, 0x0, 0xf7, 0x2f, 0xed,
    0x51, 0xfa, 0x66, 0x66, 0xf8, 0x0, 0x0, 0xf7,
    0x2f, 0x40, 0x1, 0xff, 0xff, 0xff, 0xf8, 0x0,
    0x0, 0xf7, 0x2f, 0x40, 0x1, 0xf8, 0x11, 0x11,
    0x10, 0x0, 0x0, 0xf7, 0x2f, 0x40, 0x1, 0xf7,
    0x0, 0x0, 0x0, 0x0, 0x0, 0xf7, 0x2f, 0x9a,
    0xc1, 0xf7, 0x0, 0x0, 0x0, 0x0, 0x4, 0xfd,
    0xef, 0xfd, 0x81, 0xfb, 0x66, 0x66, 0x66, 0x60,
    0xf, 0xfe, 0xb6, 0x20, 0x1, 0xff, 0xff, 0xff,
    0xff, 0xf2, 0x4, 0x20, 0x0, 0x0, 0x0, 0x11,
    0x11, 0x11, 0x11, 0x10,

    /* U+8DEF "路" */
    0x0, 0x0, 0x0, 0x0, 0x0, 0x0, 0x0, 0x0,
    0x0, 0x0, 0x0, 0x0, 0x0, 0x0, 0x0, 0x6,
    0xd2, 0x0, 0x0, 0x0, 0x0, 0xff, 0xff, 0xff,
    0x50, 0xb, 0xf0, 0x0, 0x0, 0x0, 0x0, 0xfa,
    0x66, 0x8f, 0x50, 0x2f, 0xe6, 0x66, 0x65, 0x0,
    0x0, 0xf7, 0x0, 0x3f, 0x50, 0x9f, 0xff, 0xff,
    0xfe, 0x0, 0x0, 0xf7, 0x0, 0x3f, 0x52, 0xfe,
    0x0, 0x3, 0xfa, 0x0, 0x0, 0xf7, 0x0, 0x3f,
    0x6d, 0xff, 0x70, 0xc, 0xf1, 0x0, 0x0, 0xfa,
    0x66, 0x8f, 0x6c, 0x58, 0xf5, 0x9f, 0x70, 0x0,
    0x0, 0xff, 0xff, 0xff, 0x50, 0x0, 0xcf, 0xf9,
    0x0, 0x0, 0x0, 0x0, 0x2f, 0x40, 0x0, 0x3,
    0xcf, 0xfc, 0x40, 0x0, 0x0, 0x31, 0x2f, 0x40,
    0x5, 0xbf, 0xf6, 0x6f, 0xfc, 0x60, 0x0, 0xf7,
    0x2f, 0xa8, 0x4f, 0xf8, 0x10, 0x1, 0x9e, 0xe0,
    0x0, 0xf7, 0x2f, 0xed, 0x44, 0x66, 0x66, 0x66,
    0x65, 0x30, 0x0, 0xf7, 0x2f, 0x40, 0x2, 0xff,
    0xff, 0xff, 0xfd, 0x0, 0x0, 0xf7, 0x2f, 0x40,
    0x2, 0xf4, 0x0, 0x0, 0xad, 0x0, 0x0, 0xf7,
    0x2f, 0x40, 0x2, 0xf4, 0x0, 0x0, 0xad, 0x0,
    0x0, 0xf7, 0x2f, 0x67, 0x92, 0xf4, 0x0, 0x0,
    0xad, 0x0, 0x1, 0xfb, 0xbf, 0xff, 0xb2, 0xf9,
    0x77, 0x77, 0xdd, 0x0, 0x1f, 0xff, 0xea, 0x51,
    0x2, 0xff, 0xee, 0xee, 0xfd, 0x0, 0x7, 0x62,
    0x0, 0x0, 0x2, 0xf4, 0x0, 0x0, 0xad, 0x0,

    /* U+8DF3 "跳" */
    0x4, 0xff, 0xff, 0xf5, 0x0, 0xe, 0x91, 0xf7,
    0x0, 0x0, 0x4, 0xf8, 0x67, 0xf5, 0x0, 0xe,
    0x91, 0xf7, 0x7, 0x70, 0x4, 0xf3, 0x2, 0xf7,
    0xc5, 0xe, 0x91, 0xf7, 0xd, 0xc0, 0x4, 0xf3,
    0x2, 0xf6, 0xfb, 0xe, 0x91, 0xf7, 0x3f, 0x70,
    0x4, 0xf3, 0x2, 0xf5, 0xaf, 0x1e, 0x91, 0xf7,
    0xaf, 0x10, 0x4, 0xf8, 0x67, 0xf5, 0x5f, 0x6e,
    0x91, 0xf9, 0xfb, 0x0, 0x4, 0xff, 0xff, 0xf5,
    0xf, 0x6e, 0x91, 0xf8, 0xa3, 0x0, 0x0, 0x0,
    0xd8, 0x0, 0x1, 0xe, 0x91, 0xf7, 0x0, 0x0,
    0x0, 0x10, 0xd8, 0x0, 0x0, 0x4f, 0x91, 0xfe,
    0x30, 0x0, 0x4, 0xf3, 0xdc, 0x71, 0x6, 0xff,
    0x81, 0xff, 0xf4, 0x0, 0x4, 0xf3, 0xdf, 0xf4,
    0xbf, 0xbf, 0x71, 0xf8, 0xcf, 0x70, 0x4, 0xf3,
    0xd8, 0x6, 0xf9, 0x2f, 0x61, 0xf7, 0xd, 0xc0,
    0x4, 0xf3, 0xd8, 0x0, 0x60, 0x4f, 0x41, 0xf7,
    0x2, 0x20, 0x4, 0xf3, 0xd8, 0x0, 0x0, 0x9f,
    0x1, 0xf7, 0x0, 0x0, 0x4, 0xf3, 0xd9, 0x60,
    0x1, 0xfb, 0x1, 0xf7, 0x2, 0x81, 0x4, 0xf8,
    0xef, 0xf2, 0x8, 0xf4, 0x1, 0xf7, 0x5, 0xf3,
    0x1c, 0xff, 0xe9, 0x20, 0x4f, 0xc0, 0x0, 0xfd,
    0x8d, 0xe0, 0xc, 0x94, 0x0, 0x0, 0x8e, 0x10,
    0x0, 0x9f, 0xfe, 0x60, 0x0, 0x0, 0x0, 0x0,
    0x1, 0x0, 0x0, 0x0, 0x0, 0x0,

    /* U+8E2A "踪" */
    0x0, 0x0, 0x0, 0x0, 0x0, 0x0, 0x0, 0x0,
    0x0, 0x0, 0x0, 0x0, 0x0, 0x0, 0x0, 0x0,
    0xaa, 0x0, 0x0, 0x0, 0x4, 0xff, 0xff, 0xf5,
    0x0, 0x0, 0xbf, 0x0, 0x0, 0x0, 0x4, 0xf8,
    0x67, 0xf5, 0x0, 0x0, 0x7f, 0x30, 0x0, 0x0,
    0x4, 0xf3, 0x2, 0xf5, 0x8f, 0xff, 0xff, 0xff,
    0xff, 0x80, 0x4, 0xf3, 0x2, 0xf5, 0x9f, 0x66,
    0x66, 0x66, 0x6f, 0x90, 0x4, 0xf3, 0x2, 0xf5,
    0x9e, 0x0, 0x0, 0x0, 0xe, 0x90, 0x4, 0xf8,
    0x67, 0xf5, 0x6a, 0x6b, 0xbb, 0xbb, 0x5b, 0x60,
    0x4, 0xff, 0xff, 0xf5, 0x0, 0x6b, 0xbb, 0xbb,
    0x50, 0x0, 0x0, 0x0, 0xd8, 0x0, 0x0, 0x0,
    0x0, 0x0, 0x0, 0x0, 0x0, 0x10, 0xd8, 0x0,
    0x24, 0x44, 0x44, 0x44, 0x44, 0x30, 0x4, 0xf3,
    0xdc, 0x71, 0xaf, 0xff, 0xff, 0xff, 0xff, 0xe0,
    0x4, 0xf3, 0xdf, 0xf2, 0x12, 0x22, 0x6f, 0x52,
    0x22, 0x20, 0x4, 0xf3, 0xd8, 0x0, 0x1, 0x60,
    0x4f, 0x31, 0x40, 0x0, 0x4, 0xf3, 0xd8, 0x0,
    0x8, 0xf2, 0x4f, 0x3a, 0xf2, 0x0, 0x4, 0xf3,
    0xd8, 0x0, 0x3f, 0xb0, 0x4f, 0x31, 0xed, 0x0,
    0x4, 0xf3, 0xdb, 0x92, 0xef, 0x20, 0x4f, 0x30,
    0x5f, 0x90, 0x5, 0xfb, 0xff, 0xd2, 0xa5, 0x0,
    0x4f, 0x30, 0xc, 0x90, 0x1f, 0xff, 0xa4, 0x0,
    0x0, 0x47, 0xaf, 0x20, 0x1, 0x0, 0x7, 0x50,
    0x0, 0x0, 0x0, 0x3e, 0xfb, 0x0, 0x0, 0x0,

    /* U+8F68 "轨" */
    0x0, 0xd, 0x60, 0x0, 0x0, 0xdb, 0x0, 0x0,
    0x0, 0x0, 0x3, 0xf5, 0x0, 0x0, 0xd, 0xb0,
    0x0, 0x0, 0x0, 0x88, 0xbf, 0x98, 0x81, 0x0,
    0xdb, 0x0, 0x0, 0x0, 0xf, 0xff, 0xff, 0xff,
    0x30, 0xd, 0xb0, 0x0, 0x0, 0x0, 0x2, 0xf6,
    0x0, 0x0, 0x0, 0xdd, 0x7a, 0xc7, 0x0, 0x0,
    0x9f, 0x0, 0x0, 0xa, 0xff, 0xff, 0xff, 0x70,
    0x0, 0x1f, 0x91, 0xf5, 0x0, 0x77, 0xeb, 0x11,
    0xf7, 0x0, 0xa, 0xf1, 0x1f, 0x50, 0x0, 0xe,
    0xa0, 0x1f, 0x70, 0x0, 0xef, 0xff, 0xff, 0xf4,
    0x0, 0xf9, 0x1, 0xf7, 0x0, 0x4, 0x66, 0x6f,
    0x96, 0x10, 0xf, 0x80, 0x1f, 0x70, 0x0, 0x0,
    0x1, 0xf5, 0x0, 0x3, 0xf5, 0x1, 0xf7, 0x0,
    0x0, 0x0, 0x1f, 0x65, 0x10, 0x7f, 0x20, 0x1f,
    0x70, 0x0, 0x25, 0x7a, 0xff, 0xf4, 0xb, 0xe0,
    0x1, 0xf7, 0x0, 0xe, 0xff, 0xff, 0xa4, 0x1,
    0xf9, 0x0, 0x1f, 0x70, 0x0, 0x66, 0x32, 0xf5,
    0x0, 0x7f, 0x30, 0x1, 0xf7, 0x5e, 0x10, 0x0,
    0x1f, 0x50, 0x1e, 0xc0, 0x0, 0x1f, 0x76, 0xf0,
    0x0, 0x1, 0xf5, 0xa, 0xf3, 0x0, 0x0, 0xfc,
    0xce, 0x0, 0x0, 0x1f, 0x50, 0x88, 0x0, 0x0,
    0xb, 0xfe, 0x60,

    /* U+8F6C "转" */
    0x0, 0x0, 0x0, 0x0, 0x0, 0x0, 0x0, 0x0,
    0x0, 0x0, 0x0, 0xe6, 0x0, 0x0, 0x0, 0x9f,
    0x0, 0x0, 0x0, 0x0, 0x3f, 0x50, 0x0, 0x0,
    0xc, 0xc0, 0x0, 0x0, 0x8, 0x8b, 0xf9, 0x88,
    0x1a, 0xcc, 0xfe, 0xcc, 0xcc, 0x70, 0xff, 0xff,
    0xff, 0xf3, 0x8a, 0xbf, 0xca, 0xaa, 0xa6, 0x0,
    0x2f, 0x60, 0x0, 0x0, 0x5, 0xf3, 0x0, 0x0,
    0x0, 0x9, 0xf1, 0x0, 0x2, 0x33, 0xaf, 0x33,
    0x33, 0x33, 0x1, 0xfa, 0x1f, 0x50, 0x9f, 0xff,
    0xff, 0xff, 0xff, 0xf1, 0x8f, 0x21, 0xf5, 0x2,
    0x45, 0xf9, 0x44, 0x44, 0x44, 0xe, 0xfb, 0xbf,
    0xcb, 0x30, 0x7f, 0x30, 0x0, 0x0, 0x0, 0x7a,
    0xaa, 0xfb, 0xa2, 0xb, 0xf8, 0x88, 0x88, 0x84,
    0x0, 0x0, 0x1f, 0x50, 0x0, 0x7f, 0xff, 0xff,
    0xff, 0x80, 0x0, 0x1, 0xf5, 0x30, 0x0, 0x0,
    0x0, 0xc, 0xf2, 0x1, 0x47, 0xaf, 0xff, 0x40,
    0x25, 0x0, 0x8, 0xf7, 0x0, 0xef, 0xff, 0xfa,
    0x40, 0xc, 0xfb, 0x15, 0xfb, 0x0, 0x5, 0x52,
    0x1f, 0x50, 0x0, 0x1a, 0xff, 0xfc, 0x0, 0x0,
    0x0, 0x1, 0xf5, 0x0, 0x0, 0x4, 0xef, 0xa0,
    0x0, 0x0, 0x0, 0x1f, 0x50, 0x0, 0x0, 0x2,
    0xdf, 0xa0, 0x0, 0x0, 0x1, 0xf5, 0x0, 0x0,
    0x0, 0x1, 0xb3, 0x0, 0x0,

    /* U+8F6E "轮" */
    0x0, 0x0, 0x0, 0x0, 0x0, 0x0, 0x0, 0x0,
    0x0, 0x0, 0x0, 0xe6, 0x0, 0x0, 0x0, 0x89,
    0x0, 0x0, 0x0, 0x0, 0x3f, 0x50, 0x0, 0x0,
    0x2f, 0xe0, 0x0, 0x0, 0x8, 0x8b, 0xf9, 0x88,
    0x10, 0xc, 0xff, 0xa0, 0x0, 0x0, 0xff, 0xff,
    0xff, 0xf3, 0x7, 0xf9, 0x9f, 0x80, 0x0, 0x0,
    0x2f, 0x60, 0x0, 0x5, 0xfd, 0x0, 0xbf, 0x80,
    0x0, 0x9, 0xf0, 0x0, 0x3, 0xfe, 0x10, 0x0,
    0xcf, 0xa0, 0x1, 0xf9, 0x1f, 0x54, 0xfe, 0x20,
    0x0, 0x1, 0xcf, 0xd0, 0xaf, 0x11, 0xf5, 0x6c,
    0x10, 0x0, 0x0, 0x0, 0xa8, 0xe, 0xff, 0xff,
    0xff, 0x48, 0xc0, 0x0, 0x5, 0x80, 0x0, 0x46,
    0x66, 0xf9, 0x61, 0xaf, 0x0, 0x3c, 0xfe, 0x10,
    0x0, 0x0, 0x1f, 0x50, 0xa, 0xf3, 0xbf, 0xf8,
    0x0, 0x0, 0x0, 0x1, 0xf5, 0x41, 0xaf, 0xff,
    0x91, 0x0, 0x0, 0x1, 0x47, 0xaf, 0xff, 0x4a,
    0xf7, 0x10, 0x0, 0x0, 0x0, 0xef, 0xff, 0xfb,
    0x50, 0xaf, 0x0, 0x0, 0x0, 0x0, 0x7, 0x74,
    0x2f, 0x50, 0xa, 0xf0, 0x0, 0x0, 0x7b, 0x0,
    0x0, 0x1, 0xf5, 0x0, 0xaf, 0x0, 0x0, 0xb,
    0xd0, 0x0, 0x0, 0x1f, 0x50, 0x9, 0xfa, 0x76,
    0x79, 0xf8, 0x0, 0x0, 0x1, 0xf5, 0x0, 0x3d,
    0xff, 0xff, 0xea, 0x10, 0x0,

    /* U+8F74 "轴" */
    0x0, 0xd, 0x60, 0x0, 0x0, 0x0, 0xf7, 0x0,
    0x0, 0x0, 0x3f, 0x50, 0x0, 0x0, 0x0, 0xf7,
    0x0, 0x0, 0x88, 0xbf, 0x98, 0x81, 0x0, 0x0,
    0xf7, 0x0, 0x0, 0xef, 0xff, 0xff, 0xf3, 0x67,
    0x77, 0xfb, 0x77, 0x72, 0x2, 0xf6, 0x0, 0x0,
    0xff, 0xff, 0xff, 0xff, 0xf5, 0x9, 0xf1, 0x0,
    0x0, 0xf7, 0x0, 0xf7, 0x2, 0xf5, 0x1f, 0xa1,
    0xf5, 0x0, 0xf7, 0x0, 0xf7, 0x2, 0xf5, 0x9f,
    0x21, 0xf5, 0x0, 0xf7, 0x0, 0xf7, 0x2, 0xf5,
    0xef, 0xbc, 0xfd, 0xb3, 0xf7, 0x0, 0xf7, 0x2,
    0xf5, 0x68, 0x88, 0xfa, 0x82, 0xff, 0xff, 0xff,
    0xff, 0xf5, 0x0, 0x1, 0xf5, 0x0, 0xfb, 0x77,
    0xfb, 0x78, 0xf5, 0x0, 0x1, 0xf6, 0x51, 0xf7,
    0x0, 0xf7, 0x2, 0xf5, 0x36, 0x9b, 0xff, 0xf4,
    0xf7, 0x0, 0xf7, 0x2, 0xf5, 0xdf, 0xfe, 0xf9,
    0x20, 0xf7, 0x0, 0xf7, 0x2, 0xf5, 0x43, 0x1,
    0xf5, 0x0, 0xf8, 0x11, 0xf8, 0x13, 0xf5, 0x0,
    0x1, 0xf5, 0x0, 0xff, 0xff, 0xff, 0xff, 0xf5,
    0x0, 0x1, 0xf5, 0x0, 0xfa, 0x55, 0x55, 0x56,
    0xf5, 0x0, 0x1, 0xf5, 0x0, 0xf7, 0x0, 0x0,
    0x2, 0xf5,

    /* U+8F7B "轻" */
    0x0, 0x0, 0x0, 0x0, 0x0, 0x0, 0x0, 0x0,
    0x0, 0x0, 0x0, 0xe6, 0x0, 0x0, 0x0, 0x0,
    0x0, 0x0, 0x0, 0x0, 0x3f, 0x50, 0x0, 0x1a,
    0xaa, 0xaa, 0xaa, 0x70, 0x8, 0x8b, 0xf9, 0x88,
    0x12, 0xcc, 0xcc, 0xcd, 0xfa, 0x0, 0xff, 0xff,
    0xff, 0xf3, 0x0, 0x0, 0x0, 0x8f, 0x30, 0x0,
    0x2f, 0x60, 0x0, 0x0, 0x0, 0x0, 0x2f, 0xb0,
    0x0, 0x8, 0xf1, 0x0, 0x0, 0x0, 0x0, 0x2e,
    0xf1, 0x0, 0x0, 0xeb, 0x1f, 0x50, 0x0, 0x0,
    0x6e, 0xfc, 0x20, 0x0, 0x7f, 0x31, 0xf5, 0x0,
    0x16, 0xcf, 0xe9, 0xff, 0xa2, 0xe, 0xe8, 0x8f,
    0xa8, 0x2d, 0xff, 0x91, 0x1, 0x7f, 0xf2, 0x9d,
    0xdd, 0xfd, 0xd3, 0x27, 0x10, 0x0, 0x0, 0x17,
    0x0, 0x0, 0x1f, 0x50, 0x0, 0x77, 0x77, 0x77,
    0x77, 0x20, 0x0, 0x1, 0xf5, 0x10, 0xd, 0xee,
    0xff, 0xee, 0xe5, 0x0, 0x3, 0x7f, 0xef, 0x40,
    0x0, 0xb, 0xd0, 0x0, 0x0, 0xcf, 0xff, 0xfd,
    0x81, 0x0, 0x0, 0xbd, 0x0, 0x0, 0xa, 0xa7,
    0x5f, 0x50, 0x0, 0x0, 0xb, 0xd0, 0x0, 0x0,
    0x0, 0x1, 0xf5, 0x0, 0x0, 0x0, 0xbd, 0x0,
    0x0, 0x0, 0x0, 0x1f, 0x50, 0x26, 0x66, 0x6d,
    0xe6, 0x66, 0x50, 0x0, 0x1, 0xf5, 0x5, 0xff,
    0xff, 0xff, 0xff, 0xfe, 0x0,

    /* U+8F83 "较" */
    0x0, 0x0, 0x0, 0x0, 0x0, 0x0, 0x0, 0x0,
    0x0, 0x0, 0xe, 0x60, 0x0, 0x0, 0x6, 0xd1,
    0x0, 0x0, 0x0, 0x3f, 0x50, 0x0, 0x0, 0x3,
    0xf7, 0x0, 0x0, 0x88, 0xbf, 0x98, 0x81, 0x67,
    0x77, 0xfd, 0x77, 0x73, 0xff, 0xff, 0xff, 0xf3,
    0xdf, 0xff, 0xff, 0xff, 0xf7, 0x2, 0xf6, 0x0,
    0x0, 0x0, 0x0, 0x0, 0x0, 0x0, 0x9, 0xf0,
    0x0, 0x0, 0x1, 0xd4, 0x1, 0xc9, 0x0, 0x1f,
    0x91, 0xf5, 0x0, 0xc, 0xf2, 0x0, 0x9f, 0xa0,
    0xaf, 0x11, 0xf5, 0x1, 0xdf, 0x50, 0x0, 0x9,
    0xf7, 0xef, 0xff, 0xff, 0xf4, 0xa6, 0xa0, 0x0,
    0x76, 0x71, 0x46, 0x66, 0xf9, 0x61, 0x3, 0xf7,
    0x0, 0xeb, 0x0, 0x0, 0x1, 0xf5, 0x0, 0x0,
    0xbe, 0x16, 0xf5, 0x0, 0x0, 0x1, 0xf7, 0x61,
    0x0, 0x3f, 0x9e, 0xd0, 0x0, 0x36, 0x9c, 0xff,
    0xf4, 0x0, 0x9, 0xff, 0x50, 0x0, 0xdf, 0xfe,
    0xf9, 0x20, 0x0, 0x6, 0xff, 0x30, 0x0, 0x44,
    0x11, 0xf5, 0x0, 0x0, 0x7f, 0xef, 0xf4, 0x0,
    0x0, 0x1, 0xf5, 0x0, 0x1b, 0xfe, 0x23, 0xff,
    0x80, 0x0, 0x1, 0xf5, 0x2, 0xff, 0xc1, 0x0,
    0x3e, 0xfb, 0x0, 0x1, 0xf5, 0x0, 0xb7, 0x0,
    0x0, 0x1, 0xa3,

    /* U+8F93 "输" */
    0x0, 0x0, 0x0, 0x0, 0x0, 0x0, 0x0, 0x0,
    0x0, 0x0, 0x4, 0xe1, 0x0, 0x0, 0x1, 0xd7,
    0x0, 0x0, 0x0, 0x0, 0x8f, 0x0, 0x0, 0x0,
    0xbf, 0xe3, 0x0, 0x0, 0x7, 0x7d, 0xe7, 0x70,
    0x0, 0x9f, 0x5b, 0xf6, 0x0, 0x0, 0xff, 0xff,
    0xff, 0x0, 0xaf, 0x70, 0x9, 0xfb, 0x20, 0x0,
    0x5f, 0x30, 0x1, 0xcf, 0xd7, 0x77, 0x7d, 0xff,
    0x90, 0xb, 0xe0, 0x0, 0xee, 0x6f, 0xff, 0xff,
    0xf6, 0xcc, 0x1, 0xf8, 0xd8, 0x6, 0x10, 0x0,
    0x0, 0x0, 0x0, 0x10, 0x9f, 0x2d, 0x80, 0xe,
    0xee, 0xee, 0x3, 0x18, 0xe0, 0xe, 0xe9, 0xfd,
    0x91, 0xf9, 0x69, 0xf0, 0xd6, 0x8e, 0x0, 0x8b,
    0xbf, 0xdb, 0x1f, 0x50, 0x6f, 0xd, 0x68, 0xe0,
    0x0, 0x0, 0xd8, 0x0, 0xff, 0xff, 0xf0, 0xd6,
    0x8e, 0x0, 0x0, 0xd, 0x93, 0xf, 0x74, 0x8f,
    0xd, 0x68, 0xe0, 0x3, 0x69, 0xff, 0xf0, 0xf7,
    0x38, 0xf0, 0xd6, 0x8e, 0x0, 0xdf, 0xff, 0xc4,
    0xf, 0xff, 0xff, 0xd, 0x68, 0xe0, 0x5, 0x41,
    0xd8, 0x0, 0xf5, 0x16, 0xf0, 0xd5, 0x8e, 0x0,
    0x0, 0xd, 0x80, 0xf, 0x40, 0x5f, 0x0, 0x8,
    0xe0, 0x0, 0x0, 0xd8, 0x0, 0xf4, 0x5a, 0xe0,
    0x67, 0xcd, 0x0, 0x0, 0xd, 0x80, 0xf, 0x4a,
    0xf7, 0x7, 0xef, 0x60, 0x0, 0x0, 0x0, 0x0,
    0x10, 0x0, 0x0, 0x0, 0x0, 0x0,

    /* U+8FA8 "辨" */
    0x0, 0x0, 0x0, 0x0, 0x0, 0x0, 0x0, 0x0,
    0x0, 0x0, 0x3, 0xe4, 0x0, 0x0, 0x9, 0xf0,
    0x9, 0xc0, 0x0, 0x0, 0xe, 0xa0, 0x0, 0x0,
    0x9f, 0x0, 0x7f, 0x20, 0x0, 0xef, 0xff, 0xff,
    0x20, 0x9, 0xf3, 0xff, 0xff, 0xfd, 0x6, 0x77,
    0x78, 0x71, 0x22, 0x9f, 0x17, 0x77, 0x87, 0x60,
    0x3e, 0x0, 0xf5, 0xb, 0xb9, 0xf0, 0x99, 0x8,
    0xd0, 0x1, 0xf5, 0x3f, 0x20, 0xca, 0x9f, 0x8,
    0xe0, 0xba, 0x0, 0x9, 0x36, 0xe0, 0xe, 0x89,
    0xf0, 0x48, 0xe, 0x70, 0x1e, 0xee, 0xff, 0xe4,
    0xf6, 0x9f, 0x4e, 0xee, 0xfe, 0xd0, 0x77, 0xbf,
    0x77, 0x5f, 0x39, 0xf2, 0x79, 0xf9, 0x76, 0x0,
    0x8, 0xd0, 0x5, 0xf0, 0xbf, 0x0, 0x5f, 0x40,
    0x0, 0x23, 0xae, 0x32, 0x2, 0xc, 0xd0, 0x37,
    0xf6, 0x31, 0x9, 0xff, 0xff, 0xc0, 0x0, 0xfa,
    0x1f, 0xff, 0xff, 0x50, 0x1, 0xda, 0x11, 0x0,
    0x5f, 0x60, 0x16, 0xf5, 0x10, 0x0, 0x1f, 0x70,
    0x0, 0xc, 0xf1, 0x0, 0x5f, 0x40, 0x0, 0x7,
    0xf2, 0x0, 0x5, 0xfa, 0x0, 0x5, 0xf4, 0x0,
    0x2, 0xfc, 0x0, 0x1, 0xef, 0x10, 0x0, 0x5f,
    0x40, 0x0, 0xef, 0x30, 0x0, 0xdf, 0x50, 0x0,
    0x5, 0xf4, 0x0, 0x6, 0x50, 0x0, 0xa, 0x70,
    0x0, 0x0, 0x5f, 0x40, 0x0,

    /* U+8FB9 "边" */
    0x0, 0x50, 0x0, 0x0, 0x0, 0x6f, 0x20, 0x0,
    0x0, 0x0, 0x7, 0xfa, 0x0, 0x0, 0x0, 0x7f,
    0x10, 0x0, 0x0, 0x0, 0x0, 0x9f, 0xc0, 0x0,
    0x0, 0x8f, 0x0, 0x0, 0x0, 0x0, 0x0, 0x9,
    0xa0, 0x48, 0x88, 0xcf, 0x88, 0x88, 0x83, 0x0,
    0x0, 0x0, 0x0, 0x8f, 0xff, 0xff, 0xff, 0xff,
    0xf6, 0x0, 0x0, 0x0, 0x0, 0x0, 0x0, 0xdc,
    0x0, 0x3, 0xf6, 0x0, 0x3, 0x33, 0x30, 0x0,
    0x0, 0xf9, 0x0, 0x3, 0xf6, 0x0, 0xf, 0xff,
    0xe0, 0x0, 0x3, 0xf6, 0x0, 0x4, 0xf5, 0x0,
    0x4, 0x4b, 0xe0, 0x0, 0x8, 0xf2, 0x0, 0x4,
    0xf5, 0x0, 0x0, 0xa, 0xe0, 0x0, 0xe, 0xc0,
    0x0, 0x5, 0xf4, 0x0, 0x0, 0xa, 0xe0, 0x0,
    0x6f, 0x70, 0x0, 0x6, 0xf3, 0x0, 0x0, 0xa,
    0xe0, 0x1, 0xed, 0x0, 0x0, 0x7, 0xf2, 0x0,
    0x0, 0xa, 0xe0, 0x1c, 0xf4, 0x0, 0x10, 0xb,
    0xf0, 0x0, 0x0, 0xa, 0xe0, 0x9f, 0x70, 0x0,
    0xdf, 0xff, 0x90, 0x0, 0x0, 0xc, 0xf4, 0x5,
    0x0, 0x0, 0x48, 0x96, 0x0, 0x0, 0x0, 0xbf,
    0xff, 0x92, 0x0, 0x0, 0x0, 0x0, 0x0, 0x0,
    0xc, 0xfb, 0x1b, 0xff, 0xfe, 0xdc, 0xcc, 0xbb,
    0xbb, 0xa0, 0x8, 0xc0, 0x0, 0x27, 0xad, 0xef,
    0xff, 0xff, 0xff, 0x90, 0x0, 0x0, 0x0, 0x0,
    0x0, 0x0, 0x0, 0x0, 0x0, 0x0,

    /* U+8FC7 "过" */
    0x0, 0x60, 0x0, 0x0, 0x0, 0x0, 0x5, 0xf3,
    0x0, 0x0, 0x7, 0xfc, 0x10, 0x0, 0x0, 0x0,
    0x5, 0xf3, 0x0, 0x0, 0x0, 0x8f, 0xd0, 0x0,
    0x0, 0x0, 0x6, 0xf3, 0x0, 0x0, 0x0, 0x7,
    0x80, 0xe, 0xff, 0xff, 0xff, 0xff, 0xff, 0xb0,
    0x0, 0x0, 0x0, 0x6, 0x77, 0x77, 0x7a, 0xf8,
    0x77, 0x50, 0x0, 0x0, 0x0, 0x0, 0x0, 0x0,
    0x5, 0xf3, 0x0, 0x0, 0x3, 0x33, 0x30, 0x4,
    0xd4, 0x0, 0x5, 0xf3, 0x0, 0x0, 0xf, 0xff,
    0xe0, 0x1, 0xfc, 0x0, 0x5, 0xf3, 0x0, 0x0,
    0x4, 0x4b, 0xe0, 0x0, 0x9f, 0x30, 0x5, 0xf3,
    0x0, 0x0, 0x0, 0xa, 0xe0, 0x0, 0x4f, 0x80,
    0x5, 0xf3, 0x0, 0x0, 0x0, 0xa, 0xe0, 0x0,
    0xf, 0xa0, 0x5, 0xf3, 0x0, 0x0, 0x0, 0xa,
    0xe0, 0x0, 0x1, 0x0, 0x5, 0xf3, 0x0, 0x0,
    0x0, 0xa, 0xe0, 0x0, 0x0, 0x0, 0x6, 0xf3,
    0x0, 0x0, 0x0, 0xa, 0xe0, 0x0, 0x0, 0x4a,
    0x8d, 0xf2, 0x0, 0x0, 0x0, 0xc, 0xf4, 0x0,
    0x0, 0x1c, 0xfe, 0x80, 0x0, 0x0, 0x0, 0xbf,
    0xff, 0x92, 0x0, 0x0, 0x0, 0x0, 0x0, 0x0,
    0xc, 0xfa, 0x1a, 0xff, 0xfe, 0xdc, 0xcc, 0xbb,
    0xbb, 0x90, 0x8, 0xb0, 0x0, 0x17, 0xad, 0xef,
    0xff, 0xff, 0xff, 0x70, 0x0, 0x0, 0x0, 0x0,
    0x0, 0x0, 0x0, 0x0, 0x0, 0x0,

    /* U+8FD0 "运" */
    0x0, 0x0, 0x0, 0x0, 0x0, 0x0, 0x0, 0x0,
    0x0, 0x0, 0x3d, 0x30, 0x0, 0x5f, 0xff, 0xff,
    0xff, 0xfb, 0x0, 0x4, 0xff, 0x40, 0x2, 0x77,
    0x77, 0x77, 0x77, 0x50, 0x0, 0x3, 0xfe, 0x0,
    0x0, 0x0, 0x0, 0x0, 0x0, 0x0, 0x0, 0x4,
    0x40, 0x0, 0x0, 0x0, 0x0, 0x0, 0x0, 0x0,
    0x0, 0x0, 0x0, 0x0, 0x0, 0x0, 0x0, 0x0,
    0x0, 0x0, 0x0, 0x0, 0xbe, 0xee, 0xee, 0xee,
    0xee, 0xee, 0x40, 0x33, 0x33, 0x9, 0xbb, 0xbf,
    0xfb, 0xbb, 0xbb, 0xb3, 0xf, 0xff, 0xe0, 0x0,
    0x3, 0xf9, 0x0, 0x0, 0x0, 0x0, 0x44, 0xbe,
    0x0, 0x0, 0x9f, 0x30, 0x7, 0x10, 0x0, 0x0,
    0xa, 0xe0, 0x0, 0x1f, 0xb0, 0x4, 0xfc, 0x0,
    0x0, 0x0, 0xae, 0x0, 0x9, 0xf4, 0x0, 0x8,
    0xf8, 0x0, 0x0, 0xa, 0xe0, 0x3, 0xfa, 0x0,
    0x24, 0x6f, 0xf2, 0x0, 0x0, 0xae, 0x0, 0xcf,
    0xde, 0xff, 0xff, 0xff, 0xb0, 0x0, 0xa, 0xe0,
    0x8, 0xec, 0xba, 0x85, 0x30, 0xaf, 0x10, 0x0,
    0xaf, 0x20, 0x0, 0x0, 0x0, 0x0, 0x2, 0x10,
    0x0, 0x8f, 0xff, 0x72, 0x0, 0x0, 0x0, 0x0,
    0x0, 0x0, 0xbf, 0xb2, 0xcf, 0xff, 0xed, 0xcc,
    0xcb, 0xbb, 0xb7, 0x8, 0xc0, 0x0, 0x28, 0xbd,
    0xef, 0xff, 0xff, 0xff, 0x40, 0x0, 0x0, 0x0,
    0x0, 0x0, 0x0, 0x0, 0x0, 0x0,

    /* U+8FD1 "近" */
    0x0, 0x0, 0x0, 0x0, 0x0, 0x0, 0x0, 0x0,
    0x0, 0x0, 0x0, 0x70, 0x0, 0x0, 0x0, 0x12,
    0x45, 0x8a, 0xd8, 0x0, 0x7, 0xfc, 0x10, 0x1,
    0xff, 0xff, 0xff, 0xfe, 0xb8, 0x0, 0x0, 0x7f,
    0xd0, 0x1, 0xfb, 0x66, 0x43, 0x10, 0x0, 0x0,
    0x0, 0x7, 0x80, 0x1, 0xf7, 0x0, 0x0, 0x0,
    0x0, 0x0, 0x0, 0x0, 0x0, 0x1, 0xf7, 0x0,
    0x0, 0x0, 0x0, 0x0, 0x0, 0x0, 0x0, 0x1,
    0xfc, 0xaa, 0xaa, 0xaa, 0xaa, 0x90, 0x3, 0x33,
    0x30, 0x2, 0xfe, 0xdd, 0xdd, 0xff, 0xdd, 0xc0,
    0xf, 0xff, 0xe0, 0x3, 0xf6, 0x0, 0x1, 0xf9,
    0x0, 0x0, 0x4, 0x4b, 0xe0, 0x5, 0xf4, 0x0,
    0x1, 0xf9, 0x0, 0x0, 0x0, 0xa, 0xe0, 0x8,
    0xf1, 0x0, 0x1, 0xf9, 0x0, 0x0, 0x0, 0xa,
    0xe0, 0xd, 0xe0, 0x0, 0x1, 0xf9, 0x0, 0x0,
    0x0, 0xa, 0xe0, 0x2f, 0x90, 0x0, 0x1, 0xf9,
    0x0, 0x0, 0x0, 0xa, 0xe0, 0x9f, 0x30, 0x0,
    0x1, 0xf9, 0x0, 0x0, 0x0, 0xa, 0xe0, 0x4b,
    0x0, 0x0, 0x1, 0xf9, 0x0, 0x0, 0x0, 0xc,
    0xf4, 0x0, 0x0, 0x0, 0x0, 0x95, 0x0, 0x0,
    0x0, 0xbf, 0xff, 0x93, 0x0, 0x0, 0x0, 0x0,
    0x0, 0x0, 0xc, 0xfb, 0x1b, 0xff, 0xfe, 0xdc,
    0xcc, 0xbb, 0xbb, 0xb1, 0x8, 0xc0, 0x0, 0x27,
    0xad, 0xef, 0xff, 0xff, 0xff, 0xa0, 0x0, 0x0,
    0x0, 0x0, 0x0, 0x0, 0x0, 0x0, 0x0, 0x0,

    /* U+8FD4 "返" */
    0x0, 0x0, 0x0, 0x0, 0x0, 0x0, 0x0, 0x0,
    0x10, 0x0, 0x7, 0x0, 0x0, 0x0, 0x1, 0x35,
    0x7a, 0xee, 0x10, 0x7, 0xfc, 0x10, 0x7, 0xff,
    0xff, 0xff, 0xeb, 0x72, 0x0, 0x7, 0xfd, 0x0,
    0x7f, 0x76, 0x42, 0x0, 0x0, 0x0, 0x0, 0x7,
    0x80, 0x7, 0xf1, 0x0, 0x0, 0x0, 0x0, 0x0,
    0x0, 0x0, 0x0, 0x7f, 0x44, 0x44, 0x44, 0x44,
    0x10, 0x0, 0x0, 0x0, 0x7, 0xff, 0xff, 0xff,
    0xff, 0xf7, 0x0, 0x33, 0x33, 0x0, 0x7f, 0x32,
    0x22, 0x22, 0xaf, 0x40, 0xf, 0xff, 0xe0, 0x8,
    0xfb, 0x20, 0x0, 0x2f, 0xc0, 0x0, 0x44, 0xbe,
    0x0, 0x9f, 0xef, 0x91, 0xc, 0xf3, 0x0, 0x0,
    0xa, 0xe0, 0xb, 0xc1, 0xaf, 0xfb, 0xf8, 0x0,
    0x0, 0x0, 0xae, 0x0, 0xf8, 0x0, 0x5f, 0xff,
    0x0, 0x0, 0x0, 0xa, 0xe0, 0x4f, 0x40, 0x8,
    0xff, 0xfc, 0x10, 0x0, 0x0, 0xae, 0xb, 0xe0,
    0x1a, 0xfc, 0x19, 0xfd, 0x10, 0x0, 0xa, 0xe0,
    0xd7, 0x5e, 0xfa, 0x0, 0x6, 0xfe, 0x0, 0x0,
    0xae, 0x1, 0x7, 0xf6, 0x0, 0x0, 0x6, 0xa0,
    0x0, 0x5e, 0xfd, 0x50, 0x1, 0x0, 0x0, 0x0,
    0x0, 0x0, 0xaf, 0xc3, 0xcf, 0xfe, 0xdc, 0xcc,
    0xbb, 0xbb, 0xb7, 0x8, 0xc0, 0x0, 0x38, 0xbd,
    0xef, 0xff, 0xff, 0xff, 0x40, 0x0, 0x0, 0x0,
    0x0, 0x0, 0x0, 0x0, 0x0, 0x0,

    /* U+8FD8 "还" */
    0x0, 0x20, 0x0, 0x0, 0x0, 0x0, 0x0, 0x0,
    0x0, 0x0, 0x7, 0xf8, 0x0, 0x1f, 0xff, 0xff,
    0xff, 0xff, 0xff, 0x70, 0x1, 0xdf, 0x90, 0x7,
    0x77, 0x77, 0xef, 0x77, 0x77, 0x30, 0x0, 0x1d,
    0xd0, 0x0, 0x0, 0x4, 0xf9, 0x0, 0x0, 0x0,
    0x0, 0x2, 0x20, 0x0, 0x0, 0xd, 0xf2, 0x0,
    0x0, 0x0, 0x0, 0x0, 0x0, 0x0, 0x0, 0x8f,
    0xf1, 0x0, 0x0, 0x0, 0x0, 0x0, 0x0, 0x0,
    0x3, 0xff, 0xf1, 0x2, 0x0, 0x0, 0x3, 0x33,
    0x30, 0x0, 0x2e, 0xfc, 0xf1, 0xbe, 0x30, 0x0,
    0xf, 0xff, 0xe0, 0x1, 0xdf, 0x67, 0xf1, 0x2e,
    0xf3, 0x0, 0x4, 0x4b, 0xe0, 0x1d, 0xf7, 0x7,
    0xf1, 0x1, 0xee, 0x10, 0x0, 0xa, 0xe0, 0xcf,
    0x60, 0x7, 0xf1, 0x0, 0x3f, 0xa0, 0x0, 0xa,
    0xe0, 0x24, 0x0, 0x7, 0xf1, 0x0, 0x4, 0x0,
    0x0, 0xa, 0xe0, 0x0, 0x0, 0x7, 0xf1, 0x0,
    0x0, 0x0, 0x0, 0xa, 0xe0, 0x0, 0x0, 0x7,
    0xf1, 0x0, 0x0, 0x0, 0x0, 0xa, 0xf0, 0x0,
    0x0, 0x5, 0xc1, 0x0, 0x0, 0x0, 0x0, 0x3f,
    0xfa, 0x0, 0x0, 0x0, 0x0, 0x0, 0x0, 0x0,
    0x2, 0xef, 0xff, 0xc5, 0x10, 0x0, 0x0, 0x0,
    0x0, 0x0, 0xd, 0xfa, 0x1a, 0xff, 0xff, 0xed,
    0xcc, 0xcb, 0xbb, 0xb0, 0x8, 0xb0, 0x0, 0x17,
    0xad, 0xef, 0xff, 0xff, 0xff, 0xa0, 0x0, 0x0,
    0x0, 0x0, 0x0, 0x0, 0x0, 0x0, 0x0, 0x0,

    /* U+8FD9 "这" */
    0x0, 0x0, 0x0, 0x0, 0x0, 0x1, 0x0, 0x0,
    0x0, 0x0, 0x0, 0x70, 0x0, 0x0, 0x0, 0x2f,
    0xb0, 0x0, 0x0, 0x0, 0x7, 0xfd, 0x10, 0x0,
    0x0, 0x9, 0xf4, 0x0, 0x0, 0x0, 0x0, 0x7f,
    0xd0, 0x0, 0x0, 0x1, 0xa3, 0x0, 0x0, 0x0,
    0x0, 0x7, 0x80, 0x1f, 0xff, 0xff, 0xff, 0xff,
    0xff, 0x70, 0x0, 0x0, 0x0, 0x8, 0x88, 0x88,
    0x88, 0xcf, 0x88, 0x30, 0x0, 0x0, 0x0, 0x0,
    0x1, 0x0, 0x0, 0xbe, 0x0, 0x0, 0x3, 0x33,
    0x30, 0x0, 0xce, 0x30, 0x0, 0xeb, 0x0, 0x0,
    0xf, 0xff, 0xe0, 0x0, 0x2d, 0xf7, 0x2, 0xf8,
    0x0, 0x0, 0x4, 0x4b, 0xe0, 0x0, 0x0, 0xbf,
    0xbb, 0xf3, 0x0, 0x0, 0x0, 0xa, 0xe0, 0x0,
    0x0, 0x8, 0xff, 0xb0, 0x0, 0x0, 0x0, 0xa,
    0xe0, 0x0, 0x0, 0x3, 0xff, 0xe1, 0x0, 0x0,
    0x0, 0xa, 0xe0, 0x0, 0x0, 0x7f, 0xf9, 0xfd,
    0x10, 0x0, 0x0, 0xa, 0xe0, 0x2, 0x7e, 0xfe,
    0x40, 0x7f, 0xd1, 0x0, 0x0, 0xa, 0xe0, 0x1f,
    0xff, 0xa1, 0x0, 0x9, 0xf9, 0x0, 0x0, 0xa,
    0xe0, 0x6, 0x72, 0x0, 0x0, 0x0, 0x81, 0x0,
    0x0, 0x5e, 0xfd, 0x51, 0x0, 0x0, 0x0, 0x0,
    0x0, 0x0, 0xa, 0xfc, 0x3c, 0xff, 0xed, 0xcc,
    0xcb, 0xbb, 0xbb, 0xb1, 0x8, 0xc0, 0x0, 0x38,
    0xbd, 0xef, 0xff, 0xff, 0xff, 0xb0, 0x0, 0x0,
    0x0, 0x0, 0x0, 0x0, 0x0, 0x0, 0x0, 0x0,

    /* U+8FDB "进" */
    0x0, 0x70, 0x0, 0x0, 0xa, 0xe0, 0x4, 0xf4,
    0x0, 0x0, 0x7f, 0xc1, 0x0, 0x0, 0xae, 0x0,
    0x4f, 0x40, 0x0, 0x0, 0x7f, 0xd0, 0x0, 0xa,
    0xe0, 0x4, 0xf4, 0x0, 0x0, 0x0, 0x67, 0x5,
    0xff, 0xff, 0xff, 0xff, 0xff, 0xf6, 0x0, 0x0,
    0x0, 0x38, 0x8d, 0xf8, 0x8a, 0xfa, 0x88, 0x30,
    0x0, 0x0, 0x0, 0x0, 0xae, 0x0, 0x4f, 0x40,
    0x0, 0x3, 0x33, 0x30, 0x0, 0xa, 0xe0, 0x4,
    0xf4, 0x0, 0x0, 0xff, 0xfe, 0x0, 0x0, 0xae,
    0x0, 0x4f, 0x50, 0x0, 0x4, 0x4b, 0xe0, 0xef,
    0xff, 0xff, 0xff, 0xff, 0xff, 0xa0, 0x0, 0xae,
    0x6, 0x77, 0xee, 0x77, 0x9f, 0x97, 0x74, 0x0,
    0xa, 0xe0, 0x0, 0x1f, 0x90, 0x4, 0xf4, 0x0,
    0x0, 0x0, 0xae, 0x0, 0x8, 0xf4, 0x0, 0x4f,
    0x40, 0x0, 0x0, 0xa, 0xe0, 0x2, 0xfe, 0x0,
    0x4, 0xf4, 0x0, 0x0, 0x0, 0xae, 0x1, 0xdf,
    0x50, 0x0, 0x4f, 0x40, 0x0, 0x0, 0xb, 0xf3,
    0x5f, 0x90, 0x0, 0x3, 0xe4, 0x0, 0x0, 0xa,
    0xff, 0xf8, 0x60, 0x0, 0x0, 0x0, 0x0, 0x0,
    0xc, 0xfb, 0x1b, 0xff, 0xfe, 0xdc, 0xcc, 0xbb,
    0xbb, 0x90, 0x8c, 0x0, 0x2, 0x7b, 0xde, 0xff,
    0xff, 0xff, 0xf6, 0x0, 0x0, 0x0, 0x0, 0x0,
    0x0, 0x0, 0x0, 0x0, 0x0,

    /* U+8FDE "连" */
    0x0, 0x0, 0x0, 0x0, 0x0, 0x23, 0x0, 0x0,
    0x0, 0x0, 0x1, 0xa1, 0x0, 0x0, 0x0, 0xaf,
    0x0, 0x0, 0x0, 0x0, 0x6, 0xfe, 0x20, 0x26,
    0x66, 0xfd, 0x66, 0x66, 0x64, 0x0, 0x0, 0x5f,
    0xe0, 0x5f, 0xff, 0xff, 0xff, 0xff, 0xfc, 0x0,
    0x0, 0x5, 0x50, 0x1, 0x2e, 0xd1, 0x11, 0x11,
    0x11, 0x0, 0x0, 0x0, 0x0, 0x0, 0x7f, 0x60,
    0xd6, 0x0, 0x0, 0x0, 0x0, 0x0, 0x0, 0x1,
    0xfd, 0x1, 0xf8, 0x0, 0x0, 0x0, 0x6, 0x66,
    0x50, 0xb, 0xf7, 0x34, 0xf9, 0x33, 0x32, 0x0,
    0xf, 0xff, 0xe0, 0xb, 0xff, 0xff, 0xff, 0xff,
    0xf9, 0x0, 0x1, 0x1a, 0xe0, 0x2, 0x44, 0x44,
    0xfa, 0x44, 0x42, 0x0, 0x0, 0xa, 0xe0, 0x0,
    0x0, 0x1, 0xf8, 0x0, 0x0, 0x0, 0x0, 0xa,
    0xe0, 0x46, 0x66, 0x67, 0xfb, 0x66, 0x66, 0x0,
    0x0, 0xa, 0xe0, 0xbf, 0xff, 0xff, 0xff, 0xff,
    0xff, 0x10, 0x0, 0xa, 0xe0, 0x1, 0x11, 0x12,
    0xf8, 0x11, 0x11, 0x0, 0x0, 0xa, 0xe0, 0x0,
    0x0, 0x1, 0xf8, 0x0, 0x0, 0x0, 0x0, 0xd,
    0xf5, 0x0, 0x0, 0x1, 0xf8, 0x0, 0x0, 0x0,
    0x1, 0xcf, 0xcf, 0x93, 0x0, 0x0, 0x0, 0x0,
    0x0, 0x0, 0xc, 0xf8, 0x7, 0xff, 0xfe, 0xdc,
    0xcc, 0xbb, 0xbb, 0x90, 0x8, 0xb0, 0x0, 0x6,
    0xad, 0xef, 0xff, 0xff, 0xff, 0x70, 0x0, 0x0,
    0x0, 0x0, 0x0, 0x0, 0x0, 0x0, 0x0, 0x0,

    /* U+8FF0 "述" */
    0x0, 0x70, 0x0, 0x0, 0x0, 0x5, 0xf3, 0x1b,
    0x50, 0x0, 0x7, 0xfc, 0x10, 0x0, 0x0, 0x5,
    0xf3, 0xd, 0xf2, 0x0, 0x0, 0x6f, 0xd0, 0x0,
    0x0, 0x5, 0xf3, 0x3, 0x81, 0x0, 0x0, 0x5,
    0x60, 0x3f, 0xff, 0xff, 0xff, 0xff, 0xff, 0x30,
    0x0, 0x0, 0x0, 0x18, 0x88, 0x8e, 0xfa, 0x88,
    0x88, 0x10, 0x0, 0x0, 0x0, 0x0, 0x0, 0x2f,
    0xf3, 0x0, 0x0, 0x0, 0x3, 0x33, 0x30, 0x0,
    0x0, 0xaf, 0xf4, 0xb6, 0x0, 0x0, 0xf, 0xff,
    0xe0, 0x0, 0x3, 0xfb, 0xf3, 0xaf, 0x20, 0x0,
    0x4, 0x4b, 0xe0, 0x0, 0xd, 0xd5, 0xf3, 0x1f,
    0xc0, 0x0, 0x0, 0xa, 0xe0, 0x0, 0x9f, 0x35,
    0xf3, 0x6, 0xf5, 0x0, 0x0, 0xa, 0xe0, 0x6,
    0xf9, 0x5, 0xf3, 0x0, 0xed, 0x0, 0x0, 0xa,
    0xe0, 0x6f, 0xd0, 0x5, 0xf3, 0x0, 0x7f, 0x50,
    0x0, 0xa, 0xe0, 0x8e, 0x20, 0x5, 0xf3, 0x0,
    0x1c, 0x50, 0x0, 0xa, 0xe0, 0x1, 0x0, 0x5,
    0xf3, 0x0, 0x0, 0x0, 0x0, 0xb, 0xf2, 0x0,
    0x0, 0x5, 0xf3, 0x0, 0x0, 0x0, 0x0, 0x9f,
    0xff, 0x82, 0x0, 0x0, 0x20, 0x0, 0x0, 0x0,
    0xb, 0xfb, 0x1a, 0xff, 0xfe, 0xdc, 0xcc, 0xbb,
    0xbb, 0xa0, 0x8, 0xb0, 0x0, 0x27, 0xad, 0xef,
    0xff, 0xff, 0xff, 0x80, 0x0, 0x0, 0x0, 0x0,
    0x0, 0x0, 0x0, 0x0, 0x0, 0x0,

    /* U+8FF9 "迹" */
    0x0, 0x0, 0x0, 0x0, 0x0, 0x0, 0x30, 0x0,
    0x0, 0x0, 0x0, 0x70, 0x0, 0x0, 0x0, 0x7,
    0xf3, 0x0, 0x0, 0x0, 0x7, 0xfc, 0x10, 0x0,
    0x0, 0x2, 0xf9, 0x0, 0x0, 0x0, 0x0, 0x7f,
    0xd0, 0x3, 0x33, 0x33, 0x84, 0x33, 0x33, 0x20,
    0x0, 0x7, 0x80, 0x1f, 0xff, 0xff, 0xff, 0xff,
    0xff, 0xb0, 0x0, 0x0, 0x0, 0x4, 0x44, 0xfb,
    0x4b, 0xf4, 0x44, 0x30, 0x0, 0x0, 0x0, 0x0,
    0x0, 0xf9, 0x9, 0xf0, 0x0, 0x0, 0x3, 0x33,
    0x30, 0x5, 0xb1, 0xf8, 0x9, 0xf1, 0x92, 0x0,
    0xf, 0xff, 0xe0, 0xc, 0xe1, 0xf8, 0x9, 0xf0,
    0xfa, 0x0, 0x4, 0x4b, 0xe0, 0x2f, 0x81, 0xf7,
    0x9, 0xf0, 0x9f, 0x20, 0x0, 0xa, 0xe0, 0xaf,
    0x24, 0xf6, 0x9, 0xf0, 0x2f, 0x70, 0x0, 0xa,
    0xe2, 0xfa, 0x8, 0xf3, 0x9, 0xf0, 0xd, 0xd0,
    0x0, 0xa, 0xe0, 0x62, 0xe, 0xd0, 0x9, 0xf0,
    0x7, 0x80, 0x0, 0xa, 0xe0, 0x0, 0x9f, 0x60,
    0x9, 0xf0, 0x0, 0x0, 0x0, 0xa, 0xe0, 0x9,
    0xfa, 0x5, 0xae, 0xe0, 0x0, 0x0, 0x0, 0xc,
    0xf4, 0x6, 0x90, 0x4, 0xfe, 0x50, 0x0, 0x0,
    0x0, 0xbf, 0xff, 0x92, 0x0, 0x0, 0x0, 0x0,
    0x0, 0x0, 0xc, 0xfa, 0x1a, 0xff, 0xfe, 0xdc,
    0xcc, 0xbb, 0xbb, 0xa0, 0x8, 0xb0, 0x0, 0x17,
    0xad, 0xef, 0xff, 0xff, 0xff, 0x80, 0x0, 0x0,
    0x0, 0x0, 0x0, 0x0, 0x0, 0x0, 0x0, 0x0,

    /* U+8FFD "追" */
    0x0, 0x0, 0x0, 0x0, 0x0, 0x2, 0x0, 0x0,
    0x0, 0x0, 0x0, 0x60, 0x0, 0x0, 0x0, 0xe,
    0xc0, 0x0, 0x0, 0x0, 0x7, 0xfc, 0x10, 0x0,
    0x0, 0x2f, 0x80, 0x0, 0x0, 0x0, 0x0, 0x9f,
    0xd0, 0x7, 0xff, 0xff, 0xff, 0xff, 0xe0, 0x0,
    0x0, 0x7, 0x80, 0x8, 0xf7, 0x66, 0x66, 0x6c,
    0xe0, 0x0, 0x0, 0x0, 0x0, 0x8, 0xf1, 0x0,
    0x0, 0xa, 0xe0, 0x0, 0x0, 0x0, 0x0, 0x8,
    0xf8, 0x77, 0x77, 0x7c, 0xe0, 0x0, 0x3, 0x33,
    0x30, 0x8, 0xff, 0xff, 0xff, 0xff, 0xe0, 0x0,
    0xf, 0xff, 0xe0, 0x8, 0xf1, 0x0, 0x0, 0x0,
    0x0, 0x0, 0x4, 0x4b, 0xe0, 0x8, 0xf4, 0x44,
    0x44, 0x44, 0x41, 0x0, 0x0, 0xa, 0xe0, 0x8,
    0xff, 0xff, 0xff, 0xff, 0xf5, 0x0, 0x0, 0xa,
    0xe0, 0x8, 0xf3, 0x22, 0x22, 0x24, 0xf5, 0x0,
    0x0, 0xa, 0xe0, 0x8, 0xf1, 0x0, 0x0, 0x2,
    0xf5, 0x0, 0x0, 0xa, 0xe0, 0x8, 0xf8, 0x88,
    0x88, 0x89, 0xf5, 0x0, 0x0, 0xa, 0xe0, 0x7,
    0xff, 0xff, 0xff, 0xff, 0xf4, 0x0, 0x0, 0xa,
    0xf1, 0x0, 0x0, 0x0, 0x0, 0x0, 0x0, 0x0,
    0x0, 0x7f, 0xfe, 0x61, 0x0, 0x0, 0x0, 0x0,
    0x0, 0x0, 0xa, 0xfc, 0x4c, 0xff, 0xdc, 0xcb,
    0xba, 0xaa, 0xaa, 0x90, 0x9, 0xd1, 0x0, 0x38,
    0xbd, 0xef, 0xff, 0xff, 0xff, 0x90, 0x0, 0x10,
    0x0, 0x0, 0x0, 0x0, 0x0, 0x0, 0x0, 0x0,

    /* U+9002 "适" */
    0x0, 0x70, 0x0, 0x0, 0x1, 0x34, 0x68, 0xab,
    0xd4, 0x0, 0x7, 0xfc, 0x10, 0x9, 0xff, 0xff,
    0xff, 0xdb, 0x85, 0x0, 0x0, 0x8f, 0xd0, 0x3,
    0x86, 0x54, 0xf9, 0x0, 0x0, 0x0, 0x0, 0x7,
    0x80, 0x0, 0x0, 0x1, 0xf9, 0x0, 0x0, 0x0,
    0x0, 0x0, 0x0, 0x17, 0x77, 0x77, 0xfc, 0x77,
    0x77, 0x50, 0x0, 0x0, 0x0, 0x3f, 0xff, 0xff,
    0xff, 0xff, 0xff, 0xb0, 0x3, 0x44, 0x30, 0x0,
    0x0, 0x1, 0xf9, 0x0, 0x0, 0x0, 0xf, 0xff,
    0xe0, 0x0, 0x0, 0x1, 0xf9, 0x0, 0x0, 0x0,
    0x1, 0x2a, 0xe0, 0x4, 0xff, 0xff, 0xff, 0xff,
    0xf6, 0x0, 0x0, 0xa, 0xe0, 0x4, 0xfa, 0x77,
    0x77, 0x79, 0xf6, 0x0, 0x0, 0xa, 0xe0, 0x4,
    0xf5, 0x0, 0x0, 0x3, 0xf6, 0x0, 0x0, 0xa,
    0xe0, 0x4, 0xf5, 0x0, 0x0, 0x3, 0xf6, 0x0,
    0x0, 0xa, 0xe0, 0x4, 0xf9, 0x55, 0x55, 0x58,
    0xf6, 0x0, 0x0, 0xa, 0xe0, 0x4, 0xff, 0xff,
    0xff, 0xff, 0xf6, 0x0, 0x0, 0xb, 0xf3, 0x0,
    0x0, 0x0, 0x0, 0x0, 0x0, 0x0, 0x0, 0x9f,
    0xff, 0x82, 0x0, 0x0, 0x0, 0x0, 0x0, 0x0,
    0xb, 0xfb, 0x2b, 0xff, 0xfe, 0xdc, 0xcc, 0xbb,
    0xbb, 0xb1, 0x8, 0xc0, 0x0, 0x27, 0xad, 0xef,
    0xff, 0xff, 0xff, 0xb0, 0x0, 0x0, 0x0, 0x0,
    0x0, 0x0, 0x0, 0x0, 0x0, 0x0,

    /* U+9009 "选" */
    0x0, 0x50, 0x0, 0x0, 0x55, 0x7, 0xf2, 0x0,
    0x0, 0x0, 0x7, 0xfb, 0x0, 0x0, 0xea, 0x7,
    0xf2, 0x0, 0x0, 0x0, 0x0, 0x9f, 0xc0, 0x4,
    0xfb, 0x8b, 0xf9, 0x88, 0x80, 0x0, 0x0, 0x8,
    0x90, 0xc, 0xff, 0xff, 0xff, 0xff, 0xf1, 0x0,
    0x0, 0x0, 0x0, 0x5f, 0x70, 0x7, 0xf2, 0x0,
    0x0, 0x0, 0x0, 0x0, 0x0, 0x3b, 0x0, 0x7,
    0xf2, 0x0, 0x0, 0x0, 0x3, 0x33, 0x30, 0x88,
    0x88, 0x8b, 0xf9, 0x88, 0x88, 0x30, 0xf, 0xff,
    0xe0, 0xff, 0xff, 0xff, 0xff, 0xff, 0xff, 0x50,
    0x4, 0x4b, 0xe0, 0x0, 0x8, 0xf0, 0x5f, 0x30,
    0x0, 0x0, 0x0, 0xa, 0xe0, 0x0, 0xb, 0xe0,
    0x5f, 0x30, 0x0, 0x0, 0x0, 0xa, 0xe0, 0x0,
    0x2f, 0xa0, 0x5f, 0x30, 0x0, 0x0, 0x0, 0xa,
    0xe0, 0x0, 0xcf, 0x40, 0x5f, 0x30, 0xd, 0x60,
    0x0, 0xa, 0xe0, 0x5d, 0xfa, 0x0, 0x5f, 0x40,
    0x1f, 0x70, 0x0, 0xa, 0xe0, 0xcf, 0xb0, 0x0,
    0x4f, 0xfe, 0xff, 0x30, 0x0, 0xc, 0xf4, 0x24,
    0x0, 0x0, 0x4, 0x78, 0x73, 0x0, 0x0, 0xbf,
    0xff, 0x92, 0x0, 0x0, 0x0, 0x0, 0x0, 0x0,
    0xc, 0xfb, 0x2b, 0xff, 0xfe, 0xdc, 0xcc, 0xbb,
    0xbb, 0xa0, 0x8, 0xc0, 0x0, 0x27, 0xbd, 0xef,
    0xff, 0xff, 0xff, 0x80, 0x0, 0x0, 0x0, 0x0,
    0x0, 0x0, 0x0, 0x0, 0x0, 0x0,

    /* U+9014 "途" */
    0x0, 0x0, 0x0, 0x0, 0x0, 0x0, 0x0, 0x0,
    0x0, 0x0, 0x0, 0x40, 0x0, 0x0, 0x0, 0xc,
    0xe0, 0x0, 0x0, 0x0, 0x7, 0xfa, 0x0, 0x0,
    0x1, 0xcf, 0xfa, 0x10, 0x0, 0x0, 0x0, 0xaf,
    0xb0, 0x0, 0x3d, 0xf5, 0x4e, 0xf7, 0x0, 0x0,
    0x0, 0xa, 0xa0, 0x8, 0xfe, 0x30, 0x1, 0x9f,
    0xe8, 0x20, 0x0, 0x0, 0x4, 0xef, 0xa7, 0x66,
    0x66, 0x67, 0xaf, 0xf1, 0x0, 0x0, 0x0, 0x83,
    0x1f, 0xff, 0xff, 0xfc, 0x2, 0x50, 0x2, 0x22,
    0x20, 0x0, 0x0, 0x6, 0xf1, 0x0, 0x0, 0x0,
    0xf, 0xff, 0xe0, 0x15, 0x55, 0x59, 0xf6, 0x55,
    0x55, 0x0, 0x4, 0x4b, 0xe0, 0x3f, 0xff, 0xff,
    0xff, 0xff, 0xfd, 0x0, 0x0, 0xa, 0xe0, 0x0,
    0x1, 0x6, 0xf1, 0x1, 0x0, 0x0, 0x0, 0xa,
    0xe0, 0x0, 0x8e, 0x6, 0xf1, 0x7e, 0x30, 0x0,
    0x0, 0xa, 0xe0, 0x6, 0xf8, 0x6, 0xf1, 0x1d,
    0xf3, 0x0, 0x0, 0xa, 0xe0, 0x7f, 0xb0, 0x6,
    0xf1, 0x1, 0xee, 0x10, 0x0, 0xa, 0xe0, 0x2a,
    0x5, 0x8b, 0xf1, 0x0, 0x5a, 0x0, 0x0, 0xc,
    0xf4, 0x0, 0x5, 0xdd, 0x80, 0x0, 0x0, 0x0,
    0x0, 0xbf, 0xff, 0x93, 0x0, 0x0, 0x0, 0x0,
    0x0, 0x0, 0xc, 0xfa, 0x1a, 0xff, 0xfe, 0xdc,
    0xcc, 0xbb, 0xbb, 0xb1, 0x8, 0xb0, 0x0, 0x17,
    0xad, 0xef, 0xff, 0xff, 0xff, 0xb0, 0x0, 0x0,
    0x0, 0x0, 0x0, 0x0, 0x0, 0x0, 0x0, 0x0,

    /* U+901A "通" */
    0x2, 0xc2, 0x0, 0xf, 0xff, 0xff, 0xff, 0xff,
    0xfd, 0x0, 0x5f, 0xf3, 0x0, 0x55, 0x56, 0x65,
    0x58, 0xff, 0x50, 0x0, 0x4f, 0xe0, 0x0, 0x1,
    0xde, 0x69, 0xfc, 0x20, 0x0, 0x0, 0x45, 0x0,
    0x0, 0x2, 0xaf, 0xf6, 0x0, 0x0, 0x0, 0x0,
    0x0, 0xe, 0xff, 0xff, 0xff, 0xff, 0xff, 0x10,
    0x0, 0x0, 0x0, 0xfb, 0x77, 0x7f, 0xb7, 0x7b,
    0xf1, 0x3, 0x33, 0x30, 0xf, 0x80, 0x1, 0xf7,
    0x0, 0x7f, 0x10, 0xff, 0xfe, 0x0, 0xff, 0xff,
    0xff, 0xff, 0xff, 0xf1, 0x4, 0x4b, 0xe0, 0xf,
    0xa4, 0x45, 0xf9, 0x44, 0x9f, 0x10, 0x0, 0xae,
    0x0, 0xf8, 0x11, 0x2f, 0x81, 0x18, 0xf1, 0x0,
    0xa, 0xe0, 0xf, 0xff, 0xff, 0xff, 0xff, 0xff,
    0x10, 0x0, 0xae, 0x0, 0xf9, 0x22, 0x3f, 0x92,
    0x29, 0xf1, 0x0, 0xa, 0xe0, 0xf, 0x80, 0x1,
    0xf7, 0x0, 0x7f, 0x10, 0x0, 0xae, 0x0, 0xf8,
    0x0, 0x1f, 0x77, 0x8c, 0xf0, 0x0, 0xb, 0xf5,
    0xa, 0x50, 0x0, 0x20, 0x7c, 0xd6, 0x0, 0xa,
    0xff, 0xfa, 0x30, 0x0, 0x0, 0x0, 0x0, 0x0,
    0xc, 0xfb, 0x2b, 0xff, 0xfe, 0xdc, 0xcc, 0xbb,
    0xbb, 0x80, 0x8c, 0x0, 0x2, 0x8b, 0xde, 0xff,
    0xff, 0xff, 0xf6, 0x0, 0x0, 0x0, 0x0, 0x0,
    0x0, 0x0, 0x0, 0x0, 0x0,

    /* U+901F "速" */
    0x0, 0x40, 0x0, 0x0, 0x0, 0x0, 0xf8, 0x0,
    0x0, 0x0, 0x7, 0xfa, 0x0, 0x17, 0x77, 0x77,
    0xfb, 0x77, 0x77, 0x50, 0x0, 0x8f, 0xb0, 0x2f,
    0xff, 0xff, 0xff, 0xff, 0xff, 0xb0, 0x0, 0x6,
    0x80, 0x0, 0x0, 0x0, 0xf8, 0x0, 0x0, 0x0,
    0x0, 0x0, 0x0, 0x6, 0xff, 0xff, 0xff, 0xff,
    0xfe, 0x0, 0x0, 0x0, 0x0, 0x7, 0xf7, 0x77,
    0xfb, 0x77, 0xcf, 0x0, 0x5, 0x55, 0x50, 0x7,
    0xf0, 0x0, 0xf8, 0x0, 0x8f, 0x0, 0xf, 0xff,
    0xe0, 0x7, 0xf0, 0x0, 0xf8, 0x0, 0x8f, 0x0,
    0x3, 0x3b, 0xe0, 0x7, 0xff, 0xff, 0xff, 0xff,
    0xff, 0x0, 0x0, 0xa, 0xe0, 0x3, 0x77, 0xcf,
    0xfb, 0x77, 0x76, 0x0, 0x0, 0xa, 0xe0, 0x0,
    0x5, 0xf8, 0xf8, 0x27, 0x0, 0x0, 0x0, 0xa,
    0xe0, 0x0, 0x6f, 0xc0, 0xf8, 0x8f, 0xd3, 0x0,
    0x0, 0xa, 0xe0, 0x2b, 0xfc, 0x10, 0xf8, 0x5,
    0xef, 0x50, 0x0, 0xa, 0xe0, 0x5f, 0xb0, 0x0,
    0xf8, 0x0, 0x2d, 0xa0, 0x0, 0xa, 0xf2, 0x4,
    0x0, 0x0, 0xf8, 0x0, 0x1, 0x0, 0x0, 0x9f,
    0xff, 0x72, 0x0, 0x0, 0x73, 0x0, 0x0, 0x0,
    0xb, 0xfa, 0x1a, 0xff, 0xfe, 0xdc, 0xcc, 0xbb,
    0xbb, 0xb1, 0x8, 0xb0, 0x0, 0x17, 0xad, 0xef,
    0xff, 0xff, 0xff, 0xb0, 0x0, 0x0, 0x0, 0x0,
    0x0, 0x0, 0x0, 0x0, 0x0, 0x0,

    /* U+9020 "造" */
    0x0, 0x70, 0x0, 0x0, 0x1a, 0x22, 0xf5, 0x0,
    0x0, 0x0, 0x7, 0xfc, 0x10, 0x0, 0x8f, 0x12,
    0xf6, 0x11, 0x10, 0x0, 0x0, 0x7f, 0xd0, 0x2,
    0xff, 0xff, 0xff, 0xff, 0xfb, 0x0, 0x0, 0x7,
    0x80, 0xc, 0xd5, 0x56, 0xf9, 0x55, 0x54, 0x0,
    0x0, 0x0, 0x0, 0x6f, 0x30, 0x2, 0xf5, 0x0,
    0x0, 0x0, 0x0, 0x0, 0x0, 0x36, 0x33, 0x35,
    0xf8, 0x33, 0x33, 0x30, 0x3, 0x33, 0x31, 0xff,
    0xff, 0xff, 0xff, 0xff, 0xff, 0xd0, 0xf, 0xff,
    0xe0, 0x22, 0x22, 0x22, 0x22, 0x22, 0x22, 0x20,
    0x4, 0x4b, 0xe0, 0x1, 0x55, 0x55, 0x55, 0x55,
    0x52, 0x0, 0x0, 0xa, 0xe0, 0x5, 0xff, 0xff,
    0xff, 0xff, 0xf8, 0x0, 0x0, 0xa, 0xe0, 0x5,
    0xf2, 0x0, 0x0, 0x0, 0xf8, 0x0, 0x0, 0xa,
    0xe0, 0x5, 0xf2, 0x0, 0x0, 0x0, 0xf8, 0x0,
    0x0, 0xa, 0xe0, 0x5, 0xf8, 0x77, 0x77, 0x77,
    0xf8, 0x0, 0x0, 0xa, 0xe0, 0x5, 0xff, 0xff,
    0xff, 0xff, 0xf7, 0x0, 0x0, 0xa, 0xf2, 0x0,
    0x0, 0x0, 0x0, 0x0, 0x0, 0x0, 0x0, 0x9f,
    0xff, 0x82, 0x0, 0x0, 0x0, 0x0, 0x0, 0x0,
    0xb, 0xfb, 0x2b, 0xff, 0xfe, 0xdc, 0xcc, 0xbb,
    0xbb, 0xa0, 0x8, 0xc0, 0x0, 0x28, 0xbd, 0xef,
    0xff, 0xff, 0xff, 0x80, 0x0, 0x0, 0x0, 0x0,
    0x0, 0x0, 0x0, 0x0, 0x0, 0x0,

    /* U+906E "遮" */
    0x0, 0x0, 0x0, 0x0, 0x0, 0x0, 0x0, 0x0,
    0x0, 0x0, 0x0, 0x50, 0x0, 0x0, 0x0, 0x1,
    0xe6, 0x0, 0x0, 0x0, 0x7, 0xfa, 0x0, 0x7,
    0x77, 0x77, 0xfd, 0x77, 0x77, 0x30, 0x0, 0x8f,
    0xb0, 0xf, 0xff, 0xff, 0xff, 0xff, 0xff, 0x60,
    0x0, 0x6, 0x80, 0xf, 0x70, 0x59, 0x0, 0xa,
    0x30, 0x0, 0x0, 0x0, 0x0, 0xf, 0x70, 0x9e,
    0x0, 0x1f, 0x50, 0x0, 0x0, 0x0, 0x0, 0xf,
    0xfe, 0xff, 0xee, 0xef, 0xfe, 0x70, 0x6, 0x66,
    0x60, 0xf, 0xa6, 0xbf, 0x66, 0x7f, 0x96, 0x30,
    0xf, 0xff, 0xe0, 0x1f, 0x60, 0x9e, 0x0, 0x1f,
    0x50, 0x0, 0x3, 0x3b, 0xe0, 0x2f, 0x50, 0x9e,
    0x11, 0x2f, 0x50, 0x0, 0x0, 0xa, 0xe0, 0x4f,
    0x30, 0x9f, 0xff, 0xff, 0x50, 0x0, 0x0, 0xa,
    0xe0, 0x6f, 0x10, 0x13, 0x33, 0x33, 0x20, 0x0,
    0x0, 0xa, 0xe0, 0xbe, 0xb, 0x96, 0x61, 0xa1,
    0xe6, 0x0, 0x0, 0xa, 0xe1, 0xfa, 0x1f, 0x79,
    0xb1, 0xf4, 0x8e, 0x0, 0x0, 0xa, 0xe7, 0xf5,
    0x8f, 0x28, 0xd0, 0xe7, 0x1f, 0x50, 0x0, 0xa,
    0xe1, 0x80, 0xcb, 0x6, 0xf0, 0xc8, 0xc, 0x80,
    0x0, 0x6f, 0xfd, 0x51, 0x2, 0x1, 0x10, 0x0,
    0x1, 0x0, 0xa, 0xfc, 0x3c, 0xff, 0xed, 0xcc,
    0xcb, 0xbb, 0xbb, 0xa0, 0x8, 0xc0, 0x0, 0x38,
    0xbd, 0xef, 0xff, 0xff, 0xff, 0x80, 0x0, 0x0,
    0x0, 0x0, 0x0, 0x0, 0x0, 0x0, 0x0, 0x0,

    /* U+90E8 "部" */
    0x0, 0x0, 0x0, 0x0, 0x0, 0x0, 0x0, 0x0,
    0x0, 0x0, 0x5, 0xe1, 0x0, 0x0, 0x0, 0x0,
    0x0, 0x0, 0x0, 0x3, 0xf7, 0x0, 0x0, 0x3f,
    0xff, 0xff, 0xf9, 0x24, 0x44, 0xfc, 0x44, 0x42,
    0x3f, 0xa7, 0x79, 0xf8, 0x7f, 0xff, 0xff, 0xff,
    0xf7, 0x3f, 0x50, 0x6, 0xf3, 0x1, 0x21, 0x11,
    0x13, 0x10, 0x3f, 0x50, 0xc, 0xd0, 0x4, 0xf2,
    0x0, 0x1f, 0x90, 0x3f, 0x50, 0x2f, 0x70, 0x0,
    0xe8, 0x0, 0x6f, 0x40, 0x3f, 0x50, 0x7f, 0x20,
    0x0, 0xa9, 0x0, 0xce, 0x0, 0x3f, 0x50, 0xdc,
    0x0, 0x67, 0x77, 0x77, 0xfc, 0x77, 0x4f, 0x51,
    0xfa, 0x0, 0xef, 0xff, 0xff, 0xff, 0xff, 0x5f,
    0x50, 0x7f, 0x50, 0x0, 0x0, 0x0, 0x0, 0x0,
    0x3f, 0x50, 0xb, 0xe1, 0x3, 0x33, 0x33, 0x33,
    0x30, 0x3f, 0x50, 0x2, 0xf7, 0x2f, 0xff, 0xff,
    0xff, 0xf1, 0x3f, 0x50, 0x0, 0xea, 0x2f, 0x72,
    0x22, 0x28, 0xf1, 0x3f, 0x50, 0x0, 0xda, 0x2f,
    0x50, 0x0, 0x6, 0xf1, 0x3f, 0x55, 0x45, 0xf8,
    0x2f, 0x50, 0x0, 0x6, 0xf1, 0x3f, 0x5a, 0xff,
    0xe1, 0x2f, 0x96, 0x66, 0x6a, 0xf1, 0x3f, 0x51,
    0x44, 0x10, 0x2f, 0xff, 0xff, 0xff, 0xf1, 0x3f,
    0x50, 0x0, 0x0, 0x2f, 0x50, 0x0, 0x6, 0xf1,
    0x3f, 0x50, 0x0, 0x0,

    /* U+914D "配" */
    0xff, 0xff, 0xff, 0xff, 0xcf, 0xff, 0xff, 0xff,
    0xf0, 0x6, 0x68, 0xf8, 0xf6, 0x64, 0x77, 0x77,
    0x77, 0xcf, 0x0, 0x0, 0x4f, 0x3f, 0x0, 0x0,
    0x0, 0x0, 0x8, 0xf0, 0x2, 0x47, 0xf6, 0xf4,
    0x40, 0x0, 0x0, 0x0, 0x8f, 0x0, 0x8f, 0xff,
    0xff, 0xff, 0x30, 0x0, 0x0, 0x8, 0xf0, 0x8,
    0xd5, 0xf5, 0xf4, 0xf3, 0x0, 0x0, 0x0, 0x8f,
    0x0, 0x8d, 0x4e, 0x3f, 0x3f, 0x32, 0x33, 0x33,
    0x39, 0xf0, 0x8, 0xd6, 0xd3, 0xf3, 0xf3, 0xdf,
    0xff, 0xff, 0xff, 0x0, 0x8d, 0x9b, 0x3f, 0x3f,
    0x3d, 0xc4, 0x44, 0x48, 0xc0, 0x8, 0xdd, 0x72,
    0xff, 0xf3, 0xdb, 0x0, 0x0, 0x0, 0x0, 0x8f,
    0xf1, 0x5, 0x9f, 0x3d, 0xb0, 0x0, 0x0, 0x0,
    0x8, 0xd5, 0x0, 0x3, 0xf3, 0xdb, 0x0, 0x0,
    0x0, 0x0, 0x8f, 0xff, 0xff, 0xff, 0x3d, 0xb0,
    0x0, 0x0, 0x3d, 0x28, 0xe6, 0x66, 0x67, 0xf3,
    0xdb, 0x0, 0x0, 0x5, 0xf2, 0x8d, 0x0, 0x0,
    0x3f, 0x3d, 0xb0, 0x0, 0x0, 0x8f, 0x8, 0xff,
    0xff, 0xff, 0xf3, 0xdb, 0x0, 0x0, 0xc, 0xd0,
    0x8e, 0x66, 0x66, 0x7f, 0x3c, 0xfb, 0x99, 0xad,
    0xf7, 0x8, 0xd0, 0x0, 0x3, 0xf3, 0x4d, 0xff,
    0xff, 0xd9, 0x0,

    /* U+91C7 "采" */
    0x0, 0x0, 0x0, 0x0, 0x0, 0x0, 0x0, 0x0,
    0x0, 0x0, 0x0, 0x0, 0x11, 0x23, 0x46, 0x79,
    0xad, 0xfe, 0x0, 0x1, 0xff, 0xff, 0xff, 0xff,
    0xff, 0xec, 0xb9, 0x61, 0x0, 0x6, 0x76, 0x55,
    0x43, 0x41, 0x0, 0x0, 0x87, 0x0, 0x0, 0x1a,
    0x40, 0x0, 0x6f, 0x30, 0x0, 0x2f, 0xb0, 0x0,
    0x1, 0xee, 0x10, 0x1, 0xed, 0x0, 0x9, 0xf4,
    0x0, 0x0, 0x3, 0xfa, 0x0, 0x6, 0xf5, 0x3,
    0xfb, 0x0, 0x0, 0x0, 0xa, 0xe1, 0x0, 0x6,
    0x0, 0xbf, 0x10, 0x0, 0x0, 0x0, 0x10, 0x0,
    0xc, 0x60, 0x0, 0x30, 0x0, 0x0, 0x34, 0x44,
    0x44, 0x45, 0xf9, 0x44, 0x44, 0x44, 0x40, 0xb,
    0xff, 0xff, 0xff, 0xff, 0xff, 0xff, 0xff, 0xff,
    0x30, 0x23, 0x33, 0x33, 0xcf, 0xff, 0xf5, 0x33,
    0x33, 0x30, 0x0, 0x0, 0x0, 0x9f, 0x8f, 0x9e,
    0xd1, 0x0, 0x0, 0x0, 0x0, 0x0, 0xaf, 0x81,
    0xf7, 0x3f, 0xe3, 0x0, 0x0, 0x0, 0x3, 0xdf,
    0x80, 0x1f, 0x70, 0x3e, 0xf8, 0x0, 0x0, 0x19,
    0xff, 0x50, 0x1, 0xf7, 0x0, 0x2d, 0xfd, 0x60,
    0x1f, 0xfb, 0x20, 0x0, 0x1f, 0x70, 0x0, 0x9,
    0xff, 0xa0, 0x64, 0x0, 0x0, 0x1, 0xf7, 0x0,
    0x0, 0x2, 0xb3, 0x0, 0x0, 0x0, 0x0, 0x1f,
    0x70, 0x0, 0x0, 0x0, 0x0,

    /* U+91CA "释" */
    0x0, 0x0, 0x0, 0x16, 0x0, 0x0, 0x0, 0x0,
    0x0, 0x0, 0x2, 0x58, 0xcf, 0xf5, 0x5f, 0xff,
    0xff, 0xff, 0xc0, 0xe, 0xff, 0xfe, 0x60, 0x2,
    0xbf, 0x76, 0x67, 0xf9, 0x0, 0x56, 0x2c, 0xc0,
    0x42, 0x1, 0xf8, 0x0, 0x9f, 0x30, 0x6, 0x90,
    0xcc, 0xe, 0x60, 0x9, 0xf4, 0x6f, 0xa0, 0x0,
    0x5f, 0x2c, 0xc5, 0xf1, 0x0, 0x1e, 0xef, 0xe1,
    0x0, 0x0, 0xe7, 0xcc, 0xaa, 0x0, 0x0, 0x9f,
    0xf7, 0x0, 0x0, 0x47, 0x4d, 0xd5, 0x73, 0x5,
    0xcf, 0xde, 0xfb, 0x50, 0xe, 0xff, 0xff, 0xff,
    0xbb, 0xfe, 0x70, 0x8, 0xef, 0xb0, 0x11, 0x3f,
    0xd1, 0x11, 0x24, 0x0, 0xd8, 0x0, 0x33, 0x0,
    0x8, 0xff, 0x90, 0x0, 0x34, 0x4e, 0xb4, 0x43,
    0x0, 0x1, 0xff, 0xef, 0x90, 0xf, 0xff, 0xff,
    0xff, 0xf0, 0x0, 0xaf, 0xdc, 0x5f, 0x50, 0x22,
    0x2e, 0xa2, 0x22, 0x0, 0x6f, 0x7c, 0xc0, 0x70,
    0x0, 0x0, 0xe9, 0x0, 0x0, 0x2f, 0xc0, 0xcc,
    0x0, 0xc, 0xff, 0xff, 0xff, 0xff, 0xb0, 0x82,
    0xc, 0xc0, 0x0, 0x68, 0x88, 0xfc, 0x88, 0x86,
    0x0, 0x0, 0xcc, 0x0, 0x0, 0x0, 0xe, 0x90,
    0x0, 0x0, 0x0, 0xc, 0xc0, 0x0, 0x0, 0x0,
    0xe9, 0x0, 0x0, 0x0, 0x0, 0xcc, 0x0, 0x0,
    0x0, 0xe, 0x90, 0x0, 0x0,

    /* U+91CC "里" */
    0x0, 0xdf, 0xff, 0xff, 0xff, 0xff, 0xff, 0xff,
    0x50, 0x0, 0xdd, 0x77, 0x77, 0xcf, 0x87, 0x77,
    0x9f, 0x50, 0x0, 0xdb, 0x0, 0x0, 0x8f, 0x0,
    0x0, 0x3f, 0x50, 0x0, 0xdb, 0x0, 0x0, 0x8f,
    0x0, 0x0, 0x3f, 0x50, 0x0, 0xdd, 0x77, 0x77,
    0xbf, 0x77, 0x77, 0x9f, 0x50, 0x0, 0xdf, 0xff,
    0xff, 0xff, 0xff, 0xff, 0xff, 0x50, 0x0, 0xdb,
    0x0, 0x0, 0x8f, 0x0, 0x0, 0x3f, 0x50, 0x0,
    0xdb, 0x0, 0x0, 0x8f, 0x0, 0x0, 0x3f, 0x50,
    0x0, 0xdd, 0x88, 0x88, 0xcf, 0x88, 0x88, 0xaf,
    0x50, 0x0, 0xdf, 0xff, 0xff, 0xff, 0xff, 0xff,
    0xff, 0x50, 0x0, 0x0, 0x0, 0x0, 0x8f, 0x0,
    0x0, 0x0, 0x0, 0x0, 0x22, 0x22, 0x22, 0x9f,
    0x22, 0x22, 0x22, 0x10, 0x5, 0xff, 0xff, 0xff,
    0xff, 0xff, 0xff, 0xff, 0xa0, 0x1, 0x55, 0x55,
    0x55, 0xbf, 0x55, 0x55, 0x55, 0x30, 0x0, 0x0,
    0x0, 0x0, 0x8f, 0x0, 0x0, 0x0, 0x0, 0x37,
    0x77, 0x77, 0x77, 0xcf, 0x87, 0x77, 0x77, 0x77,
    0x8f, 0xff, 0xff, 0xff, 0xff, 0xff, 0xff, 0xff,
    0xfe,

    /* U+91CD "重" */
    0x0, 0x0, 0x0, 0x0, 0x0, 0x0, 0x11, 0x22,
    0x0, 0x9, 0xcc, 0xdd, 0xdd, 0xee, 0xff, 0xff,
    0xff, 0x30, 0x5, 0x99, 0x98, 0x88, 0xed, 0x55,
    0x43, 0x32, 0x0, 0x0, 0x0, 0x0, 0x0, 0xeb,
    0x0, 0x0, 0x0, 0x0, 0xbf, 0xff, 0xff, 0xff,
    0xff, 0xff, 0xff, 0xff, 0xfc, 0x57, 0x77, 0x77,
    0x77, 0xed, 0x77, 0x77, 0x77, 0x75, 0x2, 0x77,
    0x77, 0x77, 0xed, 0x77, 0x77, 0x77, 0x0, 0x5,
    0xff, 0xff, 0xff, 0xff, 0xff, 0xff, 0xff, 0x10,
    0x5, 0xf2, 0x0, 0x0, 0xeb, 0x0, 0x0, 0x5f,
    0x10, 0x5, 0xff, 0xff, 0xff, 0xff, 0xff, 0xff,
    0xff, 0x10, 0x5, 0xf7, 0x66, 0x66, 0xec, 0x66,
    0x66, 0x9f, 0x10, 0x5, 0xf7, 0x66, 0x66, 0xed,
    0x66, 0x66, 0x9f, 0x10, 0x5, 0xff, 0xff, 0xff,
    0xff, 0xff, 0xff, 0xff, 0x10, 0x0, 0x0, 0x0,
    0x0, 0xeb, 0x0, 0x0, 0x0, 0x0, 0x2f, 0xff,
    0xff, 0xff, 0xff, 0xff, 0xff, 0xff, 0xf0, 0x17,
    0x77, 0x77, 0x77, 0xed, 0x77, 0x77, 0x77, 0x70,
    0x0, 0x0, 0x0, 0x0, 0xeb, 0x0, 0x0, 0x0,
    0x0, 0x77, 0x77, 0x77, 0x77, 0xed, 0x77, 0x77,
    0x77, 0x75, 0xef, 0xff, 0xff, 0xff, 0xff, 0xff,
    0xff, 0xff, 0xfb,

    /* U+91CF "量" */
    0x0, 0xa, 0xff, 0xff, 0xff, 0xff, 0xff, 0xff,
    0x70, 0x0, 0x0, 0xae, 0x22, 0x22, 0x22, 0x22,
    0x23, 0xf7, 0x0, 0x0, 0xa, 0xff, 0xff, 0xff,
    0xff, 0xff, 0xff, 0x70, 0x0, 0x0, 0xae, 0x22,
    0x22, 0x22, 0x22, 0x23, 0xf7, 0x0, 0x0, 0xa,
    0xff, 0xff, 0xff, 0xff, 0xff, 0xff, 0x70, 0x0,
    0x0, 0x24, 0x44, 0x44, 0x44, 0x44, 0x44, 0x42,
    0x0, 0xa, 0xff, 0xff, 0xff, 0xff, 0xff, 0xff,
    0xff, 0xff, 0x90, 0x23, 0x33, 0x33, 0x33, 0x33,
    0x33, 0x33, 0x33, 0x32, 0x0, 0xb, 0xff, 0xff,
    0xff, 0xff, 0xff, 0xff, 0xa0, 0x0, 0x0, 0xbe,
    0x33, 0x33, 0xed, 0x33, 0x33, 0xfa, 0x0, 0x0,
    0xb, 0xfe, 0xee, 0xef, 0xfe, 0xee, 0xef, 0xa0,
    0x0, 0x0, 0xbd, 0x33, 0x33, 0xed, 0x33, 0x33,
    0xea, 0x0, 0x0, 0xb, 0xff, 0xff, 0xff, 0xff,
    0xff, 0xff, 0xa0, 0x0, 0x0, 0x23, 0x33, 0x33,
    0xed, 0x33, 0x33, 0x32, 0x0, 0x0, 0x5f, 0xff,
    0xff, 0xff, 0xff, 0xff, 0xff, 0xf5, 0x0, 0x1,
    0x33, 0x33, 0x33, 0xed, 0x33, 0x33, 0x33, 0x10,
    0x5, 0x55, 0x55, 0x55, 0x5e, 0xd5, 0x55, 0x55,
    0x55, 0x51, 0xff, 0xff, 0xff, 0xff, 0xff, 0xff,
    0xff, 0xff, 0xff,

    /* U+94AE "钮" */
    0x0, 0x6, 0x90, 0x0, 0x0, 0x0, 0x0, 0x0,
    0x0, 0x0, 0x0, 0xc, 0xd0, 0x0, 0x4, 0xff,
    0xff, 0xff, 0xff, 0x50, 0x0, 0x2f, 0x80, 0x0,
    0x2, 0x79, 0xfa, 0x77, 0x9f, 0x40, 0x0, 0x9f,
    0xff, 0xfe, 0x0, 0x4, 0xf3, 0x0, 0x3f, 0x40,
    0x2, 0xfb, 0x77, 0x77, 0x0, 0x5, 0xf2, 0x0,
    0x4f, 0x30, 0xb, 0xf2, 0x0, 0x0, 0x0, 0x6,
    0xf1, 0x0, 0x5f, 0x20, 0xe, 0x96, 0x66, 0x63,
    0x0, 0x8, 0xf0, 0x0, 0x6f, 0x10, 0x2, 0x3f,
    0xff, 0xf8, 0x0, 0x9, 0xf0, 0x0, 0x7f, 0x0,
    0x0, 0x0, 0xd8, 0x0, 0x0, 0xa, 0xe0, 0x0,
    0x8f, 0x0, 0x0, 0x0, 0xd8, 0x0, 0xc, 0xff,
    0xff, 0xff, 0xff, 0x0, 0x2, 0x44, 0xea, 0x44,
    0x4, 0x6f, 0xc6, 0x66, 0xce, 0x0, 0x8, 0xff,
    0xff, 0xff, 0x0, 0xf, 0x90, 0x0, 0xbd, 0x0,
    0x1, 0x22, 0xe9, 0x22, 0x0, 0xf, 0x80, 0x0,
    0xcc, 0x0, 0x0, 0x0, 0xd8, 0x0, 0x0, 0x1f,
    0x70, 0x0, 0xdb, 0x0, 0x0, 0x0, 0xd8, 0x0,
    0x0, 0x3f, 0x50, 0x0, 0xda, 0x0, 0x0, 0x0,
    0xd8, 0x0, 0x0, 0x4f, 0x40, 0x0, 0xea, 0x0,
    0x0, 0x0, 0xd9, 0x8b, 0x0, 0x5f, 0x30, 0x0,
    0xf9, 0x0, 0x0, 0x0, 0xdf, 0xf9, 0x17, 0xbf,
    0x97, 0x77, 0xfc, 0x71, 0x0, 0x0, 0x8a, 0x30,
    0x3f, 0xff, 0xff, 0xff, 0xff, 0xf2,

    /* U+94C1 "铁" */
    0x0, 0x0, 0x0, 0x0, 0x0, 0x0, 0x0, 0x0,
    0x0, 0x0, 0x0, 0x8b, 0x0, 0x0, 0x1, 0x0,
    0xf7, 0x0, 0x0, 0x0, 0xe, 0xa0, 0x0, 0x0,
    0xae, 0xf, 0x70, 0x0, 0x0, 0x6, 0xfd, 0xcc,
    0xb0, 0xe, 0xa0, 0xf7, 0x0, 0x0, 0x0, 0xed,
    0x99, 0x99, 0x4, 0xff, 0xff, 0xff, 0xfa, 0x0,
    0x9f, 0x20, 0x0, 0x0, 0xae, 0x88, 0xfb, 0x88,
    0x50, 0xe, 0x96, 0x66, 0x63, 0x3f, 0x80, 0xf,
    0x60, 0x0, 0x0, 0x13, 0xff, 0xff, 0x88, 0xf1,
    0x1, 0xf6, 0x0, 0x0, 0x0, 0x0, 0xd8, 0x0,
    0x4, 0x0, 0x1f, 0x60, 0x0, 0x0, 0x0, 0xd,
    0x80, 0x0, 0x44, 0x45, 0xf8, 0x44, 0x41, 0x2,
    0x44, 0xea, 0x44, 0xf, 0xff, 0xff, 0xff, 0xff,
    0x70, 0x8f, 0xff, 0xff, 0xf0, 0x1, 0x19, 0xfc,
    0x11, 0x10, 0x1, 0x22, 0xe9, 0x22, 0x0, 0x0,
    0xee, 0xf3, 0x0, 0x0, 0x0, 0xd, 0x80, 0x0,
    0x0, 0x6f, 0x5c, 0xc0, 0x0, 0x0, 0x0, 0xd8,
    0x0, 0x0, 0xe, 0xe0, 0x5f, 0x60, 0x0, 0x0,
    0xd, 0x81, 0x40, 0xa, 0xf5, 0x0, 0xbf, 0x30,
    0x0, 0x0, 0xdd, 0xfc, 0x8, 0xfb, 0x0, 0x2,
    0xfe, 0x30, 0x0, 0xc, 0xfa, 0x14, 0xfd, 0x10,
    0x0, 0x4, 0xfb, 0x0, 0x0, 0x11, 0x0, 0x7,
    0x10, 0x0, 0x0, 0x4, 0x30,

    /* U+9501 "锁" */
    0x0, 0x0, 0x0, 0x0, 0x0, 0x0, 0x0, 0x0,
    0x0, 0x0, 0x0, 0x8, 0xc0, 0x0, 0x0, 0x0,
    0x1f, 0x70, 0x0, 0x0, 0x0, 0xe, 0x90, 0x0,
    0x9, 0xc0, 0x1f, 0x70, 0x8f, 0x10, 0x0, 0x6f,
    0xff, 0xfe, 0x5, 0xf7, 0x1f, 0x72, 0xfb, 0x0,
    0x0, 0xeb, 0x77, 0x77, 0x0, 0xda, 0x1f, 0x77,
    0xf2, 0x0, 0x9, 0xf2, 0x0, 0x0, 0x0, 0x10,
    0x1f, 0x70, 0x20, 0x0, 0xe, 0x96, 0x66, 0x63,
    0x6, 0xaa, 0xaf, 0xda, 0xaa, 0x0, 0x2, 0x3f,
    0xff, 0xf8, 0xa, 0xfc, 0xcc, 0xcc, 0xef, 0x10,
    0x0, 0x0, 0xd8, 0x0, 0xa, 0xf0, 0x1, 0x0,
    0x7f, 0x10, 0x0, 0x0, 0xd8, 0x0, 0xa, 0xf0,
    0xf, 0x80, 0x7f, 0x10, 0x2, 0x44, 0xea, 0x44,
    0xa, 0xf0, 0x1f, 0x80, 0x7f, 0x10, 0x8, 0xff,
    0xff, 0xff, 0xa, 0xf0, 0x1f, 0x80, 0x7f, 0x10,
    0x1, 0x22, 0xe9, 0x22, 0xa, 0xf0, 0x2f, 0x70,
    0x7f, 0x10, 0x0, 0x0, 0xd8, 0x0, 0xa, 0xf0,
    0x4f, 0x60, 0x7f, 0x10, 0x0, 0x0, 0xd8, 0x0,
    0x8, 0xc0, 0xaf, 0x12, 0x5b, 0x0, 0x0, 0x0,
    0xd8, 0x14, 0x0, 0x6, 0xfa, 0x7f, 0x80, 0x0,
    0x0, 0x0, 0xdd, 0xfc, 0x0, 0x8f, 0xd0, 0xb,
    0xfa, 0x0, 0x0, 0x0, 0xcf, 0xa1, 0x8e, 0xfa,
    0x10, 0x0, 0x9f, 0xb0, 0x0, 0x0, 0x11, 0x0,
    0x7b, 0x40, 0x0, 0x0, 0x8, 0x20,

    /* U+9519 "错" */
    0x0, 0x0, 0x0, 0x0, 0x0, 0x0, 0x0, 0x0,
    0x0, 0x0, 0x0, 0x7, 0xd1, 0x0, 0x0, 0xc,
    0xd0, 0xa, 0xe0, 0x0, 0x0, 0xe, 0xc0, 0x0,
    0x0, 0xc, 0xd0, 0xa, 0xe0, 0x0, 0x0, 0x6f,
    0xff, 0xff, 0xe7, 0xff, 0xff, 0xff, 0xff, 0xa0,
    0x1, 0xed, 0x88, 0x88, 0x73, 0x8e, 0xe8, 0x8d,
    0xf8, 0x60, 0xc, 0xf3, 0x0, 0x0, 0x0, 0xc,
    0xd0, 0xa, 0xe0, 0x0, 0xc, 0x7a, 0xaa, 0xaa,
    0x0, 0xc, 0xd0, 0xa, 0xe0, 0x0, 0x0, 0xb,
    0xef, 0xcc, 0xf, 0xff, 0xff, 0xff, 0xff, 0xf1,
    0x0, 0x0, 0x8d, 0x0, 0x8, 0x88, 0x88, 0x88,
    0x88, 0x80, 0x0, 0x0, 0x8d, 0x0, 0x0, 0x11,
    0x11, 0x11, 0x11, 0x0, 0x0, 0x55, 0xbe, 0x55,
    0x40, 0xef, 0xff, 0xff, 0xff, 0x40, 0x1, 0xff,
    0xff, 0xff, 0xc0, 0xeb, 0x44, 0x44, 0x8f, 0x40,
    0x0, 0x33, 0xae, 0x33, 0x20, 0xea, 0x11, 0x11,
    0x5f, 0x40, 0x0, 0x0, 0x8d, 0x0, 0x0, 0xef,
    0xff, 0xff, 0xff, 0x40, 0x0, 0x0, 0x8d, 0x0,
    0x0, 0xec, 0x55, 0x55, 0x8f, 0x40, 0x0, 0x0,
    0x8d, 0x4, 0x50, 0xea, 0x0, 0x0, 0x5f, 0x40,
    0x0, 0x0, 0x8e, 0xcf, 0x60, 0xef, 0xff, 0xff,
    0xff, 0x40, 0x0, 0x0, 0x7f, 0xa2, 0x0, 0xec,
    0x77, 0x77, 0x9f, 0x40, 0x0, 0x0, 0x3, 0x0,
    0x0, 0xea, 0x0, 0x0, 0x5f, 0x40,

    /* U+952E "键" */
    0x0, 0x14, 0x0, 0x0, 0x0, 0x0, 0x0, 0x0,
    0x0, 0x0, 0x5, 0xf2, 0x0, 0x9f, 0xff, 0x10,
    0x4f, 0x20, 0x0, 0x0, 0xae, 0x22, 0x12, 0x4b,
    0xe3, 0xee, 0xfe, 0xee, 0x0, 0xf, 0xff, 0xfb,
    0x0, 0xe9, 0x15, 0x8f, 0x79, 0xf0, 0x5, 0xfa,
    0x99, 0x70, 0x6f, 0x20, 0x4, 0xf2, 0x6f, 0x0,
    0xdc, 0x0, 0x0, 0xd, 0xc1, 0xff, 0xff, 0xff,
    0xff, 0xd, 0x78, 0x88, 0x34, 0xf5, 0x4, 0x47,
    0xf6, 0x8f, 0x40, 0x6, 0xef, 0xc5, 0x8f, 0xba,
    0x4, 0x7f, 0x68, 0xf0, 0x0, 0x9, 0xe0, 0x4,
    0x9c, 0xf3, 0xff, 0xff, 0xfe, 0x0, 0x0, 0x9e,
    0x0, 0x0, 0x9d, 0x0, 0x4f, 0x20, 0x0, 0x0,
    0x9, 0xe0, 0x9, 0x6b, 0xc2, 0x58, 0xf7, 0x55,
    0x0, 0xaf, 0xff, 0xfb, 0xaa, 0xe9, 0x6e, 0xef,
    0xee, 0xe1, 0x3, 0x4a, 0xf4, 0x37, 0xef, 0x60,
    0x4, 0xf2, 0x0, 0x0, 0x0, 0x9e, 0x0, 0x2f,
    0xf3, 0xef, 0xff, 0xff, 0xf9, 0x0, 0x9, 0xe0,
    0x0, 0xde, 0x4, 0x47, 0xf6, 0x44, 0x20, 0x0,
    0x9e, 0x2, 0xf, 0xf3, 0x0, 0x4f, 0x20, 0x0,
    0x0, 0x9, 0xfd, 0x97, 0xfd, 0xe4, 0x2, 0x81,
    0x0, 0x0, 0x0, 0x9f, 0xf7, 0xf8, 0x2d, 0xfd,
    0x98, 0x77, 0x76, 0x0, 0x3, 0xa2, 0x3d, 0x0,
    0x6, 0xbe, 0xff, 0xff, 0x90, 0x0, 0x0, 0x0,
    0x10, 0x0, 0x0, 0x0, 0x0, 0x0,

    /* U+957F "长" */
    0x0, 0x0, 0xdb, 0x0, 0x0, 0x0, 0x9, 0x50,
    0x0, 0x0, 0x0, 0xdb, 0x0, 0x0, 0x0, 0xaf,
    0x90, 0x0, 0x0, 0x0, 0xdb, 0x0, 0x0, 0x1b,
    0xfa, 0x0, 0x0, 0x0, 0x0, 0xdb, 0x0, 0x4,
    0xef, 0x90, 0x0, 0x0, 0x0, 0x0, 0xdb, 0x2,
    0xaf, 0xf5, 0x0, 0x0, 0x0, 0x0, 0x0, 0xdb,
    0x3, 0xfa, 0x10, 0x0, 0x0, 0x0, 0x0, 0x0,
    0xdb, 0x0, 0x20, 0x0, 0x0, 0x0, 0x0, 0xef,
    0xff, 0xff, 0xff, 0xff, 0xff, 0xff, 0xff, 0xf6,
    0x78, 0x88, 0xed, 0x88, 0xbf, 0xa8, 0x88, 0x88,
    0x83, 0x0, 0x0, 0xdb, 0x0, 0x2f, 0xa0, 0x0,
    0x0, 0x0, 0x0, 0x0, 0xdb, 0x0, 0xa, 0xf3,
    0x0, 0x0, 0x0, 0x0, 0x0, 0xdb, 0x0, 0x2,
    0xfd, 0x10, 0x0, 0x0, 0x0, 0x0, 0xdb, 0x0,
    0x0, 0x6f, 0xc0, 0x0, 0x0, 0x0, 0x0, 0xdb,
    0x0, 0x0, 0xa, 0xfd, 0x20, 0x0, 0x0, 0x0,
    0xdb, 0x7, 0xc0, 0x0, 0x9f, 0xf7, 0x0, 0x0,
    0x0, 0xdd, 0xdf, 0x80, 0x0, 0x6, 0xff, 0xe2,
    0x0, 0x0, 0xdf, 0xd3, 0x0, 0x0, 0x0, 0x19,
    0xc0, 0x0, 0x0, 0x55, 0x0, 0x0, 0x0, 0x0,
    0x0, 0x0,

    /* U+95E8 "门" */
    0x0, 0x95, 0x0, 0x0, 0x0, 0x0, 0x0, 0x0,
    0x1, 0xef, 0x10, 0xaf, 0xff, 0xff, 0xff, 0xff,
    0x0, 0x6f, 0x80, 0x46, 0x66, 0x66, 0x66, 0xcf,
    0x0, 0xe, 0x40, 0x0, 0x0, 0x0, 0x0, 0x9f,
    0x74, 0x1, 0x0, 0x0, 0x0, 0x0, 0x0, 0x9f,
    0xf9, 0x0, 0x0, 0x0, 0x0, 0x0, 0x0, 0x9f,
    0xf9, 0x0, 0x0, 0x0, 0x0, 0x0, 0x0, 0x9f,
    0xf9, 0x0, 0x0, 0x0, 0x0, 0x0, 0x0, 0x9f,
    0xf9, 0x0, 0x0, 0x0, 0x0, 0x0, 0x0, 0x9f,
    0xf9, 0x0, 0x0, 0x0, 0x0, 0x0, 0x0, 0x9f,
    0xf9, 0x0, 0x0, 0x0, 0x0, 0x0, 0x0, 0x9f,
    0xf9, 0x0, 0x0, 0x0, 0x0, 0x0, 0x0, 0x9f,
    0xf9, 0x0, 0x0, 0x0, 0x0, 0x0, 0x0, 0x9f,
    0xf9, 0x0, 0x0, 0x0, 0x0, 0x0, 0x0, 0x9f,
    0xf9, 0x0, 0x0, 0x0, 0x0, 0x0, 0x0, 0x9f,
    0xf9, 0x0, 0x0, 0x0, 0x0, 0x0, 0x0, 0x9f,
    0xf9, 0x0, 0x0, 0x0, 0x0, 0x0, 0x0, 0x9f,
    0xf9, 0x0, 0x0, 0x0, 0x0, 0x0, 0x69, 0xed,
    0xf9, 0x0, 0x0, 0x0, 0x0, 0x0, 0x5f, 0xe5,

    /* U+95EE "问" */
    0x0, 0xa4, 0x0, 0x0, 0x0, 0x0, 0x0, 0x0,
    0x1, 0xee, 0x0, 0xaf, 0xff, 0xff, 0xff, 0xff,
    0x0, 0x6f, 0x70, 0x46, 0x66, 0x66, 0x66, 0xcf,
    0x0, 0xe, 0x30, 0x0, 0x0, 0x0, 0x0, 0x9f,
    0x74, 0x1, 0x0, 0x0, 0x0, 0x0, 0x0, 0x9f,
    0xf9, 0x0, 0x0, 0x0, 0x0, 0x0, 0x0, 0x9f,
    0xf9, 0x0, 0x11, 0x11, 0x11, 0x10, 0x0, 0x9f,
    0xf9, 0x0, 0xef, 0xff, 0xff, 0xf8, 0x0, 0x9f,
    0xf9, 0x0, 0xec, 0x66, 0x66, 0xf8, 0x0, 0x9f,
    0xf9, 0x0, 0xea, 0x0, 0x0, 0xf8, 0x0, 0x9f,
    0xf9, 0x0, 0xea, 0x0, 0x0, 0xf8, 0x0, 0x9f,
    0xf9, 0x0, 0xea, 0x0, 0x0, 0xf8, 0x0, 0x9f,
    0xf9, 0x0, 0xeb, 0x22, 0x22, 0xf8, 0x0, 0x9f,
    0xf9, 0x0, 0xef, 0xff, 0xff, 0xf8, 0x0, 0x9f,
    0xf9, 0x0, 0x55, 0x55, 0x55, 0x52, 0x0, 0x9f,
    0xf9, 0x0, 0x0, 0x0, 0x0, 0x0, 0x0, 0x9f,
    0xf9, 0x0, 0x0, 0x0, 0x0, 0x0, 0x0, 0x9f,
    0xf9, 0x0, 0x0, 0x0, 0x0, 0x0, 0x69, 0xed,
    0xf9, 0x0, 0x0, 0x0, 0x0, 0x0, 0x6f, 0xe5,

    /* U+95F4 "间" */
    0x0, 0x95, 0x0, 0x0, 0x0, 0x0, 0x0, 0x0,
    0x1, 0xee, 0x10, 0xaf, 0xff, 0xff, 0xff, 0xff,
    0x0, 0x6f, 0x90, 0x46, 0x66, 0x66, 0x66, 0xcf,
    0x0, 0xe, 0x50, 0x0, 0x0, 0x0, 0x0, 0x9f,
    0x74, 0x1, 0x0, 0x0, 0x0, 0x0, 0x0, 0x9f,
    0xf9, 0x0, 0x0, 0x0, 0x0, 0x0, 0x0, 0x9f,
    0xf9, 0x0, 0x9f, 0xff, 0xff, 0xf8, 0x0, 0x9f,
    0xf9, 0x0, 0x9f, 0x66, 0x66, 0xf8, 0x0, 0x9f,
    0xf9, 0x0, 0x9e, 0x0, 0x0, 0xf8, 0x0, 0x9f,
    0xf9, 0x0, 0x9e, 0x11, 0x11, 0xf8, 0x0, 0x9f,
    0xf9, 0x0, 0x9f, 0xff, 0xff, 0xf8, 0x0, 0x9f,
    0xf9, 0x0, 0x9f, 0x66, 0x66, 0xf8, 0x0, 0x9f,
    0xf9, 0x0, 0x9e, 0x0, 0x0, 0xf8, 0x0, 0x9f,
    0xf9, 0x0, 0x9e, 0x0, 0x0, 0xf8, 0x0, 0x9f,
    0xf9, 0x0, 0x9f, 0xff, 0xff, 0xf8, 0x0, 0x9f,
    0xf9, 0x0, 0x24, 0x44, 0x44, 0x42, 0x0, 0x9f,
    0xf9, 0x0, 0x0, 0x0, 0x0, 0x0, 0x0, 0x9f,
    0xf9, 0x0, 0x0, 0x0, 0x0, 0x0, 0x69, 0xed,
    0xf9, 0x0, 0x0, 0x0, 0x0, 0x0, 0x6f, 0xe5,

    /* U+9608 "阈" */
    0x0, 0x95, 0x0, 0x0, 0x0, 0x0, 0x0, 0x0,
    0x1, 0xee, 0x10, 0xaf, 0xff, 0xff, 0xff, 0xff,
    0x0, 0x6f, 0x80, 0x46, 0x66, 0x66, 0x66, 0xcf,
    0x0, 0xe, 0x40, 0x0, 0x0, 0x2c, 0x20, 0x9f,
    0x74, 0x1, 0x0, 0x0, 0xac, 0xd, 0x90, 0x9f,
    0xf9, 0x0, 0x0, 0x0, 0xac, 0x4, 0x20, 0x9f,
    0xf9, 0x5f, 0xff, 0xff, 0xff, 0xff, 0xf1, 0x9f,
    0xf9, 0x26, 0x66, 0x66, 0xbe, 0x66, 0x60, 0x9f,
    0xf9, 0x3, 0x33, 0x32, 0x7f, 0x5, 0x40, 0x9f,
    0xf9, 0xe, 0xff, 0xf9, 0x5f, 0xc, 0xb0, 0x9f,
    0xf9, 0xe, 0x50, 0xa9, 0x3f, 0x3f, 0x70, 0x9f,
    0xf9, 0xe, 0x85, 0xc9, 0xf, 0xbf, 0x10, 0x9f,
    0xf9, 0xb, 0xcc, 0xc7, 0xb, 0xfb, 0x0, 0x9f,
    0xf9, 0x0, 0x0, 0x35, 0x8, 0xf3, 0x21, 0x9f,
    0xf9, 0x3a, 0xdf, 0xfc, 0x1e, 0xf2, 0xba, 0x9f,
    0xf9, 0x3b, 0x74, 0x1, 0xcd, 0xad, 0xf5, 0x9f,
    0xf9, 0x0, 0x0, 0xa, 0xe2, 0x1b, 0x80, 0x9f,
    0xf9, 0x0, 0x0, 0x3, 0x30, 0x0, 0x69, 0xed,
    0xf9, 0x0, 0x0, 0x0, 0x0, 0x0, 0x6f, 0xe5,

    /* U+961F "队" */
    0x5f, 0xff, 0xff, 0xf4, 0x0, 0xf, 0xa0, 0x0,
    0x0, 0x5, 0xf9, 0x99, 0xcf, 0x30, 0x0, 0xfa,
    0x0, 0x0, 0x0, 0x5f, 0x20, 0xd, 0xd0, 0x0,
    0xf, 0x90, 0x0, 0x0, 0x5, 0xf2, 0x5, 0xf6,
    0x0, 0x0, 0xf9, 0x0, 0x0, 0x0, 0x5f, 0x20,
    0xce, 0x0, 0x0, 0x1f, 0x80, 0x0, 0x0, 0x5,
    0xf2, 0x3f, 0x70, 0x0, 0x2, 0xf7, 0x0, 0x0,
    0x0, 0x5f, 0x26, 0xf6, 0x0, 0x0, 0x3f, 0x70,
    0x0, 0x0, 0x5, 0xf2, 0xb, 0xf1, 0x0, 0x5,
    0xfb, 0x0, 0x0, 0x0, 0x5f, 0x20, 0x2f, 0x70,
    0x0, 0x7f, 0xf0, 0x0, 0x0, 0x5, 0xf2, 0x0,
    0xdb, 0x0, 0xa, 0xff, 0x50, 0x0, 0x0, 0x5f,
    0x20, 0xc, 0xc0, 0x0, 0xec, 0xcb, 0x0, 0x0,
    0x5, 0xf2, 0x11, 0xfa, 0x0, 0x4f, 0x87, 0xf3,
    0x0, 0x0, 0x5f, 0x5f, 0xff, 0x40, 0xb, 0xf2,
    0x1f, 0xb0, 0x0, 0x5, 0xf2, 0x78, 0x30, 0x5,
    0xfa, 0x0, 0x8f, 0x50, 0x0, 0x5f, 0x20, 0x0,
    0x2, 0xee, 0x10, 0x0, 0xef, 0x20, 0x5, 0xf2,
    0x0, 0x1, 0xdf, 0x40, 0x0, 0x4, 0xfd, 0x20,
    0x5f, 0x20, 0x2, 0xef, 0x60, 0x0, 0x0, 0x7,
    0xfd, 0x5, 0xf2, 0x0, 0xc, 0x50, 0x0, 0x0,
    0x0, 0x7, 0x30, 0x0, 0x0, 0x0, 0x0, 0x0,
    0x0, 0x0, 0x0, 0x0, 0x0,

    /* U+9640 "陀" */
    0x0, 0x0, 0x0, 0x0, 0x0, 0x18, 0x30, 0x0,
    0x0, 0x7f, 0xff, 0xff, 0x60, 0x0, 0x2f, 0xa0,
    0x0, 0x0, 0x7f, 0x66, 0x8f, 0x50, 0x0, 0xc,
    0xf0, 0x0, 0x0, 0x7f, 0x0, 0x8f, 0x27, 0x77,
    0x7b, 0xf9, 0x77, 0x74, 0x7f, 0x0, 0xda, 0x3f,
    0xff, 0xff, 0xff, 0xff, 0xf9, 0x7f, 0x2, 0xf4,
    0x3f, 0x60, 0x0, 0x0, 0x0, 0xf9, 0x7f, 0x7,
    0xe0, 0x3f, 0x60, 0x0, 0x0, 0x0, 0xf9, 0x7f,
    0xc, 0xa0, 0x17, 0x34, 0x10, 0x0, 0x0, 0x74,
    0x7f, 0x7, 0xf2, 0x0, 0x1f, 0x70, 0x0, 0x7,
    0x0, 0x7f, 0x0, 0xda, 0x0, 0x1f, 0x70, 0x6,
    0xef, 0x70, 0x7f, 0x0, 0x7f, 0x0, 0x1f, 0x98,
    0xef, 0xd5, 0x0, 0x7f, 0x0, 0x4f, 0x20, 0x1f,
    0xff, 0xb5, 0x0, 0x0, 0x7f, 0x0, 0x4f, 0x10,
    0x1f, 0xa1, 0x0, 0x0, 0x0, 0x7f, 0x47, 0xce,
    0x0, 0x1f, 0x70, 0x0, 0x0, 0x53, 0x7f, 0x4f,
    0xe5, 0x0, 0x1f, 0x70, 0x0, 0x0, 0xbf, 0x7f,
    0x0, 0x0, 0x0, 0x1f, 0x70, 0x0, 0x0, 0xcd,
    0x7f, 0x0, 0x0, 0x0, 0x1f, 0x80, 0x0, 0x1,
    0xfb, 0x7f, 0x0, 0x0, 0x0, 0xf, 0xfb, 0xaa,
    0xbe, 0xf6, 0x7f, 0x0, 0x0, 0x0, 0x6, 0xdf,
    0xff, 0xfd, 0x80,

    /* U+9644 "附" */
    0x0, 0x0, 0x0, 0x0, 0x0, 0x0, 0x0, 0x0,
    0x0, 0x7f, 0xff, 0xff, 0x60, 0x6f, 0x0, 0x0,
    0xe, 0xa0, 0x7f, 0x66, 0x8f, 0x50, 0x9b, 0x0,
    0x0, 0xe, 0xa0, 0x7f, 0x0, 0x8f, 0x0, 0xd8,
    0x0, 0x0, 0xe, 0xa0, 0x7f, 0x0, 0xda, 0x1,
    0xf4, 0x1, 0x11, 0x1e, 0xb1, 0x7f, 0x2, 0xf4,
    0x6, 0xf2, 0x5f, 0xff, 0xff, 0xff, 0x7f, 0x7,
    0xe0, 0xc, 0xf2, 0x26, 0x66, 0x6f, 0xc5, 0x7f,
    0xc, 0xa0, 0x2f, 0xf2, 0x0, 0x10, 0xe, 0xa0,
    0x7f, 0x7, 0xf2, 0x8f, 0xf2, 0xd, 0x80, 0xe,
    0xa0, 0x7f, 0x0, 0xda, 0x7c, 0xf2, 0xb, 0xf0,
    0xe, 0xa0, 0x7f, 0x0, 0x7f, 0x15, 0xf2, 0x4,
    0xf6, 0xe, 0xa0, 0x7f, 0x0, 0x4f, 0x24, 0xf2,
    0x0, 0xeb, 0xe, 0xa0, 0x7f, 0x0, 0x4f, 0x14,
    0xf2, 0x0, 0xaf, 0xe, 0xa0, 0x7f, 0x47, 0xce,
    0x4, 0xf2, 0x0, 0x32, 0xe, 0xa0, 0x7f, 0x4f,
    0xe5, 0x4, 0xf2, 0x0, 0x0, 0xe, 0xa0, 0x7f,
    0x0, 0x0, 0x4, 0xf2, 0x0, 0x0, 0xe, 0xa0,
    0x7f, 0x0, 0x0, 0x4, 0xf2, 0x0, 0x0, 0xe,
    0xa0, 0x7f, 0x0, 0x0, 0x4, 0xf2, 0x0, 0x1a,
    0xaf, 0x90, 0x7f, 0x0, 0x0, 0x4, 0xf2, 0x0,
    0xd, 0xfd, 0x20,

    /* U+964D "降" */
    0x0, 0x0, 0x0, 0x0, 0x2, 0xa3, 0x0, 0x0,
    0x0, 0x7f, 0xff, 0xff, 0x60, 0x9, 0xf3, 0x0,
    0x0, 0x0, 0x7f, 0x66, 0x8f, 0x50, 0x2f, 0xfe,
    0xee, 0xee, 0x60, 0x7f, 0x0, 0x7f, 0x10, 0xbf,
    0x65, 0x55, 0xcf, 0x30, 0x7f, 0x0, 0xda, 0x7,
    0xff, 0xa0, 0x4, 0xfa, 0x0, 0x7f, 0x2, 0xf5,
    0x4f, 0xa6, 0xfb, 0x5f, 0xd1, 0x0, 0x7f, 0x7,
    0xf0, 0x7, 0x0, 0x7f, 0xff, 0x40, 0x0, 0x7f,
    0xc, 0xa0, 0x0, 0x39, 0xff, 0xdf, 0xfc, 0x72,
    0x7f, 0x8, 0xf1, 0x2e, 0xff, 0xa2, 0x4, 0xaf,
    0xfb, 0x7f, 0x0, 0xd9, 0x6, 0x40, 0x0, 0x8f,
    0x10, 0x32, 0x7f, 0x0, 0x7f, 0xa, 0xff, 0xff,
    0xff, 0xff, 0xf1, 0x7f, 0x0, 0x4f, 0x25, 0x98,
    0x88, 0xcf, 0x88, 0x80, 0x7f, 0x0, 0x4f, 0x12,
    0xf6, 0x0, 0x8f, 0x10, 0x0, 0x7f, 0x5a, 0xdd,
    0xb, 0xf1, 0x0, 0x8f, 0x10, 0x0, 0x7f, 0x3c,
    0xb3, 0xf, 0xff, 0xff, 0xff, 0xff, 0xf7, 0x7f,
    0x0, 0x0, 0x5, 0x77, 0x77, 0xbf, 0x77, 0x73,
    0x7f, 0x0, 0x0, 0x0, 0x0, 0x0, 0x8f, 0x10,
    0x0, 0x7f, 0x0, 0x0, 0x0, 0x0, 0x0, 0x8f,
    0x10, 0x0, 0x7f, 0x0, 0x0, 0x0, 0x0, 0x0,
    0x8f, 0x10, 0x0,

    /* U+9664 "除" */
    0x0, 0x0, 0x0, 0x0, 0x0, 0xa, 0x40, 0x0,
    0x0, 0x9, 0xff, 0xff, 0x90, 0x0, 0x8, 0xfa,
    0x0, 0x0, 0x0, 0x9f, 0x55, 0xf8, 0x0, 0x2,
    0xfe, 0xf7, 0x0, 0x0, 0x9, 0xe0, 0x4f, 0x30,
    0x0, 0xdf, 0x2b, 0xf7, 0x0, 0x0, 0x9e, 0xa,
    0xd0, 0x0, 0xbf, 0x50, 0xc, 0xf9, 0x0, 0x9,
    0xe0, 0xf8, 0x0, 0xbf, 0x80, 0x0, 0xc, 0xfc,
    0x20, 0x9e, 0x4f, 0x21, 0xcf, 0x94, 0x55, 0x55,
    0x4a, 0xfd, 0x9, 0xe9, 0xf0, 0xb, 0x60, 0xff,
    0xff, 0xfb, 0x6, 0x50, 0x9e, 0x2f, 0x80, 0x0,
    0x1, 0x1f, 0x91, 0x10, 0x0, 0x9, 0xe0, 0x9e,
    0x0, 0x0, 0x0, 0xf8, 0x0, 0x0, 0x0, 0x9e,
    0x3, 0xf6, 0xff, 0xff, 0xff, 0xff, 0xff, 0xf5,
    0x9, 0xe0, 0xf, 0x88, 0x88, 0x88, 0xfc, 0x88,
    0x88, 0x30, 0x9e, 0x0, 0xf7, 0x0, 0x50, 0xf,
    0x80, 0x11, 0x0, 0x9, 0xe4, 0x7f, 0x50, 0x7f,
    0x50, 0xf8, 0x1e, 0xc0, 0x0, 0x9e, 0x9f, 0xb0,
    0x2f, 0xd0, 0xf, 0x80, 0x6f, 0x90, 0x9, 0xe0,
    0x10, 0x1d, 0xf3, 0x0, 0xf8, 0x0, 0x9f, 0x40,
    0x9e, 0x0, 0xb, 0xf8, 0x0, 0xf, 0x80, 0x0,
    0xee, 0x9, 0xe0, 0x0, 0x29, 0x5, 0xcc, 0xf7,
    0x0, 0x5, 0x70, 0x9e, 0x0, 0x0, 0x0, 0x3d,
    0xeb, 0x10, 0x0, 0x0, 0x0,

    /* U+968F "随" */
    0x0, 0x0, 0x0, 0x0, 0x0, 0x0, 0x27, 0x10,
    0x0, 0x9, 0xff, 0xff, 0x94, 0xb0, 0x0, 0x8,
    0xf1, 0x0, 0x0, 0x9f, 0x55, 0xf8, 0x4f, 0x30,
    0x0, 0xec, 0x0, 0x0, 0x9, 0xe0, 0x4f, 0x20,
    0xe8, 0x6f, 0xff, 0xff, 0xff, 0xb0, 0x9e, 0xa,
    0xd0, 0xb, 0xa2, 0x7f, 0xd6, 0x66, 0x64, 0x9,
    0xe0, 0xf7, 0x0, 0x0, 0xc, 0xf3, 0x0, 0x0,
    0x0, 0x9e, 0x5f, 0x20, 0x0, 0xa, 0xff, 0xff,
    0xff, 0xf7, 0x9, 0xe9, 0xf1, 0x3, 0x66, 0xba,
    0xf9, 0x66, 0x6f, 0x70, 0x9e, 0x1f, 0x80, 0xaf,
    0xf1, 0x1f, 0x50, 0x0, 0xf7, 0x9, 0xe0, 0x9f,
    0x1, 0x5f, 0x1, 0xff, 0xff, 0xff, 0x70, 0x9e,
    0x3, 0xf4, 0x4, 0xf0, 0x1f, 0x73, 0x33, 0xf7,
    0x9, 0xe0, 0xf, 0x70, 0x4f, 0x1, 0xf9, 0x66,
    0x6f, 0x70, 0x9e, 0x0, 0xf7, 0x4, 0xf0, 0x1f,
    0xff, 0xff, 0xf7, 0x9, 0xe3, 0x6f, 0x40, 0x4f,
    0x1, 0xf5, 0x0, 0xf, 0x70, 0x9e, 0x9f, 0xb0,
    0x4, 0xf0, 0x1f, 0x50, 0x44, 0xf7, 0x9, 0xe0,
    0x10, 0x0, 0x4f, 0x11, 0xf5, 0xc, 0xfe, 0x20,
    0x9e, 0x0, 0x0, 0x2d, 0xfc, 0x21, 0x0, 0x1,
    0x0, 0x9, 0xe0, 0x0, 0x1f, 0xd1, 0xcf, 0xca,
    0xa9, 0x99, 0x80, 0x9e, 0x0, 0x0, 0x92, 0x0,
    0x6c, 0xef, 0xff, 0xf9, 0x0,

    /* U+96C6 "集" */
    0x0, 0x0, 0x0, 0x0, 0x0, 0x0, 0x0, 0x0,
    0x0, 0x0, 0x0, 0x6, 0xd2, 0x0, 0x6c, 0x0,
    0x0, 0x0, 0x0, 0x0, 0x2, 0xef, 0x66, 0x68,
    0xf9, 0x66, 0x66, 0x66, 0x0, 0x1, 0xdf, 0xff,
    0xff, 0xff, 0xff, 0xff, 0xff, 0xe0, 0x1, 0xcf,
    0xf1, 0x11, 0x12, 0xf8, 0x11, 0x11, 0x10, 0x0,
    0xdf, 0xdf, 0xff, 0xff, 0xff, 0xff, 0xff, 0xff,
    0x0, 0x9, 0x39, 0xf0, 0x0, 0x1, 0xf7, 0x0,
    0x0, 0x0, 0x0, 0x0, 0x9f, 0xff, 0xff, 0xff,
    0xff, 0xff, 0xfe, 0x0, 0x0, 0x9, 0xf3, 0x33,
    0x34, 0xf9, 0x33, 0x33, 0x30, 0x0, 0x0, 0x9f,
    0x66, 0x66, 0x6f, 0xa6, 0x66, 0x66, 0x61, 0x0,
    0x9, 0xff, 0xff, 0xff, 0xff, 0xff, 0xff, 0xff,
    0x30, 0x0, 0x6b, 0x0, 0x0, 0x75, 0x0, 0x0,
    0x0, 0x0, 0x5, 0x66, 0x66, 0x66, 0x6e, 0xc6,
    0x66, 0x66, 0x66, 0x20, 0xdf, 0xff, 0xff, 0xff,
    0xff, 0xff, 0xff, 0xff, 0xf5, 0x0, 0x0, 0x0,
    0x5e, 0xce, 0xde, 0xb1, 0x0, 0x0, 0x0, 0x0,
    0x5, 0xcf, 0x90, 0xeb, 0x1c, 0xf9, 0x20, 0x0,
    0x3, 0x8e, 0xfc, 0x30, 0xe, 0xb0, 0x7, 0xff,
    0xd8, 0x30, 0xdf, 0xc5, 0x0, 0x0, 0xeb, 0x0,
    0x1, 0x7e, 0xf9, 0x2, 0x20, 0x0, 0x0, 0xe,
    0xb0, 0x0, 0x0, 0x4, 0x20,

    /* U+96F6 "零" */
    0xc, 0xff, 0xff, 0xff, 0xff, 0xff, 0xff, 0xff,
    0xc0, 0x4, 0x55, 0x55, 0x55, 0xaf, 0x55, 0x55,
    0x55, 0x40, 0x9e, 0xee, 0xee, 0xee, 0xff, 0xee,
    0xee, 0xee, 0xe9, 0xaf, 0x77, 0x77, 0x77, 0xbf,
    0x77, 0x77, 0x77, 0xfa, 0xae, 0x15, 0x55, 0x53,
    0x8f, 0x15, 0x55, 0x52, 0xea, 0x69, 0x2d, 0xdd,
    0xd9, 0x8f, 0x4d, 0xdd, 0xd6, 0xa7, 0x0, 0x15,
    0x55, 0x53, 0x8f, 0x26, 0x66, 0x62, 0x0, 0x0,
    0x3d, 0xdd, 0xd8, 0x35, 0x3d, 0xdd, 0xd5, 0x0,
    0x0, 0x0, 0x0, 0x5, 0xef, 0x50, 0x0, 0x0,
    0x0, 0x0, 0x0, 0x5, 0xdf, 0xac, 0xfc, 0x50,
    0x0, 0x0, 0x0, 0x28, 0xef, 0xb3, 0xbb, 0x4b,
    0xfe, 0x95, 0x0, 0x6d, 0xff, 0x93, 0x0, 0x48,
    0x0, 0x39, 0xef, 0xf7, 0x3b, 0x65, 0xff, 0xff,
    0xff, 0xff, 0xfd, 0x4, 0x91, 0x0, 0x2, 0x66,
    0x66, 0x66, 0x6c, 0xfa, 0x0, 0x0, 0x0, 0x0,
    0x0, 0x66, 0x0, 0x9f, 0xb0, 0x0, 0x0, 0x0,
    0x0, 0x1, 0x9f, 0xfd, 0xf9, 0x0, 0x0, 0x0,
    0x0, 0x0, 0x0, 0x1, 0x7e, 0xfc, 0x40, 0x0,
    0x0, 0x0, 0x0, 0x0, 0x0, 0x0, 0x6d, 0x30,
    0x0, 0x0, 0x0, 0x0, 0x0, 0x0, 0x0, 0x0,
    0x0, 0x0, 0x0,

    /* U+9700 "需" */
    0xc, 0xff, 0xff, 0xff, 0xff, 0xff, 0xff, 0xff,
    0xd0, 0x4, 0x55, 0x55, 0x55, 0xdd, 0x55, 0x55,
    0x55, 0x40, 0x47, 0x77, 0x77, 0x77, 0xde, 0x77,
    0x77, 0x77, 0x75, 0xaf, 0xff, 0xff, 0xff, 0xff,
    0xff, 0xff, 0xff, 0xfb, 0xae, 0x1, 0x11, 0x10,
    0xcd, 0x1, 0x11, 0x10, 0xdb, 0xae, 0x4f, 0xff,
    0xf7, 0xcd, 0x6f, 0xff, 0xf5, 0xdb, 0x45, 0x2,
    0x22, 0x21, 0xcd, 0x12, 0x22, 0x20, 0x65, 0x0,
    0x5f, 0xff, 0xf5, 0xcd, 0x7f, 0xff, 0xf4, 0x0,
    0x0, 0x1, 0x11, 0x10, 0x33, 0x1, 0x11, 0x10,
    0x0, 0x3f, 0xff, 0xff, 0xff, 0xff, 0xff, 0xff,
    0xff, 0xf4, 0x16, 0x66, 0x66, 0x6a, 0xf7, 0x66,
    0x66, 0x66, 0x61, 0x0, 0x11, 0x11, 0x1a, 0xd1,
    0x11, 0x11, 0x11, 0x0, 0x7, 0xff, 0xff, 0xff,
    0xff, 0xff, 0xff, 0xff, 0x90, 0x7, 0xf4, 0x33,
    0xfa, 0x33, 0x9f, 0x43, 0x3f, 0x90, 0x7, 0xf1,
    0x0, 0xf8, 0x0, 0x7f, 0x10, 0xf, 0x90, 0x7,
    0xf1, 0x0, 0xf8, 0x0, 0x7f, 0x10, 0xf, 0x90,
    0x7, 0xf1, 0x0, 0xf8, 0x0, 0x7f, 0x15, 0x6f,
    0x90, 0x6, 0xd1, 0x0, 0xf8, 0x0, 0x7f, 0x1a,
    0xfd, 0x20,

    /* U+9759 "静" */
    0x0, 0x0, 0x0, 0x0, 0x0, 0x0, 0x0, 0x0,
    0x0, 0x0, 0xef, 0xff, 0xff, 0xff, 0x40, 0x7f,
    0x88, 0x87, 0x0, 0x4, 0x55, 0xaf, 0x55, 0x51,
    0x1f, 0xff, 0xff, 0xd0, 0x0, 0x0, 0x7, 0xf0,
    0x0, 0xc, 0xb1, 0x16, 0xfb, 0x0, 0x4, 0xff,
    0xff, 0xff, 0xca, 0xf2, 0x0, 0xcf, 0x40, 0x0,
    0x14, 0x4a, 0xf4, 0x43, 0x78, 0xbb, 0xbf, 0xfb,
    0xb0, 0x6, 0x66, 0xaf, 0x66, 0x62, 0x3f, 0xff,
    0xff, 0xff, 0x10, 0xff, 0xff, 0xff, 0xff, 0x50,
    0x0, 0xe7, 0x7, 0xf1, 0x0, 0x11, 0x11, 0x11,
    0x10, 0x0, 0xe, 0x70, 0x7f, 0x10, 0x4f, 0xff,
    0xff, 0xfc, 0x8f, 0xff, 0xff, 0xff, 0xfd, 0x4,
    0xf5, 0x33, 0x3b, 0xc4, 0x88, 0x8f, 0xc8, 0xcf,
    0x70, 0x4f, 0x74, 0x44, 0xcc, 0x0, 0x0, 0xe7,
    0x7, 0xf1, 0x4, 0xff, 0xff, 0xff, 0xc0, 0x23,
    0x3f, 0x93, 0x9f, 0x10, 0x4f, 0x30, 0x0, 0xac,
    0xa, 0xff, 0xff, 0xff, 0xf1, 0x4, 0xff, 0xff,
    0xff, 0xc0, 0x0, 0xe, 0x80, 0x7f, 0x10, 0x4f,
    0x86, 0x66, 0xcc, 0x0, 0x0, 0xe7, 0x0, 0x0,
    0x4, 0xf3, 0x0, 0xa, 0xc0, 0x0, 0xe, 0x70,
    0x0, 0x0, 0x4f, 0x30, 0x57, 0xeb, 0x0, 0x68,
    0xf7, 0x0, 0x0, 0x4, 0xe2, 0x6, 0xfe, 0x40,
    0x7, 0xfd, 0x10, 0x0, 0x0,

    /* U+975E "非" */
    0x0, 0x0, 0x0, 0xf9, 0x0, 0xea, 0x0, 0x0,
    0x0, 0x0, 0x0, 0x0, 0xf9, 0x0, 0xea, 0x0,
    0x0, 0x0, 0x2, 0x22, 0x22, 0xf9, 0x0, 0xea,
    0x22, 0x22, 0x20, 0xf, 0xff, 0xff, 0xf9, 0x0,
    0xef, 0xff, 0xff, 0xf3, 0x5, 0x55, 0x55, 0xf9,
    0x0, 0xec, 0x55, 0x55, 0x51, 0x0, 0x0, 0x0,
    0xf9, 0x0, 0xea, 0x0, 0x0, 0x0, 0x0, 0x0,
    0x0, 0xf9, 0x0, 0xea, 0x0, 0x0, 0x0, 0x5,
    0x55, 0x55, 0xf9, 0x0, 0xec, 0x55, 0x55, 0x20,
    0xf, 0xff, 0xff, 0xf9, 0x0, 0xef, 0xff, 0xff,
    0x70, 0x2, 0x22, 0x22, 0xf9, 0x0, 0xea, 0x22,
    0x22, 0x0, 0x0, 0x0, 0x0, 0xf9, 0x0, 0xea,
    0x0, 0x0, 0x0, 0x0, 0x0, 0x0, 0xf9, 0x0,
    0xea, 0x0, 0x0, 0x0, 0x88, 0x88, 0x88, 0xf9,
    0x0, 0xed, 0x88, 0x88, 0x86, 0xff, 0xff, 0xff,
    0xf9, 0x0, 0xef, 0xff, 0xff, 0xfc, 0x0, 0x0,
    0x0, 0xf9, 0x0, 0xea, 0x0, 0x0, 0x0, 0x0,
    0x0, 0x0, 0xf9, 0x0, 0xea, 0x0, 0x0, 0x0,
    0x0, 0x0, 0x0, 0xf9, 0x0, 0xea, 0x0, 0x0,
    0x0, 0x0, 0x0, 0x0, 0xf9, 0x0, 0xea, 0x0,
    0x0, 0x0, 0x0, 0x0, 0x0, 0x0, 0x0, 0x10,
    0x0, 0x0, 0x0,

    /* U+9760 "靠" */
    0x0, 0x0, 0x0, 0x0, 0x0, 0x0, 0x0, 0x0,
    0x0, 0x0, 0xb, 0xb1, 0x11, 0xdb, 0x11, 0x11,
    0x11, 0x0, 0x1, 0xcf, 0xff, 0xff, 0xff, 0xff,
    0xff, 0xff, 0xa0, 0x7, 0xd4, 0x44, 0x44, 0xec,
    0x44, 0x44, 0x44, 0x20, 0x56, 0x66, 0x66, 0x66,
    0xed, 0x66, 0x66, 0x66, 0x65, 0xff, 0xff, 0xff,
    0xff, 0xff, 0xff, 0xff, 0xff, 0xfd, 0x0, 0x34,
    0x44, 0x44, 0x44, 0x44, 0x44, 0x43, 0x0, 0x0,
    0xff, 0xee, 0xee, 0xee, 0xee, 0xee, 0xfe, 0x0,
    0x0, 0xfa, 0x33, 0x33, 0x33, 0x33, 0x33, 0xbe,
    0x0, 0x0, 0xef, 0xff, 0xff, 0xff, 0xff, 0xff,
    0xfd, 0x0, 0x0, 0x0, 0x0, 0xaa, 0x0, 0xda,
    0x0, 0x0, 0x0, 0x9f, 0xff, 0xff, 0xfa, 0x0,
    0xdf, 0xff, 0xff, 0xf7, 0x24, 0x44, 0x44, 0xca,
    0x0, 0xdc, 0x44, 0x44, 0x42, 0x3, 0x44, 0x44,
    0xca, 0x0, 0xdc, 0x66, 0x66, 0x30, 0xc, 0xff,
    0xff, 0xfa, 0x0, 0xdf, 0xee, 0xee, 0x90, 0x0,
    0x0, 0x0, 0xaa, 0x0, 0xda, 0x0, 0x0, 0x0,
    0xaf, 0xff, 0xff, 0xfa, 0x0, 0xdf, 0xff, 0xff,
    0xfa, 0x35, 0x55, 0x55, 0xca, 0x0, 0xdc, 0x55,
    0x55, 0x53, 0x0, 0x0, 0x0, 0xaa, 0x0, 0xda,
    0x0, 0x0, 0x0,

    /* U+9762 "面" */
    0xff, 0xff, 0xff, 0xff, 0xff, 0xff, 0xff, 0xff,
    0xfe, 0x77, 0x77, 0x77, 0x7b, 0xf9, 0x77, 0x77,
    0x77, 0x77, 0x0, 0x0, 0x0, 0x9, 0xe0, 0x0,
    0x0, 0x0, 0x0, 0x0, 0x0, 0x0, 0xe, 0xa0,
    0x0, 0x0, 0x0, 0x0, 0x6, 0x88, 0x88, 0x9f,
    0xb8, 0x88, 0x88, 0x88, 0x50, 0xd, 0xff, 0xff,
    0xff, 0xff, 0xff, 0xff, 0xff, 0xa0, 0xd, 0xc0,
    0x5, 0xf2, 0x0, 0x4f, 0x30, 0xe, 0xa0, 0xd,
    0xc0, 0x5, 0xf2, 0x0, 0x4f, 0x30, 0xe, 0xa0,
    0xd, 0xc0, 0x5, 0xff, 0xff, 0xff, 0x30, 0xe,
    0xa0, 0xd, 0xc0, 0x5, 0xf9, 0x88, 0xaf, 0x30,
    0xe, 0xa0, 0xd, 0xc0, 0x5, 0xf2, 0x0, 0x4f,
    0x30, 0xe, 0xa0, 0xd, 0xc0, 0x5, 0xf7, 0x66,
    0x8f, 0x30, 0xe, 0xa0, 0xd, 0xc0, 0x5, 0xff,
    0xff, 0xff, 0x30, 0xe, 0xa0, 0xd, 0xc0, 0x5,
    0xf2, 0x0, 0x4f, 0x30, 0xe, 0xa0, 0xd, 0xc0,
    0x5, 0xf2, 0x0, 0x4f, 0x30, 0xe, 0xa0, 0xd,
    0xd7, 0x7a, 0xf8, 0x77, 0xaf, 0x97, 0x7f, 0xa0,
    0xd, 0xfe, 0xee, 0xee, 0xee, 0xee, 0xee, 0xef,
    0xa0, 0xd, 0xc0, 0x0, 0x0, 0x0, 0x0, 0x0,
    0xe, 0xa0,

    /* U+97F3 "音" */
    0x0, 0x0, 0x0, 0x1, 0x51, 0x0, 0x0, 0x0,
    0x0, 0x0, 0x0, 0x0, 0x4, 0xf8, 0x0, 0x0,
    0x0, 0x0, 0xd, 0xff, 0xff, 0xff, 0xff, 0xff,
    0xff, 0xff, 0xd0, 0x7, 0x88, 0x88, 0x88, 0x88,
    0x88, 0x98, 0x88, 0x70, 0x0, 0x0, 0xcd, 0x0,
    0x0, 0x0, 0xeb, 0x0, 0x0, 0x0, 0x0, 0x8f,
    0x50, 0x0, 0x6, 0xf8, 0x0, 0x0, 0x45, 0x55,
    0x6f, 0xb5, 0x55, 0x5d, 0xf5, 0x55, 0x54, 0xff,
    0xff, 0xff, 0xff, 0xff, 0xff, 0xff, 0xff, 0xff,
    0x22, 0x22, 0x22, 0x22, 0x22, 0x22, 0x22, 0x22,
    0x22, 0x0, 0x36, 0x66, 0x66, 0x66, 0x66, 0x66,
    0x61, 0x0, 0x0, 0x7f, 0xff, 0xff, 0xff, 0xff,
    0xff, 0xf4, 0x0, 0x0, 0x7f, 0x21, 0x11, 0x11,
    0x11, 0x15, 0xf4, 0x0, 0x0, 0x7f, 0x10, 0x0,
    0x0, 0x0, 0x5, 0xf4, 0x0, 0x0, 0x7f, 0xff,
    0xff, 0xff, 0xff, 0xff, 0xf4, 0x0, 0x0, 0x7f,
    0x76, 0x66, 0x66, 0x66, 0x69, 0xf4, 0x0, 0x0,
    0x7f, 0x10, 0x0, 0x0, 0x0, 0x5, 0xf4, 0x0,
    0x0, 0x7f, 0x98, 0x88, 0x88, 0x88, 0x8a, 0xf4,
    0x0, 0x0, 0x7f, 0xff, 0xff, 0xff, 0xff, 0xff,
    0xf4, 0x0, 0x0, 0x7f, 0x10, 0x0, 0x0, 0x0,
    0x5, 0xf4, 0x0,

    /* U+9875 "页" */
    0x2f, 0xff, 0xff, 0xff, 0xff, 0xff, 0xff, 0xff,
    0xf3, 0x7, 0x77, 0x77, 0x77, 0xfe, 0x77, 0x77,
    0x77, 0x71, 0x0, 0x0, 0x0, 0x2, 0xf9, 0x0,
    0x0, 0x0, 0x0, 0x0, 0x0, 0x0, 0x7, 0xf5,
    0x0, 0x0, 0x0, 0x0, 0x0, 0x6f, 0xff, 0xff,
    0xff, 0xff, 0xff, 0xf7, 0x0, 0x0, 0x6f, 0x98,
    0x88, 0x88, 0x88, 0x88, 0xf7, 0x0, 0x0, 0x6f,
    0x20, 0x0, 0x10, 0x0, 0x1, 0xf7, 0x0, 0x0,
    0x6f, 0x20, 0x0, 0xdb, 0x0, 0x1, 0xf7, 0x0,
    0x0, 0x6f, 0x20, 0x0, 0xda, 0x0, 0x1, 0xf7,
    0x0, 0x0, 0x6f, 0x20, 0x0, 0xea, 0x0, 0x1,
    0xf7, 0x0, 0x0, 0x6f, 0x20, 0x0, 0xf8, 0x0,
    0x1, 0xf7, 0x0, 0x0, 0x6f, 0x20, 0x2, 0xf7,
    0x0, 0x1, 0xf7, 0x0, 0x0, 0x6f, 0x20, 0x8,
    0xf3, 0x0, 0x1, 0xf7, 0x0, 0x0, 0x4a, 0x10,
    0x3f, 0xb0, 0x26, 0x0, 0xa4, 0x0, 0x0, 0x0,
    0x4, 0xee, 0x10, 0xaf, 0xe8, 0x10, 0x0, 0x0,
    0x4, 0xbf, 0xc1, 0x0, 0x3, 0xaf, 0xf8, 0x10,
    0x4a, 0xef, 0xd6, 0x0, 0x0, 0x0, 0x2, 0xbf,
    0xe4, 0x2d, 0x94, 0x0, 0x0, 0x0, 0x0, 0x0,
    0x4, 0xb0,

    /* U+9876 "顶" */
    0xff, 0xff, 0xff, 0xbc, 0xff, 0xff, 0xff, 0xff,
    0xf9, 0x77, 0xaf, 0x97, 0x55, 0x66, 0x6b, 0xf6,
    0x66, 0x63, 0x0, 0x5f, 0x30, 0x0, 0x0, 0xa,
    0xe0, 0x0, 0x0, 0x0, 0x5f, 0x30, 0x0, 0x67,
    0x7e, 0xe7, 0x77, 0x70, 0x0, 0x5f, 0x30, 0x0,
    0xff, 0xff, 0xff, 0xff, 0xf0, 0x0, 0x5f, 0x30,
    0x0, 0xf8, 0x0, 0x0, 0x8, 0xf0, 0x0, 0x5f,
    0x30, 0x0, 0xf8, 0x1, 0x61, 0x8, 0xf0, 0x0,
    0x5f, 0x30, 0x0, 0xf8, 0x4, 0xf3, 0x8, 0xf0,
    0x0, 0x5f, 0x30, 0x0, 0xf8, 0x4, 0xf3, 0x8,
    0xf0, 0x0, 0x5f, 0x30, 0x0, 0xf8, 0x5, 0xf2,
    0x8, 0xf0, 0x0, 0x5f, 0x30, 0x0, 0xf8, 0x6,
    0xf2, 0x8, 0xf0, 0x0, 0x5f, 0x30, 0x0, 0xf8,
    0x8, 0xf1, 0x8, 0xf0, 0x0, 0x5f, 0x30, 0x0,
    0xf8, 0xc, 0xe0, 0x8, 0xf0, 0x0, 0x5f, 0x30,
    0x0, 0xb6, 0x3f, 0x92, 0x15, 0xa0, 0x0, 0x5f,
    0x30, 0x0, 0x1, 0xef, 0x3e, 0xd3, 0x0, 0x0,
    0x5f, 0x30, 0x0, 0x5e, 0xf5, 0x3, 0xef, 0x50,
    0x89, 0xbf, 0x30, 0x5c, 0xfe, 0x40, 0x0, 0x2d,
    0xf8, 0x7e, 0xfb, 0x0, 0x4e, 0x81, 0x0, 0x0,
    0x1, 0xc5, 0x0, 0x0, 0x0, 0x0, 0x0, 0x0,
    0x0, 0x0, 0x0,

    /* U+9879 "项" */
    0x0, 0x0, 0x0, 0x1f, 0xff, 0xff, 0xff, 0xff,
    0xfc, 0xa, 0xee, 0xee, 0xd0, 0x66, 0x66, 0xcf,
    0x66, 0x66, 0x50, 0xcf, 0xff, 0xff, 0x0, 0x0,
    0xb, 0xd0, 0x0, 0x0, 0x0, 0xa, 0xe0, 0x0,
    0x27, 0x77, 0xed, 0x77, 0x77, 0x10, 0x0, 0xae,
    0x0, 0x4, 0xff, 0xff, 0xff, 0xff, 0xf2, 0x0,
    0xa, 0xe0, 0x0, 0x4f, 0x30, 0x0, 0x0, 0x6f,
    0x20, 0x0, 0xae, 0x0, 0x4, 0xf3, 0x2, 0x61,
    0x6, 0xf2, 0x0, 0xa, 0xe0, 0x0, 0x4f, 0x30,
    0x5f, 0x20, 0x6f, 0x20, 0x0, 0xae, 0x0, 0x4,
    0xf3, 0x6, 0xf2, 0x6, 0xf2, 0x0, 0xa, 0xe0,
    0x0, 0x4f, 0x30, 0x6f, 0x10, 0x6f, 0x20, 0x0,
    0xae, 0x0, 0x4, 0xf3, 0x7, 0xf1, 0x6, 0xf2,
    0x0, 0xa, 0xe0, 0x0, 0x4f, 0x30, 0x9f, 0x0,
    0x6f, 0x20, 0x0, 0xae, 0x3a, 0x14, 0xf3, 0xd,
    0xc0, 0x6, 0xf2, 0x1, 0x5d, 0xff, 0xd2, 0x3c,
    0x27, 0xf5, 0x31, 0x4b, 0x10, 0xcf, 0xe9, 0x30,
    0x0, 0x5, 0xfc, 0x1e, 0xe3, 0x0, 0x4, 0x30,
    0x0, 0x0, 0x2a, 0xfd, 0x10, 0x1c, 0xf8, 0x0,
    0x0, 0x0, 0x0, 0xaf, 0xf9, 0x0, 0x0, 0x9,
    0xfc, 0x0, 0x0, 0x0, 0x8, 0xa3, 0x0, 0x0,
    0x0, 0x7, 0x60,

    /* U+987A "顺" */
    0x2, 0xf4, 0x7f, 0xe, 0x70, 0xef, 0xff, 0xff,
    0xff, 0x90, 0x2f, 0x47, 0xf0, 0xe7, 0x5, 0x66,
    0xcf, 0x66, 0x63, 0x2, 0xf4, 0x7f, 0xe, 0x70,
    0x0, 0xa, 0xe0, 0x0, 0x0, 0x2f, 0x47, 0xf0,
    0xe7, 0x2, 0x77, 0xde, 0x77, 0x70, 0x2, 0xf4,
    0x7f, 0xe, 0x70, 0x4f, 0xff, 0xff, 0xff, 0x0,
    0x2f, 0x47, 0xf0, 0xe7, 0x4, 0xf4, 0x0, 0x7,
    0xf0, 0x2, 0xf4, 0x7f, 0xe, 0x70, 0x4f, 0x42,
    0x60, 0x7f, 0x0, 0x2f, 0x47, 0xf0, 0xe7, 0x4,
    0xf4, 0x5f, 0x27, 0xf0, 0x2, 0xf4, 0x7f, 0xe,
    0x70, 0x4f, 0x46, 0xf1, 0x7f, 0x0, 0x2f, 0x47,
    0xf0, 0xe7, 0x4, 0xf4, 0x6f, 0x17, 0xf0, 0x2,
    0xf3, 0x7f, 0xe, 0x70, 0x4f, 0x47, 0xf0, 0x7f,
    0x0, 0x4f, 0x37, 0xf0, 0xe7, 0x4, 0xf4, 0x8f,
    0x7, 0xf0, 0x5, 0xf1, 0x7f, 0xe, 0x70, 0x4f,
    0x4d, 0xd0, 0x7f, 0x0, 0x7f, 0x7, 0xf0, 0xe7,
    0x3, 0xc9, 0xfa, 0x87, 0xb0, 0xa, 0xd0, 0x6d,
    0xe, 0x70, 0x5, 0xff, 0x5f, 0xe3, 0x0, 0xeb,
    0x0, 0x0, 0xe7, 0x2a, 0xff, 0x80, 0x5f, 0xf4,
    0xf, 0x70, 0x0, 0xe, 0x79, 0xff, 0x90, 0x0,
    0x7f, 0xa0, 0x43, 0x0, 0x0, 0xe7, 0x1c, 0x40,
    0x0, 0x0, 0x91,

    /* U+987B "须" */
    0x0, 0x0, 0x0, 0x0, 0x0, 0x0, 0x0, 0x0,
    0x0, 0x0, 0x0, 0x0, 0x5, 0xf6, 0xff, 0xff,
    0xff, 0xff, 0xff, 0xc0, 0x0, 0x0, 0x4f, 0xd1,
    0x66, 0x66, 0xcf, 0x66, 0x66, 0x50, 0x0, 0x6,
    0xfd, 0x10, 0x0, 0x0, 0xbd, 0x0, 0x0, 0x0,
    0x2, 0xbf, 0xb1, 0x0, 0x27, 0x77, 0xed, 0x77,
    0x77, 0x10, 0xb, 0xf7, 0x0, 0x0, 0x4f, 0xff,
    0xff, 0xff, 0xff, 0x20, 0x2, 0x20, 0x0, 0x30,
    0x4f, 0x30, 0x0, 0x0, 0x6f, 0x20, 0x0, 0x0,
    0x7, 0xf7, 0x4f, 0x30, 0x26, 0x10, 0x6f, 0x20,
    0x0, 0x0, 0x9f, 0xb0, 0x4f, 0x30, 0x5f, 0x20,
    0x6f, 0x20, 0x0, 0x3c, 0xf9, 0x0, 0x4f, 0x30,
    0x6f, 0x20, 0x6f, 0x20, 0x8, 0xff, 0x60, 0x0,
    0x4f, 0x30, 0x6f, 0x10, 0x6f, 0x20, 0x4, 0xb2,
    0x0, 0x0, 0x4f, 0x30, 0x7f, 0x10, 0x6f, 0x20,
    0x0, 0x0, 0x0, 0x89, 0x5f, 0x30, 0x9f, 0x0,
    0x6f, 0x20, 0x0, 0x0, 0x5, 0xfb, 0x4f, 0x30,
    0xdc, 0x0, 0x6f, 0x20, 0x0, 0x0, 0x4f, 0xe1,
    0x3c, 0x26, 0xf6, 0x31, 0x4b, 0x10, 0x0, 0x4,
    0xfe, 0x20, 0x0, 0x5f, 0xc1, 0xee, 0x30, 0x0,
    0x0, 0x7f, 0xe2, 0x0, 0x19, 0xfd, 0x10, 0x1c,
    0xf8, 0x0, 0xb, 0xfc, 0x10, 0xa, 0xff, 0x90,
    0x0, 0x0, 0x9f, 0xc0, 0x6, 0x90, 0x0, 0x7,
    0xa3, 0x0, 0x0, 0x0, 0x7, 0x60,

    /* U+9891 "频" */
    0x0, 0x0, 0xf, 0x90, 0xb, 0xff, 0xff, 0xff,
    0xff, 0x80, 0x7, 0xb0, 0xfa, 0x22, 0x46, 0x67,
    0xfa, 0x66, 0x63, 0x0, 0x9e, 0xf, 0xff, 0xd0,
    0x0, 0x2f, 0x60, 0x0, 0x0, 0x9, 0xe0, 0xfd,
    0xa8, 0x7, 0x79, 0xfa, 0x77, 0x60, 0x0, 0x9e,
    0xf, 0x90, 0x0, 0xff, 0xff, 0xff, 0xfe, 0x0,
    0x9, 0xe0, 0xf9, 0x0, 0xf, 0x90, 0x0, 0xa,
    0xe0, 0xe, 0xff, 0xff, 0xff, 0xf5, 0xf9, 0x7,
    0x50, 0xae, 0x0, 0x45, 0x55, 0x55, 0x55, 0x1f,
    0x90, 0xea, 0xa, 0xe0, 0x0, 0x0, 0x1a, 0x40,
    0x0, 0xf9, 0xe, 0xa0, 0xae, 0x0, 0x9, 0xd1,
    0xf6, 0x13, 0xf, 0x90, 0xf9, 0xa, 0xe0, 0x0,
    0xea, 0x1f, 0x66, 0xf1, 0xf9, 0xf, 0x90, 0xae,
    0x0, 0x5f, 0x51, 0xf7, 0xda, 0xf, 0x91, 0xf8,
    0xa, 0xe0, 0xd, 0xe0, 0x1f, 0xdf, 0x30, 0xf9,
    0x5f, 0x60, 0xae, 0x0, 0xa6, 0x1, 0xff, 0x80,
    0xc, 0x7c, 0xf2, 0x37, 0xa0, 0x0, 0x0, 0x3f,
    0xc0, 0x0, 0x7, 0xfa, 0x9f, 0x60, 0x0, 0x0,
    0x6f, 0xb1, 0x0, 0x8, 0xfd, 0x10, 0xaf, 0x80,
    0x5, 0xef, 0x90, 0x0, 0x2e, 0xfc, 0x10, 0x0,
    0xaf, 0x80, 0x3a, 0x20, 0x0, 0x0, 0xb6, 0x0,
    0x0, 0x0, 0x92,

    /* U+989C "颜" */
    0x0, 0x0, 0x27, 0x0, 0x0, 0x0, 0x0, 0x0,
    0x0, 0x0, 0x0, 0x3, 0xf7, 0x0, 0x7, 0xff,
    0xff, 0xff, 0xfa, 0x1, 0x99, 0x9e, 0xf9, 0x99,
    0x56, 0x68, 0xfa, 0x66, 0x40, 0x3f, 0xff, 0xff,
    0xff, 0xf3, 0x0, 0x4f, 0x40, 0x0, 0x0, 0x3f,
    0x93, 0x38, 0xf5, 0x6, 0x7a, 0xf9, 0x77, 0x10,
    0x0, 0xbc, 0x0, 0x9d, 0x0, 0xef, 0xff, 0xff,
    0xf3, 0x0, 0x27, 0xf3, 0x2e, 0xa2, 0xe, 0xb0,
    0x0, 0x4f, 0x30, 0xf, 0xff, 0xff, 0xff, 0xf6,
    0xeb, 0x7, 0x44, 0xf3, 0x0, 0xf8, 0x22, 0x23,
    0x52, 0x1e, 0xb0, 0xf8, 0x4f, 0x30, 0xf, 0x70,
    0x2, 0xdc, 0x0, 0xeb, 0xf, 0x84, 0xf3, 0x0,
    0xf7, 0x6, 0xed, 0x20, 0xe, 0xb0, 0xf7, 0x4f,
    0x30, 0xf, 0x7d, 0xfa, 0x15, 0x0, 0xeb, 0xf,
    0x74, 0xf3, 0x0, 0xf6, 0x73, 0x8, 0xf6, 0xe,
    0xb2, 0xf6, 0x4f, 0x30, 0xf, 0x60, 0x3c, 0xf7,
    0x0, 0xeb, 0x4f, 0x44, 0xf3, 0x2, 0xf6, 0xcf,
    0xc3, 0x1c, 0x4b, 0x8a, 0xf2, 0x5b, 0x20, 0x4f,
    0x39, 0x40, 0x5e, 0xd2, 0x3, 0xfa, 0xae, 0x20,
    0x8, 0xf0, 0x3, 0xbf, 0xa1, 0x2, 0xef, 0x21,
    0xee, 0x10, 0xdc, 0x3c, 0xfd, 0x50, 0x4, 0xff,
    0x40, 0x4, 0xfb, 0x8, 0x61, 0xa5, 0x0, 0x0,
    0xb, 0x30, 0x0, 0x7, 0x40,

    /* U+98CE "风" */
    0x0, 0xe, 0xff, 0xff, 0xff, 0xff, 0xff, 0xfe,
    0x0, 0x0, 0x0, 0xe, 0xd7, 0x77, 0x77, 0x77,
    0x77, 0xde, 0x0, 0x0, 0x0, 0xe, 0xa0, 0x0,
    0x0, 0x0, 0x0, 0xae, 0x0, 0x0, 0x0, 0xe,
    0xa0, 0x0, 0x0, 0x1, 0x10, 0xae, 0x0, 0x0,
    0x0, 0xe, 0xa1, 0x70, 0x0, 0x7, 0xf1, 0xae,
    0x0, 0x0, 0x0, 0xe, 0xa4, 0xfb, 0x0, 0xd,
    0xb0, 0xae, 0x0, 0x0, 0x0, 0xe, 0xa0, 0x7f,
    0x80, 0x6f, 0x50, 0x9f, 0x0, 0x0, 0x0, 0xe,
    0xa0, 0x9, 0xf6, 0xed, 0x0, 0x9f, 0x0, 0x0,
    0x0, 0xe, 0xa0, 0x0, 0xcf, 0xf5, 0x0, 0x8f,
    0x0, 0x0, 0x0, 0xf, 0x90, 0x0, 0x4f, 0xf0,
    0x0, 0x7f, 0x10, 0x0, 0x0, 0xf, 0x80, 0x0,
    0xdf, 0xf7, 0x0, 0x6f, 0x20, 0x0, 0x0, 0x1f,
    0x70, 0x9, 0xf6, 0xcf, 0x20, 0x5f, 0x30, 0x0,
    0x0, 0x5f, 0x40, 0x7f, 0xa0, 0x4f, 0xb0, 0x3f,
    0x40, 0x0, 0x0, 0x9f, 0x6, 0xfc, 0x0, 0xb,
    0xf4, 0x1f, 0x60, 0x61, 0x0, 0xeb, 0x8, 0xc0,
    0x0, 0x2, 0xfb, 0xf, 0x82, 0xf3, 0x5, 0xf5,
    0x0, 0x0, 0x0, 0x0, 0x30, 0xc, 0xc4, 0xf1,
    0xe, 0xe0, 0x0, 0x0, 0x0, 0x0, 0x0, 0x6,
    0xfd, 0xe0, 0x8, 0x60, 0x0, 0x0, 0x0, 0x0,
    0x0, 0x0, 0xbe, 0x50,

    /* U+9996 "首" */
    0x0, 0x0, 0x1, 0x0, 0x0, 0x0, 0x10, 0x0,
    0x0, 0x0, 0x0, 0x7f, 0x40, 0x0, 0x2, 0xfb,
    0x0, 0x0, 0x0, 0x0, 0x2f, 0xb0, 0x0, 0x9,
    0xf5, 0x0, 0x0, 0x44, 0x44, 0x4a, 0x64, 0x44,
    0x6f, 0xc4, 0x44, 0x44, 0xff, 0xff, 0xff, 0xff,
    0xff, 0xff, 0xff, 0xff, 0xff, 0x33, 0x33, 0x33,
    0x39, 0xf6, 0x33, 0x33, 0x33, 0x33, 0x0, 0x1,
    0x11, 0x1b, 0xf1, 0x11, 0x11, 0x10, 0x0, 0x0,
    0x7f, 0xff, 0xff, 0xff, 0xff, 0xff, 0xf9, 0x0,
    0x0, 0x7f, 0x76, 0x66, 0x66, 0x66, 0x66, 0xf9,
    0x0, 0x0, 0x7f, 0x10, 0x0, 0x0, 0x0, 0x0,
    0xf9, 0x0, 0x0, 0x7f, 0xff, 0xff, 0xff, 0xff,
    0xff, 0xf9, 0x0, 0x0, 0x7f, 0x66, 0x66, 0x66,
    0x66, 0x66, 0xf9, 0x0, 0x0, 0x7f, 0x10, 0x0,
    0x0, 0x0, 0x0, 0xf9, 0x0, 0x0, 0x7f, 0xff,
    0xff, 0xff, 0xff, 0xff, 0xf9, 0x0, 0x0, 0x7f,
    0x66, 0x66, 0x66, 0x66, 0x66, 0xf9, 0x0, 0x0,
    0x7f, 0x10, 0x0, 0x0, 0x0, 0x0, 0xf9, 0x0,
    0x0, 0x7f, 0x87, 0x77, 0x77, 0x77, 0x77, 0xf9,
    0x0, 0x0, 0x7f, 0xee, 0xee, 0xee, 0xee, 0xee,
    0xf9, 0x0, 0x0, 0x7f, 0x10, 0x0, 0x0, 0x0,
    0x0, 0xf9, 0x0,

    /* U+9A71 "驱" */
    0xbf, 0xff, 0xff, 0x70, 0xde, 0xee, 0xee, 0xee,
    0xe4, 0x35, 0x55, 0x5f, 0x60, 0xec, 0x77, 0x77,
    0x77, 0x72, 0x3, 0x10, 0xf, 0x50, 0xe9, 0x0,
    0x0, 0x0, 0x0, 0xc, 0xa0, 0x2f, 0x40, 0xe9,
    0x12, 0x0, 0xb, 0x50, 0xe, 0x80, 0x3f, 0x30,
    0xe9, 0xad, 0x0, 0x3f, 0x40, 0xf, 0x70, 0x4f,
    0x20, 0xe9, 0x2f, 0xa0, 0x8f, 0x0, 0x1f, 0x60,
    0x5f, 0x10, 0xe9, 0x6, 0xf6, 0xdb, 0x0, 0x2f,
    0x40, 0x6f, 0x0, 0xe9, 0x0, 0xaf, 0xf5, 0x0,
    0x4f, 0x85, 0xaf, 0x51, 0xe9, 0x0, 0xe, 0xf0,
    0x0, 0x5f, 0xff, 0xff, 0xf4, 0xe9, 0x0, 0x3f,
    0xf5, 0x0, 0x1, 0x11, 0x16, 0xf3, 0xe9, 0x0,
    0xdc, 0xae, 0x0, 0x0, 0x3, 0x6, 0xf2, 0xe9,
    0x9, 0xf3, 0x1f, 0x80, 0x4, 0xbf, 0x37, 0xf1,
    0xe9, 0x6f, 0x70, 0x7, 0xf1, 0xbf, 0xf7, 0x8,
    0xf0, 0xe9, 0x79, 0x0, 0x0, 0x40, 0x88, 0x10,
    0xa, 0xe0, 0xe9, 0x0, 0x0, 0x0, 0x0, 0x0,
    0x0, 0xd, 0xb0, 0xec, 0x77, 0x77, 0x77, 0x74,
    0x0, 0x7, 0x9f, 0x70, 0xef, 0xff, 0xff, 0xff,
    0xf9, 0x0, 0xf, 0xfa, 0x0, 0x0, 0x0, 0x0,
    0x0, 0x0,

    /* U+9A7B "驻" */
    0x0, 0x0, 0x0, 0x0, 0x0, 0x0, 0x50, 0x0,
    0x0, 0xa, 0xff, 0xff, 0xff, 0x50, 0x0, 0x6f,
    0x60, 0x0, 0x0, 0x57, 0x77, 0x79, 0xf3, 0x0,
    0x0, 0xce, 0x0, 0x0, 0x0, 0x0, 0x0, 0x4f,
    0x20, 0x0, 0x4, 0x70, 0x0, 0x0, 0x9, 0xe0,
    0x6, 0xf1, 0x26, 0x66, 0x66, 0x66, 0x65, 0x0,
    0xae, 0x0, 0x7f, 0x6, 0xff, 0xff, 0xff, 0xff,
    0xd0, 0xc, 0xc0, 0x8, 0xf0, 0x1, 0x11, 0x8f,
    0x21, 0x10, 0x0, 0xea, 0x0, 0xae, 0x0, 0x0,
    0x7, 0xf1, 0x0, 0x0, 0xf, 0x80, 0xb, 0xc0,
    0x0, 0x0, 0x7f, 0x10, 0x0, 0x1, 0xfb, 0x66,
    0xed, 0x61, 0x0, 0x7, 0xf1, 0x0, 0x0, 0x3f,
    0xff, 0xff, 0xff, 0x24, 0x66, 0xbf, 0x76, 0x61,
    0x0, 0x11, 0x11, 0x19, 0xf2, 0xcf, 0xff, 0xff,
    0xff, 0x40, 0x0, 0x0, 0x30, 0x9f, 0x10, 0x0,
    0x7f, 0x10, 0x0, 0x0, 0x17, 0xed, 0xb, 0xf0,
    0x0, 0x7, 0xf1, 0x0, 0x0, 0xbf, 0xfb, 0x30,
    0xce, 0x0, 0x0, 0x7f, 0x10, 0x0, 0x8, 0x92,
    0x0, 0xd, 0xc0, 0x0, 0x7, 0xf1, 0x0, 0x0,
    0x0, 0x0, 0x0, 0xf9, 0x37, 0x77, 0xbf, 0x87,
    0x77, 0x0, 0x0, 0x58, 0xbf, 0x47, 0xff, 0xff,
    0xff, 0xff, 0xf1, 0x0, 0x9, 0xfe, 0x80, 0x0,
    0x0, 0x0, 0x0, 0x0, 0x0,

    /* U+9A8C "验" */
    0x0, 0x0, 0x0, 0x0, 0x0, 0x2, 0x10, 0x0,
    0x0, 0x8f, 0xff, 0xff, 0x50, 0x0, 0xd, 0xe0,
    0x0, 0x0, 0x25, 0x55, 0x6f, 0x40, 0x0, 0x6f,
    0xf3, 0x0, 0x0, 0x3, 0x10, 0x2f, 0x30, 0x2,
    0xfc, 0xde, 0x10, 0x0, 0xc, 0xa0, 0x4f, 0x20,
    0xd, 0xf2, 0x2f, 0xc0, 0x0, 0xd, 0x90, 0x5f,
    0x10, 0xbf, 0x70, 0x5, 0xfc, 0x10, 0xe, 0x80,
    0x6f, 0xa, 0xfa, 0x0, 0x0, 0x7f, 0xe3, 0xf,
    0x70, 0x7f, 0x2f, 0xec, 0xcc, 0xcc, 0xcc, 0xf5,
    0x1f, 0x60, 0x8e, 0x5, 0x4b, 0xbb, 0xbb, 0xb5,
    0x40, 0x2f, 0x95, 0xbe, 0x50, 0x0, 0x0, 0x0,
    0x1, 0x0, 0x4f, 0xff, 0xff, 0xf1, 0x70, 0x4e,
    0x10, 0x5f, 0x40, 0x1, 0x11, 0x19, 0xf3, 0xf5,
    0x2f, 0x40, 0x9f, 0x20, 0x0, 0x3, 0x9, 0xe0,
    0xe9, 0xf, 0x70, 0xdd, 0x0, 0x2, 0xaf, 0x2a,
    0xd0, 0xad, 0xd, 0xb2, 0xf8, 0x0, 0x8f, 0xf6,
    0xb, 0xb0, 0x7f, 0x8, 0x67, 0xf2, 0x0, 0x59,
    0x10, 0xd, 0xa0, 0x39, 0x0, 0xc, 0xd0, 0x0,
    0x0, 0x0, 0xf, 0x76, 0x88, 0x88, 0x8f, 0xc8,
    0x82, 0x0, 0x18, 0xaf, 0x3b, 0xff, 0xff, 0xff,
    0xff, 0xf4, 0x0, 0xf, 0xf8, 0x0, 0x0, 0x0,
    0x0, 0x0, 0x0,

    /* U+9AD8 "高" */
    0x0, 0x0, 0x0, 0x0, 0x41, 0x0, 0x0, 0x0,
    0x0, 0x0, 0x0, 0x0, 0x3, 0xfa, 0x0, 0x0,
    0x0, 0x0, 0xef, 0xff, 0xff, 0xff, 0xff, 0xff,
    0xff, 0xff, 0xfd, 0x56, 0x66, 0x66, 0x66, 0x66,
    0x66, 0x66, 0x66, 0x65, 0x0, 0x15, 0x55, 0x55,
    0x55, 0x55, 0x55, 0x50, 0x0, 0x0, 0x3f, 0xff,
    0xff, 0xff, 0xff, 0xff, 0xf0, 0x0, 0x0, 0x3f,
    0x60, 0x0, 0x0, 0x0, 0x9, 0xf0, 0x0, 0x0,
    0x3f, 0x96, 0x66, 0x66, 0x66, 0x6b, 0xf0, 0x0,
    0x0, 0x2f, 0xff, 0xff, 0xff, 0xff, 0xff, 0xf0,
    0x0, 0x1, 0x11, 0x11, 0x11, 0x11, 0x11, 0x11,
    0x11, 0x10, 0x4f, 0xff, 0xff, 0xff, 0xff, 0xff,
    0xff, 0xff, 0xf3, 0x4f, 0x41, 0x11, 0x11, 0x11,
    0x11, 0x11, 0x16, 0xf3, 0x4f, 0x40, 0x6e, 0xee,
    0xee, 0xee, 0xe4, 0x6, 0xf3, 0x4f, 0x40, 0x7f,
    0x55, 0x55, 0x57, 0xf4, 0x6, 0xf3, 0x4f, 0x40,
    0x7f, 0x0, 0x0, 0x3, 0xf4, 0x6, 0xf3, 0x4f,
    0x40, 0x7f, 0xff, 0xff, 0xff, 0xf4, 0x6, 0xf3,
    0x4f, 0x40, 0x26, 0x66, 0x66, 0x66, 0x61, 0x6,
    0xf3, 0x4f, 0x40, 0x0, 0x0, 0x0, 0x0, 0x47,
    0x6c, 0xf2, 0x4f, 0x40, 0x0, 0x0, 0x0, 0x0,
    0x4e, 0xfe, 0x80,

    /* U+9E23 "鸣" */
    0x0, 0x0, 0x0, 0x0, 0x0, 0x20, 0x0, 0x0,
    0x0, 0x0, 0x0, 0x0, 0x0, 0x0, 0xdf, 0x0,
    0x0, 0x0, 0x37, 0x77, 0x77, 0x10, 0x35, 0xfb,
    0x33, 0x33, 0x20, 0x7f, 0xff, 0xff, 0x30, 0xef,
    0xff, 0xff, 0xff, 0x90, 0x7f, 0x10, 0x5f, 0x30,
    0xeb, 0x33, 0x33, 0x3f, 0x80, 0x7f, 0x0, 0x4f,
    0x30, 0xea, 0xd, 0x90, 0xf, 0x80, 0x7f, 0x0,
    0x4f, 0x30, 0xea, 0x6, 0xf6, 0x1f, 0x70, 0x7f,
    0x0, 0x4f, 0x30, 0xea, 0x0, 0x95, 0x2f, 0x60,
    0x7f, 0x0, 0x4f, 0x30, 0xea, 0x0, 0x35, 0x8f,
    0x40, 0x7f, 0x0, 0x4f, 0x30, 0xea, 0x0, 0x6f,
    0xfa, 0x0, 0x7f, 0x0, 0x4f, 0x30, 0xec, 0x55,
    0x55, 0x55, 0x52, 0x7f, 0x0, 0x4f, 0x30, 0xef,
    0xff, 0xff, 0xff, 0xf6, 0x7f, 0xdd, 0xef, 0x30,
    0x22, 0x22, 0x22, 0x22, 0xf6, 0x7f, 0xcc, 0xdf,
    0x30, 0x0, 0x0, 0x0, 0x1, 0xf5, 0x7f, 0x0,
    0x4e, 0x47, 0x77, 0x77, 0x77, 0x22, 0xf4, 0x5c,
    0x0, 0x0, 0x3f, 0xff, 0xff, 0xff, 0x43, 0xf2,
    0x0, 0x0, 0x0, 0x0, 0x0, 0x0, 0x0, 0x5,
    0xf0, 0x0, 0x0, 0x0, 0x0, 0x0, 0x0, 0x29,
    0x8d, 0xd0, 0x0, 0x0, 0x0, 0x0, 0x0, 0x0,
    0xd, 0xfe, 0x30,

    /* U+9EA6 "麦" */
    0x0, 0x0, 0x0, 0x0, 0xcc, 0x0, 0x0, 0x0,
    0x0, 0x7, 0x77, 0x77, 0x77, 0xee, 0x77, 0x77,
    0x77, 0x60, 0xe, 0xff, 0xff, 0xff, 0xff, 0xff,
    0xff, 0xff, 0xd0, 0x0, 0x0, 0x0, 0x0, 0xcc,
    0x0, 0x0, 0x0, 0x0, 0x2, 0x77, 0x77, 0x77,
    0xee, 0x77, 0x77, 0x77, 0x10, 0x5, 0xff, 0xff,
    0xff, 0xff, 0xff, 0xff, 0xff, 0x20, 0x0, 0x0,
    0x0, 0x0, 0xcc, 0x0, 0x0, 0x0, 0x0, 0x88,
    0x88, 0x88, 0x88, 0xee, 0x88, 0x88, 0x88, 0x87,
    0xdd, 0xdd, 0xdf, 0xff, 0xdd, 0xdd, 0xdd, 0xdd,
    0xdc, 0x0, 0x0, 0x5f, 0xb0, 0x0, 0x0, 0x0,
    0x0, 0x0, 0x0, 0x6, 0xff, 0xff, 0xff, 0xff,
    0xff, 0xf2, 0x0, 0x1, 0xaf, 0xff, 0x87, 0x77,
    0x77, 0xaf, 0xe1, 0x0, 0x4f, 0xf8, 0x2e, 0xd2,
    0x0, 0x5, 0xfe, 0x20, 0x0, 0x9, 0x30, 0x2,
    0xef, 0x73, 0xbf, 0xd2, 0x0, 0x0, 0x0, 0x0,
    0x0, 0x2e, 0xff, 0xfb, 0x0, 0x0, 0x0, 0x0,
    0x25, 0x9c, 0xff, 0xeb, 0xff, 0xfb, 0x75, 0x20,
    0x7f, 0xff, 0xfd, 0x94, 0x0, 0x5, 0xae, 0xff,
    0xfb, 0x9, 0x74, 0x10, 0x0, 0x0, 0x0, 0x0,
    0x15, 0x83,

    /* U+9ED8 "默" */
    0x5f, 0xff, 0xff, 0xff, 0xf1, 0x0, 0x2f, 0x57,
    0x70, 0x5, 0xf4, 0x4f, 0x94, 0x7f, 0x10, 0x2,
    0xf5, 0xaf, 0x10, 0x5e, 0x74, 0xe7, 0x99, 0xf1,
    0x0, 0x2f, 0x51, 0xf9, 0x5, 0xe8, 0x7e, 0x7d,
    0x7f, 0x10, 0x2, 0xf5, 0x6, 0x20, 0x5e, 0x6a,
    0xe8, 0xf4, 0xf1, 0x0, 0x2f, 0x50, 0x0, 0x5,
    0xe3, 0x4e, 0x97, 0x5f, 0x1c, 0xdd, 0xfe, 0xdd,
    0x80, 0x5f, 0xff, 0xff, 0xff, 0xf1, 0xab, 0xcf,
    0xeb, 0xb7, 0x1, 0x44, 0x4f, 0x94, 0x44, 0x0,
    0x4, 0xfc, 0x0, 0x0, 0x16, 0x66, 0xfa, 0x66,
    0x40, 0x0, 0x6f, 0xf0, 0x0, 0x3, 0xff, 0xff,
    0xff, 0xfc, 0x0, 0x7, 0xff, 0x20, 0x0, 0x0,
    0x0, 0xe7, 0x0, 0x0, 0x0, 0xaf, 0xf6, 0x0,
    0x0, 0x23, 0x5f, 0xcb, 0xdf, 0x0, 0xd, 0xcc,
    0xb0, 0x0, 0xcf, 0xfe, 0xca, 0x86, 0x40, 0x1,
    0xf8, 0x7f, 0x0, 0x2, 0x20, 0x0, 0x14, 0x1b,
    0x30, 0x7f, 0x32, 0xf6, 0x0, 0xd, 0x4a, 0x96,
    0xf1, 0xd9, 0xd, 0xe0, 0xc, 0xd0, 0x5, 0xf2,
    0x9b, 0x2f, 0x57, 0xf7, 0xf6, 0x0, 0x4f, 0x70,
    0xbc, 0x8, 0xe0, 0xf7, 0x1c, 0xfd, 0x0, 0x0,
    0xcf, 0x4, 0x50, 0x23, 0x1, 0x0, 0x9, 0x20,
    0x0, 0x3, 0x60,

    /* U+9F13 "鼓" */
    0x0, 0x0, 0x4e, 0x20, 0x0, 0x0, 0x4, 0xf3,
    0x0, 0x0, 0x67, 0x7a, 0xf8, 0x77, 0x60, 0x0,
    0x4f, 0x30, 0x0, 0xe, 0xff, 0xff, 0xff, 0xfc,
    0x57, 0x79, 0xf8, 0x77, 0x50, 0x0, 0x5, 0xf2,
    0x0, 0xc, 0xff, 0xff, 0xff, 0xfc, 0x3, 0x66,
    0x9f, 0x76, 0x63, 0x0, 0x4, 0xf3, 0x0, 0x0,
    0x8f, 0xff, 0xff, 0xff, 0x80, 0x0, 0x4f, 0x30,
    0x0, 0x0, 0x0, 0x0, 0x0, 0x0, 0x13, 0x36,
    0xf5, 0x33, 0x10, 0x27, 0x77, 0x77, 0x77, 0x38,
    0xff, 0xff, 0xff, 0xf4, 0x4, 0xff, 0xff, 0xff,
    0xf7, 0x2c, 0xd5, 0x55, 0x9f, 0x20, 0x4f, 0x40,
    0x0, 0xf, 0x70, 0x8f, 0x0, 0x9, 0xe0, 0x4,
    0xf7, 0x55, 0x55, 0xf7, 0x3, 0xf4, 0x0, 0xf9,
    0x0, 0x4f, 0xff, 0xff, 0xff, 0x70, 0xd, 0xb0,
    0x7f, 0x20, 0x0, 0x11, 0x11, 0x16, 0x20, 0x0,
    0x6f, 0x7f, 0xa0, 0x0, 0xd, 0x80, 0x4, 0xf6,
    0x0, 0x0, 0xdf, 0xe1, 0x0, 0x0, 0x8f, 0x10,
    0xae, 0x46, 0x0, 0x2d, 0xfe, 0x30, 0x0, 0x2,
    0xfb, 0x9f, 0xff, 0xe0, 0x7f, 0xe6, 0xef, 0x70,
    0x3f, 0xff, 0xfd, 0xa6, 0x21, 0xef, 0xb1, 0x2,
    0xdf, 0x81, 0x85, 0x30, 0x0, 0x0, 0x7, 0x40,
    0x0, 0x0, 0x70,

    /* U+9F50 "齐" */
    0x0, 0x0, 0x0, 0x0, 0x1, 0x0, 0x0, 0x0,
    0x0, 0x0, 0x0, 0x0, 0x0, 0x3f, 0xa0, 0x0,
    0x0, 0x0, 0x0, 0x3, 0x33, 0x33, 0x33, 0xef,
    0x43, 0x33, 0x33, 0x32, 0x3, 0xff, 0xff, 0xff,
    0xff, 0xff, 0xff, 0xff, 0xff, 0xa0, 0x4, 0x4b,
    0xf7, 0x44, 0x44, 0x44, 0x4d, 0xf8, 0x42, 0x0,
    0x0, 0xd, 0xf4, 0x0, 0x0, 0x1c, 0xf9, 0x0,
    0x0, 0x0, 0x0, 0x1d, 0xf9, 0x0, 0x7f, 0xf7,
    0x0, 0x0, 0x0, 0x0, 0x0, 0x9, 0xfe, 0xdf,
    0xd3, 0x0, 0x0, 0x0, 0x0, 0x0, 0x26, 0xbf,
    0xff, 0xfb, 0x63, 0x0, 0x0, 0x4, 0x7a, 0xef,
    0xff, 0xa4, 0x5b, 0xff, 0xff, 0xca, 0x72, 0xaf,
    0xfc, 0x84, 0x0, 0x0, 0x0, 0x59, 0xcf, 0xff,
    0x11, 0x30, 0x3, 0xb2, 0x0, 0x0, 0x6, 0xd0,
    0x1, 0x30, 0x0, 0x0, 0x5f, 0x40, 0x0, 0x0,
    0x8f, 0x10, 0x0, 0x0, 0x0, 0x5, 0xf3, 0x0,
    0x0, 0x8, 0xf1, 0x0, 0x0, 0x0, 0x0, 0x7f,
    0x10, 0x0, 0x0, 0x8f, 0x10, 0x0, 0x0, 0x0,
    0xd, 0xe0, 0x0, 0x0, 0x8, 0xf1, 0x0, 0x0,
    0x0, 0x7, 0xf8, 0x0, 0x0, 0x0, 0x8f, 0x10,
    0x0, 0x0, 0x6, 0xfd, 0x0, 0x0, 0x0, 0x8,
    0xf1, 0x0, 0x0, 0x0, 0xad, 0x20, 0x0, 0x0,
    0x0, 0x8f, 0x10, 0x0, 0x0, 0x0, 0x0, 0x0,
    0x0, 0x0, 0x0, 0x0, 0x0, 0x0,

    /* U+FF01 "！" */
    0x4, 0x40, 0x1f, 0xf0, 0x1f, 0xf0, 0xf, 0xe0,
    0xf, 0xd0, 0xe, 0xc0, 0xd, 0xc0, 0xc, 0xb0,
    0xb, 0xa0, 0xb, 0xa0, 0x9, 0x80, 0x0, 0x0,
    0x7, 0x60, 0x4f, 0xf2, 0x2f, 0xe0, 0x1, 0x0,

    /* U+FF08 "（" */
    0x0, 0x0, 0x1, 0x42, 0x0, 0x0, 0x5f, 0x90,
    0x0, 0x6, 0xf7, 0x0, 0x0, 0x4f, 0x90, 0x0,
    0x0, 0xee, 0x0, 0x0, 0x6, 0xf6, 0x0, 0x0,
    0xc, 0xf1, 0x0, 0x0, 0xf, 0xd0, 0x0, 0x0,
    0x2f, 0xb0, 0x0, 0x0, 0x3f, 0xa0, 0x0, 0x0,
    0x2f, 0xb0, 0x0, 0x0, 0xf, 0xd0, 0x0, 0x0,
    0xc, 0xf1, 0x0, 0x0, 0x6, 0xf7, 0x0, 0x0,
    0x0, 0xee, 0x10, 0x0, 0x0, 0x4f, 0xa0, 0x0,
    0x0, 0x6, 0xf9, 0x0, 0x0, 0x0, 0x4d, 0xb1,
    0x0, 0x0, 0x0, 0x21,

    /* U+FF09 "）" */
    0x24, 0x10, 0x0, 0x0, 0x9, 0xf5, 0x0, 0x0,
    0x0, 0x8f, 0x60, 0x0, 0x0, 0x9, 0xf4, 0x0,
    0x0, 0x0, 0xed, 0x0, 0x0, 0x0, 0x7f, 0x60,
    0x0, 0x0, 0x1f, 0xc0, 0x0, 0x0, 0xd, 0xf0,
    0x0, 0x0, 0xb, 0xf2, 0x0, 0x0, 0xa, 0xf3,
    0x0, 0x0, 0xb, 0xf2, 0x0, 0x0, 0xd, 0xf0,
    0x0, 0x0, 0x1f, 0xc0, 0x0, 0x0, 0x7f, 0x60,
    0x0, 0x1, 0xed, 0x0, 0x0, 0xa, 0xf4, 0x0,
    0x0, 0x9f, 0x60, 0x0, 0x1b, 0xd4, 0x0, 0x0,
    0x12, 0x0, 0x0, 0x0,

    /* U+FF0C "，" */
    0x1, 0x21, 0xa, 0xf6, 0xe, 0xf1, 0x1f, 0xa0,
    0x4f, 0x50, 0x6b, 0x0,

    /* U+FF1A "：" */
    0x0, 0x0, 0xd, 0xe1, 0x3f, 0xf3, 0x9, 0x90,
    0x0, 0x0, 0x0, 0x0, 0x0, 0x0, 0x0, 0x0,
    0x0, 0x0, 0x7, 0x70, 0x3f, 0xf3, 0x1f, 0xf1,
    0x0, 0x0,

    /* U+FF1B "；" */
    0x0, 0x0, 0xb, 0xf2, 0xf, 0xf5, 0x7, 0xa1,
    0x0, 0x0, 0x0, 0x0, 0x0, 0x0, 0x0, 0x0,
    0x0, 0x0, 0x1, 0x20, 0xf, 0xf1, 0x3f, 0xb0,
    0x6f, 0x60, 0x9f, 0x0, 0x97, 0x0
};


/*---------------------
 *  GLYPH DESCRIPTION
 *--------------------*/

static const lv_font_fmt_txt_glyph_dsc_t glyph_dsc[] = {
    {.bitmap_index = 0, .adv_w = 0, .box_w = 0, .box_h = 0, .ofs_x = 0, .ofs_y = 0} /* id = 0 reserved */,
    {.bitmap_index = 0, .adv_w = 86, .box_w = 0, .box_h = 0, .ofs_x = 0, .ofs_y = 0},
    {.bitmap_index = 0, .adv_w = 86, .box_w = 3, .box_h = 14, .ofs_x = 1, .ofs_y = 0},
    {.bitmap_index = 21, .adv_w = 125, .box_w = 6, .box_h = 6, .ofs_x = 1, .ofs_y = 8},
    {.bitmap_index = 39, .adv_w = 225, .box_w = 14, .box_h = 14, .ofs_x = 0, .ofs_y = 0},
    {.bitmap_index = 137, .adv_w = 199, .box_w = 12, .box_h = 20, .ofs_x = 0, .ofs_y = -3},
    {.bitmap_index = 257, .adv_w = 270, .box_w = 17, .box_h = 14, .ofs_x = 0, .ofs_y = 0},
    {.bitmap_index = 376, .adv_w = 220, .box_w = 14, .box_h = 15, .ofs_x = 0, .ofs_y = -1},
    {.bitmap_index = 481, .adv_w = 67, .box_w = 2, .box_h = 6, .ofs_x = 1, .ofs_y = 8},
    {.bitmap_index = 487, .adv_w = 108, .box_w = 6, .box_h = 19, .ofs_x = 1, .ofs_y = -4},
    {.bitmap_index = 544, .adv_w = 108, .box_w = 5, .box_h = 19, .ofs_x = 0, .ofs_y = -4},
    {.bitmap_index = 592, .adv_w = 128, .box_w = 8, .box_h = 8, .ofs_x = 0, .ofs_y = 7},
    {.bitmap_index = 624, .adv_w = 186, .box_w = 10, .box_h = 10, .ofs_x = 1, .ofs_y = 3},
    {.bitmap_index = 674, .adv_w = 73, .box_w = 4, .box_h = 6, .ofs_x = 0, .ofs_y = -3},
    {.bitmap_index = 686, .adv_w = 123, .box_w = 6, .box_h = 2, .ofs_x = 1, .ofs_y = 5},
    {.bitmap_index = 692, .adv_w = 73, .box_w = 4, .box_h = 3, .ofs_x = 0, .ofs_y = 0},
    {.bitmap_index = 698, .adv_w = 113, .box_w = 9, .box_h = 20, .ofs_x = -1, .ofs_y = -2},
    {.bitmap_index = 788, .adv_w = 213, .box_w = 13, .box_h = 14, .ofs_x = 0, .ofs_y = 0},
    {.bitmap_index = 879, .adv_w = 118, .box_w = 6, .box_h = 14, .ofs_x = 0, .ofs_y = 0},
    {.bitmap_index = 921, .adv_w = 184, .box_w = 11, .box_h = 14, .ofs_x = 0, .ofs_y = 0},
    {.bitmap_index = 998, .adv_w = 183, .box_w = 11, .box_h = 14, .ofs_x = 0, .ofs_y = 0},
    {.bitmap_index = 1075, .adv_w = 214, .box_w = 14, .box_h = 14, .ofs_x = 0, .ofs_y = 0},
    {.bitmap_index = 1173, .adv_w = 184, .box_w = 11, .box_h = 14, .ofs_x = 0, .ofs_y = 0},
    {.bitmap_index = 1250, .adv_w = 197, .box_w = 12, .box_h = 14, .ofs_x = 0, .ofs_y = 0},
    {.bitmap_index = 1334, .adv_w = 191, .box_w = 12, .box_h = 14, .ofs_x = 0, .ofs_y = 0},
    {.bitmap_index = 1418, .adv_w = 206, .box_w = 12, .box_h = 14, .ofs_x = 0, .ofs_y = 0},
    {.bitmap_index = 1502, .adv_w = 197, .box_w = 12, .box_h = 14, .ofs_x = 0, .ofs_y = 0},
    {.bitmap_index = 1586, .adv_w = 73, .box_w = 4, .box_h = 11, .ofs_x = 0, .ofs_y = 0},
    {.bitmap_index = 1608, .adv_w = 73, .box_w = 4, .box_h = 14, .ofs_x = 0, .ofs_y = -3},
    {.bitmap_index = 1636, .adv_w = 186, .box_w = 10, .box_h = 10, .ofs_x = 1, .ofs_y = 2},
    {.bitmap_index = 1686, .adv_w = 186, .box_w = 10, .box_h = 7, .ofs_x = 1, .ofs_y = 4},
    {.bitmap_index = 1721, .adv_w = 186, .box_w = 10, .box_h = 10, .ofs_x = 1, .ofs_y = 2},
    {.bitmap_index = 1771, .adv_w = 183, .box_w = 11, .box_h = 14, .ofs_x = 0, .ofs_y = 0},
    {.bitmap_index = 1848, .adv_w = 331, .box_w = 20, .box_h = 18, .ofs_x = 0, .ofs_y = -4},
    {.bitmap_index = 2028, .adv_w = 234, .box_w = 16, .box_h = 14, .ofs_x = -1, .ofs_y = 0},
    {.bitmap_index = 2140, .adv_w = 242, .box_w = 13, .box_h = 14, .ofs_x = 2, .ofs_y = 0},
    {.bitmap_index = 2231, .adv_w = 231, .box_w = 14, .box_h = 14, .ofs_x = 0, .ofs_y = 0},
    {.bitmap_index = 2329, .adv_w = 264, .box_w = 14, .box_h = 14, .ofs_x = 2, .ofs_y = 0},
    {.bitmap_index = 2427, .adv_w = 214, .box_w = 11, .box_h = 14, .ofs_x = 2, .ofs_y = 0},
    {.bitmap_index = 2504, .adv_w = 203, .box_w = 10, .box_h = 14, .ofs_x = 2, .ofs_y = 0},
    {.bitmap_index = 2574, .adv_w = 247, .box_w = 14, .box_h = 14, .ofs_x = 0, .ofs_y = 0},
    {.bitmap_index = 2672, .adv_w = 260, .box_w = 13, .box_h = 14, .ofs_x = 2, .ofs_y = 0},
    {.bitmap_index = 2763, .adv_w = 99, .box_w = 3, .box_h = 14, .ofs_x = 2, .ofs_y = 0},
    {.bitmap_index = 2784, .adv_w = 164, .box_w = 10, .box_h = 14, .ofs_x = -1, .ofs_y = 0},
    {.bitmap_index = 2854, .adv_w = 230, .box_w = 13, .box_h = 14, .ofs_x = 2, .ofs_y = 0},
    {.bitmap_index = 2945, .adv_w = 190, .box_w = 10, .box_h = 14, .ofs_x = 2, .ofs_y = 0},
    {.bitmap_index = 3015, .adv_w = 306, .box_w = 15, .box_h = 14, .ofs_x = 2, .ofs_y = 0},
    {.bitmap_index = 3120, .adv_w = 260, .box_w = 13, .box_h = 14, .ofs_x = 2, .ofs_y = 0},
    {.bitmap_index = 3211, .adv_w = 269, .box_w = 16, .box_h = 14, .ofs_x = 0, .ofs_y = 0},
    {.bitmap_index = 3323, .adv_w = 231, .box_w = 12, .box_h = 14, .ofs_x = 2, .ofs_y = 0},
    {.bitmap_index = 3407, .adv_w = 269, .box_w = 17, .box_h = 17, .ofs_x = 0, .ofs_y = -3},
    {.bitmap_index = 3552, .adv_w = 233, .box_w = 12, .box_h = 14, .ofs_x = 2, .ofs_y = 0},
    {.bitmap_index = 3636, .adv_w = 199, .box_w = 12, .box_h = 14, .ofs_x = 0, .ofs_y = 0},
    {.bitmap_index = 3720, .adv_w = 188, .box_w = 12, .box_h = 14, .ofs_x = 0, .ofs_y = 0},
    {.bitmap_index = 3804, .adv_w = 253, .box_w = 13, .box_h = 14, .ofs_x = 1, .ofs_y = 0},
    {.bitmap_index = 3895, .adv_w = 228, .box_w = 16, .box_h = 14, .ofs_x = -1, .ofs_y = 0},
    {.bitmap_index = 4007, .adv_w = 360, .box_w = 22, .box_h = 14, .ofs_x = 0, .ofs_y = 0},
    {.bitmap_index = 4161, .adv_w = 215, .box_w = 14, .box_h = 14, .ofs_x = 0, .ofs_y = 0},
    {.bitmap_index = 4259, .adv_w = 207, .box_w = 15, .box_h = 14, .ofs_x = -1, .ofs_y = 0},
    {.bitmap_index = 4364, .adv_w = 210, .box_w = 13, .box_h = 14, .ofs_x = 0, .ofs_y = 0},
    {.bitmap_index = 4455, .adv_w = 107, .box_w = 5, .box_h = 19, .ofs_x = 2, .ofs_y = -4},
    {.bitmap_index = 4503, .adv_w = 113, .box_w = 9, .box_h = 20, .ofs_x = -1, .ofs_y = -2},
    {.bitmap_index = 4593, .adv_w = 107, .box_w = 5, .box_h = 19, .ofs_x = 0, .ofs_y = -4},
    {.bitmap_index = 4641, .adv_w = 187, .box_w = 10, .box_h = 9, .ofs_x = 1, .ofs_y = 3},
    {.bitmap_index = 4686, .adv_w = 160, .box_w = 10, .box_h = 3, .ofs_x = 0, .ofs_y = -2},
    {.bitmap_index = 4701, .adv_w = 192, .box_w = 6, .box_h = 3, .ofs_x = 2, .ofs_y = 12},
    {.bitmap_index = 4710, .adv_w = 191, .box_w = 10, .box_h = 11, .ofs_x = 1, .ofs_y = 0},
    {.bitmap_index = 4765, .adv_w = 218, .box_w = 12, .box_h = 15, .ofs_x = 1, .ofs_y = 0},
    {.bitmap_index = 4855, .adv_w = 183, .box_w = 11, .box_h = 11, .ofs_x = 0, .ofs_y = 0},
    {.bitmap_index = 4916, .adv_w = 218, .box_w = 12, .box_h = 15, .ofs_x = 0, .ofs_y = 0},
    {.bitmap_index = 5006, .adv_w = 196, .box_w = 12, .box_h = 11, .ofs_x = 0, .ofs_y = 0},
    {.bitmap_index = 5072, .adv_w = 113, .box_w = 8, .box_h = 15, .ofs_x = 0, .ofs_y = 0},
    {.bitmap_index = 5132, .adv_w = 221, .box_w = 12, .box_h = 15, .ofs_x = 0, .ofs_y = -4},
    {.bitmap_index = 5222, .adv_w = 218, .box_w = 11, .box_h = 15, .ofs_x = 1, .ofs_y = 0},
    {.bitmap_index = 5305, .adv_w = 89, .box_w = 4, .box_h = 15, .ofs_x = 1, .ofs_y = 0},
    {.bitmap_index = 5335, .adv_w = 91, .box_w = 7, .box_h = 19, .ofs_x = -2, .ofs_y = -4},
    {.bitmap_index = 5402, .adv_w = 197, .box_w = 12, .box_h = 15, .ofs_x = 1, .ofs_y = 0},
    {.bitmap_index = 5492, .adv_w = 89, .box_w = 3, .box_h = 15, .ofs_x = 1, .ofs_y = 0},
    {.bitmap_index = 5515, .adv_w = 338, .box_w = 19, .box_h = 11, .ofs_x = 1, .ofs_y = 0},
    {.bitmap_index = 5620, .adv_w = 218, .box_w = 11, .box_h = 11, .ofs_x = 1, .ofs_y = 0},
    {.bitmap_index = 5681, .adv_w = 203, .box_w = 12, .box_h = 11, .ofs_x = 0, .ofs_y = 0},
    {.bitmap_index = 5747, .adv_w = 218, .box_w = 12, .box_h = 15, .ofs_x = 1, .ofs_y = -4},
    {.bitmap_index = 5837, .adv_w = 218, .box_w = 12, .box_h = 15, .ofs_x = 0, .ofs_y = -4},
    {.bitmap_index = 5927, .adv_w = 131, .box_w = 7, .box_h = 11, .ofs_x = 1, .ofs_y = 0},
    {.bitmap_index = 5966, .adv_w = 160, .box_w = 10, .box_h = 11, .ofs_x = 0, .ofs_y = 0},
    {.bitmap_index = 6021, .adv_w = 132, .box_w = 8, .box_h = 14, .ofs_x = 0, .ofs_y = 0},
    {.bitmap_index = 6077, .adv_w = 217, .box_w = 11, .box_h = 11, .ofs_x = 1, .ofs_y = 0},
    {.bitmap_index = 6138, .adv_w = 179, .box_w = 13, .box_h = 11, .ofs_x = -1, .ofs_y = 0},
    {.bitmap_index = 6210, .adv_w = 288, .box_w = 18, .box_h = 11, .ofs_x = 0, .ofs_y = 0},
    {.bitmap_index = 6309, .adv_w = 177, .box_w = 11, .box_h = 11, .ofs_x = 0, .ofs_y = 0},
    {.bitmap_index = 6370, .adv_w = 179, .box_w = 13, .box_h = 15, .ofs_x = -1, .ofs_y = -4},
    {.bitmap_index = 6468, .adv_w = 167, .box_w = 10, .box_h = 11, .ofs_x = 0, .ofs_y = 0},
    {.bitmap_index = 6523, .adv_w = 112, .box_w = 6, .box_h = 19, .ofs_x = 1, .ofs_y = -4},
    {.bitmap_index = 6580, .adv_w = 96, .box_w = 2, .box_h = 19, .ofs_x = 2, .ofs_y = -4},
    {.bitmap_index = 6599, .adv_w = 112, .box_w = 6, .box_h = 19, .ofs_x = 0, .ofs_y = -4},
    {.bitmap_index = 6656, .adv_w = 186, .box_w = 10, .box_h = 4, .ofs_x = 1, .ofs_y = 5},
    {.bitmap_index = 6676, .adv_w = 134, .box_w = 8, .box_h = 8, .ofs_x = 0, .ofs_y = 7},
    {.bitmap_index = 6708, .adv_w = 138, .box_w = 8, .box_h = 8, .ofs_x = 0, .ofs_y = 7},
    {.bitmap_index = 6740, .adv_w = 320, .box_w = 20, .box_h = 3, .ofs_x = 0, .ofs_y = 4},
    {.bitmap_index = 6770, .adv_w = 100, .box_w = 4, .box_h = 4, .ofs_x = 1, .ofs_y = 4},
    {.bitmap_index = 6778, .adv_w = 320, .box_w = 6, .box_h = 6, .ofs_x = 0, .ofs_y = -3},
    {.bitmap_index = 6796, .adv_w = 320, .box_w = 6, .box_h = 7, .ofs_x = 0, .ofs_y = -3},
    {.bitmap_index = 6817, .adv_w = 320, .box_w = 6, .box_h = 9, .ofs_x = 10, .ofs_y = 7},
    {.bitmap_index = 6844, .adv_w = 320, .box_w = 6, .box_h = 9, .ofs_x = 4, .ofs_y = -2},
    {.bitmap_index = 6871, .adv_w = 320, .box_w = 18, .box_h = 2, .ofs_x = 1, .ofs_y = 7},
    {.bitmap_index = 6889, .adv_w = 320, .box_w = 18, .box_h = 17, .ofs_x = 1, .ofs_y = -1},
    {.bitmap_index = 7042, .adv_w = 320, .box_w = 18, .box_h = 18, .ofs_x = 1, .ofs_y = -2},
    {.bitmap_index = 7204, .adv_w = 320, .box_w = 19, .box_h = 18, .ofs_x = 0, .ofs_y = -2},
    {.bitmap_index = 7375, .adv_w = 320, .box_w = 18, .box_h = 18, .ofs_x = 1, .ofs_y = -2},
    {.bitmap_index = 7537, .adv_w = 320, .box_w = 18, .box_h = 19, .ofs_x = 1, .ofs_y = -2},
    {.bitmap_index = 7708, .adv_w = 320, .box_w = 18, .box_h = 18, .ofs_x = 1, .ofs_y = -2},
    {.bitmap_index = 7870, .adv_w = 320, .box_w = 20, .box_h = 18, .ofs_x = 0, .ofs_y = -2},
    {.bitmap_index = 8050, .adv_w = 320, .box_w = 16, .box_h = 18, .ofs_x = 2, .ofs_y = -2},
    {.bitmap_index = 8194, .adv_w = 320, .box_w = 17, .box_h = 19, .ofs_x = 1, .ofs_y = -3},
    {.bitmap_index = 8356, .adv_w = 320, .box_w = 18, .box_h = 19, .ofs_x = 1, .ofs_y = -2},
    {.bitmap_index = 8527, .adv_w = 320, .box_w = 18, .box_h = 19, .ofs_x = 1, .ofs_y = -2},
    {.bitmap_index = 8698, .adv_w = 320, .box_w = 18, .box_h = 18, .ofs_x = 1, .ofs_y = -2},
    {.bitmap_index = 8860, .adv_w = 320, .box_w = 19, .box_h = 20, .ofs_x = 0, .ofs_y = -3},
    {.bitmap_index = 9050, .adv_w = 320, .box_w = 19, .box_h = 19, .ofs_x = 0, .ofs_y = -2},
    {.bitmap_index = 9231, .adv_w = 320, .box_w = 16, .box_h = 18, .ofs_x = 2, .ofs_y = -2},
    {.bitmap_index = 9375, .adv_w = 320, .box_w = 18, .box_h = 19, .ofs_x = 1, .ofs_y = -3},
    {.bitmap_index = 9546, .adv_w = 320, .box_w = 18, .box_h = 14, .ofs_x = 1, .ofs_y = 0},
    {.bitmap_index = 9672, .adv_w = 320, .box_w = 18, .box_h = 17, .ofs_x = 1, .ofs_y = -2},
    {.bitmap_index = 9825, .adv_w = 320, .box_w = 19, .box_h = 18, .ofs_x = 1, .ofs_y = -2},
    {.bitmap_index = 9996, .adv_w = 320, .box_w = 18, .box_h = 20, .ofs_x = 1, .ofs_y = -3},
    {.bitmap_index = 10176, .adv_w = 320, .box_w = 19, .box_h = 19, .ofs_x = 0, .ofs_y = -2},
    {.bitmap_index = 10357, .adv_w = 320, .box_w = 19, .box_h = 20, .ofs_x = 0, .ofs_y = -2},
    {.bitmap_index = 10547, .adv_w = 320, .box_w = 20, .box_h = 20, .ofs_x = 0, .ofs_y = -3},
    {.bitmap_index = 10747, .adv_w = 320, .box_w = 20, .box_h = 18, .ofs_x = 0, .ofs_y = -2},
    {.bitmap_index = 10927, .adv_w = 320, .box_w = 17, .box_h = 18, .ofs_x = 2, .ofs_y = -2},
    {.bitmap_index = 11080, .adv_w = 320, .box_w = 20, .box_h = 19, .ofs_x = 0, .ofs_y = -3},
    {.bitmap_index = 11270, .adv_w = 320, .box_w = 20, .box_h = 19, .ofs_x = 0, .ofs_y = -2},
    {.bitmap_index = 11460, .adv_w = 320, .box_w = 19, .box_h = 19, .ofs_x = 1, .ofs_y = -2},
    {.bitmap_index = 11641, .adv_w = 320, .box_w = 19, .box_h = 19, .ofs_x = 0, .ofs_y = -2},
    {.bitmap_index = 11822, .adv_w = 320, .box_w = 19, .box_h = 19, .ofs_x = 0, .ofs_y = -2},
    {.bitmap_index = 12003, .adv_w = 320, .box_w = 19, .box_h = 19, .ofs_x = 0, .ofs_y = -2},
    {.bitmap_index = 12184, .adv_w = 320, .box_w = 20, .box_h = 20, .ofs_x = 0, .ofs_y = -3},
    {.bitmap_index = 12384, .adv_w = 320, .box_w = 20, .box_h = 19, .ofs_x = 0, .ofs_y = -2},
    {.bitmap_index = 12574, .adv_w = 320, .box_w = 19, .box_h = 19, .ofs_x = 0, .ofs_y = -2},
    {.bitmap_index = 12755, .adv_w = 320, .box_w = 19, .box_h = 19, .ofs_x = 0, .ofs_y = -2},
    {.bitmap_index = 12936, .adv_w = 320, .box_w = 19, .box_h = 20, .ofs_x = 0, .ofs_y = -3},
    {.bitmap_index = 13126, .adv_w = 320, .box_w = 19, .box_h = 18, .ofs_x = 0, .ofs_y = -2},
    {.bitmap_index = 13297, .adv_w = 320, .box_w = 19, .box_h = 20, .ofs_x = 0, .ofs_y = -3},
    {.bitmap_index = 13487, .adv_w = 320, .box_w = 20, .box_h = 19, .ofs_x = 0, .ofs_y = -2},
    {.bitmap_index = 13677, .adv_w = 320, .box_w = 19, .box_h = 19, .ofs_x = 0, .ofs_y = -2},
    {.bitmap_index = 13858, .adv_w = 320, .box_w = 20, .box_h = 19, .ofs_x = 0, .ofs_y = -2},
    {.bitmap_index = 14048, .adv_w = 320, .box_w = 19, .box_h = 19, .ofs_x = 0, .ofs_y = -2},
    {.bitmap_index = 14229, .adv_w = 320, .box_w = 19, .box_h = 19, .ofs_x = 0, .ofs_y = -2},
    {.bitmap_index = 14410, .adv_w = 320, .box_w = 19, .box_h = 19, .ofs_x = 0, .ofs_y = -2},
    {.bitmap_index = 14591, .adv_w = 320, .box_w = 19, .box_h = 20, .ofs_x = 0, .ofs_y = -3},
    {.bitmap_index = 14781, .adv_w = 320, .box_w = 20, .box_h = 19, .ofs_x = 0, .ofs_y = -2},
    {.bitmap_index = 14971, .adv_w = 320, .box_w = 19, .box_h = 19, .ofs_x = 0, .ofs_y = -2},
    {.bitmap_index = 15152, .adv_w = 320, .box_w = 19, .box_h = 19, .ofs_x = 1, .ofs_y = -3},
    {.bitmap_index = 15333, .adv_w = 320, .box_w = 19, .box_h = 19, .ofs_x = 1, .ofs_y = -3},
    {.bitmap_index = 15514, .adv_w = 320, .box_w = 19, .box_h = 19, .ofs_x = 0, .ofs_y = -3},
    {.bitmap_index = 15695, .adv_w = 320, .box_w = 19, .box_h = 19, .ofs_x = 1, .ofs_y = -2},
    {.bitmap_index = 15876, .adv_w = 320, .box_w = 20, .box_h = 18, .ofs_x = 0, .ofs_y = -1},
    {.bitmap_index = 16056, .adv_w = 320, .box_w = 19, .box_h = 18, .ofs_x = 1, .ofs_y = -2},
    {.bitmap_index = 16227, .adv_w = 320, .box_w = 18, .box_h = 18, .ofs_x = 1, .ofs_y = -2},
    {.bitmap_index = 16389, .adv_w = 320, .box_w = 19, .box_h = 19, .ofs_x = 1, .ofs_y = -2},
    {.bitmap_index = 16570, .adv_w = 320, .box_w = 19, .box_h = 18, .ofs_x = 0, .ofs_y = -2},
    {.bitmap_index = 16741, .adv_w = 320, .box_w = 16, .box_h = 19, .ofs_x = 2, .ofs_y = -3},
    {.bitmap_index = 16893, .adv_w = 320, .box_w = 20, .box_h = 18, .ofs_x = 0, .ofs_y = -2},
    {.bitmap_index = 17073, .adv_w = 320, .box_w = 18, .box_h = 18, .ofs_x = 1, .ofs_y = -2},
    {.bitmap_index = 17235, .adv_w = 320, .box_w = 18, .box_h = 18, .ofs_x = 1, .ofs_y = -2},
    {.bitmap_index = 17397, .adv_w = 320, .box_w = 19, .box_h = 19, .ofs_x = 1, .ofs_y = -2},
    {.bitmap_index = 17578, .adv_w = 320, .box_w = 19, .box_h = 19, .ofs_x = 1, .ofs_y = -2},
    {.bitmap_index = 17759, .adv_w = 320, .box_w = 19, .box_h = 20, .ofs_x = 0, .ofs_y = -3},
    {.bitmap_index = 17949, .adv_w = 320, .box_w = 16, .box_h = 18, .ofs_x = 2, .ofs_y = -2},
    {.bitmap_index = 18093, .adv_w = 320, .box_w = 19, .box_h = 20, .ofs_x = 1, .ofs_y = -3},
    {.bitmap_index = 18283, .adv_w = 320, .box_w = 18, .box_h = 19, .ofs_x = 1, .ofs_y = -3},
    {.bitmap_index = 18454, .adv_w = 320, .box_w = 18, .box_h = 19, .ofs_x = 1, .ofs_y = -2},
    {.bitmap_index = 18625, .adv_w = 320, .box_w = 18, .box_h = 18, .ofs_x = 0, .ofs_y = -2},
    {.bitmap_index = 18787, .adv_w = 320, .box_w = 19, .box_h = 19, .ofs_x = 0, .ofs_y = -2},
    {.bitmap_index = 18968, .adv_w = 320, .box_w = 18, .box_h = 19, .ofs_x = 1, .ofs_y = -3},
    {.bitmap_index = 19139, .adv_w = 320, .box_w = 18, .box_h = 19, .ofs_x = 0, .ofs_y = -2},
    {.bitmap_index = 19310, .adv_w = 320, .box_w = 18, .box_h = 19, .ofs_x = 1, .ofs_y = -3},
    {.bitmap_index = 19481, .adv_w = 320, .box_w = 18, .box_h = 18, .ofs_x = 0, .ofs_y = -2},
    {.bitmap_index = 19643, .adv_w = 320, .box_w = 18, .box_h = 20, .ofs_x = 1, .ofs_y = -3},
    {.bitmap_index = 19823, .adv_w = 320, .box_w = 17, .box_h = 19, .ofs_x = 1, .ofs_y = -3},
    {.bitmap_index = 19985, .adv_w = 320, .box_w = 19, .box_h = 19, .ofs_x = 0, .ofs_y = -3},
    {.bitmap_index = 20166, .adv_w = 320, .box_w = 18, .box_h = 19, .ofs_x = 1, .ofs_y = -3},
    {.bitmap_index = 20337, .adv_w = 320, .box_w = 19, .box_h = 19, .ofs_x = 0, .ofs_y = -3},
    {.bitmap_index = 20518, .adv_w = 320, .box_w = 18, .box_h = 18, .ofs_x = 1, .ofs_y = -2},
    {.bitmap_index = 20680, .adv_w = 320, .box_w = 19, .box_h = 19, .ofs_x = 0, .ofs_y = -2},
    {.bitmap_index = 20861, .adv_w = 320, .box_w = 17, .box_h = 18, .ofs_x = 2, .ofs_y = -2},
    {.bitmap_index = 21014, .adv_w = 320, .box_w = 17, .box_h = 18, .ofs_x = 2, .ofs_y = -2},
    {.bitmap_index = 21167, .adv_w = 320, .box_w = 18, .box_h = 18, .ofs_x = 1, .ofs_y = -2},
    {.bitmap_index = 21329, .adv_w = 320, .box_w = 18, .box_h = 18, .ofs_x = 1, .ofs_y = -2},
    {.bitmap_index = 21491, .adv_w = 320, .box_w = 18, .box_h = 19, .ofs_x = 1, .ofs_y = -2},
    {.bitmap_index = 21662, .adv_w = 320, .box_w = 16, .box_h = 18, .ofs_x = 2, .ofs_y = -2},
    {.bitmap_index = 21806, .adv_w = 320, .box_w = 18, .box_h = 18, .ofs_x = 1, .ofs_y = -2},
    {.bitmap_index = 21968, .adv_w = 320, .box_w = 17, .box_h = 17, .ofs_x = 2, .ofs_y = -2},
    {.bitmap_index = 22113, .adv_w = 320, .box_w = 19, .box_h = 18, .ofs_x = 0, .ofs_y = -2},
    {.bitmap_index = 22284, .adv_w = 320, .box_w = 19, .box_h = 19, .ofs_x = 0, .ofs_y = -3},
    {.bitmap_index = 22465, .adv_w = 320, .box_w = 19, .box_h = 18, .ofs_x = 1, .ofs_y = -2},
    {.bitmap_index = 22636, .adv_w = 320, .box_w = 20, .box_h = 19, .ofs_x = 0, .ofs_y = -2},
    {.bitmap_index = 22826, .adv_w = 320, .box_w = 19, .box_h = 18, .ofs_x = 0, .ofs_y = -2},
    {.bitmap_index = 22997, .adv_w = 320, .box_w = 18, .box_h = 19, .ofs_x = 1, .ofs_y = -2},
    {.bitmap_index = 23168, .adv_w = 320, .box_w = 19, .box_h = 19, .ofs_x = 0, .ofs_y = -2},
    {.bitmap_index = 23349, .adv_w = 320, .box_w = 19, .box_h = 18, .ofs_x = 1, .ofs_y = -2},
    {.bitmap_index = 23520, .adv_w = 320, .box_w = 18, .box_h = 19, .ofs_x = 1, .ofs_y = -2},
    {.bitmap_index = 23691, .adv_w = 320, .box_w = 14, .box_h = 17, .ofs_x = 3, .ofs_y = -2},
    {.bitmap_index = 23810, .adv_w = 320, .box_w = 17, .box_h = 19, .ofs_x = 1, .ofs_y = -2},
    {.bitmap_index = 23972, .adv_w = 320, .box_w = 18, .box_h = 18, .ofs_x = 1, .ofs_y = -2},
    {.bitmap_index = 24134, .adv_w = 320, .box_w = 18, .box_h = 18, .ofs_x = 1, .ofs_y = -2},
    {.bitmap_index = 24296, .adv_w = 320, .box_w = 19, .box_h = 18, .ofs_x = 1, .ofs_y = -2},
    {.bitmap_index = 24467, .adv_w = 320, .box_w = 19, .box_h = 18, .ofs_x = 1, .ofs_y = -2},
    {.bitmap_index = 24638, .adv_w = 320, .box_w = 18, .box_h = 19, .ofs_x = 1, .ofs_y = -2},
    {.bitmap_index = 24809, .adv_w = 320, .box_w = 20, .box_h = 19, .ofs_x = 0, .ofs_y = -3},
    {.bitmap_index = 24999, .adv_w = 320, .box_w = 18, .box_h = 19, .ofs_x = 1, .ofs_y = -3},
    {.bitmap_index = 25170, .adv_w = 320, .box_w = 20, .box_h = 19, .ofs_x = 0, .ofs_y = -2},
    {.bitmap_index = 25360, .adv_w = 320, .box_w = 18, .box_h = 19, .ofs_x = 1, .ofs_y = -3},
    {.bitmap_index = 25531, .adv_w = 320, .box_w = 18, .box_h = 19, .ofs_x = 0, .ofs_y = -2},
    {.bitmap_index = 25702, .adv_w = 320, .box_w = 19, .box_h = 20, .ofs_x = 0, .ofs_y = -3},
    {.bitmap_index = 25892, .adv_w = 320, .box_w = 16, .box_h = 20, .ofs_x = 2, .ofs_y = -3},
    {.bitmap_index = 26052, .adv_w = 320, .box_w = 19, .box_h = 18, .ofs_x = 1, .ofs_y = -2},
    {.bitmap_index = 26223, .adv_w = 320, .box_w = 19, .box_h = 19, .ofs_x = 1, .ofs_y = -2},
    {.bitmap_index = 26404, .adv_w = 320, .box_w = 18, .box_h = 20, .ofs_x = 0, .ofs_y = -3},
    {.bitmap_index = 26584, .adv_w = 320, .box_w = 19, .box_h = 19, .ofs_x = 1, .ofs_y = -2},
    {.bitmap_index = 26765, .adv_w = 320, .box_w = 18, .box_h = 18, .ofs_x = 1, .ofs_y = -2},
    {.bitmap_index = 26927, .adv_w = 320, .box_w = 17, .box_h = 19, .ofs_x = 1, .ofs_y = -3},
    {.bitmap_index = 27089, .adv_w = 320, .box_w = 19, .box_h = 19, .ofs_x = 0, .ofs_y = -2},
    {.bitmap_index = 27270, .adv_w = 320, .box_w = 18, .box_h = 19, .ofs_x = 1, .ofs_y = -2},
    {.bitmap_index = 27441, .adv_w = 320, .box_w = 18, .box_h = 18, .ofs_x = 1, .ofs_y = -2},
    {.bitmap_index = 27603, .adv_w = 320, .box_w = 18, .box_h = 18, .ofs_x = 1, .ofs_y = -2},
    {.bitmap_index = 27765, .adv_w = 320, .box_w = 18, .box_h = 19, .ofs_x = 1, .ofs_y = -2},
    {.bitmap_index = 27936, .adv_w = 320, .box_w = 18, .box_h = 18, .ofs_x = 1, .ofs_y = -2},
    {.bitmap_index = 28098, .adv_w = 320, .box_w = 18, .box_h = 18, .ofs_x = 1, .ofs_y = -2},
    {.bitmap_index = 28260, .adv_w = 320, .box_w = 19, .box_h = 18, .ofs_x = 0, .ofs_y = -2},
    {.bitmap_index = 28431, .adv_w = 320, .box_w = 19, .box_h = 18, .ofs_x = 1, .ofs_y = -2},
    {.bitmap_index = 28602, .adv_w = 320, .box_w = 16, .box_h = 18, .ofs_x = 2, .ofs_y = -2},
    {.bitmap_index = 28746, .adv_w = 320, .box_w = 18, .box_h = 18, .ofs_x = 1, .ofs_y = -2},
    {.bitmap_index = 28908, .adv_w = 320, .box_w = 18, .box_h = 18, .ofs_x = 1, .ofs_y = -2},
    {.bitmap_index = 29070, .adv_w = 320, .box_w = 18, .box_h = 18, .ofs_x = 1, .ofs_y = -2},
    {.bitmap_index = 29232, .adv_w = 320, .box_w = 18, .box_h = 18, .ofs_x = 1, .ofs_y = -2},
    {.bitmap_index = 29394, .adv_w = 320, .box_w = 18, .box_h = 18, .ofs_x = 1, .ofs_y = -2},
    {.bitmap_index = 29556, .adv_w = 320, .box_w = 18, .box_h = 18, .ofs_x = 1, .ofs_y = -2},
    {.bitmap_index = 29718, .adv_w = 320, .box_w = 19, .box_h = 19, .ofs_x = 0, .ofs_y = -2},
    {.bitmap_index = 29899, .adv_w = 320, .box_w = 20, .box_h = 18, .ofs_x = 0, .ofs_y = -2},
    {.bitmap_index = 30079, .adv_w = 320, .box_w = 19, .box_h = 19, .ofs_x = 0, .ofs_y = -3},
    {.bitmap_index = 30260, .adv_w = 320, .box_w = 19, .box_h = 20, .ofs_x = 0, .ofs_y = -3},
    {.bitmap_index = 30450, .adv_w = 320, .box_w = 19, .box_h = 20, .ofs_x = 0, .ofs_y = -3},
    {.bitmap_index = 30640, .adv_w = 320, .box_w = 20, .box_h = 19, .ofs_x = 0, .ofs_y = -3},
    {.bitmap_index = 30830, .adv_w = 320, .box_w = 19, .box_h = 18, .ofs_x = 0, .ofs_y = -2},
    {.bitmap_index = 31001, .adv_w = 320, .box_w = 18, .box_h = 19, .ofs_x = 1, .ofs_y = -2},
    {.bitmap_index = 31172, .adv_w = 320, .box_w = 18, .box_h = 18, .ofs_x = 1, .ofs_y = -2},
    {.bitmap_index = 31334, .adv_w = 320, .box_w = 20, .box_h = 18, .ofs_x = 0, .ofs_y = -2},
    {.bitmap_index = 31514, .adv_w = 320, .box_w = 20, .box_h = 19, .ofs_x = 0, .ofs_y = -2},
    {.bitmap_index = 31704, .adv_w = 320, .box_w = 20, .box_h = 20, .ofs_x = 0, .ofs_y = -3},
    {.bitmap_index = 31904, .adv_w = 320, .box_w = 19, .box_h = 19, .ofs_x = 0, .ofs_y = -2},
    {.bitmap_index = 32085, .adv_w = 320, .box_w = 19, .box_h = 18, .ofs_x = 0, .ofs_y = -2},
    {.bitmap_index = 32256, .adv_w = 320, .box_w = 19, .box_h = 20, .ofs_x = 0, .ofs_y = -3},
    {.bitmap_index = 32446, .adv_w = 320, .box_w = 18, .box_h = 19, .ofs_x = 1, .ofs_y = -2},
    {.bitmap_index = 32617, .adv_w = 320, .box_w = 18, .box_h = 18, .ofs_x = 1, .ofs_y = -2},
    {.bitmap_index = 32779, .adv_w = 320, .box_w = 17, .box_h = 19, .ofs_x = 1, .ofs_y = -2},
    {.bitmap_index = 32941, .adv_w = 320, .box_w = 19, .box_h = 20, .ofs_x = 0, .ofs_y = -3},
    {.bitmap_index = 33131, .adv_w = 320, .box_w = 19, .box_h = 18, .ofs_x = 1, .ofs_y = -2},
    {.bitmap_index = 33302, .adv_w = 320, .box_w = 19, .box_h = 18, .ofs_x = 0, .ofs_y = -2},
    {.bitmap_index = 33473, .adv_w = 320, .box_w = 19, .box_h = 18, .ofs_x = 0, .ofs_y = -2},
    {.bitmap_index = 33644, .adv_w = 320, .box_w = 19, .box_h = 18, .ofs_x = 1, .ofs_y = -2},
    {.bitmap_index = 33815, .adv_w = 320, .box_w = 19, .box_h = 19, .ofs_x = 1, .ofs_y = -3},
    {.bitmap_index = 33996, .adv_w = 320, .box_w = 18, .box_h = 19, .ofs_x = 1, .ofs_y = -3},
    {.bitmap_index = 34167, .adv_w = 320, .box_w = 19, .box_h = 20, .ofs_x = 1, .ofs_y = -3},
    {.bitmap_index = 34357, .adv_w = 320, .box_w = 19, .box_h = 19, .ofs_x = 0, .ofs_y = -2},
    {.bitmap_index = 34538, .adv_w = 320, .box_w = 18, .box_h = 18, .ofs_x = 1, .ofs_y = -2},
    {.bitmap_index = 34700, .adv_w = 320, .box_w = 18, .box_h = 19, .ofs_x = 1, .ofs_y = -2},
    {.bitmap_index = 34871, .adv_w = 320, .box_w = 19, .box_h = 19, .ofs_x = 0, .ofs_y = -2},
    {.bitmap_index = 35052, .adv_w = 320, .box_w = 18, .box_h = 19, .ofs_x = 1, .ofs_y = -2},
    {.bitmap_index = 35223, .adv_w = 320, .box_w = 18, .box_h = 19, .ofs_x = 1, .ofs_y = -2},
    {.bitmap_index = 35394, .adv_w = 320, .box_w = 19, .box_h = 20, .ofs_x = 0, .ofs_y = -3},
    {.bitmap_index = 35584, .adv_w = 320, .box_w = 18, .box_h = 19, .ofs_x = 1, .ofs_y = -2},
    {.bitmap_index = 35755, .adv_w = 320, .box_w = 18, .box_h = 19, .ofs_x = 1, .ofs_y = -2},
    {.bitmap_index = 35926, .adv_w = 320, .box_w = 19, .box_h = 19, .ofs_x = 0, .ofs_y = -2},
    {.bitmap_index = 36107, .adv_w = 320, .box_w = 18, .box_h = 18, .ofs_x = 1, .ofs_y = -2},
    {.bitmap_index = 36269, .adv_w = 320, .box_w = 19, .box_h = 19, .ofs_x = 0, .ofs_y = -2},
    {.bitmap_index = 36450, .adv_w = 320, .box_w = 18, .box_h = 18, .ofs_x = 1, .ofs_y = -2},
    {.bitmap_index = 36612, .adv_w = 320, .box_w = 20, .box_h = 20, .ofs_x = 0, .ofs_y = -3},
    {.bitmap_index = 36812, .adv_w = 320, .box_w = 19, .box_h = 18, .ofs_x = 0, .ofs_y = -2},
    {.bitmap_index = 36983, .adv_w = 320, .box_w = 19, .box_h = 19, .ofs_x = 0, .ofs_y = -3},
    {.bitmap_index = 37164, .adv_w = 320, .box_w = 19, .box_h = 19, .ofs_x = 0, .ofs_y = -3},
    {.bitmap_index = 37345, .adv_w = 320, .box_w = 19, .box_h = 19, .ofs_x = 0, .ofs_y = -3},
    {.bitmap_index = 37526, .adv_w = 320, .box_w = 19, .box_h = 19, .ofs_x = 1, .ofs_y = -2},
    {.bitmap_index = 37707, .adv_w = 320, .box_w = 20, .box_h = 19, .ofs_x = 0, .ofs_y = -3},
    {.bitmap_index = 37897, .adv_w = 320, .box_w = 18, .box_h = 18, .ofs_x = 1, .ofs_y = -2},
    {.bitmap_index = 38059, .adv_w = 320, .box_w = 18, .box_h = 19, .ofs_x = 1, .ofs_y = -2},
    {.bitmap_index = 38230, .adv_w = 320, .box_w = 17, .box_h = 18, .ofs_x = 2, .ofs_y = -2},
    {.bitmap_index = 38383, .adv_w = 320, .box_w = 17, .box_h = 18, .ofs_x = 2, .ofs_y = -2},
    {.bitmap_index = 38536, .adv_w = 320, .box_w = 18, .box_h = 19, .ofs_x = 1, .ofs_y = -2},
    {.bitmap_index = 38707, .adv_w = 320, .box_w = 18, .box_h = 18, .ofs_x = 1, .ofs_y = -2},
    {.bitmap_index = 38869, .adv_w = 320, .box_w = 18, .box_h = 18, .ofs_x = 1, .ofs_y = -2},
    {.bitmap_index = 39031, .adv_w = 320, .box_w = 18, .box_h = 18, .ofs_x = 1, .ofs_y = -2},
    {.bitmap_index = 39193, .adv_w = 320, .box_w = 19, .box_h = 18, .ofs_x = 1, .ofs_y = -2},
    {.bitmap_index = 39364, .adv_w = 320, .box_w = 18, .box_h = 17, .ofs_x = 1, .ofs_y = -2},
    {.bitmap_index = 39517, .adv_w = 320, .box_w = 18, .box_h = 18, .ofs_x = 1, .ofs_y = -2},
    {.bitmap_index = 39679, .adv_w = 320, .box_w = 18, .box_h = 20, .ofs_x = 1, .ofs_y = -3},
    {.bitmap_index = 39859, .adv_w = 320, .box_w = 19, .box_h = 19, .ofs_x = 0, .ofs_y = -2},
    {.bitmap_index = 40040, .adv_w = 320, .box_w = 19, .box_h = 19, .ofs_x = 0, .ofs_y = -2},
    {.bitmap_index = 40221, .adv_w = 320, .box_w = 19, .box_h = 20, .ofs_x = 0, .ofs_y = -3},
    {.bitmap_index = 40411, .adv_w = 320, .box_w = 19, .box_h = 19, .ofs_x = 1, .ofs_y = -3},
    {.bitmap_index = 40592, .adv_w = 320, .box_w = 18, .box_h = 19, .ofs_x = 1, .ofs_y = -3},
    {.bitmap_index = 40763, .adv_w = 320, .box_w = 18, .box_h = 19, .ofs_x = 1, .ofs_y = -3},
    {.bitmap_index = 40934, .adv_w = 320, .box_w = 19, .box_h = 19, .ofs_x = 1, .ofs_y = -2},
    {.bitmap_index = 41115, .adv_w = 320, .box_w = 18, .box_h = 20, .ofs_x = 1, .ofs_y = -3},
    {.bitmap_index = 41295, .adv_w = 320, .box_w = 18, .box_h = 18, .ofs_x = 1, .ofs_y = -2},
    {.bitmap_index = 41457, .adv_w = 320, .box_w = 19, .box_h = 20, .ofs_x = 1, .ofs_y = -3},
    {.bitmap_index = 41647, .adv_w = 320, .box_w = 18, .box_h = 19, .ofs_x = 1, .ofs_y = -3},
    {.bitmap_index = 41818, .adv_w = 320, .box_w = 17, .box_h = 18, .ofs_x = 2, .ofs_y = -2},
    {.bitmap_index = 41971, .adv_w = 320, .box_w = 16, .box_h = 18, .ofs_x = 2, .ofs_y = -2},
    {.bitmap_index = 42115, .adv_w = 320, .box_w = 20, .box_h = 19, .ofs_x = 0, .ofs_y = -2},
    {.bitmap_index = 42305, .adv_w = 320, .box_w = 20, .box_h = 19, .ofs_x = 0, .ofs_y = -2},
    {.bitmap_index = 42495, .adv_w = 320, .box_w = 19, .box_h = 19, .ofs_x = 0, .ofs_y = -2},
    {.bitmap_index = 42676, .adv_w = 320, .box_w = 20, .box_h = 18, .ofs_x = 0, .ofs_y = -2},
    {.bitmap_index = 42856, .adv_w = 320, .box_w = 19, .box_h = 19, .ofs_x = 0, .ofs_y = -2},
    {.bitmap_index = 43037, .adv_w = 320, .box_w = 20, .box_h = 19, .ofs_x = 0, .ofs_y = -2},
    {.bitmap_index = 43227, .adv_w = 320, .box_w = 19, .box_h = 18, .ofs_x = 1, .ofs_y = -2},
    {.bitmap_index = 43398, .adv_w = 320, .box_w = 19, .box_h = 19, .ofs_x = 1, .ofs_y = -3},
    {.bitmap_index = 43579, .adv_w = 320, .box_w = 19, .box_h = 18, .ofs_x = 0, .ofs_y = -2},
    {.bitmap_index = 43750, .adv_w = 320, .box_w = 20, .box_h = 18, .ofs_x = 0, .ofs_y = -2},
    {.bitmap_index = 43930, .adv_w = 320, .box_w = 20, .box_h = 18, .ofs_x = 0, .ofs_y = -2},
    {.bitmap_index = 44110, .adv_w = 320, .box_w = 20, .box_h = 19, .ofs_x = 0, .ofs_y = -2},
    {.bitmap_index = 44300, .adv_w = 320, .box_w = 20, .box_h = 18, .ofs_x = 0, .ofs_y = -2},
    {.bitmap_index = 44480, .adv_w = 320, .box_w = 20, .box_h = 18, .ofs_x = 0, .ofs_y = -2},
    {.bitmap_index = 44660, .adv_w = 320, .box_w = 20, .box_h = 19, .ofs_x = 0, .ofs_y = -2},
    {.bitmap_index = 44850, .adv_w = 320, .box_w = 20, .box_h = 18, .ofs_x = 0, .ofs_y = -2},
    {.bitmap_index = 45030, .adv_w = 320, .box_w = 20, .box_h = 19, .ofs_x = 0, .ofs_y = -3},
    {.bitmap_index = 45220, .adv_w = 320, .box_w = 20, .box_h = 19, .ofs_x = 0, .ofs_y = -2},
    {.bitmap_index = 45410, .adv_w = 320, .box_w = 19, .box_h = 18, .ofs_x = 1, .ofs_y = -2},
    {.bitmap_index = 45581, .adv_w = 320, .box_w = 19, .box_h = 18, .ofs_x = 0, .ofs_y = -2},
    {.bitmap_index = 45752, .adv_w = 320, .box_w = 19, .box_h = 19, .ofs_x = 1, .ofs_y = -2},
    {.bitmap_index = 45933, .adv_w = 320, .box_w = 20, .box_h = 19, .ofs_x = 0, .ofs_y = -2},
    {.bitmap_index = 46123, .adv_w = 320, .box_w = 19, .box_h = 19, .ofs_x = 0, .ofs_y = -3},
    {.bitmap_index = 46304, .adv_w = 320, .box_w = 19, .box_h = 19, .ofs_x = 0, .ofs_y = -2},
    {.bitmap_index = 46485, .adv_w = 320, .box_w = 19, .box_h = 18, .ofs_x = 1, .ofs_y = -2},
    {.bitmap_index = 46656, .adv_w = 320, .box_w = 19, .box_h = 19, .ofs_x = 1, .ofs_y = -2},
    {.bitmap_index = 46837, .adv_w = 320, .box_w = 19, .box_h = 20, .ofs_x = 1, .ofs_y = -3},
    {.bitmap_index = 47027, .adv_w = 320, .box_w = 17, .box_h = 19, .ofs_x = 1, .ofs_y = -2},
    {.bitmap_index = 47189, .adv_w = 320, .box_w = 19, .box_h = 20, .ofs_x = 0, .ofs_y = -3},
    {.bitmap_index = 47379, .adv_w = 320, .box_w = 18, .box_h = 19, .ofs_x = 1, .ofs_y = -2},
    {.bitmap_index = 47550, .adv_w = 320, .box_w = 18, .box_h = 19, .ofs_x = 1, .ofs_y = -3},
    {.bitmap_index = 47721, .adv_w = 320, .box_w = 19, .box_h = 19, .ofs_x = 0, .ofs_y = -3},
    {.bitmap_index = 47902, .adv_w = 320, .box_w = 18, .box_h = 18, .ofs_x = 1, .ofs_y = -2},
    {.bitmap_index = 48064, .adv_w = 320, .box_w = 19, .box_h = 18, .ofs_x = 0, .ofs_y = -2},
    {.bitmap_index = 48235, .adv_w = 320, .box_w = 19, .box_h = 18, .ofs_x = 0, .ofs_y = -2},
    {.bitmap_index = 48406, .adv_w = 320, .box_w = 19, .box_h = 18, .ofs_x = 0, .ofs_y = -2},
    {.bitmap_index = 48577, .adv_w = 320, .box_w = 20, .box_h = 18, .ofs_x = 0, .ofs_y = -2},
    {.bitmap_index = 48757, .adv_w = 320, .box_w = 20, .box_h = 18, .ofs_x = 0, .ofs_y = -2},
    {.bitmap_index = 48937, .adv_w = 320, .box_w = 20, .box_h = 18, .ofs_x = 0, .ofs_y = -2},
    {.bitmap_index = 49117, .adv_w = 320, .box_w = 19, .box_h = 19, .ofs_x = 0, .ofs_y = -2},
    {.bitmap_index = 49298, .adv_w = 320, .box_w = 19, .box_h = 19, .ofs_x = 0, .ofs_y = -2},
    {.bitmap_index = 49479, .adv_w = 320, .box_w = 19, .box_h = 19, .ofs_x = 0, .ofs_y = -2},
    {.bitmap_index = 49660, .adv_w = 320, .box_w = 19, .box_h = 19, .ofs_x = 0, .ofs_y = -2},
    {.bitmap_index = 49841, .adv_w = 320, .box_w = 19, .box_h = 18, .ofs_x = 0, .ofs_y = -2},
    {.bitmap_index = 50012, .adv_w = 320, .box_w = 19, .box_h = 20, .ofs_x = 1, .ofs_y = -3},
    {.bitmap_index = 50202, .adv_w = 320, .box_w = 19, .box_h = 19, .ofs_x = 0, .ofs_y = -2},
    {.bitmap_index = 50383, .adv_w = 320, .box_w = 20, .box_h = 18, .ofs_x = 0, .ofs_y = -2},
    {.bitmap_index = 50563, .adv_w = 320, .box_w = 19, .box_h = 18, .ofs_x = 0, .ofs_y = -2},
    {.bitmap_index = 50734, .adv_w = 320, .box_w = 19, .box_h = 20, .ofs_x = 0, .ofs_y = -3},
    {.bitmap_index = 50924, .adv_w = 320, .box_w = 20, .box_h = 19, .ofs_x = 0, .ofs_y = -3},
    {.bitmap_index = 51114, .adv_w = 320, .box_w = 20, .box_h = 19, .ofs_x = 0, .ofs_y = -2},
    {.bitmap_index = 51304, .adv_w = 320, .box_w = 19, .box_h = 18, .ofs_x = 0, .ofs_y = -2},
    {.bitmap_index = 51475, .adv_w = 320, .box_w = 18, .box_h = 18, .ofs_x = 1, .ofs_y = -2},
    {.bitmap_index = 51637, .adv_w = 320, .box_w = 19, .box_h = 18, .ofs_x = 0, .ofs_y = -2},
    {.bitmap_index = 51808, .adv_w = 320, .box_w = 19, .box_h = 19, .ofs_x = 0, .ofs_y = -2},
    {.bitmap_index = 51989, .adv_w = 320, .box_w = 20, .box_h = 19, .ofs_x = 0, .ofs_y = -2},
    {.bitmap_index = 52179, .adv_w = 320, .box_w = 19, .box_h = 18, .ofs_x = 0, .ofs_y = -2},
    {.bitmap_index = 52350, .adv_w = 320, .box_w = 19, .box_h = 18, .ofs_x = 0, .ofs_y = -2},
    {.bitmap_index = 52521, .adv_w = 320, .box_w = 19, .box_h = 19, .ofs_x = 0, .ofs_y = -3},
    {.bitmap_index = 52702, .adv_w = 320, .box_w = 20, .box_h = 19, .ofs_x = 0, .ofs_y = -2},
    {.bitmap_index = 52892, .adv_w = 320, .box_w = 18, .box_h = 20, .ofs_x = 2, .ofs_y = -3},
    {.bitmap_index = 53072, .adv_w = 320, .box_w = 19, .box_h = 19, .ofs_x = 1, .ofs_y = -2},
    {.bitmap_index = 53253, .adv_w = 320, .box_w = 20, .box_h = 20, .ofs_x = 0, .ofs_y = -3},
    {.bitmap_index = 53453, .adv_w = 320, .box_w = 20, .box_h = 19, .ofs_x = 0, .ofs_y = -2},
    {.bitmap_index = 53643, .adv_w = 320, .box_w = 20, .box_h = 19, .ofs_x = 0, .ofs_y = -3},
    {.bitmap_index = 53833, .adv_w = 320, .box_w = 19, .box_h = 19, .ofs_x = 1, .ofs_y = -3},
    {.bitmap_index = 54014, .adv_w = 320, .box_w = 20, .box_h = 19, .ofs_x = 0, .ofs_y = -3},
    {.bitmap_index = 54204, .adv_w = 320, .box_w = 20, .box_h = 19, .ofs_x = 0, .ofs_y = -2},
    {.bitmap_index = 54394, .adv_w = 320, .box_w = 18, .box_h = 18, .ofs_x = 1, .ofs_y = -2},
    {.bitmap_index = 54556, .adv_w = 320, .box_w = 19, .box_h = 19, .ofs_x = 0, .ofs_y = -2},
    {.bitmap_index = 54737, .adv_w = 320, .box_w = 20, .box_h = 19, .ofs_x = 0, .ofs_y = -2},
    {.bitmap_index = 54927, .adv_w = 320, .box_w = 18, .box_h = 20, .ofs_x = 1, .ofs_y = -3},
    {.bitmap_index = 55107, .adv_w = 320, .box_w = 19, .box_h = 19, .ofs_x = 0, .ofs_y = -2},
    {.bitmap_index = 55288, .adv_w = 320, .box_w = 18, .box_h = 20, .ofs_x = 1, .ofs_y = -3},
    {.bitmap_index = 55468, .adv_w = 320, .box_w = 19, .box_h = 20, .ofs_x = 0, .ofs_y = -3},
    {.bitmap_index = 55658, .adv_w = 320, .box_w = 19, .box_h = 19, .ofs_x = 0, .ofs_y = -3},
    {.bitmap_index = 55839, .adv_w = 320, .box_w = 18, .box_h = 18, .ofs_x = 1, .ofs_y = -2},
    {.bitmap_index = 56001, .adv_w = 320, .box_w = 18, .box_h = 19, .ofs_x = 1, .ofs_y = -3},
    {.bitmap_index = 56172, .adv_w = 320, .box_w = 19, .box_h = 19, .ofs_x = 0, .ofs_y = -3},
    {.bitmap_index = 56353, .adv_w = 320, .box_w = 18, .box_h = 17, .ofs_x = 1, .ofs_y = -1},
    {.bitmap_index = 56506, .adv_w = 320, .box_w = 19, .box_h = 19, .ofs_x = 0, .ofs_y = -3},
    {.bitmap_index = 56687, .adv_w = 320, .box_w = 18, .box_h = 19, .ofs_x = 1, .ofs_y = -2},
    {.bitmap_index = 56858, .adv_w = 320, .box_w = 18, .box_h = 18, .ofs_x = 1, .ofs_y = -2},
    {.bitmap_index = 57020, .adv_w = 320, .box_w = 19, .box_h = 19, .ofs_x = 1, .ofs_y = -2},
    {.bitmap_index = 57201, .adv_w = 320, .box_w = 19, .box_h = 19, .ofs_x = 1, .ofs_y = -3},
    {.bitmap_index = 57382, .adv_w = 320, .box_w = 18, .box_h = 18, .ofs_x = 1, .ofs_y = -2},
    {.bitmap_index = 57544, .adv_w = 320, .box_w = 18, .box_h = 20, .ofs_x = 1, .ofs_y = -3},
    {.bitmap_index = 57724, .adv_w = 320, .box_w = 18, .box_h = 19, .ofs_x = 1, .ofs_y = -2},
    {.bitmap_index = 57895, .adv_w = 320, .box_w = 18, .box_h = 19, .ofs_x = 1, .ofs_y = -3},
    {.bitmap_index = 58066, .adv_w = 320, .box_w = 18, .box_h = 19, .ofs_x = 1, .ofs_y = -3},
    {.bitmap_index = 58237, .adv_w = 320, .box_w = 19, .box_h = 18, .ofs_x = 0, .ofs_y = -2},
    {.bitmap_index = 58408, .adv_w = 320, .box_w = 19, .box_h = 18, .ofs_x = 0, .ofs_y = -2},
    {.bitmap_index = 58579, .adv_w = 320, .box_w = 19, .box_h = 18, .ofs_x = 0, .ofs_y = -2},
    {.bitmap_index = 58750, .adv_w = 320, .box_w = 18, .box_h = 19, .ofs_x = 1, .ofs_y = -2},
    {.bitmap_index = 58921, .adv_w = 320, .box_w = 20, .box_h = 18, .ofs_x = 0, .ofs_y = -2},
    {.bitmap_index = 59101, .adv_w = 320, .box_w = 19, .box_h = 18, .ofs_x = 0, .ofs_y = -2},
    {.bitmap_index = 59272, .adv_w = 320, .box_w = 19, .box_h = 18, .ofs_x = 0, .ofs_y = -2},
    {.bitmap_index = 59443, .adv_w = 320, .box_w = 19, .box_h = 19, .ofs_x = 0, .ofs_y = -2},
    {.bitmap_index = 59624, .adv_w = 320, .box_w = 19, .box_h = 18, .ofs_x = 0, .ofs_y = -2},
    {.bitmap_index = 59795, .adv_w = 320, .box_w = 19, .box_h = 18, .ofs_x = 0, .ofs_y = -2},
    {.bitmap_index = 59966, .adv_w = 320, .box_w = 19, .box_h = 18, .ofs_x = 0, .ofs_y = -2},
    {.bitmap_index = 60137, .adv_w = 320, .box_w = 19, .box_h = 18, .ofs_x = 0, .ofs_y = -2},
    {.bitmap_index = 60308, .adv_w = 320, .box_w = 19, .box_h = 19, .ofs_x = 0, .ofs_y = -3},
    {.bitmap_index = 60489, .adv_w = 320, .box_w = 19, .box_h = 19, .ofs_x = 0, .ofs_y = -2},
    {.bitmap_index = 60670, .adv_w = 320, .box_w = 19, .box_h = 18, .ofs_x = 0, .ofs_y = -2},
    {.bitmap_index = 60841, .adv_w = 320, .box_w = 19, .box_h = 19, .ofs_x = 0, .ofs_y = -2},
    {.bitmap_index = 61022, .adv_w = 320, .box_w = 19, .box_h = 18, .ofs_x = 0, .ofs_y = -2},
    {.bitmap_index = 61193, .adv_w = 320, .box_w = 19, .box_h = 19, .ofs_x = 0, .ofs_y = -2},
    {.bitmap_index = 61374, .adv_w = 320, .box_w = 19, .box_h = 18, .ofs_x = 0, .ofs_y = -2},
    {.bitmap_index = 61545, .adv_w = 320, .box_w = 19, .box_h = 19, .ofs_x = 0, .ofs_y = -2},
    {.bitmap_index = 61726, .adv_w = 320, .box_w = 20, .box_h = 19, .ofs_x = 0, .ofs_y = -2},
    {.bitmap_index = 61916, .adv_w = 320, .box_w = 19, .box_h = 19, .ofs_x = 1, .ofs_y = -2},
    {.bitmap_index = 62097, .adv_w = 320, .box_w = 19, .box_h = 19, .ofs_x = 1, .ofs_y = -2},
    {.bitmap_index = 62278, .adv_w = 320, .box_w = 18, .box_h = 17, .ofs_x = 1, .ofs_y = -1},
    {.bitmap_index = 62431, .adv_w = 320, .box_w = 18, .box_h = 18, .ofs_x = 1, .ofs_y = -2},
    {.bitmap_index = 62593, .adv_w = 320, .box_w = 20, .box_h = 18, .ofs_x = 0, .ofs_y = -2},
    {.bitmap_index = 62773, .adv_w = 320, .box_w = 18, .box_h = 19, .ofs_x = 1, .ofs_y = -3},
    {.bitmap_index = 62944, .adv_w = 320, .box_w = 19, .box_h = 18, .ofs_x = 1, .ofs_y = -2},
    {.bitmap_index = 63115, .adv_w = 320, .box_w = 20, .box_h = 20, .ofs_x = 0, .ofs_y = -3},
    {.bitmap_index = 63315, .adv_w = 320, .box_w = 18, .box_h = 19, .ofs_x = 1, .ofs_y = -2},
    {.bitmap_index = 63486, .adv_w = 320, .box_w = 17, .box_h = 19, .ofs_x = 2, .ofs_y = -3},
    {.bitmap_index = 63648, .adv_w = 320, .box_w = 19, .box_h = 18, .ofs_x = 1, .ofs_y = -2},
    {.bitmap_index = 63819, .adv_w = 320, .box_w = 19, .box_h = 19, .ofs_x = 1, .ofs_y = -2},
    {.bitmap_index = 64000, .adv_w = 320, .box_w = 19, .box_h = 19, .ofs_x = 1, .ofs_y = -2},
    {.bitmap_index = 64181, .adv_w = 320, .box_w = 18, .box_h = 20, .ofs_x = 1, .ofs_y = -3},
    {.bitmap_index = 64361, .adv_w = 320, .box_w = 19, .box_h = 18, .ofs_x = 0, .ofs_y = -2},
    {.bitmap_index = 64532, .adv_w = 320, .box_w = 19, .box_h = 18, .ofs_x = 0, .ofs_y = -2},
    {.bitmap_index = 64703, .adv_w = 320, .box_w = 19, .box_h = 19, .ofs_x = 0, .ofs_y = -2},
    {.bitmap_index = 64884, .adv_w = 320, .box_w = 20, .box_h = 19, .ofs_x = 0, .ofs_y = -2},
    {.bitmap_index = 65074, .adv_w = 320, .box_w = 20, .box_h = 20, .ofs_x = 0, .ofs_y = -3},
    {.bitmap_index = 65274, .adv_w = 320, .box_w = 19, .box_h = 19, .ofs_x = 0, .ofs_y = -3},
    {.bitmap_index = 65455, .adv_w = 320, .box_w = 19, .box_h = 19, .ofs_x = 0, .ofs_y = -3},
    {.bitmap_index = 65636, .adv_w = 320, .box_w = 19, .box_h = 19, .ofs_x = 0, .ofs_y = -2},
    {.bitmap_index = 65817, .adv_w = 320, .box_w = 20, .box_h = 19, .ofs_x = 0, .ofs_y = -2},
    {.bitmap_index = 66007, .adv_w = 320, .box_w = 19, .box_h = 20, .ofs_x = 0, .ofs_y = -3},
    {.bitmap_index = 66197, .adv_w = 320, .box_w = 19, .box_h = 18, .ofs_x = 0, .ofs_y = -2},
    {.bitmap_index = 66368, .adv_w = 320, .box_w = 19, .box_h = 19, .ofs_x = 0, .ofs_y = -2},
    {.bitmap_index = 66549, .adv_w = 320, .box_w = 19, .box_h = 20, .ofs_x = 0, .ofs_y = -3},
    {.bitmap_index = 66739, .adv_w = 320, .box_w = 19, .box_h = 19, .ofs_x = 0, .ofs_y = -2},
    {.bitmap_index = 66920, .adv_w = 320, .box_w = 18, .box_h = 18, .ofs_x = 1, .ofs_y = -2},
    {.bitmap_index = 67082, .adv_w = 320, .box_w = 18, .box_h = 19, .ofs_x = 1, .ofs_y = -2},
    {.bitmap_index = 67253, .adv_w = 320, .box_w = 19, .box_h = 18, .ofs_x = 1, .ofs_y = -2},
    {.bitmap_index = 67424, .adv_w = 320, .box_w = 18, .box_h = 19, .ofs_x = 0, .ofs_y = -2},
    {.bitmap_index = 67595, .adv_w = 320, .box_w = 19, .box_h = 20, .ofs_x = 0, .ofs_y = -3},
    {.bitmap_index = 67785, .adv_w = 320, .box_w = 20, .box_h = 19, .ofs_x = 0, .ofs_y = -2},
    {.bitmap_index = 67975, .adv_w = 320, .box_w = 18, .box_h = 19, .ofs_x = 1, .ofs_y = -2},
    {.bitmap_index = 68146, .adv_w = 320, .box_w = 18, .box_h = 19, .ofs_x = 1, .ofs_y = -2},
    {.bitmap_index = 68317, .adv_w = 320, .box_w = 19, .box_h = 19, .ofs_x = 1, .ofs_y = -3},
    {.bitmap_index = 68498, .adv_w = 320, .box_w = 19, .box_h = 19, .ofs_x = 1, .ofs_y = -2},
    {.bitmap_index = 68679, .adv_w = 320, .box_w = 19, .box_h = 19, .ofs_x = 1, .ofs_y = -2},
    {.bitmap_index = 68860, .adv_w = 320, .box_w = 18, .box_h = 18, .ofs_x = 1, .ofs_y = -2},
    {.bitmap_index = 69022, .adv_w = 320, .box_w = 18, .box_h = 19, .ofs_x = 0, .ofs_y = -3},
    {.bitmap_index = 69193, .adv_w = 320, .box_w = 16, .box_h = 18, .ofs_x = 2, .ofs_y = -2},
    {.bitmap_index = 69337, .adv_w = 320, .box_w = 18, .box_h = 18, .ofs_x = 2, .ofs_y = -2},
    {.bitmap_index = 69499, .adv_w = 320, .box_w = 18, .box_h = 18, .ofs_x = 1, .ofs_y = -2},
    {.bitmap_index = 69661, .adv_w = 320, .box_w = 20, .box_h = 19, .ofs_x = 0, .ofs_y = -3},
    {.bitmap_index = 69851, .adv_w = 320, .box_w = 18, .box_h = 19, .ofs_x = 1, .ofs_y = -3},
    {.bitmap_index = 70022, .adv_w = 320, .box_w = 16, .box_h = 19, .ofs_x = 2, .ofs_y = -2},
    {.bitmap_index = 70174, .adv_w = 320, .box_w = 18, .box_h = 19, .ofs_x = 1, .ofs_y = -2},
    {.bitmap_index = 70345, .adv_w = 320, .box_w = 19, .box_h = 18, .ofs_x = 0, .ofs_y = -2},
    {.bitmap_index = 70516, .adv_w = 320, .box_w = 18, .box_h = 19, .ofs_x = 1, .ofs_y = -2},
    {.bitmap_index = 70687, .adv_w = 320, .box_w = 14, .box_h = 18, .ofs_x = 3, .ofs_y = -2},
    {.bitmap_index = 70813, .adv_w = 320, .box_w = 18, .box_h = 18, .ofs_x = 1, .ofs_y = -2},
    {.bitmap_index = 70975, .adv_w = 320, .box_w = 18, .box_h = 18, .ofs_x = 1, .ofs_y = -2},
    {.bitmap_index = 71137, .adv_w = 320, .box_w = 19, .box_h = 18, .ofs_x = 0, .ofs_y = -2},
    {.bitmap_index = 71308, .adv_w = 320, .box_w = 19, .box_h = 19, .ofs_x = 0, .ofs_y = -2},
    {.bitmap_index = 71489, .adv_w = 320, .box_w = 18, .box_h = 18, .ofs_x = 1, .ofs_y = -2},
    {.bitmap_index = 71651, .adv_w = 320, .box_w = 19, .box_h = 19, .ofs_x = 0, .ofs_y = -2},
    {.bitmap_index = 71832, .adv_w = 320, .box_w = 18, .box_h = 19, .ofs_x = 1, .ofs_y = -2},
    {.bitmap_index = 72003, .adv_w = 320, .box_w = 18, .box_h = 19, .ofs_x = 1, .ofs_y = -2},
    {.bitmap_index = 72174, .adv_w = 320, .box_w = 19, .box_h = 20, .ofs_x = 0, .ofs_y = -3},
    {.bitmap_index = 72364, .adv_w = 320, .box_w = 19, .box_h = 19, .ofs_x = 0, .ofs_y = -2},
    {.bitmap_index = 72545, .adv_w = 320, .box_w = 19, .box_h = 18, .ofs_x = 0, .ofs_y = -2},
    {.bitmap_index = 72716, .adv_w = 320, .box_w = 18, .box_h = 20, .ofs_x = 1, .ofs_y = -3},
    {.bitmap_index = 72896, .adv_w = 320, .box_w = 19, .box_h = 19, .ofs_x = 0, .ofs_y = -2},
    {.bitmap_index = 73077, .adv_w = 320, .box_w = 19, .box_h = 20, .ofs_x = 0, .ofs_y = -3},
    {.bitmap_index = 73267, .adv_w = 320, .box_w = 19, .box_h = 20, .ofs_x = 0, .ofs_y = -3},
    {.bitmap_index = 73457, .adv_w = 320, .box_w = 19, .box_h = 19, .ofs_x = 0, .ofs_y = -2},
    {.bitmap_index = 73638, .adv_w = 320, .box_w = 19, .box_h = 18, .ofs_x = 0, .ofs_y = -2},
    {.bitmap_index = 73809, .adv_w = 320, .box_w = 20, .box_h = 19, .ofs_x = 0, .ofs_y = -2},
    {.bitmap_index = 73999, .adv_w = 320, .box_w = 18, .box_h = 19, .ofs_x = 1, .ofs_y = -2},
    {.bitmap_index = 74170, .adv_w = 320, .box_w = 18, .box_h = 19, .ofs_x = 1, .ofs_y = -2},
    {.bitmap_index = 74341, .adv_w = 320, .box_w = 18, .box_h = 18, .ofs_x = 1, .ofs_y = -2},
    {.bitmap_index = 74503, .adv_w = 320, .box_w = 19, .box_h = 18, .ofs_x = 1, .ofs_y = -2},
    {.bitmap_index = 74674, .adv_w = 320, .box_w = 19, .box_h = 19, .ofs_x = 0, .ofs_y = -2},
    {.bitmap_index = 74855, .adv_w = 320, .box_w = 19, .box_h = 19, .ofs_x = 0, .ofs_y = -2},
    {.bitmap_index = 75036, .adv_w = 320, .box_w = 18, .box_h = 19, .ofs_x = 1, .ofs_y = -2},
    {.bitmap_index = 75207, .adv_w = 320, .box_w = 19, .box_h = 20, .ofs_x = 0, .ofs_y = -3},
    {.bitmap_index = 75397, .adv_w = 320, .box_w = 19, .box_h = 20, .ofs_x = 1, .ofs_y = -3},
    {.bitmap_index = 75587, .adv_w = 320, .box_w = 18, .box_h = 20, .ofs_x = 1, .ofs_y = -3},
    {.bitmap_index = 75767, .adv_w = 320, .box_w = 19, .box_h = 19, .ofs_x = 1, .ofs_y = -2},
    {.bitmap_index = 75948, .adv_w = 320, .box_w = 19, .box_h = 18, .ofs_x = 0, .ofs_y = -2},
    {.bitmap_index = 76119, .adv_w = 320, .box_w = 20, .box_h = 18, .ofs_x = 0, .ofs_y = -2},
    {.bitmap_index = 76299, .adv_w = 320, .box_w = 19, .box_h = 18, .ofs_x = 0, .ofs_y = -2},
    {.bitmap_index = 76470, .adv_w = 320, .box_w = 18, .box_h = 19, .ofs_x = 1, .ofs_y = -2},
    {.bitmap_index = 76641, .adv_w = 320, .box_w = 19, .box_h = 19, .ofs_x = 1, .ofs_y = -2},
    {.bitmap_index = 76822, .adv_w = 320, .box_w = 18, .box_h = 19, .ofs_x = 1, .ofs_y = -2},
    {.bitmap_index = 76993, .adv_w = 320, .box_w = 18, .box_h = 19, .ofs_x = 1, .ofs_y = -2},
    {.bitmap_index = 77164, .adv_w = 320, .box_w = 19, .box_h = 19, .ofs_x = 1, .ofs_y = -2},
    {.bitmap_index = 77345, .adv_w = 320, .box_w = 19, .box_h = 18, .ofs_x = 1, .ofs_y = -2},
    {.bitmap_index = 77516, .adv_w = 320, .box_w = 19, .box_h = 18, .ofs_x = 1, .ofs_y = -2},
    {.bitmap_index = 77687, .adv_w = 320, .box_w = 20, .box_h = 19, .ofs_x = 0, .ofs_y = -2},
    {.bitmap_index = 77877, .adv_w = 320, .box_w = 18, .box_h = 18, .ofs_x = 1, .ofs_y = -2},
    {.bitmap_index = 78039, .adv_w = 320, .box_w = 18, .box_h = 18, .ofs_x = 1, .ofs_y = -2},
    {.bitmap_index = 78201, .adv_w = 320, .box_w = 19, .box_h = 20, .ofs_x = 1, .ofs_y = -3},
    {.bitmap_index = 78391, .adv_w = 320, .box_w = 19, .box_h = 19, .ofs_x = 0, .ofs_y = -2},
    {.bitmap_index = 78572, .adv_w = 320, .box_w = 19, .box_h = 19, .ofs_x = 1, .ofs_y = -2},
    {.bitmap_index = 78753, .adv_w = 320, .box_w = 19, .box_h = 20, .ofs_x = 1, .ofs_y = -3},
    {.bitmap_index = 78943, .adv_w = 320, .box_w = 18, .box_h = 18, .ofs_x = 1, .ofs_y = -2},
    {.bitmap_index = 79105, .adv_w = 320, .box_w = 18, .box_h = 18, .ofs_x = 1, .ofs_y = -2},
    {.bitmap_index = 79267, .adv_w = 320, .box_w = 19, .box_h = 18, .ofs_x = 1, .ofs_y = -2},
    {.bitmap_index = 79438, .adv_w = 320, .box_w = 19, .box_h = 19, .ofs_x = 1, .ofs_y = -2},
    {.bitmap_index = 79619, .adv_w = 320, .box_w = 19, .box_h = 20, .ofs_x = 0, .ofs_y = -3},
    {.bitmap_index = 79809, .adv_w = 320, .box_w = 18, .box_h = 19, .ofs_x = 1, .ofs_y = -2},
    {.bitmap_index = 79980, .adv_w = 320, .box_w = 18, .box_h = 19, .ofs_x = 1, .ofs_y = -3},
    {.bitmap_index = 80151, .adv_w = 320, .box_w = 18, .box_h = 18, .ofs_x = 1, .ofs_y = -2},
    {.bitmap_index = 80313, .adv_w = 320, .box_w = 18, .box_h = 18, .ofs_x = 1, .ofs_y = -2},
    {.bitmap_index = 80475, .adv_w = 320, .box_w = 19, .box_h = 20, .ofs_x = 1, .ofs_y = -3},
    {.bitmap_index = 80665, .adv_w = 320, .box_w = 19, .box_h = 20, .ofs_x = 1, .ofs_y = -3},
    {.bitmap_index = 80855, .adv_w = 320, .box_w = 19, .box_h = 19, .ofs_x = 1, .ofs_y = -2},
    {.bitmap_index = 81036, .adv_w = 320, .box_w = 16, .box_h = 19, .ofs_x = 2, .ofs_y = -2},
    {.bitmap_index = 81188, .adv_w = 320, .box_w = 20, .box_h = 20, .ofs_x = 0, .ofs_y = -3},
    {.bitmap_index = 81388, .adv_w = 320, .box_w = 20, .box_h = 20, .ofs_x = 0, .ofs_y = -3},
    {.bitmap_index = 81588, .adv_w = 320, .box_w = 19, .box_h = 19, .ofs_x = 0, .ofs_y = -2},
    {.bitmap_index = 81769, .adv_w = 320, .box_w = 18, .box_h = 18, .ofs_x = 1, .ofs_y = -2},
    {.bitmap_index = 81931, .adv_w = 320, .box_w = 18, .box_h = 18, .ofs_x = 1, .ofs_y = -2},
    {.bitmap_index = 82093, .adv_w = 320, .box_w = 19, .box_h = 18, .ofs_x = 1, .ofs_y = -2},
    {.bitmap_index = 82264, .adv_w = 320, .box_w = 19, .box_h = 19, .ofs_x = 1, .ofs_y = -3},
    {.bitmap_index = 82445, .adv_w = 320, .box_w = 18, .box_h = 19, .ofs_x = 1, .ofs_y = -3},
    {.bitmap_index = 82616, .adv_w = 320, .box_w = 18, .box_h = 18, .ofs_x = 1, .ofs_y = -2},
    {.bitmap_index = 82778, .adv_w = 320, .box_w = 20, .box_h = 19, .ofs_x = 0, .ofs_y = -3},
    {.bitmap_index = 82968, .adv_w = 320, .box_w = 19, .box_h = 18, .ofs_x = 1, .ofs_y = -2},
    {.bitmap_index = 83139, .adv_w = 320, .box_w = 19, .box_h = 18, .ofs_x = 1, .ofs_y = -2},
    {.bitmap_index = 83310, .adv_w = 320, .box_w = 19, .box_h = 18, .ofs_x = 0, .ofs_y = -2},
    {.bitmap_index = 83481, .adv_w = 320, .box_w = 20, .box_h = 18, .ofs_x = 0, .ofs_y = -2},
    {.bitmap_index = 83661, .adv_w = 320, .box_w = 19, .box_h = 18, .ofs_x = 0, .ofs_y = -2},
    {.bitmap_index = 83832, .adv_w = 320, .box_w = 19, .box_h = 19, .ofs_x = 0, .ofs_y = -3},
    {.bitmap_index = 84013, .adv_w = 320, .box_w = 19, .box_h = 18, .ofs_x = 0, .ofs_y = -2},
    {.bitmap_index = 84184, .adv_w = 320, .box_w = 18, .box_h = 19, .ofs_x = 1, .ofs_y = -3},
    {.bitmap_index = 84355, .adv_w = 320, .box_w = 18, .box_h = 19, .ofs_x = 1, .ofs_y = -3},
    {.bitmap_index = 84526, .adv_w = 320, .box_w = 19, .box_h = 19, .ofs_x = 0, .ofs_y = -3},
    {.bitmap_index = 84707, .adv_w = 320, .box_w = 19, .box_h = 20, .ofs_x = 0, .ofs_y = -3},
    {.bitmap_index = 84897, .adv_w = 320, .box_w = 18, .box_h = 20, .ofs_x = 0, .ofs_y = -3},
    {.bitmap_index = 85077, .adv_w = 320, .box_w = 19, .box_h = 19, .ofs_x = 1, .ofs_y = -2},
    {.bitmap_index = 85258, .adv_w = 320, .box_w = 18, .box_h = 20, .ofs_x = 1, .ofs_y = -3},
    {.bitmap_index = 85438, .adv_w = 320, .box_w = 19, .box_h = 19, .ofs_x = 1, .ofs_y = -2},
    {.bitmap_index = 85619, .adv_w = 320, .box_w = 18, .box_h = 19, .ofs_x = 1, .ofs_y = -2},
    {.bitmap_index = 85790, .adv_w = 320, .box_w = 19, .box_h = 19, .ofs_x = 1, .ofs_y = -2},
    {.bitmap_index = 85971, .adv_w = 320, .box_w = 18, .box_h = 18, .ofs_x = 1, .ofs_y = -1},
    {.bitmap_index = 86133, .adv_w = 320, .box_w = 19, .box_h = 19, .ofs_x = 1, .ofs_y = -2},
    {.bitmap_index = 86314, .adv_w = 320, .box_w = 19, .box_h = 19, .ofs_x = 1, .ofs_y = -2},
    {.bitmap_index = 86495, .adv_w = 320, .box_w = 19, .box_h = 19, .ofs_x = 1, .ofs_y = -2},
    {.bitmap_index = 86676, .adv_w = 320, .box_w = 18, .box_h = 19, .ofs_x = 1, .ofs_y = -2},
    {.bitmap_index = 86847, .adv_w = 320, .box_w = 19, .box_h = 20, .ofs_x = 0, .ofs_y = -2},
    {.bitmap_index = 87037, .adv_w = 320, .box_w = 19, .box_h = 20, .ofs_x = 0, .ofs_y = -2},
    {.bitmap_index = 87227, .adv_w = 320, .box_w = 19, .box_h = 18, .ofs_x = 1, .ofs_y = -2},
    {.bitmap_index = 87398, .adv_w = 320, .box_w = 18, .box_h = 19, .ofs_x = 1, .ofs_y = -2},
    {.bitmap_index = 87569, .adv_w = 320, .box_w = 18, .box_h = 19, .ofs_x = 1, .ofs_y = -2},
    {.bitmap_index = 87740, .adv_w = 320, .box_w = 18, .box_h = 19, .ofs_x = 1, .ofs_y = -2},
    {.bitmap_index = 87911, .adv_w = 320, .box_w = 19, .box_h = 19, .ofs_x = 1, .ofs_y = -2},
    {.bitmap_index = 88092, .adv_w = 320, .box_w = 19, .box_h = 20, .ofs_x = 1, .ofs_y = -3},
    {.bitmap_index = 88282, .adv_w = 320, .box_w = 18, .box_h = 19, .ofs_x = 1, .ofs_y = -2},
    {.bitmap_index = 88453, .adv_w = 320, .box_w = 18, .box_h = 19, .ofs_x = 1, .ofs_y = -2},
    {.bitmap_index = 88624, .adv_w = 320, .box_w = 20, .box_h = 19, .ofs_x = 0, .ofs_y = -2},
    {.bitmap_index = 88814, .adv_w = 320, .box_w = 18, .box_h = 20, .ofs_x = 1, .ofs_y = -3},
    {.bitmap_index = 88994, .adv_w = 320, .box_w = 19, .box_h = 19, .ofs_x = 0, .ofs_y = -2},
    {.bitmap_index = 89175, .adv_w = 320, .box_w = 20, .box_h = 19, .ofs_x = 0, .ofs_y = -2},
    {.bitmap_index = 89365, .adv_w = 320, .box_w = 19, .box_h = 18, .ofs_x = 1, .ofs_y = -2},
    {.bitmap_index = 89536, .adv_w = 320, .box_w = 18, .box_h = 19, .ofs_x = 1, .ofs_y = -2},
    {.bitmap_index = 89707, .adv_w = 320, .box_w = 19, .box_h = 18, .ofs_x = 0, .ofs_y = -2},
    {.bitmap_index = 89878, .adv_w = 320, .box_w = 20, .box_h = 19, .ofs_x = 0, .ofs_y = -3},
    {.bitmap_index = 90068, .adv_w = 320, .box_w = 19, .box_h = 19, .ofs_x = 0, .ofs_y = -3},
    {.bitmap_index = 90249, .adv_w = 320, .box_w = 19, .box_h = 19, .ofs_x = 1, .ofs_y = -3},
    {.bitmap_index = 90430, .adv_w = 320, .box_w = 20, .box_h = 20, .ofs_x = 0, .ofs_y = -2},
    {.bitmap_index = 90630, .adv_w = 320, .box_w = 20, .box_h = 18, .ofs_x = 0, .ofs_y = -2},
    {.bitmap_index = 90810, .adv_w = 320, .box_w = 20, .box_h = 20, .ofs_x = 0, .ofs_y = -2},
    {.bitmap_index = 91010, .adv_w = 320, .box_w = 20, .box_h = 19, .ofs_x = 0, .ofs_y = -3},
    {.bitmap_index = 91200, .adv_w = 320, .box_w = 20, .box_h = 20, .ofs_x = 0, .ofs_y = -2},
    {.bitmap_index = 91400, .adv_w = 320, .box_w = 19, .box_h = 18, .ofs_x = 1, .ofs_y = -2},
    {.bitmap_index = 91571, .adv_w = 320, .box_w = 19, .box_h = 19, .ofs_x = 1, .ofs_y = -2},
    {.bitmap_index = 91752, .adv_w = 320, .box_w = 19, .box_h = 19, .ofs_x = 1, .ofs_y = -2},
    {.bitmap_index = 91933, .adv_w = 320, .box_w = 18, .box_h = 18, .ofs_x = 1, .ofs_y = -2},
    {.bitmap_index = 92095, .adv_w = 320, .box_w = 19, .box_h = 19, .ofs_x = 1, .ofs_y = -2},
    {.bitmap_index = 92276, .adv_w = 320, .box_w = 18, .box_h = 19, .ofs_x = 1, .ofs_y = -2},
    {.bitmap_index = 92447, .adv_w = 320, .box_w = 19, .box_h = 20, .ofs_x = 1, .ofs_y = -3},
    {.bitmap_index = 92637, .adv_w = 320, .box_w = 19, .box_h = 19, .ofs_x = 0, .ofs_y = -2},
    {.bitmap_index = 92818, .adv_w = 320, .box_w = 20, .box_h = 19, .ofs_x = 0, .ofs_y = -3},
    {.bitmap_index = 93008, .adv_w = 320, .box_w = 20, .box_h = 19, .ofs_x = 0, .ofs_y = -3},
    {.bitmap_index = 93198, .adv_w = 320, .box_w = 19, .box_h = 20, .ofs_x = 0, .ofs_y = -3},
    {.bitmap_index = 93388, .adv_w = 320, .box_w = 20, .box_h = 20, .ofs_x = 0, .ofs_y = -3},
    {.bitmap_index = 93588, .adv_w = 320, .box_w = 19, .box_h = 20, .ofs_x = 0, .ofs_y = -3},
    {.bitmap_index = 93778, .adv_w = 320, .box_w = 20, .box_h = 20, .ofs_x = 0, .ofs_y = -3},
    {.bitmap_index = 93978, .adv_w = 320, .box_w = 20, .box_h = 20, .ofs_x = 0, .ofs_y = -3},
    {.bitmap_index = 94178, .adv_w = 320, .box_w = 19, .box_h = 19, .ofs_x = 0, .ofs_y = -3},
    {.bitmap_index = 94359, .adv_w = 320, .box_w = 20, .box_h = 20, .ofs_x = 0, .ofs_y = -3},
    {.bitmap_index = 94559, .adv_w = 320, .box_w = 20, .box_h = 19, .ofs_x = 0, .ofs_y = -3},
    {.bitmap_index = 94749, .adv_w = 320, .box_w = 20, .box_h = 20, .ofs_x = 0, .ofs_y = -3},
    {.bitmap_index = 94949, .adv_w = 320, .box_w = 20, .box_h = 20, .ofs_x = 0, .ofs_y = -3},
    {.bitmap_index = 95149, .adv_w = 320, .box_w = 20, .box_h = 19, .ofs_x = 0, .ofs_y = -3},
    {.bitmap_index = 95339, .adv_w = 320, .box_w = 20, .box_h = 19, .ofs_x = 0, .ofs_y = -3},
    {.bitmap_index = 95529, .adv_w = 320, .box_w = 20, .box_h = 20, .ofs_x = 0, .ofs_y = -3},
    {.bitmap_index = 95729, .adv_w = 320, .box_w = 19, .box_h = 19, .ofs_x = 0, .ofs_y = -3},
    {.bitmap_index = 95910, .adv_w = 320, .box_w = 20, .box_h = 19, .ofs_x = 0, .ofs_y = -3},
    {.bitmap_index = 96100, .adv_w = 320, .box_w = 20, .box_h = 19, .ofs_x = 0, .ofs_y = -3},
    {.bitmap_index = 96290, .adv_w = 320, .box_w = 20, .box_h = 20, .ofs_x = 0, .ofs_y = -3},
    {.bitmap_index = 96490, .adv_w = 320, .box_w = 18, .box_h = 20, .ofs_x = 1, .ofs_y = -2},
    {.bitmap_index = 96670, .adv_w = 320, .box_w = 19, .box_h = 18, .ofs_x = 1, .ofs_y = -2},
    {.bitmap_index = 96841, .adv_w = 320, .box_w = 19, .box_h = 19, .ofs_x = 0, .ofs_y = -2},
    {.bitmap_index = 97022, .adv_w = 320, .box_w = 19, .box_h = 19, .ofs_x = 0, .ofs_y = -2},
    {.bitmap_index = 97203, .adv_w = 320, .box_w = 18, .box_h = 17, .ofs_x = 1, .ofs_y = -1},
    {.bitmap_index = 97356, .adv_w = 320, .box_w = 18, .box_h = 19, .ofs_x = 1, .ofs_y = -2},
    {.bitmap_index = 97527, .adv_w = 320, .box_w = 19, .box_h = 18, .ofs_x = 0, .ofs_y = -2},
    {.bitmap_index = 97698, .adv_w = 320, .box_w = 20, .box_h = 19, .ofs_x = 0, .ofs_y = -2},
    {.bitmap_index = 97888, .adv_w = 320, .box_w = 19, .box_h = 19, .ofs_x = 0, .ofs_y = -2},
    {.bitmap_index = 98069, .adv_w = 320, .box_w = 20, .box_h = 19, .ofs_x = 0, .ofs_y = -2},
    {.bitmap_index = 98259, .adv_w = 320, .box_w = 20, .box_h = 19, .ofs_x = 0, .ofs_y = -2},
    {.bitmap_index = 98449, .adv_w = 320, .box_w = 19, .box_h = 20, .ofs_x = 0, .ofs_y = -3},
    {.bitmap_index = 98639, .adv_w = 320, .box_w = 18, .box_h = 18, .ofs_x = 1, .ofs_y = -2},
    {.bitmap_index = 98801, .adv_w = 320, .box_w = 16, .box_h = 19, .ofs_x = 2, .ofs_y = -2},
    {.bitmap_index = 98953, .adv_w = 320, .box_w = 16, .box_h = 19, .ofs_x = 2, .ofs_y = -2},
    {.bitmap_index = 99105, .adv_w = 320, .box_w = 16, .box_h = 19, .ofs_x = 2, .ofs_y = -2},
    {.bitmap_index = 99257, .adv_w = 320, .box_w = 16, .box_h = 19, .ofs_x = 2, .ofs_y = -2},
    {.bitmap_index = 99409, .adv_w = 320, .box_w = 19, .box_h = 19, .ofs_x = 1, .ofs_y = -3},
    {.bitmap_index = 99590, .adv_w = 320, .box_w = 18, .box_h = 19, .ofs_x = 1, .ofs_y = -2},
    {.bitmap_index = 99761, .adv_w = 320, .box_w = 18, .box_h = 19, .ofs_x = 1, .ofs_y = -2},
    {.bitmap_index = 99932, .adv_w = 320, .box_w = 18, .box_h = 19, .ofs_x = 1, .ofs_y = -2},
    {.bitmap_index = 100103, .adv_w = 320, .box_w = 19, .box_h = 19, .ofs_x = 1, .ofs_y = -2},
    {.bitmap_index = 100284, .adv_w = 320, .box_w = 19, .box_h = 19, .ofs_x = 1, .ofs_y = -2},
    {.bitmap_index = 100465, .adv_w = 320, .box_w = 19, .box_h = 19, .ofs_x = 0, .ofs_y = -2},
    {.bitmap_index = 100646, .adv_w = 320, .box_w = 18, .box_h = 19, .ofs_x = 1, .ofs_y = -3},
    {.bitmap_index = 100817, .adv_w = 320, .box_w = 18, .box_h = 18, .ofs_x = 1, .ofs_y = -2},
    {.bitmap_index = 100979, .adv_w = 320, .box_w = 19, .box_h = 19, .ofs_x = 0, .ofs_y = -2},
    {.bitmap_index = 101160, .adv_w = 320, .box_w = 18, .box_h = 19, .ofs_x = 1, .ofs_y = -3},
    {.bitmap_index = 101331, .adv_w = 320, .box_w = 18, .box_h = 19, .ofs_x = 1, .ofs_y = -2},
    {.bitmap_index = 101502, .adv_w = 320, .box_w = 18, .box_h = 18, .ofs_x = 1, .ofs_y = -2},
    {.bitmap_index = 101664, .adv_w = 320, .box_w = 18, .box_h = 19, .ofs_x = 1, .ofs_y = -2},
    {.bitmap_index = 101835, .adv_w = 320, .box_w = 18, .box_h = 18, .ofs_x = 1, .ofs_y = -2},
    {.bitmap_index = 101997, .adv_w = 320, .box_w = 18, .box_h = 19, .ofs_x = 1, .ofs_y = -3},
    {.bitmap_index = 102168, .adv_w = 320, .box_w = 19, .box_h = 18, .ofs_x = 1, .ofs_y = -2},
    {.bitmap_index = 102339, .adv_w = 320, .box_w = 19, .box_h = 18, .ofs_x = 0, .ofs_y = -2},
    {.bitmap_index = 102510, .adv_w = 320, .box_w = 20, .box_h = 19, .ofs_x = 0, .ofs_y = -2},
    {.bitmap_index = 102700, .adv_w = 320, .box_w = 19, .box_h = 18, .ofs_x = 0, .ofs_y = -2},
    {.bitmap_index = 102871, .adv_w = 320, .box_w = 19, .box_h = 19, .ofs_x = 0, .ofs_y = -2},
    {.bitmap_index = 103052, .adv_w = 320, .box_w = 20, .box_h = 18, .ofs_x = 0, .ofs_y = -2},
    {.bitmap_index = 103232, .adv_w = 320, .box_w = 18, .box_h = 19, .ofs_x = 1, .ofs_y = -2},
    {.bitmap_index = 103403, .adv_w = 320, .box_w = 18, .box_h = 18, .ofs_x = 1, .ofs_y = -2},
    {.bitmap_index = 103565, .adv_w = 320, .box_w = 19, .box_h = 19, .ofs_x = 1, .ofs_y = -2},
    {.bitmap_index = 103746, .adv_w = 320, .box_w = 18, .box_h = 19, .ofs_x = 1, .ofs_y = -2},
    {.bitmap_index = 103917, .adv_w = 320, .box_w = 18, .box_h = 19, .ofs_x = 1, .ofs_y = -2},
    {.bitmap_index = 104088, .adv_w = 320, .box_w = 18, .box_h = 19, .ofs_x = 1, .ofs_y = -2},
    {.bitmap_index = 104259, .adv_w = 320, .box_w = 18, .box_h = 18, .ofs_x = 1, .ofs_y = -2},
    {.bitmap_index = 104421, .adv_w = 320, .box_w = 19, .box_h = 18, .ofs_x = 1, .ofs_y = -2},
    {.bitmap_index = 104592, .adv_w = 320, .box_w = 19, .box_h = 18, .ofs_x = 0, .ofs_y = -2},
    {.bitmap_index = 104763, .adv_w = 320, .box_w = 19, .box_h = 20, .ofs_x = 1, .ofs_y = -3},
    {.bitmap_index = 104953, .adv_w = 320, .box_w = 4, .box_h = 16, .ofs_x = 8, .ofs_y = -1},
    {.bitmap_index = 104985, .adv_w = 320, .box_w = 8, .box_h = 19, .ofs_x = 7, .ofs_y = -4},
    {.bitmap_index = 105061, .adv_w = 320, .box_w = 8, .box_h = 19, .ofs_x = 5, .ofs_y = -4},
    {.bitmap_index = 105137, .adv_w = 320, .box_w = 4, .box_h = 6, .ofs_x = 8, .ofs_y = -3},
    {.bitmap_index = 105149, .adv_w = 320, .box_w = 4, .box_h = 13, .ofs_x = 8, .ofs_y = -1},
    {.bitmap_index = 105175, .adv_w = 320, .box_w = 4, .box_h = 15, .ofs_x = 8, .ofs_y = -3}
};

/*---------------------
 *  CHARACTER MAPPING
 *--------------------*/

static const uint16_t unicode_list_1[] = {
    0x0, 0x2, 0x1f64, 0x1f72, 0x2f51, 0x2f52, 0x2f5c, 0x2f5d,
    0x4d50, 0x4d5a, 0x4d5b, 0x4d5d, 0x4d5e, 0x4d63, 0x4d74, 0x4d7a,
    0x4d7d, 0x4d8a, 0x4d8b, 0x4d98, 0x4d99, 0x4d9b, 0x4da8, 0x4dd6,
    0x4ddb, 0x4ddc, 0x4dde, 0x4deb, 0x4dfe, 0x4e10, 0x4e1d, 0x4e1e,
    0x4e33, 0x4e35, 0x4e3a, 0x4e46, 0x4e6a, 0x4e70, 0x4e8c, 0x4e9d,
    0x4e9e, 0x4e9f, 0x4ea5, 0x4eac, 0x4eb0, 0x4ecf, 0x4edb, 0x4eed,
    0x4ef7, 0x4f2d, 0x4f31, 0x4f8c, 0x4f8e, 0x4f9f, 0x4faa, 0x4fac,
    0x5098, 0x5099, 0x509b, 0x50b5, 0x50b8, 0x50bc, 0x50c1, 0x50c3,
    0x50c7, 0x50d5, 0x50dd, 0x50e9, 0x5102, 0x5116, 0x511f, 0x513d,
    0x514a, 0x5156, 0x5157, 0x5162, 0x5167, 0x516d, 0x5174, 0x5179,
    0x517b, 0x5180, 0x519d, 0x51eb, 0x51f0, 0x51f8, 0x51f9, 0x5222,
    0x5266, 0x5289, 0x528a, 0x5297, 0x529a, 0x52a5, 0x52b0, 0x52b1,
    0x52c3, 0x52d6, 0x52ef, 0x530b, 0x5312, 0x531a, 0x531d, 0x5321,
    0x5326, 0x5328, 0x5333, 0x5335, 0x5336, 0x533a, 0x533d, 0x533f,
    0x5340, 0x5342, 0x5347, 0x5358, 0x535c, 0x535d, 0x535e, 0x5361,
    0x5376, 0x537b, 0x537f, 0x5389, 0x539a, 0x53b8, 0x53dc, 0x541d,
    0x5438, 0x543a, 0x544c, 0x5481, 0x54d7, 0x55b8, 0x55ba, 0x562e,
    0x5630, 0x5644, 0x564a, 0x564e, 0x5656, 0x5658, 0x5678, 0x5680,
    0x568a, 0x5697, 0x569a, 0x56a7, 0x56b1, 0x56d2, 0x56db, 0x574a,
    0x57bb, 0x57d3, 0x57ee, 0x5840, 0x5854, 0x585d, 0x5866, 0x586a,
    0x586f, 0x5877, 0x5879, 0x587a, 0x5881, 0x5889, 0x58d2, 0x591b,
    0x594f, 0x5aa0, 0x5aa7, 0x5aa8, 0x5ab6, 0x5ad3, 0x5aea, 0x5aee,
    0x5af4, 0x5b2f, 0x5b49, 0x5b56, 0x5b5f, 0x5b81, 0x5b8a, 0x5b90,
    0x5b9f, 0x5bae, 0x5c40, 0x5d31, 0x5d35, 0x5d3e, 0x5d41, 0x5d42,
    0x5d76, 0x5d7e, 0x5d88, 0x5d95, 0x5da5, 0x5dc2, 0x5dc3, 0x5dc6,
    0x5ddf, 0x5de4, 0x5df6, 0x5e4a, 0x5e50, 0x5e52, 0x5e5f, 0x5e76,
    0x5e81, 0x5e89, 0x5e8a, 0x5ea2, 0x5ea3, 0x5eb2, 0x5ed4, 0x5ed5,
    0x5edb, 0x5ee7, 0x5efe, 0x5f13, 0x5f15, 0x5f16, 0x5f3b, 0x5f50,
    0x5f51, 0x5f6d, 0x5f77, 0x5f8b, 0x5fa2, 0x5fb2, 0x5fbf, 0x5ffc,
    0x6043, 0x605f, 0x606f, 0x60b2, 0x6160, 0x6161, 0x6166, 0x6184,
    0x6187, 0x618f, 0x619b, 0x619d, 0x61a3, 0x61b3, 0x61bb, 0x61bc,
    0x61ce, 0x61cf, 0x61da, 0x61eb, 0x6219, 0x621d, 0x6226, 0x622f,
    0x6239, 0x624f, 0x6251, 0x6252, 0x6257, 0x6259, 0x627f, 0x62b2,
    0x62be, 0x62dc, 0x62e2, 0x62f5, 0x62f8, 0x631f, 0x6320, 0x6396,
    0x63fd, 0x6486, 0x6489, 0x648e, 0x6498, 0x64a9, 0x64b3, 0x64bc,
    0x64c0, 0x64c2, 0x64d7, 0x64ec, 0x64fd, 0x6500, 0x6509, 0x651b,
    0x6530, 0x6546, 0x655e, 0x657f, 0x658e, 0x6593, 0x65be, 0x65bf,
    0x65e7, 0x6644, 0x6650, 0x6659, 0x666b, 0x666d, 0x666f, 0x667a,
    0x667c, 0x668a, 0x66b1, 0x66b5, 0x66ce, 0x66cf, 0x66d4, 0x66e0,
    0x66ec, 0x6720, 0x6757, 0x6771, 0x6787, 0x6789, 0x678c, 0x679c,
    0x6810, 0x6971, 0x69a9, 0x69b1, 0x6a71, 0x6a8e, 0x6ab2, 0x6ab3,
    0x6ab4, 0x6ab5, 0x6ab6, 0x6b05, 0x6b1f, 0x6b24, 0x6b84, 0x6b92,
    0x6bf1, 0x6c0f, 0x6c25, 0x6c32, 0x6c38, 0x6c8b, 0x6c91, 0x6c9b,
    0x6cd8, 0x6d55, 0x6de0, 0x6e21, 0x6e31, 0x6e52, 0x6e5f, 0x6e64,
    0x7009, 0x7086, 0x70b7, 0x7197, 0x71b9, 0x7206, 0x72d7, 0x72ff,
    0x7300, 0x7353, 0x7356, 0x746f, 0x7478, 0x7481, 0x7485, 0x748b,
    0x749c, 0x74e1, 0x75cd, 0x75d4, 0x75fe, 0x7628, 0x763e, 0x763f,
    0x7644, 0x7648, 0x765b, 0x766f, 0x7690, 0x76fc, 0x7735, 0x77be,
    0x7811, 0x788a, 0x790b, 0x791d, 0x7922, 0x794b, 0x795b, 0x795d,
    0x7983, 0x79e7, 0x7a1b, 0x7a26, 0x7a3f, 0x7a76, 0x7a7c, 0x7a99,
    0x7a9b, 0x7aa4, 0x7ae7, 0x7b77, 0x7bcb, 0x7c0e, 0x7c1a, 0x7c4b,
    0x7d91, 0x7df2, 0x7df6, 0x7df7, 0x7dff, 0x7e0f, 0x7e13, 0x7e21,
    0x7e23, 0x7e25, 0x7e29, 0x7e2c, 0x7e2f, 0x7e37, 0x7e3a, 0x7e3d,
    0x7e4f, 0x7e66, 0x7e79, 0x7ea1, 0x7ebe, 0x801c, 0x804d, 0x80a5,
    0x8112, 0x813a, 0x8144, 0x817c, 0x81c2, 0x81d2, 0x8235, 0x8241,
    0x8253, 0x82b1, 0x832c, 0x838d, 0x8652, 0x870a, 0x87b5, 0x87b8,
    0x87fb, 0x8815, 0x88d1, 0x8911, 0x8912, 0x8914, 0x8916, 0x8922,
    0x8933, 0x8936, 0x8950, 0x8af1, 0x8af4, 0x8af9, 0x8afe, 0x8b00,
    0x8b0a, 0x8b0e, 0x8b11, 0x8b19, 0x8b25, 0x8b2d, 0x8b35, 0x8b3d,
    0x8b3f, 0x8b44, 0x8b47, 0x8b4a, 0x8b4b, 0x8b53, 0x8b81, 0x8c75,
    0x8c76, 0x8c78, 0x8c84, 0x8cc7, 0x8cd5, 0x8d03, 0x8d21, 0x8d2d,
    0x8d3f, 0x8d43, 0x8d7a, 0x8eb8, 0x8ebc, 0x8ebe, 0x8ec4, 0x8ecb,
    0x8ed3, 0x8ee3, 0x8ef8, 0x8f09, 0x8f17, 0x8f20, 0x8f21, 0x8f24,
    0x8f28, 0x8f29, 0x8f2b, 0x8f2e, 0x8f40, 0x8f49, 0x8f4d, 0x8f52,
    0x8f59, 0x8f64, 0x8f6a, 0x8f6f, 0x8f70, 0x8fbe, 0x9038, 0x909d,
    0x9117, 0x911a, 0x911c, 0x911d, 0x911f, 0x93fe, 0x9411, 0x9451,
    0x9469, 0x947e, 0x94cf, 0x9538, 0x953e, 0x9544, 0x9558, 0x956f,
    0x9590, 0x9594, 0x959d, 0x95b4, 0x95df, 0x9616, 0x9646, 0x9650,
    0x96a9, 0x96ae, 0x96b0, 0x96b2, 0x9743, 0x97c5, 0x97c6, 0x97c9,
    0x97ca, 0x97cb, 0x97e1, 0x97ec, 0x981e, 0x98e6, 0x99c1, 0x99cb,
    0x99dc, 0x9a28, 0x9d73, 0x9df6, 0x9e28, 0x9e63, 0x9ea0, 0xfe51,
    0xfe58, 0xfe59, 0xfe5c, 0xfe6a, 0xfe6b
};

/*Collect the unicode lists and glyph_id offsets*/
static const lv_font_fmt_txt_cmap_t cmaps[] =
{
    {
        .range_start = 32, .range_length = 95, .glyph_id_start = 1,
        .unicode_list = NULL, .glyph_id_ofs_list = NULL, .list_length = 0, .type = LV_FONT_FMT_TXT_CMAP_FORMAT0_TINY
    },
    {
        .range_start = 176, .range_length = 65132, .glyph_id_start = 96,
        .unicode_list = unicode_list_1, .glyph_id_ofs_list = NULL, .list_length = 573, .type = LV_FONT_FMT_TXT_CMAP_SPARSE_TINY
    }
};

/*-----------------
 *    KERNING
 *----------------*/


/*Map glyph_ids to kern left classes*/
static const uint8_t kern_left_class_mapping[] =
{
    0, 0, 1, 2, 0, 3, 4, 5,
    2, 6, 7, 8, 9, 10, 9, 10,
    11, 12, 0, 13, 14, 15, 16, 17,
    18, 19, 12, 20, 20, 0, 0, 0,
    21, 22, 23, 24, 25, 22, 26, 27,
    28, 29, 29, 30, 31, 32, 29, 29,
    22, 33, 34, 35, 3, 36, 30, 37,
    37, 38, 39, 40, 41, 42, 43, 0,
    44, 0, 45, 46, 47, 48, 49, 50,
    51, 45, 52, 52, 53, 48, 45, 45,
    46, 46, 54, 55, 56, 57, 51, 58,
    58, 59, 58, 60, 41, 0, 0, 9,
    61, 0, 0, 9, 0, 0, 0, 0,
    0, 0, 0, 0, 0, 0, 0, 0,
    0, 0, 0, 0, 0, 0, 0, 0,
    0, 0, 0, 0, 0, 0, 0, 0,
    0, 0, 0, 0, 0, 0, 0, 0,
    0, 0, 0, 0, 0, 0, 0, 0,
    0, 0, 0, 0, 0, 0, 0, 0,
    0, 0, 0, 0, 0, 0, 0, 0,
    0, 0, 0, 0, 0, 0, 0, 0,
    0, 0, 0, 0, 0, 0, 0, 0,
    0, 0, 0, 0, 0, 0, 0, 0,
    0, 0, 0, 0, 0, 0, 0, 0,
    0, 0, 0, 0, 0, 0, 0, 0,
    0, 0, 0, 0, 0, 0, 0, 0,
    0, 0, 0, 0, 0, 0, 0, 0,
    0, 0, 0, 0, 0, 0, 0, 0,
    0, 0, 0, 0, 0, 0, 0, 0,
    0, 0, 0, 0, 0, 0, 0, 0,
    0, 0, 0, 0, 0, 0, 0, 0,
    0, 0, 0, 0, 0, 0, 0, 0,
    0, 0, 0, 0, 0, 0, 0, 0,
    0, 0, 0, 0, 0, 0, 0, 0,
    0, 0, 0, 0, 0, 0, 0, 0,
    0, 0, 0, 0, 0, 0, 0, 0,
    0, 0, 0, 0, 0, 0, 0, 0,
    0, 0, 0, 0, 0, 0, 0, 0,
    0, 0, 0, 0, 0, 0, 0, 0,
    0, 0, 0, 0, 0, 0, 0, 0,
    0, 0, 0, 0, 0, 0, 0, 0,
    0, 0, 0, 0, 0, 0, 0, 0,
    0, 0, 0, 0, 0, 0, 0, 0,
    0, 0, 0, 0, 0, 0, 0, 0,
    0, 0, 0, 0, 0, 0, 0, 0,
    0, 0, 0, 0, 0, 0, 0, 0,
    0, 0, 0, 0, 0, 0, 0, 0,
    0, 0, 0, 0, 0, 0, 0, 0,
    0, 0, 0, 0, 0, 0, 0, 0,
    0, 0, 0, 0, 0, 0, 0, 0,
    0, 0, 0, 0, 0, 0, 0, 0,
    0, 0, 0, 0, 0, 0, 0, 0,
    0, 0, 0, 0, 0, 0, 0, 0,
    0, 0, 0, 0, 0, 0, 0, 0,
    0, 0, 0, 0, 0, 0, 0, 0,
    0, 0, 0, 0, 0, 0, 0, 0,
    0, 0, 0, 0, 0, 0, 0, 0,
    0, 0, 0, 0, 0, 0, 0, 0,
    0, 0, 0, 0, 0, 0, 0, 0,
    0, 0, 0, 0, 0, 0, 0, 0,
    0, 0, 0, 0, 0, 0, 0, 0,
    0, 0, 0, 0, 0, 0, 0, 0,
    0, 0, 0, 0, 0, 0, 0, 0,
    0, 0, 0, 0, 0, 0, 0, 0,
    0, 0, 0, 0, 0, 0, 0, 0,
    0, 0, 0, 0, 0, 0, 0, 0,
    0, 0, 0, 0, 0, 0, 0, 0,
    0, 0, 0, 0, 0, 0, 0, 0,
    0, 0, 0, 0, 0, 0, 0, 0,
    0, 0, 0, 0, 0, 0, 0, 0,
    0, 0, 0, 0, 0, 0, 0, 0,
    0, 0, 0, 0, 0, 0, 0, 0,
    0, 0, 0, 0, 0, 0, 0, 0,
    0, 0, 0, 0, 0, 0, 0, 0,
    0, 0, 0, 0, 0, 0, 0, 0,
    0, 0, 0, 0, 0, 0, 0, 0,
    0, 0, 0, 0, 0, 0, 0, 0,
    0, 0, 0, 0, 0, 0, 0, 0,
    0, 0, 0, 0, 0, 0, 0, 0,
    0, 0, 0, 0, 0, 0, 0, 0,
    0, 0, 0, 0, 0, 0, 0, 0,
    0, 0, 0, 0, 0, 0, 0, 0,
    0, 0, 0, 0, 0, 0, 0, 0,
    0, 0, 0, 0, 0
};

/*Map glyph_ids to kern right classes*/
static const uint8_t kern_right_class_mapping[] =
{
    0, 0, 1, 2, 0, 3, 4, 5,
    2, 6, 7, 8, 9, 10, 9, 10,
    11, 12, 13, 14, 15, 16, 17, 12,
    18, 19, 20, 21, 21, 0, 0, 0,
    22, 23, 24, 25, 23, 25, 25, 25,
    23, 25, 25, 26, 25, 25, 25, 25,
    23, 25, 23, 25, 3, 27, 28, 29,
    29, 30, 31, 32, 33, 34, 35, 0,
    36, 0, 37, 38, 39, 39, 39, 0,
    39, 38, 40, 41, 38, 38, 42, 42,
    39, 42, 39, 42, 43, 44, 45, 46,
    46, 47, 46, 48, 0, 0, 35, 9,
    49, 0, 0, 9, 0, 0, 0, 0,
    0, 0, 0, 0, 0, 0, 0, 0,
    0, 0, 0, 0, 0, 0, 0, 0,
    0, 0, 0, 0, 0, 0, 0, 0,
    0, 0, 0, 0, 0, 0, 0, 0,
    0, 0, 0, 0, 0, 0, 0, 0,
    0, 0, 0, 0, 0, 0, 0, 0,
    0, 0, 0, 0, 0, 0, 0, 0,
    0, 0, 0, 0, 0, 0, 0, 0,
    0, 0, 0, 0, 0, 0, 0, 0,
    0, 0, 0, 0, 0, 0, 0, 0,
    0, 0, 0, 0, 0, 0, 0, 0,
    0, 0, 0, 0, 0, 0, 0, 0,
    0, 0, 0, 0, 0, 0, 0, 0,
    0, 0, 0, 0, 0, 0, 0, 0,
    0, 0, 0, 0, 0, 0, 0, 0,
    0, 0, 0, 0, 0, 0, 0, 0,
    0, 0, 0, 0, 0, 0, 0, 0,
    0, 0, 0, 0, 0, 0, 0, 0,
    0, 0, 0, 0, 0, 0, 0, 0,
    0, 0, 0, 0, 0, 0, 0, 0,
    0, 0, 0, 0, 0, 0, 0, 0,
    0, 0, 0, 0, 0, 0, 0, 0,
    0, 0, 0, 0, 0, 0, 0, 0,
    0, 0, 0, 0, 0, 0, 0, 0,
    0, 0, 0, 0, 0, 0, 0, 0,
    0, 0, 0, 0, 0, 0, 0, 0,
    0, 0, 0, 0, 0, 0, 0, 0,
    0, 0, 0, 0, 0, 0, 0, 0,
    0, 0, 0, 0, 0, 0, 0, 0,
    0, 0, 0, 0, 0, 0, 0, 0,
    0, 0, 0, 0, 0, 0, 0, 0,
    0, 0, 0, 0, 0, 0, 0, 0,
    0, 0, 0, 0, 0, 0, 0, 0,
    0, 0, 0, 0, 0, 0, 0, 0,
    0, 0, 0, 0, 0, 0, 0, 0,
    0, 0, 0, 0, 0, 0, 0, 0,
    0, 0, 0, 0, 0, 0, 0, 0,
    0, 0, 0, 0, 0, 0, 0, 0,
    0, 0, 0, 0, 0, 0, 0, 0,
    0, 0, 0, 0, 0, 0, 0, 0,
    0, 0, 0, 0, 0, 0, 0, 0,
    0, 0, 0, 0, 0, 0, 0, 0,
    0, 0, 0, 0, 0, 0, 0, 0,
    0, 0, 0, 0, 0, 0, 0, 0,
    0, 0, 0, 0, 0, 0, 0, 0,
    0, 0, 0, 0, 0, 0, 0, 0,
    0, 0, 0, 0, 0, 0, 0, 0,
    0, 0, 0, 0, 0, 0, 0, 0,
    0, 0, 0, 0, 0, 0, 0, 0,
    0, 0, 0, 0, 0, 0, 0, 0,
    0, 0, 0, 0, 0, 0, 0, 0,
    0, 0, 0, 0, 0, 0, 0, 0,
    0, 0, 0, 0, 0, 0, 0, 0,
    0, 0, 0, 0, 0, 0, 0, 0,
    0, 0, 0, 0, 0, 0, 0, 0,
    0, 0, 0, 0, 0, 0, 0, 0,
    0, 0, 0, 0, 0, 0, 0, 0,
    0, 0, 0, 0, 0, 0, 0, 0,
    0, 0, 0, 0, 0, 0, 0, 0,
    0, 0, 0, 0, 0, 0, 0, 0,
    0, 0, 0, 0, 0, 0, 0, 0,
    0, 0, 0, 0, 0, 0, 0, 0,
    0, 0, 0, 0, 0, 0, 0, 0,
    0, 0, 0, 0, 0, 0, 0, 0,
    0, 0, 0, 0, 0, 0, 0, 0,
    0, 0, 0, 0, 0, 0, 0, 0,
    0, 0, 0, 0, 0, 0, 0, 0,
    0, 0, 0, 0, 0, 0, 0, 0,
    0, 0, 0, 0, 0, 0, 0, 0,
    0, 0, 0, 0, 0, 0, 0, 0,
    0, 0, 0, 0, 0
};

/*Kern values between classes*/
static const int8_t kern_class_values[] =
{
    0, 1, 0, 0, 0, 0, 0, 0,
    0, 1, 0, 0, 3, 0, 0, 0,
    0, 2, 0, 0, 0, 0, 0, 0,
    0, 0, 0, 0, 0, 0, 0, 0,
    0, 0, 1, 0, 0, 0, 0, 0,
    0, 0, 0, 0, 0, 0, 0, 0,
    0, 1, 14, 0, 9, -7, 0, 0,
    0, 0, -18, -19, 2, 15, 7, 5,
    -13, 2, 16, 1, 13, 3, 10, 0,
    0, 0, 0, 0, 0, 0, 0, 0,
    0, 0, 19, 3, -2, 0, 0, 0,
    0, 0, 0, 0, 0, 0, 0, 0,
    0, 6, 0, -10, 0, 0, 0, 0,
    0, -6, 5, 6, 0, 0, -3, 0,
    -2, 3, 0, -3, 0, -3, -2, -6,
    0, 0, 0, 0, -3, 0, 0, -4,
    -5, 0, 0, -3, 0, -6, 0, 0,
    0, 0, 0, 0, 0, 0, 0, -3,
    -3, 0, -5, 0, -9, 0, -39, 0,
    0, -6, 0, 6, 10, 0, 0, -6,
    3, 3, 11, 6, -5, 6, 0, 0,
    -18, 0, 0, 0, 0, 0, 0, 0,
    0, 0, 0, 0, -12, 0, 0, 0,
    0, 0, 0, 0, 0, 0, 0, 0,
    0, 0, 0, -9, -4, -16, 0, -13,
    -2, 0, 0, 0, 0, 1, 12, 0,
    -10, -3, -1, 1, 0, -5, 0, 0,
    -2, -24, 0, 0, 0, 0, 0, 0,
    0, 0, 0, 0, 0, -26, -3, 12,
    0, 0, 0, 0, 0, 0, 0, 0,
    0, 0, 0, 0, -13, 0, 0, 0,
    0, 0, 0, 0, 0, 0, 0, 11,
    0, 3, 0, 0, -6, 0, 0, 0,
    0, 0, 0, 0, 0, 0, 0, 0,
    0, 0, 0, 0, 0, 0, 12, 3,
    1, 0, 0, 0, 0, 0, 0, 0,
    0, 0, 0, 0, 0, 0, 0, 0,
    0, 0, 0, 0, 0, 0, 0, 0,
    0, 0, 0, 0, 0, 0, 0, 0,
    0, 0, 0, 0, 0, 0, 0, 0,
    -12, 0, 0, 0, 0, 0, 0, 0,
    0, 0, 0, 0, 0, 0, 0, 0,
    0, 0, 0, 0, 0, 0, 0, 2,
    6, 3, 10, -3, 0, 0, 6, -3,
    -11, -44, 2, 9, 6, 1, -4, 0,
    12, 0, 10, 0, 10, 0, -30, 0,
    -4, 10, 0, 11, -3, 6, 3, 0,
    0, 1, -3, 0, 0, -5, 26, 0,
    26, 0, 10, 0, 13, 4, 5, 10,
    0, 0, 0, -12, 0, 0, 0, 0,
    1, -2, 0, 2, -6, -4, -6, 2,
    0, -3, 0, 0, 0, -13, 0, 0,
    0, 0, 0, 0, 0, 0, 0, 0,
    0, -21, 0, 0, 0, 0, 0, 0,
    0, 0, 0, 0, 0, 0, 0, 0,
    0, 1, -18, 0, -20, 0, 0, 0,
    0, -2, 0, 32, -4, -4, 3, 3,
    -3, 0, -4, 3, 0, 0, -17, 0,
    0, 0, 0, 0, 0, 0, 0, 0,
    0, 0, -31, 0, 3, 0, 0, 0,
    0, 0, 0, 0, 0, 0, 0, 0,
    0, -20, 0, 19, 0, 0, -12, 0,
    11, 0, -22, -31, -22, -6, 10, 0,
    0, -21, 0, 4, -7, 0, -5, 0,
    0, 0, 0, 0, 0, 0, 0, 0,
    0, 0, 0, 8, 10, -39, 0, 0,
    0, 0, 0, 0, 0, 0, 0, 0,
    0, 0, 15, 0, 2, 0, 0, 0,
    0, 0, 2, 2, -4, -6, 0, -1,
    -1, -3, 0, 0, -2, 0, 0, 0,
    -6, 0, -3, 0, -7, -6, 0, -8,
    -11, -11, -6, 0, -6, 0, -6, 0,
    0, 0, 0, -3, 0, 0, 3, 0,
    2, -3, 0, 1, 0, 0, 0, 3,
    -2, 0, 0, 0, -2, 3, 3, -1,
    0, 0, 0, -6, 0, -1, 0, 0,
    0, 0, 0, 1, 0, 4, -2, 0,
    -4, 0, -5, 0, 0, -2, 0, 10,
    0, 0, -3, 0, 0, 0, 0, 0,
    -1, 1, -2, -2, 0, 0, -3, 0,
    -3, 0, 0, 0, 0, 0, 0, 0,
    0, 0, -2, -2, 0, -3, -4, 0,
    0, 0, 0, 0, 1, 0, 0, -2,
    0, -3, -3, -3, 0, 0, 0, 0,
    0, 0, 0, 0, 0, -2, 0, 0,
    0, 0, -2, -4, 0, -5, 0, -10,
    -2, -10, 6, 0, 0, -6, 3, 6,
    9, 0, -8, -1, -4, 0, -1, -15,
    3, -2, 2, -17, 3, 0, 0, 1,
    -17, 0, -17, -3, -28, -2, 0, -16,
    0, 6, 9, 0, 4, 0, 0, 0,
    0, 1, 0, -6, -4, 0, -10, 0,
    0, 0, -3, 0, 0, 0, -3, 0,
    0, 0, 0, 0, -2, -2, 0, -2,
    -4, 0, 0, 0, 0, 0, 0, 0,
    -3, -3, 0, -2, -4, -3, 0, 0,
    -3, 0, 0, 0, 0, 0, 0, 0,
    0, 0, 0, 0, -3, -3, 0, -4,
    0, -2, 0, -6, 3, 0, 0, -4,
    2, 3, 3, 0, 0, 0, 0, 0,
    0, -2, 0, 0, 0, 0, 0, 2,
    0, 0, -3, 0, -3, -2, -4, 0,
    0, 0, 0, 0, 0, 0, 3, 0,
    -3, 0, 0, 0, 0, -4, -5, 0,
    -6, 0, 10, -2, 1, -10, 0, 0,
    9, -16, -17, -13, -6, 3, 0, -3,
    -21, -6, 0, -6, 0, -6, 5, -6,
    -20, 0, -9, 0, 0, 2, -1, 3,
    -2, 0, 3, 0, -10, -12, 0, -16,
    -8, -7, -8, -10, -4, -9, -1, -6,
    -9, 2, 0, 1, 0, -3, 0, 0,
    0, 2, 0, 3, 0, 0, 0, 0,
    0, 0, 0, 0, 0, 0, 0, -3,
    0, -2, 0, -1, -3, 0, -5, -7,
    -7, -1, 0, -10, 0, 0, 0, 0,
    0, 0, -3, 0, 0, 0, 0, 1,
    -2, 0, 0, 0, 3, 0, 0, 0,
    0, 0, 0, 0, 0, 15, 0, 0,
    0, 0, 0, 0, 2, 0, 0, 0,
    -3, 0, 0, 0, 0, 0, 0, 0,
    0, 0, 0, 0, -6, 0, 3, 0,
    0, 0, 0, 0, 0, 0, 0, 0,
    0, 0, 0, 0, -2, 0, 0, 0,
    -6, 0, 0, 0, 0, -16, -10, 0,
    0, 0, -5, -16, 0, 0, -3, 3,
    0, -9, 0, 0, 0, 0, 0, 0,
    0, 0, 0, 0, -5, 0, 0, -6,
    0, 0, 0, 0, 0, 0, 0, 0,
    0, 0, 0, 0, 3, 0, -6, 0,
    0, 0, 0, 4, 0, 2, -6, -6,
    0, -3, -3, -4, 0, 0, 0, 0,
    0, 0, -10, 0, -3, 0, -5, -3,
    0, -7, -8, -10, -3, 0, -6, 0,
    -10, 0, 0, 0, 0, 26, 0, 0,
    2, 0, 0, -4, 0, 3, 0, -14,
    0, 0, 0, 0, 0, -30, -6, 11,
    10, -3, -13, 0, 3, -5, 0, -16,
    -2, -4, 3, -22, -3, 4, 0, 5,
    -11, -5, -12, -11, -13, 0, 0, -19,
    0, 18, 0, 0, -2, 0, 0, 0,
    -2, -2, -3, -9, -11, -1, -30, 0,
    0, 0, 0, 0, 0, 0, 0, 0,
    1, 0, 0, 0, 0, 0, 0, 0,
    0, 0, 0, 0, 0, 0, 0, 0,
    0, -3, 0, -2, -3, -5, 0, 0,
    -6, 0, -3, 0, 0, 0, 0, 0,
    0, 0, 0, 0, 0, 0, 0, 0,
    0, 0, -1, 0, -6, 0, 0, 6,
    -1, 4, 0, -7, 3, -2, -1, -8,
    -3, 0, -4, -3, -2, 0, -5, -5,
    0, 0, -3, -1, -2, -5, -4, 0,
    0, -3, 0, 3, -2, 0, -7, 0,
    0, 0, -6, 0, -5, 0, -5, -5,
    3, 0, 0, 0, 0, 0, 0, 0,
    0, -6, 3, 0, -4, 0, -2, -4,
    -10, -2, -2, -2, -1, -2, -4, -1,
    0, 0, 0, 0, 0, -3, -3, -3,
    0, 0, 0, 0, 4, -2, 0, -2,
    0, 0, 0, -2, -4, -2, -3, -4,
    -3, 0, 3, 13, -1, 0, -9, 0,
    -2, 6, 0, -3, -13, -4, 5, 0,
    0, -15, -5, 3, -5, 2, 0, -2,
    -3, -10, 0, -5, 2, 0, 0, -5,
    0, 0, 0, 3, 3, -6, -6, 0,
    -5, -3, -5, -3, -3, 0, -5, 2,
    -6, -5, 10, 0, 0, 0, 0, 0,
    0, 0, 0, 0, 3, 0, 0, 0,
    0, 0, 0, 0, 0, 0, 0, 0,
    0, 0, 0, 0, 0, 0, 0, 0,
    0, 0, 0, 0, -5, 0, 0, 0,
    0, 0, 0, 0, 0, 0, 0, 0,
    0, 0, 0, 0, 0, 0, 0, 0,
    0, 0, 0, 0, 0, 0, 0, 0,
    0, 0, 0, 0, 0, 0, 0, 0,
    0, 0, 0, 0, 0, 0, 0, 0,
    -2, 0, 0, 0, 0, 0, 0, 0,
    0, 0, 0, 0, 0, 0, 0, 0,
    0, 0, 0, 0, 0, 0, 0, 0,
    0, 0, 0, 0, 0, 0, -3, -3,
    0, 0, 0, 0, 0, 0, 0, 0,
    0, 0, 0, 0, -5, 0, 0, -4,
    0, 0, -3, -3, 0, 0, 0, 0,
    -3, 0, 0, 0, 0, -2, 0, 0,
    0, 0, 0, -2, 0, 0, 0, 0,
    -5, 0, -6, 0, 0, 0, -11, 0,
    2, -7, 6, 1, -2, -15, 0, 0,
    -7, -3, 0, -13, -8, -9, 0, 0,
    -14, -3, -13, -12, -15, 0, -8, 0,
    3, 21, -4, 0, -7, -3, -1, -3,
    -5, -9, -6, -12, -13, -7, -3, 0,
    0, -2, 0, 1, 0, 0, -22, -3,
    10, 7, -7, -12, 0, 1, -10, 0,
    -16, -2, -3, 6, -29, -4, 1, 0,
    0, -21, -4, -17, -3, -23, 0, 0,
    -22, 0, 19, 1, 0, -2, 0, 0,
    0, 0, -2, -2, -12, -2, 0, -21,
    0, 0, 0, 0, -10, 0, -3, 0,
    -1, -9, -15, 0, 0, -2, -5, -10,
    -3, 0, -2, 0, 0, 0, 0, -14,
    -3, -11, -10, -3, -5, -8, -3, -5,
    0, -6, -3, -11, -5, 0, -4, -6,
    -3, -6, 0, 2, 0, -2, -11, 0,
    6, 0, -6, 0, 0, 0, 0, 4,
    0, 2, -6, 13, 0, -3, -3, -4,
    0, 0, 0, 0, 0, 0, -10, 0,
    -3, 0, -5, -3, 0, -7, -8, -10,
    -3, 0, -6, 3, 13, 0, 0, 0,
    0, 26, 0, 0, 2, 0, 0, -4,
    0, 3, 0, 0, 0, 0, 0, 0,
    0, 0, -1, 0, 0, 0, 0, 0,
    -2, -6, 0, 0, 0, 0, 0, -2,
    0, 0, 0, -3, -3, 0, 0, -6,
    -3, 0, 0, -6, 0, 5, -2, 0,
    0, 0, 0, 0, 0, 2, 0, 0,
    0, 0, 5, 6, 3, -3, 0, -10,
    -5, 0, 10, -11, -10, -6, -6, 13,
    6, 3, -28, -2, 6, -3, 0, -3,
    4, -3, -11, 0, -3, 3, -4, -3,
    -10, -3, 0, 0, 10, 6, 0, -9,
    0, -18, -4, 9, -4, -12, 1, -4,
    -11, -11, -3, 13, 3, 0, -5, 0,
    -9, 0, 3, 11, -7, -12, -13, -8,
    10, 0, 1, -23, -3, 3, -5, -2,
    -7, 0, -7, -12, -5, -5, -3, 0,
    0, -7, -7, -3, 0, 10, 7, -3,
    -18, 0, -18, -4, 0, -11, -19, -1,
    -10, -5, -11, -9, 9, 0, 0, -4,
    0, -6, -3, 0, -3, -6, 0, 5,
    -11, 3, 0, 0, -17, 0, -3, -7,
    -5, -2, -10, -8, -11, -7, 0, -10,
    -3, -7, -6, -10, -3, 0, 0, 1,
    15, -5, 0, -10, -3, 0, -3, -6,
    -7, -9, -9, -12, -4, -6, 6, 0,
    -5, 0, -16, -4, 2, 6, -10, -12,
    -6, -11, 11, -3, 2, -30, -6, 6,
    -7, -5, -12, 0, -10, -13, -4, -3,
    -3, -3, -7, -10, -1, 0, 0, 10,
    9, -2, -21, 0, -19, -7, 8, -12,
    -22, -6, -11, -13, -16, -11, 6, 0,
    0, 0, 0, -4, 0, 0, 3, -4,
    6, 2, -6, 6, 0, 0, -10, -1,
    0, -1, 0, 1, 1, -3, 0, 0,
    0, 0, 0, 0, -3, 0, 0, 0,
    0, 3, 10, 1, 0, -4, 0, 0,
    0, 0, -2, -2, -4, 0, 0, 0,
    1, 3, 0, 0, 0, 0, 3, 0,
    -3, 0, 12, 0, 6, 1, 1, -4,
    0, 6, 0, 0, 0, 3, 0, 0,
    0, 0, 0, 0, 0, 0, 0, 0,
    0, 10, 0, 9, 0, 0, 0, 0,
    0, 0, 0, 0, 0, 0, 0, 0,
    0, 0, -19, 0, -3, 5, 0, 10,
    0, 0, 32, 4, -6, -6, 3, 3,
    -2, 1, -16, 0, 0, 15, -19, 0,
    0, 0, 0, 0, 0, 0, 0, 0,
    0, 0, -22, 12, 45, 0, 0, 0,
    0, 0, 0, 0, 0, 0, 0, 0,
    0, -19, 0, 0, 0, 0, 0, 0,
    0, 0, 0, 0, 0, 0, 0, 0,
    0, 0, 0, 0, 0, 0, 0, 0,
    0, 0, 0, 0, -5, 0, 0, -6,
    -3, 0, 0, 0, 0, 0, 0, 0,
    0, 0, 0, 0, 0, 0, 0, 0,
    0, 0, 0, 0, -2, 0, -9, 0,
    0, 1, 0, 0, 3, 41, -6, -3,
    10, 9, -9, 3, 0, 0, 3, 3,
    -4, 0, 0, 0, 0, 0, 0, 0,
    0, 0, 0, 0, -42, 9, 0, 0,
    0, 0, 0, 0, 0, 0, 0, 0,
    0, 0, 0, 0, 0, 0, 0, -9,
    0, 0, 0, -9, 0, 0, 0, 0,
    -7, -2, 0, 0, 0, -7, 0, -4,
    0, -15, 0, 0, 0, 0, 0, 0,
    0, 0, 0, 0, 0, -21, 0, 0,
    0, 0, 1, 0, 0, 0, 0, 0,
    0, -3, 0, 0, -6, 0, -5, 0,
    -9, 0, 0, 0, -5, 3, -4, 0,
    0, -9, -3, -7, 0, 0, -9, 0,
    -3, 0, -15, 0, -4, 0, 0, -26,
    -6, -13, -4, -12, 0, 0, -21, 0,
    -9, -2, 0, 0, 0, 0, 0, 0,
    0, 0, -5, -6, -3, -5, 0, 0,
    0, 0, -7, 0, -7, 4, -4, 6,
    0, -2, -7, -2, -5, -6, 0, -4,
    -2, -2, 2, -9, -1, 0, 0, 0,
    -28, -3, -4, 0, -7, 0, -2, -15,
    -3, 0, 0, -2, -3, 0, 0, 0,
    0, 2, 0, -2, -5, -2, 5, 0,
    0, 0, 0, 0, 0, 0, 0, 0,
    0, 0, 0, 0, 0, 0, 0, 0,
    0, 0, 0, 0, 0, 0, 0, 0,
    0, 0, 0, 0, 0, 0, 0, 0,
    0, 0, 0, 0, 0, 0, 0, 0,
    0, 0, 4, 0, 0, 0, 0, 0,
    0, -7, 0, -2, 0, 0, 0, -6,
    3, 0, 0, 0, -9, -3, -6, 0,
    0, -9, 0, -3, 0, -15, 0, 0,
    0, 0, -31, 0, -6, -12, -16, 0,
    0, -21, 0, -2, -5, 0, 0, 0,
    0, 0, 0, 0, 0, -3, -5, -2,
    -5, 1, 0, 0, 5, -4, 0, 10,
    16, -3, -3, -10, 4, 16, 5, 7,
    -9, 4, 13, 4, 9, 7, 9, 0,
    0, 0, 0, 0, 0, 0, 0, 0,
    0, 0, 20, 15, -6, -3, 0, -3,
    26, 14, 26, 0, 0, 0, 3, 0,
    0, 12, 0, 0, -5, 0, 0, 0,
    0, 0, 0, 0, 0, 0, -2, 0,
    0, 0, 0, 0, 0, 0, 0, 4,
    0, 0, 0, 0, -27, -4, -3, -13,
    -16, 0, 0, -21, 0, 0, 0, 0,
    0, 0, 0, 0, 0, 0, 0, 0,
    0, 0, 0, 0, 0, -5, 0, 0,
    0, 0, 0, 0, 0, 0, 0, -2,
    0, 0, 0, 0, 0, 0, 0, 0,
    4, 0, 0, 0, 0, -27, -4, -3,
    -13, -16, 0, 0, -13, 0, 0, 0,
    0, 0, 0, 0, 0, 0, 0, 0,
    0, 0, 0, 0, 0, 0, 0, 0,
    -3, 0, 0, 0, -7, 3, 0, -3,
    3, 6, 3, -10, 0, -1, -3, 3,
    0, 3, 0, 0, 0, 0, -8, 0,
    -3, -2, -6, 0, -3, -13, 0, 20,
    -3, 0, -7, -2, 0, -2, -5, 0,
    -3, -9, -6, -4, 0, 0, 0, -5,
    0, 0, 0, 0, 0, 0, 0, 0,
    0, -2, 0, 0, 0, 0, 0, 0,
    0, 0, 4, 0, 0, 0, 0, -27,
    -4, -3, -13, -16, 0, 0, -21, 0,
    0, 0, 0, 0, 0, 16, 0, 0,
    0, 0, 0, 0, 0, 0, 0, 0,
    -5, 0, -10, -4, -3, 10, -3, -3,
    -13, 1, -2, 1, -2, -9, 1, 7,
    1, 3, 1, 3, -8, -13, -4, 0,
    -12, -6, -9, -13, -12, 0, -5, -6,
    -4, -4, -3, -2, -4, -2, 0, -2,
    -1, 5, 0, 5, -2, 0, 10, 0,
    0, 0, 0, 0, 0, 0, 0, 0,
    0, 0, 0, -2, -3, -3, 0, 0,
    -9, 0, -2, 0, -5, 0, 0, 0,
    0, 0, 0, 0, 0, 0, 0, 0,
    -19, 0, 0, 0, 0, 0, 0, 0,
    0, 0, 0, 0, -3, -3, 0, -4,
    0, 0, 0, 0, -3, 0, 0, -5,
    -3, 3, 0, -5, -6, -2, 0, -9,
    -2, -7, -2, -4, 0, -5, 0, 0,
    0, 0, 0, 0, 0, 0, 0, 0,
    0, -21, 0, 10, 0, 0, -6, 0,
    0, 0, 0, -4, 0, -3, 0, 0,
    -2, 0, 0, -2, 0, -7, 0, 0,
    13, -4, -11, -10, 2, 4, 4, -1,
    -9, 2, 5, 2, 10, 2, 11, -2,
    -9, 0, 0, -13, 0, 0, -10, -9,
    0, 0, -6, 0, -4, -5, 0, -5,
    0, -5, 0, -2, 5, 0, -3, -10,
    -3, 12, 0, 0, -3, 0, -6, 0,
    0, 4, -7, 0, 3, -3, 3, 0,
    0, -11, 0, -2, -1, 0, -3, 4,
    -3, 0, 0, 0, -13, -4, -7, 0,
    -10, 0, 0, -15, 0, 12, -3, 0,
    -6, 0, 2, 0, -3, 0, -3, -10,
    0, -3, 3, 0, 0, 0, 0, -2,
    0, 0, 3, -4, 1, 0, 0, -4,
    -2, 0, -4, 0, 0, 0, 0, 0,
    0, 0, 0, 0, 0, 0, 0, 0,
    0, 0, 0, 0, -20, 0, 7, 0,
    0, -3, 0, 0, 0, 0, 1, 0,
    -3, -3, 0, 0, 0, 6, 0, 7,
    0, 0, 0, 0, 0, -20, -18, 1,
    14, 10, 5, -13, 2, 13, 0, 12,
    0, 6, 0, 0, 0, 0, 0, 0,
    0, 0, 0, 0, 0, 17, 0, 0,
    0, 0, 0, 0, 0, 0, 0, 0,
    0, 0, 0, 0, 0
};


/*Collect the kern class' data in one place*/
static const lv_font_fmt_txt_kern_classes_t kern_classes =
{
    .class_pair_values   = kern_class_values,
    .left_class_mapping  = kern_left_class_mapping,
    .right_class_mapping = kern_right_class_mapping,
    .left_class_cnt      = 61,
    .right_class_cnt     = 49,
};

/*--------------------
 *  ALL CUSTOM DATA
 *--------------------*/

#if LVGL_VERSION_MAJOR == 8
/*Store all the custom data of the font*/
static  lv_font_fmt_txt_glyph_cache_t cache;
#endif

#if LVGL_VERSION_MAJOR >= 8
static const lv_font_fmt_txt_dsc_t font_dsc = {
#else
static lv_font_fmt_txt_dsc_t font_dsc = {
#endif
    .glyph_bitmap = glyph_bitmap,
    .glyph_dsc = glyph_dsc,
    .cmaps = cmaps,
    .kern_dsc = &kern_classes,
    .kern_scale = 16,
    .cmap_num = 2,
    .bpp = 4,
    .kern_classes = 1,
    .bitmap_format = 0,
#if LVGL_VERSION_MAJOR == 8
    .cache = &cache
#endif
};



/*-----------------
 *  PUBLIC FONT
 *----------------*/

/*Initialize a public general font descriptor*/
#if LVGL_VERSION_MAJOR >= 8
const lv_font_t pw_font_20 = {
#else
lv_font_t pw_font_20 = {
#endif
    .get_glyph_dsc = lv_font_get_glyph_dsc_fmt_txt,    /*Function pointer to get glyph's data*/
    .get_glyph_bitmap = lv_font_get_bitmap_fmt_txt,    /*Function pointer to get glyph's bitmap*/
    .line_height = 22,          /*The maximum line height required by the font*/
    .base_line = 4,             /*Baseline measured from the bottom of the line*/
#if !(LVGL_VERSION_MAJOR == 6 && LVGL_VERSION_MINOR == 0)
    .subpx = LV_FONT_SUBPX_NONE,
#endif
#if LV_VERSION_CHECK(7, 4, 0) || LVGL_VERSION_MAJOR >= 8
    .underline_position = -1,
    .underline_thickness = 1,
#endif
    .dsc = &font_dsc,          /*The custom font data. Will be accessed by `get_glyph_bitmap/dsc` */
#if LV_VERSION_CHECK(8, 2, 0) || LVGL_VERSION_MAJOR >= 9
    .fallback = NULL,
#endif
    .user_data = NULL,
};



#endif /*#if PW_FONT_20*/

