/****************************************************************************
 * apps/examples/phywear/pw_font_14.c
 *
 * PhyWear merged UI font (per size): Montserrat Latin + DroidSansFallback CJK
 * subset. One cmap => labels keep Montserrat look for ASCII and render the
 * PhyWear i18n ZH character set inline.
 *
 * SPDX-License-Identifier: Apache-2.0
 *
 * Glyph sources & licenses:
 *   - Latin 0x20-0x7F,0xB0,0xB2,0x2014,0x2022 : Montserrat-Medium.ttf
 *     (OFL-1.1, The Montserrat Project) as shipped by LVGL in
 *     apps/graphics/lvgl/lvgl/scripts/built_in_font/.
 *   - CJK subset : DroidSansFallbackFull.ttf (Apache-2.0),
 *     /usr/share/fonts/truetype/droid/DroidSansFallbackFull.ttf.
 *   See lv_font_conv option comment below for the exact regeneration command.
 *   Regenerated 2026-09-11 (lv_font_conv 1.5.3): CJK subset tracks the full
 *   current g_pw_str_zh[] character set so translated UI text always renders
 *   instead of showing missing-glyph boxes.
 ****************************************************************************/
/*******************************************************************************
 * Size: 14 px
 * Bpp: 4
 * Opts: --no-compress --no-prefilter --bpp 4 --size 14 --font /home/xpqh/openvela/apps/graphics/lvgl/lvgl/scripts/built_in_font/Montserrat-Medium.ttf -r 0x20-0x7F,0xB0,0xB2,0x2014,0x2022 --font /usr/share/fonts/truetype/droid/DroidSansFallbackFull.ttf -r 0x3001-0x3002,0x4E00,0x4E0A-0x4E0B,0x4E0D-0x4E0E,0x4E24,0x4E2A,0x4E2D,0x4E3A-0x4E3B,0x4E49,0x4E4B,0x4E58,0x4E8B-0x4E8C,0x4E8E,0x4EAE,0x4ECE,0x4EE5,0x4EEA,0x4EF6,0x4F1A,0x4F20,0x4F4D-0x4F4F,0x4F5C,0x4FA7,0x4FDD,0x4FE1,0x503C,0x503E,0x504F,0x505C,0x5149,0x514B,0x516C,0x5171,0x5173,0x5177,0x518D,0x51B2,0x51C6,0x51CF,0x51FA,0x5206,0x5212,0x5229,0x5230,0x524D,0x529B,0x52A0,0x52A8-0x52A9,0x52D2,0x5316,0x5339,0x5347,0x534A,0x5355,0x5361,0x5373,0x5386,0x539F,0x53CD,0x53D1,0x53D6,0x53D8,0x53E3,0x53E6,0x53ED,0x53EF-0x53F0,0x53F2,0x53F7,0x5408,0x540E,0x5411,0x542F,0x5439,0x5468,0x548C,0x54CD,0x54E8,0x54FC,0x5531,0x5587,0x5668,0x566A,0x56DE,0x56F4,0x56FA,0x56FE,0x5706,0x5708,0x5728,0x5730,0x573A,0x574A,0x5757,0x5761,0x5782,0x5883,0x58F0,0x5904,0x590D,0x5916,0x591A,0x5927,0x592A,0x5939,0x59CB,0x5B50,0x5B66,0x5B83,0x5B9A,0x5B9E,0x5BDF,0x5BF9,0x5C06,0x5C0F,0x5C31,0x5C3A,0x5CF0,0x5DE5,0x5DEE,0x5DF2,0x5E2E,0x5E38,0x5E45,0x5E73,0x5E76,0x5E94,0x5EA6,0x5EFA,0x5F00,0x5F02,0x5F0F,0x5F31,0x5F39-0x5F3A,0x5F52-0x5F53,0x5F62,0x5F84-0x5F85,0x5F97,0x5FC3,0x5FC5,0x5FEB,0x6027,0x603B,0x6052,0x6062,0x60AC,0x611F,0x6162,0x6210,0x6216,0x6234,0x624B,0x624D,0x6263,0x626B-0x626C,0x628A,0x62C9,0x62CD,0x62D6,0x62DF,0x62E9,0x6301-0x6302,0x6309,0x632F,0x636E,0x638C,0x6392,0x63CF,0x6446,0x6539,0x653E,0x6559,0x6563,0x656C,0x6570,0x6572,0x6587,0x659C,0x65AD,0x65B0,0x65B9,0x65CB,0x65E0,0x65F6,0x660E,0x663E,0x6643,0x666E-0x666F,0x6697,0x66F4,0x6700,0x6709,0x671D,0x671F,0x672C,0x673A,0x6761,0x6765,0x677E,0x6784,0x6790,0x679C,0x6807,0x6837,0x684C,0x68C0,0x6A21,0x6A59,0x6A61,0x6B21,0x6B62-0x6B64,0x6B66,0x6BCF,0x6BD4,0x6C34,0x6C42,0x6CBF,0x6CD5,0x6CE2,0x6D3B,0x6D41,0x6D4B,0x6E05,0x6ED1,0x6EE1,0x6F02,0x6F0F,0x6F14,0x70B9,0x7167,0x7247,0x7269,0x7387,0x73AF-0x73B0,0x7406,0x751F,0x7528,0x7531,0x7535,0x753B,0x7684,0x76AE,0x76EE,0x76F4,0x76F8,0x7740,0x786C,0x78C1,0x793A,0x79CD,0x79D2,0x79FB,0x7A0B,0x7A0D,0x7A33,0x7A97,0x7ACB,0x7AD6,0x7AEF,0x7B26,0x7B2C,0x7B49,0x7B4B,0x7C27,0x7CBE,0x7CFB,0x7E41,0x7EA2,0x7EA6,0x7EBF,0x7EC3,0x7ED1,0x7ED3,0x7EDF,0x7EEA,0x7EFF,0x7F29,0x7F6E,0x80CC,0x80FD,0x8155,0x81C2,0x81EA,0x81F4,0x8272,0x8282,0x82F1,0x8303,0x8361,0x843D,0x8702,0x87BA,0x8868,0x88C5,0x8981,0x89C1-0x89C2,0x89C4,0x89C6,0x89D2,0x89E6,0x8A00,0x8BA1,0x8BA9,0x8BAE,0x8BBE,0x8BED,0x8BFB,0x8C03,0x8C31,0x8D28,0x8D34,0x8D77,0x8D85,0x8DDD,0x8DEF,0x8DF3,0x8E2A,0x8F6C,0x8F74,0x8F7B,0x8F83,0x8FA8,0x8FB9,0x8FC7,0x8FD0-0x8FD1,0x8FFD,0x9009,0x901F,0x906E,0x914D,0x91C7,0x91CD,0x91CF,0x94AE,0x94C1,0x9501,0x957F,0x95E8,0x95F4,0x9608,0x9640,0x9644,0x964D,0x9664,0x968F,0x96C6,0x96F6,0x9700,0x9759,0x9760,0x9762,0x97F3,0x9875-0x9876,0x9879,0x987B,0x9891,0x989C,0x98CE,0x9996,0x9A71,0x9A8C,0x9AD8,0x9E23,0x9EA6,0x9F13,0xFF01,0xFF08-0xFF09,0xFF0C,0xFF1A-0xFF1B --format lvgl -o out/pw_font_14.c --force-fast-kern-format
 ******************************************************************************/

#include <lvgl/lvgl.h>

#ifndef PW_FONT_14
#define PW_FONT_14 1
#endif

#if PW_FONT_14

/*-----------------
 *    BITMAPS
 *----------------*/

/*Store the image of the glyphs*/
static LV_ATTRIBUTE_LARGE_CONST const uint8_t glyph_bitmap[] = {
    /* U+0020 " " */

    /* U+0021 "!" */
    0xe, 0xa0, 0xd9, 0xd, 0x90, 0xc8, 0xc, 0x80,
    0xb7, 0xa, 0x60, 0x11, 0xb, 0x80, 0xd9,

    /* U+0022 "\"" */
    0x1f, 0x9, 0x91, 0xf0, 0x88, 0x1f, 0x8, 0x80,
    0xf0, 0x88, 0x0, 0x0, 0x0,

    /* U+0023 "#" */
    0x0, 0xd, 0x20, 0x3c, 0x0, 0x0, 0xf, 0x0,
    0x69, 0x0, 0x2f, 0xff, 0xff, 0xff, 0xf7, 0x1,
    0x5c, 0x11, 0xa6, 0x10, 0x0, 0x69, 0x0, 0xc3,
    0x0, 0x0, 0x88, 0x0, 0xd2, 0x0, 0x9f, 0xff,
    0xff, 0xff, 0xf0, 0x12, 0xc5, 0x23, 0xe2, 0x20,
    0x0, 0xd2, 0x3, 0xc0, 0x0, 0x0, 0xf0, 0x4,
    0xb0, 0x0,

    /* U+0024 "$" */
    0x0, 0x0, 0x70, 0x0, 0x0, 0x0, 0xe, 0x0,
    0x0, 0x0, 0x0, 0xe0, 0x0, 0x0, 0x19, 0xef,
    0xea, 0x30, 0xc, 0xd6, 0xe6, 0xa7, 0x2, 0xf4,
    0xe, 0x0, 0x0, 0x1f, 0x80, 0xe0, 0x0, 0x0,
    0x6f, 0xef, 0x50, 0x0, 0x0, 0x16, 0xff, 0xe5,
    0x0, 0x0, 0xe, 0xa, 0xf0, 0x1, 0x0, 0xe0,
    0x5f, 0x14, 0xf8, 0x5e, 0x6e, 0xb0, 0x5, 0xcf,
    0xfe, 0x91, 0x0, 0x0, 0xe, 0x0, 0x0, 0x0,
    0x0, 0x70, 0x0, 0x0,

    /* U+0025 "%" */
    0x8, 0xdd, 0x30, 0x0, 0xa7, 0x0, 0x4b, 0x2,
    0xd0, 0x4, 0xc0, 0x0, 0x77, 0x0, 0xd0, 0x1d,
    0x20, 0x0, 0x4b, 0x3, 0xd0, 0xa7, 0x0, 0x0,
    0x7, 0xdc, 0x34, 0xc4, 0xcc, 0x30, 0x0, 0x0,
    0x1d, 0x2d, 0x22, 0xd0, 0x0, 0x0, 0xa6, 0x3b,
    0x0, 0xb3, 0x0, 0x5, 0xc0, 0x3a, 0x0, 0xa3,
    0x0, 0x1d, 0x20, 0xd, 0x0, 0xd0, 0x0, 0xa6,
    0x0, 0x4, 0xcc, 0x40,

    /* U+0026 "&" */
    0x0, 0x4d, 0xfc, 0x30, 0x0, 0x0, 0xf7, 0x18,
    0xc0, 0x0, 0x1, 0xf2, 0x5, 0xd0, 0x0, 0x0,
    0xbb, 0x6e, 0x40, 0x0, 0x0, 0x5f, 0xf3, 0x0,
    0x0, 0x7, 0xe6, 0xdb, 0x3, 0x80, 0x2f, 0x30,
    0x1d, 0xba, 0xa0, 0x5f, 0x0, 0x1, 0xdf, 0x40,
    0x1f, 0xb4, 0x48, 0xfe, 0xc0, 0x3, 0xbf, 0xfc,
    0x40, 0xb2, 0x0, 0x0, 0x0, 0x0, 0x0,

    /* U+0027 "'" */
    0x1f, 0x1, 0xf0, 0x1f, 0x0, 0xf0, 0x0, 0x0,

    /* U+0028 "(" */
    0x3, 0xf1, 0xb, 0x90, 0xf, 0x40, 0x4f, 0x0,
    0x7d, 0x0, 0x9b, 0x0, 0xaa, 0x0, 0xaa, 0x0,
    0x9b, 0x0, 0x7d, 0x0, 0x4f, 0x0, 0xf, 0x40,
    0xb, 0x90, 0x3, 0xf1,

    /* U+0029 ")" */
    0x5e, 0x0, 0xe, 0x60, 0x8, 0xc0, 0x4, 0xf0,
    0x1, 0xf3, 0x0, 0xf5, 0x0, 0xe6, 0x0, 0xe6,
    0x0, 0xf5, 0x1, 0xf3, 0x4, 0xf0, 0x8, 0xc0,
    0xd, 0x60, 0x5e, 0x0,

    /* U+002A "*" */
    0x0, 0xa3, 0x0, 0x88, 0xa6, 0xc2, 0x9, 0xfe,
    0x40, 0x4d, 0xdd, 0xb1, 0x42, 0x93, 0x50, 0x0,
    0x52, 0x0,

    /* U+002B "+" */
    0x0, 0x4, 0x50, 0x0, 0x0, 0x8, 0xa0, 0x0,
    0x0, 0x8, 0xa0, 0x0, 0x1f, 0xff, 0xff, 0xf3,
    0x3, 0x39, 0xb3, 0x30, 0x0, 0x8, 0xa0, 0x0,
    0x0, 0x8, 0xa0, 0x0,

    /* U+002C "," */
    0x1, 0x3, 0xf6, 0x1e, 0x60, 0xe1, 0x2c, 0x0,

    /* U+002D "-" */
    0x0, 0x0, 0x3, 0xff, 0xf9, 0x3, 0x33, 0x10,

    /* U+002E "." */
    0x0, 0x3, 0xf5, 0x2e, 0x40,

    /* U+002F "/" */
    0x0, 0x0, 0xe, 0x40, 0x0, 0x4, 0xe0, 0x0,
    0x0, 0x9a, 0x0, 0x0, 0xe, 0x40, 0x0, 0x4,
    0xf0, 0x0, 0x0, 0x9a, 0x0, 0x0, 0xe, 0x40,
    0x0, 0x3, 0xf0, 0x0, 0x0, 0x9a, 0x0, 0x0,
    0xe, 0x50, 0x0, 0x3, 0xf0, 0x0, 0x0, 0x9a,
    0x0, 0x0, 0xe, 0x50, 0x0, 0x3, 0xf0, 0x0,
    0x0,

    /* U+0030 "0" */
    0x0, 0x4c, 0xfe, 0x70, 0x0, 0x4f, 0xb6, 0x8f,
    0x90, 0xd, 0xb0, 0x0, 0x5f, 0x32, 0xf4, 0x0,
    0x0, 0xe7, 0x4f, 0x20, 0x0, 0xc, 0xa4, 0xf2,
    0x0, 0x0, 0xc9, 0x2f, 0x40, 0x0, 0xe, 0x70,
    0xdb, 0x0, 0x5, 0xf2, 0x4, 0xfb, 0x68, 0xf9,
    0x0, 0x4, 0xcf, 0xe7, 0x0,

    /* U+0031 "1" */
    0xef, 0xfb, 0x44, 0xcb, 0x0, 0xab, 0x0, 0xab,
    0x0, 0xab, 0x0, 0xab, 0x0, 0xab, 0x0, 0xab,
    0x0, 0xab, 0x0, 0xab,

    /* U+0032 "2" */
    0x7, 0xdf, 0xea, 0x10, 0x8e, 0x85, 0x7e, 0xc0,
    0x1, 0x0, 0x6, 0xf1, 0x0, 0x0, 0x6, 0xf0,
    0x0, 0x0, 0xd, 0x90, 0x0, 0x0, 0xcc, 0x0,
    0x0, 0x1c, 0xc0, 0x0, 0x1, 0xdb, 0x0, 0x0,
    0x1d, 0xe5, 0x44, 0x42, 0x7f, 0xff, 0xff, 0xf9,

    /* U+0033 "3" */
    0x7f, 0xff, 0xff, 0xf0, 0x24, 0x44, 0x5f, 0x90,
    0x0, 0x0, 0xbc, 0x0, 0x0, 0x9, 0xe1, 0x0,
    0x0, 0x3f, 0xd8, 0x10, 0x0, 0x4, 0x6d, 0xd0,
    0x0, 0x0, 0x2, 0xf4, 0x10, 0x0, 0x2, 0xf4,
    0xbd, 0x75, 0x7d, 0xd0, 0x19, 0xdf, 0xea, 0x10,

    /* U+0034 "4" */
    0x0, 0x0, 0xd, 0xa0, 0x0, 0x0, 0x0, 0xac,
    0x0, 0x0, 0x0, 0x7, 0xe1, 0x0, 0x0, 0x0,
    0x4f, 0x40, 0x10, 0x0, 0x2, 0xf6, 0x0, 0xf5,
    0x0, 0x1d, 0xa0, 0x0, 0xf5, 0x0, 0x7f, 0xff,
    0xff, 0xff, 0xf3, 0x13, 0x33, 0x33, 0xf7, 0x30,
    0x0, 0x0, 0x0, 0xf5, 0x0, 0x0, 0x0, 0x0,
    0xf5, 0x0,

    /* U+0035 "5" */
    0x9, 0xff, 0xff, 0xf0, 0xa, 0xb4, 0x44, 0x40,
    0xc, 0x80, 0x0, 0x0, 0xe, 0x70, 0x0, 0x0,
    0xf, 0xff, 0xfc, 0x40, 0x3, 0x34, 0x5c, 0xf2,
    0x0, 0x0, 0x0, 0xf7, 0x10, 0x0, 0x0, 0xf7,
    0x8e, 0x85, 0x6c, 0xf1, 0x8, 0xdf, 0xfb, 0x30,

    /* U+0036 "6" */
    0x0, 0x2a, 0xef, 0xd5, 0x0, 0x3f, 0xd6, 0x57,
    0x40, 0xc, 0xc0, 0x0, 0x0, 0x2, 0xf4, 0x0,
    0x0, 0x0, 0x4f, 0x5b, 0xff, 0xa1, 0x4, 0xfe,
    0x84, 0x5d, 0xd0, 0x3f, 0x80, 0x0, 0x3f, 0x30,
    0xe8, 0x0, 0x3, 0xf2, 0x6, 0xf8, 0x45, 0xdc,
    0x0, 0x5, 0xdf, 0xe9, 0x10,

    /* U+0037 "7" */
    0x9f, 0xff, 0xff, 0xfd, 0x9d, 0x44, 0x44, 0xe9,
    0x9c, 0x0, 0x4, 0xf2, 0x0, 0x0, 0xb, 0xb0,
    0x0, 0x0, 0x2f, 0x40, 0x0, 0x0, 0xad, 0x0,
    0x0, 0x1, 0xf6, 0x0, 0x0, 0x8, 0xe0, 0x0,
    0x0, 0xe, 0x80, 0x0, 0x0, 0x6f, 0x10, 0x0,

    /* U+0038 "8" */
    0x1, 0x9e, 0xfe, 0x91, 0x0, 0xbe, 0x63, 0x6e,
    0xc0, 0xf, 0x60, 0x0, 0x6f, 0x0, 0xcc, 0x20,
    0x2b, 0xc0, 0x2, 0xef, 0xff, 0xe2, 0x0, 0xdc,
    0x42, 0x4c, 0xd0, 0x5f, 0x20, 0x0, 0x1f, 0x55,
    0xf2, 0x0, 0x2, 0xf5, 0xe, 0xd5, 0x35, 0xde,
    0x0, 0x1a, 0xef, 0xea, 0x10,

    /* U+0039 "9" */
    0x3, 0xbf, 0xea, 0x20, 0x2f, 0xa4, 0x4b, 0xe1,
    0x8e, 0x0, 0x0, 0xe9, 0x9d, 0x0, 0x0, 0xdd,
    0x4f, 0x71, 0x29, 0xff, 0x7, 0xff, 0xfc, 0x9e,
    0x0, 0x2, 0x10, 0xac, 0x0, 0x0, 0x2, 0xf6,
    0x7, 0x65, 0x8f, 0xb0, 0xa, 0xef, 0xd7, 0x0,

    /* U+003A ":" */
    0x2e, 0x53, 0xf5, 0x0, 0x0, 0x0, 0x0, 0x0,
    0x0, 0x3f, 0x52, 0xe4,

    /* U+003B ";" */
    0x2e, 0x53, 0xf5, 0x0, 0x0, 0x0, 0x0, 0x0,
    0x0, 0x2e, 0x52, 0xf6, 0xd, 0x21, 0xd0, 0x1,
    0x0,

    /* U+003C "<" */
    0x0, 0x0, 0x0, 0x31, 0x0, 0x0, 0x6c, 0xf2,
    0x1, 0x8e, 0xd6, 0x0, 0xf, 0xc3, 0x0, 0x0,
    0xa, 0xfb, 0x40, 0x0, 0x0, 0x17, 0xee, 0x70,
    0x0, 0x0, 0x5, 0xc3, 0x0, 0x0, 0x0, 0x0,

    /* U+003D "=" */
    0x1f, 0xff, 0xff, 0xf3, 0x3, 0x33, 0x33, 0x30,
    0x0, 0x0, 0x0, 0x0, 0x0, 0x0, 0x0, 0x0,
    0x1f, 0xff, 0xff, 0xf3, 0x3, 0x33, 0x33, 0x30,

    /* U+003E ">" */
    0x4, 0x0, 0x0, 0x0, 0xe, 0xd7, 0x10, 0x0,
    0x0, 0x5c, 0xf9, 0x20, 0x0, 0x0, 0x2a, 0xf2,
    0x0, 0x3, 0xaf, 0xb1, 0x6, 0xde, 0x82, 0x0,
    0x1c, 0x60, 0x0, 0x0, 0x0, 0x0, 0x0, 0x0,

    /* U+003F "?" */
    0x7, 0xdf, 0xea, 0x10, 0x9e, 0x74, 0x6e, 0xc0,
    0x1, 0x0, 0x6, 0xf0, 0x0, 0x0, 0x9, 0xc0,
    0x0, 0x0, 0x8e, 0x20, 0x0, 0x6, 0xf2, 0x0,
    0x0, 0x8, 0x70, 0x0, 0x0, 0x0, 0x0, 0x0,
    0x0, 0xb, 0x80, 0x0, 0x0, 0xc, 0x90, 0x0,

    /* U+0040 "@" */
    0x0, 0x0, 0x6c, 0xef, 0xda, 0x40, 0x0, 0x0,
    0x3d, 0xa4, 0x10, 0x16, 0xda, 0x0, 0x1, 0xe5,
    0x9, 0xee, 0x98, 0xca, 0x90, 0xa, 0x80, 0xbd,
    0x43, 0xaf, 0xc0, 0xd3, 0xf, 0x13, 0xf2, 0x0,
    0xc, 0xc0, 0x69, 0x3c, 0x6, 0xd0, 0x0, 0x7,
    0xc0, 0x3b, 0x4b, 0x6, 0xd0, 0x0, 0x7, 0xc0,
    0x2c, 0x3c, 0x3, 0xf2, 0x0, 0xc, 0xc0, 0x4a,
    0xf, 0x10, 0xbd, 0x43, 0x9e, 0xe3, 0xc5, 0xa,
    0x80, 0x9, 0xee, 0x91, 0xcf, 0x90, 0x1, 0xe5,
    0x0, 0x0, 0x0, 0x0, 0x0, 0x0, 0x3d, 0xa4,
    0x10, 0x28, 0x0, 0x0, 0x0, 0x0, 0x7c, 0xef,
    0xd9, 0x10, 0x0,

    /* U+0041 "A" */
    0x0, 0x0, 0xc, 0xf1, 0x0, 0x0, 0x0, 0x0,
    0x3f, 0xd7, 0x0, 0x0, 0x0, 0x0, 0xb9, 0x6e,
    0x0, 0x0, 0x0, 0x2, 0xf2, 0xe, 0x50, 0x0,
    0x0, 0x9, 0xa0, 0x7, 0xd0, 0x0, 0x0, 0x1f,
    0x30, 0x0, 0xf4, 0x0, 0x0, 0x7f, 0xff, 0xff,
    0xfb, 0x0, 0x0, 0xe7, 0x33, 0x33, 0x4f, 0x20,
    0x5, 0xf0, 0x0, 0x0, 0xc, 0x90, 0xc, 0x90,
    0x0, 0x0, 0x6, 0xf1,

    /* U+0042 "B" */
    0x8f, 0xff, 0xfe, 0xc4, 0x8, 0xe3, 0x33, 0x4b,
    0xf2, 0x8e, 0x0, 0x0, 0x1f, 0x58, 0xe0, 0x0,
    0x18, 0xf1, 0x8f, 0xff, 0xff, 0xf8, 0x8, 0xe3,
    0x33, 0x37, 0xf6, 0x8e, 0x0, 0x0, 0x9, 0xc8,
    0xe0, 0x0, 0x0, 0x9d, 0x8e, 0x33, 0x34, 0x7f,
    0x78, 0xff, 0xff, 0xfd, 0x70,

    /* U+0043 "C" */
    0x0, 0x7, 0xcf, 0xfb, 0x40, 0x0, 0xcf, 0x96,
    0x6a, 0xf5, 0xa, 0xe2, 0x0, 0x0, 0x30, 0x1f,
    0x60, 0x0, 0x0, 0x0, 0x4f, 0x20, 0x0, 0x0,
    0x0, 0x4f, 0x20, 0x0, 0x0, 0x0, 0x1f, 0x60,
    0x0, 0x0, 0x0, 0xa, 0xe2, 0x0, 0x0, 0x30,
    0x1, 0xcf, 0x96, 0x6a, 0xf5, 0x0, 0x7, 0xdf,
    0xfb, 0x40,

    /* U+0044 "D" */
    0x8f, 0xff, 0xfe, 0xa4, 0x0, 0x8e, 0x44, 0x46,
    0xcf, 0x70, 0x8e, 0x0, 0x0, 0x7, 0xf3, 0x8e,
    0x0, 0x0, 0x0, 0xda, 0x8e, 0x0, 0x0, 0x0,
    0x9d, 0x8e, 0x0, 0x0, 0x0, 0x9d, 0x8e, 0x0,
    0x0, 0x0, 0xda, 0x8e, 0x0, 0x0, 0x7, 0xf3,
    0x8e, 0x44, 0x46, 0xbf, 0x70, 0x8f, 0xff, 0xfe,
    0xa4, 0x0,

    /* U+0045 "E" */
    0x8f, 0xff, 0xff, 0xf6, 0x8e, 0x44, 0x44, 0x41,
    0x8e, 0x0, 0x0, 0x0, 0x8e, 0x0, 0x0, 0x0,
    0x8f, 0xff, 0xff, 0xc0, 0x8e, 0x33, 0x33, 0x20,
    0x8e, 0x0, 0x0, 0x0, 0x8e, 0x0, 0x0, 0x0,
    0x8e, 0x44, 0x44, 0x42, 0x8f, 0xff, 0xff, 0xf9,

    /* U+0046 "F" */
    0x8f, 0xff, 0xff, 0xf6, 0x8e, 0x44, 0x44, 0x41,
    0x8e, 0x0, 0x0, 0x0, 0x8e, 0x0, 0x0, 0x0,
    0x8e, 0x0, 0x0, 0x0, 0x8f, 0xff, 0xff, 0xc0,
    0x8e, 0x33, 0x33, 0x20, 0x8e, 0x0, 0x0, 0x0,
    0x8e, 0x0, 0x0, 0x0, 0x8e, 0x0, 0x0, 0x0,

    /* U+0047 "G" */
    0x0, 0x7, 0xcf, 0xfc, 0x50, 0x0, 0xcf, 0x96,
    0x6a, 0xf6, 0xa, 0xe2, 0x0, 0x0, 0x20, 0x1f,
    0x60, 0x0, 0x0, 0x0, 0x4f, 0x20, 0x0, 0x0,
    0x0, 0x4f, 0x20, 0x0, 0x0, 0xb9, 0x1f, 0x60,
    0x0, 0x0, 0xb9, 0xa, 0xe3, 0x0, 0x0, 0xb9,
    0x0, 0xcf, 0x96, 0x6a, 0xf8, 0x0, 0x7, 0xdf,
    0xfc, 0x60,

    /* U+0048 "H" */
    0x8e, 0x0, 0x0, 0x8, 0xe8, 0xe0, 0x0, 0x0,
    0x8e, 0x8e, 0x0, 0x0, 0x8, 0xe8, 0xe0, 0x0,
    0x0, 0x8e, 0x8f, 0xff, 0xff, 0xff, 0xe8, 0xe3,
    0x33, 0x33, 0x9e, 0x8e, 0x0, 0x0, 0x8, 0xe8,
    0xe0, 0x0, 0x0, 0x8e, 0x8e, 0x0, 0x0, 0x8,
    0xe8, 0xe0, 0x0, 0x0, 0x8e,

    /* U+0049 "I" */
    0x8e, 0x8e, 0x8e, 0x8e, 0x8e, 0x8e, 0x8e, 0x8e,
    0x8e, 0x8e,

    /* U+004A "J" */
    0x2, 0xff, 0xff, 0xc0, 0x4, 0x44, 0xbc, 0x0,
    0x0, 0x9, 0xc0, 0x0, 0x0, 0x9c, 0x0, 0x0,
    0x9, 0xc0, 0x0, 0x0, 0x9c, 0x0, 0x0, 0x9,
    0xc0, 0x20, 0x0, 0xba, 0xe, 0xb5, 0x8f, 0x60,
    0x3c, 0xfe, 0x80,

    /* U+004B "K" */
    0x8e, 0x0, 0x0, 0x4f, 0x50, 0x8e, 0x0, 0x4,
    0xf6, 0x0, 0x8e, 0x0, 0x3f, 0x70, 0x0, 0x8e,
    0x3, 0xf8, 0x0, 0x0, 0x8e, 0x2e, 0xc0, 0x0,
    0x0, 0x8e, 0xec, 0xf6, 0x0, 0x0, 0x8f, 0xb0,
    0x7f, 0x30, 0x0, 0x8e, 0x0, 0xa, 0xe1, 0x0,
    0x8e, 0x0, 0x0, 0xcc, 0x0, 0x8e, 0x0, 0x0,
    0x1e, 0xa0,

    /* U+004C "L" */
    0x8e, 0x0, 0x0, 0x0, 0x8e, 0x0, 0x0, 0x0,
    0x8e, 0x0, 0x0, 0x0, 0x8e, 0x0, 0x0, 0x0,
    0x8e, 0x0, 0x0, 0x0, 0x8e, 0x0, 0x0, 0x0,
    0x8e, 0x0, 0x0, 0x0, 0x8e, 0x0, 0x0, 0x0,
    0x8e, 0x44, 0x44, 0x40, 0x8f, 0xff, 0xff, 0xf2,

    /* U+004D "M" */
    0x8e, 0x0, 0x0, 0x0, 0x8, 0xe8, 0xf7, 0x0,
    0x0, 0x2, 0xfe, 0x8f, 0xf1, 0x0, 0x0, 0xbf,
    0xe8, 0xdc, 0xa0, 0x0, 0x4f, 0x9e, 0x8d, 0x2f,
    0x30, 0xd, 0x87, 0xe8, 0xd0, 0x9c, 0x6, 0xe0,
    0x7e, 0x8d, 0x1, 0xe7, 0xe5, 0x7, 0xe8, 0xd0,
    0x6, 0xfc, 0x0, 0x7e, 0x8d, 0x0, 0xa, 0x20,
    0x7, 0xe8, 0xd0, 0x0, 0x0, 0x0, 0x7e,

    /* U+004E "N" */
    0x8e, 0x10, 0x0, 0x8, 0xe8, 0xfc, 0x0, 0x0,
    0x8e, 0x8f, 0xf9, 0x0, 0x8, 0xe8, 0xe6, 0xf6,
    0x0, 0x8e, 0x8e, 0x9, 0xf3, 0x8, 0xe8, 0xe0,
    0xc, 0xe1, 0x8e, 0x8e, 0x0, 0x1e, 0xb8, 0xe8,
    0xe0, 0x0, 0x3f, 0xee, 0x8e, 0x0, 0x0, 0x6f,
    0xe8, 0xe0, 0x0, 0x0, 0xae,

    /* U+004F "O" */
    0x0, 0x7, 0xcf, 0xeb, 0x50, 0x0, 0x0, 0xcf,
    0x96, 0x6b, 0xf9, 0x0, 0xa, 0xe2, 0x0, 0x0,
    0x5f, 0x60, 0x1f, 0x60, 0x0, 0x0, 0xa, 0xd0,
    0x4f, 0x20, 0x0, 0x0, 0x6, 0xf0, 0x4f, 0x20,
    0x0, 0x0, 0x6, 0xf0, 0x1f, 0x60, 0x0, 0x0,
    0xa, 0xd0, 0xa, 0xe2, 0x0, 0x0, 0x5f, 0x60,
    0x0, 0xcf, 0x96, 0x6b, 0xfa, 0x0, 0x0, 0x7,
    0xdf, 0xeb, 0x50, 0x0,

    /* U+0050 "P" */
    0x8f, 0xff, 0xfd, 0x70, 0x8, 0xe4, 0x45, 0x8f,
    0xb0, 0x8e, 0x0, 0x0, 0x5f, 0x38, 0xe0, 0x0,
    0x1, 0xf5, 0x8e, 0x0, 0x0, 0x3f, 0x48, 0xe0,
    0x1, 0x4d, 0xd0, 0x8f, 0xff, 0xff, 0xb2, 0x8,
    0xe3, 0x33, 0x10, 0x0, 0x8e, 0x0, 0x0, 0x0,
    0x8, 0xe0, 0x0, 0x0, 0x0,

    /* U+0051 "Q" */
    0x0, 0x7, 0xcf, 0xeb, 0x50, 0x0, 0x0, 0xcf,
    0x96, 0x6b, 0xf9, 0x0, 0xa, 0xe2, 0x0, 0x0,
    0x5f, 0x60, 0x1f, 0x60, 0x0, 0x0, 0xa, 0xd0,
    0x4f, 0x20, 0x0, 0x0, 0x6, 0xf0, 0x4f, 0x20,
    0x0, 0x0, 0x5, 0xf0, 0x1f, 0x60, 0x0, 0x0,
    0xa, 0xd0, 0xa, 0xe2, 0x0, 0x0, 0x5f, 0x60,
    0x1, 0xdf, 0x85, 0x5a, 0xfa, 0x0, 0x0, 0x8,
    0xdf, 0xfc, 0x50, 0x0, 0x0, 0x0, 0x1, 0xec,
    0x21, 0x94, 0x0, 0x0, 0x0, 0x1b, 0xff, 0xc1,
    0x0, 0x0, 0x0, 0x0, 0x12, 0x0,

    /* U+0052 "R" */
    0x8f, 0xff, 0xfd, 0x70, 0x8, 0xe4, 0x45, 0x8f,
    0xb0, 0x8e, 0x0, 0x0, 0x5f, 0x38, 0xe0, 0x0,
    0x1, 0xf5, 0x8e, 0x0, 0x0, 0x3f, 0x38, 0xe0,
    0x1, 0x4d, 0xd0, 0x8f, 0xff, 0xff, 0xc2, 0x8,
    0xe3, 0x33, 0xda, 0x0, 0x8e, 0x0, 0x2, 0xf6,
    0x8, 0xe0, 0x0, 0x5, 0xf3,

    /* U+0053 "S" */
    0x1, 0x9e, 0xfd, 0xa2, 0x0, 0xce, 0x64, 0x6b,
    0x70, 0x2f, 0x40, 0x0, 0x0, 0x1, 0xf8, 0x0,
    0x0, 0x0, 0x6, 0xfd, 0x95, 0x0, 0x0, 0x1,
    0x6a, 0xee, 0x50, 0x0, 0x0, 0x0, 0x9f, 0x0,
    0x20, 0x0, 0x5, 0xf1, 0x3f, 0xa5, 0x47, 0xeb,
    0x0, 0x4b, 0xef, 0xe9, 0x10,

    /* U+0054 "T" */
    0xff, 0xff, 0xff, 0xff, 0x24, 0x44, 0xbd, 0x44,
    0x40, 0x0, 0x9, 0xc0, 0x0, 0x0, 0x0, 0x9c,
    0x0, 0x0, 0x0, 0x9, 0xc0, 0x0, 0x0, 0x0,
    0x9c, 0x0, 0x0, 0x0, 0x9, 0xc0, 0x0, 0x0,
    0x0, 0x9c, 0x0, 0x0, 0x0, 0x9, 0xc0, 0x0,
    0x0, 0x0, 0x9c, 0x0, 0x0,

    /* U+0055 "U" */
    0x9c, 0x0, 0x0, 0xb, 0xa9, 0xc0, 0x0, 0x0,
    0xba, 0x9c, 0x0, 0x0, 0xb, 0xa9, 0xc0, 0x0,
    0x0, 0xba, 0x9c, 0x0, 0x0, 0xb, 0xa9, 0xc0,
    0x0, 0x0, 0xba, 0x8e, 0x0, 0x0, 0xd, 0x94,
    0xf4, 0x0, 0x3, 0xf5, 0xc, 0xf8, 0x68, 0xfd,
    0x0, 0x9, 0xef, 0xe9, 0x10,

    /* U+0056 "V" */
    0xc, 0xb0, 0x0, 0x0, 0xa, 0xc0, 0x5f, 0x20,
    0x0, 0x1, 0xf5, 0x0, 0xe9, 0x0, 0x0, 0x8e,
    0x0, 0x8, 0xf0, 0x0, 0xe, 0x70, 0x0, 0x1f,
    0x60, 0x5, 0xf1, 0x0, 0x0, 0xad, 0x0, 0xc9,
    0x0, 0x0, 0x3, 0xf4, 0x3f, 0x30, 0x0, 0x0,
    0xc, 0xba, 0xc0, 0x0, 0x0, 0x0, 0x5f, 0xf5,
    0x0, 0x0, 0x0, 0x0, 0xee, 0x0, 0x0,

    /* U+0057 "W" */
    0x6f, 0x10, 0x0, 0xd, 0xb0, 0x0, 0x2, 0xf2,
    0x1f, 0x60, 0x0, 0x3f, 0xf1, 0x0, 0x8, 0xd0,
    0xb, 0xb0, 0x0, 0x8b, 0xe6, 0x0, 0xd, 0x70,
    0x6, 0xf0, 0x0, 0xe6, 0x9b, 0x0, 0x2f, 0x20,
    0x1, 0xf5, 0x3, 0xf1, 0x4f, 0x10, 0x8d, 0x0,
    0x0, 0xca, 0x9, 0xb0, 0xe, 0x60, 0xd8, 0x0,
    0x0, 0x6f, 0xe, 0x60, 0x9, 0xb2, 0xf3, 0x0,
    0x0, 0x1f, 0x9f, 0x10, 0x4, 0xf9, 0xd0, 0x0,
    0x0, 0xc, 0xfb, 0x0, 0x0, 0xef, 0x80, 0x0,
    0x0, 0x7, 0xf6, 0x0, 0x0, 0x9f, 0x30, 0x0,

    /* U+0058 "X" */
    0x4f, 0x50, 0x0, 0xd, 0x90, 0x8, 0xf2, 0x0,
    0x9d, 0x0, 0x0, 0xcc, 0x4, 0xf3, 0x0, 0x0,
    0x2f, 0x9e, 0x70, 0x0, 0x0, 0x6, 0xfc, 0x0,
    0x0, 0x0, 0x9, 0xfe, 0x10, 0x0, 0x0, 0x4f,
    0x4d, 0xb0, 0x0, 0x1, 0xe8, 0x2, 0xf7, 0x0,
    0xb, 0xd0, 0x0, 0x7f, 0x20, 0x7f, 0x20, 0x0,
    0xb, 0xd0,

    /* U+0059 "Y" */
    0xc, 0xb0, 0x0, 0x0, 0x9c, 0x0, 0x2f, 0x50,
    0x0, 0x2f, 0x30, 0x0, 0x9e, 0x0, 0xc, 0x90,
    0x0, 0x0, 0xe8, 0x5, 0xf1, 0x0, 0x0, 0x5,
    0xf3, 0xe6, 0x0, 0x0, 0x0, 0xc, 0xfd, 0x0,
    0x0, 0x0, 0x0, 0x3f, 0x40, 0x0, 0x0, 0x0,
    0x2, 0xf3, 0x0, 0x0, 0x0, 0x0, 0x2f, 0x30,
    0x0, 0x0, 0x0, 0x2, 0xf3, 0x0, 0x0,

    /* U+005A "Z" */
    0x4f, 0xff, 0xff, 0xff, 0x91, 0x44, 0x44, 0x4a,
    0xf3, 0x0, 0x0, 0x3, 0xf6, 0x0, 0x0, 0x1,
    0xea, 0x0, 0x0, 0x0, 0xcc, 0x0, 0x0, 0x0,
    0x9e, 0x10, 0x0, 0x0, 0x6f, 0x40, 0x0, 0x0,
    0x3f, 0x70, 0x0, 0x0, 0x1e, 0xd4, 0x44, 0x44,
    0x36, 0xff, 0xff, 0xff, 0xfc,

    /* U+005B "[" */
    0x8f, 0xf6, 0x8d, 0x31, 0x8d, 0x0, 0x8d, 0x0,
    0x8d, 0x0, 0x8d, 0x0, 0x8d, 0x0, 0x8d, 0x0,
    0x8d, 0x0, 0x8d, 0x0, 0x8d, 0x0, 0x8d, 0x0,
    0x8d, 0x31, 0x8f, 0xf6,

    /* U+005C "\\" */
    0x5d, 0x0, 0x0, 0x0, 0xf2, 0x0, 0x0, 0xb,
    0x80, 0x0, 0x0, 0x6d, 0x0, 0x0, 0x1, 0xf2,
    0x0, 0x0, 0xb, 0x80, 0x0, 0x0, 0x6d, 0x0,
    0x0, 0x1, 0xf2, 0x0, 0x0, 0xb, 0x70, 0x0,
    0x0, 0x6d, 0x0, 0x0, 0x1, 0xf2, 0x0, 0x0,
    0xb, 0x70, 0x0, 0x0, 0x6d, 0x0, 0x0, 0x1,
    0xf2,

    /* U+005D "]" */
    0xbf, 0xf3, 0x25, 0xf3, 0x2, 0xf3, 0x2, 0xf3,
    0x2, 0xf3, 0x2, 0xf3, 0x2, 0xf3, 0x2, 0xf3,
    0x2, 0xf3, 0x2, 0xf3, 0x2, 0xf3, 0x2, 0xf3,
    0x25, 0xf3, 0xbf, 0xf3,

    /* U+005E "^" */
    0x0, 0xad, 0x0, 0x0, 0x1e, 0xc4, 0x0, 0x8,
    0x85, 0xa0, 0x0, 0xe2, 0xe, 0x10, 0x5b, 0x0,
    0x97, 0xb, 0x50, 0x2, 0xe0,

    /* U+005F "_" */
    0xee, 0xee, 0xee, 0xe0,

    /* U+0060 "`" */
    0xb, 0xc0, 0x0, 0x9, 0xb0,

    /* U+0061 "a" */
    0x4, 0xcf, 0xea, 0x10, 0xb, 0x74, 0x5d, 0xb0,
    0x0, 0x0, 0x4, 0xf0, 0x4, 0xce, 0xee, 0xf2,
    0x1f, 0x82, 0x14, 0xf2, 0x4f, 0x10, 0x4, 0xf2,
    0x1f, 0x70, 0x3d, 0xf2, 0x4, 0xdf, 0xd7, 0xf2,

    /* U+0062 "b" */
    0xba, 0x0, 0x0, 0x0, 0xba, 0x0, 0x0, 0x0,
    0xba, 0x0, 0x0, 0x0, 0xba, 0x8e, 0xfc, 0x30,
    0xbf, 0xd5, 0x4b, 0xf3, 0xbe, 0x10, 0x0, 0xca,
    0xba, 0x0, 0x0, 0x7e, 0xba, 0x0, 0x0, 0x7e,
    0xbe, 0x10, 0x0, 0xca, 0xbf, 0xd5, 0x5b, 0xf3,
    0xb9, 0x8e, 0xfc, 0x30,

    /* U+0063 "c" */
    0x0, 0x7d, 0xfd, 0x60, 0x9, 0xf7, 0x48, 0xf4,
    0x2f, 0x50, 0x0, 0x20, 0x5f, 0x0, 0x0, 0x0,
    0x5f, 0x0, 0x0, 0x0, 0x2f, 0x50, 0x0, 0x20,
    0x9, 0xf7, 0x48, 0xf4, 0x0, 0x7d, 0xfd, 0x60,

    /* U+0064 "d" */
    0x0, 0x0, 0x0, 0x1f, 0x40, 0x0, 0x0, 0x1,
    0xf4, 0x0, 0x0, 0x0, 0x1f, 0x40, 0x8, 0xef,
    0xc4, 0xf4, 0xa, 0xf7, 0x48, 0xff, 0x42, 0xf5,
    0x0, 0x7, 0xf4, 0x5f, 0x0, 0x0, 0x2f, 0x45,
    0xf0, 0x0, 0x1, 0xf4, 0x2f, 0x50, 0x0, 0x6f,
    0x40, 0xae, 0x63, 0x7e, 0xf4, 0x0, 0x8e, 0xfc,
    0x4f, 0x40,

    /* U+0065 "e" */
    0x0, 0x8e, 0xfc, 0x40, 0xa, 0xd5, 0x38, 0xf4,
    0x2f, 0x20, 0x0, 0x8c, 0x5f, 0xee, 0xee, 0xff,
    0x5f, 0x21, 0x11, 0x11, 0x2f, 0x70, 0x0, 0x10,
    0x9, 0xf8, 0x46, 0xe4, 0x0, 0x7d, 0xfe, 0x80,

    /* U+0066 "f" */
    0x0, 0x9e, 0xe3, 0x5, 0xf4, 0x41, 0x8, 0xc0,
    0x0, 0xcf, 0xff, 0xf0, 0x29, 0xd3, 0x20, 0x8,
    0xd0, 0x0, 0x8, 0xd0, 0x0, 0x8, 0xd0, 0x0,
    0x8, 0xd0, 0x0, 0x8, 0xd0, 0x0, 0x8, 0xd0,
    0x0,

    /* U+0067 "g" */
    0x0, 0x7e, 0xfc, 0x4e, 0x60, 0xaf, 0x74, 0x7f,
    0xf6, 0x2f, 0x50, 0x0, 0x5f, 0x65, 0xf0, 0x0,
    0x0, 0xf6, 0x5f, 0x0, 0x0, 0xf, 0x62, 0xf6,
    0x0, 0x6, 0xf6, 0x9, 0xf7, 0x47, 0xff, 0x50,
    0x7, 0xef, 0xc4, 0xf5, 0x0, 0x0, 0x0, 0x3f,
    0x20, 0xcb, 0x64, 0x6e, 0xb0, 0x3, 0xae, 0xfd,
    0x80, 0x0,

    /* U+0068 "h" */
    0xba, 0x0, 0x0, 0x0, 0xba, 0x0, 0x0, 0x0,
    0xba, 0x0, 0x0, 0x0, 0xba, 0x8e, 0xfb, 0x20,
    0xbf, 0xc5, 0x6d, 0xd0, 0xbe, 0x0, 0x3, 0xf2,
    0xba, 0x0, 0x0, 0xf4, 0xba, 0x0, 0x0, 0xf5,
    0xba, 0x0, 0x0, 0xf5, 0xba, 0x0, 0x0, 0xf5,
    0xba, 0x0, 0x0, 0xf5,

    /* U+0069 "i" */
    0xba, 0xa8, 0x0, 0xba, 0xba, 0xba, 0xba, 0xba,
    0xba, 0xba, 0xba,

    /* U+006A "j" */
    0x0, 0xa, 0xb0, 0x0, 0x99, 0x0, 0x0, 0x0,
    0x0, 0xab, 0x0, 0xa, 0xb0, 0x0, 0xab, 0x0,
    0xa, 0xb0, 0x0, 0xab, 0x0, 0xa, 0xb0, 0x0,
    0xab, 0x0, 0xa, 0xb0, 0x0, 0xaa, 0x6, 0x4e,
    0x71, 0xdf, 0xa0,

    /* U+006B "k" */
    0xba, 0x0, 0x0, 0x0, 0xba, 0x0, 0x0, 0x0,
    0xba, 0x0, 0x0, 0x0, 0xba, 0x0, 0xc, 0xc0,
    0xba, 0x1, 0xcc, 0x0, 0xba, 0x1c, 0xd1, 0x0,
    0xbb, 0xcf, 0x60, 0x0, 0xbf, 0xdb, 0xe1, 0x0,
    0xbd, 0x11, 0xdc, 0x0, 0xba, 0x0, 0x3f, 0x70,
    0xba, 0x0, 0x7, 0xf3,

    /* U+006C "l" */
    0xba, 0xba, 0xba, 0xba, 0xba, 0xba, 0xba, 0xba,
    0xba, 0xba, 0xba,

    /* U+006D "m" */
    0xb9, 0x9e, 0xfa, 0x15, 0xdf, 0xd4, 0xb, 0xfb,
    0x45, 0xed, 0xe6, 0x4a, 0xf2, 0xbe, 0x0, 0x6,
    0xf6, 0x0, 0xe, 0x7b, 0xa0, 0x0, 0x4f, 0x20,
    0x0, 0xc9, 0xba, 0x0, 0x3, 0xf1, 0x0, 0xc,
    0x9b, 0xa0, 0x0, 0x3f, 0x10, 0x0, 0xc9, 0xba,
    0x0, 0x3, 0xf1, 0x0, 0xc, 0x9b, 0xa0, 0x0,
    0x3f, 0x10, 0x0, 0xc9,

    /* U+006E "n" */
    0xb9, 0x9e, 0xfb, 0x20, 0xbf, 0xb4, 0x5d, 0xd0,
    0xbe, 0x0, 0x3, 0xf2, 0xba, 0x0, 0x0, 0xf4,
    0xba, 0x0, 0x0, 0xf5, 0xba, 0x0, 0x0, 0xf5,
    0xba, 0x0, 0x0, 0xf5, 0xba, 0x0, 0x0, 0xf5,

    /* U+006F "o" */
    0x0, 0x7d, 0xfd, 0x60, 0x0, 0x9f, 0x74, 0x8f,
    0x70, 0x2f, 0x50, 0x0, 0x7f, 0x5, 0xf0, 0x0,
    0x1, 0xf3, 0x5f, 0x0, 0x0, 0x2f, 0x32, 0xf5,
    0x0, 0x7, 0xf0, 0x9, 0xf7, 0x48, 0xf7, 0x0,
    0x7, 0xdf, 0xd6, 0x0,

    /* U+0070 "p" */
    0xb9, 0x8e, 0xfc, 0x30, 0xbf, 0xc4, 0x3a, 0xf3,
    0xbe, 0x10, 0x0, 0xca, 0xba, 0x0, 0x0, 0x7e,
    0xba, 0x0, 0x0, 0x7e, 0xbe, 0x10, 0x0, 0xca,
    0xbf, 0xd5, 0x5b, 0xf3, 0xba, 0x7e, 0xfc, 0x30,
    0xba, 0x0, 0x0, 0x0, 0xba, 0x0, 0x0, 0x0,
    0xba, 0x0, 0x0, 0x0,

    /* U+0071 "q" */
    0x0, 0x8e, 0xfc, 0x3f, 0x40, 0xaf, 0x74, 0x8e,
    0xf4, 0x2f, 0x50, 0x0, 0x7f, 0x45, 0xf0, 0x0,
    0x1, 0xf4, 0x5f, 0x0, 0x0, 0x2f, 0x42, 0xf5,
    0x0, 0x7, 0xf4, 0xa, 0xf7, 0x48, 0xff, 0x40,
    0x8, 0xef, 0xc4, 0xf4, 0x0, 0x0, 0x0, 0x1f,
    0x40, 0x0, 0x0, 0x1, 0xf4, 0x0, 0x0, 0x0,
    0x1f, 0x40,

    /* U+0072 "r" */
    0xb9, 0x8e, 0x4b, 0xfd, 0x71, 0xbe, 0x10, 0xb,
    0xb0, 0x0, 0xba, 0x0, 0xb, 0xa0, 0x0, 0xba,
    0x0, 0xb, 0xa0, 0x0,

    /* U+0073 "s" */
    0x5, 0xdf, 0xea, 0x13, 0xf7, 0x35, 0xa0, 0x6f,
    0x0, 0x0, 0x1, 0xee, 0x96, 0x10, 0x1, 0x6a,
    0xef, 0x30, 0x0, 0x0, 0xd9, 0x6c, 0x64, 0x6f,
    0x62, 0xae, 0xfd, 0x70,

    /* U+0074 "t" */
    0x8, 0xd0, 0x0, 0x8, 0xd0, 0x0, 0xcf, 0xff,
    0xf0, 0x29, 0xd3, 0x20, 0x8, 0xd0, 0x0, 0x8,
    0xd0, 0x0, 0x8, 0xd0, 0x0, 0x8, 0xd0, 0x0,
    0x5, 0xf5, 0x51, 0x0, 0x9f, 0xe3,

    /* U+0075 "u" */
    0xc8, 0x0, 0x2, 0xf3, 0xc8, 0x0, 0x2, 0xf3,
    0xc8, 0x0, 0x2, 0xf3, 0xc8, 0x0, 0x2, 0xf3,
    0xc9, 0x0, 0x3, 0xf3, 0xab, 0x0, 0x7, 0xf3,
    0x5f, 0x83, 0x7e, 0xf3, 0x6, 0xdf, 0xc5, 0xf3,

    /* U+0076 "v" */
    0xd, 0x90, 0x0, 0xa, 0xa0, 0x6e, 0x0, 0x1,
    0xf3, 0x0, 0xf5, 0x0, 0x7d, 0x0, 0x9, 0xc0,
    0xe, 0x60, 0x0, 0x3f, 0x24, 0xf0, 0x0, 0x0,
    0xc8, 0xb9, 0x0, 0x0, 0x6, 0xff, 0x30, 0x0,
    0x0, 0xf, 0xc0, 0x0,

    /* U+0077 "w" */
    0xc8, 0x0, 0x6, 0xf1, 0x0, 0xd, 0x56, 0xd0,
    0x0, 0xcf, 0x60, 0x3, 0xf0, 0x1f, 0x30, 0x2f,
    0x9c, 0x0, 0x9a, 0x0, 0xb8, 0x7, 0xb2, 0xf1,
    0xe, 0x40, 0x5, 0xe0, 0xd6, 0xc, 0x74, 0xe0,
    0x0, 0xf, 0x6f, 0x0, 0x7c, 0x99, 0x0, 0x0,
    0xaf, 0xa0, 0x1, 0xff, 0x40, 0x0, 0x5, 0xf4,
    0x0, 0xb, 0xe0, 0x0,

    /* U+0078 "x" */
    0x4f, 0x30, 0x7, 0xe1, 0x9, 0xd0, 0x2f, 0x40,
    0x0, 0xd9, 0xd9, 0x0, 0x0, 0x3f, 0xd0, 0x0,
    0x0, 0x4f, 0xe1, 0x0, 0x1, 0xe7, 0xbb, 0x0,
    0xb, 0xb0, 0x1e, 0x70, 0x7e, 0x10, 0x5, 0xf3,

    /* U+0079 "y" */
    0xd, 0x90, 0x0, 0xa, 0xa0, 0x6f, 0x0, 0x1,
    0xf3, 0x0, 0xf6, 0x0, 0x7d, 0x0, 0x9, 0xc0,
    0xd, 0x60, 0x0, 0x2f, 0x34, 0xf0, 0x0, 0x0,
    0xc9, 0xa9, 0x0, 0x0, 0x5, 0xff, 0x20, 0x0,
    0x0, 0xe, 0xc0, 0x0, 0x0, 0x0, 0xe5, 0x0,
    0x0, 0x94, 0xad, 0x0, 0x0, 0x1b, 0xfc, 0x20,
    0x0, 0x0,

    /* U+007A "z" */
    0x5f, 0xff, 0xff, 0xa1, 0x33, 0x37, 0xf4, 0x0,
    0x1, 0xe7, 0x0, 0x0, 0xcb, 0x0, 0x0, 0x8e,
    0x10, 0x0, 0x4f, 0x40, 0x0, 0x1e, 0xa3, 0x33,
    0x26, 0xff, 0xff, 0xfc,

    /* U+007B "{" */
    0x0, 0x6e, 0xa0, 0xf, 0x92, 0x1, 0xf4, 0x0,
    0x1f, 0x40, 0x1, 0xf4, 0x0, 0x3f, 0x30, 0x3f,
    0xc0, 0x0, 0x6f, 0x30, 0x1, 0xf4, 0x0, 0x1f,
    0x40, 0x1, 0xf4, 0x0, 0x1f, 0x40, 0x0, 0xfa,
    0x20, 0x5, 0xea,

    /* U+007C "|" */
    0x8b, 0x8b, 0x8b, 0x8b, 0x8b, 0x8b, 0x8b, 0x8b,
    0x8b, 0x8b, 0x8b, 0x8b, 0x8b, 0x8b,

    /* U+007D "}" */
    0xbe, 0x50, 0x2, 0xae, 0x0, 0x5, 0xf0, 0x0,
    0x5f, 0x0, 0x5, 0xf0, 0x0, 0x4f, 0x10, 0x0,
    0xdf, 0x10, 0x4f, 0x50, 0x5, 0xf0, 0x0, 0x5f,
    0x0, 0x5, 0xf0, 0x0, 0x5f, 0x0, 0x2a, 0xe0,
    0xb, 0xe4, 0x0,

    /* U+007E "~" */
    0x7, 0xec, 0x40, 0xb4, 0x1e, 0x25, 0xdf, 0xc0,
    0x1, 0x0, 0x0, 0x0,

    /* U+00B0 "°" */
    0x4, 0xcc, 0x30, 0x2b, 0x1, 0xc0, 0x57, 0x0,
    0x93, 0x2b, 0x1, 0xc0, 0x5, 0xcc, 0x30,

    /* U+00B2 "²" */
    0x2b, 0xdd, 0x70, 0x11, 0x0, 0xf0, 0x0, 0xa,
    0x60, 0x3, 0xb3, 0x0, 0x4f, 0xdd, 0xd4,

    /* U+2014 "—" */
    0xff, 0xff, 0xff, 0xff, 0xff, 0xff, 0xff,

    /* U+2022 "•" */
    0x6, 0xa1, 0xf, 0xf6, 0xb, 0xe2,

    /* U+3001 "、" */
    0x0, 0x0, 0x5c, 0x10, 0xa, 0xc0, 0x0, 0xba,
    0x0, 0x15,

    /* U+3002 "。" */
    0x0, 0x10, 0x2, 0xdc, 0x80, 0x94, 0xd, 0x8,
    0x72, 0xd0, 0x9, 0xb4, 0x0,

    /* U+4E00 "一" */
    0x11, 0x11, 0x11, 0x11, 0x11, 0x10, 0xef, 0xff,
    0xff, 0xff, 0xff, 0xfa,

    /* U+4E0A "上" */
    0x0, 0x0, 0x2f, 0x0, 0x0, 0x0, 0x0, 0x0,
    0x2, 0xf0, 0x0, 0x0, 0x0, 0x0, 0x0, 0x2f,
    0x0, 0x0, 0x0, 0x0, 0x0, 0x2, 0xf2, 0x22,
    0x22, 0x0, 0x0, 0x0, 0x2f, 0xff, 0xff, 0xf5,
    0x0, 0x0, 0x2, 0xf0, 0x0, 0x0, 0x0, 0x0,
    0x0, 0x2f, 0x0, 0x0, 0x0, 0x0, 0x0, 0x2,
    0xf0, 0x0, 0x0, 0x0, 0x0, 0x0, 0x2f, 0x0,
    0x0, 0x0, 0x0, 0x0, 0x2, 0xf0, 0x0, 0x0,
    0x0, 0x33, 0x33, 0x5f, 0x33, 0x33, 0x33, 0xc,
    0xee, 0xee, 0xee, 0xee, 0xee, 0xe0,

    /* U+4E0B "下" */
    0xc, 0xcc, 0xcc, 0xcc, 0xcc, 0xcc, 0xc0, 0x4,
    0x44, 0x44, 0xf5, 0x44, 0x44, 0x40, 0x0, 0x0,
    0x0, 0xf1, 0x0, 0x0, 0x0, 0x0, 0x0, 0x0,
    0xf1, 0x0, 0x0, 0x0, 0x0, 0x0, 0x0, 0xf7,
    0x0, 0x0, 0x0, 0x0, 0x0, 0x0, 0xfd, 0xc3,
    0x0, 0x0, 0x0, 0x0, 0x0, 0xf2, 0x8f, 0x70,
    0x0, 0x0, 0x0, 0x0, 0xf1, 0x4, 0xf6, 0x0,
    0x0, 0x0, 0x0, 0xf1, 0x0, 0x20, 0x0, 0x0,
    0x0, 0x0, 0xf1, 0x0, 0x0, 0x0, 0x0, 0x0,
    0x0, 0xf1, 0x0, 0x0, 0x0, 0x0, 0x0, 0x0,
    0xf1, 0x0, 0x0, 0x0,

    /* U+4E0D "不" */
    0xf, 0xff, 0xff, 0xff, 0xff, 0xff, 0xe0, 0x1,
    0x11, 0x11, 0x6e, 0x21, 0x11, 0x10, 0x0, 0x0,
    0x1, 0xe7, 0x0, 0x0, 0x0, 0x0, 0x0, 0xb,
    0xf5, 0x31, 0x0, 0x0, 0x0, 0x0, 0x9d, 0xe5,
    0x8e, 0x20, 0x0, 0x0, 0x8, 0xe1, 0xe5, 0x8,
    0xe3, 0x0, 0x0, 0x9e, 0x20, 0xe5, 0x0, 0x8e,
    0x20, 0x1c, 0xc1, 0x0, 0xe5, 0x0, 0x9, 0xe1,
    0x8, 0x0, 0x0, 0xe5, 0x0, 0x0, 0x80, 0x0,
    0x0, 0x0, 0xe5, 0x0, 0x0, 0x0, 0x0, 0x0,
    0x0, 0xe5, 0x0, 0x0, 0x0, 0x0, 0x0, 0x0,
    0xe5, 0x0, 0x0, 0x0,

    /* U+4E0E "与" */
    0x2, 0xe0, 0x0, 0x0, 0x0, 0x0, 0x2, 0xe1,
    0x11, 0x11, 0x11, 0x10, 0x2, 0xff, 0xff, 0xff,
    0xff, 0xfc, 0x2, 0xe0, 0x0, 0x0, 0x0, 0x0,
    0x2, 0xe0, 0x0, 0x0, 0x0, 0x0, 0x2, 0xfe,
    0xee, 0xee, 0xee, 0xe2, 0x0, 0x22, 0x22, 0x22,
    0x22, 0xf1, 0x0, 0x0, 0x0, 0x0, 0x0, 0xf0,
    0xef, 0xff, 0xff, 0xff, 0x71, 0xf0, 0x11, 0x11,
    0x11, 0x11, 0x3, 0xd0, 0x0, 0x0, 0x0, 0x22,
    0x19, 0xa0, 0x0, 0x0, 0x0, 0x9e, 0xfd, 0x20,

    /* U+4E24 "两" */
    0x2f, 0xff, 0xff, 0xff, 0xff, 0xff, 0xf3, 0x0,
    0x0, 0xf, 0x20, 0xc5, 0x0, 0x0, 0x0, 0x0,
    0xf, 0x20, 0xc5, 0x0, 0x0, 0x3, 0xcc, 0xcf,
    0xcc, 0xfd, 0xcc, 0x40, 0x4, 0xd4, 0x5f, 0x44,
    0xe7, 0x4c, 0x60, 0x4, 0xc0, 0x3e, 0x0, 0xf2,
    0xb, 0x60, 0x4, 0xc0, 0x7f, 0x82, 0xf1, 0xb,
    0x60, 0x4, 0xc0, 0xd5, 0xca, 0xdd, 0x2b, 0x60,
    0x4, 0xc9, 0xc0, 0xd, 0x56, 0xab, 0x60, 0x4,
    0xc3, 0x10, 0x3b, 0x0, 0xb, 0x60, 0x4, 0xc0,
    0x0, 0x0, 0x0, 0xc, 0x50, 0x4, 0xc0, 0x0,
    0x0, 0x7, 0xfe, 0x20,

    /* U+4E2A "个" */
    0x0, 0x0, 0x0, 0x45, 0x0, 0x0, 0x0, 0x0,
    0x0, 0x2, 0xfc, 0x0, 0x0, 0x0, 0x0, 0x0,
    0xc, 0xad, 0x70, 0x0, 0x0, 0x0, 0x0, 0xbd,
    0x3, 0xf6, 0x0, 0x0, 0x0, 0x1c, 0xd1, 0x0,
    0x4f, 0x80, 0x0, 0x4, 0xeb, 0x10, 0xb4, 0x3,
    0xed, 0x60, 0x4f, 0x70, 0x0, 0xc5, 0x0, 0x18,
    0xd0, 0x1, 0x0, 0x0, 0xc5, 0x0, 0x0, 0x0,
    0x0, 0x0, 0x0, 0xc5, 0x0, 0x0, 0x0, 0x0,
    0x0, 0x0, 0xc5, 0x0, 0x0, 0x0, 0x0, 0x0,
    0x0, 0xc5, 0x0, 0x0, 0x0, 0x0, 0x0, 0x0,
    0xc5, 0x0, 0x0, 0x0, 0x0, 0x0, 0x0, 0xc5,
    0x0, 0x0, 0x0,

    /* U+4E2D "中" */
    0x0, 0x0, 0x2, 0xe0, 0x0, 0x0, 0x1, 0x11,
    0x13, 0xe1, 0x11, 0x11, 0x4f, 0xff, 0xff, 0xff,
    0xff, 0xfe, 0x4d, 0x0, 0x2, 0xe0, 0x0, 0x2e,
    0x4d, 0x0, 0x2, 0xe0, 0x0, 0x2e, 0x4d, 0x0,
    0x2, 0xe0, 0x0, 0x2e, 0x4e, 0x33, 0x35, 0xf3,
    0x33, 0x5e, 0x4f, 0xdd, 0xdd, 0xfd, 0xdd, 0xde,
    0x3a, 0x0, 0x2, 0xe0, 0x0, 0x19, 0x0, 0x0,
    0x2, 0xe0, 0x0, 0x0, 0x0, 0x0, 0x2, 0xe0,
    0x0, 0x0, 0x0, 0x0, 0x2, 0xe0, 0x0, 0x0,

    /* U+4E3A "为" */
    0x2, 0x60, 0x1f, 0x0, 0x0, 0x0, 0x1, 0xe6,
    0x2f, 0x0, 0x0, 0x0, 0x0, 0x46, 0x2f, 0x0,
    0x0, 0x0, 0x3d, 0xdd, 0xdf, 0xdd, 0xdd, 0xd4,
    0x3, 0x33, 0x7d, 0x33, 0x33, 0xd5, 0x0, 0x0,
    0x8b, 0x10, 0x0, 0xc4, 0x0, 0x0, 0xc7, 0xc7,
    0x0, 0xc4, 0x0, 0x4, 0xf1, 0x5f, 0x0, 0xd3,
    0x0, 0xd, 0x90, 0xa, 0x20, 0xd3, 0x0, 0xbd,
    0x0, 0x0, 0x0, 0xf1, 0x3d, 0xd1, 0x0, 0x2,
    0x25, 0xe0, 0xa9, 0x0, 0x0, 0xa, 0xfe, 0x50,
    0x0, 0x0, 0x0, 0x0, 0x0, 0x0,

    /* U+4E3B "主" */
    0x0, 0x0, 0x0, 0x10, 0x0, 0x0, 0x0, 0x0,
    0x0, 0x3, 0xf1, 0x0, 0x0, 0x0, 0x0, 0x0,
    0x0, 0xd6, 0x0, 0x0, 0x0, 0xc, 0xff, 0xff,
    0xff, 0xff, 0xff, 0xd0, 0x0, 0x0, 0x0, 0x98,
    0x0, 0x0, 0x0, 0x0, 0x0, 0x0, 0x98, 0x0,
    0x0, 0x0, 0x0, 0x0, 0x0, 0x98, 0x0, 0x0,
    0x0, 0x2, 0xff, 0xff, 0xff, 0xff, 0xff, 0x10,
    0x0, 0x0, 0x0, 0x98, 0x0, 0x0, 0x0, 0x0,
    0x0, 0x0, 0x98, 0x0, 0x0, 0x0, 0x0, 0x0,
    0x0, 0x98, 0x0, 0x0, 0x0, 0x1, 0x11, 0x11,
    0xa8, 0x11, 0x11, 0x10, 0x2f, 0xff, 0xff, 0xff,
    0xff, 0xff, 0xf2,

    /* U+4E49 "义" */
    0x0, 0x0, 0x0, 0x0, 0x0, 0x0, 0x0, 0x0,
    0x0, 0xe2, 0x0, 0x0, 0x0, 0x4, 0x60, 0xb,
    0x80, 0x7, 0x70, 0x0, 0x4e, 0x0, 0x7b, 0x0,
    0xb6, 0x0, 0x0, 0xe5, 0x2, 0x40, 0x1f, 0x20,
    0x0, 0x7, 0xd0, 0x0, 0x7, 0xc0, 0x0, 0x0,
    0xd, 0x80, 0x1, 0xe4, 0x0, 0x0, 0x0, 0x3f,
    0x40, 0xab, 0x0, 0x0, 0x0, 0x0, 0x6f, 0xad,
    0x10, 0x0, 0x0, 0x0, 0x1, 0xdf, 0x70, 0x0,
    0x0, 0x0, 0x5, 0xec, 0x6f, 0xa1, 0x0, 0x0,
    0x5c, 0xf7, 0x0, 0x2c, 0xf8, 0x10, 0xae, 0x81,
    0x0, 0x0, 0x5, 0xde, 0x1, 0x0, 0x0, 0x0,
    0x0, 0x0, 0x10,

    /* U+4E4B "之" */
    0x0, 0x0, 0x3, 0x30, 0x0, 0x0, 0x0, 0x0,
    0x0, 0x7, 0xd0, 0x0, 0x0, 0x0, 0x0, 0x0,
    0x1, 0xf3, 0x0, 0x0, 0x0, 0x9, 0xee, 0xee,
    0xff, 0xee, 0xee, 0x10, 0x1, 0x22, 0x22, 0x22,
    0x24, 0xfa, 0x0, 0x0, 0x0, 0x0, 0x0, 0x2d,
    0xa0, 0x0, 0x0, 0x0, 0x0, 0x3, 0xe9, 0x0,
    0x0, 0x0, 0x0, 0x0, 0x4f, 0x90, 0x0, 0x0,
    0x0, 0x0, 0x7, 0xf6, 0x0, 0x0, 0x0, 0x0,
    0x1, 0xbe, 0x30, 0x0, 0x0, 0x0, 0x0, 0x9f,
    0xf2, 0x0, 0x0, 0x0, 0x0, 0x9, 0xd5, 0xdf,
    0xa7, 0x54, 0x44, 0x40, 0x2e, 0x20, 0x4, 0x8b,
    0xde, 0xff, 0xf0, 0x1, 0x0, 0x0, 0x0, 0x0,
    0x0, 0x0,

    /* U+4E58 "乘" */
    0x0, 0x0, 0x11, 0x23, 0x56, 0x88, 0x0, 0x0,
    0xcf, 0xed, 0xee, 0xa8, 0x75, 0x0, 0x0, 0x0,
    0x0, 0x79, 0x0, 0x0, 0x0, 0xf, 0xff, 0xff,
    0xff, 0xff, 0xff, 0xf1, 0x0, 0x0, 0x43, 0x8a,
    0x25, 0x0, 0x10, 0x7, 0xbb, 0xe7, 0x79, 0x4c,
    0x5c, 0xa0, 0x3, 0x55, 0xb7, 0x79, 0x4f, 0xc6,
    0x10, 0x2, 0x6a, 0xe7, 0x79, 0x4e, 0x24, 0xf1,
    0xb, 0xa6, 0x76, 0xde, 0x4c, 0xdc, 0x80, 0x0,
    0x0, 0x4e, 0xcc, 0xd5, 0x0, 0x0, 0x0, 0x2a,
    0xd3, 0x79, 0x2c, 0xb4, 0x0, 0x1c, 0xe7, 0x0,
    0x79, 0x0, 0x6e, 0xd1, 0x4, 0x0, 0x0, 0x79,
    0x0, 0x0, 0x40,

    /* U+4E8B "事" */
    0xf, 0xff, 0xff, 0xff, 0xff, 0xff, 0xf2, 0x0,
    0x11, 0x11, 0xa8, 0x11, 0x11, 0x0, 0x2, 0xff,
    0xff, 0xff, 0xff, 0xff, 0x0, 0x2, 0xf5, 0x55,
    0xca, 0x55, 0x6f, 0x0, 0x1, 0x99, 0x99, 0xdc,
    0x99, 0x99, 0x0, 0x8, 0xcc, 0xcc, 0xee, 0xcc,
    0xcc, 0x20, 0x2, 0x33, 0x33, 0xb9, 0x33, 0x3e,
    0x30, 0x1f, 0xff, 0xff, 0xff, 0xff, 0xff, 0xf7,
    0x2, 0x22, 0x22, 0xb9, 0x22, 0x2e, 0x51, 0xa,
    0xff, 0xff, 0xff, 0xff, 0xff, 0x30, 0x1, 0x11,
    0x21, 0xb8, 0x11, 0x15, 0x10, 0x0, 0x2, 0xff,
    0xf3, 0x0, 0x0, 0x0, 0x0, 0x0, 0x0, 0x0,
    0x0, 0x0, 0x0,

    /* U+4E8C "二" */
    0x0, 0xff, 0xff, 0xff, 0xff, 0xff, 0x0, 0x0,
    0x11, 0x11, 0x11, 0x11, 0x11, 0x0, 0x0, 0x0,
    0x0, 0x0, 0x0, 0x0, 0x0, 0x0, 0x0, 0x0,
    0x0, 0x0, 0x0, 0x0, 0x0, 0x0, 0x0, 0x0,
    0x0, 0x0, 0x0, 0x0, 0x0, 0x0, 0x0, 0x0,
    0x0, 0x0, 0x0, 0x0, 0x0, 0x0, 0x0, 0x0,
    0x0, 0x0, 0x0, 0x0, 0x0, 0x0, 0x0, 0x0,
    0x0, 0x0, 0x0, 0x0, 0x0, 0x0, 0x0, 0x3f,
    0xff, 0xff, 0xff, 0xff, 0xff, 0xf3,

    /* U+4E8E "于" */
    0x0, 0x44, 0x44, 0x44, 0x44, 0x44, 0x0, 0x2,
    0xcc, 0xcc, 0xde, 0xcc, 0xcc, 0x10, 0x0, 0x0,
    0x0, 0x6b, 0x0, 0x0, 0x0, 0x0, 0x0, 0x0,
    0x6b, 0x0, 0x0, 0x0, 0x0, 0x0, 0x0, 0x6b,
    0x0, 0x0, 0x0, 0x1f, 0xff, 0xff, 0xff, 0xff,
    0xff, 0xf1, 0x1, 0x11, 0x11, 0x6b, 0x11, 0x11,
    0x10, 0x0, 0x0, 0x0, 0x6b, 0x0, 0x0, 0x0,
    0x0, 0x0, 0x0, 0x6b, 0x0, 0x0, 0x0, 0x0,
    0x0, 0x0, 0x6b, 0x0, 0x0, 0x0, 0x0, 0x0,
    0x21, 0x7b, 0x0, 0x0, 0x0, 0x0, 0x0, 0xaf,
    0xf6, 0x0, 0x0, 0x0,

    /* U+4EAE "亮" */
    0x0, 0x0, 0x0, 0x0, 0x0, 0x0, 0x0, 0x2,
    0x22, 0x22, 0xba, 0x22, 0x22, 0x20, 0x3d, 0xdd,
    0xdd, 0xdd, 0xdd, 0xdd, 0xd3, 0x0, 0x19, 0x99,
    0x99, 0x99, 0x92, 0x0, 0x0, 0x2e, 0x44, 0x44,
    0x44, 0xe3, 0x0, 0x0, 0x2f, 0xff, 0xff, 0xff,
    0xf3, 0x0, 0x4, 0x77, 0x77, 0x77, 0x77, 0x77,
    0x40, 0x9, 0xb7, 0x77, 0x77, 0x77, 0x7a, 0x90,
    0x9, 0x70, 0x9c, 0xcc, 0xc7, 0x6, 0x90, 0x2,
    0x20, 0xc7, 0x33, 0x99, 0x1, 0x10, 0x0, 0x0,
    0xe3, 0x0, 0x79, 0x0, 0x50, 0x0, 0x2a, 0xe0,
    0x0, 0x7a, 0x13, 0xf2, 0xd, 0xfb, 0x20, 0x0,
    0x4e, 0xff, 0x90, 0x2, 0x0, 0x0, 0x0, 0x0,
    0x0, 0x0,

    /* U+4ECE "从" */
    0x0, 0x0, 0x0, 0x0, 0x0, 0x0, 0x0, 0x0,
    0xd, 0x40, 0x0, 0xc5, 0x0, 0x0, 0x0, 0xd,
    0x40, 0x0, 0xd5, 0x0, 0x0, 0x0, 0xd, 0x40,
    0x0, 0xd4, 0x0, 0x0, 0x0, 0xd, 0x30, 0x0,
    0xe4, 0x0, 0x0, 0x0, 0xe, 0x20, 0x0, 0xf3,
    0x0, 0x0, 0x0, 0xf, 0x10, 0x1, 0xf5, 0x0,
    0x0, 0x0, 0x3f, 0x70, 0x4, 0xfb, 0x0, 0x0,
    0x0, 0x6d, 0xd9, 0x8, 0xbe, 0x10, 0x0, 0x0,
    0xc7, 0x1e, 0x2d, 0x68, 0x80, 0x0, 0x3, 0xf1,
    0x1, 0x6e, 0x1, 0xf2, 0x0, 0xc, 0xa0, 0x3,
    0xf4, 0x0, 0x7d, 0x10, 0x6f, 0x10, 0x4f, 0x60,
    0x0, 0xb, 0xd0, 0x3, 0x0, 0x25, 0x0, 0x0,
    0x0, 0x40,

    /* U+4EE5 "以" */
    0x2e, 0x0, 0x0, 0x0, 0x2f, 0x0, 0x2, 0xe0,
    0x7b, 0x0, 0x2, 0xe0, 0x0, 0x2e, 0x1, 0xe6,
    0x0, 0x2e, 0x0, 0x2, 0xe0, 0x5, 0xe0, 0x2,
    0xd0, 0x0, 0x2e, 0x0, 0xd, 0x40, 0x5d, 0x0,
    0x2, 0xe0, 0x0, 0x0, 0x9, 0xb0, 0x0, 0x2e,
    0x0, 0x0, 0x0, 0xd9, 0x0, 0x2, 0xe0, 0x3c,
    0xa0, 0x3f, 0xa0, 0x0, 0x2f, 0xae, 0x70, 0xb,
    0xcd, 0x60, 0x1, 0xd8, 0x10, 0x8, 0xe2, 0x3f,
    0x30, 0x0, 0x0, 0x3b, 0xe2, 0x0, 0x7e, 0x10,
    0x0, 0xc, 0x91, 0x0, 0x0, 0xa0, 0x0, 0x0,
    0x0, 0x0, 0x0, 0x0, 0x0,

    /* U+4EEA "仪" */
    0x0, 0x3, 0x40, 0x4, 0x40, 0x0, 0x0, 0x0,
    0xb, 0x70, 0x5, 0xe0, 0x0, 0x0, 0x0, 0x1f,
    0x15, 0x20, 0xd6, 0x4, 0x70, 0x0, 0x9c, 0x9,
    0x70, 0x65, 0x8, 0x80, 0x2, 0xfc, 0x5, 0xc0,
    0x0, 0xc, 0x50, 0xc, 0xdc, 0x0, 0xe2, 0x0,
    0x1f, 0x10, 0x1c, 0x5c, 0x0, 0x7a, 0x0, 0x8a,
    0x0, 0x0, 0x5c, 0x0, 0xe, 0x42, 0xf2, 0x0,
    0x0, 0x5c, 0x0, 0x3, 0xed, 0x80, 0x0, 0x0,
    0x5c, 0x0, 0x1, 0xdf, 0x20, 0x0, 0x0, 0x5c,
    0x0, 0x4e, 0xa7, 0xe3, 0x0, 0x0, 0x5c, 0x3b,
    0xf6, 0x0, 0x5f, 0x90, 0x0, 0x5c, 0x98, 0x10,
    0x0, 0x2, 0xc5, 0x0, 0x0, 0x0, 0x0, 0x0,
    0x0, 0x0,

    /* U+4EF6 "件" */
    0x0, 0x0, 0x0, 0x0, 0x0, 0x0, 0x0, 0x0,
    0xe, 0x11, 0x70, 0xc4, 0x0, 0x0, 0x0, 0x6b,
    0x6, 0xa0, 0xc4, 0x0, 0x0, 0x0, 0xc4, 0xd,
    0xfe, 0xff, 0xee, 0x80, 0x4, 0xf2, 0x5c, 0x22,
    0xd6, 0x22, 0x10, 0xd, 0xf3, 0xe5, 0x0, 0xc4,
    0x0, 0x0, 0x5c, 0xe2, 0x60, 0x0, 0xc4, 0x0,
    0x0, 0x13, 0xe2, 0x33, 0x33, 0xd7, 0x33, 0x30,
    0x0, 0xe2, 0xcd, 0xdd, 0xfe, 0xdd, 0xd0, 0x0,
    0xe2, 0x0, 0x0, 0xc4, 0x0, 0x0, 0x0, 0xe2,
    0x0, 0x0, 0xc4, 0x0, 0x0, 0x0, 0xe2, 0x0,
    0x0, 0xc4, 0x0, 0x0, 0x0, 0xe2, 0x0, 0x0,
    0xc4, 0x0, 0x0,

    /* U+4F1A "会" */
    0x0, 0x0, 0x0, 0x4, 0x0, 0x0, 0x0, 0x0,
    0x0, 0x0, 0xaf, 0x10, 0x0, 0x0, 0x0, 0x0,
    0xa, 0xd9, 0xd2, 0x0, 0x0, 0x0, 0x2, 0xcb,
    0x0, 0x7f, 0x50, 0x0, 0x0, 0x7f, 0x90, 0x0,
    0x5, 0xfb, 0x20, 0xd, 0xd3, 0xaf, 0xff, 0xff,
    0x3b, 0xf4, 0x3, 0x0, 0x1, 0x11, 0x11, 0x0,
    0x40, 0x1, 0x22, 0x22, 0x22, 0x22, 0x22, 0x20,
    0x7, 0xee, 0xef, 0xfe, 0xee, 0xee, 0xc0, 0x0,
    0x0, 0x2f, 0x40, 0x8, 0x10, 0x0, 0x0, 0x1,
    0xd9, 0x0, 0xb, 0xd1, 0x0, 0x0, 0x2d, 0xc4,
    0x67, 0xad, 0xfc, 0x0, 0x0, 0x7e, 0xdb, 0xa8,
    0x52, 0x1d, 0x60, 0x0, 0x0, 0x0, 0x0, 0x0,
    0x1, 0x0,

    /* U+4F20 "传" */
    0x0, 0x0, 0x60, 0x0, 0x63, 0x0, 0x0, 0x0,
    0x4, 0xe0, 0x0, 0xd4, 0x0, 0x0, 0x0, 0xc,
    0x7b, 0xff, 0xff, 0xff, 0xf0, 0x0, 0x4f, 0x10,
    0x16, 0xd1, 0x11, 0x10, 0x0, 0xec, 0x1, 0x1a,
    0xa1, 0x11, 0x10, 0xa, 0xfc, 0x6f, 0xff, 0xff,
    0xff, 0xf6, 0x1e, 0x8c, 0x0, 0x6d, 0x0, 0x0,
    0x0, 0x1, 0x5c, 0x0, 0xae, 0xdd, 0xdd, 0x80,
    0x0, 0x5c, 0x0, 0x13, 0x33, 0x4e, 0x70, 0x0,
    0x5c, 0x0, 0xa5, 0x0, 0xab, 0x0, 0x0, 0x5c,
    0x0, 0x6d, 0xec, 0xc0, 0x0, 0x0, 0x5c, 0x0,
    0x0, 0x4d, 0xe5, 0x0, 0x0, 0x5c, 0x0, 0x0,
    0x0, 0x78, 0x0,

    /* U+4F4D "位" */
    0x0, 0x0, 0x30, 0x0, 0x30, 0x0, 0x0, 0x0,
    0x3, 0xe0, 0x2, 0xf2, 0x0, 0x0, 0x0, 0xa,
    0x80, 0x0, 0xb7, 0x0, 0x0, 0x0, 0x2f, 0x1f,
    0xff, 0xff, 0xff, 0xf1, 0x0, 0xcc, 0x1, 0x11,
    0x11, 0x14, 0x10, 0x7, 0xfc, 0x3, 0xf0, 0x0,
    0xf, 0x50, 0x1f, 0x8c, 0x0, 0xf3, 0x0, 0x3f,
    0x10, 0x3, 0x5c, 0x0, 0xc7, 0x0, 0x7c, 0x0,
    0x0, 0x5c, 0x0, 0x9a, 0x0, 0xb8, 0x0, 0x0,
    0x5c, 0x0, 0x7c, 0x0, 0xf3, 0x0, 0x0, 0x5c,
    0x0, 0x5e, 0x5, 0xe0, 0x0, 0x0, 0x5c, 0x2,
    0x22, 0x2a, 0xa2, 0x21, 0x0, 0x5c, 0x6e, 0xee,
    0xee, 0xee, 0xe7,

    /* U+4F4E "低" */
    0x0, 0x4, 0x30, 0x0, 0x1, 0x46, 0x0, 0x0,
    0xc, 0x6a, 0xcd, 0xff, 0xd9, 0x20, 0x0, 0x2f,
    0x1d, 0x63, 0x2f, 0x20, 0x0, 0x0, 0x9c, 0xd,
    0x30, 0xe, 0x30, 0x0, 0x2, 0xfc, 0xd, 0x30,
    0xd, 0x40, 0x0, 0xc, 0xec, 0xd, 0xff, 0xff,
    0xff, 0xe0, 0x1d, 0x5c, 0xd, 0x41, 0x1b, 0x71,
    0x10, 0x0, 0x5c, 0xd, 0x30, 0x9, 0x80, 0x0,
    0x0, 0x5c, 0xd, 0x30, 0x6, 0xa0, 0x0, 0x0,
    0x5c, 0xd, 0x30, 0x3, 0xe0, 0x42, 0x0, 0x5c,
    0xd, 0x30, 0x63, 0xe3, 0x94, 0x0, 0x5c, 0xd,
    0x97, 0x7b, 0x8b, 0xc2, 0x0, 0x5c, 0x8, 0x94,
    0x1a, 0xc, 0xc0, 0x0, 0x0, 0x0, 0x0, 0x0,
    0x0, 0x0,

    /* U+4F4F "住" */
    0x0, 0x3, 0x30, 0x0, 0x40, 0x0, 0x0, 0x0,
    0xb, 0x70, 0x2, 0xe4, 0x0, 0x0, 0x0, 0x1f,
    0x10, 0x0, 0x44, 0x0, 0x0, 0x0, 0x7c, 0x5e,
    0xee, 0xee, 0xee, 0xe3, 0x1, 0xec, 0x2, 0x22,
    0xa8, 0x22, 0x20, 0x9, 0xfc, 0x0, 0x0, 0xa7,
    0x0, 0x0, 0x1f, 0x7c, 0x0, 0x0, 0xa7, 0x0,
    0x0, 0x4, 0x5c, 0x3, 0x44, 0xb9, 0x44, 0x30,
    0x0, 0x5c, 0xa, 0xbb, 0xed, 0xbb, 0x80, 0x0,
    0x5c, 0x0, 0x0, 0xa7, 0x0, 0x0, 0x0, 0x5c,
    0x0, 0x0, 0xa7, 0x0, 0x0, 0x0, 0x5c, 0x12,
    0x22, 0xa8, 0x22, 0x20, 0x0, 0x5c, 0xae, 0xee,
    0xee, 0xee, 0xe6,

    /* U+4F5C "作" */
    0x0, 0x0, 0x0, 0x0, 0x0, 0x0, 0x0, 0x0,
    0x7, 0x90, 0x8c, 0x0, 0x0, 0x0, 0x0, 0xd,
    0x40, 0xe9, 0x33, 0x33, 0x32, 0x0, 0x5e, 0x5,
    0xfd, 0xfd, 0xdd, 0xd9, 0x0, 0xdc, 0xe, 0x82,
    0xe0, 0x0, 0x0, 0x7, 0xfc, 0x9e, 0x2, 0xe0,
    0x0, 0x0, 0x1f, 0x8c, 0x73, 0x2, 0xff, 0xff,
    0xc0, 0x4, 0x5c, 0x0, 0x2, 0xe0, 0x0, 0x0,
    0x0, 0x5c, 0x0, 0x2, 0xe1, 0x11, 0x10, 0x0,
    0x5c, 0x0, 0x2, 0xff, 0xff, 0xf0, 0x0, 0x5c,
    0x0, 0x2, 0xe0, 0x0, 0x0, 0x0, 0x5c, 0x0,
    0x2, 0xe0, 0x0, 0x0, 0x0, 0x5c, 0x0, 0x2,
    0xe0, 0x0, 0x0,

    /* U+4FA7 "侧" */
    0x0, 0x0, 0x0, 0x0, 0x0, 0x0, 0x0, 0x8,
    0x86, 0x66, 0x66, 0x0, 0x2e, 0x0, 0xd4, 0xf5,
    0x56, 0xe0, 0xd2, 0xe0, 0x2f, 0xf, 0x17, 0x2e,
    0xf, 0x2e, 0x8, 0xe0, 0xf2, 0xf2, 0xe0, 0xf2,
    0xe0, 0xfe, 0xf, 0x2f, 0x2e, 0xf, 0x2e, 0x5c,
    0xe0, 0xf2, 0xf2, 0xe0, 0xf2, 0xe0, 0x3e, 0xf,
    0x3e, 0x2e, 0xf, 0x2e, 0x2, 0xe0, 0xf4, 0xc2,
    0xe0, 0xf2, 0xe0, 0x2e, 0xe, 0x79, 0x1c, 0xf,
    0x2e, 0x2, 0xe0, 0xd, 0x5a, 0x0, 0x2, 0xe0,
    0x2e, 0x9, 0xb0, 0x99, 0x2, 0x4d, 0x2, 0xe2,
    0xb1, 0x1, 0xb0, 0xcf, 0x90,

    /* U+4FDD "保" */
    0x0, 0x2, 0x30, 0x0, 0x0, 0x0, 0x0, 0x0,
    0x9, 0x93, 0xff, 0xff, 0xff, 0x20, 0x0, 0xe,
    0x23, 0xe0, 0x0, 0xe, 0x20, 0x0, 0x6c, 0x3,
    0xe0, 0x0, 0xe, 0x20, 0x0, 0xec, 0x3, 0xfd,
    0xdd, 0xdf, 0x20, 0x9, 0xec, 0x0, 0x22, 0xd5,
    0x22, 0x0, 0x1e, 0x6c, 0x0, 0x0, 0xd4, 0x0,
    0x0, 0x3, 0x5c, 0x5f, 0xff, 0xff, 0xff, 0xf2,
    0x0, 0x5c, 0x0, 0xa, 0xff, 0x30, 0x0, 0x0,
    0x5c, 0x0, 0x6b, 0xd7, 0xe3, 0x0, 0x0, 0x5c,
    0x7, 0xe1, 0xd4, 0x5e, 0x60, 0x0, 0x5c, 0x7d,
    0x20, 0xd4, 0x3, 0xd6, 0x0, 0x5c, 0x1, 0x0,
    0xd4, 0x0, 0x0,

    /* U+4FE1 "信" */
    0x0, 0x2, 0x40, 0x0, 0x34, 0x0, 0x0, 0x0,
    0xa, 0x80, 0x0, 0x6e, 0x0, 0x0, 0x0, 0x1f,
    0x3f, 0xff, 0xff, 0xff, 0xfa, 0x0, 0x8c, 0x1,
    0x11, 0x11, 0x11, 0x10, 0x1, 0xfc, 0x3, 0xdd,
    0xdd, 0xdd, 0xc0, 0xb, 0xdc, 0x0, 0x22, 0x22,
    0x22, 0x20, 0x1d, 0x5c, 0x3, 0xcc, 0xcc, 0xcc,
    0xb0, 0x0, 0x5c, 0x1, 0x33, 0x33, 0x33, 0x30,
    0x0, 0x5c, 0x0, 0x33, 0x33, 0x33, 0x30, 0x0,
    0x5c, 0x3, 0xfc, 0xcc, 0xcd, 0xd0, 0x0, 0x5c,
    0x3, 0xe0, 0x0, 0x4, 0xd0, 0x0, 0x5c, 0x3,
    0xe4, 0x44, 0x47, 0xd0, 0x0, 0x5c, 0x2, 0xeb,
    0xbb, 0xbc, 0xb0,

    /* U+503C "值" */
    0x0, 0x0, 0x0, 0x0, 0x0, 0x0, 0x0, 0x0,
    0x8, 0x80, 0x0, 0x7a, 0x0, 0x0, 0x0, 0xe,
    0x3d, 0xff, 0xff, 0xff, 0xf1, 0x0, 0x6d, 0x0,
    0x0, 0x7a, 0x0, 0x0, 0x0, 0xec, 0x0, 0xee,
    0xff, 0xee, 0x60, 0x9, 0xec, 0x0, 0xf1, 0x0,
    0xa, 0x60, 0x1e, 0x6c, 0x0, 0xfd, 0xdd, 0xdf,
    0x60, 0x2, 0x5c, 0x0, 0xf1, 0x0, 0xa, 0x60,
    0x0, 0x5c, 0x0, 0xfd, 0xdd, 0xdf, 0x60, 0x0,
    0x5c, 0x0, 0xf1, 0x0, 0xa, 0x60, 0x0, 0x5c,
    0x0, 0xfd, 0xdd, 0xdf, 0x60, 0x0, 0x5c, 0x0,
    0xf1, 0x0, 0xa, 0x60, 0x0, 0x5c, 0x8f, 0xff,
    0xff, 0xff, 0xf6,

    /* U+503E "倾" */
    0x0, 0x13, 0x0, 0x0, 0x0, 0x0, 0x0, 0x0,
    0x8a, 0xe1, 0xf, 0xff, 0xff, 0xf0, 0x0, 0xd5,
    0xe1, 0x0, 0xb, 0x60, 0x0, 0x2, 0xf1, 0xe1,
    0x9, 0xff, 0xff, 0x90, 0xa, 0xf1, 0xec, 0xc9,
    0x80, 0x7, 0xa0, 0x2f, 0xf1, 0xe4, 0x39, 0x87,
    0x87, 0xa0, 0x58, 0xe1, 0xe1, 0x9, 0x88, 0x87,
    0xa0, 0x0, 0xe1, 0xe1, 0x9, 0x89, 0x87, 0xa0,
    0x0, 0xe1, 0xe1, 0x9, 0x8a, 0x77, 0xa0, 0x0,
    0xe1, 0xe1, 0x29, 0x8d, 0x47, 0xa0, 0x0, 0xe1,
    0xed, 0x93, 0x9e, 0x78, 0x20, 0x0, 0xe1, 0x64,
    0x7, 0xf4, 0x3e, 0x70, 0x0, 0xe1, 0x0, 0x4c,
    0x30, 0x2, 0xb0,

    /* U+504F "偏" */
    0x0, 0x3, 0x0, 0x1, 0x30, 0x0, 0x0, 0x1,
    0xf3, 0x0, 0x3e, 0x0, 0x0, 0x0, 0x6c, 0x2f,
    0xff, 0xff, 0xff, 0xb0, 0xc, 0x52, 0xe0, 0x0,
    0x0, 0x4c, 0x5, 0xf2, 0x2f, 0xbb, 0xbb, 0xbc,
    0xc0, 0xdf, 0x22, 0xf4, 0x44, 0x44, 0x43, 0x6c,
    0xe2, 0x2e, 0x23, 0x33, 0x33, 0x31, 0x3e, 0x23,
    0xea, 0xdf, 0xcf, 0xcf, 0x0, 0xe2, 0x3d, 0xa4,
    0xe0, 0xe1, 0xf0, 0xe, 0x26, 0xba, 0xff, 0xff,
    0xff, 0x0, 0xe2, 0xa8, 0xa4, 0xe0, 0xe1, 0xf0,
    0xe, 0x3f, 0x3a, 0x4e, 0xe, 0x1f, 0x0, 0xe4,
    0xb0, 0xa4, 0x20, 0x6f, 0xb0, 0x0, 0x0, 0x0,
    0x0, 0x0, 0x0,

    /* U+505C "停" */
    0x0, 0x23, 0x0, 0x4, 0x30, 0x0, 0x0, 0x7,
    0x97, 0x88, 0xcd, 0x88, 0x84, 0x0, 0xc4, 0x67,
    0x77, 0x77, 0x77, 0x30, 0x1f, 0x3, 0xee, 0xee,
    0xee, 0xe0, 0x8, 0xe0, 0x4c, 0x0, 0x0, 0xf,
    0x0, 0xee, 0x4, 0xfd, 0xdd, 0xdd, 0xf0, 0x5e,
    0xe0, 0x23, 0x33, 0x33, 0x33, 0x10, 0x5e, 0x3f,
    0xee, 0xee, 0xee, 0xef, 0x2, 0xe3, 0xc2, 0x22,
    0x22, 0x22, 0xf0, 0x2e, 0x16, 0x9c, 0xcf, 0xcc,
    0x78, 0x2, 0xe0, 0x0, 0x0, 0xf0, 0x0, 0x0,
    0x2e, 0x0, 0x2, 0x1f, 0x0, 0x0, 0x2, 0xe0,
    0x1, 0xef, 0xc0, 0x0, 0x0,

    /* U+5149 "光" */
    0x0, 0x0, 0x0, 0x8a, 0x0, 0x0, 0x0, 0x0,
    0x68, 0x0, 0x8a, 0x0, 0x3c, 0x0, 0x0, 0x4f,
    0x50, 0x8a, 0x1, 0xd7, 0x0, 0x0, 0x7, 0xe0,
    0x8a, 0x8, 0xa0, 0x0, 0x0, 0x11, 0x31, 0x9a,
    0x11, 0x11, 0x10, 0xb, 0xff, 0xff, 0xff, 0xff,
    0xff, 0xe0, 0x0, 0x0, 0x5d, 0x3, 0xf0, 0x0,
    0x0, 0x0, 0x0, 0x99, 0x3, 0xf0, 0x0, 0x0,
    0x0, 0x1, 0xf3, 0x3, 0xf0, 0x0, 0x0, 0x0,
    0xc, 0xb0, 0x3, 0xf0, 0x0, 0x71, 0x3, 0xcc,
    0x0, 0x3, 0xf2, 0x2, 0xf2, 0xe, 0x91, 0x0,
    0x1, 0xcf, 0xff, 0xb0, 0x0, 0x0, 0x0, 0x0,
    0x0, 0x0, 0x0,

    /* U+514B "克" */
    0x1, 0x11, 0x11, 0x98, 0x11, 0x11, 0x10, 0xf,
    0xff, 0xff, 0xff, 0xff, 0xff, 0xf1, 0x0, 0x0,
    0x0, 0x98, 0x0, 0x0, 0x0, 0x0, 0x9b, 0xbb,
    0xed, 0xbb, 0xb7, 0x0, 0x0, 0xc7, 0x44, 0x44,
    0x44, 0x9a, 0x0, 0x0, 0xc4, 0x0, 0x0, 0x0,
    0x7a, 0x0, 0x0, 0xc7, 0x33, 0x33, 0x33, 0x8a,
    0x0, 0x0, 0xad, 0xdf, 0xde, 0xfd, 0xd8, 0x0,
    0x0, 0x0, 0x7a, 0x6, 0xb0, 0x0, 0x0, 0x0,
    0x1, 0xe4, 0x6, 0xb0, 0x0, 0x30, 0x0, 0x4c,
    0xa0, 0x6, 0xc1, 0x1, 0xd5, 0x1e, 0xe8, 0x0,
    0x3, 0xef, 0xff, 0xd1, 0x2, 0x0, 0x0, 0x0,
    0x0, 0x0, 0x0,

    /* U+516C "公" */
    0x0, 0x0, 0x53, 0x0, 0x36, 0x0, 0x0, 0x0,
    0x0, 0xd5, 0x0, 0x2f, 0x20, 0x0, 0x0, 0x5,
    0xe0, 0x0, 0xa, 0xb0, 0x0, 0x0, 0xe, 0x60,
    0x0, 0x1, 0xf6, 0x0, 0x0, 0xad, 0x0, 0xa2,
    0x0, 0x5f, 0x30, 0x7, 0xf3, 0x4, 0xf0, 0x0,
    0x9, 0xf2, 0x8, 0x50, 0xb, 0x80, 0x0, 0x0,
    0x80, 0x0, 0x0, 0x4f, 0x10, 0x48, 0x0, 0x0,
    0x0, 0x0, 0xd8, 0x0, 0x1e, 0x40, 0x0, 0x0,
    0xa, 0xd0, 0x0, 0x6, 0xe1, 0x0, 0x0, 0x7f,
    0x75, 0x68, 0xac, 0xf8, 0x0, 0x0, 0x5d, 0xcb,
    0xa8, 0x64, 0x5f, 0x0, 0x0, 0x0, 0x0, 0x0,
    0x0, 0x2, 0x0,

    /* U+5171 "共" */
    0x0, 0x1, 0xf0, 0x0, 0x2f, 0x0, 0x0, 0x0,
    0x1, 0xf0, 0x0, 0x2f, 0x0, 0x0, 0x7, 0xee,
    0xfe, 0xee, 0xef, 0xee, 0x60, 0x1, 0x22, 0xf2,
    0x22, 0x3f, 0x22, 0x0, 0x0, 0x1, 0xf0, 0x0,
    0x2f, 0x0, 0x0, 0x0, 0x1, 0xf0, 0x0, 0x2f,
    0x0, 0x0, 0x1, 0x12, 0xf1, 0x11, 0x3f, 0x11,
    0x10, 0xf, 0xff, 0xff, 0xff, 0xff, 0xff, 0xf0,
    0x0, 0x0, 0x42, 0x0, 0x15, 0x0, 0x0, 0x0,
    0x6, 0xf5, 0x0, 0x4f, 0xa0, 0x0, 0x0, 0x8f,
    0x50, 0x0, 0x2, 0xec, 0x10, 0x8, 0xe4, 0x0,
    0x0, 0x0, 0x2e, 0x80, 0x0, 0x10, 0x0, 0x0,
    0x0, 0x1, 0x0,

    /* U+5173 "关" */
    0x0, 0x2, 0x20, 0x0, 0x6, 0x10, 0x0, 0x0,
    0x7, 0xc0, 0x0, 0x3f, 0x10, 0x0, 0x0, 0x0,
    0xb1, 0x0, 0xb8, 0x0, 0x0, 0x3, 0xdd, 0xdd,
    0xdd, 0xfd, 0xdc, 0x0, 0x0, 0x33, 0x33, 0xf5,
    0x33, 0x33, 0x0, 0x0, 0x0, 0x0, 0xf2, 0x0,
    0x0, 0x0, 0x0, 0x0, 0x0, 0xf2, 0x0, 0x0,
    0x0, 0xe, 0xff, 0xff, 0xff, 0xff, 0xff, 0x70,
    0x0, 0x0, 0x5, 0xfe, 0x10, 0x0, 0x0, 0x0,
    0x0, 0xc, 0x89, 0xa0, 0x0, 0x0, 0x0, 0x1,
    0xbd, 0x11, 0xdb, 0x10, 0x0, 0x1, 0x6e, 0xd2,
    0x0, 0x1c, 0xf9, 0x30, 0x2f, 0xe7, 0x0, 0x0,
    0x0, 0x7e, 0xd0, 0x2, 0x0, 0x0, 0x0, 0x0,
    0x0, 0x10,

    /* U+5177 "具" */
    0x0, 0x7f, 0xff, 0xff, 0xff, 0xf0, 0x0, 0x0,
    0x79, 0x0, 0x0, 0x1, 0xf0, 0x0, 0x0, 0x7f,
    0xee, 0xee, 0xee, 0xf0, 0x0, 0x0, 0x79, 0x0,
    0x0, 0x0, 0xf0, 0x0, 0x0, 0x7f, 0xdd, 0xdd,
    0xdd, 0xf0, 0x0, 0x0, 0x7a, 0x11, 0x11, 0x12,
    0xf0, 0x0, 0x0, 0x7e, 0xbb, 0xbb, 0xbb, 0xf0,
    0x0, 0x0, 0x7b, 0x33, 0x33, 0x34, 0xf0, 0x0,
    0x13, 0x9a, 0x33, 0x33, 0x33, 0xf3, 0x30, 0x7d,
    0xdd, 0xdd, 0xdd, 0xdd, 0xdd, 0xd1, 0x0, 0x6,
    0xd3, 0x2, 0xda, 0x50, 0x0, 0x1a, 0xfd, 0x60,
    0x0, 0x27, 0xef, 0x50, 0x7, 0x30, 0x0, 0x0,
    0x0, 0x5, 0x10,

    /* U+518D "再" */
    0xa, 0xff, 0xff, 0xff, 0xff, 0xff, 0xf1, 0x0,
    0x0, 0x0, 0x6c, 0x0, 0x0, 0x0, 0x0, 0x11,
    0x11, 0x6c, 0x11, 0x11, 0x0, 0x0, 0xcf, 0xff,
    0xff, 0xff, 0xff, 0x20, 0x0, 0xc5, 0x0, 0x6c,
    0x0, 0xf, 0x20, 0x0, 0xcf, 0xee, 0xff, 0xee,
    0xef, 0x20, 0x0, 0xc6, 0x11, 0x6c, 0x11, 0x1f,
    0x20, 0x1, 0xc6, 0x11, 0x6c, 0x11, 0x1f, 0x30,
    0x1f, 0xff, 0xff, 0xff, 0xff, 0xff, 0xf8, 0x0,
    0xc5, 0x0, 0x0, 0x0, 0xf, 0x20, 0x0, 0xc5,
    0x0, 0x0, 0x12, 0x1f, 0x20, 0x0, 0xc5, 0x0,
    0x0, 0x5e, 0xfc, 0x0,

    /* U+51B2 "冲" */
    0x8, 0x30, 0x0, 0x0, 0xe2, 0x0, 0x0, 0x7e,
    0x0, 0x0, 0xe, 0x20, 0x0, 0x0, 0xd7, 0x2f,
    0xff, 0xff, 0xff, 0x60, 0x1, 0x2, 0xe1, 0x1e,
    0x31, 0xb6, 0x0, 0x0, 0x2e, 0x0, 0xe2, 0xa,
    0x60, 0x0, 0x2, 0xe0, 0xe, 0x20, 0xa6, 0x0,
    0x21, 0x2f, 0x44, 0xf6, 0x4c, 0x60, 0xa, 0x82,
    0xfc, 0xcf, 0xcc, 0xe6, 0x1, 0xf3, 0x15, 0x0,
    0xe2, 0x4, 0x20, 0x8d, 0x0, 0x0, 0xe, 0x20,
    0x0, 0x1f, 0x60, 0x0, 0x0, 0xe2, 0x0, 0x0,
    0x70, 0x0, 0x0, 0xe, 0x20, 0x0,

    /* U+51C6 "准" */
    0x0, 0x0, 0x0, 0x30, 0x11, 0x0, 0x0, 0xb,
    0x20, 0x3, 0xe0, 0xb8, 0x0, 0x0, 0x9, 0xc0,
    0xa, 0x91, 0x5e, 0x11, 0x10, 0x0, 0xe5, 0x1f,
    0xff, 0xff, 0xff, 0xf1, 0x0, 0x30, 0xaf, 0x20,
    0xf, 0x10, 0x0, 0x0, 0x4, 0xff, 0x20, 0xf,
    0x10, 0x0, 0x0, 0x7, 0x5e, 0xee, 0xef, 0xee,
    0xa0, 0x0, 0x31, 0xe, 0x20, 0xf, 0x10, 0x0,
    0x0, 0xc6, 0xe, 0x53, 0x3f, 0x53, 0x20, 0x2,
    0xf1, 0xe, 0xcc, 0xcf, 0xcc, 0x80, 0xa, 0xb0,
    0xe, 0x20, 0xf, 0x10, 0x0, 0x2f, 0x40, 0xe,
    0xee, 0xef, 0xee, 0xe3, 0x7, 0x0, 0xe, 0x41,
    0x11, 0x11, 0x10,

    /* U+51CF "减" */
    0x0, 0x0, 0x0, 0x0, 0x0, 0x0, 0x0, 0x5,
    0x10, 0x0, 0x0, 0xd, 0x4d, 0x30, 0xa, 0xa0,
    0x23, 0x33, 0x3d, 0x67, 0x50, 0x2, 0xf1, 0xed,
    0xcc, 0xcf, 0xdc, 0xc0, 0x0, 0x60, 0xe4, 0x33,
    0x2b, 0x60, 0x0, 0x0, 0x0, 0xe6, 0xcc, 0x9a,
    0x75, 0x90, 0x0, 0x0, 0xe4, 0x33, 0x29, 0x8a,
    0x60, 0x0, 0x40, 0xe5, 0xec, 0xc7, 0xbf, 0x10,
    0x0, 0xe3, 0xf5, 0xb2, 0xc4, 0xf9, 0x0, 0x3,
    0xf1, 0xf3, 0xfd, 0xc4, 0xf2, 0x0, 0x9, 0xb4,
    0xe0, 0x22, 0x2d, 0xf4, 0x93, 0xf, 0x5a, 0x90,
    0x0, 0xc8, 0x7b, 0xd2, 0x6, 0x8, 0x30, 0x3,
    0x80, 0xc, 0xa0,

    /* U+51FA "出" */
    0x0, 0x0, 0x2, 0xe0, 0x0, 0x0, 0xc, 0x60,
    0x2, 0xe0, 0x1, 0xf0, 0xc, 0x60, 0x2, 0xe0,
    0x1, 0xf0, 0xc, 0x60, 0x2, 0xe0, 0x1, 0xf0,
    0xc, 0xca, 0xab, 0xfa, 0xaa, 0xf0, 0x4, 0x66,
    0x67, 0xf6, 0x66, 0xc0, 0x3a, 0x0, 0x2, 0xe0,
    0x0, 0x58, 0x4c, 0x0, 0x2, 0xe0, 0x0, 0x7a,
    0x4c, 0x0, 0x2, 0xe0, 0x0, 0x7a, 0x4c, 0x0,
    0x2, 0xe0, 0x0, 0x7a, 0x4d, 0x33, 0x35, 0xe3,
    0x33, 0x8a, 0x4d, 0xdd, 0xdd, 0xdd, 0xdd, 0xea,

    /* U+5206 "分" */
    0x0, 0x0, 0x0, 0x0, 0x0, 0x0, 0x0, 0x0,
    0x0, 0x7a, 0x0, 0x99, 0x0, 0x0, 0x0, 0x2,
    0xf3, 0x0, 0x2f, 0x50, 0x0, 0x0, 0x1d, 0x70,
    0x0, 0x7, 0xf3, 0x0, 0x0, 0xcb, 0x0, 0x0,
    0x0, 0xae, 0x30, 0xd, 0xc0, 0x0, 0x0, 0x0,
    0xb, 0xf2, 0x8, 0x1f, 0xff, 0xff, 0xff, 0xf0,
    0x60, 0x0, 0x1, 0x1d, 0x61, 0x13, 0xf0, 0x0,
    0x0, 0x0, 0x1f, 0x30, 0x3, 0xf0, 0x0, 0x0,
    0x0, 0x8e, 0x0, 0x4, 0xf0, 0x0, 0x0, 0x4,
    0xf6, 0x0, 0x5, 0xe0, 0x0, 0x1, 0x8f, 0x80,
    0x2, 0x2a, 0xc0, 0x0, 0x8, 0xd4, 0x0, 0x7,
    0xfe, 0x50, 0x0, 0x0, 0x0, 0x0, 0x0, 0x0,
    0x0, 0x0,

    /* U+5212 "划" */
    0x0, 0x0, 0x0, 0x0, 0x0, 0x0, 0x10, 0x4,
    0xe0, 0x81, 0x0, 0x0, 0x2e, 0x0, 0x3e, 0x6,
    0xc0, 0xb, 0x32, 0xe0, 0x2, 0xf0, 0x1, 0x0,
    0xd4, 0x2e, 0x1, 0x4f, 0x8b, 0xdd, 0xd, 0x42,
    0xe0, 0xfe, 0xfa, 0x63, 0x10, 0xd4, 0x2e, 0x0,
    0xb, 0x50, 0x82, 0xd, 0x42, 0xe0, 0x0, 0x89,
    0x3e, 0x0, 0xd4, 0x2e, 0x0, 0x3, 0xdd, 0x50,
    0xd, 0x42, 0xe0, 0x0, 0x1f, 0xa0, 0x0, 0xd4,
    0x2e, 0x0, 0x5e, 0xd9, 0x4, 0x10, 0x2, 0xe0,
    0xbd, 0x50, 0xe4, 0xd1, 0x22, 0x4e, 0x2, 0x0,
    0x3, 0xea, 0x7, 0xef, 0x90,

    /* U+5229 "利" */
    0x0, 0x0, 0x0, 0x20, 0x0, 0x0, 0x0, 0x46,
    0x8b, 0xee, 0x50, 0x0, 0xd4, 0xa, 0xa8, 0xf2,
    0x0, 0x86, 0xd, 0x40, 0x0, 0x1f, 0x0, 0x9,
    0x70, 0xd4, 0x8, 0x99, 0xf9, 0x95, 0x97, 0xd,
    0x40, 0x67, 0xaf, 0x77, 0x49, 0x70, 0xd4, 0x0,
    0xb, 0xf4, 0x0, 0x97, 0xd, 0x40, 0x4, 0xff,
    0xe3, 0x9, 0x70, 0xd4, 0x1, 0xe6, 0xf6, 0xe1,
    0x97, 0xd, 0x41, 0xd9, 0x1f, 0x9, 0xa9, 0x70,
    0xd4, 0x19, 0x1, 0xf0, 0x1, 0x0, 0xd, 0x40,
    0x0, 0x1f, 0x0, 0x0, 0x32, 0xe4, 0x0, 0x1,
    0xf0, 0x0, 0xc, 0xfe, 0x10,

    /* U+5230 "到" */
    0x1f, 0xff, 0xff, 0xfd, 0x0, 0x4, 0xd0, 0x1,
    0xe5, 0x11, 0x1, 0xe0, 0x4d, 0x0, 0x7d, 0xb,
    0x70, 0x2f, 0x4, 0xd0, 0x2f, 0x40, 0x6f, 0x12,
    0xf0, 0x4d, 0xc, 0xfd, 0xfd, 0xe7, 0x2f, 0x4,
    0xd0, 0x34, 0x44, 0x5, 0x52, 0xf0, 0x4d, 0x0,
    0x4, 0xd0, 0x0, 0x2f, 0x4, 0xd0, 0x78, 0xae,
    0x88, 0x32, 0xf0, 0x4d, 0x7, 0x8a, 0xe8, 0x83,
    0x2f, 0x4, 0xd0, 0x0, 0x4d, 0x1, 0x20, 0x0,
    0x4d, 0x17, 0x9b, 0xfe, 0xea, 0x1, 0x26, 0xd0,
    0xa8, 0x53, 0x0, 0x0, 0x4e, 0xf8,

    /* U+524D "前" */
    0x0, 0x0, 0x10, 0x0, 0x0, 0x0, 0x0, 0x0,
    0x3, 0xe1, 0x0, 0xd, 0x70, 0x0, 0x1, 0x11,
    0x94, 0x11, 0x7e, 0x11, 0x10, 0xe, 0xee, 0xee,
    0xee, 0xee, 0xee, 0xe1, 0x1, 0x44, 0x44, 0x30,
    0x0, 0x8, 0x40, 0x4, 0xec, 0xcd, 0xb0, 0x78,
    0xa, 0x50, 0x4, 0xb0, 0x4, 0xb0, 0x79, 0xa,
    0x50, 0x4, 0xff, 0xff, 0xb0, 0x79, 0xa, 0x50,
    0x4, 0xb0, 0x4, 0xb0, 0x79, 0xa, 0x50, 0x4,
    0xeb, 0xbc, 0xb0, 0x79, 0xa, 0x50, 0x4, 0xc4,
    0x47, 0xb0, 0x78, 0xa, 0x50, 0x4, 0xb0, 0x15,
    0xb0, 0x2, 0x1b, 0x50, 0x4, 0xb0, 0xcf, 0x60,
    0x7, 0xee, 0x20, 0x0, 0x10, 0x0, 0x0, 0x0,
    0x0, 0x0,

    /* U+529B "力" */
    0x0, 0x0, 0xc, 0x50, 0x0, 0x0, 0x0, 0x0,
    0x0, 0xc5, 0x0, 0x0, 0x0, 0x9, 0xff, 0xff,
    0xff, 0xff, 0xff, 0x10, 0x1, 0x11, 0xc5, 0x11,
    0x11, 0xf1, 0x0, 0x0, 0xe, 0x30, 0x0, 0xf,
    0x10, 0x0, 0x1, 0xf1, 0x0, 0x0, 0xf1, 0x0,
    0x0, 0x6c, 0x0, 0x0, 0x1f, 0x0, 0x0, 0xd,
    0x60, 0x0, 0x1, 0xf0, 0x0, 0x7, 0xe0, 0x0,
    0x0, 0x2f, 0x0, 0x4, 0xf4, 0x0, 0x0, 0x4,
    0xd0, 0x4, 0xf6, 0x0, 0x0, 0x11, 0x8a, 0x1,
    0xf5, 0x0, 0x0, 0x3f, 0xfe, 0x30, 0x1, 0x0,
    0x0, 0x0, 0x0, 0x0, 0x0,

    /* U+52A0 "加" */
    0x0, 0x3e, 0x0, 0x0, 0x0, 0x0, 0x0, 0x3,
    0xe0, 0x0, 0x1f, 0xcc, 0xce, 0x2f, 0xff, 0xff,
    0xb1, 0xe0, 0x1, 0xe0, 0x14, 0xe1, 0x4c, 0x1e,
    0x0, 0x1e, 0x0, 0x4d, 0x4, 0xc1, 0xe0, 0x1,
    0xe0, 0x5, 0xc0, 0x4c, 0x1e, 0x0, 0x1e, 0x0,
    0x7a, 0x4, 0xb1, 0xe0, 0x1, 0xe0, 0xa, 0x70,
    0x5b, 0x1e, 0x0, 0x1e, 0x0, 0xe3, 0x6, 0xa1,
    0xe0, 0x1, 0xe0, 0x4e, 0x0, 0x79, 0x1f, 0x33,
    0x4e, 0xc, 0x70, 0xb, 0x61, 0xfc, 0xcc, 0xe4,
    0xd0, 0x9f, 0xc0, 0x8, 0x0, 0x7, 0x0, 0x0,
    0x0, 0x0, 0x0, 0x0, 0x0,

    /* U+52A8 "动" */
    0x1, 0x22, 0x22, 0x0, 0x4d, 0x0, 0x0, 0x8,
    0xdd, 0xdd, 0x0, 0x4d, 0x0, 0x0, 0x0, 0x0,
    0x0, 0xb, 0xcf, 0xbb, 0xb0, 0x1, 0x11, 0x11,
    0x3, 0x7d, 0x33, 0xf0, 0x1f, 0xff, 0xff, 0x60,
    0x5b, 0x0, 0xf0, 0x0, 0x5d, 0x0, 0x0, 0x6a,
    0x0, 0xf0, 0x0, 0xa8, 0x15, 0x0, 0x98, 0x0,
    0xf0, 0x1, 0xf2, 0x1f, 0x10, 0xd4, 0x1, 0xf0,
    0x8, 0x90, 0xc, 0x72, 0xf1, 0x2, 0xe0, 0x1f,
    0xbc, 0xec, 0xca, 0xa0, 0x4, 0xd0, 0x6, 0x52,
    0x0, 0x6f, 0x21, 0x28, 0xb0, 0x0, 0x0, 0x0,
    0xd5, 0x5, 0xef, 0x40, 0x0, 0x0, 0x0, 0x0,
    0x0, 0x0, 0x0,

    /* U+52A9 "助" */
    0xe, 0xff, 0xfe, 0x0, 0xc5, 0x0, 0x0, 0xe3,
    0x3, 0xe0, 0x2c, 0x62, 0x21, 0xe, 0x30, 0x2e,
    0x3f, 0xff, 0xff, 0xc0, 0xe5, 0x35, 0xe0, 0x3d,
    0x73, 0x6c, 0xe, 0xdd, 0xde, 0x0, 0xd3, 0x4,
    0xc0, 0xe3, 0x2, 0xe0, 0xe, 0x20, 0x4c, 0xe,
    0x41, 0x3e, 0x1, 0xf1, 0x4, 0xb0, 0xef, 0xff,
    0xe0, 0x4d, 0x0, 0x5a, 0xe, 0x30, 0x2e, 0x9,
    0x90, 0x6, 0xa0, 0xe3, 0x26, 0xf6, 0xf3, 0x0,
    0x88, 0x6f, 0xfe, 0xa7, 0xcb, 0x3, 0x2c, 0x62,
    0x31, 0x0, 0x2e, 0x10, 0xcf, 0xd1, 0x0, 0x0,
    0x0, 0x0, 0x0, 0x0, 0x0,

    /* U+52D2 "勒" */
    0x0, 0xe2, 0x9, 0x70, 0xd, 0x40, 0x0, 0x1f,
    0xff, 0xff, 0xf9, 0xd, 0x40, 0x0, 0x0, 0xe1,
    0x8, 0x72, 0xbf, 0xcb, 0xb2, 0x0, 0xcf, 0xfe,
    0x60, 0x5e, 0x75, 0xe3, 0x0, 0x3, 0xc0, 0x0,
    0xe, 0x30, 0xe3, 0xc, 0xee, 0xfe, 0xf5, 0xf,
    0x20, 0xe3, 0xc, 0x33, 0xc0, 0xa5, 0x1f, 0x0,
    0xf2, 0xc, 0xff, 0xff, 0xf5, 0x4d, 0x0, 0xf2,
    0x0, 0x3, 0xc0, 0x0, 0x89, 0x0, 0xf1, 0x1f,
    0xff, 0xff, 0xf9, 0xe3, 0x1, 0xf0, 0x0, 0x4,
    0xc0, 0x8, 0xc1, 0x14, 0xd0, 0x0, 0x3, 0xc0,
    0xb, 0x13, 0xef, 0x60,

    /* U+5316 "化" */
    0x0, 0x0, 0x20, 0x0, 0x0, 0x0, 0x0, 0x0,
    0x3, 0xe0, 0xe, 0x30, 0x0, 0x0, 0x0, 0xa,
    0x80, 0xe, 0x30, 0x7, 0x60, 0x0, 0x3f, 0x10,
    0xe, 0x30, 0x5e, 0x20, 0x0, 0xcc, 0x0, 0xe,
    0x37, 0xf3, 0x0, 0x8, 0xfc, 0x0, 0xe, 0xce,
    0x30, 0x0, 0x1f, 0x8c, 0x0, 0x3f, 0xc1, 0x0,
    0x0, 0x2, 0x5c, 0x7, 0xff, 0x30, 0x0, 0x0,
    0x0, 0x5c, 0x2, 0x1e, 0x30, 0x0, 0x0, 0x0,
    0x5c, 0x0, 0xe, 0x30, 0x0, 0x72, 0x0, 0x5c,
    0x0, 0xe, 0x30, 0x0, 0xd4, 0x0, 0x5c, 0x0,
    0xe, 0x61, 0x25, 0xf1, 0x0, 0x5c, 0x0, 0x9,
    0xff, 0xfe, 0x90,

    /* U+5339 "匹" */
    0xcf, 0xff, 0xff, 0xff, 0xff, 0xf3, 0xc4, 0x1,
    0xf0, 0xe, 0x10, 0x0, 0xc4, 0x1, 0xe0, 0xe,
    0x10, 0x0, 0xc4, 0x2, 0xd0, 0xe, 0x10, 0x0,
    0xc4, 0x4, 0xc0, 0xe, 0x10, 0x0, 0xc4, 0x6,
    0xa0, 0xe, 0x10, 0x61, 0xc4, 0xb, 0x70, 0xe,
    0x10, 0xc4, 0xc4, 0x3f, 0x10, 0xe, 0x32, 0xe2,
    0xc5, 0xe7, 0x0, 0xa, 0xfe, 0xa0, 0xc4, 0x40,
    0x0, 0x0, 0x0, 0x0, 0xc5, 0x11, 0x11, 0x11,
    0x11, 0x11, 0xcf, 0xff, 0xff, 0xff, 0xff, 0xfc,

    /* U+5347 "升" */
    0x0, 0x0, 0x4, 0x98, 0xb, 0x60, 0x0, 0x5,
    0xad, 0xfc, 0x83, 0xb, 0x60, 0x0, 0x4, 0x63,
    0xe4, 0x0, 0xb, 0x60, 0x0, 0x0, 0x0, 0xe4,
    0x0, 0xb, 0x60, 0x0, 0x1, 0x11, 0xe4, 0x11,
    0x1b, 0x71, 0x10, 0x1f, 0xff, 0xff, 0xff, 0xff,
    0xff, 0xf1, 0x0, 0x0, 0xf2, 0x0, 0xb, 0x60,
    0x0, 0x0, 0x2, 0xf1, 0x0, 0xb, 0x60, 0x0,
    0x0, 0x8, 0xb0, 0x0, 0xb, 0x60, 0x0, 0x0,
    0x3f, 0x40, 0x0, 0xb, 0x60, 0x0, 0x4, 0xe7,
    0x0, 0x0, 0xb, 0x60, 0x0, 0x8, 0x60, 0x0,
    0x0, 0xb, 0x60, 0x0,

    /* U+534A "半" */
    0x0, 0x12, 0x0, 0x89, 0x0, 0x13, 0x0, 0x0,
    0x5e, 0x20, 0x89, 0x0, 0xb9, 0x0, 0x0, 0x9,
    0xb0, 0x89, 0x8, 0xd0, 0x0, 0x0, 0x12, 0x31,
    0x9a, 0x12, 0x21, 0x0, 0x7, 0xff, 0xff, 0xff,
    0xff, 0xff, 0x80, 0x0, 0x0, 0x0, 0x89, 0x0,
    0x0, 0x0, 0x0, 0x0, 0x0, 0x89, 0x0, 0x0,
    0x0, 0x2f, 0xff, 0xff, 0xff, 0xff, 0xff, 0xf2,
    0x1, 0x11, 0x11, 0x9a, 0x11, 0x11, 0x10, 0x0,
    0x0, 0x0, 0x89, 0x0, 0x0, 0x0, 0x0, 0x0,
    0x0, 0x89, 0x0, 0x0, 0x0, 0x0, 0x0, 0x0,
    0x89, 0x0, 0x0, 0x0,

    /* U+5355 "单" */
    0x0, 0x0, 0x10, 0x0, 0x1, 0x0, 0x0, 0x0,
    0x1, 0xe3, 0x0, 0xd, 0x50, 0x0, 0x0, 0x12,
    0x65, 0x22, 0x7d, 0x21, 0x0, 0x0, 0xcf, 0xee,
    0xff, 0xee, 0xfb, 0x0, 0x0, 0xc5, 0x0, 0x98,
    0x0, 0x6b, 0x0, 0x0, 0xcf, 0xff, 0xff, 0xff,
    0xfb, 0x0, 0x0, 0xc6, 0x11, 0xa9, 0x11, 0x7b,
    0x0, 0x0, 0xc7, 0x33, 0xaa, 0x33, 0x8b, 0x0,
    0x0, 0x9d, 0xdd, 0xee, 0xdd, 0xd9, 0x0, 0x0,
    0x0, 0x0, 0x99, 0x0, 0x0, 0x0, 0xf, 0xff,
    0xff, 0xff, 0xff, 0xff, 0xf0, 0x0, 0x0, 0x0,
    0x98, 0x0, 0x0, 0x0, 0x0, 0x0, 0x0, 0x98,
    0x0, 0x0, 0x0,

    /* U+5361 "卡" */
    0x0, 0x0, 0xd, 0x40, 0x0, 0x0, 0x0, 0x0,
    0x0, 0xd7, 0x44, 0x42, 0x0, 0x0, 0x0, 0xd,
    0xdc, 0xcc, 0x70, 0x0, 0x0, 0x0, 0xd4, 0x0,
    0x0, 0x0, 0xef, 0xff, 0xff, 0xff, 0xff, 0xff,
    0x12, 0x22, 0x22, 0x63, 0x22, 0x22, 0x20, 0x0,
    0x0, 0xd, 0x40, 0x0, 0x0, 0x0, 0x0, 0x0,
    0xdc, 0x40, 0x0, 0x0, 0x0, 0x0, 0xd, 0xae,
    0xc4, 0x0, 0x0, 0x0, 0x0, 0xd4, 0x8, 0xf7,
    0x0, 0x0, 0x0, 0xd, 0x40, 0x1, 0x0, 0x0,
    0x0, 0x0, 0xd4, 0x0, 0x0, 0x0,

    /* U+5373 "即" */
    0x9b, 0xbb, 0xb3, 0x9b, 0xbb, 0xb9, 0xc7, 0x44,
    0xd4, 0xd7, 0x55, 0x8c, 0xc4, 0x0, 0xc4, 0xd4,
    0x0, 0x4c, 0xcf, 0xff, 0xf4, 0xd4, 0x0, 0x4c,
    0xc4, 0x0, 0xc4, 0xd4, 0x0, 0x4c, 0xc5, 0x11,
    0xd4, 0xd4, 0x0, 0x4c, 0xcf, 0xff, 0xf4, 0xd4,
    0x0, 0x4c, 0xc4, 0x5, 0x10, 0xd4, 0x0, 0x4c,
    0xc4, 0x9, 0xa0, 0xd4, 0x0, 0x4c, 0xc4, 0x5c,
    0xf3, 0xd4, 0x7b, 0xdb, 0xcf, 0xb4, 0x74, 0xd4,
    0x2, 0x30, 0x32, 0x0, 0x0, 0xd4, 0x0, 0x0,

    /* U+5386 "历" */
    0x3, 0xff, 0xff, 0xff, 0xff, 0xff, 0xf3, 0x3,
    0xe0, 0x0, 0x3, 0x0, 0x0, 0x0, 0x3, 0xe0,
    0x0, 0x1f, 0x0, 0x0, 0x0, 0x3, 0xe0, 0x0,
    0x2f, 0x0, 0x0, 0x0, 0x3, 0xe0, 0xcf, 0xff,
    0xff, 0xff, 0x50, 0x3, 0xe0, 0x11, 0x7b, 0x11,
    0x1c, 0x60, 0x3, 0xd0, 0x0, 0x98, 0x0, 0xc,
    0x50, 0x5, 0xc0, 0x0, 0xd4, 0x0, 0xc, 0x50,
    0x7, 0xa0, 0x4, 0xe0, 0x0, 0xd, 0x40, 0xa,
    0x70, 0xd, 0x60, 0x0, 0xe, 0x30, 0xe, 0x31,
    0xca, 0x0, 0x13, 0x3f, 0x10, 0x1b, 0x2, 0x80,
    0x0, 0x1d, 0xf9, 0x0,

    /* U+539F "原" */
    0x3, 0xff, 0xff, 0xff, 0xff, 0xff, 0xf3, 0x3,
    0xe0, 0x0, 0x9, 0x20, 0x0, 0x0, 0x3, 0xe0,
    0x34, 0x4f, 0x54, 0x44, 0x0, 0x3, 0xe0, 0xeb,
    0xbb, 0xbb, 0xbf, 0x20, 0x3, 0xe0, 0xe3, 0x22,
    0x22, 0x2e, 0x20, 0x3, 0xe0, 0xed, 0xcc, 0xcc,
    0xcf, 0x20, 0x3, 0xd0, 0xe1, 0x0, 0x0, 0xe,
    0x20, 0x5, 0xc0, 0xdf, 0xff, 0xff, 0xff, 0x20,
    0x7, 0xa0, 0x8, 0x12, 0xf0, 0x41, 0x0, 0xa,
    0x70, 0x8c, 0x2, 0xf0, 0xae, 0x30, 0xe, 0x49,
    0xe2, 0x33, 0xf0, 0xa, 0xf2, 0x1c, 0x6, 0x11,
    0xdf, 0xb0, 0x0, 0x20, 0x0, 0x0, 0x0, 0x0,
    0x0, 0x0, 0x0,

    /* U+53CD "反" */
    0x0, 0x0, 0x0, 0x0, 0x0, 0x0, 0x0, 0x2,
    0x23, 0x45, 0x79, 0xcf, 0x80, 0x0, 0xed, 0xcb,
    0xa8, 0x64, 0x10, 0x0, 0xe, 0x20, 0x0, 0x0,
    0x0, 0x0, 0x0, 0xe3, 0x11, 0x11, 0x11, 0x10,
    0x0, 0xe, 0xff, 0xff, 0xff, 0xff, 0x50, 0x0,
    0xe7, 0xd0, 0x0, 0x2, 0xf1, 0x0, 0xf, 0x2d,
    0x60, 0x0, 0x8a, 0x0, 0x0, 0xf1, 0x3e, 0x20,
    0x3f, 0x20, 0x0, 0x3e, 0x0, 0x6e, 0x6e, 0x60,
    0x0, 0x8, 0xa0, 0x0, 0xaf, 0xd1, 0x0, 0x0,
    0xe4, 0x6, 0xdd, 0x4a, 0xf9, 0x30, 0x4c, 0xd,
    0xd6, 0x0, 0x2, 0x9e, 0x90, 0x10, 0x10, 0x0,
    0x0, 0x0, 0x1,

    /* U+53D1 "发" */
    0x0, 0x0, 0x0, 0x20, 0x0, 0x0, 0x0, 0x2,
    0x30, 0x1f, 0x0, 0xb4, 0x0, 0x0, 0xa7, 0x5,
    0xc0, 0x4, 0xf4, 0x0, 0x2f, 0x10, 0x99, 0x0,
    0x3, 0x10, 0x4, 0xff, 0xff, 0xff, 0xff, 0xff,
    0x80, 0x1, 0x14, 0xf2, 0x11, 0x11, 0x10, 0x0,
    0x0, 0x9c, 0x22, 0x22, 0x21, 0x0, 0x0, 0x2f,
    0xfe, 0xee, 0xef, 0xc0, 0x0, 0xb, 0xce, 0x40,
    0x1, 0xe4, 0x0, 0x8, 0xe2, 0x4e, 0x41, 0xca,
    0x0, 0x7, 0xf4, 0x0, 0x4f, 0xea, 0x0, 0x3,
    0xe4, 0x0, 0x5b, 0xec, 0xe7, 0x10, 0x0, 0xa,
    0xfd, 0x70, 0x4, 0xcf, 0x90, 0x0, 0x42, 0x0,
    0x0, 0x0, 0x23,

    /* U+53D6 "取" */
    0x2f, 0xff, 0xff, 0xfb, 0xff, 0xff, 0xc0, 0x5,
    0xc0, 0xb, 0x60, 0xf1, 0x7, 0xb0, 0x4, 0xc0,
    0xb, 0x60, 0xd2, 0x9, 0x90, 0x4, 0xff, 0xff,
    0x60, 0xa4, 0xb, 0x60, 0x4, 0xc0, 0xb, 0x60,
    0x77, 0xe, 0x30, 0x4, 0xd2, 0x2b, 0x60, 0x4b,
    0x3e, 0x0, 0x4, 0xfd, 0xdf, 0x60, 0xe, 0x89,
    0x0, 0x4, 0xc0, 0xb, 0x60, 0xa, 0xf3, 0x0,
    0x4, 0xc2, 0x4c, 0xb2, 0x8, 0xf1, 0x0, 0x2f,
    0xfd, 0xbe, 0xa1, 0x3e, 0xac, 0x0, 0x1, 0x0,
    0xb, 0x65, 0xe4, 0xb, 0xb0, 0x0, 0x0, 0xb,
    0x68, 0x30, 0x0, 0xa2,

    /* U+53D8 "变" */
    0x0, 0x0, 0x2, 0x0, 0x0, 0x0, 0x0, 0x0,
    0x0, 0xb7, 0x0, 0x0, 0x0, 0xcf, 0xff, 0xff,
    0xff, 0xff, 0xfe, 0x1, 0x12, 0x1e, 0x44, 0xe1,
    0x21, 0x10, 0x5, 0xd0, 0xe3, 0x3e, 0x2e, 0x40,
    0x2, 0xe6, 0xe, 0x33, 0xe0, 0x5f, 0x30, 0xaa,
    0x0, 0xb2, 0x2b, 0x0, 0x8b, 0x0, 0x34, 0x44,
    0x44, 0x44, 0x43, 0x0, 0xa, 0xfc, 0xcc, 0xcc,
    0xcf, 0x90, 0x0, 0x7, 0xc1, 0x0, 0x6, 0xe1,
    0x0, 0x0, 0x8, 0xd4, 0x19, 0xe3, 0x0, 0x0,
    0x0, 0x7, 0xff, 0xe4, 0x0, 0x0, 0x6a, 0xcf,
    0xc7, 0x59, 0xee, 0xc9, 0x5, 0x63, 0x10, 0x0,
    0x0, 0x25, 0x60,

    /* U+53E3 "口" */
    0x11, 0x11, 0x11, 0x11, 0x11, 0xef, 0xff, 0xff,
    0xff, 0xfd, 0xe1, 0x0, 0x0, 0x0, 0x3d, 0xe1,
    0x0, 0x0, 0x0, 0x3d, 0xe1, 0x0, 0x0, 0x0,
    0x3d, 0xe1, 0x0, 0x0, 0x0, 0x3d, 0xe1, 0x0,
    0x0, 0x0, 0x3d, 0xe1, 0x0, 0x0, 0x0, 0x3d,
    0xe1, 0x0, 0x0, 0x0, 0x3d, 0xe3, 0x11, 0x11,
    0x11, 0x4d, 0xef, 0xff, 0xff, 0xff, 0xfd, 0xe1,
    0x0, 0x0, 0x0, 0x3d,

    /* U+53E6 "另" */
    0x0, 0xff, 0xff, 0xff, 0xff, 0x20, 0x0, 0xf2,
    0x0, 0x0, 0xe, 0x20, 0x0, 0xf1, 0x0, 0x0,
    0xe, 0x20, 0x0, 0xf5, 0x44, 0x44, 0x4f, 0x20,
    0x0, 0xcc, 0xcc, 0xcc, 0xcc, 0x20, 0x0, 0x0,
    0xd, 0x10, 0x0, 0x0, 0x3d, 0xdd, 0xdf, 0xdd,
    0xdd, 0xd3, 0x3, 0x33, 0xaa, 0x33, 0x33, 0xf3,
    0x0, 0x1, 0xe3, 0x0, 0x1, 0xf1, 0x0, 0x1c,
    0x90, 0x0, 0x2, 0xf0, 0x28, 0xfa, 0x0, 0x14,
    0x29, 0xc0, 0x8b, 0x40, 0x0, 0x1c, 0xfd, 0x20,

    /* U+53ED "叭" */
    0x0, 0x0, 0x0, 0x0, 0x0, 0x0, 0x1, 0x11,
    0x10, 0xa, 0x25, 0xa0, 0x0, 0xef, 0xff, 0x0,
    0xe2, 0x5c, 0x0, 0xe, 0x20, 0xf0, 0xf, 0x13,
    0xe0, 0x0, 0xe2, 0xf, 0x1, 0xf0, 0x1f, 0x0,
    0xe, 0x20, 0xf0, 0x3d, 0x0, 0xf2, 0x0, 0xe2,
    0xf, 0x6, 0xa0, 0xc, 0x50, 0xe, 0x20, 0xf0,
    0x97, 0x0, 0x89, 0x0, 0xe4, 0x2f, 0xe, 0x40,
    0x4, 0xd0, 0xe, 0xed, 0xf3, 0xe0, 0x0, 0xf,
    0x20, 0xe2, 0x8, 0x9a, 0x0, 0x0, 0xa8, 0x0,
    0x0, 0x2f, 0x30, 0x0, 0x4, 0xf1, 0x0, 0x5,
    0xa0, 0x0, 0x0, 0xb, 0x30, 0x0, 0x1, 0x0,
    0x0, 0x0, 0x10,

    /* U+53EF "可" */
    0xc, 0xcc, 0xcc, 0xcc, 0xcc, 0xcc, 0xc6, 0x4,
    0x44, 0x44, 0x44, 0x44, 0xb9, 0x42, 0x0, 0x0,
    0x0, 0x0, 0x0, 0xa7, 0x0, 0x0, 0x12, 0x22,
    0x21, 0x0, 0xa7, 0x0, 0x0, 0x8f, 0xee, 0xeb,
    0x0, 0xa7, 0x0, 0x0, 0x88, 0x0, 0x6b, 0x0,
    0xa7, 0x0, 0x0, 0x88, 0x0, 0x6b, 0x0, 0xa7,
    0x0, 0x0, 0x8e, 0xdd, 0xeb, 0x0, 0xa7, 0x0,
    0x0, 0x8a, 0x33, 0x32, 0x0, 0xa7, 0x0, 0x0,
    0x33, 0x0, 0x0, 0x0, 0xa7, 0x0, 0x0, 0x0,
    0x0, 0x0, 0x11, 0xc7, 0x0, 0x0, 0x0, 0x0,
    0x0, 0x9f, 0xd2, 0x0,

    /* U+53F0 "台" */
    0x0, 0x0, 0x40, 0x0, 0x0, 0x0, 0x0, 0x2,
    0xf3, 0x0, 0x0, 0x0, 0x0, 0xd, 0x80, 0x3,
    0xa0, 0x0, 0x0, 0xcb, 0x0, 0x0, 0xcb, 0x0,
    0x2c, 0xc0, 0x0, 0x24, 0x7f, 0x80, 0xcf, 0xde,
    0xff, 0xdb, 0x97, 0xf4, 0x23, 0x21, 0x0, 0x0,
    0x0, 0x40, 0x3, 0x44, 0x44, 0x44, 0x44, 0x10,
    0xe, 0xcb, 0xbb, 0xbb, 0xbf, 0x40, 0xe, 0x20,
    0x0, 0x0, 0xd, 0x40, 0xe, 0x20, 0x0, 0x0,
    0xd, 0x40, 0xe, 0xee, 0xee, 0xee, 0xef, 0x40,
    0xe, 0x41, 0x11, 0x11, 0x1d, 0x40,

    /* U+53F2 "史" */
    0x0, 0x0, 0x0, 0x4e, 0x0, 0x0, 0x0, 0x2,
    0xee, 0xee, 0xef, 0xee, 0xee, 0xb0, 0x2, 0xe2,
    0x22, 0x5e, 0x22, 0x26, 0xd0, 0x2, 0xe0, 0x0,
    0x4e, 0x0, 0x5, 0xd0, 0x2, 0xe0, 0x0, 0x4e,
    0x0, 0x5, 0xd0, 0x2, 0xff, 0xff, 0xff, 0xff,
    0xff, 0xd0, 0x0, 0x11, 0x11, 0x6c, 0x11, 0x11,
    0x10, 0x0, 0x8a, 0x0, 0x99, 0x0, 0x0, 0x0,
    0x0, 0x1c, 0xc4, 0xf3, 0x0, 0x0, 0x0, 0x0,
    0x0, 0xaf, 0xe3, 0x0, 0x0, 0x0, 0x2, 0x6b,
    0xf9, 0xaf, 0xd9, 0x64, 0x31, 0x1f, 0xc7, 0x10,
    0x0, 0x59, 0xce, 0xfb, 0x0, 0x0, 0x0, 0x0,
    0x0, 0x0, 0x0,

    /* U+53F7 "号" */
    0x0, 0x7f, 0xff, 0xff, 0xff, 0xf9, 0x0, 0x0,
    0x79, 0x0, 0x0, 0x0, 0x89, 0x0, 0x0, 0x7a,
    0x33, 0x33, 0x33, 0x99, 0x0, 0x0, 0x6e, 0xee,
    0xee, 0xee, 0xe8, 0x0, 0x1, 0x11, 0x11, 0x11,
    0x11, 0x11, 0x10, 0x1f, 0xff, 0xff, 0xff, 0xff,
    0xff, 0xf7, 0x0, 0xa, 0x80, 0x0, 0x0, 0x0,
    0x0, 0x0, 0xe, 0x51, 0x11, 0x11, 0x11, 0x0,
    0x0, 0x2f, 0xff, 0xff, 0xff, 0xfe, 0x0, 0x0,
    0x0, 0x0, 0x0, 0x0, 0x5c, 0x0, 0x0, 0x0,
    0x0, 0x1, 0x10, 0x99, 0x0, 0x0, 0x0, 0x0,
    0xf, 0xff, 0xe3, 0x0, 0x0, 0x0, 0x0, 0x0,
    0x0, 0x0, 0x0,

    /* U+5408 "合" */
    0x0, 0x0, 0x0, 0x73, 0x0, 0x0, 0x0, 0x0,
    0x0, 0x9f, 0xc1, 0x0, 0x0, 0x0, 0x1, 0xbb,
    0x18, 0xe5, 0x0, 0x0, 0x6, 0xf9, 0x0, 0x4,
    0xeb, 0x30, 0x4d, 0xd4, 0x0, 0x0, 0x1, 0xaf,
    0xa3, 0x65, 0xff, 0xff, 0xff, 0xfa, 0x24, 0x0,
    0x2, 0x22, 0x22, 0x22, 0x10, 0x0, 0x1, 0x11,
    0x11, 0x11, 0x11, 0x0, 0x0, 0xef, 0xff, 0xff,
    0xff, 0xf2, 0x0, 0xe, 0x20, 0x0, 0x0, 0xe,
    0x20, 0x0, 0xe2, 0x0, 0x0, 0x0, 0xe2, 0x0,
    0xe, 0xee, 0xee, 0xee, 0xef, 0x20, 0x0, 0xe5,
    0x22, 0x22, 0x22, 0xe2, 0x0,

    /* U+540E "后" */
    0x0, 0x0, 0x0, 0x0, 0x2, 0x44, 0x0, 0x8,
    0xab, 0xcd, 0xff, 0xec, 0xa0, 0x0, 0xd8, 0x43,
    0x21, 0x0, 0x0, 0x0, 0xd, 0x40, 0x0, 0x0,
    0x0, 0x0, 0x0, 0xef, 0xff, 0xff, 0xff, 0xff,
    0xe0, 0xe, 0x51, 0x11, 0x11, 0x11, 0x11, 0x0,
    0xe4, 0x0, 0x0, 0x0, 0x0, 0x0, 0xf, 0x3c,
    0xff, 0xff, 0xff, 0xf0, 0x0, 0xf2, 0xd5, 0x11,
    0x11, 0x2f, 0x0, 0x2f, 0xd, 0x40, 0x0, 0x1,
    0xf0, 0x7, 0xc0, 0xd4, 0x0, 0x0, 0x1f, 0x1,
    0xe6, 0xd, 0xff, 0xff, 0xff, 0xf0, 0x2b, 0x0,
    0xd5, 0x11, 0x11, 0x2f, 0x0, 0x0, 0x0, 0x0,
    0x0, 0x0, 0x0,

    /* U+5411 "向" */
    0x0, 0x0, 0x0, 0x0, 0x0, 0x0, 0x0, 0x0,
    0x4e, 0x0, 0x0, 0x0, 0x3, 0x33, 0xba, 0x33,
    0x33, 0x32, 0x4f, 0xdd, 0xdd, 0xdd, 0xdd, 0xee,
    0x4e, 0x0, 0x0, 0x0, 0x0, 0x3e, 0x4e, 0x3,
    0xcc, 0xcc, 0xb0, 0x3e, 0x4e, 0x4, 0xc3, 0x34,
    0xe0, 0x3e, 0x4e, 0x4, 0xc0, 0x1, 0xe0, 0x3e,
    0x4e, 0x4, 0xc0, 0x1, 0xe0, 0x3e, 0x4e, 0x4,
    0xff, 0xff, 0xe0, 0x3e, 0x4e, 0x0, 0x0, 0x0,
    0x0, 0x3e, 0x4e, 0x0, 0x0, 0x0, 0x22, 0x5e,
    0x4e, 0x0, 0x0, 0x0, 0x6e, 0xf8, 0x0, 0x0,
    0x0, 0x0, 0x0, 0x0,

    /* U+542F "启" */
    0x0, 0x0, 0x0, 0x14, 0x0, 0x0, 0x0, 0x0,
    0x0, 0x2, 0xe0, 0x0, 0x0, 0x0, 0x4f, 0xff,
    0xff, 0xff, 0xff, 0x40, 0x4, 0xd1, 0x11, 0x11,
    0x11, 0xc5, 0x0, 0x4d, 0x0, 0x0, 0x0, 0xc,
    0x50, 0x4, 0xfd, 0xdd, 0xdd, 0xdd, 0xf5, 0x0,
    0x4d, 0x33, 0x33, 0x33, 0x33, 0x10, 0x5, 0xc0,
    0x0, 0x0, 0x0, 0x0, 0x0, 0x7b, 0x6f, 0xff,
    0xff, 0xff, 0x90, 0xa, 0x86, 0xb0, 0x0, 0x0,
    0x89, 0x1, 0xf3, 0x6b, 0x0, 0x0, 0x8, 0x90,
    0xab, 0x6, 0xfe, 0xee, 0xee, 0xf9, 0xb, 0x10,
    0x6b, 0x22, 0x22, 0x29, 0x90, 0x0, 0x0, 0x0,
    0x0, 0x0, 0x0,

    /* U+5439 "吹" */
    0x0, 0x0, 0x0, 0x1, 0x0, 0x0, 0x0, 0x0,
    0x0, 0x5, 0xd0, 0x0, 0x0, 0xde, 0xee, 0x0,
    0xb9, 0x11, 0x10, 0xe, 0x32, 0xf0, 0x1f, 0xff,
    0xff, 0xc0, 0xe2, 0xf, 0x9, 0xc0, 0x10, 0x98,
    0xe, 0x20, 0xf3, 0xf4, 0x1f, 0xf, 0x10, 0xe2,
    0xf, 0x27, 0x2, 0xe0, 0x30, 0xe, 0x20, 0xf0,
    0x0, 0x4f, 0x10, 0x0, 0xe4, 0x2f, 0x0, 0x8,
    0xf6, 0x0, 0xe, 0xed, 0xf0, 0x0, 0xd8, 0xd0,
    0x0, 0xe2, 0x8, 0x0, 0x7e, 0xb, 0x70, 0x0,
    0x0, 0x0, 0x6f, 0x40, 0x2f, 0x50, 0x0, 0x0,
    0x2f, 0x50, 0x0, 0x5f, 0x20, 0x0, 0x0, 0x10,
    0x0, 0x0, 0x10,

    /* U+5468 "周" */
    0x0, 0xff, 0xff, 0xff, 0xff, 0xff, 0x40, 0xf,
    0x10, 0x1, 0x40, 0x0, 0xd4, 0x0, 0xf1, 0x11,
    0x4d, 0x11, 0xd, 0x40, 0xf, 0x1b, 0xee, 0xfe,
    0xe4, 0xd4, 0x0, 0xf1, 0x0, 0x4c, 0x0, 0xd,
    0x40, 0xf, 0x1f, 0xff, 0xff, 0xf9, 0xd4, 0x1,
    0xf0, 0x1, 0x11, 0x11, 0xd, 0x40, 0x3f, 0x3,
    0xfd, 0xdd, 0xe0, 0xd4, 0x6, 0xc0, 0x3d, 0x0,
    0x2e, 0xd, 0x40, 0xa9, 0x3, 0xff, 0xff, 0xe0,
    0xd4, 0xf, 0x40, 0x0, 0x0, 0x0, 0xe, 0x32,
    0xc0, 0x0, 0x0, 0x0, 0xdf, 0xe1, 0x0, 0x0,
    0x0, 0x0, 0x0, 0x0, 0x0,

    /* U+548C "和" */
    0x0, 0x0, 0x0, 0x10, 0x0, 0x0, 0x0, 0x36,
    0x9c, 0xf9, 0x0, 0x0, 0x0, 0x2d, 0xac, 0xb1,
    0x2, 0xff, 0xff, 0xe0, 0x0, 0x89, 0x0, 0x2e,
    0x0, 0x1e, 0x2c, 0xce, 0xec, 0xb2, 0xe0, 0x1,
    0xe0, 0x44, 0xdb, 0x44, 0x2e, 0x0, 0x1e, 0x0,
    0x1f, 0xf5, 0x2, 0xe0, 0x1, 0xe0, 0x9, 0xeb,
    0xe5, 0x2e, 0x0, 0x1e, 0x2, 0xe8, 0x94, 0xd2,
    0xe0, 0x1, 0xe0, 0xd5, 0x89, 0x1, 0x2e, 0x0,
    0x1e, 0x4a, 0x8, 0x90, 0x2, 0xf3, 0x34, 0xe0,
    0x0, 0x89, 0x0, 0x2f, 0xcc, 0xce, 0x0, 0x8,
    0x90, 0x1, 0x90, 0x1, 0x90,

    /* U+54CD "响" */
    0x0, 0x0, 0x0, 0x1, 0x0, 0x0, 0x0, 0x0,
    0x0, 0xb, 0x60, 0x0, 0xde, 0xee, 0x3, 0x4f,
    0x43, 0x32, 0xe3, 0x2f, 0x4f, 0xdd, 0xdd, 0xdf,
    0xe2, 0xf, 0x4d, 0x0, 0x0, 0xf, 0xe2, 0xf,
    0x4d, 0x1f, 0xef, 0xf, 0xe2, 0xf, 0x4d, 0x1e,
    0x1f, 0xf, 0xe2, 0xf, 0x4d, 0x1e, 0x1f, 0xf,
    0xe5, 0x4f, 0x4d, 0x1e, 0x1f, 0xf, 0xec, 0xbf,
    0x4d, 0x1e, 0x1f, 0xf, 0xe2, 0x8, 0x3d, 0x1e,
    0xed, 0xf, 0x0, 0x0, 0x3d, 0x0, 0x2, 0x3f,
    0x0, 0x0, 0x3d, 0x0, 0xe, 0xf9,

    /* U+54E8 "哨" */
    0x11, 0x11, 0x2b, 0x1, 0xe0, 0x4a, 0xef, 0xfe,
    0xb, 0x91, 0xe0, 0xd5, 0xe2, 0x2e, 0x1, 0x31,
    0xe0, 0x30, 0xe2, 0x2e, 0xf, 0xff, 0xff, 0xfe,
    0xe2, 0x2e, 0xf, 0x0, 0x0, 0x2e, 0xe2, 0x2e,
    0xf, 0x33, 0x33, 0x5e, 0xe2, 0x2e, 0xf, 0xaa,
    0xaa, 0xbe, 0xe7, 0x7e, 0xf, 0x0, 0x0, 0x2e,
    0xea, 0xae, 0xf, 0xff, 0xff, 0xfe, 0xe2, 0x18,
    0xf, 0x0, 0x0, 0x2e, 0x0, 0x0, 0xf, 0x0,
    0x1, 0x4e, 0x0, 0x0, 0xf, 0x0, 0x1e, 0xf9,

    /* U+54FC "哼" */
    0x0, 0x0, 0x0, 0x0, 0x0, 0x0, 0x0, 0x0,
    0x0, 0x0, 0xa9, 0x0, 0x0, 0xef, 0xff, 0x8d,
    0xde, 0xfd, 0xdd, 0x3e, 0x31, 0xf2, 0x33, 0x33,
    0x33, 0x30, 0xe2, 0xf, 0xe, 0xff, 0xff, 0xf2,
    0xe, 0x20, 0xf0, 0xe2, 0x0, 0xe, 0x20, 0xe2,
    0xf, 0xe, 0xff, 0xff, 0xf2, 0xe, 0x20, 0xf0,
    0x12, 0x22, 0x22, 0x0, 0xe4, 0x2f, 0x6f, 0xff,
    0xff, 0xf7, 0xe, 0xed, 0xf0, 0x0, 0x4, 0xdb,
    0x10, 0xe2, 0x8, 0x0, 0x1, 0xf4, 0x0, 0x0,
    0x0, 0x0, 0x1, 0x2f, 0x0, 0x0, 0x0, 0x0,
    0x0, 0x9f, 0xc0, 0x0, 0x0,

    /* U+5531 "唱" */
    0x0, 0x0, 0xf, 0xff, 0xff, 0xf3, 0xef, 0xfc,
    0xf, 0x0, 0x0, 0xe3, 0xe2, 0x4c, 0xf, 0x99,
    0x99, 0xf3, 0xe2, 0x4c, 0xf, 0x33, 0x33, 0xe3,
    0xe2, 0x4c, 0xf, 0xcc, 0xcc, 0xf3, 0xe2, 0x4c,
    0x3, 0x33, 0x33, 0x30, 0xe2, 0x4c, 0x6e, 0xee,
    0xee, 0xea, 0xe9, 0xbc, 0x79, 0x11, 0x11, 0x6b,
    0xe7, 0x65, 0x7e, 0xcc, 0xcc, 0xdb, 0xe2, 0x0,
    0x79, 0x22, 0x22, 0x7b, 0x10, 0x0, 0x7a, 0x33,
    0x33, 0x8b, 0x0, 0x0, 0x7e, 0xcc, 0xcc, 0xdb,

    /* U+5587 "喇" */
    0x11, 0x10, 0x14, 0xc1, 0x0, 0x3d, 0xfd, 0xf9,
    0xdd, 0xfd, 0x8d, 0x3d, 0xf1, 0xe2, 0x3, 0xc0,
    0xf, 0x3d, 0xf1, 0xe5, 0xff, 0xff, 0x7f, 0x3d,
    0xf1, 0xe6, 0xc3, 0xc7, 0x7f, 0x3d, 0xf1, 0xe6,
    0xc4, 0xc8, 0x7f, 0x3d, 0xf1, 0xe5, 0xde, 0xfd,
    0x6f, 0x3d, 0xf6, 0xf2, 0x1e, 0xe2, 0xf, 0x3d,
    0xf9, 0x91, 0xad, 0xed, 0x2f, 0x3d, 0xf1, 0x9,
    0xd4, 0xc7, 0x80, 0x3d, 0x0, 0x2c, 0x13, 0xc0,
    0x12, 0x4d, 0x0, 0x0, 0x3, 0xc0, 0xc, 0xf9,

    /* U+5668 "器" */
    0x2, 0xff, 0xff, 0x43, 0xff, 0xff, 0x50, 0x2,
    0xd0, 0xb, 0x43, 0xd0, 0xc, 0x50, 0x2, 0xfc,
    0xce, 0x43, 0xfc, 0xcf, 0x50, 0x0, 0x33, 0x33,
    0x73, 0x34, 0x63, 0x10, 0x1, 0x33, 0x33, 0xd6,
    0x38, 0xd3, 0x20, 0x5, 0xcc, 0xcf, 0xed, 0xfc,
    0xcc, 0xb0, 0x1, 0x37, 0xdd, 0x20, 0x9c, 0x62,
    0x0, 0x1d, 0xc9, 0x40, 0x0, 0x2, 0x8c, 0xe2,
    0x0, 0xdf, 0xff, 0x75, 0xff, 0xff, 0x40, 0x0,
    0xe2, 0xa, 0x75, 0xc0, 0xd, 0x40, 0x0, 0xe2,
    0xa, 0x75, 0xc0, 0xd, 0x40, 0x0, 0xef, 0xff,
    0x75, 0xff, 0xff, 0x40,

    /* U+566A "噪" */
    0x0, 0x0, 0x2f, 0xee, 0xee, 0xe0, 0xe, 0xef,
    0x12, 0xf1, 0x11, 0x3e, 0x0, 0xe1, 0xe1, 0x1b,
    0xbb, 0xbb, 0xa0, 0xe, 0x1e, 0x3a, 0xaa, 0x1a,
    0xaa, 0xa0, 0xe1, 0xe5, 0xe3, 0xc2, 0xf8, 0x3f,
    0xe, 0x1e, 0x5d, 0x2c, 0x2f, 0x72, 0xf0, 0xe1,
    0xe4, 0xcc, 0xc6, 0xdc, 0xcc, 0xe, 0x3e, 0x22,
    0x22, 0xe5, 0x22, 0x21, 0xed, 0xf5, 0xcc, 0xef,
    0xfc, 0xcc, 0x5e, 0x18, 0x0, 0x6c, 0xea, 0xd2,
    0x0, 0x10, 0x5, 0xda, 0xd, 0x34, 0xdb, 0x30,
    0x0, 0x43, 0x0, 0xd3, 0x0, 0x53,

    /* U+56DE "回" */
    0x3c, 0xcc, 0xcc, 0xcc, 0xcc, 0xcb, 0x4e, 0x44,
    0x44, 0x44, 0x44, 0x6e, 0x4d, 0x0, 0x0, 0x0,
    0x0, 0x2e, 0x4d, 0x2, 0xff, 0xff, 0xe0, 0x2e,
    0x4d, 0x2, 0xe1, 0x13, 0xe0, 0x2e, 0x4d, 0x2,
    0xe0, 0x2, 0xe0, 0x2e, 0x4d, 0x2, 0xe0, 0x2,
    0xe0, 0x2e, 0x4d, 0x2, 0xf4, 0x46, 0xe0, 0x2e,
    0x4d, 0x2, 0xcc, 0xcc, 0xb0, 0x2e, 0x4d, 0x0,
    0x0, 0x0, 0x0, 0x2e, 0x4f, 0xff, 0xff, 0xff,
    0xff, 0xfe, 0x4d, 0x11, 0x11, 0x11, 0x11, 0x3e,

    /* U+56F4 "围" */
    0xef, 0xff, 0xff, 0xff, 0xff, 0xfc, 0xe3, 0x0,
    0x19, 0x10, 0x0, 0x5c, 0xe2, 0xac, 0xcf, 0xcc,
    0xc3, 0x5c, 0xe2, 0x33, 0x4f, 0x43, 0x30, 0x5c,
    0xe2, 0x7e, 0xef, 0xee, 0xb0, 0x5c, 0xe2, 0x12,
    0x3f, 0x32, 0x20, 0x5c, 0xe2, 0xef, 0xff, 0xff,
    0xf4, 0x5c, 0xe2, 0x11, 0x2f, 0x21, 0xd3, 0x5c,
    0xe2, 0x0, 0xf, 0x4c, 0xe0, 0x5c, 0xe2, 0x0,
    0xd, 0x13, 0x10, 0x5c, 0xec, 0xcc, 0xcc, 0xcc,
    0xcc, 0xdc, 0xe6, 0x44, 0x44, 0x44, 0x44, 0x8c,

    /* U+56FA "固" */
    0xef, 0xff, 0xff, 0xff, 0xff, 0xfc, 0xe3, 0x0,
    0x4, 0x10, 0x0, 0x5c, 0xe2, 0x0, 0xe, 0x20,
    0x0, 0x5c, 0xe5, 0xff, 0xff, 0xff, 0xff, 0x5c,
    0xe3, 0x11, 0x1e, 0x31, 0x11, 0x5c, 0xe2, 0x0,
    0xe, 0x30, 0x0, 0x5c, 0xe2, 0x1f, 0xff, 0xff,
    0xf0, 0x5c, 0xe2, 0x1e, 0x0, 0x2, 0xf0, 0x5c,
    0xe2, 0x1f, 0x66, 0x68, 0xf0, 0x5c, 0xe2, 0x8,
    0x88, 0x88, 0x70, 0x5c, 0xec, 0xcc, 0xcc, 0xcc,
    0xcc, 0xdc, 0xe6, 0x44, 0x44, 0x44, 0x44, 0x8c,

    /* U+56FE "图" */
    0xef, 0xff, 0xff, 0xff, 0xff, 0xfc, 0xe3, 0x1,
    0x90, 0x0, 0x0, 0x5c, 0xe2, 0x9, 0xff, 0xff,
    0x50, 0x5c, 0xe2, 0x8f, 0xb1, 0x5e, 0x10, 0x5c,
    0xe3, 0x71, 0x9e, 0xf3, 0x0, 0x5c, 0xe4, 0x7b,
    0xe8, 0xae, 0xa6, 0x5c, 0xe3, 0x73, 0x3a, 0x51,
    0x57, 0x5c, 0xe2, 0x1, 0x46, 0xcb, 0x0, 0x5c,
    0xe2, 0x4, 0xde, 0x82, 0x0, 0x5c, 0xe2, 0x0,
    0x2, 0x8c, 0x0, 0x5c, 0xec, 0xcc, 0xcc, 0xcc,
    0xcc, 0xdc, 0xe6, 0x44, 0x44, 0x44, 0x44, 0x8c,

    /* U+5706 "圆" */
    0xef, 0xff, 0xff, 0xff, 0xff, 0xf4, 0xe2, 0x0,
    0x0, 0x0, 0x0, 0xc4, 0xe2, 0xb, 0xee, 0xee,
    0xb0, 0xc4, 0xe2, 0xb, 0x64, 0x47, 0xb0, 0xc4,
    0xe2, 0x6, 0x99, 0x99, 0x60, 0xc4, 0xe2, 0x1e,
    0xee, 0xee, 0xe0, 0xc4, 0xe2, 0x1e, 0x7, 0x10,
    0xd0, 0xc4, 0xe2, 0x1e, 0xf, 0x20, 0xd0, 0xc4,
    0xe2, 0x7, 0x8e, 0x34, 0x60, 0xc4, 0xe3, 0xae,
    0xc2, 0x3b, 0xd5, 0xc4, 0xe2, 0x43, 0x0, 0x0,
    0x32, 0xc4, 0xef, 0xff, 0xff, 0xff, 0xff, 0xf4,

    /* U+5708 "圈" */
    0xef, 0xff, 0xff, 0xff, 0xff, 0xf4, 0xe2, 0x2,
    0x5, 0x32, 0x20, 0xc4, 0xe2, 0xd, 0x2c, 0x4a,
    0x70, 0xc4, 0xe2, 0xbc, 0xbf, 0xcf, 0xb7, 0xc4,
    0xe2, 0x44, 0xab, 0x44, 0x42, 0xc4, 0xe7, 0xff,
    0xff, 0xff, 0xfd, 0xc4, 0xe2, 0x3e, 0xb6, 0x67,
    0xe3, 0xc4, 0xe7, 0xec, 0xa5, 0x5d, 0x5b, 0xc4,
    0xe2, 0x18, 0x84, 0xdc, 0x41, 0xc4, 0xe2, 0x7,
    0xc6, 0x67, 0xd2, 0xc4, 0xe2, 0x2, 0x78, 0x87,
    0x40, 0xc4, 0xef, 0xff, 0xff, 0xff, 0xff, 0xf4,

    /* U+5728 "在" */
    0x0, 0x0, 0x5, 0x30, 0x0, 0x0, 0x0, 0x0,
    0x0, 0xe, 0x40, 0x0, 0x0, 0x0, 0x1d, 0xdd,
    0xef, 0xdd, 0xdd, 0xdd, 0xd1, 0x3, 0x33, 0xe7,
    0x33, 0x33, 0x33, 0x30, 0x0, 0x7, 0xe0, 0x0,
    0xb1, 0x0, 0x0, 0x0, 0x7f, 0x60, 0x0, 0xf2,
    0x0, 0x0, 0x0, 0xbc, 0x1, 0x11, 0xf3, 0x11,
    0x0, 0x8, 0xf9, 0x3f, 0xff, 0xff, 0xff, 0x80,
    0x5f, 0xc9, 0x0, 0x0, 0xf2, 0x0, 0x0, 0x3,
    0x89, 0x0, 0x0, 0xf2, 0x0, 0x0, 0x0, 0x89,
    0x0, 0x0, 0xf2, 0x0, 0x0, 0x0, 0x89, 0x23,
    0x33, 0xf4, 0x33, 0x30, 0x0, 0x89, 0xcd, 0xdd,
    0xdd, 0xdd, 0xd0,

    /* U+5730 "地" */
    0x0, 0xa6, 0x0, 0x51, 0x2e, 0x0, 0x0, 0x0,
    0xa6, 0x0, 0xe2, 0x2e, 0x0, 0x0, 0x1, 0xa7,
    0x10, 0xe2, 0x2e, 0x28, 0x90, 0x3f, 0xff, 0xf0,
    0xe5, 0x8f, 0xec, 0xb0, 0x0, 0xa6, 0x6, 0xff,
    0xce, 0x6, 0xb0, 0x0, 0xa6, 0x6, 0xf2, 0x2e,
    0x7, 0xa0, 0x0, 0xa6, 0x0, 0xe2, 0x2e, 0x8,
    0x90, 0x0, 0xa6, 0x0, 0xe2, 0x2e, 0x3c, 0x70,
    0x0, 0xac, 0xc0, 0xe2, 0x2e, 0x7c, 0x10, 0x3e,
    0xd7, 0x10, 0xe2, 0x1a, 0x0, 0x72, 0x12, 0x0,
    0x0, 0xe4, 0x0, 0x12, 0xe4, 0x0, 0x0, 0x0,
    0x9f, 0xff, 0xff, 0xb0,

    /* U+573A "场" */
    0x0, 0xa6, 0x5, 0xff, 0xff, 0xff, 0x0, 0xa,
    0x60, 0x1, 0x11, 0x4f, 0x70, 0x0, 0xa6, 0x0,
    0x0, 0x5f, 0x60, 0x3, 0xff, 0xff, 0x0, 0x9e,
    0x40, 0x0, 0x1, 0xa7, 0x15, 0xed, 0x43, 0x33,
    0x30, 0xa, 0x60, 0x6c, 0xde, 0xcf, 0xdd, 0x0,
    0xa6, 0x0, 0xb, 0x65, 0xc4, 0xd0, 0xa, 0x60,
    0x4, 0xe0, 0xa7, 0x5c, 0x2, 0xce, 0xc2, 0xe4,
    0x3f, 0x15, 0xc4, 0xe9, 0x42, 0xe6, 0x1d, 0x70,
    0x7a, 0x0, 0x0, 0x2, 0x1c, 0xa0, 0xa, 0x90,
    0x0, 0x0, 0x7, 0xa0, 0x5f, 0xe2, 0x0, 0x0,
    0x0, 0x0, 0x0, 0x0, 0x0,

    /* U+574A "坊" */
    0x0, 0x0, 0x0, 0x0, 0x0, 0x0, 0x0, 0x0,
    0x2f, 0x0, 0x0, 0x9c, 0x0, 0x0, 0x0, 0x2f,
    0x0, 0x0, 0x2f, 0x20, 0x0, 0x1, 0x3f, 0x13,
    0xee, 0xef, 0xfe, 0xe4, 0xf, 0xff, 0xfb, 0x1d,
    0x51, 0x11, 0x10, 0x0, 0x2f, 0x0, 0xd, 0x40,
    0x0, 0x0, 0x0, 0x2f, 0x0, 0xe, 0xff, 0xff,
    0xd0, 0x0, 0x2f, 0x0, 0xf, 0x10, 0x7, 0xc0,
    0x0, 0x2f, 0x39, 0x3f, 0x0, 0x7, 0xc0, 0x4,
    0x9f, 0xd6, 0x8a, 0x0, 0x8, 0xb0, 0x1d, 0x83,
    0x1, 0xf4, 0x0, 0xa, 0x90, 0x0, 0x0, 0x1c,
    0xa0, 0x13, 0x3e, 0x70, 0x0, 0x0, 0x5b, 0x0,
    0x4e, 0xfb, 0x10, 0x0, 0x0, 0x0, 0x0, 0x0,
    0x0, 0x0,

    /* U+5757 "块" */
    0x0, 0xa6, 0x0, 0x0, 0xf1, 0x0, 0x0, 0x0,
    0xa6, 0x0, 0x0, 0xf1, 0x0, 0x0, 0x1, 0xa7,
    0x13, 0xff, 0xff, 0xff, 0x10, 0x3f, 0xff, 0xf0,
    0x0, 0xf1, 0xf, 0x10, 0x0, 0xa6, 0x0, 0x0,
    0xf0, 0xf, 0x10, 0x0, 0xa6, 0x1, 0x12, 0xf2,
    0x1f, 0x20, 0x0, 0xa6, 0x3f, 0xff, 0xff, 0xff,
    0xf4, 0x0, 0xa6, 0x10, 0x7, 0xed, 0x0, 0x0,
    0x2, 0xce, 0xc0, 0xe, 0x5c, 0x70, 0x0, 0x4f,
    0xa4, 0x0, 0xac, 0x3, 0xf4, 0x0, 0x0, 0x0,
    0x9, 0xe2, 0x0, 0x6f, 0x60, 0x0, 0x0, 0x8e,
    0x30, 0x0, 0x5, 0xf3, 0x0, 0x0, 0x1, 0x0,
    0x0, 0x0, 0x10,

    /* U+5761 "坡" */
    0x0, 0xa6, 0x0, 0x0, 0x3e, 0x0, 0x0, 0x0,
    0xa6, 0x1, 0x88, 0x9f, 0x88, 0x70, 0x1, 0xa7,
    0x12, 0xf8, 0x9f, 0x89, 0xe0, 0x3f, 0xff, 0xf2,
    0xe0, 0x3e, 0x8, 0x90, 0x0, 0xa6, 0x2, 0xe0,
    0x3e, 0x3, 0x20, 0x0, 0xa6, 0x2, 0xff, 0xff,
    0xff, 0x70, 0x0, 0xa6, 0x2, 0xe2, 0x10, 0xd,
    0x40, 0x0, 0xa6, 0x24, 0xca, 0x90, 0x3e, 0x0,
    0x3, 0xcf, 0xb8, 0x91, 0xe7, 0xc6, 0x0, 0x4e,
    0x93, 0xd, 0x50, 0x4f, 0xd0, 0x0, 0x0, 0x0,
    0x6e, 0x17, 0xfa, 0xdc, 0x30, 0x0, 0x0, 0xc5,
    0xac, 0x40, 0x9, 0xf1, 0x0, 0x0, 0x0, 0x0,
    0x0, 0x0, 0x10,

    /* U+5782 "垂" */
    0x0, 0x0, 0x11, 0x12, 0x35, 0x66, 0x0, 0x1,
    0xff, 0xee, 0xfe, 0xcb, 0x98, 0x0, 0x0, 0x0,
    0x0, 0x98, 0x0, 0x0, 0x0, 0xa, 0xdd, 0xdd,
    0xee, 0xdd, 0xdd, 0xb0, 0x2, 0x2d, 0x52, 0xa9,
    0x24, 0xd2, 0x20, 0x0, 0xd, 0x30, 0x98, 0x2,
    0xd0, 0x0, 0x1e, 0xef, 0xee, 0xff, 0xee, 0xfe,
    0xe1, 0x2, 0x2d, 0x52, 0xa9, 0x24, 0xd2, 0x20,
    0x0, 0xd, 0x30, 0x98, 0x2, 0xd0, 0x0, 0x9,
    0xef, 0xee, 0xff, 0xee, 0xfe, 0xa0, 0x0, 0x11,
    0x11, 0xa8, 0x11, 0x11, 0x0, 0x0, 0x0, 0x0,
    0x98, 0x0, 0x0, 0x0, 0x7, 0xff, 0xff, 0xff,
    0xff, 0xff, 0x90,

    /* U+5883 "境" */
    0x0, 0x0, 0x0, 0x0, 0x20, 0x0, 0x0, 0x0,
    0xe1, 0x1, 0x22, 0xd6, 0x22, 0x10, 0x0, 0xe1,
    0xa, 0xef, 0xdd, 0xfd, 0xa0, 0x1, 0xe2, 0x12,
    0x4f, 0x22, 0xf3, 0x20, 0x3c, 0xfd, 0x9b, 0xbb,
    0xbb, 0xbb, 0xb3, 0x0, 0xe1, 0x6, 0xcc, 0xcc,
    0xcc, 0x40, 0x0, 0xe1, 0x7, 0xa3, 0x33, 0x3c,
    0x50, 0x0, 0xe1, 0x7, 0xfe, 0xee, 0xef, 0x50,
    0x0, 0xe2, 0x17, 0x91, 0x11, 0x1b, 0x50, 0x3,
    0xfe, 0x67, 0xff, 0xff, 0xff, 0x50, 0x5d, 0x82,
    0x0, 0x2f, 0x18, 0x80, 0x20, 0x0, 0x0, 0x4,
    0xd8, 0x8, 0x90, 0xb4, 0x0, 0x0, 0x9e, 0x70,
    0x5, 0xff, 0xd1, 0x0, 0x0, 0x0, 0x0, 0x0,
    0x0, 0x0,

    /* U+58F0 "声" */
    0x2, 0x22, 0x22, 0x8a, 0x22, 0x22, 0x20, 0x1e,
    0xee, 0xee, 0xff, 0xee, 0xee, 0xe1, 0x0, 0x11,
    0x11, 0x8a, 0x11, 0x11, 0x0, 0x2, 0xff, 0xff,
    0xff, 0xff, 0xff, 0x30, 0x0, 0x11, 0x11, 0x11,
    0x11, 0x11, 0x0, 0x0, 0xff, 0xff, 0xff, 0xff,
    0xff, 0x60, 0x0, 0xf1, 0x0, 0x5c, 0x0, 0xa,
    0x60, 0x0, 0xf4, 0x33, 0x7d, 0x33, 0x3b, 0x60,
    0x1, 0xfd, 0xdd, 0xdd, 0xdd, 0xdf, 0x60, 0x3,
    0xf0, 0x0, 0x0, 0x0, 0x7, 0x40, 0x8, 0xb0,
    0x0, 0x0, 0x0, 0x0, 0x0, 0x1f, 0x40, 0x0,
    0x0, 0x0, 0x0, 0x0, 0x3, 0x0, 0x0, 0x0,
    0x0, 0x0, 0x0,

    /* U+5904 "处" */
    0x0, 0x0, 0x0, 0x0, 0x0, 0x0, 0x0, 0x0,
    0xc, 0x40, 0x0, 0x2f, 0x0, 0x0, 0x0, 0xf,
    0x10, 0x0, 0x2f, 0x0, 0x0, 0x0, 0x5f, 0xff,
    0xf3, 0x2f, 0x0, 0x0, 0x0, 0xb9, 0x22, 0xf2,
    0x2f, 0x10, 0x0, 0x2, 0xfc, 0x2, 0xe0, 0x2f,
    0xf7, 0x0, 0x9, 0xae, 0x15, 0xa0, 0x2f, 0x3d,
    0xb1, 0x1f, 0x2a, 0x7b, 0x60, 0x2f, 0x1, 0xb1,
    0x3, 0x4, 0xef, 0x0, 0x2f, 0x0, 0x0, 0x0,
    0x0, 0xec, 0x0, 0x2f, 0x0, 0x0, 0x0, 0x9,
    0xde, 0xc3, 0x2f, 0x0, 0x0, 0x4, 0xcd, 0x11,
    0xaf, 0xca, 0x54, 0x30, 0xa, 0x80, 0x0, 0x2,
    0x8b, 0xdf, 0xf1, 0x0, 0x0, 0x0, 0x0, 0x0,
    0x0, 0x0,

    /* U+590D "复" */
    0x0, 0x0, 0x0, 0x0, 0x0, 0x0, 0x0, 0x9b,
    0x22, 0x22, 0x22, 0x20, 0x2, 0xfd, 0xdd, 0xdd,
    0xdd, 0xd0, 0x2e, 0xc6, 0x66, 0x66, 0x66, 0x0,
    0xa9, 0xf7, 0x77, 0x77, 0x7f, 0x20, 0x0, 0xfe,
    0xee, 0xee, 0xef, 0x20, 0x0, 0xf7, 0x66, 0x66,
    0x6f, 0x20, 0x0, 0x7c, 0xd7, 0x77, 0x77, 0x0,
    0x0, 0x7f, 0xdb, 0xbb, 0xbb, 0x0, 0x3d, 0xdd,
    0xa4, 0x46, 0xeb, 0x0, 0x6, 0x1, 0xdb, 0x9f,
    0x80, 0x0, 0x2, 0x59, 0xee, 0xee, 0x96, 0x31,
    0x5f, 0xc8, 0x40, 0x4, 0x9c, 0xf8, 0x0, 0x0,
    0x0, 0x0, 0x0, 0x0,

    /* U+5916 "外" */
    0x0, 0xb, 0x30, 0x0, 0xd4, 0x0, 0x0, 0x2,
    0xf2, 0x11, 0xd, 0x40, 0x0, 0x0, 0x8f, 0xff,
    0xf0, 0xd4, 0x0, 0x0, 0xe, 0x40, 0x5d, 0xd,
    0x40, 0x0, 0x8, 0xe0, 0x8, 0x90, 0xdb, 0x0,
    0x2, 0xfd, 0xa0, 0xd4, 0xd, 0xdc, 0x0, 0x16,
    0xa, 0x5e, 0x0, 0xd4, 0xbc, 0x0, 0x0, 0xc,
    0x60, 0xd, 0x40, 0xd6, 0x0, 0x7, 0xd0, 0x0,
    0xd4, 0x1, 0x0, 0x7, 0xe2, 0x0, 0xd, 0x40,
    0x0, 0x1d, 0xe3, 0x0, 0x0, 0xd4, 0x0, 0x0,
    0x71, 0x0, 0x0, 0xd, 0x40, 0x0,

    /* U+591A "多" */
    0x0, 0x0, 0x0, 0x2, 0x0, 0x0, 0x0, 0x0,
    0x0, 0x1c, 0xa0, 0x0, 0x0, 0x0, 0x0, 0x7e,
    0xff, 0xff, 0xfb, 0x0, 0x9, 0xef, 0x60, 0x0,
    0x3e, 0x40, 0x0, 0x20, 0x3b, 0x2, 0x9d, 0x30,
    0x0, 0x0, 0x25, 0x8d, 0xc6, 0x0, 0x0, 0x4,
    0xfd, 0xa6, 0x4b, 0x40, 0x0, 0x0, 0x0, 0x0,
    0x7f, 0xff, 0xff, 0xf3, 0x0, 0x17, 0xec, 0x20,
    0x0, 0x7d, 0x0, 0xc, 0xcc, 0xc2, 0x0, 0x8d,
    0x10, 0x0, 0x0, 0x8, 0x36, 0xda, 0x0, 0x0,
    0x1, 0x47, 0xbf, 0xa3, 0x0, 0x0, 0xd, 0xfd,
    0x95, 0x0, 0x0, 0x0, 0x0, 0x20, 0x0, 0x0,
    0x0, 0x0, 0x0,

    /* U+5927 "大" */
    0x0, 0x0, 0x0, 0xa9, 0x0, 0x0, 0x0, 0x0,
    0x0, 0x0, 0xa9, 0x0, 0x0, 0x0, 0x1, 0x11,
    0x11, 0xa9, 0x11, 0x11, 0x10, 0xb, 0xff, 0xff,
    0xff, 0xff, 0xff, 0xe0, 0x0, 0x0, 0x0, 0xce,
    0x0, 0x0, 0x0, 0x0, 0x0, 0x0, 0xff, 0x50,
    0x0, 0x0, 0x0, 0x0, 0x6, 0xd6, 0xc0, 0x0,
    0x0, 0x0, 0x0, 0x1e, 0x60, 0xe6, 0x0, 0x0,
    0x0, 0x0, 0xcb, 0x0, 0x4e, 0x20, 0x0, 0x0,
    0x1c, 0xd1, 0x0, 0x9, 0xe3, 0x0, 0x4, 0xec,
    0x10, 0x0, 0x0, 0x9f, 0x80, 0x2f, 0x70, 0x0,
    0x0, 0x0, 0x6, 0xe4, 0x1, 0x0, 0x0, 0x0,
    0x0, 0x0, 0x10,

    /* U+592A "太" */
    0x0, 0x0, 0x0, 0x99, 0x0, 0x0, 0x0, 0x0,
    0x0, 0x0, 0x98, 0x0, 0x0, 0x0, 0x2, 0x33,
    0x33, 0xaa, 0x33, 0x33, 0x20, 0xc, 0xdd, 0xdd,
    0xfe, 0xdd, 0xdd, 0xb0, 0x0, 0x0, 0x0, 0xed,
    0x0, 0x0, 0x0, 0x0, 0x0, 0x3, 0xfd, 0x50,
    0x0, 0x0, 0x0, 0x0, 0xa, 0x85, 0xd0, 0x0,
    0x0, 0x0, 0x0, 0x4f, 0x20, 0xc9, 0x0, 0x0,
    0x0, 0x1, 0xe7, 0x0, 0x2f, 0x40, 0x0, 0x0,
    0x1d, 0xa0, 0x81, 0x6, 0xf3, 0x0, 0x3, 0xeb,
    0x0, 0x9e, 0x20, 0x8f, 0x50, 0x3f, 0x80, 0x0,
    0x6, 0x0, 0x8, 0xf2, 0x3, 0x0, 0x0, 0x0,
    0x0, 0x0, 0x30,

    /* U+5939 "夹" */
    0x0, 0x0, 0x0, 0x7a, 0x0, 0x0, 0x0, 0x0,
    0xcc, 0xcc, 0xee, 0xcc, 0xcc, 0x30, 0x0, 0x44,
    0x44, 0x9b, 0x44, 0x44, 0x10, 0x0, 0x3a, 0x0,
    0x89, 0x0, 0xa6, 0x0, 0x0, 0xe, 0x70, 0x98,
    0x6, 0xf1, 0x0, 0x0, 0x5, 0x60, 0xc6, 0x6,
    0x50, 0x0, 0x9, 0xcc, 0xcc, 0xfd, 0xcc, 0xcc,
    0xb0, 0x3, 0x44, 0x4b, 0xff, 0xa4, 0x44, 0x40,
    0x0, 0x0, 0x3f, 0x88, 0xf3, 0x0, 0x0, 0x0,
    0x5, 0xfc, 0x0, 0xbf, 0x50, 0x0, 0x2, 0xaf,
    0xa0, 0x0, 0x8, 0xfc, 0x50, 0xe, 0xc4, 0x0,
    0x0, 0x0, 0x29, 0xe2, 0x0, 0x0, 0x0, 0x0,
    0x0, 0x0, 0x0,

    /* U+59CB "始" */
    0x0, 0x4, 0x0, 0x0, 0x5, 0x0, 0x0, 0x0,
    0xf, 0x10, 0x0, 0x5e, 0x0, 0x0, 0x0, 0x3d,
    0x0, 0x0, 0xc7, 0x16, 0x0, 0x1f, 0xff, 0xfe,
    0x4, 0xe0, 0xe, 0x40, 0x1, 0xb7, 0x3e, 0x1e,
    0x41, 0x39, 0xd0, 0x0, 0xe3, 0x4c, 0x9f, 0xff,
    0xeb, 0xe4, 0x2, 0xf0, 0x79, 0x23, 0x20, 0x0,
    0x65, 0x6, 0xb0, 0xa6, 0x3, 0x33, 0x33, 0x30,
    0x4, 0xe4, 0xe2, 0x1f, 0xcc, 0xcc, 0xe0, 0x0,
    0x2e, 0xc0, 0x1f, 0x0, 0x2, 0xe0, 0x0, 0x4f,
    0xe5, 0x1f, 0x0, 0x2, 0xe0, 0x4, 0xe5, 0x2d,
    0x2f, 0xdd, 0xdd, 0xe0, 0xb, 0x50, 0x0, 0x1f,
    0x22, 0x24, 0xe0, 0x0, 0x0, 0x0, 0x0, 0x0,
    0x0, 0x0,

    /* U+5B50 "子" */
    0x0, 0xcf, 0xff, 0xff, 0xff, 0xff, 0x0, 0x0,
    0x11, 0x11, 0x11, 0x15, 0xe9, 0x0, 0x0, 0x0,
    0x0, 0x1, 0x9e, 0x50, 0x0, 0x0, 0x0, 0x0,
    0x4e, 0xa1, 0x0, 0x0, 0x0, 0x0, 0x0, 0x8a,
    0x0, 0x0, 0x0, 0x2d, 0xdd, 0xdd, 0xef, 0xdd,
    0xdd, 0xd2, 0x3, 0x33, 0x33, 0x9a, 0x33, 0x33,
    0x30, 0x0, 0x0, 0x0, 0x89, 0x0, 0x0, 0x0,
    0x0, 0x0, 0x0, 0x89, 0x0, 0x0, 0x0, 0x0,
    0x0, 0x0, 0x89, 0x0, 0x0, 0x0, 0x0, 0x0,
    0x21, 0x99, 0x0, 0x0, 0x0, 0x0, 0x0, 0xbe,
    0xf5, 0x0, 0x0, 0x0,

    /* U+5B66 "学" */
    0x0, 0x0, 0x0, 0x32, 0x0, 0x20, 0x0, 0x0,
    0x1e, 0x30, 0x6c, 0x0, 0xd8, 0x0, 0x0, 0x6,
    0x50, 0x18, 0x9, 0xb0, 0x0, 0xa, 0xff, 0xff,
    0xff, 0xff, 0xff, 0xf0, 0xb, 0x50, 0x0, 0x0,
    0x0, 0x0, 0xf1, 0x7, 0x39, 0xbb, 0xbb, 0xbb,
    0xb0, 0xa0, 0x0, 0x3, 0x44, 0x44, 0x8f, 0xb0,
    0x0, 0x0, 0x0, 0x0, 0x1a, 0xe5, 0x0, 0x0,
    0x2, 0x22, 0x22, 0x5e, 0x32, 0x22, 0x21, 0x1e,
    0xee, 0xee, 0xff, 0xee, 0xee, 0xe7, 0x0, 0x0,
    0x0, 0x3d, 0x0, 0x0, 0x0, 0x0, 0x0, 0x1,
    0x4d, 0x0, 0x0, 0x0, 0x0, 0x0, 0x2e, 0xf9,
    0x0, 0x0, 0x0,

    /* U+5B83 "它" */
    0x0, 0x0, 0x18, 0x10, 0x0, 0x0, 0x0, 0x0,
    0xd, 0x80, 0x0, 0x0, 0xcd, 0xdd, 0xde, 0xfd,
    0xdd, 0xdb, 0xf5, 0x33, 0x33, 0x33, 0x33, 0x7d,
    0xa2, 0x72, 0x0, 0x0, 0x0, 0x39, 0x0, 0xe5,
    0x0, 0x0, 0x1, 0x0, 0x0, 0xe5, 0x0, 0x27,
    0xde, 0x10, 0x0, 0xea, 0xae, 0xfa, 0x50, 0x0,
    0x0, 0xeb, 0x63, 0x0, 0x0, 0x0, 0x0, 0xe5,
    0x0, 0x0, 0x0, 0x41, 0x0, 0xe5, 0x0, 0x0,
    0x0, 0xd6, 0x0, 0xda, 0x65, 0x56, 0x6a, 0xf2,
    0x0, 0x4b, 0xcd, 0xdd, 0xca, 0x50,

    /* U+5B9A "定" */
    0x0, 0x0, 0x0, 0x1, 0x0, 0x0, 0x0, 0x0,
    0x0, 0x0, 0x9b, 0x0, 0x0, 0x0, 0xe, 0xff,
    0xff, 0xff, 0xff, 0xff, 0xe0, 0xe, 0x20, 0x0,
    0x0, 0x0, 0x3, 0xe0, 0x4, 0x23, 0x33, 0x33,
    0x33, 0x33, 0x50, 0x0, 0x5c, 0xcc, 0xdf, 0xcc,
    0xc6, 0x0, 0x0, 0x1, 0x0, 0x5c, 0x0, 0x0,
    0x0, 0x0, 0xb, 0x70, 0x5c, 0x0, 0x0, 0x0,
    0x0, 0xe, 0x30, 0x5f, 0xff, 0xf6, 0x0, 0x0,
    0x5f, 0x20, 0x5c, 0x0, 0x0, 0x0, 0x0, 0xdd,
    0xc1, 0x5c, 0x0, 0x0, 0x0, 0x8, 0xe0, 0x9e,
    0xbd, 0x33, 0x33, 0x20, 0x1f, 0x30, 0x5, 0xad,
    0xef, 0xff, 0xf3, 0x1, 0x0, 0x0, 0x0, 0x0,
    0x0, 0x0,

    /* U+5B9E "实" */
    0x0, 0x0, 0x0, 0x21, 0x0, 0x0, 0x0, 0x0,
    0x0, 0x0, 0xc8, 0x0, 0x0, 0x0, 0xf, 0xff,
    0xff, 0xff, 0xff, 0xff, 0xf0, 0xf, 0x20, 0x0,
    0x1, 0x30, 0x2, 0xf0, 0x7, 0x13, 0x91, 0x4,
    0xd0, 0x0, 0x70, 0x0, 0x1, 0x9e, 0x65, 0xd0,
    0x0, 0x0, 0x0, 0x88, 0x3, 0x45, 0xd0, 0x0,
    0x0, 0x0, 0x2b, 0xe3, 0x7, 0xc0, 0x0, 0x0,
    0x2, 0x22, 0x72, 0x2b, 0xa2, 0x22, 0x20, 0xf,
    0xff, 0xff, 0xff, 0xff, 0xff, 0xf0, 0x0, 0x0,
    0x4, 0xe7, 0x7, 0x20, 0x0, 0x0, 0x4, 0xbf,
    0x60, 0x8, 0xf8, 0x0, 0x4, 0xee, 0x81, 0x0,
    0x0, 0x2b, 0xd0, 0x0, 0x40, 0x0, 0x0, 0x0,
    0x0, 0x10,

    /* U+5BDF "察" */
    0x0, 0x0, 0x0, 0x62, 0x0, 0x0, 0x0, 0xa,
    0xbb, 0xbb, 0xed, 0xbb, 0xbb, 0xa0, 0xe, 0x54,
    0x44, 0x44, 0x44, 0x45, 0xe0, 0xa, 0x1e, 0x63,
    0x2d, 0x32, 0x22, 0xa0, 0x0, 0xae, 0xbd, 0xb7,
    0xfb, 0xe9, 0x0, 0x9, 0xec, 0x4e, 0x30, 0xca,
    0xe1, 0x0, 0x9, 0xb6, 0xe4, 0x0, 0x1c, 0xc1,
    0x0, 0x3, 0xad, 0x5e, 0xee, 0xe4, 0x8f, 0x91,
    0x2d, 0x71, 0x0, 0x0, 0x0, 0x2, 0x80, 0x1,
    0xff, 0xff, 0xff, 0xff, 0xff, 0x40, 0x0, 0x4,
    0xa0, 0x78, 0x29, 0x30, 0x0, 0x6, 0xce, 0x60,
    0x88, 0x6, 0xdc, 0x30, 0x6, 0x40, 0x1f, 0xf5,
    0x0, 0x7, 0x30,

    /* U+5BF9 "对" */
    0x2f, 0xff, 0xf6, 0x0, 0x0, 0x4d, 0x0, 0x1,
    0x11, 0xd4, 0x0, 0x0, 0x4d, 0x0, 0x0, 0x0,
    0xe3, 0x44, 0x44, 0x7d, 0x41, 0xd, 0x40, 0xf1,
    0xbc, 0xcc, 0xdf, 0xc5, 0x5, 0xe3, 0xe0, 0x2,
    0x0, 0x4d, 0x0, 0x0, 0xae, 0xb0, 0x1f, 0x30,
    0x4d, 0x0, 0x0, 0x1e, 0x80, 0x8, 0xc0, 0x4d,
    0x0, 0x0, 0xf, 0xd0, 0x1, 0xf3, 0x4d, 0x0,
    0x0, 0x7b, 0xd6, 0x0, 0x51, 0x4d, 0x0, 0x2,
    0xe2, 0x59, 0x0, 0x0, 0x4d, 0x0, 0x1d, 0x70,
    0x0, 0x0, 0x22, 0x6c, 0x0, 0x6, 0x0, 0x0,
    0x0, 0x5e, 0xf8, 0x0,

    /* U+5C06 "将" */
    0x0, 0x0, 0x0, 0x0, 0x0, 0x0, 0x0, 0x0,
    0xe, 0x20, 0xb, 0xee, 0xef, 0x80, 0x2b, 0xe,
    0x22, 0xbb, 0x0, 0x6f, 0x20, 0x1f, 0x1e, 0x29,
    0x7e, 0x45, 0xf6, 0x0, 0xc, 0x5e, 0x20, 0x3,
    0x9f, 0x60, 0x0, 0x6, 0x3e, 0x25, 0xbf, 0xa2,
    0x72, 0x0, 0x0, 0xe, 0x24, 0x61, 0x0, 0xd3,
    0x0, 0x1, 0xbf, 0x5f, 0xff, 0xff, 0xff, 0xf3,
    0x4f, 0x9e, 0x20, 0x30, 0x0, 0xd4, 0x0, 0x24,
    0xe, 0x20, 0xc7, 0x0, 0xd3, 0x0, 0x0, 0xe,
    0x20, 0x2e, 0x0, 0xd3, 0x0, 0x0, 0xe, 0x20,
    0x0, 0x32, 0xe3, 0x0, 0x0, 0xe, 0x20, 0x0,
    0xdf, 0xd0, 0x0,

    /* U+5C0F "小" */
    0x0, 0x0, 0x2, 0xe0, 0x0, 0x0, 0x0, 0x0,
    0x0, 0x2e, 0x0, 0x0, 0x0, 0x0, 0x22, 0x2,
    0xe0, 0x4, 0x0, 0x0, 0xa, 0x80, 0x2e, 0x0,
    0xe4, 0x0, 0x0, 0xf3, 0x2, 0xe0, 0x8, 0xb0,
    0x0, 0x4e, 0x0, 0x2e, 0x0, 0x1f, 0x30, 0xb,
    0x80, 0x2, 0xe0, 0x0, 0xa9, 0x3, 0xf2, 0x0,
    0x2e, 0x0, 0x5, 0xe0, 0xbb, 0x0, 0x2, 0xe0,
    0x0, 0xf, 0x52, 0x20, 0x0, 0x2e, 0x0, 0x0,
    0x40, 0x0, 0x3, 0x14, 0xe0, 0x0, 0x0, 0x0,
    0x0, 0xbe, 0xfa, 0x0, 0x0, 0x0,

    /* U+5C31 "就" */
    0x0, 0x0, 0x0, 0x0, 0x0, 0x0, 0x0, 0x0,
    0xd, 0x30, 0x0, 0x1f, 0x6, 0x0, 0xb, 0xbe,
    0xdb, 0xb0, 0x1f, 0xb, 0x60, 0x2, 0x22, 0x22,
    0x24, 0x5f, 0x45, 0x40, 0x8, 0xee, 0xee, 0x7a,
    0xbf, 0xaa, 0xa1, 0xa, 0x71, 0x19, 0x80, 0x3d,
    0x0, 0x0, 0xa, 0x60, 0x8, 0x80, 0x4b, 0xc4,
    0x0, 0xa, 0xfe, 0xef, 0x80, 0x79, 0xc4, 0x0,
    0x1, 0x1a, 0x71, 0x0, 0xb6, 0xc4, 0x0, 0x6,
    0xa9, 0x7d, 0x30, 0xf2, 0xc4, 0x0, 0xd, 0x49,
    0x77, 0xb7, 0xb0, 0xc4, 0x63, 0x29, 0x1b, 0x60,
    0x5f, 0x30, 0xc5, 0xb4, 0x0, 0xce, 0x30, 0x57,
    0x0, 0x7f, 0xc0, 0x0, 0x0, 0x0, 0x0, 0x0,
    0x0, 0x0,

    /* U+5C3A "尺" */
    0x0, 0x4f, 0xff, 0xff, 0xff, 0xff, 0x20, 0x0,
    0x4d, 0x0, 0x0, 0x0, 0xe, 0x20, 0x0, 0x4d,
    0x0, 0x0, 0x0, 0xe, 0x20, 0x0, 0x4d, 0x0,
    0x0, 0x0, 0xe, 0x20, 0x0, 0x4f, 0xff, 0xff,
    0xff, 0xff, 0x20, 0x0, 0x4d, 0x11, 0x1b, 0x61,
    0x1a, 0x10, 0x0, 0x5b, 0x0, 0x5, 0xb0, 0x0,
    0x0, 0x0, 0x89, 0x0, 0x0, 0xd5, 0x0, 0x0,
    0x0, 0xc6, 0x0, 0x0, 0x4f, 0x30, 0x0, 0x2,
    0xf1, 0x0, 0x0, 0x6, 0xf5, 0x0, 0xb, 0xb0,
    0x0, 0x0, 0x0, 0x6f, 0xb1, 0xa, 0x20, 0x0,
    0x0, 0x0, 0x2, 0xa0,

    /* U+5CF0 "峰" */
    0x0, 0x0, 0x0, 0x0, 0x20, 0x0, 0x0, 0x0,
    0x59, 0x0, 0x4, 0xf5, 0x44, 0x20, 0x0, 0x59,
    0x0, 0x3e, 0xb9, 0x9e, 0x80, 0xf, 0x59, 0xc4,
    0xea, 0xd2, 0x5d, 0x0, 0xf, 0x59, 0xc3, 0x0,
    0x8f, 0xf6, 0x0, 0xf, 0x59, 0xc3, 0x9f, 0xb7,
    0x7c, 0xf4, 0xf, 0x59, 0xc3, 0x36, 0x5c, 0x95,
    0x60, 0xf, 0x59, 0xc3, 0x2a, 0xae, 0xca, 0x90,
    0xf, 0x59, 0xc3, 0x4, 0x5c, 0x95, 0x30, 0xf,
    0x59, 0xc3, 0x9, 0x9d, 0xc9, 0x60, 0xf, 0x5c,
    0xe3, 0x55, 0x5c, 0x95, 0x52, 0xf, 0xd9, 0xd3,
    0xaa, 0xae, 0xca, 0xa4, 0x2, 0x0, 0x0, 0x0,
    0xa, 0x60, 0x0,

    /* U+5DE5 "工" */
    0x7, 0xcc, 0xcc, 0xcc, 0xcc, 0xcc, 0x80, 0x2,
    0x44, 0x44, 0xba, 0x44, 0x44, 0x20, 0x0, 0x0,
    0x0, 0x98, 0x0, 0x0, 0x0, 0x0, 0x0, 0x0,
    0x98, 0x0, 0x0, 0x0, 0x0, 0x0, 0x0, 0x98,
    0x0, 0x0, 0x0, 0x0, 0x0, 0x0, 0x98, 0x0,
    0x0, 0x0, 0x0, 0x0, 0x0, 0x98, 0x0, 0x0,
    0x0, 0x0, 0x0, 0x0, 0x98, 0x0, 0x0, 0x0,
    0x0, 0x0, 0x0, 0x98, 0x0, 0x0, 0x0, 0x0,
    0x0, 0x0, 0x98, 0x0, 0x0, 0x0, 0x1, 0x11,
    0x11, 0xa8, 0x11, 0x11, 0x10, 0x2f, 0xff, 0xff,
    0xff, 0xff, 0xff, 0xf2,

    /* U+5DEE "差" */
    0x0, 0x0, 0x40, 0x0, 0x5, 0x10, 0x0, 0x0,
    0x2, 0xf4, 0x0, 0x5e, 0x10, 0x0, 0x8, 0xff,
    0xff, 0xff, 0xff, 0xff, 0x80, 0x0, 0x11, 0x11,
    0xb8, 0x11, 0x11, 0x0, 0x3, 0xcc, 0xcc, 0xfd,
    0xcc, 0xcc, 0x10, 0x0, 0x22, 0x27, 0xd2, 0x22,
    0x22, 0x0, 0xb, 0xcc, 0xce, 0xec, 0xcc, 0xcc,
    0xc0, 0x4, 0x44, 0xcd, 0x44, 0x44, 0x44, 0x40,
    0x0, 0x5, 0xf5, 0x11, 0x11, 0x11, 0x0, 0x0,
    0x6f, 0xff, 0xff, 0xff, 0xff, 0x30, 0x1b, 0xf6,
    0x0, 0xf, 0x10, 0x0, 0x0, 0x8, 0x31, 0x11,
    0x1f, 0x21, 0x11, 0x10, 0x0, 0xdf, 0xff, 0xff,
    0xff, 0xff, 0xe0,

    /* U+5DF2 "已" */
    0xbc, 0xcc, 0xcc, 0xcc, 0xcc, 0x20, 0x34, 0x44,
    0x44, 0x44, 0x4f, 0x20, 0x1, 0x0, 0x0, 0x0,
    0xe, 0x20, 0xf, 0x20, 0x0, 0x0, 0xe, 0x20,
    0xf, 0x31, 0x11, 0x11, 0x1e, 0x20, 0xf, 0xff,
    0xff, 0xff, 0xff, 0x20, 0xf, 0x20, 0x0, 0x0,
    0x6, 0x10, 0xf, 0x20, 0x0, 0x0, 0x0, 0x0,
    0xf, 0x20, 0x0, 0x0, 0x0, 0x38, 0xf, 0x20,
    0x0, 0x0, 0x0, 0x6b, 0xf, 0x62, 0x11, 0x11,
    0x24, 0xd6, 0x7, 0xef, 0xff, 0xff, 0xed, 0xa0,

    /* U+5E2E "帮" */
    0x2, 0x37, 0xc3, 0x32, 0xff, 0xff, 0xb0, 0x68,
    0xae, 0x88, 0x4f, 0x1, 0xd4, 0x5, 0xff, 0xff,
    0xf2, 0xf0, 0xaa, 0x0, 0x33, 0xaa, 0x33, 0x2f,
    0x0, 0xb7, 0xc, 0xef, 0xee, 0xe8, 0xf0, 0x6,
    0xc0, 0x7e, 0xa0, 0x1, 0x3f, 0x2e, 0xd5, 0xb,
    0x70, 0x0, 0x9a, 0x80, 0x0, 0x0, 0x2f, 0xff,
    0xff, 0xff, 0xff, 0xf2, 0x2, 0xf1, 0x11, 0x99,
    0x11, 0x1e, 0x20, 0x2f, 0x0, 0x9, 0x90, 0x0,
    0xf2, 0x2, 0xf0, 0x0, 0x99, 0x3, 0xdf, 0x10,
    0x4, 0x0, 0x9, 0x90, 0x3, 0x10,

    /* U+5E38 "常" */
    0x1, 0xa0, 0xe, 0x30, 0xa, 0x20, 0x4, 0x4d,
    0x84, 0xe7, 0x4a, 0xd4, 0x40, 0xf9, 0x88, 0x88,
    0x88, 0x88, 0x8f, 0x2e, 0x29, 0xaa, 0xaa, 0xaa,
    0x90, 0xe1, 0x0, 0xe4, 0x33, 0x33, 0x5e, 0x0,
    0x0, 0xe, 0x10, 0x0, 0x2, 0xe0, 0x0, 0x0,
    0xce, 0xef, 0xee, 0xec, 0x0, 0x0, 0x12, 0x22,
    0xc6, 0x22, 0x22, 0x0, 0xf, 0xdd, 0xdf, 0xdd,
    0xdd, 0xf3, 0x0, 0xf0, 0x0, 0xc5, 0x0, 0xe,
    0x30, 0xf, 0x0, 0xc, 0x50, 0x45, 0xf2, 0x0,
    0xa0, 0x0, 0xc5, 0x7, 0xb8, 0x0,

    /* U+5E45 "幅" */
    0x0, 0x2e, 0x0, 0x9f, 0xff, 0xff, 0xf2, 0x4,
    0x6e, 0x44, 0x0, 0x0, 0x0, 0x0, 0x1f, 0xcf,
    0xcd, 0x3f, 0xff, 0xff, 0xb0, 0x1e, 0x2e, 0x2d,
    0x3c, 0x0, 0x4, 0xc0, 0x1e, 0x2e, 0x2d, 0x3f,
    0xcc, 0xcd, 0xc0, 0x1e, 0x2e, 0x2d, 0x1, 0x11,
    0x11, 0x10, 0x1e, 0x2e, 0x2d, 0x9f, 0xff, 0xff,
    0xf3, 0x1e, 0x2e, 0x2d, 0xa5, 0xe, 0x10, 0xc3,
    0x1e, 0x2e, 0xba, 0xad, 0xbf, 0xcb, 0xf3, 0x2,
    0x2e, 0x0, 0xa6, 0x2e, 0x32, 0xd3, 0x0, 0x2e,
    0x0, 0xa7, 0x2e, 0x32, 0xd3, 0x0, 0x2e, 0x0,
    0xad, 0xcc, 0xcc, 0xf3,

    /* U+5E73 "平" */
    0x7, 0xff, 0xff, 0xff, 0xff, 0xff, 0x60, 0x0,
    0x0, 0x0, 0x8a, 0x0, 0x10, 0x0, 0x0, 0xa6,
    0x0, 0x79, 0x0, 0xa9, 0x0, 0x0, 0x6e, 0x0,
    0x79, 0x0, 0xf4, 0x0, 0x0, 0xe, 0x60, 0x79,
    0x7, 0xe0, 0x0, 0x0, 0x9, 0xb0, 0x79, 0xc,
    0x70, 0x0, 0x1, 0x12, 0x11, 0x8a, 0x11, 0x21,
    0x10, 0x1f, 0xff, 0xff, 0xff, 0xff, 0xff, 0xf1,
    0x0, 0x0, 0x0, 0x79, 0x0, 0x0, 0x0, 0x0,
    0x0, 0x0, 0x79, 0x0, 0x0, 0x0, 0x0, 0x0,
    0x0, 0x79, 0x0, 0x0, 0x0, 0x0, 0x0, 0x0,
    0x79, 0x0, 0x0, 0x0,

    /* U+5E76 "并" */
    0x0, 0x1, 0x40, 0x0, 0x3, 0x40, 0x0, 0x0,
    0x4, 0xf3, 0x0, 0xd, 0x70, 0x0, 0x0, 0x0,
    0x64, 0x0, 0x6d, 0x0, 0x0, 0x3, 0xff, 0xff,
    0xff, 0xff, 0xff, 0xc0, 0x0, 0x11, 0xb7, 0x11,
    0x1f, 0x31, 0x10, 0x0, 0x0, 0xb6, 0x0, 0xf,
    0x10, 0x0, 0x0, 0x0, 0xb6, 0x0, 0xf, 0x10,
    0x0, 0x1e, 0xee, 0xfe, 0xee, 0xef, 0xee, 0xe6,
    0x2, 0x22, 0xd7, 0x22, 0x2f, 0x42, 0x21, 0x0,
    0x1, 0xf2, 0x0, 0xf, 0x10, 0x0, 0x0, 0xa,
    0xa0, 0x0, 0xf, 0x10, 0x0, 0x1, 0xad, 0x10,
    0x0, 0xf, 0x10, 0x0, 0x9, 0xb1, 0x0, 0x0,
    0xf, 0x10, 0x0, 0x0, 0x0, 0x0, 0x0, 0x0,
    0x0, 0x0,

    /* U+5E94 "应" */
    0x0, 0x0, 0x0, 0x26, 0x0, 0x0, 0x0, 0x0,
    0x0, 0x0, 0x2f, 0x20, 0x0, 0x0, 0x1, 0xff,
    0xff, 0xff, 0xff, 0xff, 0xe0, 0x1, 0xf1, 0x11,
    0x11, 0x11, 0x11, 0x10, 0x1, 0xf0, 0x0, 0x8,
    0x0, 0x3, 0x10, 0x1, 0xf0, 0x51, 0xe, 0x40,
    0xd, 0x60, 0x1, 0xf0, 0xb8, 0x9, 0xa0, 0x2f,
    0x10, 0x1, 0xf0, 0x4e, 0x5, 0xe0, 0x6d, 0x0,
    0x2, 0xf0, 0xe, 0x42, 0xf1, 0xa9, 0x0, 0x5,
    0xd0, 0xa, 0x80, 0x41, 0xf3, 0x0, 0x9, 0xa0,
    0x3, 0x30, 0x6, 0xd0, 0x0, 0xe, 0x61, 0x33,
    0x33, 0x3c, 0xa3, 0x30, 0x5f, 0x17, 0xdd, 0xdd,
    0xdd, 0xdd, 0xd4, 0x4, 0x0, 0x0, 0x0, 0x0,
    0x0, 0x0,

    /* U+5EA6 "度" */
    0x0, 0x0, 0x0, 0x1, 0x0, 0x0, 0x0, 0x0,
    0x0, 0x0, 0x8c, 0x0, 0x0, 0x0, 0x1, 0xff,
    0xff, 0xff, 0xff, 0xff, 0xf1, 0x1, 0xf0, 0xb,
    0x20, 0x1, 0xc0, 0x0, 0x1, 0xfb, 0xff, 0xff,
    0xff, 0xff, 0xf0, 0x1, 0xf0, 0xd, 0x30, 0x2,
    0xe0, 0x0, 0x1, 0xf0, 0xd, 0xcc, 0xcc, 0xe0,
    0x0, 0x1, 0xf0, 0x2, 0x22, 0x22, 0x20, 0x0,
    0x3, 0xe3, 0xff, 0xff, 0xff, 0xff, 0x10, 0x6,
    0xc0, 0x3e, 0x40, 0x2, 0xe9, 0x0, 0xa, 0x90,
    0x4, 0xf9, 0x8f, 0x70, 0x0, 0x1f, 0x40, 0x26,
    0xcf, 0xfd, 0x63, 0x10, 0x3c, 0x1e, 0xea, 0x61,
    0x28, 0xbe, 0xf5, 0x0, 0x1, 0x0, 0x0, 0x0,
    0x0, 0x0,

    /* U+5EFA "建" */
    0x1f, 0xff, 0xd0, 0x22, 0xe4, 0x22, 0x0, 0x1,
    0x1b, 0x93, 0xdd, 0xfd, 0xdf, 0x30, 0x0, 0x5e,
    0x16, 0x66, 0xe8, 0x6e, 0x80, 0x1, 0xe5, 0x7,
    0x77, 0xe8, 0x7e, 0x80, 0x4, 0xfe, 0xd3, 0xcc,
    0xfd, 0xcf, 0x30, 0x0, 0x2, 0xd0, 0x22, 0xe4,
    0x22, 0x0, 0x6, 0x25, 0xba, 0xee, 0xfe, 0xee,
    0x40, 0x8, 0x99, 0x80, 0x0, 0xd3, 0x0, 0x0,
    0x2, 0xfe, 0x7f, 0xff, 0xff, 0xff, 0xf0, 0x0,
    0xbe, 0x11, 0x11, 0xd4, 0x11, 0x10, 0x3, 0xfe,
    0xe8, 0x52, 0xb3, 0x11, 0x10, 0xe, 0x70, 0x6a,
    0xde, 0xff, 0xff, 0xf1, 0x1, 0x0, 0x0, 0x0,
    0x0, 0x0, 0x0,

    /* U+5F00 "开" */
    0x1, 0xff, 0xff, 0xff, 0xff, 0xff, 0x60, 0x0,
    0x0, 0xb6, 0x0, 0xd, 0x40, 0x0, 0x0, 0x0,
    0xb6, 0x0, 0xd, 0x40, 0x0, 0x0, 0x0, 0xb6,
    0x0, 0xd, 0x40, 0x0, 0x0, 0x0, 0xb5, 0x0,
    0xd, 0x40, 0x0, 0x2f, 0xff, 0xff, 0xff, 0xff,
    0xff, 0xf3, 0x1, 0x11, 0xf3, 0x11, 0x1d, 0x51,
    0x10, 0x0, 0x2, 0xe0, 0x0, 0xd, 0x40, 0x0,
    0x0, 0x9, 0x90, 0x0, 0xd, 0x40, 0x0, 0x0,
    0x3f, 0x20, 0x0, 0xd, 0x40, 0x0, 0x2, 0xe7,
    0x0, 0x0, 0xd, 0x40, 0x0, 0xb, 0x80, 0x0,
    0x0, 0xd, 0x40, 0x0, 0x0, 0x0, 0x0, 0x0,
    0x0, 0x0, 0x0,

    /* U+5F02 "异" */
    0x0, 0xaf, 0xff, 0xff, 0xff, 0xfb, 0x0, 0x0,
    0xa7, 0x0, 0x0, 0x0, 0x5b, 0x0, 0x0, 0xa9,
    0x44, 0x44, 0x44, 0x8b, 0x0, 0x0, 0xae, 0xdd,
    0xdd, 0xdd, 0xd9, 0x0, 0x0, 0xa8, 0x0, 0x0,
    0x0, 0x2, 0xb0, 0x0, 0x5e, 0xff, 0xff, 0xff,
    0xff, 0x90, 0x0, 0x0, 0x4a, 0x11, 0x1e, 0x10,
    0x0, 0x2, 0x22, 0x7b, 0x22, 0x2f, 0x22, 0x21,
    0x1e, 0xee, 0xff, 0xee, 0xef, 0xee, 0xe7, 0x0,
    0x0, 0xb6, 0x0, 0xf, 0x10, 0x0, 0x0, 0x8,
    0xe1, 0x0, 0xf, 0x10, 0x0, 0x2, 0xfc, 0x20,
    0x0, 0xf, 0x10, 0x0, 0x0, 0x10, 0x0, 0x0,
    0x0, 0x0, 0x0,

    /* U+5F0F "式" */
    0x0, 0x0, 0x0, 0x0, 0x0, 0x0, 0x0, 0x0,
    0x0, 0x0, 0x4, 0xe0, 0xb8, 0x0, 0x0, 0x0,
    0x0, 0x3, 0xf0, 0x19, 0x10, 0xf, 0xff, 0xff,
    0xff, 0xff, 0xff, 0xf1, 0x1, 0x11, 0x11, 0x12,
    0xf2, 0x11, 0x10, 0x0, 0x0, 0x0, 0x0, 0xf3,
    0x0, 0x0, 0x8, 0xee, 0xee, 0xe3, 0xc5, 0x0,
    0x0, 0x1, 0x26, 0xc2, 0x20, 0x99, 0x0, 0x0,
    0x0, 0x5, 0xc0, 0x0, 0x5d, 0x0, 0x0, 0x0,
    0x5, 0xc0, 0x0, 0xf, 0x20, 0x91, 0x0, 0x17,
    0xd8, 0xb8, 0xa, 0x90, 0xe0, 0xe, 0xff, 0xc9,
    0x62, 0x2, 0xf8, 0xc0, 0x2, 0x10, 0x0, 0x0,
    0x0, 0x6e, 0x40,

    /* U+5F31 "弱" */
    0xb, 0xff, 0xff, 0x3b, 0xff, 0xff, 0x40, 0x0,
    0x0, 0xd3, 0x0, 0x0, 0xd4, 0x6, 0xcc, 0xcf,
    0x36, 0xcc, 0xcf, 0x40, 0xaa, 0x44, 0x41, 0xaa,
    0x44, 0x41, 0xc, 0x60, 0x0, 0xb, 0x60, 0x0,
    0x0, 0xff, 0xff, 0xf8, 0xdf, 0xff, 0xf8, 0x2,
    0x71, 0x1b, 0x72, 0x71, 0x1b, 0x70, 0x1d, 0x70,
    0xc5, 0x1d, 0x70, 0xb5, 0x0, 0x26, 0xaf, 0x30,
    0x26, 0xaf, 0x42, 0xbf, 0xc6, 0xf3, 0xae, 0xd6,
    0xf1, 0x27, 0x21, 0x3e, 0x17, 0x21, 0x4e, 0x0,
    0x0, 0xef, 0x60, 0x0, 0xef, 0x60,

    /* U+5F39 "弹" */
    0x0, 0x0, 0x0, 0x3, 0x0, 0x24, 0x0, 0xf,
    0xff, 0xe0, 0x2f, 0x30, 0x9a, 0x0, 0x0, 0x3,
    0xe0, 0x6, 0x22, 0xf2, 0x0, 0x0, 0x2, 0xe3,
    0xff, 0xff, 0xff, 0xc0, 0x8, 0xcc, 0xe3, 0xe0,
    0x2e, 0x3, 0xc0, 0xc, 0x51, 0x3, 0xff, 0xff,
    0xff, 0xc0, 0xe, 0x30, 0x3, 0xe0, 0x2e, 0x3,
    0xc0, 0xf, 0xcc, 0x93, 0xfa, 0xbf, 0xab, 0xc0,
    0x3, 0x37, 0xc1, 0x55, 0x6e, 0x55, 0x40, 0x0,
    0x5, 0xc0, 0x0, 0x2e, 0x0, 0x0, 0x0, 0x5,
    0xcf, 0xff, 0xff, 0xff, 0xf8, 0x0, 0x18, 0xa0,
    0x0, 0x2e, 0x0, 0x0, 0x3, 0xee, 0x40, 0x0,
    0x2e, 0x0, 0x0, 0x0, 0x0, 0x0, 0x0, 0x0,
    0x0, 0x0,

    /* U+5F3A "强" */
    0xf, 0xff, 0xe0, 0xef, 0xff, 0xff, 0x0, 0x0,
    0x3, 0xe0, 0xe2, 0x0, 0xf, 0x0, 0x0, 0x2,
    0xe0, 0xe3, 0x11, 0x1f, 0x0, 0x5, 0x89, 0xe0,
    0xde, 0xef, 0xee, 0x0, 0xb, 0xa7, 0x60, 0x0,
    0x4c, 0x0, 0x0, 0xd, 0x30, 0x4, 0xff, 0xff,
    0xff, 0x70, 0xf, 0x87, 0x54, 0xb0, 0x4c, 0x9,
    0x70, 0x7, 0x7a, 0xc4, 0xb0, 0x4c, 0x9, 0x70,
    0x0, 0x4, 0xc4, 0xff, 0xff, 0xff, 0x70, 0x0,
    0x5, 0xb0, 0x0, 0x4c, 0x9, 0x10, 0x0, 0x18,
    0xa1, 0x23, 0x7e, 0x7e, 0xa0, 0x3, 0xee, 0x4a,
    0xdb, 0x97, 0x53, 0xd1, 0x0, 0x0, 0x0, 0x0,
    0x0, 0x0, 0x0,

    /* U+5F52 "归" */
    0x0, 0xf, 0x20, 0x0, 0x0, 0x0, 0x4, 0xc0,
    0xf2, 0xac, 0xcc, 0xcc, 0xc0, 0x4c, 0xf, 0x23,
    0x44, 0x44, 0x5f, 0x4, 0xc0, 0xf2, 0x0, 0x0,
    0x2, 0xf0, 0x4c, 0xf, 0x20, 0x0, 0x0, 0x2f,
    0x4, 0xc0, 0xf2, 0x7a, 0xaa, 0xab, 0xf0, 0x4c,
    0xf, 0x13, 0x55, 0x55, 0x7f, 0x4, 0xc1, 0xf0,
    0x0, 0x0, 0x2, 0xf0, 0x3a, 0x5d, 0x0, 0x0,
    0x0, 0x2f, 0x0, 0xb, 0x80, 0x11, 0x11, 0x13,
    0xf0, 0x4, 0xf1, 0x1f, 0xff, 0xff, 0xff, 0x0,
    0xd5, 0x0, 0x0, 0x0, 0x1, 0xc0, 0x1, 0x0,
    0x0, 0x0, 0x0, 0x0, 0x0,

    /* U+5F53 "当" */
    0x5, 0x0, 0xc, 0x50, 0x1, 0x40, 0x1e, 0x60,
    0xc, 0x50, 0xa, 0xc0, 0x4, 0xf1, 0xc, 0x50,
    0x4f, 0x30, 0x0, 0x50, 0xc, 0x50, 0x25, 0x0,
    0x4f, 0xff, 0xff, 0xff, 0xff, 0xe0, 0x1, 0x11,
    0x11, 0x11, 0x13, 0xe0, 0x0, 0x0, 0x0, 0x0,
    0x2, 0xe0, 0xe, 0xff, 0xff, 0xff, 0xff, 0xe0,
    0x1, 0x11, 0x11, 0x11, 0x13, 0xe0, 0x0, 0x0,
    0x0, 0x0, 0x2, 0xe0, 0x4c, 0xcc, 0xcc, 0xcc,
    0xcc, 0xe0, 0x14, 0x44, 0x44, 0x44, 0x46, 0xe0,

    /* U+5F62 "形" */
    0x0, 0x0, 0x0, 0x0, 0x0, 0x3, 0x0, 0xd,
    0xff, 0xff, 0xfc, 0x0, 0x2e, 0x50, 0x0, 0x98,
    0xa, 0x70, 0x3, 0xe8, 0x0, 0x0, 0x98, 0xa,
    0x70, 0x6f, 0x80, 0x0, 0x0, 0x98, 0xa, 0x70,
    0xa5, 0x5, 0x60, 0x0, 0x98, 0xa, 0x70, 0x0,
    0x4f, 0x60, 0x2c, 0xee, 0xce, 0xeb, 0x6, 0xf7,
    0x0, 0x3, 0xb9, 0x3b, 0x93, 0x9f, 0x50, 0x10,
    0x0, 0xb6, 0xa, 0x70, 0x21, 0x3, 0xf3, 0x0,
    0xe3, 0xa, 0x70, 0x0, 0x3e, 0x80, 0x4, 0xf0,
    0xa, 0x70, 0x5, 0xf9, 0x0, 0xc, 0x80, 0xa,
    0x71, 0xaf, 0x60, 0x0, 0x1b, 0x0, 0xa, 0x72,
    0xb2, 0x0, 0x0,

    /* U+5F84 "径" */
    0x0, 0x0, 0x0, 0x0, 0x0, 0x0, 0x0, 0x0,
    0x1d, 0x10, 0x22, 0x22, 0x21, 0x0, 0x0, 0xc7,
    0x3, 0xdd, 0xdd, 0xec, 0x0, 0x1c, 0xa0, 0x0,
    0x0, 0x0, 0xd5, 0x0, 0x17, 0x8, 0x70, 0x0,
    0x1c, 0xa0, 0x0, 0x0, 0x4f, 0x20, 0x6, 0xef,
    0xa3, 0x0, 0x3, 0xe6, 0x8, 0xfc, 0x40, 0x6d,
    0xc0, 0x3f, 0xe4, 0x2, 0x20, 0x0, 0x0, 0x40,
    0x14, 0xc4, 0x0, 0xff, 0xff, 0xff, 0x50, 0x0,
    0xc4, 0x0, 0x0, 0x89, 0x0, 0x0, 0x0, 0xc4,
    0x0, 0x0, 0x89, 0x0, 0x0, 0x0, 0xc4, 0x0,
    0x0, 0x89, 0x0, 0x0, 0x0, 0xc4, 0xf, 0xff,
    0xff, 0xff, 0xc0,

    /* U+5F85 "待" */
    0x0, 0x0, 0x0, 0x0, 0x0, 0x0, 0x0, 0x0,
    0x2e, 0x10, 0x0, 0x89, 0x0, 0x0, 0x2, 0xd7,
    0x7, 0xff, 0xff, 0xff, 0x70, 0x3e, 0x80, 0x0,
    0x0, 0x89, 0x0, 0x0, 0x5, 0xa, 0x81, 0x11,
    0x89, 0x11, 0x10, 0x0, 0x4d, 0x3f, 0xff, 0xff,
    0xff, 0xf0, 0x2, 0xe5, 0x0, 0x0, 0x0, 0x88,
    0x0, 0x2e, 0xf4, 0x4, 0x44, 0x44, 0xaa, 0x40,
    0x37, 0xc4, 0xc, 0xcc, 0xcc, 0xee, 0xc0, 0x0,
    0xc4, 0x0, 0x83, 0x0, 0x88, 0x0, 0x0, 0xc4,
    0x0, 0x6d, 0x0, 0x88, 0x0, 0x0, 0xc4, 0x0,
    0x1, 0x32, 0xa8, 0x0, 0x0, 0xc4, 0x0, 0x0,
    0x9e, 0xd4, 0x0,

    /* U+5F97 "得" */
    0x0, 0x4, 0x0, 0x0, 0x0, 0x0, 0x0, 0x0,
    0x4e, 0x9, 0xfe, 0xee, 0xef, 0x0, 0x2, 0xe5,
    0x9, 0x70, 0x0, 0xf, 0x0, 0x2e, 0x90, 0x9,
    0xed, 0xdd, 0xdf, 0x0, 0x18, 0x9, 0x79, 0x71,
    0x11, 0x1f, 0x0, 0x0, 0x5f, 0x27, 0xdd, 0xdd,
    0xdd, 0x0, 0x4, 0xf6, 0x25, 0x55, 0x55, 0x55,
    0x40, 0x4e, 0xe4, 0x27, 0x77, 0x77, 0xe9, 0x50,
    0x2, 0xc4, 0x9b, 0xbb, 0xbb, 0xfc, 0xb0, 0x0,
    0xc4, 0x34, 0x54, 0x44, 0xd7, 0x40, 0x0, 0xc4,
    0x6, 0xd0, 0x0, 0xd4, 0x0, 0x0, 0xc4, 0x0,
    0x94, 0x12, 0xd4, 0x0, 0x0, 0xc4, 0x0, 0x0,
    0x5e, 0xd1, 0x0,

    /* U+5FC3 "心" */
    0x0, 0x0, 0x0, 0x0, 0x0, 0x0, 0x0, 0x0,
    0x0, 0x2d, 0x40, 0x0, 0x0, 0x0, 0x0, 0x0,
    0x7, 0xf8, 0x0, 0x0, 0x0, 0x0, 0x0, 0x0,
    0x4f, 0x90, 0x0, 0x0, 0x0, 0x0, 0xb4, 0x4,
    0x40, 0x1, 0x0, 0x2, 0xc0, 0xd5, 0x0, 0x0,
    0x7b, 0x0, 0x5, 0xc0, 0xd5, 0x0, 0x0, 0x3f,
    0x10, 0x8, 0x90, 0xd5, 0x0, 0x0, 0xd, 0x70,
    0xc, 0x60, 0xd5, 0x0, 0x0, 0x8, 0xc0, 0x1f,
    0x20, 0xd5, 0x0, 0x2, 0xb4, 0xf1, 0x5e, 0x0,
    0xd5, 0x0, 0x4, 0xe0, 0x70, 0x4, 0x0, 0xd7,
    0x11, 0x2a, 0xb0, 0x0, 0x0, 0x0, 0x8e, 0xff,
    0xfd, 0x30, 0x0,

    /* U+5FC5 "必" */
    0x0, 0x0, 0x0, 0x0, 0x0, 0x0, 0x0, 0x0,
    0x0, 0x8, 0xb0, 0x0, 0x33, 0x0, 0x0, 0x0,
    0x0, 0xd8, 0x0, 0xc7, 0x0, 0x0, 0x0, 0x12,
    0x3f, 0x24, 0xe0, 0x0, 0x0, 0xa3, 0x5c, 0x4,
    0xc, 0x84, 0x0, 0x0, 0xf2, 0x5c, 0x0, 0x6d,
    0x2f, 0x10, 0x2, 0xf0, 0x5c, 0x1, 0xe4, 0xb,
    0x70, 0x6, 0xd0, 0x5c, 0xc, 0x90, 0x5, 0xd0,
    0xc, 0x80, 0x5c, 0xbc, 0x0, 0x1, 0xf2, 0xd,
    0x30, 0x5f, 0xc1, 0x0, 0xb5, 0xc5, 0x0, 0x3,
    0xed, 0x0, 0x0, 0xd5, 0x0, 0x1, 0x9e, 0xad,
    0x32, 0x36, 0xf2, 0x0, 0x8, 0xa1, 0x1c, 0xff,
    0xfe, 0x80, 0x0, 0x0, 0x0, 0x0, 0x0, 0x0,
    0x0, 0x0,

    /* U+5FEB "快" */
    0x0, 0x2e, 0x0, 0x0, 0xf1, 0x0, 0x0, 0x0,
    0x2e, 0x0, 0x11, 0xf2, 0x11, 0x0, 0x6, 0x3f,
    0x12, 0xff, 0xff, 0xff, 0x20, 0xe, 0x4f, 0xc0,
    0x0, 0xf1, 0xf, 0x20, 0x1f, 0x2e, 0x98, 0x0,
    0xf1, 0xf, 0x20, 0x4c, 0x2e, 0x12, 0x11, 0xf2,
    0x1f, 0x30, 0x3, 0x2e, 0x3f, 0xff, 0xff, 0xff,
    0xf5, 0x0, 0x2e, 0x0, 0x7, 0xed, 0x0, 0x0,
    0x0, 0x2e, 0x0, 0xe, 0x5b, 0x80, 0x0, 0x0,
    0x2e, 0x0, 0xbc, 0x2, 0xe6, 0x0, 0x0, 0x2e,
    0x1b, 0xd1, 0x0, 0x3f, 0x91, 0x0, 0x2e, 0x6b,
    0x10, 0x0, 0x2, 0xc2,

    /* U+6027 "性" */
    0x0, 0x4b, 0x0, 0x10, 0x2d, 0x0, 0x0, 0x0,
    0x4b, 0x0, 0xe1, 0x3e, 0x0, 0x0, 0x3, 0x4f,
    0x32, 0xe1, 0x4e, 0x11, 0x10, 0xc, 0x7d, 0xd7,
    0xff, 0xff, 0xff, 0xf0, 0xe, 0x5b, 0x1d, 0x40,
    0x3e, 0x0, 0x0, 0x1f, 0x4b, 0x2e, 0x0, 0x3e,
    0x0, 0x0, 0x6, 0x4b, 0x1, 0x11, 0x4e, 0x11,
    0x10, 0x0, 0x4b, 0x3, 0xff, 0xff, 0xff, 0xd0,
    0x0, 0x4b, 0x0, 0x0, 0x3e, 0x0, 0x0, 0x0,
    0x4b, 0x0, 0x0, 0x3e, 0x0, 0x0, 0x0, 0x4b,
    0x1, 0x11, 0x4e, 0x11, 0x10, 0x0, 0x4b, 0xd,
    0xff, 0xff, 0xff, 0xf5,

    /* U+603B "总" */
    0x0, 0x0, 0x50, 0x0, 0x16, 0x0, 0x0, 0x0,
    0x2, 0xe6, 0x0, 0xac, 0x0, 0x0, 0x0, 0x0,
    0x46, 0x2, 0xf2, 0x0, 0x0, 0x0, 0x1d, 0xdd,
    0xde, 0xfd, 0xd1, 0x0, 0x0, 0x1e, 0x22, 0x22,
    0x22, 0xe2, 0x0, 0x0, 0x1e, 0x0, 0x0, 0x0,
    0xe2, 0x0, 0x0, 0x1e, 0x0, 0x0, 0x0, 0xe2,
    0x0, 0x0, 0x1f, 0xff, 0xff, 0xff, 0xf2, 0x0,
    0x0, 0x0, 0x0, 0x20, 0x0, 0x0, 0x0, 0x0,
    0xa1, 0xc1, 0xcb, 0x0, 0x38, 0x0, 0x6, 0xd0,
    0xf1, 0x1c, 0x82, 0x2e, 0x60, 0x1f, 0x50, 0xf2,
    0x0, 0x1a, 0x95, 0xe1, 0x7, 0x0, 0xaf, 0xff,
    0xfd, 0x20, 0x60,

    /* U+6052 "恒" */
    0x0, 0x2e, 0xb, 0xff, 0xff, 0xff, 0xf0, 0x0,
    0x2e, 0x0, 0x0, 0x0, 0x0, 0x0, 0x5, 0x3f,
    0x10, 0x0, 0x0, 0x0, 0x0, 0xe, 0x4f, 0xb1,
    0xff, 0xff, 0xff, 0x50, 0xf, 0x2e, 0xa8, 0xf0,
    0x0, 0xc, 0x50, 0x4d, 0x2e, 0x23, 0xf4, 0x44,
    0x4d, 0x50, 0x26, 0x2e, 0x1, 0xfb, 0xbb, 0xbe,
    0x50, 0x0, 0x2e, 0x1, 0xf0, 0x0, 0xc, 0x50,
    0x0, 0x2e, 0x1, 0xff, 0xff, 0xff, 0x50, 0x0,
    0x2e, 0x0, 0x0, 0x0, 0x0, 0x0, 0x0, 0x2e,
    0x1, 0x11, 0x11, 0x11, 0x10, 0x0, 0x2e, 0x4f,
    0xff, 0xff, 0xff, 0xf6,

    /* U+6062 "恢" */
    0x0, 0x4b, 0x0, 0xe, 0x10, 0x0, 0x0, 0x0,
    0x4c, 0xe, 0xff, 0xff, 0xff, 0xf1, 0x7, 0x6f,
    0x91, 0x5d, 0x12, 0x21, 0x10, 0xd, 0x6b, 0xb0,
    0x7a, 0x7, 0xa0, 0x0, 0xf, 0x5b, 0x0, 0xa7,
    0x27, 0xa0, 0x60, 0x1e, 0x4b, 0x0, 0xf6, 0xb7,
    0xb3, 0xe0, 0x1, 0x4b, 0x7, 0xcb, 0x68, 0xc9,
    0xa0, 0x0, 0x4b, 0x1e, 0x47, 0xc, 0xf7, 0x30,
    0x0, 0x4b, 0xbb, 0x0, 0x3e, 0xa7, 0x0, 0x0,
    0x4b, 0xa1, 0x2, 0xe6, 0x2e, 0x20, 0x0, 0x4b,
    0x0, 0x5e, 0x80, 0x8, 0xe2, 0x0, 0x4b, 0x0,
    0x95, 0x0, 0x0, 0xa4, 0x0, 0x0, 0x0, 0x0,
    0x0, 0x0, 0x0,

    /* U+60AC "悬" */
    0x0, 0xf, 0xee, 0xee, 0xee, 0xf0, 0x0, 0x0,
    0xf, 0x10, 0x0, 0x0, 0xf0, 0x0, 0x0, 0xf,
    0xee, 0xee, 0xee, 0xf0, 0x0, 0x0, 0xf, 0x76,
    0x66, 0x66, 0xf0, 0x0, 0x0, 0xf, 0x65, 0x55,
    0x55, 0xf0, 0x0, 0x3f, 0xff, 0xff, 0xff, 0xff,
    0xff, 0xf3, 0x0, 0x2, 0xe7, 0x0, 0x4, 0x40,
    0x0, 0x0, 0x4e, 0x71, 0x23, 0x4a, 0xe2, 0x0,
    0x0, 0xee, 0xdc, 0xcb, 0x98, 0x8a, 0x0, 0x1,
    0xd4, 0xd0, 0x98, 0x1, 0xd, 0x50, 0xb, 0x93,
    0xe1, 0x24, 0x18, 0xb5, 0xe0, 0x19, 0x1, 0xdf,
    0xff, 0xfe, 0x60, 0xa1,

    /* U+611F "感" */
    0x0, 0x0, 0x0, 0x0, 0x0, 0x0, 0x0, 0x0,
    0x0, 0x0, 0x0, 0xb6, 0x6a, 0x10, 0x1, 0xff,
    0xff, 0xff, 0xff, 0xff, 0xf1, 0x1, 0xe3, 0x44,
    0x44, 0x89, 0x3, 0x20, 0x1, 0xe5, 0x88, 0x88,
    0x6c, 0xd, 0x30, 0x3, 0xe4, 0xcc, 0xcb, 0xe,
    0xaa, 0x0, 0x5, 0xd5, 0xa2, 0x2f, 0x8, 0xe1,
    0xa2, 0xa, 0x95, 0xeb, 0xbf, 0x1e, 0xf2, 0xd2,
    0xc, 0x31, 0x55, 0x54, 0xba, 0x6f, 0xd0, 0x0,
    0x41, 0xb0, 0x89, 0x20, 0x2a, 0x10, 0x2, 0xf3,
    0xf1, 0x1b, 0x50, 0x4e, 0x70, 0xc, 0x90, 0xf3,
    0x11, 0x16, 0xd3, 0xf3, 0x7, 0x0, 0xaf, 0xff,
    0xfd, 0x50, 0x20,

    /* U+6162 "慢" */
    0x0, 0x4b, 0xc, 0xdd, 0xdd, 0xdd, 0xb0, 0x0,
    0x4c, 0xc, 0xcb, 0xbb, 0xbc, 0xb0, 0x8, 0x6f,
    0x8c, 0x74, 0x44, 0x48, 0xb0, 0xd, 0x6b, 0x96,
    0x88, 0x88, 0x88, 0x50, 0xf, 0x5b, 0x5d, 0xdd,
    0xdd, 0xdd, 0xd4, 0x1e, 0x4b, 0x69, 0xe, 0x31,
    0xe0, 0xb5, 0x3, 0x4b, 0x6d, 0xaf, 0xbb, 0xfa,
    0xe5, 0x0, 0x4b, 0x14, 0x44, 0x44, 0x44, 0x41,
    0x0, 0x4b, 0x4f, 0xff, 0xff, 0xff, 0xf0, 0x0,
    0x4b, 0x3, 0xd7, 0x10, 0x7e, 0x40, 0x0, 0x4b,
    0x1, 0x5e, 0xff, 0xe4, 0x10, 0x0, 0x4b, 0x5e,
    0xc8, 0x45, 0xad, 0xf9, 0x0, 0x0, 0x0, 0x0,
    0x0, 0x0, 0x0,

    /* U+6210 "成" */
    0x0, 0x0, 0x0, 0x0, 0x0, 0x0, 0x0, 0x0,
    0x0, 0x0, 0x3, 0xe0, 0xc2, 0x0, 0x0, 0x0,
    0x0, 0x2, 0xf0, 0x55, 0x0, 0x1, 0xff, 0xff,
    0xff, 0xff, 0xff, 0x90, 0x1, 0xe0, 0x0, 0x0,
    0xf1, 0x0, 0x0, 0x1, 0xe0, 0x0, 0x0, 0xe3,
    0xb, 0x10, 0x1, 0xff, 0xff, 0x70, 0xc4, 0x3e,
    0x0, 0x1, 0xe0, 0xb, 0x70, 0x98, 0x9a, 0x0,
    0x3, 0xd0, 0xb, 0x60, 0x6d, 0xe4, 0x0, 0x5,
    0xb0, 0xc, 0x50, 0x1f, 0xc0, 0x0, 0xa, 0x71,
    0x3e, 0x30, 0x5f, 0x90, 0x30, 0x1f, 0x33, 0xea,
    0x19, 0xf8, 0xf5, 0xe3, 0x18, 0x0, 0x0, 0x1c,
    0x40, 0x5e, 0xa0,

    /* U+6216 "或" */
    0x0, 0x0, 0x0, 0x0, 0x0, 0x0, 0x0, 0x0,
    0x0, 0x0, 0x2, 0xe0, 0x5b, 0x0, 0x1, 0x11,
    0x11, 0x13, 0xf1, 0x1b, 0x30, 0x2f, 0xff, 0xff,
    0xff, 0xff, 0xff, 0xf2, 0x0, 0x11, 0x11, 0x0,
    0xf1, 0x0, 0x0, 0x3, 0xff, 0xff, 0x70, 0xe3,
    0xa, 0x10, 0x3, 0xd0, 0xa, 0x70, 0xb6, 0x3e,
    0x0, 0x3, 0xd0, 0xa, 0x70, 0x79, 0xa8, 0x0,
    0x3, 0xff, 0xff, 0x70, 0x2e, 0xf1, 0x0, 0x0,
    0x0, 0x0, 0x10, 0xf, 0x90, 0x0, 0x0, 0x25,
    0x8c, 0xf3, 0xce, 0xc0, 0x69, 0xf, 0xeb, 0x84,
    0x4d, 0xc0, 0xb9, 0xa6, 0x1, 0x0, 0x0, 0x68,
    0x0, 0xb, 0xd1,

    /* U+6234 "戴" */
    0x0, 0x0, 0x0, 0x0, 0x0, 0x2, 0x0, 0x6,
    0xcc, 0xee, 0xcc, 0x8b, 0x4b, 0x60, 0x4, 0x44,
    0xab, 0x44, 0x4c, 0x75, 0x71, 0xb, 0xbb, 0xbb,
    0xbb, 0xbe, 0xdb, 0xb5, 0x4, 0xbb, 0xbb, 0xbb,
    0x59, 0x60, 0x30, 0x5, 0xb5, 0x9b, 0x5a, 0x78,
    0x63, 0xd0, 0x5, 0xd9, 0xbd, 0x9c, 0x77, 0x86,
    0x90, 0x5, 0xed, 0xee, 0xde, 0x75, 0x9a, 0x60,
    0x2, 0x4f, 0x54, 0xf5, 0x32, 0xde, 0x0, 0x4,
    0x9f, 0xa9, 0xfa, 0x70, 0xe9, 0x0, 0xc, 0xdf,
    0xdd, 0xfd, 0xd4, 0xe6, 0x57, 0x0, 0x2b, 0x21,
    0xb3, 0xb, 0x9d, 0xa6, 0x6, 0xc3, 0x0, 0x3b,
    0x5a, 0x7, 0xe1, 0x0, 0x0, 0x0, 0x0, 0x0,
    0x0, 0x0,

    /* U+624B "手" */
    0x0, 0x0, 0x0, 0x0, 0x0, 0x1, 0x0, 0x0,
    0x11, 0x23, 0x46, 0x9b, 0xef, 0x50, 0x4, 0xff,
    0xfd, 0xdf, 0x85, 0x20, 0x0, 0x0, 0x10, 0x0,
    0x2e, 0x0, 0x0, 0x0, 0x0, 0x22, 0x22, 0x4e,
    0x22, 0x22, 0x10, 0x2, 0xff, 0xff, 0xff, 0xff,
    0xff, 0x80, 0x0, 0x0, 0x0, 0x2e, 0x0, 0x0,
    0x0, 0x2, 0x22, 0x22, 0x4e, 0x22, 0x22, 0x21,
    0x1f, 0xff, 0xff, 0xff, 0xff, 0xff, 0xf7, 0x0,
    0x0, 0x0, 0x2e, 0x0, 0x0, 0x0, 0x0, 0x0,
    0x0, 0x2e, 0x0, 0x0, 0x0, 0x0, 0x0, 0x22,
    0x5e, 0x0, 0x0, 0x0, 0x0, 0x0, 0x6e, 0xf9,
    0x0, 0x0, 0x0,

    /* U+624D "才" */
    0x0, 0x0, 0x0, 0x0, 0xe2, 0x0, 0x0, 0x0,
    0x0, 0x0, 0xe2, 0x0, 0xdf, 0xff, 0xff, 0xff,
    0xff, 0xfe, 0x11, 0x11, 0x11, 0x19, 0xf3, 0x11,
    0x0, 0x0, 0x0, 0x6e, 0xf2, 0x0, 0x0, 0x0,
    0x6, 0xe3, 0xe2, 0x0, 0x0, 0x0, 0x7e, 0x30,
    0xe2, 0x0, 0x0, 0x1b, 0xd2, 0x0, 0xe2, 0x0,
    0x6, 0xea, 0x0, 0x0, 0xe2, 0x0, 0x6d, 0x40,
    0x0, 0x0, 0xe2, 0x0, 0x0, 0x0, 0x0, 0x0,
    0xf2, 0x0, 0x0, 0x0, 0x7, 0xff, 0xd0, 0x0,
    0x0, 0x0, 0x0, 0x0, 0x0, 0x0,

    /* U+6263 "扣" */
    0x0, 0xd, 0x40, 0x1, 0x11, 0x11, 0x0, 0x0,
    0xd4, 0x0, 0xfd, 0xdd, 0xdd, 0x1f, 0xff, 0xff,
    0x2f, 0x20, 0x3, 0xd0, 0x0, 0xd4, 0x0, 0xf2,
    0x0, 0x3d, 0x0, 0xd, 0x40, 0xf, 0x20, 0x3,
    0xd0, 0x0, 0xd7, 0xa1, 0xf2, 0x0, 0x3d, 0x4,
    0x9f, 0xe7, 0xf, 0x20, 0x3, 0xd3, 0xfa, 0xe4,
    0x0, 0xf2, 0x0, 0x3d, 0x0, 0xd, 0x40, 0xf,
    0x20, 0x3, 0xd0, 0x0, 0xd4, 0x0, 0xf3, 0x11,
    0x4d, 0x0, 0x1e, 0x40, 0xf, 0xff, 0xff, 0xd0,
    0x8f, 0xd1, 0x0, 0xe1, 0x0, 0x3b,

    /* U+626B "扫" */
    0x0, 0xf, 0x0, 0x0, 0x0, 0x0, 0x0, 0x1,
    0xf1, 0xa, 0xcc, 0xcc, 0xcc, 0x1f, 0xff, 0xfb,
    0x12, 0x22, 0x24, 0xf0, 0x0, 0xf0, 0x0, 0x0,
    0x0, 0x2f, 0x0, 0xf, 0x0, 0x0, 0x0, 0x2,
    0xf0, 0x0, 0xf8, 0xba, 0xff, 0xff, 0xff, 0x6,
    0xcf, 0xb3, 0x1, 0x11, 0x13, 0xf1, 0xe9, 0xf0,
    0x0, 0x0, 0x0, 0x2f, 0x0, 0xf, 0x0, 0x0,
    0x0, 0x2, 0xf0, 0x0, 0xf0, 0x1, 0x11, 0x11,
    0x3f, 0x1, 0x2f, 0x1, 0xff, 0xff, 0xff, 0xf0,
    0xcf, 0xc0, 0x0, 0x0, 0x0, 0x1c,

    /* U+626C "扬" */
    0x0, 0x98, 0x5, 0xff, 0xff, 0xff, 0x0, 0x9,
    0x80, 0x1, 0x11, 0x4f, 0x70, 0x2f, 0xff, 0xf0,
    0x0, 0x5f, 0x60, 0x0, 0x9, 0x80, 0x0, 0x9e,
    0x40, 0x0, 0x0, 0x98, 0x5, 0xed, 0x43, 0x33,
    0x30, 0x9, 0x82, 0x6c, 0xde, 0xcf, 0xdd, 0x2,
    0xcf, 0xb0, 0xb, 0x65, 0xc4, 0xd2, 0xfe, 0x90,
    0x4, 0xe0, 0xa7, 0x5c, 0x0, 0x98, 0x3, 0xe4,
    0x3f, 0x15, 0xc0, 0x9, 0x82, 0xe5, 0x1e, 0x60,
    0x7a, 0x3, 0xa7, 0x1, 0x2d, 0xa1, 0x1a, 0x80,
    0xdf, 0x40, 0x7, 0x90, 0x5e, 0xd2,

    /* U+628A "把" */
    0x0, 0x98, 0x4, 0xff, 0xff, 0xff, 0xd0, 0x0,
    0x98, 0x4, 0xe0, 0x2e, 0x4, 0xd0, 0x2f, 0xff,
    0xf4, 0xe0, 0x2e, 0x3, 0xd0, 0x0, 0x98, 0x4,
    0xe0, 0x2e, 0x3, 0xd0, 0x0, 0x98, 0x4, 0xe0,
    0x2e, 0x3, 0xd0, 0x0, 0x9a, 0x74, 0xfd, 0xef,
    0xde, 0xd0, 0x17, 0xee, 0x74, 0xe3, 0x33, 0x33,
    0x20, 0x1d, 0xd8, 0x4, 0xe0, 0x0, 0x0, 0x0,
    0x0, 0x98, 0x4, 0xe0, 0x0, 0x0, 0x54, 0x0,
    0x98, 0x4, 0xe0, 0x0, 0x0, 0xa8, 0x2, 0xa7,
    0x4, 0xf5, 0x32, 0x24, 0xe4, 0xd, 0xf4, 0x0,
    0xbe, 0xff, 0xfe, 0xa0,

    /* U+62C9 "拉" */
    0x0, 0x0, 0x0, 0x0, 0x0, 0x0, 0x0, 0x0,
    0x5c, 0x0, 0x0, 0xa5, 0x0, 0x0, 0x0, 0x5c,
    0x0, 0x0, 0x7b, 0x0, 0x0, 0x2f, 0xff, 0xf8,
    0xff, 0xff, 0xff, 0xe0, 0x0, 0x5c, 0x0, 0x11,
    0x11, 0x14, 0x10, 0x0, 0x5c, 0x0, 0x88, 0x0,
    0xf, 0x30, 0x0, 0x5d, 0x73, 0x7b, 0x0, 0x3f,
    0x0, 0x4, 0xbf, 0xa1, 0x3f, 0x0, 0x6c, 0x0,
    0x3f, 0xcc, 0x0, 0xf, 0x10, 0xa9, 0x0, 0x1,
    0x5c, 0x0, 0xe, 0x30, 0xe5, 0x0, 0x0, 0x5c,
    0x0, 0xc, 0x52, 0xf1, 0x0, 0x1, 0x6c, 0x1,
    0x23, 0x27, 0xd2, 0x20, 0xd, 0xf8, 0xb, 0xee,
    0xee, 0xee, 0xe4,

    /* U+62CD "拍" */
    0x0, 0x0, 0x0, 0x0, 0x0, 0x0, 0x0, 0x0,
    0xf0, 0x0, 0x3, 0xe0, 0x0, 0x0, 0x1f, 0x10,
    0x37, 0xbd, 0x77, 0x61, 0xff, 0xff, 0xb8, 0xc8,
    0x88, 0x9e, 0x0, 0xf, 0x0, 0x88, 0x0, 0x2,
    0xe0, 0x0, 0xf0, 0x8, 0x80, 0x0, 0x2e, 0x0,
    0xf, 0x26, 0x89, 0x11, 0x13, 0xe0, 0x16, 0xfe,
    0x88, 0xff, 0xff, 0xfe, 0x1f, 0xcf, 0x10, 0x88,
    0x0, 0x2, 0xe0, 0x10, 0xf0, 0x8, 0x80, 0x0,
    0x2e, 0x0, 0xf, 0x0, 0x89, 0x11, 0x13, 0xe0,
    0x2, 0xf0, 0x8, 0xff, 0xff, 0xfe, 0xc, 0xfc,
    0x0, 0x88, 0x0, 0x2, 0xd0,

    /* U+62D6 "拖" */
    0x0, 0x0, 0x0, 0x0, 0x0, 0x0, 0x0, 0x0,
    0x6b, 0x0, 0x1e, 0x20, 0x0, 0x0, 0x0, 0x6b,
    0x0, 0x8e, 0x88, 0x88, 0x81, 0x1e, 0xff, 0xb5,
    0xd6, 0x66, 0x66, 0x61, 0x0, 0x6b, 0x1d, 0x81,
    0xe, 0x0, 0x0, 0x0, 0x6b, 0x0, 0xc4, 0xf,
    0x5a, 0xb0, 0x0, 0x6e, 0xe0, 0xca, 0xbf, 0xca,
    0xc0, 0xb, 0xfd, 0x3b, 0xfa, 0x6f, 0x5, 0xb0,
    0x7, 0x8b, 0x1, 0xc4, 0xf, 0x6, 0xb0, 0x0,
    0x6b, 0x0, 0xc4, 0xf, 0x7d, 0x80, 0x0, 0x6b,
    0x0, 0xc4, 0xf, 0x4a, 0x71, 0x2, 0x7b, 0x0,
    0xc6, 0x1, 0x12, 0xd4, 0xd, 0xf6, 0x0, 0x5d,
    0xee, 0xed, 0xa0,

    /* U+62DF "拟" */
    0x0, 0x0, 0x0, 0x0, 0x0, 0x0, 0x0, 0x0,
    0x6b, 0x0, 0x7, 0x80, 0xf, 0x0, 0x0, 0x6b,
    0x3, 0xb1, 0xf1, 0xf, 0x0, 0x1f, 0xff, 0xd4,
    0xc0, 0xa7, 0x1f, 0x0, 0x0, 0x6b, 0x4, 0xc0,
    0x4d, 0x2e, 0x0, 0x0, 0x6b, 0x4, 0xc0, 0x4,
    0x3d, 0x0, 0x0, 0x6d, 0xb5, 0xc0, 0x0, 0x5c,
    0x0, 0x9, 0xee, 0x54, 0xc0, 0x0, 0x89, 0x0,
    0x9, 0x9b, 0x4, 0xc0, 0x0, 0xc6, 0x0, 0x0,
    0x6b, 0x4, 0xc9, 0x94, 0xfb, 0x0, 0x0, 0x6b,
    0x3, 0xf8, 0x1d, 0x7c, 0x70, 0x3, 0x7b, 0x0,
    0x21, 0xdb, 0x2, 0xf1, 0xc, 0xf6, 0x0, 0x2,
    0x90, 0x0, 0x71,

    /* U+62E9 "择" */
    0x0, 0x98, 0xc, 0xff, 0xff, 0xfe, 0x0, 0x9,
    0x80, 0xc, 0x50, 0xc, 0x70, 0x2f, 0xff, 0xf0,
    0x3e, 0x4a, 0xc0, 0x0, 0x9, 0x80, 0x0, 0x9f,
    0xe2, 0x0, 0x0, 0x98, 0x1a, 0xed, 0x5a, 0xfc,
    0x70, 0x9, 0x84, 0x74, 0xd, 0x21, 0x65, 0x1,
    0xbf, 0xc1, 0x22, 0xe5, 0x22, 0x2, 0xff, 0xa0,
    0x5d, 0xdf, 0xdd, 0xd1, 0x2, 0x98, 0x0, 0x0,
    0xe3, 0x0, 0x0, 0x9, 0x82, 0xff, 0xff, 0xff,
    0xfc, 0x2, 0xa7, 0x0, 0x0, 0xe3, 0x0, 0x0,
    0xdf, 0x40, 0x0, 0xe, 0x30, 0x0,

    /* U+6301 "持" */
    0x0, 0x0, 0x0, 0x0, 0x0, 0x0, 0x0, 0x0,
    0xf, 0x0, 0x0, 0xe, 0x30, 0x0, 0x3, 0x4f,
    0x42, 0x4f, 0xff, 0xff, 0xb0, 0x1e, 0xef, 0xea,
    0x0, 0xe, 0x40, 0x0, 0x0, 0xf, 0x0, 0x11,
    0x1e, 0x41, 0x10, 0x0, 0xf, 0x0, 0xdf, 0xff,
    0xff, 0xf3, 0x0, 0xf, 0x7a, 0x0, 0x0, 0x1e,
    0x0, 0x1, 0x8f, 0xe6, 0x34, 0x44, 0x5f, 0x41,
    0x1f, 0xdf, 0x10, 0x9c, 0xcc, 0xcf, 0xc3, 0x1,
    0xf, 0x0, 0x9, 0x0, 0x2f, 0x0, 0x0, 0xf,
    0x0, 0x9, 0x90, 0x2f, 0x0, 0x3, 0x3f, 0x0,
    0x0, 0x13, 0x4f, 0x0, 0xc, 0xfc, 0x0, 0x0,
    0xd, 0xfa, 0x0,

    /* U+6302 "挂" */
    0x0, 0x98, 0x0, 0x0, 0x3e, 0x0, 0x0, 0x0,
    0x98, 0x0, 0x66, 0x8f, 0x66, 0x40, 0x2f, 0xff,
    0xf0, 0x99, 0xaf, 0x99, 0x50, 0x0, 0x98, 0x0,
    0x0, 0x3e, 0x0, 0x0, 0x0, 0x98, 0x8, 0xcc,
    0xdf, 0xcc, 0xc2, 0x0, 0x98, 0x42, 0x44, 0x44,
    0x44, 0x40, 0x3, 0xcf, 0xa0, 0x0, 0x1e, 0x0,
    0x0, 0x2f, 0xe8, 0x0, 0x11, 0x2f, 0x11, 0x10,
    0x0, 0x98, 0x0, 0xff, 0xff, 0xff, 0xb0, 0x0,
    0x98, 0x0, 0x0, 0x1f, 0x0, 0x0, 0x1, 0xa7,
    0x0, 0x0, 0x1f, 0x0, 0x0, 0xd, 0xf4, 0xe,
    0xff, 0xff, 0xff, 0xf8,

    /* U+6309 "按" */
    0x0, 0x0, 0x0, 0x0, 0x0, 0x0, 0x0, 0x0,
    0x5c, 0x0, 0x0, 0x69, 0x0, 0x0, 0x0, 0x5c,
    0x2, 0x66, 0x8f, 0x66, 0x60, 0x2f, 0xff, 0xfa,
    0xd8, 0x88, 0x88, 0xf1, 0x0, 0x5c, 0x4, 0x90,
    0xc5, 0x0, 0xc1, 0x0, 0x5c, 0x11, 0x1, 0xf1,
    0x0, 0x0, 0x0, 0x6f, 0xe9, 0xff, 0xff, 0xff,
    0xf2, 0x4d, 0xfd, 0x10, 0x1e, 0x40, 0x6c, 0x0,
    0x36, 0x5c, 0x0, 0x6e, 0x0, 0xa7, 0x0, 0x0,
    0x5c, 0x0, 0x2b, 0xd7, 0xe1, 0x0, 0x0, 0x5c,
    0x0, 0x0, 0x9f, 0xd2, 0x0, 0x3, 0x6c, 0x1,
    0x6c, 0xf6, 0x8f, 0x70, 0xc, 0xf8, 0x9, 0xd7,
    0x10, 0x3, 0xc1, 0x0, 0x0, 0x0, 0x0, 0x0,
    0x0, 0x0,

    /* U+632F "振" */
    0x0, 0xc4, 0xa, 0xff, 0xff, 0xff, 0xd0, 0x0,
    0xc4, 0xa, 0x50, 0x0, 0x0, 0x0, 0x1f, 0xff,
    0x9a, 0x53, 0x44, 0x44, 0x10, 0x3, 0xd6, 0x2a,
    0x5a, 0xbb, 0xbb, 0x50, 0x0, 0xc4, 0xa, 0x50,
    0x0, 0x0, 0x0, 0x0, 0xc8, 0x4b, 0xff, 0xff,
    0xff, 0xf1, 0x6, 0xed, 0x3b, 0x4c, 0x49, 0x50,
    0x50, 0x1d, 0xe4, 0xd, 0x3c, 0x45, 0xa9, 0xc0,
    0x0, 0xc4, 0xf, 0x1c, 0x40, 0xea, 0x0, 0x0,
    0xc4, 0x3e, 0xc, 0x40, 0x6b, 0x0, 0x0, 0xc4,
    0x8a, 0xc, 0x7a, 0x3b, 0xb1, 0xd, 0xe1, 0x84,
    0xa, 0xb4, 0x0, 0x94, 0x0, 0x0, 0x0, 0x0,
    0x0, 0x0, 0x0,

    /* U+636E "据" */
    0x0, 0x6b, 0x5, 0xff, 0xff, 0xff, 0xe0, 0x0,
    0x6b, 0x5, 0xb0, 0x0, 0x1, 0xe0, 0x1f, 0xff,
    0xd5, 0xc3, 0x33, 0x34, 0xe0, 0x3, 0x8c, 0x35,
    0xec, 0xcf, 0xdc, 0xb0, 0x0, 0x6b, 0x5, 0xb0,
    0xd, 0x30, 0x0, 0x0, 0x6d, 0xb6, 0xff, 0xff,
    0xff, 0xf2, 0x6, 0xdf, 0x76, 0xa0, 0xd, 0x40,
    0x0, 0xe, 0xcb, 0x7, 0x81, 0x2d, 0x52, 0x10,
    0x0, 0x6b, 0xa, 0x6e, 0xdd, 0xde, 0xe0, 0x0,
    0x6b, 0xd, 0x4e, 0x10, 0x2, 0xe0, 0x3, 0x7b,
    0x2f, 0xe, 0xcc, 0xcc, 0xe0, 0xc, 0xf6, 0x28,
    0xe, 0x43, 0x35, 0xe0,

    /* U+638C "掌" */
    0x0, 0x9, 0x40, 0x98, 0x4, 0x90, 0x0, 0x5,
    0x5a, 0xd5, 0xba, 0x5d, 0xa5, 0x50, 0xf, 0x77,
    0x77, 0x77, 0x77, 0x78, 0xf0, 0xc, 0x5f, 0xdd,
    0xdd, 0xdd, 0xf4, 0xa0, 0x0, 0x4e, 0x88, 0x88,
    0x88, 0xf3, 0x0, 0x0, 0x15, 0x55, 0x55, 0x56,
    0x62, 0x0, 0x0, 0xad, 0xee, 0xef, 0xed, 0xc8,
    0x0, 0x1, 0x56, 0x55, 0xba, 0x44, 0x44, 0x10,
    0x1, 0x77, 0x77, 0xcc, 0x77, 0x77, 0x10, 0x2e,
    0xee, 0xee, 0xff, 0xee, 0xee, 0xe1, 0x0, 0x0,
    0x10, 0x88, 0x0, 0x0, 0x0, 0x0, 0x0, 0x6e,
    0xe5, 0x0, 0x0, 0x0,

    /* U+6392 "排" */
    0x0, 0xb4, 0x0, 0xe, 0x12, 0xe0, 0x0, 0x0,
    0xc4, 0x2, 0x2e, 0x12, 0xe2, 0x20, 0x1f, 0xff,
    0x9d, 0xdf, 0x12, 0xfd, 0xd1, 0x0, 0xc4, 0x0,
    0xe, 0x12, 0xe0, 0x0, 0x0, 0xc4, 0x0, 0xe,
    0x12, 0xe0, 0x0, 0x0, 0xcb, 0x6d, 0xff, 0x12,
    0xff, 0xd0, 0x8, 0xfb, 0x10, 0xe, 0x12, 0xe0,
    0x0, 0x2e, 0xe4, 0x0, 0xe, 0x12, 0xe0, 0x0,
    0x0, 0xc4, 0x3, 0x3e, 0x12, 0xe3, 0x31, 0x0,
    0xc4, 0x2c, 0xcf, 0x12, 0xfc, 0xc5, 0x0, 0xc4,
    0x0, 0xe, 0x12, 0xe0, 0x0, 0xc, 0xe1, 0x0,
    0xe, 0x12, 0xe0, 0x0,

    /* U+63CF "描" */
    0x0, 0x6b, 0x0, 0x1f, 0x0, 0x2d, 0x0, 0x0,
    0x6b, 0x6, 0x8f, 0x88, 0x9e, 0x84, 0x1f, 0xff,
    0xd5, 0x7f, 0x66, 0x8e, 0x63, 0x0, 0x6b, 0x0,
    0x1f, 0x0, 0x2d, 0x0, 0x0, 0x6b, 0x0, 0x27,
    0x22, 0x37, 0x20, 0x0, 0x6c, 0x73, 0xfd, 0xdf,
    0xdd, 0xf1, 0x3, 0xbf, 0xa4, 0xd0, 0x1f, 0x0,
    0xf1, 0xe, 0xdb, 0x3, 0xd2, 0x3f, 0x22, 0xf1,
    0x0, 0x6b, 0x3, 0xfc, 0xcf, 0xcc, 0xf1, 0x0,
    0x6b, 0x3, 0xd0, 0x1f, 0x0, 0xf1, 0x2, 0x7b,
    0x3, 0xe4, 0x5f, 0x44, 0xf1, 0xd, 0xf6, 0x3,
    0xfb, 0xbb, 0xbb, 0xf1,

    /* U+6446 "摆" */
    0x0, 0xc4, 0xc, 0xef, 0xef, 0xef, 0x30, 0x2c,
    0x51, 0xc2, 0xe1, 0xe1, 0xc3, 0x1e, 0xfe, 0x8c,
    0x2e, 0x1e, 0x1c, 0x30, 0xc, 0x40, 0xce, 0xfe,
    0xfe, 0xf3, 0x0, 0xc4, 0x0, 0x0, 0xe3, 0x0,
    0x0, 0xc, 0xb6, 0x6c, 0xcf, 0xcc, 0xc3, 0x19,
    0xfa, 0x1, 0x33, 0xf5, 0x33, 0x0, 0xad, 0x44,
    0xdd, 0xdf, 0xdd, 0xdc, 0x0, 0xc4, 0x13, 0x6e,
    0x33, 0x53, 0x30, 0xc, 0x40, 0xb, 0x70, 0x1e,
    0x40, 0x0, 0xc4, 0x7, 0xc2, 0x47, 0xcf, 0x10,
    0xce, 0x10, 0xdf, 0xdc, 0x96, 0xba, 0x0, 0x0,
    0x0, 0x0, 0x0, 0x0, 0x0,

    /* U+6539 "改" */
    0x0, 0x0, 0x0, 0x1, 0x10, 0x0, 0x0, 0x39,
    0x99, 0x92, 0x9, 0x90, 0x0, 0x0, 0x27, 0x77,
    0xe4, 0xc, 0x60, 0x0, 0x0, 0x0, 0x0, 0xd4,
    0xf, 0xff, 0xff, 0xe0, 0x0, 0x0, 0xd4, 0x5d,
    0x0, 0x3f, 0x0, 0x1, 0x11, 0xd4, 0xab, 0x0,
    0x5c, 0x0, 0xe, 0xff, 0xf5, 0xff, 0x20, 0x99,
    0x0, 0xe, 0x30, 0x2, 0x89, 0x90, 0xd5, 0x0,
    0xe, 0x30, 0x0, 0x2, 0xf6, 0xf0, 0x0, 0xe,
    0x30, 0x0, 0x0, 0x7f, 0x80, 0x0, 0xe, 0x30,
    0x10, 0x0, 0x9f, 0xa0, 0x0, 0xe, 0x7b, 0xf2,
    0x9, 0xe4, 0xdb, 0x10, 0xd, 0xd7, 0x10, 0xdd,
    0x20, 0x1d, 0xc0, 0x0, 0x0, 0x0, 0x30, 0x0,
    0x0, 0x20,

    /* U+653E "放" */
    0x0, 0x2, 0x0, 0x0, 0x11, 0x0, 0x0, 0x0,
    0xe, 0x30, 0x0, 0x7b, 0x0, 0x0, 0x3, 0x3b,
    0x93, 0x30, 0xa7, 0x0, 0x0, 0x3d, 0xef, 0xdd,
    0xd0, 0xef, 0xff, 0xf0, 0x0, 0x89, 0x0, 0x2,
    0xe0, 0xb, 0x50, 0x0, 0x99, 0x33, 0x18, 0xc0,
    0xe, 0x30, 0x0, 0xae, 0xdf, 0x7e, 0xf2, 0x1f,
    0x0, 0x0, 0xd5, 0x9, 0x79, 0xa8, 0x6d, 0x0,
    0x0, 0xf1, 0xa, 0x60, 0x2f, 0xd7, 0x0, 0x4,
    0xe0, 0xb, 0x60, 0xa, 0xf1, 0x0, 0x9, 0xa0,
    0xc, 0x40, 0x4f, 0xe9, 0x0, 0xf, 0x32, 0x3f,
    0x26, 0xf7, 0x1e, 0xb1, 0x2b, 0x9, 0xf9, 0xc,
    0x50, 0x2, 0xb1, 0x0, 0x0, 0x0, 0x0, 0x0,
    0x0, 0x0,

    /* U+6559 "教" */
    0x0, 0x9, 0x60, 0x1, 0x3a, 0x0, 0x0, 0x7,
    0xef, 0xfe, 0x9a, 0x7a, 0x0, 0x0, 0x0, 0x9,
    0x65, 0xe1, 0xbe, 0xdd, 0xd0, 0x1e, 0xee, 0xff,
    0xe8, 0xf2, 0x1b, 0x70, 0x0, 0x4, 0xe4, 0x7,
    0xe0, 0xd, 0x40, 0x0, 0x9f, 0xef, 0xad, 0xf4,
    0x1f, 0x10, 0x9, 0xd2, 0x7e, 0x36, 0x7b, 0x5d,
    0x0, 0x9, 0x2, 0xf2, 0x11, 0xe, 0xd8, 0x0,
    0x3, 0x59, 0xfd, 0xe5, 0x8, 0xf1, 0x0, 0xd,
    0xb9, 0xf2, 0x0, 0x2f, 0xea, 0x0, 0x0, 0x13,
    0xf0, 0x4, 0xe9, 0x1e, 0xa0, 0x0, 0xaf, 0xa0,
    0xc, 0x80, 0x2, 0xd2, 0x0, 0x0, 0x0, 0x0,
    0x0, 0x0, 0x0,

    /* U+6563 "散" */
    0x0, 0xa6, 0xf, 0x10, 0x3b, 0x0, 0x0, 0xa,
    0xfe, 0xdf, 0xd3, 0x7a, 0x0, 0x0, 0x0, 0xa6,
    0xf, 0x10, 0xbf, 0xff, 0xf0, 0x9, 0xdb, 0x9f,
    0x95, 0xf1, 0xb, 0x60, 0x5, 0x55, 0x55, 0x59,
    0xf0, 0xd, 0x40, 0x6, 0xff, 0xff, 0xbd, 0xf5,
    0xf, 0x10, 0x6, 0xa0, 0x5, 0xc4, 0x5c, 0x5d,
    0x0, 0x6, 0xff, 0xff, 0xc0, 0xe, 0xd8, 0x0,
    0x6, 0xa0, 0x5, 0xc0, 0x8, 0xf2, 0x0, 0x6,
    0xff, 0xff, 0xc0, 0x1e, 0xf9, 0x0, 0x6, 0xa0,
    0x15, 0xc3, 0xea, 0x2e, 0xa0, 0x6, 0xa0, 0xdf,
    0x7b, 0x80, 0x2, 0xc1, 0x0, 0x0, 0x0, 0x0,
    0x0, 0x0, 0x0,

    /* U+656C "敬" */
    0x0, 0x98, 0xb, 0x50, 0xa, 0x30, 0x0, 0x2e,
    0xff, 0xef, 0xfd, 0xf, 0x10, 0x0, 0x2, 0x98,
    0x2c, 0x72, 0x4f, 0xbb, 0xb3, 0x0, 0x93, 0x4,
    0x20, 0x9a, 0x5b, 0xa1, 0x2, 0xff, 0xff, 0xf7,
    0xf9, 0xb, 0x60, 0xd, 0x60, 0x0, 0xca, 0xcd,
    0xd, 0x40, 0x2d, 0xff, 0xf3, 0xd5, 0xd, 0x5f,
    0x10, 0x3, 0xd0, 0xe3, 0xd5, 0x7, 0xec, 0x0,
    0x3, 0xd1, 0xe3, 0xe4, 0x1, 0xf7, 0x0, 0x3,
    0xfd, 0xd2, 0xf3, 0x6, 0xfb, 0x0, 0x1, 0x90,
    0x13, 0xf1, 0x5f, 0x6d, 0x90, 0x0, 0x0, 0xef,
    0x90, 0xd5, 0x2, 0xd1, 0x0, 0x0, 0x0, 0x0,
    0x0, 0x0, 0x0,

    /* U+6570 "数" */
    0x0, 0x0, 0x0, 0x0, 0x0, 0x0, 0x0, 0x3,
    0x62, 0xd1, 0xa0, 0x6a, 0x0, 0x0, 0x1, 0xa2,
    0xd3, 0x60, 0x98, 0x0, 0x0, 0xe, 0xef, 0xfe,
    0xe6, 0xdf, 0xff, 0xf0, 0x0, 0x2e, 0xd3, 0x2,
    0xe0, 0xb, 0x50, 0x3, 0xe7, 0xd6, 0x98, 0xc0,
    0xe, 0x30, 0xc, 0x61, 0x90, 0x4e, 0xf1, 0x1f,
    0x10, 0x2, 0x2c, 0x62, 0x2a, 0xb8, 0x5d, 0x0,
    0xc, 0xee, 0xce, 0x90, 0x3e, 0xb8, 0x0, 0x1,
    0xe3, 0xe, 0x30, 0xb, 0xf2, 0x0, 0x4, 0xfa,
    0xb9, 0x0, 0x1d, 0xf5, 0x0, 0x0, 0x3f, 0xf9,
    0x1, 0xcc, 0x6f, 0x50, 0xa, 0xe6, 0x2c, 0x8e,
    0xc1, 0x7, 0xf2, 0x5, 0x0, 0x0, 0x4, 0x0,
    0x0, 0x30,

    /* U+6572 "敲" */
    0x0, 0x5, 0xa0, 0x0, 0x1, 0xf0, 0x0, 0x1d,
    0xde, 0xfd, 0xda, 0x1, 0xf3, 0x30, 0x0, 0x55,
    0x55, 0x40, 0x1, 0xfd, 0xd2, 0x1, 0xf6, 0x69,
    0xb0, 0x1, 0xf0, 0x0, 0x1, 0xfc, 0xcd, 0xb0,
    0xdd, 0xfd, 0xd0, 0x3, 0x55, 0x55, 0x51, 0x5c,
    0x24, 0xe0, 0xc, 0xba, 0xaa, 0xd7, 0xe, 0x6,
    0xb0, 0xc, 0x59, 0x98, 0x87, 0xc, 0x4c, 0x60,
    0xc, 0x6c, 0x3d, 0x87, 0x6, 0xdf, 0x10, 0xc,
    0x6c, 0x2d, 0x87, 0x1, 0xf9, 0x0, 0xc, 0x5b,
    0xba, 0x87, 0x4c, 0xdf, 0x81, 0xc, 0x30, 0xa,
    0xf4, 0xb7, 0x3, 0xb1,

    /* U+6587 "文" */
    0x0, 0x0, 0x0, 0x10, 0x0, 0x0, 0x0, 0x0,
    0x0, 0x4, 0xe1, 0x0, 0x0, 0x0, 0x0, 0x0,
    0x0, 0xc9, 0x0, 0x0, 0x0, 0x2f, 0xff, 0xff,
    0xff, 0xff, 0xff, 0xf2, 0x0, 0xe, 0x40, 0x0,
    0x5, 0xd0, 0x0, 0x0, 0x9, 0xb0, 0x0, 0xb,
    0x80, 0x0, 0x0, 0x2, 0xf3, 0x0, 0x2f, 0x20,
    0x0, 0x0, 0x0, 0x8d, 0x0, 0xca, 0x0, 0x0,
    0x0, 0x0, 0xc, 0xca, 0xe1, 0x0, 0x0, 0x0,
    0x0, 0x3, 0xff, 0x50, 0x0, 0x0, 0x0, 0x0,
    0x7f, 0xbb, 0xf7, 0x0, 0x0, 0x1, 0x7e, 0xe5,
    0x0, 0x5e, 0xe7, 0x10, 0x2f, 0xd6, 0x0, 0x0,
    0x1, 0x7e, 0xe0, 0x2, 0x0, 0x0, 0x0, 0x0,
    0x0, 0x20,

    /* U+659C "斜" */
    0x0, 0x0, 0x0, 0x0, 0x0, 0x0, 0x0, 0x0,
    0x9, 0xc0, 0x0, 0x0, 0x1e, 0x0, 0x0, 0x8c,
    0x7d, 0x50, 0xd6, 0x1e, 0x0, 0x1c, 0xb0, 0x2,
    0xc1, 0x1d, 0x6e, 0x0, 0x6, 0x8c, 0xcc, 0x10,
    0x0, 0x1e, 0x0, 0x0, 0x17, 0xb2, 0x9, 0xa0,
    0x1e, 0x0, 0x0, 0x6, 0xa0, 0x0, 0xca, 0x1e,
    0x0, 0xc, 0xff, 0xff, 0xf0, 0x17, 0x1e, 0x1,
    0x0, 0x46, 0xa1, 0x20, 0x36, 0xaf, 0xf6, 0x5,
    0xb6, 0xa7, 0x97, 0xc9, 0x7e, 0x0, 0xd, 0x46,
    0xa2, 0xf0, 0x0, 0x1e, 0x0, 0x18, 0x17, 0xa0,
    0xa2, 0x0, 0x1e, 0x0, 0x0, 0x8f, 0x70, 0x0,
    0x0, 0x1e, 0x0,

    /* U+65AD "断" */
    0x0, 0x0, 0x0, 0x0, 0x0, 0x24, 0xe, 0x72,
    0xe1, 0xb4, 0xac, 0xfe, 0xa0, 0xe6, 0x8e, 0x3f,
    0x3e, 0x41, 0x0, 0xe, 0x2c, 0xe9, 0xa2, 0xe0,
    0x0, 0x0, 0xe3, 0x4e, 0x44, 0x3e, 0x0, 0x0,
    0xe, 0x9d, 0xfc, 0xc4, 0xfe, 0xee, 0xe3, 0xe1,
    0x6f, 0x50, 0x3d, 0x1, 0xe0, 0xe, 0x1c, 0xfe,
    0x44, 0xd0, 0x1e, 0x0, 0xe8, 0x9e, 0x5e, 0x6c,
    0x1, 0xe0, 0xe, 0xd1, 0xe1, 0x27, 0xa0, 0x1e,
    0x0, 0xe2, 0xe, 0x10, 0xb8, 0x1, 0xe0, 0xe,
    0xee, 0xfe, 0x6f, 0x20, 0x1e, 0x0, 0x11, 0x11,
    0x14, 0xb0, 0x1, 0xe0, 0x0, 0x0, 0x0, 0x0,
    0x0, 0x0, 0x0,

    /* U+65B0 "新" */
    0x0, 0x2, 0x0, 0x0, 0x0, 0x0, 0x0, 0x0,
    0xa, 0x70, 0x0, 0x35, 0x7a, 0xd0, 0xb, 0xff,
    0xff, 0xf4, 0xfa, 0x85, 0x10, 0x0, 0xc3, 0xb,
    0x51, 0xf0, 0x0, 0x0, 0x0, 0x78, 0x2d, 0x1,
    0xf0, 0x0, 0x0, 0x1f, 0xff, 0xff, 0xf6, 0xfe,
    0xee, 0xe4, 0x0, 0x7, 0xa0, 0x2, 0xf0, 0xf,
    0x0, 0xb, 0xee, 0xfe, 0xd2, 0xe0, 0xf, 0x0,
    0x0, 0x37, 0xa2, 0x3, 0xd0, 0xf, 0x0, 0x4,
    0xd7, 0xab, 0x65, 0xc0, 0xf, 0x0, 0x1e, 0x47,
    0xa2, 0xc9, 0x90, 0xf, 0x0, 0x5, 0x17, 0xa0,
    0x1e, 0x30, 0xf, 0x0, 0x0, 0xbf, 0x60, 0x2a,
    0x0, 0xf, 0x0,

    /* U+65B9 "方" */
    0x0, 0x0, 0x0, 0x30, 0x0, 0x0, 0x0, 0x0,
    0x0, 0x2, 0xf3, 0x0, 0x0, 0x0, 0x1, 0x11,
    0x11, 0xba, 0x11, 0x11, 0x10, 0x1f, 0xff, 0xff,
    0xff, 0xff, 0xff, 0xf1, 0x0, 0x0, 0x89, 0x0,
    0x0, 0x0, 0x0, 0x0, 0x0, 0x98, 0x0, 0x0,
    0x0, 0x0, 0x0, 0x0, 0xaf, 0xff, 0xff, 0xfa,
    0x0, 0x0, 0x0, 0xc6, 0x11, 0x11, 0x7b, 0x0,
    0x0, 0x0, 0xf2, 0x0, 0x0, 0x7a, 0x0, 0x0,
    0x6, 0xd0, 0x0, 0x0, 0x8a, 0x0, 0x0, 0x2f,
    0x60, 0x0, 0x0, 0x99, 0x0, 0x4, 0xe9, 0x0,
    0x0, 0x11, 0xd6, 0x0, 0xa, 0x70, 0x0, 0x4,
    0xff, 0xc1, 0x0, 0x0, 0x0, 0x0, 0x0, 0x0,
    0x0, 0x0,

    /* U+65CB "旋" */
    0x0, 0x0, 0x0, 0x0, 0x0, 0x0, 0x0, 0x0,
    0x79, 0x0, 0xb, 0x50, 0x0, 0x0, 0x1, 0x4e,
    0x11, 0x1f, 0xcc, 0xcc, 0xc2, 0xf, 0xff, 0xfd,
    0x9a, 0x33, 0x33, 0x30, 0x0, 0xf0, 0x0, 0xd3,
    0x22, 0x22, 0x20, 0x1, 0xf3, 0x31, 0xa, 0xef,
    0xee, 0xf0, 0x1, 0xfd, 0xea, 0x0, 0xd, 0x29,
    0xa0, 0x2, 0xe0, 0x69, 0xa, 0xd, 0x23, 0x10,
    0x4, 0xd0, 0x79, 0x1e, 0xd, 0xff, 0xb0, 0x6,
    0xa0, 0x88, 0x4c, 0xd, 0x20, 0x0, 0xa, 0x70,
    0xa6, 0x9f, 0x2d, 0x20, 0x0, 0x1f, 0x21, 0xd6,
    0xf7, 0xef, 0x52, 0x10, 0x39, 0x1f, 0xc4, 0x90,
    0x29, 0xdf, 0xf3, 0x0, 0x0, 0x0, 0x0, 0x0,
    0x0, 0x0,

    /* U+65E0 "无" */
    0x5, 0xff, 0xff, 0xff, 0xff, 0xff, 0x50, 0x0,
    0x0, 0x0, 0xd5, 0x0, 0x0, 0x0, 0x0, 0x0,
    0x0, 0xe3, 0x0, 0x0, 0x0, 0x0, 0x0, 0x0,
    0xf1, 0x0, 0x0, 0x0, 0xc, 0xcc, 0xcc, 0xfc,
    0xcc, 0xcc, 0xc0, 0x4, 0x44, 0x49, 0xcc, 0x94,
    0x44, 0x40, 0x0, 0x0, 0xc, 0x6a, 0x60, 0x0,
    0x0, 0x0, 0x0, 0x4f, 0x1a, 0x60, 0x0, 0x0,
    0x0, 0x1, 0xe7, 0xa, 0x60, 0x0, 0x0, 0x0,
    0x1c, 0xb0, 0xa, 0x60, 0x0, 0xb2, 0x2, 0xdc,
    0x0, 0xa, 0x80, 0x14, 0xf1, 0xe, 0x80, 0x0,
    0x6, 0xef, 0xfe, 0x80, 0x1, 0x0, 0x0, 0x0,
    0x0, 0x0, 0x0,

    /* U+65F6 "时" */
    0x1, 0x11, 0x0, 0x0, 0x4, 0xd0, 0xf, 0xee,
    0xfc, 0x0, 0x0, 0x4d, 0x0, 0xf1, 0x4, 0xc3,
    0x44, 0x47, 0xd4, 0x1f, 0x10, 0x4c, 0x9c, 0xcc,
    0xdf, 0xc5, 0xf3, 0x26, 0xc0, 0x10, 0x4, 0xd0,
    0xf, 0xdd, 0xec, 0xe, 0x40, 0x4d, 0x0, 0xf1,
    0x4, 0xc0, 0x7c, 0x4, 0xd0, 0xf, 0x10, 0x4c,
    0x0, 0xf3, 0x4d, 0x0, 0xf3, 0x26, 0xc0, 0x8,
    0x44, 0xd0, 0xf, 0xdd, 0xec, 0x0, 0x0, 0x4d,
    0x0, 0xf1, 0x2, 0x70, 0x0, 0x6, 0xc0, 0x0,
    0x0, 0x0, 0x0, 0x4e, 0xf8, 0x0,

    /* U+660E "明" */
    0x11, 0x11, 0x1, 0xff, 0xff, 0xfe, 0xef, 0xff,
    0xc1, 0xf0, 0x0, 0x2e, 0xe2, 0x5, 0xc1, 0xf0,
    0x0, 0x2e, 0xe2, 0x5, 0xc1, 0xf5, 0x55, 0x7e,
    0xe3, 0x15, 0xc1, 0xfa, 0xaa, 0xbe, 0xee, 0xde,
    0xc1, 0xf0, 0x0, 0x2e, 0xe2, 0x5, 0xc2, 0xf0,
    0x0, 0x2e, 0xe2, 0x5, 0xc3, 0xfd, 0xdd, 0xde,
    0xe5, 0x37, 0xc5, 0xc2, 0x22, 0x4e, 0xed, 0xdd,
    0xa9, 0x90, 0x0, 0x2e, 0xe2, 0x0, 0xd, 0x50,
    0x0, 0x3e, 0x0, 0x0, 0xd, 0x0, 0x3f, 0xf9,
    0x0, 0x0, 0x0, 0x0, 0x0, 0x0,

    /* U+663E "显" */
    0x0, 0xaf, 0xff, 0xff, 0xff, 0xfa, 0x0, 0x0,
    0xa7, 0x0, 0x0, 0x0, 0x7a, 0x0, 0x0, 0xad,
    0xbb, 0xbb, 0xbb, 0xda, 0x0, 0x0, 0xa9, 0x33,
    0x33, 0x33, 0x9a, 0x0, 0x0, 0xa7, 0x11, 0x11,
    0x11, 0x7a, 0x0, 0x0, 0x9f, 0xff, 0xff, 0xff,
    0xfa, 0x0, 0x0, 0x10, 0x6, 0x10, 0x70, 0x0,
    0x0, 0x0, 0xe3, 0xd, 0x32, 0xf0, 0x2e, 0x0,
    0x0, 0x7c, 0xd, 0x32, 0xf0, 0xc8, 0x0, 0x0,
    0xd, 0x2d, 0x32, 0xf3, 0xb0, 0x0, 0x2, 0x23,
    0x2e, 0x54, 0xf2, 0x22, 0x20, 0x3d, 0xdd, 0xdd,
    0xdd, 0xdd, 0xdd, 0xd3,

    /* U+6643 "晃" */
    0x0, 0xaf, 0xff, 0xff, 0xff, 0xfa, 0x0, 0x0,
    0xa8, 0x0, 0x0, 0x0, 0x7a, 0x0, 0x0, 0xaf,
    0xff, 0xff, 0xff, 0xfa, 0x0, 0x0, 0xa9, 0x22,
    0x22, 0x22, 0x9a, 0x0, 0x0, 0x8d, 0xdd, 0xff,
    0xdd, 0xd8, 0x0, 0x0, 0x3d, 0x10, 0x98, 0x1,
    0xd4, 0x0, 0x0, 0x8, 0x50, 0x98, 0x6, 0x80,
    0x0, 0x2f, 0xff, 0xff, 0xff, 0xff, 0xff, 0xf2,
    0x1, 0x11, 0x9a, 0x13, 0xf1, 0x11, 0x10, 0x0,
    0x1, 0xd5, 0x1, 0xf0, 0x0, 0x80, 0x0, 0x4d,
    0xc0, 0x1, 0xf0, 0x3, 0xf0, 0x2f, 0xe8, 0x0,
    0x0, 0xcf, 0xfe, 0x70, 0x1, 0x0, 0x0, 0x0,
    0x0, 0x0, 0x0,

    /* U+666E "普" */
    0x0, 0x1, 0x30, 0x0, 0x33, 0x0, 0x0, 0x0,
    0x5, 0xf1, 0x0, 0xd6, 0x0, 0x0, 0xb, 0xee,
    0xff, 0xee, 0xfe, 0xee, 0x70, 0x0, 0x53, 0x1f,
    0x8, 0x90, 0x61, 0x0, 0x0, 0x7b, 0x1f, 0x8,
    0x93, 0xf1, 0x0, 0x0, 0x7, 0x1f, 0x8, 0x93,
    0x50, 0x0, 0x7f, 0xff, 0xff, 0xff, 0xff, 0xff,
    0xf1, 0x1, 0x11, 0x11, 0x11, 0x11, 0x11, 0x10,
    0x0, 0xaf, 0xff, 0xff, 0xff, 0xf3, 0x0, 0x0,
    0xa7, 0x0, 0x0, 0x0, 0xe3, 0x0, 0x0, 0xae,
    0xee, 0xee, 0xee, 0xf3, 0x0, 0x0, 0xa7, 0x11,
    0x11, 0x11, 0xe3, 0x0, 0x0, 0xae, 0xee, 0xee,
    0xee, 0xf3, 0x0,

    /* U+666F "景" */
    0x0, 0x4f, 0xdd, 0xdd, 0xdd, 0xed, 0x0, 0x0,
    0x4e, 0x88, 0x88, 0x88, 0xad, 0x0, 0x0, 0x4d,
    0x66, 0x66, 0x66, 0x8d, 0x0, 0x0, 0x3d, 0xdd,
    0xff, 0xdd, 0xda, 0x0, 0x6, 0x66, 0x66, 0xbc,
    0x66, 0x66, 0x63, 0x8, 0x88, 0x88, 0x88, 0x88,
    0x88, 0x84, 0x0, 0x7f, 0xff, 0xff, 0xff, 0xfe,
    0x0, 0x0, 0x78, 0x0, 0x0, 0x0, 0x1e, 0x0,
    0x0, 0x7f, 0xff, 0xff, 0xff, 0xfd, 0x0, 0x0,
    0x7, 0x70, 0x1f, 0x7, 0xa1, 0x0, 0x7, 0xec,
    0x22, 0x3f, 0x0, 0x8f, 0x70, 0x4, 0x30, 0xd,
    0xfb, 0x0, 0x3, 0x30,

    /* U+6697 "暗" */
    0x0, 0x0, 0x0, 0x0, 0x20, 0x0, 0x0, 0x3,
    0x33, 0x20, 0x11, 0xc8, 0x11, 0x0, 0x1f, 0xcd,
    0xe7, 0xff, 0xff, 0xff, 0xc0, 0x1f, 0x2, 0xe0,
    0x63, 0x0, 0x27, 0x0, 0x1f, 0x2, 0xe0, 0x6c,
    0x0, 0xa8, 0x0, 0x1f, 0x67, 0xe9, 0xdf, 0xdd,
    0xfe, 0xd1, 0x1f, 0x89, 0xe1, 0x11, 0x11, 0x11,
    0x10, 0x1f, 0x2, 0xe0, 0xdf, 0xff, 0xff, 0x40,
    0x1f, 0x2, 0xe0, 0xe3, 0x0, 0xc, 0x50, 0x1f,
    0x23, 0xe0, 0xe8, 0x66, 0x6d, 0x50, 0x1f, 0xdd,
    0xe0, 0xeb, 0xaa, 0xae, 0x50, 0xc, 0x0, 0x50,
    0xe5, 0x22, 0x2d, 0x50, 0x0, 0x0, 0x0, 0xed,
    0xdd, 0xdf, 0x50,

    /* U+66F4 "更" */
    0xc, 0xff, 0xff, 0xff, 0xff, 0xff, 0xe0, 0x0,
    0x0, 0x0, 0x89, 0x0, 0x0, 0x0, 0x0, 0xcd,
    0xdd, 0xee, 0xdd, 0xdd, 0x0, 0x0, 0xe4, 0x11,
    0x99, 0x11, 0x3f, 0x0, 0x0, 0xec, 0xbb, 0xee,
    0xbb, 0xcf, 0x0, 0x0, 0xe4, 0x22, 0x99, 0x22,
    0x3f, 0x0, 0x0, 0xe5, 0x33, 0xaa, 0x33, 0x4f,
    0x0, 0x0, 0xbc, 0xcc, 0xee, 0xcc, 0xcc, 0x0,
    0x0, 0x8, 0x70, 0xd5, 0x0, 0x0, 0x0, 0x0,
    0x1, 0xbe, 0xe1, 0x0, 0x0, 0x0, 0x0, 0x37,
    0xdc, 0xcf, 0xb7, 0x53, 0x20, 0xf, 0xea, 0x40,
    0x2, 0x7a, 0xdf, 0xf1, 0x0, 0x0, 0x0, 0x0,
    0x0, 0x0, 0x0,

    /* U+6700 "最" */
    0x0, 0x7f, 0xee, 0xee, 0xee, 0xed, 0x0, 0x0,
    0x7b, 0x22, 0x22, 0x22, 0x4d, 0x0, 0x0, 0x7e,
    0xbb, 0xbb, 0xbb, 0xbd, 0x0, 0x0, 0x7d, 0xaa,
    0xaa, 0xaa, 0xbd, 0x0, 0x0, 0x14, 0x44, 0x44,
    0x44, 0x43, 0x0, 0x1e, 0xfe, 0xee, 0xfe, 0xee,
    0xee, 0xe7, 0x0, 0xf6, 0x56, 0xe1, 0x77, 0x77,
    0x40, 0x0, 0xf7, 0x67, 0xe1, 0x97, 0x7d, 0x80,
    0x0, 0xfc, 0xcc, 0xe0, 0xd3, 0x3f, 0x10, 0x0,
    0xf1, 0x15, 0xe4, 0x4e, 0xe6, 0x0, 0xd, 0xff,
    0xdc, 0xf6, 0x6e, 0xec, 0x60, 0x3, 0x10, 0x2,
    0xe5, 0xb3, 0x7, 0xd4,

    /* U+6709 "有" */
    0x0, 0x0, 0x1, 0x50, 0x0, 0x0, 0x0, 0x0,
    0x0, 0x8, 0xa0, 0x0, 0x0, 0x0, 0xe, 0xff,
    0xff, 0xff, 0xff, 0xff, 0xf0, 0x1, 0x11, 0xba,
    0x11, 0x11, 0x11, 0x10, 0x0, 0x6, 0xf3, 0x11,
    0x11, 0x11, 0x0, 0x0, 0x3f, 0xff, 0xff, 0xff,
    0xfe, 0x0, 0x4, 0xfd, 0xb0, 0x0, 0x0, 0x2e,
    0x0, 0xd, 0x66, 0xff, 0xff, 0xff, 0xfe, 0x0,
    0x0, 0x6, 0xb0, 0x0, 0x0, 0x3e, 0x0, 0x0,
    0x6, 0xfc, 0xcc, 0xcc, 0xde, 0x0, 0x0, 0x6,
    0xc3, 0x33, 0x33, 0x5e, 0x0, 0x0, 0x6, 0xb0,
    0x0, 0x11, 0x4e, 0x0, 0x0, 0x6, 0xb0, 0x0,
    0xaf, 0xf9, 0x0, 0x0, 0x0, 0x0, 0x0, 0x0,
    0x0, 0x0,

    /* U+671D "朝" */
    0x0, 0xb, 0x60, 0x0, 0xff, 0xff, 0xe1, 0xff,
    0xff, 0xfb, 0xf, 0x0, 0x1e, 0x0, 0xb, 0x60,
    0x0, 0xf0, 0x1, 0xe0, 0xcf, 0xee, 0xf7, 0xf,
    0xdd, 0xde, 0xc, 0x40, 0x9, 0x70, 0xf2, 0x23,
    0xe0, 0xcf, 0xee, 0xf7, 0xf, 0x0, 0x1e, 0xc,
    0x40, 0x9, 0x71, 0xf9, 0x99, 0xe0, 0xcf, 0xff,
    0xf7, 0x2e, 0x66, 0x7e, 0x0, 0xb, 0x60, 0x4,
    0xb0, 0x1, 0xe4, 0xff, 0xff, 0xff, 0x87, 0x0,
    0x1e, 0x0, 0xb, 0x60, 0x1e, 0x20, 0x13, 0xe0,
    0x0, 0xb6, 0x2, 0xa0, 0xc, 0xf9, 0x0, 0x0,
    0x0, 0x0, 0x0, 0x0, 0x0,

    /* U+671F "期" */
    0x0, 0xd4, 0x7, 0xa0, 0xaf, 0xff, 0xf0, 0xdf,
    0xee, 0xff, 0xaa, 0x80, 0x2f, 0x1, 0xd5, 0x17,
    0xa0, 0xa8, 0x1, 0xf0, 0xd, 0x51, 0x7a, 0xa,
    0xb6, 0x7f, 0x0, 0xdd, 0xde, 0xa0, 0xad, 0xab,
    0xf0, 0xd, 0x40, 0x7a, 0xa, 0x80, 0x1f, 0x0,
    0xdf, 0xef, 0xa0, 0xa9, 0x34, 0xf0, 0xd, 0x40,
    0x7a, 0xb, 0xb9, 0xaf, 0x1f, 0xff, 0xff, 0xfa,
    0xe3, 0x1, 0xf0, 0x3, 0x71, 0x81, 0x3f, 0x0,
    0x1f, 0x2, 0xe9, 0xa, 0x88, 0xb0, 0x24, 0xf0,
    0x99, 0x0, 0x14, 0xa4, 0xa, 0xfa, 0x0, 0x0,
    0x0, 0x0, 0x0, 0x0, 0x0,

    /* U+672C "本" */
    0x0, 0x0, 0x0, 0xa6, 0x0, 0x0, 0x0, 0x0,
    0x0, 0x0, 0xa6, 0x0, 0x0, 0x0, 0xe, 0xff,
    0xff, 0xff, 0xff, 0xff, 0xa0, 0x1, 0x11, 0x1c,
    0xff, 0x81, 0x11, 0x10, 0x0, 0x0, 0x4e, 0xb9,
    0xf1, 0x0, 0x0, 0x0, 0x0, 0xd6, 0xa6, 0xaa,
    0x0, 0x0, 0x0, 0xa, 0xb0, 0xa6, 0x1e, 0x70,
    0x0, 0x0, 0x8e, 0x10, 0xa6, 0x3, 0xf6, 0x0,
    0x8, 0xe5, 0x44, 0xc9, 0x44, 0x7f, 0x90, 0x3d,
    0x29, 0xcc, 0xee, 0xcc, 0x63, 0xd0, 0x0, 0x0,
    0x0, 0xa6, 0x0, 0x0, 0x0, 0x0, 0x0, 0x0,
    0xa6, 0x0, 0x0, 0x0,

    /* U+673A "机" */
    0x0, 0x1f, 0x0, 0x6f, 0xff, 0xf2, 0x0, 0x0,
    0x1f, 0x0, 0x6b, 0x11, 0xe2, 0x0, 0x1f, 0xff,
    0xfe, 0x6a, 0x0, 0xe2, 0x0, 0x1, 0x5f, 0x21,
    0x6a, 0x0, 0xe2, 0x0, 0x0, 0x9f, 0xa0, 0x6a,
    0x0, 0xe2, 0x0, 0x0, 0xef, 0xc7, 0x7a, 0x0,
    0xe2, 0x0, 0x6, 0xcf, 0x3d, 0x89, 0x0, 0xe2,
    0x0, 0xe, 0x5f, 0x1, 0xb7, 0x0, 0xe2, 0x0,
    0x7a, 0x1f, 0x0, 0xe3, 0x0, 0xe2, 0x0, 0x0,
    0x1f, 0x5, 0xd0, 0x0, 0xe2, 0x51, 0x0, 0x1f,
    0x1d, 0x50, 0x0, 0xe5, 0xd5, 0x0, 0x1f, 0x59,
    0x0, 0x0, 0xbf, 0xd1,

    /* U+6761 "条" */
    0x0, 0x0, 0x0, 0x0, 0x0, 0x0, 0x0, 0x0,
    0x0, 0xbc, 0x22, 0x22, 0x20, 0x0, 0x0, 0xa,
    0xfd, 0xdd, 0xde, 0xf4, 0x0, 0x3, 0xea, 0xb9,
    0x0, 0x4e, 0x80, 0x0, 0x0, 0x30, 0xa, 0xec,
    0xe4, 0x0, 0x0, 0x4, 0x79, 0xde, 0xa8, 0xce,
    0xb8, 0x61, 0x9, 0xa7, 0x30, 0x23, 0x1, 0x58,
    0xa0, 0x1, 0x11, 0x11, 0x7a, 0x11, 0x11, 0x10,
    0xf, 0xff, 0xff, 0xff, 0xff, 0xff, 0xf0, 0x0,
    0x3, 0x40, 0x7a, 0x5, 0x10, 0x0, 0x0, 0x4f,
    0x50, 0x7a, 0x8, 0xe5, 0x0, 0x7, 0xf5, 0x1,
    0x8a, 0x0, 0x3e, 0x80, 0x2, 0x20, 0xd, 0xf5,
    0x0, 0x1, 0x10,

    /* U+6765 "来" */
    0x0, 0x0, 0x0, 0x5c, 0x0, 0x0, 0x0, 0x6,
    0xff, 0xff, 0xff, 0xff, 0xff, 0xd0, 0x0, 0x15,
    0x0, 0x5c, 0x0, 0x24, 0x0, 0x0, 0x3f, 0x40,
    0x5c, 0x0, 0xc9, 0x0, 0x0, 0x8, 0xc0, 0x5c,
    0x8, 0xd0, 0x0, 0x4, 0x45, 0x74, 0x7d, 0x45,
    0x54, 0x42, 0xc, 0xcc, 0xcd, 0xff, 0xfc, 0xcc,
    0xc6, 0x0, 0x0, 0x1d, 0xac, 0xc6, 0x0, 0x0,
    0x0, 0x2, 0xd7, 0x5c, 0x1d, 0x70, 0x0, 0x0,
    0x7f, 0x60, 0x5c, 0x1, 0xcc, 0x30, 0xd, 0xd3,
    0x0, 0x5c, 0x0, 0x8, 0xf6, 0x3, 0x0, 0x0,
    0x5c, 0x0, 0x0, 0x10,

    /* U+677E "松" */
    0x0, 0x5b, 0x0, 0x8, 0x30, 0x82, 0x0, 0x0,
    0x5b, 0x0, 0xe, 0x30, 0xb5, 0x0, 0xf, 0xff,
    0xf5, 0x3f, 0x0, 0x7a, 0x0, 0x1, 0x9c, 0x10,
    0xaa, 0x11, 0x2f, 0x10, 0x0, 0xcf, 0x43, 0xf2,
    0x8b, 0xa, 0xb0, 0x1, 0xfd, 0xe7, 0x80, 0xc6,
    0x1, 0xa0, 0x7, 0xdb, 0x94, 0x2, 0xf1, 0x10,
    0x0, 0x1e, 0x7b, 0x0, 0x8, 0xb0, 0xe2, 0x0,
    0x49, 0x5b, 0x0, 0xe, 0x40, 0x98, 0x0, 0x0,
    0x5b, 0x0, 0x5d, 0x0, 0x7e, 0x0, 0x0, 0x5b,
    0x0, 0xcd, 0xdf, 0xce, 0x30, 0x0, 0x5b, 0x0,
    0x55, 0x20, 0x9, 0x40,

    /* U+6784 "构" */
    0x0, 0x0, 0x0, 0x0, 0x0, 0x0, 0x0, 0x1,
    0xf0, 0x0, 0x77, 0x0, 0x0, 0x0, 0x1f, 0x0,
    0xe, 0x63, 0x33, 0x31, 0xff, 0xff, 0xe6, 0xec,
    0xcc, 0xce, 0x1, 0x6f, 0x23, 0xf3, 0x0, 0x3,
    0xe0, 0x9, 0xfb, 0x38, 0x58, 0x0, 0x3e, 0x0,
    0xef, 0xb8, 0xb, 0x71, 0x3, 0xe0, 0x7b, 0xf2,
    0xc1, 0xf2, 0xf2, 0x4d, 0x2e, 0x4f, 0x0, 0x99,
    0xb, 0xa4, 0xd6, 0x81, 0xf0, 0x1f, 0xde, 0xce,
    0x6c, 0x0, 0x1f, 0x0, 0x53, 0x0, 0x47, 0xa0,
    0x1, 0xf0, 0x0, 0x0, 0x22, 0xc7, 0x0, 0x1f,
    0x0, 0x0, 0x6, 0xfc, 0x10,

    /* U+6790 "析" */
    0x0, 0x1f, 0x0, 0x1, 0x35, 0x79, 0xb0, 0x0,
    0x1f, 0x0, 0x5f, 0xb9, 0x86, 0x30, 0x1b, 0xbf,
    0xba, 0x5c, 0x0, 0x0, 0x0, 0x4, 0x7f, 0x43,
    0x5c, 0x0, 0x0, 0x0, 0x0, 0x8f, 0x90, 0x5f,
    0xee, 0xee, 0xe4, 0x0, 0xef, 0xc7, 0x6b, 0x0,
    0x4b, 0x0, 0x5, 0xcf, 0x3d, 0x6b, 0x0, 0x4b,
    0x0, 0x1e, 0x5f, 0x1, 0x7a, 0x0, 0x4b, 0x0,
    0x69, 0x1f, 0x0, 0x87, 0x0, 0x4b, 0x0, 0x0,
    0x1f, 0x0, 0xb5, 0x0, 0x4b, 0x0, 0x0, 0x1f,
    0x1, 0xf0, 0x0, 0x4b, 0x0, 0x0, 0x1f, 0x4,
    0x80, 0x0, 0x4b, 0x0,

    /* U+679C "果" */
    0x0, 0xef, 0xff, 0xff, 0xff, 0xfe, 0x0, 0x0,
    0xe3, 0x0, 0x98, 0x0, 0x3e, 0x0, 0x0, 0xe5,
    0x33, 0xa9, 0x33, 0x6e, 0x0, 0x0, 0xec, 0xbb,
    0xed, 0xbb, 0xce, 0x0, 0x0, 0xe4, 0x11, 0xa8,
    0x11, 0x4e, 0x0, 0x0, 0xdf, 0xff, 0xff, 0xff,
    0xfd, 0x0, 0x1, 0x11, 0x11, 0xa8, 0x11, 0x11,
    0x10, 0x2f, 0xff, 0xff, 0xff, 0xff, 0xff, 0xf2,
    0x0, 0x0, 0x5e, 0xcc, 0xe3, 0x0, 0x0, 0x0,
    0x19, 0xe2, 0x98, 0x4e, 0x91, 0x0, 0x1a, 0xf9,
    0x10, 0x98, 0x1, 0xaf, 0xb0, 0x6, 0x20, 0x0,
    0x98, 0x0, 0x2, 0x60,

    /* U+6807 "标" */
    0x0, 0x5b, 0x0, 0xbf, 0xff, 0xff, 0x50, 0x0,
    0x5b, 0x0, 0x0, 0x0, 0x0, 0x0, 0xf, 0xff,
    0xf5, 0x0, 0x0, 0x0, 0x0, 0x5, 0xad, 0x54,
    0x44, 0x44, 0x44, 0x41, 0x0, 0xbe, 0x17, 0xcc,
    0xdf, 0xcc, 0xc3, 0x0, 0xfe, 0xc0, 0x0, 0x3e,
    0x0, 0x0, 0x6, 0xeb, 0xb5, 0x86, 0x3e, 0x1c,
    0x0, 0xe, 0x8b, 0x10, 0xf4, 0x3e, 0xc, 0x70,
    0x4a, 0x5b, 0x8, 0xd0, 0x3e, 0x4, 0xe0, 0x0,
    0x5b, 0x1f, 0x40, 0x3e, 0x0, 0xe5, 0x0, 0x5b,
    0x5, 0x2, 0x6e, 0x0, 0x41, 0x0, 0x5b, 0x0,
    0xe, 0xf9, 0x0, 0x0,

    /* U+6837 "样" */
    0x0, 0x0, 0x0, 0x0, 0x0, 0x0, 0x0, 0x0,
    0x5b, 0x0, 0xd, 0x20, 0x4d, 0x0, 0x0, 0x5b,
    0x0, 0x5, 0x60, 0xd4, 0x0, 0xf, 0xff, 0xf5,
    0xff, 0xff, 0xff, 0xf2, 0x1, 0x9c, 0x10, 0x0,
    0xf, 0x10, 0x0, 0x0, 0xbf, 0x30, 0x0, 0xf,
    0x10, 0x0, 0x1, 0xfe, 0xe1, 0xaf, 0xff, 0xff,
    0xc0, 0x6, 0xeb, 0xa5, 0x1, 0x1f, 0x21, 0x0,
    0xe, 0x8b, 0x10, 0x0, 0xf, 0x10, 0x0, 0x4b,
    0x5b, 0x2, 0xff, 0xff, 0xff, 0xf4, 0x0, 0x5b,
    0x0, 0x11, 0x1f, 0x21, 0x10, 0x0, 0x5b, 0x0,
    0x0, 0xf, 0x10, 0x0, 0x0, 0x5b, 0x0, 0x0,
    0xf, 0x10, 0x0,

    /* U+684C "桌" */
    0x0, 0x0, 0x0, 0xef, 0xff, 0xff, 0x70, 0x0,
    0x1, 0x11, 0xe3, 0x11, 0x10, 0x0, 0x0, 0x6f,
    0xff, 0xff, 0xff, 0xf9, 0x0, 0x0, 0x6b, 0x11,
    0x11, 0x11, 0x89, 0x0, 0x0, 0x6f, 0xff, 0xff,
    0xff, 0xf9, 0x0, 0x0, 0x6b, 0x22, 0x22, 0x22,
    0x99, 0x0, 0x0, 0x6e, 0xee, 0xff, 0xee, 0xe8,
    0x0, 0x0, 0x0, 0x0, 0x89, 0x0, 0x0, 0x0,
    0x1e, 0xee, 0xef, 0xff, 0xfe, 0xee, 0xe1, 0x0,
    0x0, 0x7c, 0xab, 0xc7, 0x0, 0x0, 0x3, 0x8e,
    0x80, 0x89, 0x8, 0xe9, 0x40, 0x1b, 0x81, 0x0,
    0x89, 0x0, 0x17, 0xc1,

    /* U+68C0 "检" */
    0x0, 0x0, 0x0, 0x0, 0x0, 0x0, 0x0, 0x0,
    0x5b, 0x0, 0x0, 0x7a, 0x0, 0x0, 0x0, 0x5b,
    0x0, 0x3, 0xee, 0x60, 0x0, 0xb, 0xce, 0xb4,
    0x2e, 0x42, 0xe8, 0x0, 0x3, 0x9c, 0x35, 0xe7,
    0x0, 0x2d, 0xd2, 0x0, 0xbf, 0x37, 0x5d, 0xff,
    0xf7, 0x80, 0x0, 0xfd, 0xd1, 0x1, 0x30, 0x0,
    0x0, 0x6, 0xeb, 0xa6, 0x91, 0xf0, 0x2e, 0x0,
    0xd, 0x8b, 0x10, 0xe3, 0xd4, 0x7c, 0x0, 0x5b,
    0x5b, 0x0, 0xa7, 0xa7, 0xb7, 0x0, 0x1, 0x5b,
    0x0, 0x68, 0x33, 0xf1, 0x0, 0x0, 0x5b, 0x0,
    0x11, 0x17, 0xb1, 0x10, 0x0, 0x5b, 0x6, 0xff,
    0xff, 0xff, 0xf0,

    /* U+6A21 "模" */
    0x0, 0x5b, 0x1, 0x2d, 0x52, 0xe4, 0x20, 0x0,
    0x5b, 0x5, 0xaf, 0xba, 0xfb, 0xa0, 0xf, 0xff,
    0xf5, 0x6e, 0x86, 0xe7, 0x20, 0x1, 0x9c, 0x10,
    0xf8, 0x88, 0x8d, 0x60, 0x0, 0xbf, 0x40, 0xfa,
    0xaa, 0xae, 0x60, 0x1, 0xfd, 0xe1, 0xe2, 0x22,
    0x2a, 0x60, 0x7, 0xdb, 0x94, 0xfe, 0xee, 0xef,
    0x60, 0xe, 0x7b, 0x0, 0x0, 0x89, 0x0, 0x0,
    0x49, 0x5b, 0x8, 0xff, 0xff, 0xff, 0xf1, 0x0,
    0x5b, 0x0, 0x5, 0xec, 0x80, 0x0, 0x0, 0x5b,
    0x1, 0x8f, 0x41, 0xdb, 0x40, 0x0, 0x5b, 0xa,
    0xa2, 0x0, 0x8, 0xc0,

    /* U+6A59 "橙" */
    0x0, 0x0, 0x0, 0x0, 0x1, 0x0, 0x0, 0x0,
    0x77, 0x1f, 0xff, 0x7e, 0x2c, 0x10, 0x0, 0x77,
    0x0, 0xe, 0x3d, 0xf6, 0x40, 0xc, 0xed, 0x8e,
    0xac, 0x6, 0xc8, 0xd1, 0x4, 0xe9, 0x36, 0xf4,
    0x1, 0xdd, 0x0, 0x1, 0xf9, 0x1d, 0x7c, 0xff,
    0x5e, 0x80, 0x6, 0xff, 0x57, 0x0, 0x0, 0x2,
    0xb1, 0xc, 0xba, 0xb2, 0xff, 0xff, 0xf9, 0x0,
    0x4e, 0x87, 0x12, 0xc0, 0x0, 0x79, 0x0, 0x15,
    0x77, 0x2, 0xff, 0xff, 0xf8, 0x0, 0x0, 0x77,
    0x0, 0x91, 0x0, 0x84, 0x0, 0x0, 0x77, 0x0,
    0x98, 0x2, 0xf1, 0x0, 0x0, 0x77, 0x4f, 0xff,
    0xff, 0xff, 0xf0,

    /* U+6A61 "橡" */
    0x0, 0x0, 0x0, 0x0, 0x0, 0x0, 0x0, 0x0,
    0xc4, 0x0, 0xb, 0xa4, 0x41, 0x0, 0x0, 0xc4,
    0x2, 0xc9, 0x69, 0xe2, 0x0, 0x3f, 0xff, 0xab,
    0xfd, 0xdf, 0xed, 0xa0, 0x1, 0xf5, 0x10, 0xe2,
    0x7b, 0x14, 0xc0, 0x3, 0xfc, 0x0, 0xec, 0xee,
    0xbc, 0xc0, 0x7, 0xfe, 0x60, 0x3c, 0xf3, 0x35,
    0x60, 0xd, 0xe7, 0x84, 0xdc, 0xc8, 0x5e, 0x60,
    0x4c, 0xc4, 0x2, 0x79, 0xdf, 0xee, 0x0, 0x65,
    0xc4, 0x7, 0xe9, 0x7f, 0x4f, 0x20, 0x0, 0xc4,
    0x4, 0x5b, 0xad, 0x4b, 0x90, 0x0, 0xc4, 0x1b,
    0xe7, 0x1e, 0x33, 0xf2, 0x0, 0xc4, 0x5, 0x3,
    0xfc, 0x0, 0x20,

    /* U+6B21 "次" */
    0x0, 0x0, 0x0, 0x0, 0x0, 0x0, 0x0, 0x1,
    0x10, 0x0, 0x7b, 0x0, 0x0, 0x0, 0x8, 0xe2,
    0x0, 0xc7, 0x11, 0x11, 0x0, 0x0, 0x9e, 0x12,
    0xff, 0xff, 0xff, 0x70, 0x0, 0x9, 0xa, 0xa0,
    0x10, 0x1f, 0x20, 0x0, 0x0, 0x3f, 0x30, 0xf0,
    0xa9, 0x0, 0x0, 0x0, 0x27, 0x1, 0xf0, 0x21,
    0x0, 0x0, 0x9, 0x40, 0x4, 0xf2, 0x0, 0x0,
    0x0, 0x1f, 0x30, 0x8, 0xf9, 0x0, 0x0, 0x0,
    0x9c, 0x0, 0xe, 0x6f, 0x20, 0x0, 0x2, 0xf5,
    0x0, 0xab, 0x9, 0xd1, 0x0, 0xb, 0xc0, 0xa,
    0xe1, 0x0, 0xcc, 0x10, 0xc, 0x31, 0xdc, 0x10,
    0x0, 0x1c, 0xf2, 0x0, 0x0, 0x40, 0x0, 0x0,
    0x0, 0x40,

    /* U+6B62 "止" */
    0x0, 0x0, 0x0, 0xb, 0x60, 0x0, 0x0, 0x0,
    0x0, 0x0, 0xb, 0x60, 0x0, 0x0, 0x0, 0xc,
    0x10, 0xb, 0x60, 0x0, 0x0, 0x0, 0xf, 0x10,
    0xb, 0x71, 0x11, 0x10, 0x0, 0xf, 0x10, 0xb,
    0xfe, 0xee, 0xd0, 0x0, 0xf, 0x10, 0xb, 0x60,
    0x0, 0x0, 0x0, 0xf, 0x10, 0xb, 0x60, 0x0,
    0x0, 0x0, 0xf, 0x10, 0xb, 0x60, 0x0, 0x0,
    0x0, 0xf, 0x10, 0xb, 0x60, 0x0, 0x0, 0x0,
    0xf, 0x10, 0xb, 0x60, 0x0, 0x0, 0x2, 0x2f,
    0x32, 0x2b, 0x72, 0x22, 0x21, 0x1e, 0xee, 0xee,
    0xee, 0xee, 0xee, 0xe7,

    /* U+6B63 "正" */
    0x7, 0xff, 0xff, 0xff, 0xff, 0xff, 0xf0, 0x0,
    0x0, 0x0, 0x1f, 0x0, 0x0, 0x0, 0x0, 0x0,
    0x0, 0x1f, 0x0, 0x0, 0x0, 0x0, 0x3, 0x0,
    0x1f, 0x0, 0x0, 0x0, 0x0, 0xf, 0x0, 0x1f,
    0x0, 0x0, 0x0, 0x0, 0xf, 0x0, 0x1f, 0xff,
    0xff, 0x70, 0x0, 0xf, 0x0, 0x1f, 0x11, 0x11,
    0x0, 0x0, 0xf, 0x0, 0x1f, 0x0, 0x0, 0x0,
    0x0, 0xf, 0x0, 0x1f, 0x0, 0x0, 0x0, 0x0,
    0xf, 0x0, 0x1f, 0x0, 0x0, 0x0, 0x1, 0x1f,
    0x11, 0x2f, 0x11, 0x11, 0x10, 0x1f, 0xff, 0xff,
    0xff, 0xff, 0xff, 0xf7,

    /* U+6B64 "此" */
    0x0, 0x0, 0x3e, 0x0, 0xe3, 0x0, 0x0, 0x0,
    0x0, 0x3e, 0x0, 0xe3, 0x0, 0x0, 0x2, 0xe0,
    0x3e, 0x0, 0xe3, 0x0, 0x50, 0x2, 0xe0, 0x3e,
    0x44, 0xe4, 0x7e, 0xc1, 0x2, 0xe0, 0x3f, 0xca,
    0xef, 0xb4, 0x0, 0x2, 0xe0, 0x3e, 0x0, 0xe4,
    0x0, 0x0, 0x2, 0xe0, 0x3e, 0x0, 0xe3, 0x0,
    0x0, 0x2, 0xe0, 0x3e, 0x0, 0xe3, 0x0, 0x0,
    0x2, 0xe0, 0x3e, 0x0, 0xe3, 0x0, 0x41, 0x2,
    0xe0, 0x3e, 0x58, 0xe3, 0x0, 0xc6, 0x6, 0xfa,
    0xdf, 0xb6, 0xe5, 0x2, 0xf4, 0x2d, 0xa6, 0x30,
    0x0, 0x9f, 0xfe, 0xa0,

    /* U+6B66 "武" */
    0x0, 0x33, 0x33, 0x31, 0x87, 0x48, 0x0, 0x0,
    0xbc, 0xcc, 0xc6, 0x78, 0xd, 0x50, 0x0, 0x0,
    0x0, 0x0, 0x79, 0x4, 0x30, 0x3f, 0xff, 0xff,
    0xff, 0xff, 0xff, 0xf3, 0x0, 0x0, 0x38, 0x0,
    0x4c, 0x0, 0x0, 0x0, 0x61, 0x4c, 0x0, 0x3e,
    0x0, 0x0, 0x0, 0xe2, 0x4f, 0xee, 0x4f, 0x10,
    0x0, 0x0, 0xe2, 0x4c, 0x11, 0xe, 0x40, 0x0,
    0x0, 0xe2, 0x4c, 0x0, 0xa, 0x80, 0x42, 0x0,
    0xe2, 0x4d, 0x58, 0x55, 0xd0, 0xa5, 0x8, 0xfe,
    0xfe, 0xb8, 0x40, 0xd8, 0xe2, 0x7, 0x63, 0x10,
    0x0, 0x0, 0x3e, 0xa0,

    /* U+6BCF "每" */
    0x0, 0x0, 0x30, 0x0, 0x0, 0x0, 0x0, 0x0,
    0x7, 0xb0, 0x0, 0x0, 0x0, 0x0, 0x0, 0x1f,
    0xff, 0xff, 0xff, 0xff, 0x90, 0x0, 0xc9, 0x0,
    0x0, 0x0, 0x0, 0x0, 0xb, 0xc9, 0xff, 0xff,
    0xff, 0xf6, 0x0, 0x2, 0xa, 0x81, 0xa7, 0x11,
    0xc6, 0x0, 0x0, 0xc, 0x60, 0x3d, 0x30, 0xc5,
    0x0, 0xe, 0xef, 0xee, 0xee, 0xee, 0xfe, 0xe4,
    0x1, 0x2f, 0x31, 0x73, 0x11, 0xe5, 0x10, 0x0,
    0x2f, 0x0, 0xbe, 0x10, 0xf2, 0x0, 0x0, 0x5e,
    0x33, 0x39, 0x33, 0xf4, 0x10, 0x0, 0x6d, 0xdd,
    0xdd, 0xef, 0xfd, 0x70, 0x0, 0x0, 0x0, 0x0,
    0xff, 0x90, 0x0,

    /* U+6BD4 "比" */
    0x3f, 0x0, 0x0, 0x5d, 0x0, 0x0, 0x3, 0xf0,
    0x0, 0x5, 0xd0, 0x0, 0x0, 0x3f, 0x0, 0x0,
    0x5d, 0x0, 0x47, 0x3, 0xf2, 0x22, 0x5, 0xd3,
    0xbf, 0x80, 0x3f, 0xff, 0xf5, 0x5f, 0xe8, 0x10,
    0x3, 0xf0, 0x0, 0x5, 0xd0, 0x0, 0x0, 0x3f,
    0x0, 0x0, 0x5d, 0x0, 0x0, 0x3, 0xf0, 0x0,
    0x5, 0xd0, 0x0, 0x0, 0x3f, 0x0, 0x0, 0x5d,
    0x0, 0x0, 0x3, 0xf0, 0x4, 0x15, 0xd0, 0x0,
    0x95, 0x3f, 0x7d, 0xe3, 0x5e, 0x32, 0x3e, 0x42,
    0xfb, 0x50, 0x1, 0xcf, 0xff, 0xb0, 0x0, 0x0,
    0x0, 0x0, 0x0, 0x0, 0x0,

    /* U+6C34 "水" */
    0x0, 0x0, 0x0, 0x4d, 0x0, 0x0, 0x0, 0x0,
    0x0, 0x0, 0x4d, 0x0, 0x0, 0x20, 0x1, 0x11,
    0x10, 0x4f, 0x0, 0xb, 0xb0, 0xe, 0xff, 0xf7,
    0x4f, 0x71, 0xcc, 0x0, 0x0, 0x0, 0xc4, 0x4e,
    0xee, 0x90, 0x0, 0x0, 0x1, 0xe0, 0x4d, 0x9a,
    0x0, 0x0, 0x0, 0x9, 0x70, 0x4d, 0x1e, 0x40,
    0x0, 0x0, 0x3e, 0x0, 0x4d, 0x5, 0xe2, 0x0,
    0x1, 0xd5, 0x0, 0x4d, 0x0, 0x9e, 0x30, 0xc,
    0x90, 0x0, 0x4d, 0x0, 0xa, 0xf4, 0x6, 0x0,
    0x31, 0x6c, 0x0, 0x0, 0x72, 0x0, 0x0, 0xde,
    0xf7, 0x0, 0x0, 0x0,

    /* U+6C42 "求" */
    0x0, 0x0, 0x0, 0x0, 0x0, 0x0, 0x0, 0x0,
    0x0, 0x0, 0x89, 0x9, 0xb2, 0x0, 0x0, 0x11,
    0x11, 0x99, 0x11, 0x76, 0x10, 0xb, 0xff, 0xff,
    0xff, 0xff, 0xff, 0xe0, 0x0, 0x32, 0x0, 0x8f,
    0x20, 0x4, 0x0, 0x0, 0x9d, 0x0, 0x8f, 0x70,
    0x8d, 0x0, 0x0, 0xd, 0x80, 0x8c, 0xe4, 0xf3,
    0x0, 0x0, 0x3, 0x55, 0xe9, 0xbf, 0x50, 0x0,
    0x0, 0x2, 0xbd, 0xb9, 0x2f, 0x50, 0x0, 0x2,
    0xaf, 0x80, 0x89, 0x6, 0xf5, 0x0, 0xf, 0xb2,
    0x0, 0x89, 0x0, 0x6f, 0xb1, 0x2, 0x0, 0x42,
    0xa8, 0x0, 0x3, 0xc2, 0x0, 0x0, 0xbe, 0xf4,
    0x0, 0x0, 0x0,

    /* U+6CBF "沿" */
    0x0, 0x20, 0x0, 0x0, 0x0, 0x0, 0x0, 0x0,
    0xdb, 0x20, 0x9f, 0xff, 0xf5, 0x0, 0x0, 0x9,
    0xd0, 0x97, 0x0, 0xc5, 0x0, 0x0, 0x0, 0x10,
    0xb5, 0x0, 0xc5, 0x0, 0x9, 0x91, 0x2, 0xf1,
    0x0, 0xc6, 0x0, 0x1, 0xae, 0x3e, 0x80, 0x0,
    0x7f, 0xf4, 0x0, 0x3, 0x4, 0x0, 0x0, 0x0,
    0x0, 0x0, 0x2, 0x3, 0xff, 0xff, 0xff, 0x30,
    0x0, 0xe, 0x53, 0xe0, 0x0, 0xe, 0x30, 0x0,
    0x5e, 0x3, 0xe0, 0x0, 0xe, 0x30, 0x0, 0xe7,
    0x3, 0xe0, 0x0, 0xe, 0x30, 0x9, 0xe0, 0x3,
    0xfe, 0xee, 0xef, 0x30, 0xb, 0x40, 0x3, 0xe1,
    0x11, 0x1e, 0x30, 0x0, 0x0, 0x0, 0x0, 0x0,
    0x0, 0x0,

    /* U+6CD5 "法" */
    0x0, 0x0, 0x0, 0x0, 0x0, 0x0, 0x0, 0x9,
    0x80, 0x0, 0x0, 0xf3, 0x0, 0x0, 0x1, 0xbb,
    0x0, 0x0, 0xf3, 0x0, 0x0, 0x0, 0x1, 0x1f,
    0xff, 0xff, 0xff, 0x50, 0x2b, 0x20, 0x1, 0x11,
    0xf4, 0x11, 0x0, 0x7, 0xe1, 0x0, 0x0, 0xf3,
    0x0, 0x0, 0x0, 0x10, 0x9c, 0xcc, 0xfd, 0xcc,
    0xc0, 0x0, 0x40, 0x34, 0x4e, 0x84, 0x44, 0x40,
    0x0, 0xd4, 0x0, 0x4f, 0x1, 0x80, 0x0, 0x3,
    0xf0, 0x0, 0xc8, 0x0, 0xe4, 0x0, 0xa, 0xa0,
    0x7, 0xd0, 0x2, 0xac, 0x0, 0x2f, 0x30, 0x2f,
    0xcc, 0xef, 0xcf, 0x30, 0x3b, 0x0, 0x7, 0x64,
    0x20, 0xa, 0x60, 0x0, 0x0, 0x0, 0x0, 0x0,
    0x0, 0x0,

    /* U+6CE2 "波" */
    0x0, 0x0, 0x0, 0x0, 0x0, 0x0, 0x0, 0x1,
    0xea, 0x20, 0x0, 0x2e, 0x0, 0x0, 0x0, 0x19,
    0xb0, 0xcc, 0xdf, 0xcc, 0xc1, 0x0, 0x0, 0x1,
    0xf4, 0x6f, 0x46, 0xf0, 0xa, 0xa1, 0x1, 0xe0,
    0x2e, 0x7, 0xa0, 0x0, 0x9e, 0x1, 0xe0, 0x2e,
    0x2, 0x20, 0x0, 0x2, 0x1, 0xff, 0xff, 0xff,
    0x90, 0x0, 0x3, 0x1, 0xe2, 0x10, 0xc, 0x60,
    0x0, 0xe, 0x33, 0xd9, 0x90, 0x2f, 0x10, 0x0,
    0x6d, 0x7, 0xa1, 0xe7, 0xc8, 0x0, 0x0, 0xe6,
    0xc, 0x60, 0x4f, 0xe0, 0x0, 0x9, 0xd0, 0x4f,
    0x27, 0xea, 0xdc, 0x40, 0xd, 0x40, 0xa7, 0x9c,
    0x40, 0x9, 0xf3, 0x0, 0x0, 0x0, 0x0, 0x0,
    0x0, 0x10,

    /* U+6D3B "活" */
    0x0, 0x0, 0x0, 0x0, 0x0, 0x0, 0x0, 0xa,
    0x80, 0x0, 0x3, 0x59, 0xcf, 0x20, 0x2, 0xda,
    0xa, 0xfe, 0xfa, 0x40, 0x0, 0x0, 0x3, 0x1,
    0x10, 0xc5, 0x0, 0x0, 0x15, 0x0, 0x11, 0x11,
    0xc6, 0x11, 0x10, 0x2d, 0xb0, 0x9e, 0xee, 0xff,
    0xee, 0xe2, 0x0, 0x60, 0x0, 0x0, 0xc5, 0x0,
    0x0, 0x0, 0x0, 0x0, 0x0, 0xc5, 0x0, 0x0,
    0x0, 0xc3, 0xd, 0xff, 0xff, 0xff, 0x60, 0x3,
    0xf0, 0xd, 0x40, 0x0, 0xb, 0x60, 0xa, 0xa0,
    0xd, 0x40, 0x0, 0xb, 0x60, 0x3f, 0x30, 0xd,
    0xdc, 0xcc, 0xce, 0x60, 0x4a, 0x0, 0xd, 0x74,
    0x44, 0x4c, 0x60,

    /* U+6D41 "流" */
    0x1, 0x10, 0x0, 0x1, 0x40, 0x0, 0x0, 0x7,
    0xe5, 0x0, 0x1, 0xe2, 0x0, 0x0, 0x0, 0x5d,
    0x3f, 0xff, 0xff, 0xff, 0xf1, 0x0, 0x0, 0x0,
    0x2e, 0x30, 0x41, 0x0, 0x1c, 0x40, 0x0, 0xb9,
    0x0, 0xab, 0x0, 0x5, 0xf3, 0xb, 0xe6, 0x89,
    0xcf, 0x50, 0x0, 0x10, 0xa, 0x98, 0x75, 0x36,
    0x80, 0x0, 0x31, 0x0, 0xd0, 0xa1, 0x83, 0x0,
    0x0, 0xb7, 0x1, 0xf0, 0xe2, 0xb5, 0x0, 0x1,
    0xf2, 0x4, 0xd0, 0xe2, 0xa5, 0x0, 0x7, 0xc0,
    0xa, 0x90, 0xe2, 0xa5, 0x0, 0xe, 0x50, 0x6f,
    0x10, 0xe2, 0xa6, 0xd3, 0x2c, 0x0, 0xc4, 0x0,
    0xe2, 0x7f, 0xd0, 0x0, 0x0, 0x0, 0x0, 0x0,
    0x0, 0x0,

    /* U+6D4B "测" */
    0xb, 0x50, 0x66, 0x66, 0x60, 0x1, 0xe0, 0x3e,
    0x3f, 0x55, 0x6e, 0x3b, 0x1e, 0x0, 0x10, 0xf0,
    0x72, 0xe3, 0xc1, 0xe1, 0x90, 0xf, 0x1f, 0x2e,
    0x3c, 0x1e, 0x9, 0xd0, 0xf2, 0xf2, 0xe3, 0xc1,
    0xe0, 0x4, 0xf, 0x2f, 0x2e, 0x3c, 0x1e, 0x0,
    0x0, 0xf3, 0xe2, 0xe3, 0xc1, 0xe0, 0xc, 0x2f,
    0x4c, 0x2e, 0x3c, 0x1e, 0x2, 0xe0, 0xe7, 0x91,
    0xc3, 0xc1, 0xe0, 0x8a, 0x0, 0xd4, 0xa0, 0x0,
    0x1e, 0xf, 0x30, 0xab, 0x9, 0xa0, 0x44, 0xe2,
    0xb0, 0x2b, 0x10, 0x1b, 0xb, 0xfa, 0x0, 0x0,
    0x0, 0x0, 0x0, 0x0, 0x0,

    /* U+6E05 "清" */
    0x0, 0x0, 0x0, 0x0, 0x0, 0x0, 0x0, 0xa,
    0x91, 0x25, 0x56, 0xf5, 0x55, 0x30, 0x1, 0x94,
    0x26, 0x66, 0xf6, 0x66, 0x40, 0x0, 0x0, 0xc,
    0xee, 0xfe, 0xee, 0x30, 0x3b, 0x10, 0x0, 0x1,
    0xf0, 0x0, 0x0, 0x9, 0xe0, 0xef, 0xff, 0xff,
    0xff, 0xf1, 0x0, 0x30, 0x0, 0x0, 0x0, 0x0,
    0x0, 0x0, 0x2, 0xe, 0xee, 0xee, 0xef, 0x0,
    0x0, 0x5d, 0xe, 0x75, 0x55, 0x6f, 0x0, 0x0,
    0xc7, 0xe, 0x86, 0x66, 0x7f, 0x0, 0x6, 0xf1,
    0xe, 0xdd, 0xdd, 0xdf, 0x0, 0x1e, 0x70, 0xe,
    0x31, 0x12, 0x3f, 0x0, 0x2a, 0x0, 0xe, 0x30,
    0x9, 0xfb, 0x0,

    /* U+6ED1 "滑" */
    0x1, 0x10, 0x0, 0x0, 0x0, 0x0, 0x0, 0x7,
    0xf5, 0xc, 0xfe, 0xee, 0xee, 0x0, 0x0, 0x7e,
    0xc, 0x50, 0x0, 0x2e, 0x0, 0x0, 0x1, 0xc,
    0xee, 0xf0, 0x2e, 0x0, 0x1a, 0x30, 0x5d, 0x96,
    0xf6, 0x7e, 0x60, 0x7, 0xf3, 0xf7, 0x77, 0x77,
    0x77, 0xe2, 0x0, 0x30, 0x76, 0xcc, 0xcc, 0xc8,
    0x60, 0x0, 0x31, 0x7, 0x92, 0x22, 0x6b, 0x0,
    0x0, 0xb7, 0x7, 0xfd, 0xdd, 0xeb, 0x0, 0x1,
    0xf2, 0x7, 0x91, 0x11, 0x6b, 0x0, 0x8, 0xd0,
    0x7, 0xff, 0xff, 0xfb, 0x0, 0x1f, 0x60, 0x7,
    0x90, 0x0, 0x5b, 0x0, 0x2c, 0x0, 0x7, 0x90,
    0x3f, 0xf6, 0x0, 0x0, 0x0, 0x0, 0x0, 0x0,
    0x0, 0x0,

    /* U+6EE1 "满" */
    0x6, 0x80, 0x0, 0xa7, 0x3, 0xe0, 0x0, 0x2,
    0xc9, 0xee, 0xff, 0xee, 0xfe, 0xe4, 0x0, 0x1,
    0x11, 0xa7, 0x14, 0xe1, 0x10, 0x7, 0x10, 0x79,
    0xaa, 0x99, 0xa9, 0x91, 0x19, 0xe2, 0x23, 0x4e,
    0x39, 0xa3, 0x30, 0x0, 0x30, 0x8e, 0xef, 0xef,
    0xfe, 0xd0, 0x0, 0x4, 0x97, 0x2d, 0x8, 0x72,
    0xe0, 0x0, 0x2f, 0xa7, 0x4f, 0x3b, 0xb2, 0xe0,
    0x0, 0x9a, 0x97, 0xa9, 0x7e, 0x8c, 0xe0, 0x3,
    0xf3, 0x99, 0xd0, 0x89, 0x4, 0xe0, 0xc, 0xa0,
    0x97, 0x0, 0x0, 0x3, 0xe0, 0xa, 0x10, 0x97,
    0x0, 0x0, 0x9f, 0x90,

    /* U+6F02 "漂" */
    0x0, 0x0, 0x0, 0x0, 0x0, 0x0, 0x0, 0xb,
    0xb1, 0xbf, 0xff, 0xff, 0xff, 0xf1, 0x0, 0xab,
    0x1, 0x1f, 0x1c, 0x51, 0x0, 0x0, 0x1, 0x4f,
    0xff, 0xff, 0xff, 0x90, 0x3c, 0x20, 0x4c, 0xf,
    0xc, 0x47, 0x90, 0x7, 0xe0, 0x4f, 0xef, 0xef,
    0xef, 0x90, 0x0, 0x10, 0x1, 0x11, 0x11, 0x11,
    0x0, 0x0, 0x10, 0xd, 0xff, 0xff, 0xff, 0x40,
    0x0, 0xd3, 0x2, 0x22, 0x22, 0x22, 0x10, 0x3,
    0xf0, 0xcf, 0xff, 0xff, 0xff, 0xf1, 0xa, 0xa0,
    0x8, 0x30, 0xc4, 0x46, 0x0, 0x3f, 0x30, 0x9d,
    0x21, 0xd4, 0x2e, 0x50, 0x4a, 0x0, 0x81, 0x4f,
    0xd1, 0x4, 0x60,

    /* U+6F0F "漏" */
    0x2, 0x0, 0x0, 0x0, 0x0, 0x0, 0x0, 0xe7,
    0xd, 0xff, 0xff, 0xff, 0xf3, 0x3, 0xe1, 0xd2,
    0x0, 0x0, 0xd, 0x30, 0x0, 0xd, 0xee, 0xee,
    0xee, 0xf3, 0x37, 0x0, 0xd3, 0x11, 0x11, 0x11,
    0x1, 0xda, 0xd, 0xaf, 0xff, 0xff, 0xfb, 0x1,
    0x60, 0xd2, 0x0, 0x3c, 0x0, 0x0, 0x0, 0xf,
    0x8f, 0xee, 0xfe, 0xf8, 0x0, 0xb1, 0xf7, 0xa6,
    0x3c, 0x57, 0x80, 0x4c, 0x5d, 0x6a, 0x86, 0xc6,
    0x88, 0xa, 0x7b, 0x96, 0xa8, 0x4c, 0x77, 0x82,
    0xf4, 0xf3, 0x6a, 0x65, 0xc6, 0x87, 0x59, 0x28,
    0x6, 0xa0, 0x3c, 0x9f, 0x40, 0x0, 0x0, 0x0,
    0x0, 0x0, 0x0,

    /* U+6F14 "演" */
    0x0, 0x0, 0x0, 0x0, 0x0, 0x0, 0x0, 0xa4,
    0x0, 0x0, 0x4d, 0x10, 0x0, 0x4, 0xf5, 0xff,
    0xff, 0xff, 0xff, 0xe0, 0x3, 0x1e, 0x13, 0x33,
    0x33, 0x2e, 0x2a, 0x10, 0x53, 0x99, 0xf9, 0x91,
    0x40, 0x7e, 0x7, 0xee, 0xef, 0xee, 0xe1, 0x0,
    0x20, 0x88, 0x2, 0xe0, 0xe, 0x10, 0x2, 0x8,
    0xec, 0xcf, 0xcc, 0xf1, 0x0, 0xd2, 0x89, 0x2,
    0xe0, 0xe, 0x10, 0x3e, 0x8, 0xec, 0xdf, 0xcc,
    0xf1, 0x8, 0x90, 0x12, 0x82, 0x25, 0x62, 0x0,
    0xf3, 0x6, 0xdc, 0x10, 0x5d, 0xc3, 0x2b, 0x1,
    0xb5, 0x0, 0x0, 0x6, 0x80, 0x0, 0x0, 0x0,
    0x0, 0x0, 0x0,

    /* U+70B9 "点" */
    0x0, 0x0, 0x0, 0xe2, 0x0, 0x0, 0x0, 0x0,
    0x0, 0x0, 0xef, 0xff, 0xff, 0x80, 0x0, 0x0,
    0x0, 0xe3, 0x11, 0x11, 0x0, 0x0, 0x0, 0x0,
    0xe2, 0x0, 0x0, 0x0, 0x0, 0xef, 0xff, 0xff,
    0xff, 0xfe, 0x0, 0x0, 0xe3, 0x0, 0x0, 0x0,
    0x3e, 0x0, 0x0, 0xe2, 0x0, 0x0, 0x0, 0x2e,
    0x0, 0x0, 0xee, 0xee, 0xee, 0xee, 0xee, 0x0,
    0x0, 0x32, 0x22, 0x22, 0x22, 0x25, 0x0, 0x2,
    0xf1, 0x88, 0x6, 0xc0, 0x1f, 0x30, 0xc, 0x90,
    0x4f, 0x0, 0xe6, 0x7, 0xb0, 0x1b, 0x10, 0xc,
    0x20, 0x65, 0x0, 0xb0,

    /* U+7167 "照" */
    0x9, 0xcc, 0xc1, 0xff, 0xff, 0xff, 0x80, 0xc,
    0x52, 0xf1, 0x8, 0x90, 0x9, 0x70, 0xc, 0x40,
    0xf1, 0x2f, 0x30, 0xb, 0x60, 0xc, 0x51, 0xf4,
    0xf8, 0x6, 0x9f, 0x40, 0xc, 0xff, 0xf1, 0x50,
    0x4, 0x85, 0x0, 0xc, 0x40, 0xf1, 0xbf, 0xff,
    0xff, 0x20, 0xc, 0x40, 0xf1, 0xb6, 0x0, 0xe,
    0x20, 0xc, 0xa9, 0xf1, 0xb7, 0x22, 0x2e, 0x20,
    0x4, 0x66, 0x60, 0x9d, 0xdd, 0xdd, 0x10, 0x0,
    0x20, 0x0, 0x0, 0x10, 0x1, 0x0, 0x7, 0xd0,
    0x7c, 0x5, 0xc0, 0x2f, 0x30, 0x3f, 0x40, 0x1f,
    0x20, 0xe5, 0x8, 0xd0, 0x4, 0x0, 0x5, 0x10,
    0x31, 0x0, 0x40,

    /* U+7247 "片" */
    0x0, 0x0, 0x0, 0x0, 0x0, 0x0, 0x0, 0x4,
    0xd0, 0x0, 0x2f, 0x0, 0x0, 0x0, 0x4d, 0x0,
    0x2, 0xf0, 0x0, 0x0, 0x4, 0xd0, 0x0, 0x2f,
    0x0, 0x0, 0x0, 0x4f, 0xff, 0xff, 0xff, 0xff,
    0xb0, 0x4, 0xd1, 0x11, 0x11, 0x11, 0x10, 0x0,
    0x4d, 0x0, 0x0, 0x0, 0x0, 0x0, 0x5, 0xfe,
    0xee, 0xee, 0xe8, 0x0, 0x0, 0x6b, 0x22, 0x22,
    0x29, 0x90, 0x0, 0xa, 0x70, 0x0, 0x0, 0x79,
    0x0, 0x1, 0xf2, 0x0, 0x0, 0x7, 0x90, 0x0,
    0x9b, 0x0, 0x0, 0x0, 0x79, 0x0, 0xb, 0x20,
    0x0, 0x0, 0x7, 0x90, 0x0,

    /* U+7269 "物" */
    0x0, 0x0, 0x0, 0x0, 0x0, 0x0, 0x0, 0x4,
    0x3f, 0x0, 0xd, 0x30, 0x0, 0x0, 0xb, 0x6f,
    0x0, 0x4f, 0x88, 0x88, 0x80, 0xd, 0xef, 0xd2,
    0xd6, 0xd6, 0xd7, 0xf1, 0x1e, 0x4f, 0x3a, 0xb0,
    0xf0, 0xf1, 0xf1, 0x6a, 0x1f, 0x6, 0x14, 0xc2,
    0xf0, 0xf0, 0x13, 0x1f, 0x21, 0xb, 0x67, 0xb0,
    0xf0, 0x0, 0x1f, 0xe3, 0x6d, 0xd, 0x41, 0xf0,
    0x7, 0xef, 0x35, 0xe2, 0x5e, 0x2, 0xe0, 0x2d,
    0x7f, 0x9, 0x21, 0xe4, 0x4, 0xd0, 0x0, 0x1f,
    0x0, 0x1d, 0x90, 0x7, 0xc0, 0x0, 0x1f, 0x0,
    0xca, 0x0, 0xc, 0x90, 0x0, 0x1f, 0x0, 0x20,
    0xf, 0xfd, 0x10, 0x0, 0x0, 0x0, 0x0, 0x0,
    0x0, 0x0,

    /* U+7387 "率" */
    0x0, 0x0, 0x0, 0x21, 0x0, 0x0, 0x0, 0x0,
    0x0, 0x0, 0xc9, 0x0, 0x0, 0x0, 0x3f, 0xff,
    0xff, 0xff, 0xff, 0xff, 0xf3, 0x4, 0x91, 0x16,
    0xe1, 0x42, 0x18, 0x40, 0x1, 0xc9, 0x1e, 0x55,
    0xd2, 0x9d, 0x10, 0x0, 0x12, 0x4c, 0xde, 0x30,
    0x51, 0x0, 0x0, 0x3e, 0x25, 0xd2, 0xc6, 0x97,
    0x0, 0x7, 0xf6, 0x8f, 0xdd, 0xbe, 0x4d, 0x90,
    0x5, 0x50, 0x44, 0x77, 0x7, 0x22, 0x30, 0x3,
    0x33, 0x33, 0x9a, 0x33, 0x33, 0x30, 0x1c, 0xcc,
    0xcc, 0xee, 0xcc, 0xcc, 0xc1, 0x0, 0x0, 0x0,
    0x78, 0x0, 0x0, 0x0, 0x0, 0x0, 0x0, 0x78,
    0x0, 0x0, 0x0,

    /* U+73AF "环" */
    0x0, 0x0, 0x0, 0x11, 0x11, 0x11, 0x10, 0x4f,
    0xff, 0xe5, 0xff, 0xff, 0xff, 0xf4, 0x0, 0xa6,
    0x0, 0x0, 0x1f, 0x10, 0x0, 0x0, 0xa6, 0x0,
    0x0, 0x7e, 0x0, 0x0, 0x0, 0xa6, 0x0, 0x0,
    0xde, 0x0, 0x0, 0x3, 0xb8, 0x20, 0x5, 0xfe,
    0x31, 0x0, 0x2d, 0xfe, 0xb0, 0xd, 0xce, 0x8a,
    0x0, 0x0, 0xa6, 0x0, 0x7e, 0x3e, 0xe, 0x50,
    0x0, 0xa6, 0x3, 0xf5, 0x2e, 0x5, 0xe0, 0x0,
    0xa8, 0xa8, 0x90, 0x2e, 0x0, 0x91, 0x18, 0xec,
    0x50, 0x0, 0x2e, 0x0, 0x0, 0x18, 0x20, 0x0,
    0x0, 0x2e, 0x0, 0x0, 0x0, 0x0, 0x0, 0x0,
    0x2e, 0x0, 0x0,

    /* U+73B0 "现" */
    0x4f, 0xff, 0xf2, 0xdf, 0xff, 0xff, 0x0, 0x0,
    0x98, 0x0, 0xd5, 0x0, 0x1f, 0x0, 0x0, 0x98,
    0x0, 0xd5, 0x39, 0x1f, 0x0, 0x0, 0x98, 0x0,
    0xd5, 0x5b, 0x1f, 0x0, 0x3, 0xa9, 0x30, 0xd5,
    0x5b, 0x1f, 0x0, 0x1d, 0xfe, 0xd0, 0xd5, 0x7a,
    0x1f, 0x0, 0x0, 0x98, 0x0, 0xd5, 0x99, 0x1f,
    0x0, 0x0, 0x98, 0x0, 0xa4, 0xde, 0x3d, 0x0,
    0x0, 0x9a, 0xa5, 0x3, 0xfe, 0x30, 0x0, 0x19,
    0xed, 0x60, 0x1d, 0x7d, 0x30, 0x41, 0x19, 0x30,
    0x3, 0xda, 0xd, 0x30, 0xc4, 0x0, 0x0, 0x5f,
    0x70, 0xa, 0xff, 0xd0, 0x0, 0x0, 0x1, 0x0,
    0x0, 0x0, 0x0,

    /* U+7406 "理" */
    0x0, 0x0, 0x0, 0x11, 0x11, 0x11, 0x0, 0x6f,
    0xff, 0xb8, 0xfe, 0xff, 0xef, 0x50, 0x0, 0xd3,
    0x8, 0x80, 0xa7, 0xa, 0x50, 0x0, 0xd2, 0x8,
    0x80, 0xa7, 0xa, 0x50, 0x0, 0xd2, 0x8, 0xff,
    0xff, 0xff, 0x50, 0x15, 0xe6, 0x28, 0x80, 0xa7,
    0xa, 0x50, 0x2c, 0xfd, 0x68, 0xa4, 0xb9, 0x4c,
    0x50, 0x0, 0xd2, 0x6, 0xcc, 0xee, 0xcc, 0x40,
    0x0, 0xd2, 0x0, 0x0, 0xa7, 0x0, 0x0, 0x0,
    0xd7, 0x68, 0xff, 0xff, 0xff, 0x50, 0x2a, 0xfd,
    0x40, 0x11, 0xa8, 0x11, 0x0, 0x5a, 0x40, 0x1,
    0x11, 0xa8, 0x11, 0x10, 0x0, 0x0, 0x4f, 0xff,
    0xff, 0xff, 0xf1,

    /* U+751F "生" */
    0x0, 0x5, 0x20, 0x3e, 0x0, 0x0, 0x0, 0x0,
    0xf, 0x30, 0x3e, 0x0, 0x0, 0x0, 0x0, 0x6d,
    0x22, 0x5e, 0x22, 0x22, 0x10, 0x0, 0xde, 0xee,
    0xef, 0xee, 0xee, 0x90, 0x9, 0xc0, 0x0, 0x3e,
    0x0, 0x0, 0x0, 0xb, 0x20, 0x0, 0x3e, 0x0,
    0x0, 0x0, 0x0, 0x1, 0x11, 0x4e, 0x11, 0x11,
    0x0, 0x0, 0x6f, 0xff, 0xff, 0xff, 0xff, 0x10,
    0x0, 0x0, 0x0, 0x3e, 0x0, 0x0, 0x0, 0x0,
    0x0, 0x0, 0x3e, 0x0, 0x0, 0x0, 0x1, 0x11,
    0x11, 0x4e, 0x11, 0x11, 0x10, 0xf, 0xff, 0xff,
    0xff, 0xff, 0xff, 0xf4,

    /* U+7528 "用" */
    0x0, 0xef, 0xff, 0xff, 0xff, 0xff, 0xb0, 0xe,
    0x30, 0x3, 0xe0, 0x0, 0x6b, 0x0, 0xe2, 0x0,
    0x2e, 0x0, 0x6, 0xb0, 0xe, 0x52, 0x25, 0xe2,
    0x22, 0x7b, 0x0, 0xee, 0xee, 0xef, 0xee, 0xee,
    0xb0, 0xe, 0x20, 0x2, 0xe0, 0x0, 0x6b, 0x0,
    0xf3, 0x11, 0x3e, 0x11, 0x16, 0xb0, 0x1f, 0xff,
    0xff, 0xff, 0xff, 0xfb, 0x5, 0xe0, 0x0, 0x2e,
    0x0, 0x6, 0xb0, 0xaa, 0x0, 0x2, 0xe0, 0x0,
    0x6b, 0x1f, 0x50, 0x0, 0x2e, 0x1, 0x17, 0xb2,
    0xd0, 0x0, 0x0, 0x40, 0x6f, 0xf6, 0x0, 0x0,
    0x0, 0x0, 0x0, 0x0, 0x0,

    /* U+7531 "由" */
    0x0, 0x0, 0x5, 0xd0, 0x0, 0x0, 0x0, 0x0,
    0x5, 0xd0, 0x0, 0x0, 0x3f, 0xff, 0xff, 0xff,
    0xff, 0xfa, 0x3e, 0x11, 0x16, 0xd1, 0x11, 0x8a,
    0x3e, 0x0, 0x5, 0xd0, 0x0, 0x7a, 0x3e, 0x0,
    0x5, 0xd0, 0x0, 0x7a, 0x3f, 0xff, 0xff, 0xff,
    0xff, 0xfa, 0x3e, 0x0, 0x6, 0xd0, 0x0, 0x8a,
    0x3e, 0x0, 0x5, 0xd0, 0x0, 0x7a, 0x3e, 0x0,
    0x5, 0xd0, 0x0, 0x7a, 0x3f, 0xff, 0xff, 0xff,
    0xff, 0xfa, 0x3e, 0x11, 0x11, 0x11, 0x11, 0x8a,

    /* U+7535 "电" */
    0x0, 0x0, 0x2e, 0x0, 0x0, 0x0, 0x3, 0x44,
    0x46, 0xf4, 0x44, 0x42, 0x0, 0xcd, 0xbb, 0xcf,
    0xbb, 0xbe, 0x80, 0xc, 0x40, 0x2, 0xe0, 0x0,
    0x88, 0x0, 0xc7, 0x33, 0x5f, 0x33, 0x3a, 0x80,
    0xc, 0xdc, 0xcd, 0xfc, 0xcc, 0xe8, 0x0, 0xc4,
    0x0, 0x2e, 0x0, 0x8, 0x80, 0xc, 0x62, 0x25,
    0xe2, 0x22, 0x98, 0x0, 0xce, 0xdd, 0xef, 0xdd,
    0xdd, 0x70, 0x7, 0x20, 0x2, 0xe0, 0x0, 0x0,
    0x30, 0x0, 0x0, 0x2f, 0x20, 0x1, 0x3f, 0x40,
    0x0, 0x0, 0xaf, 0xff, 0xfe, 0xa0,

    /* U+753B "画" */
    0x2f, 0xff, 0xff, 0xff, 0xff, 0xff, 0xf3, 0x0,
    0x0, 0x0, 0x0, 0x0, 0x0, 0x0, 0x3, 0x25,
    0xdd, 0xdd, 0xdd, 0x42, 0x20, 0xb, 0x77, 0xa2,
    0x99, 0x2b, 0x59, 0x90, 0xb, 0x77, 0x90, 0x88,
    0xb, 0x59, 0x90, 0xb, 0x77, 0xfe, 0xff, 0xef,
    0x59, 0x90, 0xb, 0x77, 0x90, 0x88, 0xb, 0x59,
    0x90, 0xb, 0x77, 0x90, 0x88, 0xb, 0x59, 0x90,
    0xb, 0x76, 0xfe, 0xff, 0xef, 0x59, 0x90, 0xb,
    0x70, 0x0, 0x0, 0x0, 0x9, 0x90, 0xb, 0xee,
    0xee, 0xee, 0xee, 0xef, 0x90, 0xb, 0x82, 0x22,
    0x22, 0x22, 0x2a, 0x90,

    /* U+7684 "的" */
    0x1, 0x30, 0x0, 0x2, 0x0, 0x0, 0x7, 0xc0,
    0x0, 0xf, 0x20, 0x0, 0x7d, 0xc8, 0x60, 0x5d,
    0x0, 0x0, 0xe8, 0x89, 0xc0, 0xdf, 0xff, 0xfd,
    0xe1, 0x3, 0xc8, 0xd0, 0x0, 0x4d, 0xe1, 0x3,
    0xcb, 0x40, 0x0, 0x4d, 0xe2, 0x14, 0xc0, 0x7,
    0x0, 0x5c, 0xef, 0xff, 0xc0, 0xd, 0x60, 0x5c,
    0xe1, 0x3, 0xc0, 0x5, 0xd0, 0x6b, 0xe1, 0x3,
    0xc0, 0x0, 0x30, 0x6a, 0xe2, 0x14, 0xc0, 0x0,
    0x0, 0x89, 0xef, 0xff, 0xc0, 0x0, 0x12, 0xd5,
    0xb0, 0x1, 0x40, 0x2, 0xef, 0xb0,

    /* U+76AE "皮" */
    0x0, 0x0, 0x0, 0x2e, 0x0, 0x0, 0x0, 0x2,
    0xcc, 0xcc, 0xdf, 0xcc, 0xcc, 0x60, 0x2, 0xf4,
    0x44, 0x6f, 0x44, 0x4f, 0x50, 0x2, 0xe0, 0x0,
    0x2e, 0x0, 0x5d, 0x0, 0x2, 0xe0, 0x0, 0x2e,
    0x0, 0x0, 0x0, 0x2, 0xe5, 0xff, 0xff, 0xff,
    0xf9, 0x0, 0x2, 0xe0, 0x7c, 0x11, 0x11, 0xd4,
    0x0, 0x4, 0xd0, 0xe, 0x70, 0x6, 0xc0, 0x0,
    0x6, 0xb0, 0x3, 0xf7, 0x5e, 0x20, 0x0, 0xb,
    0x80, 0x0, 0x5f, 0xf5, 0x0, 0x0, 0x1f, 0x31,
    0x5a, 0xf9, 0xaf, 0xb5, 0x0, 0x4c, 0x1f, 0xd8,
    0x10, 0x2, 0x9e, 0xf1, 0x0, 0x1, 0x0, 0x0,
    0x0, 0x0, 0x20,

    /* U+76EE "目" */
    0xef, 0xff, 0xff, 0xff, 0xf2, 0xe3, 0x0, 0x0,
    0x0, 0xe2, 0xe2, 0x0, 0x0, 0x0, 0xe2, 0xe5,
    0x33, 0x33, 0x33, 0xf2, 0xec, 0xcc, 0xcc, 0xcc,
    0xf2, 0xe2, 0x0, 0x0, 0x0, 0xe2, 0xe3, 0x11,
    0x11, 0x11, 0xe2, 0xef, 0xff, 0xff, 0xff, 0xf2,
    0xe2, 0x0, 0x0, 0x0, 0xe2, 0xe2, 0x0, 0x0,
    0x0, 0xe2, 0xef, 0xff, 0xff, 0xff, 0xf2, 0xe3,
    0x11, 0x11, 0x11, 0xe2,

    /* U+76F4 "直" */
    0x1, 0x11, 0x11, 0x7c, 0x11, 0x11, 0x10, 0xc,
    0xff, 0xff, 0xff, 0xff, 0xff, 0xc0, 0x0, 0x0,
    0x0, 0xd5, 0x0, 0x0, 0x0, 0x0, 0x1f, 0xff,
    0xff, 0xff, 0xf0, 0x0, 0x0, 0x1f, 0x11, 0x11,
    0x11, 0xf0, 0x0, 0x0, 0x1f, 0xee, 0xee, 0xee,
    0xf0, 0x0, 0x0, 0x1f, 0x11, 0x11, 0x11, 0xf0,
    0x0, 0x0, 0x1f, 0xee, 0xee, 0xee, 0xf0, 0x0,
    0x0, 0x1f, 0x0, 0x0, 0x0, 0xf0, 0x0, 0x0,
    0x1f, 0xee, 0xee, 0xee, 0xf0, 0x0, 0x0, 0x2f,
    0x0, 0x0, 0x1, 0xf1, 0x0, 0xf, 0xff, 0xff,
    0xff, 0xff, 0xff, 0xf1,

    /* U+76F8 "相" */
    0x0, 0x1f, 0x0, 0x9f, 0xff, 0xff, 0xe0, 0x1,
    0xf0, 0x9, 0x80, 0x0, 0x2e, 0x1e, 0xef, 0xed,
    0x98, 0x0, 0x2, 0xe0, 0x68, 0xf6, 0x59, 0x93,
    0x33, 0x5e, 0x0, 0x7f, 0x60, 0x9e, 0xcc, 0xcc,
    0xe0, 0xd, 0xfe, 0x49, 0x80, 0x0, 0x2e, 0x4,
    0xdf, 0x5e, 0x98, 0x0, 0x2, 0xe0, 0xd6, 0xf0,
    0x39, 0xff, 0xff, 0xfe, 0x7b, 0x1f, 0x0, 0x98,
    0x0, 0x2, 0xe0, 0x11, 0xf0, 0x9, 0x80, 0x0,
    0x2e, 0x0, 0x1f, 0x0, 0x9f, 0xff, 0xff, 0xe0,
    0x1, 0xf0, 0x9, 0x80, 0x0, 0x2e,

    /* U+7740 "着" */
    0x0, 0x0, 0x0, 0x0, 0x1, 0x0, 0x0, 0x0,
    0x0, 0xc7, 0x0, 0x3f, 0x10, 0x0, 0x7, 0xcc,
    0xdf, 0xcc, 0xee, 0xcc, 0x80, 0x2, 0x33, 0x35,
    0xf4, 0x33, 0x33, 0x20, 0x0, 0xee, 0xef, 0xfe,
    0xee, 0xed, 0x0, 0x5, 0x55, 0x5e, 0x85, 0x55,
    0x55, 0x50, 0x8, 0x89, 0xfb, 0x88, 0x88, 0x88,
    0x80, 0x0, 0x2d, 0xff, 0xff, 0xff, 0xfb, 0x0,
    0x8, 0xfb, 0xd5, 0x55, 0x55, 0x8c, 0x0, 0x7,
    0x24, 0xe8, 0x88, 0x88, 0xac, 0x0, 0x0, 0x4,
    0xfd, 0xdd, 0xdd, 0xdc, 0x0, 0x0, 0x4, 0xc0,
    0x0, 0x0, 0x4c, 0x0, 0x0, 0x4, 0xff, 0xff,
    0xff, 0xfc, 0x0,

    /* U+786C "硬" */
    0x1a, 0xaa, 0xa9, 0xbf, 0xff, 0xff, 0xf3, 0x6,
    0xbb, 0x65, 0x0, 0xe, 0x10, 0x0, 0x0, 0xb5,
    0x0, 0x6d, 0xdf, 0xdd, 0xc0, 0x0, 0xf0, 0x0,
    0x79, 0x1e, 0x23, 0xe0, 0x5, 0xc0, 0x0, 0x7c,
    0x7f, 0x78, 0xe0, 0xc, 0xff, 0xf6, 0x7c, 0x8f,
    0x99, 0xe0, 0x3e, 0xf1, 0xa6, 0x79, 0xe, 0x23,
    0xe0, 0x26, 0xf1, 0xa6, 0x6e, 0xef, 0xee, 0xc0,
    0x0, 0xf1, 0xa6, 0x39, 0x2f, 0x0, 0x0, 0x0,
    0xf5, 0xb6, 0xc, 0xdb, 0x0, 0x0, 0x0, 0xfc,
    0xc4, 0x6, 0xfe, 0x71, 0x0, 0x0, 0xc1, 0x3,
    0xde, 0x43, 0xaf, 0xd4, 0x0, 0x0, 0x1, 0x50,
    0x0, 0x0, 0x40,

    /* U+78C1 "磁" */
    0x0, 0x0, 0x0, 0x1, 0x0, 0x1, 0x0, 0x15,
    0x55, 0x50, 0x6c, 0x0, 0xf, 0x40, 0x3b, 0xfc,
    0xb2, 0x1e, 0x40, 0x7d, 0x0, 0x0, 0xf0, 0x7,
    0xff, 0xff, 0xff, 0xf4, 0x4, 0xc0, 0x0, 0x28,
    0x0, 0x27, 0x0, 0x9, 0x80, 0x0, 0x89, 0x0,
    0x89, 0x0, 0xe, 0xff, 0xb0, 0xd3, 0xe1, 0xd3,
    0xe0, 0x6f, 0xb4, 0xb6, 0xb4, 0xb5, 0xb4, 0xb0,
    0x28, 0xb4, 0xbc, 0xde, 0x5c, 0xde, 0x50, 0x4,
    0xb4, 0xb2, 0x3e, 0x2, 0x3e, 0x0, 0x4, 0xc6,
    0xb0, 0x98, 0x50, 0x89, 0x50, 0x4, 0xed, 0xb2,
    0xe5, 0xf2, 0xe5, 0xf0, 0x4, 0x90, 0x28, 0xe8,
    0xda, 0xe9, 0xd2, 0x0, 0x0, 0x0, 0x0, 0x31,
    0x0, 0x30,

    /* U+793A "示" */
    0x0, 0xcc, 0xcc, 0xcc, 0xcc, 0xcc, 0x0, 0x0,
    0x44, 0x44, 0x44, 0x44, 0x44, 0x0, 0x0, 0x0,
    0x0, 0x0, 0x0, 0x0, 0x0, 0x0, 0x11, 0x11,
    0x11, 0x11, 0x11, 0x0, 0xf, 0xff, 0xff, 0xff,
    0xff, 0xff, 0xf0, 0x0, 0x0, 0x0, 0x79, 0x0,
    0x0, 0x0, 0x0, 0x3, 0x40, 0x79, 0x6, 0x30,
    0x0, 0x0, 0xd, 0x70, 0x79, 0x7, 0xe2, 0x0,
    0x0, 0x9d, 0x0, 0x79, 0x0, 0x9e, 0x10, 0x6,
    0xf3, 0x0, 0x79, 0x0, 0xc, 0xb0, 0x1f, 0x60,
    0x11, 0x99, 0x0, 0x2, 0xd1, 0x1, 0x0, 0x8f,
    0xf5, 0x0, 0x0, 0x0,

    /* U+79CD "种" */
    0x0, 0x0, 0x0, 0x0, 0x0, 0x0, 0x0, 0x0,
    0x37, 0xc8, 0x0, 0xe, 0x20, 0x0, 0xc, 0xbf,
    0x20, 0x0, 0xe, 0x20, 0x0, 0x0, 0x1f, 0x0,
    0xbd, 0xdf, 0xed, 0xd1, 0x3e, 0xef, 0xec, 0xd4,
    0xe, 0x30, 0xf1, 0x1, 0x7f, 0x31, 0xd4, 0xe,
    0x20, 0xf1, 0x0, 0xcf, 0xb0, 0xd4, 0xe, 0x20,
    0xf1, 0x2, 0xff, 0xc6, 0xd7, 0x3f, 0x53, 0xf1,
    0xb, 0xbf, 0x38, 0xdd, 0xcf, 0xcc, 0xf1, 0x5f,
    0x3f, 0x0, 0x62, 0xe, 0x20, 0x80, 0x14, 0x1f,
    0x0, 0x0, 0xe, 0x20, 0x0, 0x0, 0x1f, 0x0,
    0x0, 0xe, 0x20, 0x0, 0x0, 0x1f, 0x0, 0x0,
    0xe, 0x20, 0x0,

    /* U+79D2 "秒" */
    0x0, 0x0, 0x0, 0x0, 0x0, 0x0, 0x0, 0x0,
    0x37, 0xc8, 0x0, 0x3f, 0x0, 0x0, 0xc, 0xbf,
    0x20, 0x27, 0x3f, 0x29, 0x0, 0x0, 0x1f, 0x0,
    0x6b, 0x3f, 0xe, 0x40, 0x3e, 0xef, 0xec, 0xa8,
    0x3f, 0x6, 0xc0, 0x1, 0x7f, 0x32, 0xf3, 0x3f,
    0x0, 0xf3, 0x0, 0xcf, 0xb5, 0xe0, 0x3f, 0x0,
    0x50, 0x2, 0xff, 0xc8, 0x40, 0x3f, 0xa, 0x70,
    0xa, 0xbf, 0x39, 0x0, 0x3f, 0x5e, 0x10, 0x3f,
    0x3f, 0x0, 0x0, 0x9, 0xf5, 0x0, 0x36, 0x1f,
    0x0, 0x0, 0x8f, 0x40, 0x0, 0x0, 0x1f, 0x1,
    0x7e, 0xb2, 0x0, 0x0, 0x0, 0x1f, 0xd, 0x93,
    0x0, 0x0, 0x0, 0x0, 0x0, 0x0, 0x0, 0x0,
    0x0, 0x0,

    /* U+79FB "移" */
    0x0, 0x0, 0x1, 0x0, 0x2, 0x0, 0x0, 0x26,
    0xaf, 0x80, 0xb, 0xa0, 0x0, 0xd, 0xbf, 0x10,
    0x2c, 0xff, 0xff, 0xa0, 0x1, 0xf0, 0x4e, 0xf3,
    0x1, 0xe4, 0x3e, 0xef, 0xed, 0x4, 0x54, 0xe7,
    0x0, 0x17, 0xf3, 0x24, 0x7d, 0xd4, 0x0, 0x0,
    0xcf, 0xc9, 0xea, 0x8d, 0x10, 0x0, 0x3f, 0xfa,
    0xa0, 0x3e, 0xff, 0xfe, 0xc, 0x9f, 0x15, 0x8f,
    0x90, 0x7, 0xb5, 0xe2, 0xf0, 0x5c, 0x6f, 0x24,
    0xe2, 0x3, 0x1f, 0x0, 0x0, 0x38, 0xe3, 0x0,
    0x1, 0xf0, 0x25, 0xaf, 0x91, 0x0, 0x0, 0x1f,
    0xd, 0xc7, 0x10, 0x0, 0x0, 0x0, 0x0, 0x0,
    0x0, 0x0, 0x0,

    /* U+7A0B "程" */
    0x0, 0x0, 0x31, 0x0, 0x0, 0x0, 0x0, 0xa,
    0xdf, 0xd5, 0x7f, 0xff, 0xff, 0xd0, 0x5, 0x5e,
    0x0, 0x79, 0x0, 0x3, 0xd0, 0x0, 0x1e, 0x0,
    0x79, 0x0, 0x3, 0xd0, 0x1d, 0xdf, 0xdc, 0x7f,
    0xee, 0xee, 0xd0, 0x2, 0x6f, 0x22, 0x1, 0x11,
    0x11, 0x10, 0x0, 0x8f, 0x70, 0x34, 0x44, 0x44,
    0x40, 0x0, 0xef, 0xe3, 0x9b, 0xbf, 0xcb, 0xb2,
    0x7, 0xde, 0x41, 0x0, 0xf, 0x20, 0x0, 0x2f,
    0x5e, 0x0, 0x7f, 0xff, 0xff, 0xc0, 0x6, 0x1e,
    0x0, 0x0, 0xf, 0x20, 0x0, 0x0, 0x1e, 0x0,
    0x0, 0xf, 0x20, 0x0, 0x0, 0x1e, 0x2, 0xff,
    0xff, 0xff, 0xf7,

    /* U+7A0D "稍" */
    0x5, 0x8a, 0xd6, 0x64, 0xf, 0x14, 0x90, 0x88,
    0xe2, 0x3, 0xe0, 0xf1, 0xd6, 0x0, 0x1e, 0x0,
    0x15, 0x3f, 0x45, 0x31, 0xdd, 0xfd, 0xc8, 0xdb,
    0xbb, 0xce, 0x2, 0x6f, 0x22, 0x88, 0x0, 0x2,
    0xe0, 0x8, 0xf8, 0x8, 0x93, 0x33, 0x4e, 0x0,
    0xef, 0xe3, 0x8d, 0xaa, 0xab, 0xe0, 0x7d, 0xe4,
    0x18, 0x80, 0x0, 0x2e, 0x2f, 0x5e, 0x0, 0x8f,
    0xff, 0xff, 0xe0, 0x51, 0xe0, 0x8, 0x80, 0x0,
    0x2e, 0x0, 0x1e, 0x0, 0x88, 0x0, 0x23, 0xe0,
    0x1, 0xe0, 0x8, 0x80, 0xd, 0xf9,

    /* U+7A33 "稳" */
    0x0, 0x0, 0x0, 0x0, 0x0, 0x0, 0x0, 0x0,
    0x5b, 0xa0, 0xb, 0x70, 0x0, 0x0, 0xe, 0xea,
    0x0, 0xae, 0xdd, 0xf7, 0x0, 0x0, 0x78, 0x5,
    0xa0, 0x3, 0xe1, 0x0, 0x18, 0xbc, 0x70, 0x7f,
    0xff, 0xff, 0xc0, 0x18, 0xec, 0x70, 0x0, 0x0,
    0x4, 0xc0, 0x1, 0xfd, 0x0, 0x5e, 0xee, 0xee,
    0xc0, 0x6, 0xfe, 0x90, 0x0, 0x0, 0x4, 0xc0,
    0xd, 0xc8, 0x80, 0x8f, 0xff, 0xff, 0xb0, 0x5e,
    0x78, 0x2, 0x19, 0x36, 0x1, 0x20, 0x14, 0x78,
    0xb, 0x7f, 0x1b, 0x55, 0xd1, 0x0, 0x78, 0x1f,
    0x3f, 0x10, 0x5b, 0x98, 0x0, 0x78, 0x18, 0xb,
    0xff, 0xf9, 0x0,

    /* U+7A97 "窗" */
    0x0, 0x0, 0x0, 0x0, 0x0, 0x0, 0x0, 0x3,
    0x33, 0x33, 0xc9, 0x33, 0x33, 0x30, 0xf, 0xbb,
    0xbb, 0xbb, 0xbb, 0xbb, 0xf0, 0xe, 0x16, 0xe2,
    0x0, 0x4c, 0x63, 0xe0, 0x9, 0xea, 0x24, 0x70,
    0x4, 0x9e, 0xa0, 0x6, 0x76, 0x6f, 0xa6, 0x66,
    0x67, 0x40, 0x4, 0xe6, 0x6a, 0x96, 0x66, 0x6f,
    0x10, 0x4, 0xd0, 0x1e, 0xda, 0xaa, 0xf, 0x10,
    0x4, 0xd1, 0xde, 0x53, 0xbc, 0xf, 0x10, 0x4,
    0xd2, 0x99, 0xfd, 0xe2, 0xf, 0x10, 0x4, 0xd0,
    0x8c, 0xfc, 0xe4, 0xf, 0x10, 0x4, 0xd1, 0xa8,
    0x31, 0x84, 0x1f, 0x10, 0x4, 0xfd, 0xdd, 0xdd,
    0xdd, 0xdf, 0x10,

    /* U+7ACB "立" */
    0x0, 0x0, 0x0, 0x41, 0x0, 0x0, 0x0, 0x0,
    0x0, 0x0, 0xd7, 0x0, 0x0, 0x0, 0x0, 0x0,
    0x0, 0x7c, 0x0, 0x0, 0x0, 0x7, 0xff, 0xff,
    0xff, 0xff, 0xff, 0xe0, 0x0, 0x12, 0x11, 0x11,
    0x11, 0x63, 0x10, 0x0, 0xe, 0x60, 0x0, 0x0,
    0xf5, 0x0, 0x0, 0x8, 0xc0, 0x0, 0x3, 0xf1,
    0x0, 0x0, 0x2, 0xf2, 0x0, 0x7, 0xd0, 0x0,
    0x0, 0x0, 0xd7, 0x0, 0xb, 0x90, 0x0, 0x0,
    0x0, 0x9b, 0x0, 0x1f, 0x30, 0x0, 0x0, 0x0,
    0x5e, 0x0, 0x6d, 0x0, 0x0, 0x1, 0x11, 0x22,
    0x11, 0xc8, 0x11, 0x10, 0x1f, 0xff, 0xff, 0xff,
    0xff, 0xff, 0xf7,

    /* U+7AD6 "竖" */
    0x4, 0xd0, 0xc4, 0xaf, 0xff, 0xff, 0x10, 0x4,
    0xd0, 0xc4, 0x16, 0x0, 0x8b, 0x0, 0x4, 0xd0,
    0xc4, 0x1c, 0x96, 0xe2, 0x0, 0x4, 0xd0, 0xc4,
    0x4, 0xff, 0xa2, 0x0, 0x4, 0xd0, 0xc4, 0xdf,
    0x94, 0xaf, 0x90, 0x0, 0x10, 0xc4, 0x54, 0x0,
    0x1, 0x10, 0x0, 0x0, 0x52, 0x9a, 0x0, 0x0,
    0x0, 0x5, 0xff, 0xff, 0xff, 0xff, 0xff, 0x70,
    0x0, 0x8, 0x0, 0x0, 0x1, 0x70, 0x0, 0x0,
    0xc, 0x70, 0x0, 0x8, 0xb0, 0x0, 0x0, 0x5,
    0xe0, 0x0, 0x1f, 0x40, 0x0, 0x2f, 0xff, 0xff,
    0xff, 0xff, 0xff, 0xf3,

    /* U+7AEF "端" */
    0x0, 0xa4, 0x0, 0x40, 0x1f, 0x0, 0x40, 0x0,
    0x8a, 0x0, 0xf2, 0x1f, 0x1, 0xf0, 0x1e, 0xff,
    0xe8, 0xf4, 0x4f, 0x34, 0xf0, 0x1, 0x11, 0x20,
    0xbb, 0xbb, 0xbb, 0xb0, 0x6, 0x30, 0xe2, 0x33,
    0x33, 0x33, 0x31, 0x8, 0x50, 0xf4, 0xcc, 0xdf,
    0xcc, 0xc5, 0x7, 0x73, 0xc0, 0x22, 0x8b, 0x22,
    0x20, 0x5, 0x96, 0x90, 0xec, 0xfc, 0xfc, 0xf2,
    0x3, 0xb9, 0x50, 0xe2, 0xe1, 0xe1, 0xe2, 0x1,
    0x5d, 0x53, 0xe2, 0xe1, 0xe1, 0xe2, 0x6, 0xaf,
    0xb3, 0xe2, 0xe1, 0xe1, 0xe1, 0xa, 0x72, 0x0,
    0xd1, 0xc1, 0xc5, 0xd0,

    /* U+7B26 "符" */
    0x0, 0x3, 0x0, 0x0, 0x11, 0x0, 0x0, 0x0,
    0x3f, 0x21, 0x10, 0xa9, 0x11, 0x10, 0x0, 0xcf,
    0xff, 0xf5, 0xff, 0xff, 0xf4, 0x9, 0xe1, 0xaa,
    0x2e, 0x70, 0xd6, 0x0, 0x6, 0x33, 0x74, 0x16,
    0x0, 0x62, 0x0, 0x0, 0xb, 0x80, 0x0, 0x0,
    0xc5, 0x0, 0x0, 0x5f, 0x1e, 0xff, 0xff, 0xff,
    0xf3, 0x2, 0xfe, 0x1, 0x32, 0x11, 0xc6, 0x10,
    0x1d, 0xce, 0x0, 0xbb, 0x0, 0xc5, 0x0, 0x7,
    0x3e, 0x0, 0x1f, 0x50, 0xc5, 0x0, 0x0, 0x3e,
    0x0, 0x6, 0x20, 0xc5, 0x0, 0x0, 0x3e, 0x0,
    0x0, 0x32, 0xd4, 0x0, 0x0, 0x3e, 0x0, 0x0,
    0xde, 0xc1, 0x0,

    /* U+7B2C "第" */
    0x0, 0x8, 0x10, 0x0, 0x36, 0x0, 0x0, 0x0,
    0x9f, 0xbb, 0xb2, 0xce, 0xbb, 0xb4, 0x7, 0xe3,
    0xac, 0x3a, 0xc3, 0xc9, 0x31, 0x9, 0x20, 0x8,
    0x18, 0x10, 0x26, 0x0, 0x0, 0xbf, 0xff, 0xff,
    0xff, 0xff, 0x20, 0x0, 0x0, 0x0, 0x3e, 0x0,
    0xe, 0x20, 0x0, 0x9d, 0xdd, 0xef, 0xdd, 0xdf,
    0x20, 0x0, 0xe3, 0x11, 0x4e, 0x11, 0x11, 0x0,
    0x2, 0xfc, 0xcc, 0xdf, 0xcc, 0xcc, 0xa0, 0x0,
    0x22, 0x2c, 0xee, 0x22, 0x28, 0xb0, 0x0, 0x3,
    0xcb, 0x4e, 0x0, 0x8, 0xa0, 0x6, 0xce, 0x60,
    0x3e, 0xa, 0xff, 0x50, 0x8, 0x50, 0x0, 0x3e,
    0x0, 0x10, 0x0,

    /* U+7B49 "等" */
    0x0, 0x18, 0x0, 0x0, 0x44, 0x0, 0x0, 0x0,
    0xaf, 0xbb, 0xa0, 0xed, 0xbb, 0xb2, 0x7, 0xd3,
    0xd9, 0x3b, 0xa3, 0xf7, 0x30, 0x1e, 0x30, 0x4a,
    0x1a, 0x0, 0x51, 0x0, 0x0, 0x11, 0x11, 0x78,
    0x11, 0x11, 0x0, 0x2, 0xee, 0xee, 0xef, 0xee,
    0xee, 0x10, 0x1, 0x11, 0x11, 0x8a, 0x11, 0x11,
    0x10, 0x2e, 0xee, 0xee, 0xee, 0xef, 0xfe, 0xe2,
    0x0, 0x0, 0x0, 0x0, 0x8, 0x90, 0x0, 0x8,
    0xff, 0xff, 0xff, 0xff, 0xff, 0xb0, 0x0, 0x2c,
    0x20, 0x0, 0x8, 0x90, 0x0, 0x0, 0x7, 0xc0,
    0x21, 0x9, 0x80, 0x0, 0x0, 0x0, 0x0, 0x9e,
    0xfe, 0x40, 0x0,

    /* U+7B4B "筋" */
    0x0, 0x2, 0x0, 0x0, 0x11, 0x0, 0x0, 0x0,
    0x5e, 0x11, 0x10, 0xba, 0x11, 0x10, 0x1, 0xdf,
    0xff, 0xf7, 0xff, 0xff, 0xf4, 0xc, 0xc0, 0xc7,
    0x4f, 0x70, 0xc7, 0x0, 0x6, 0x43, 0x56, 0x15,
    0x16, 0x11, 0x0, 0x1, 0xfc, 0xcf, 0x30, 0x2e,
    0x0, 0x0, 0x1, 0xe0, 0xd, 0x3b, 0xff, 0xff,
    0xd0, 0x1, 0xfe, 0xef, 0x30, 0x5d, 0x15, 0xd0,
    0x1, 0xe0, 0xd, 0x30, 0x6b, 0x4, 0xd0, 0x2,
    0xfe, 0xef, 0x30, 0xa8, 0x5, 0xc0, 0x6, 0xa0,
    0xd, 0x31, 0xf3, 0x6, 0xb0, 0xc, 0x50, 0xd,
    0x3b, 0xb1, 0x1b, 0x90, 0x3c, 0x9, 0xfe, 0x3d,
    0x17, 0xfd, 0x20, 0x0, 0x0, 0x0, 0x0, 0x0,
    0x0, 0x0,

    /* U+7C27 "簧" */
    0x0, 0x54, 0x0, 0x1, 0x60, 0x0, 0x0, 0x1,
    0xed, 0xbb, 0x99, 0xfb, 0xbb, 0xb0, 0xc, 0xa2,
    0xf5, 0x4e, 0x34, 0xf4, 0x20, 0x1a, 0x0, 0x91,
    0x1, 0x16, 0x40, 0x0, 0xa, 0xff, 0xff, 0xff,
    0xff, 0xff, 0x90, 0x13, 0x35, 0xd3, 0x33, 0x6d,
    0x33, 0x30, 0x4b, 0xbb, 0xbb, 0xdd, 0xbb, 0xbb,
    0xb2, 0x0, 0xbb, 0xbb, 0xed, 0xbb, 0xb9, 0x0,
    0x0, 0xf2, 0x22, 0xa8, 0x22, 0x4d, 0x0, 0x0,
    0xfe, 0xee, 0xff, 0xee, 0xed, 0x0, 0x0, 0xf2,
    0x22, 0xa8, 0x22, 0x4d, 0x0, 0x0, 0xcc, 0xcc,
    0xcc, 0xcc, 0xca, 0x0, 0x27, 0x9b, 0xd1, 0x0,
    0x5d, 0xb8, 0x50, 0x7, 0x52, 0x0, 0x0, 0x0,
    0x36, 0x50,

    /* U+7CBE "精" */
    0x2, 0x4b, 0x11, 0x35, 0x6f, 0x55, 0x40, 0xe,
    0x4b, 0x77, 0x46, 0x7f, 0x66, 0x40, 0xb, 0x8b,
    0xd2, 0x1d, 0xdf, 0xdd, 0x40, 0x3, 0x5b, 0x40,
    0x0, 0x1f, 0x0, 0x0, 0x1f, 0xff, 0xf9, 0xff,
    0xff, 0xff, 0xf1, 0x0, 0x9b, 0x0, 0x0, 0x0,
    0x0, 0x0, 0x0, 0xee, 0x10, 0x3f, 0xee, 0xef,
    0x40, 0x6, 0xee, 0xd1, 0x3e, 0x55, 0x5d, 0x40,
    0x1e, 0x6b, 0x93, 0x3e, 0x66, 0x6d, 0x40, 0x27,
    0x4b, 0x0, 0x3f, 0xdd, 0xdf, 0x40, 0x0, 0x4b,
    0x0, 0x3d, 0x11, 0x2d, 0x30, 0x0, 0x4b, 0x0,
    0x3d, 0x0, 0xde, 0x10,

    /* U+7CFB "系" */
    0x0, 0x0, 0x0, 0x12, 0x34, 0x65, 0x0, 0x1d,
    0xff, 0xff, 0xdc, 0xb9, 0x80, 0x0, 0x0, 0x1e,
    0x60, 0x4, 0x0, 0x0, 0x0, 0x1c, 0x80, 0x9,
    0xc1, 0x0, 0x0, 0x3e, 0xa5, 0x7b, 0xb0, 0x0,
    0x0, 0x7, 0xca, 0xbf, 0x70, 0x58, 0x0, 0x0,
    0x1, 0x9c, 0x30, 0x2, 0xe8, 0x0, 0x6, 0xed,
    0x9a, 0xce, 0xec, 0xf4, 0x0, 0x68, 0x65, 0x7f,
    0x0, 0x7, 0xb0, 0x0, 0x3b, 0x4, 0xf0, 0x98,
    0x0, 0x0, 0x6f, 0x60, 0x4f, 0x2, 0xe8, 0x0,
    0xbe, 0x40, 0x36, 0xe0, 0x3, 0xf5, 0x5, 0x0,
    0xc, 0xf9, 0x0, 0x4, 0x20,

    /* U+7E41 "繁" */
    0x0, 0x61, 0x0, 0x0, 0x8, 0x0, 0x0, 0x4,
    0xed, 0xdd, 0xd9, 0x4d, 0x55, 0x51, 0xe, 0x30,
    0x0, 0x0, 0xbf, 0xff, 0xf3, 0x1, 0xcc, 0xfb,
    0xf6, 0xf7, 0x1c, 0x40, 0x8, 0xf8, 0xe9, 0xf7,
    0x4d, 0x9b, 0x0, 0x6, 0xd6, 0xd6, 0xc2, 0xa,
    0xf9, 0x0, 0x5, 0xdd, 0xde, 0xe2, 0xe9, 0x19,
    0xe2, 0x0, 0x2, 0xa5, 0x10, 0x5c, 0x40, 0x10,
    0x0, 0x9f, 0xca, 0xbd, 0xa4, 0x91, 0x0, 0x0,
    0x36, 0xaa, 0x62, 0x13, 0xcd, 0x20, 0x7, 0xee,
    0xcb, 0xde, 0x98, 0x57, 0xc0, 0x2, 0x6a, 0xc1,
    0x7a, 0x3e, 0xb6, 0x20, 0x6, 0x94, 0xc, 0xf6,
    0x0, 0x38, 0x40,

    /* U+7EA2 "红" */
    0x0, 0x24, 0x0, 0x0, 0x0, 0x0, 0x0, 0x0,
    0x98, 0x1, 0xcc, 0xcc, 0xcc, 0x90, 0x0, 0xe2,
    0x20, 0x44, 0x7e, 0x44, 0x30, 0x7, 0x91, 0xe3,
    0x0, 0x4d, 0x0, 0x0, 0x2f, 0x8b, 0xa0, 0x0,
    0x4d, 0x0, 0x0, 0x1a, 0xaf, 0x20, 0x0, 0x4d,
    0x0, 0x0, 0x0, 0xc7, 0x0, 0x0, 0x4d, 0x0,
    0x0, 0x9, 0xb3, 0x70, 0x0, 0x4d, 0x0, 0x0,
    0x4f, 0xfc, 0x70, 0x0, 0x4d, 0x0, 0x0, 0x4,
    0x10, 0x0, 0x0, 0x4d, 0x0, 0x0, 0x2, 0x6a,
    0xe3, 0x0, 0x4d, 0x0, 0x0, 0x5f, 0xc7, 0x20,
    0x11, 0x5d, 0x11, 0x10, 0x1, 0x0, 0x9, 0xff,
    0xff, 0xff, 0xf1,

    /* U+7EA6 "约" */
    0x0, 0x2, 0x0, 0x0, 0x20, 0x0, 0x0, 0x4,
    0xd0, 0x0, 0x1f, 0x20, 0x0, 0x0, 0xb6, 0x0,
    0x7, 0xd0, 0x0, 0x0, 0x3d, 0xb, 0x61, 0xef,
    0xff, 0xfe, 0xd, 0x97, 0xe0, 0xbc, 0x0, 0x4,
    0xe0, 0xba, 0xf5, 0x9, 0x10, 0x0, 0x3e, 0x0,
    0x9a, 0x0, 0x1, 0xc0, 0x4, 0xd0, 0x6e, 0x58,
    0x10, 0xb, 0x80, 0x4d, 0xf, 0xeb, 0x60, 0x0,
    0x4d, 0x5, 0xc0, 0x10, 0x2, 0x10, 0x0, 0x0,
    0x5b, 0x17, 0xbe, 0xe5, 0x0, 0x0, 0x7, 0xa0,
    0xb7, 0x30, 0x0, 0x1, 0x43, 0xc6, 0x0, 0x0,
    0x0, 0x0, 0x2d, 0xfb, 0x0,

    /* U+7EBF "线" */
    0x0, 0x2c, 0x0, 0x0, 0xf2, 0xb2, 0x0, 0x0,
    0x98, 0x0, 0x0, 0xe2, 0x78, 0x0, 0x1, 0xe1,
    0x95, 0x0, 0xe7, 0x7a, 0x40, 0xb, 0x85, 0xe1,
    0xdf, 0xfc, 0x96, 0x10, 0xc, 0xbf, 0x60, 0x20,
    0xc4, 0x0, 0x30, 0x0, 0x8b, 0x0, 0x3, 0xcc,
    0xcf, 0xd0, 0x6, 0xe4, 0x77, 0xfc, 0xdb, 0x34,
    0x30, 0xf, 0xfb, 0x61, 0x0, 0x5d, 0x2e, 0x50,
    0x1, 0x0, 0x21, 0x0, 0x1f, 0xe8, 0x0, 0x17,
    0xbe, 0xe5, 0x1, 0x9f, 0xc0, 0xa3, 0xa, 0x62,
    0x0, 0xaf, 0xc4, 0xe7, 0xe2, 0x0, 0x0, 0x0,
    0x73, 0x0, 0x3d, 0xa0,

    /* U+7EC3 "练" */
    0x0, 0x0, 0x0, 0x0, 0x0, 0x0, 0x0, 0x0,
    0x6b, 0x0, 0x0, 0x6a, 0x0, 0x0, 0x0, 0xc7,
    0x1, 0x44, 0xc9, 0x44, 0x40, 0x3, 0xe1, 0xa6,
    0xbc, 0xfb, 0xbb, 0xb0, 0xc, 0x76, 0xd0, 0x18,
    0xb1, 0x10, 0x0, 0xe, 0xdf, 0x43, 0xef, 0xef,
    0xa0, 0x0, 0x0, 0x89, 0x0, 0x8b, 0x6, 0xa0,
    0x0, 0x6, 0xd6, 0x80, 0xfc, 0xbd, 0xeb, 0xa0,
    0xf, 0xd9, 0x30, 0x33, 0x38, 0xb3, 0x30, 0x0,
    0x0, 0x20, 0x88, 0x6, 0xab, 0x60, 0x17, 0xbf,
    0xc2, 0xf3, 0x6, 0xa5, 0xe0, 0xc, 0x83, 0xb,
    0xa0, 0x17, 0xa0, 0xe3, 0x0, 0x0, 0x2, 0x0,
    0xdf, 0x70, 0x10,

    /* U+7ED1 "绑" */
    0x0, 0xb4, 0x0, 0xa6, 0x8, 0xff, 0xf1, 0x1,
    0xe2, 0x2c, 0xee, 0xc8, 0x70, 0xe0, 0x7, 0x8a,
    0x83, 0xb8, 0x28, 0x74, 0xa0, 0xe, 0x7f, 0x20,
    0xa6, 0x8, 0x79, 0x60, 0x9, 0xca, 0xd, 0xff,
    0xb8, 0x7d, 0x20, 0x1, 0xe2, 0x0, 0xa6, 0x8,
    0x78, 0x60, 0xa, 0x95, 0x10, 0xa6, 0x8, 0x71,
    0xd0, 0x2f, 0xe9, 0x5f, 0xff, 0xf8, 0x70, 0xd1,
    0x2, 0x2, 0x10, 0xe3, 0x8, 0x70, 0xc2, 0x17,
    0xce, 0x23, 0xe0, 0x8, 0x8c, 0xd0, 0x1b, 0x50,
    0xb, 0x80, 0x8, 0x72, 0x0, 0x0, 0x0, 0x1b,
    0x0, 0x8, 0x70, 0x0,

    /* U+7ED3 "结" */
    0x0, 0x3c, 0x0, 0x0, 0xf, 0x20, 0x0, 0x0,
    0xa8, 0x0, 0x44, 0x4f, 0x64, 0x41, 0x3, 0xe1,
    0x95, 0xbb, 0xbf, 0xcb, 0xb3, 0xd, 0x97, 0xf1,
    0x0, 0xf, 0x20, 0x0, 0x8, 0x8f, 0x70, 0x6c,
    0xcf, 0xcc, 0xa0, 0x0, 0xac, 0x0, 0x24, 0x44,
    0x44, 0x30, 0x6, 0xe3, 0x71, 0x1, 0x11, 0x11,
    0x0, 0xf, 0xfe, 0x91, 0x3f, 0xff, 0xff, 0xa0,
    0x4, 0x10, 0x11, 0x3d, 0x0, 0x6, 0xa0, 0x6,
    0xae, 0xf5, 0x3d, 0x0, 0x6, 0xa0, 0xc, 0x83,
    0x0, 0x3f, 0xff, 0xff, 0xa0, 0x0, 0x0, 0x0,
    0x3d, 0x11, 0x17, 0xa0,

    /* U+7EDF "统" */
    0x0, 0x6, 0x0, 0x0, 0x24, 0x0, 0x0, 0x0,
    0x5c, 0x0, 0x0, 0x5d, 0x0, 0x0, 0x0, 0xc5,
    0x22, 0xee, 0xef, 0xee, 0xe1, 0x4, 0xc0, 0xc6,
    0x13, 0xf2, 0x42, 0x10, 0xe, 0xaa, 0xd0, 0xa,
    0x90, 0xa9, 0x0, 0x9, 0x8f, 0x40, 0x5e, 0x10,
    0x5f, 0x20, 0x0, 0xa9, 0x0, 0xfe, 0xef, 0xec,
    0x90, 0x7, 0xe5, 0x91, 0x39, 0x97, 0x93, 0xa0,
    0xf, 0xfb, 0x60, 0x9, 0x67, 0x90, 0x0, 0x2,
    0x0, 0x11, 0xe, 0x37, 0x90, 0x40, 0x5, 0x9d,
    0xf5, 0x4e, 0x7, 0x90, 0xe4, 0x1e, 0x95, 0x1,
    0xd6, 0x7, 0xa0, 0xf2, 0x0, 0x0, 0x7, 0xa0,
    0x4, 0xef, 0xc0, 0x0, 0x0, 0x0, 0x0, 0x0,
    0x0, 0x0,

    /* U+7EEA "绪" */
    0x0, 0x4b, 0x0, 0x0, 0x6a, 0x0, 0x60, 0x0,
    0xa6, 0x0, 0x6f, 0xff, 0xff, 0x90, 0x2, 0xe0,
    0xc4, 0x0, 0x6a, 0x7e, 0x0, 0xc, 0x65, 0xd0,
    0x33, 0x8d, 0xf7, 0x30, 0x1f, 0xdf, 0x40, 0xab,
    0xef, 0xbb, 0xb2, 0x0, 0x8a, 0x0, 0x6, 0xe4,
    0x0, 0x0, 0x6, 0xd2, 0x60, 0xbf, 0xff, 0xff,
    0xa0, 0x2f, 0xfc, 0x80, 0x4e, 0x20, 0x7, 0xa0,
    0x3, 0x0, 0x21, 0xe, 0xee, 0xef, 0xa0, 0x16,
    0xae, 0xe4, 0xe, 0x20, 0x7, 0xa0, 0x1c, 0x73,
    0x0, 0xe, 0xdd, 0xde, 0xa0, 0x0, 0x0, 0x0,
    0xe, 0x31, 0x18, 0xa0,

    /* U+7EFF "绿" */
    0x0, 0x25, 0x0, 0x0, 0x0, 0x0, 0x0, 0x0,
    0x98, 0x0, 0x7f, 0xff, 0xfb, 0x0, 0x1, 0xf1,
    0x30, 0x0, 0x0, 0x4b, 0x0, 0x8, 0x81, 0xe3,
    0x5d, 0xdd, 0xeb, 0x0, 0x2f, 0x9c, 0x90, 0x1,
    0x11, 0x5b, 0x0, 0x18, 0x9f, 0x19, 0xbb, 0xbb,
    0xde, 0xb0, 0x0, 0xd5, 0x3, 0x44, 0x5e, 0x45,
    0x40, 0xb, 0xb7, 0xa0, 0xd6, 0x2e, 0xd, 0x50,
    0x4f, 0xc8, 0x30, 0x2b, 0x3f, 0xdb, 0x0, 0x0,
    0x0, 0x30, 0x6, 0xee, 0xd5, 0x0, 0x28, 0xcf,
    0xd7, 0xcc, 0x5d, 0x3e, 0x60, 0x3a, 0x61, 0x7,
    0x70, 0x4d, 0x3, 0xd1, 0x0, 0x0, 0x0, 0x7,
    0xf8, 0x0, 0x0,

    /* U+7F29 "缩" */
    0x0, 0x2, 0x0, 0x0, 0x2, 0x0, 0x0, 0x0,
    0x3e, 0x0, 0x0, 0x4e, 0x10, 0x0, 0x0, 0x99,
    0x4, 0xff, 0xff, 0xff, 0xf4, 0x2, 0xf2, 0xb9,
    0xc4, 0x0, 0x0, 0x93, 0xa, 0xb6, 0xf1, 0x4e,
    0x7f, 0xff, 0xf0, 0x8, 0x9f, 0x70, 0x79, 0x0,
    0xe1, 0x0, 0x0, 0x6d, 0x0, 0xe8, 0x5e, 0xfe,
    0xb0, 0x1, 0xe4, 0x67, 0xf8, 0x5a, 0x3, 0xc0,
    0xc, 0xff, 0xa4, 0xb8, 0x5a, 0x3, 0xc0, 0x6,
    0x40, 0x0, 0x88, 0x5f, 0xee, 0xc0, 0x0, 0x37,
    0xb1, 0x88, 0x5a, 0x3, 0xc0, 0xd, 0xfb, 0x50,
    0x88, 0x5b, 0x35, 0xc0, 0x2, 0x0, 0x0, 0x88,
    0x5e, 0xbc, 0xc0,

    /* U+7F6E "置" */
    0x2, 0xfe, 0xef, 0xee, 0xfe, 0xef, 0x0, 0x2,
    0xe2, 0x2f, 0x22, 0xf2, 0x2f, 0x0, 0x1, 0xbb,
    0xbb, 0xff, 0xbb, 0xbb, 0x0, 0x2, 0x33, 0x33,
    0xa9, 0x33, 0x33, 0x20, 0x8, 0xbb, 0xbb, 0xed,
    0xbb, 0xbb, 0x70, 0x0, 0x2a, 0xaa, 0xec, 0xaa,
    0xa3, 0x0, 0x0, 0x4d, 0x66, 0x66, 0x66, 0xc6,
    0x0, 0x0, 0x4f, 0xbb, 0xbb, 0xbb, 0xe6, 0x0,
    0x0, 0x4e, 0xaa, 0xaa, 0xaa, 0xd6, 0x0, 0x0,
    0x4e, 0xbb, 0xbb, 0xbb, 0xe6, 0x0, 0x0, 0x4c,
    0x22, 0x22, 0x22, 0xa6, 0x0, 0x2f, 0xff, 0xff,
    0xff, 0xff, 0xff, 0xf3,

    /* U+80CC "背" */
    0x1, 0x11, 0x3e, 0xd, 0x32, 0x69, 0x0, 0xdd,
    0xdd, 0xe0, 0xee, 0xd9, 0x50, 0x0, 0x0, 0x4e,
    0xe, 0x40, 0x6, 0x60, 0x38, 0xde, 0xe0, 0xd7,
    0x45, 0xd6, 0x1c, 0x72, 0x2c, 0x4, 0xab, 0xa8,
    0x0, 0xc, 0xff, 0xff, 0xff, 0xff, 0x10, 0x0,
    0xd5, 0x0, 0x0, 0x0, 0xe1, 0x0, 0xd, 0xee,
    0xee, 0xee, 0xef, 0x10, 0x0, 0xd5, 0x11, 0x11,
    0x11, 0xe1, 0x0, 0xd, 0xff, 0xff, 0xff, 0xff,
    0x10, 0x0, 0xd4, 0x0, 0x0, 0x0, 0xe1, 0x0,
    0xd, 0x40, 0x0, 0x5e, 0xfb, 0x0,

    /* U+80FD "能" */
    0x0, 0x12, 0x0, 0x0, 0x0, 0x0, 0x0, 0xb,
    0x93, 0x10, 0xe2, 0x0, 0x20, 0x8, 0xd0, 0x8b,
    0xe, 0x7a, 0xeb, 0x9, 0xfb, 0xbd, 0xf5, 0xeb,
    0x62, 0x0, 0x56, 0x53, 0x14, 0x5e, 0x20, 0x7,
    0x32, 0xdd, 0xdd, 0xb0, 0xd9, 0x67, 0xe2, 0x2e,
    0x22, 0x4e, 0x2, 0x67, 0x74, 0x2, 0xfb, 0xbc,
    0xe0, 0xd2, 0x0, 0x10, 0x2e, 0x22, 0x5e, 0xe,
    0x24, 0xaf, 0x22, 0xe3, 0x35, 0xe0, 0xee, 0xe9,
    0x30, 0x2f, 0xbb, 0xbe, 0xe, 0x50, 0x1, 0x2,
    0xe0, 0x3, 0xe0, 0xd3, 0x0, 0x98, 0x2e, 0xe,
    0xf9, 0x7, 0xef, 0xfd, 0x20, 0x10, 0x0, 0x0,
    0x0, 0x0, 0x0,

    /* U+8155 "腕" */
    0x0, 0x0, 0x0, 0x0, 0x10, 0x0, 0x0, 0xc,
    0xff, 0xe0, 0x0, 0x56, 0x0, 0x0, 0xc, 0x31,
    0xe6, 0xff, 0xff, 0xff, 0xf1, 0xc, 0x31, 0xe6,
    0xa0, 0x0, 0x0, 0xf1, 0xc, 0xee, 0xe0, 0x73,
    0x0, 0x0, 0x0, 0xc, 0x32, 0xe0, 0xcf, 0xef,
    0xee, 0xc0, 0xd, 0x31, 0xe1, 0xe0, 0xee, 0x32,
    0xd0, 0xd, 0xdd, 0xe8, 0xb1, 0xfd, 0x21, 0xd0,
    0xe, 0x33, 0xeb, 0xb8, 0xad, 0x21, 0xd0, 0xf,
    0x1, 0xe0, 0xb, 0x5d, 0x4d, 0xb0, 0x2e, 0x1,
    0xe0, 0x4d, 0xd, 0x21, 0x0, 0x4c, 0x2, 0xd2,
    0xe4, 0xc, 0x30, 0x94, 0x58, 0x5f, 0x9b, 0x60,
    0x9, 0xef, 0xd2, 0x0, 0x0, 0x0, 0x0, 0x0,
    0x0, 0x0,

    /* U+81C2 "臂" */
    0x0, 0x0, 0x0, 0x0, 0x0, 0x20, 0x0, 0x2,
    0xfe, 0xee, 0xe7, 0xfe, 0xef, 0xe5, 0x2, 0xd0,
    0x1, 0xe0, 0x87, 0xc, 0x40, 0x2, 0xfc, 0xcc,
    0xb5, 0xad, 0x8f, 0x94, 0x5, 0xa9, 0xaa, 0x92,
    0x45, 0xe4, 0x42, 0xc, 0x5e, 0x33, 0xe6, 0xee,
    0xfe, 0xe3, 0x6, 0xa, 0xbb, 0x90, 0x0, 0xa0,
    0x0, 0x0, 0x9f, 0xff, 0xff, 0xff, 0xff, 0x0,
    0x0, 0x9a, 0x55, 0x55, 0x55, 0x5f, 0x10, 0x0,
    0x9b, 0x77, 0x77, 0x77, 0x7f, 0x10, 0x0, 0x9e,
    0xdd, 0xdd, 0xdd, 0xdf, 0x10, 0x0, 0x98, 0x11,
    0x11, 0x12, 0x2f, 0x0, 0x0, 0x97, 0x0, 0x0,
    0xb, 0xfb, 0x0,

    /* U+81EA "自" */
    0x0, 0x0, 0x17, 0x0, 0x0, 0x0, 0x0, 0x7,
    0xc0, 0x0, 0x0, 0xf, 0xff, 0xff, 0xff, 0xff,
    0xf0, 0xf2, 0x11, 0x11, 0x11, 0x2f, 0xf, 0x10,
    0x0, 0x0, 0x1, 0xf0, 0xff, 0xff, 0xff, 0xff,
    0xff, 0xf, 0x21, 0x11, 0x11, 0x12, 0xf0, 0xf1,
    0x0, 0x0, 0x0, 0x1f, 0xf, 0xff, 0xff, 0xff,
    0xff, 0xf0, 0xf2, 0x11, 0x11, 0x11, 0x2f, 0xf,
    0x10, 0x0, 0x0, 0x1, 0xf0, 0xff, 0xff, 0xff,
    0xff, 0xff, 0xf, 0x21, 0x11, 0x11, 0x13, 0xf0,

    /* U+81F4 "致" */
    0x0, 0x0, 0x0, 0x0, 0x25, 0x0, 0x0, 0x1f,
    0xff, 0xff, 0xf0, 0x7a, 0x0, 0x0, 0x0, 0x4f,
    0x10, 0x0, 0xb7, 0x0, 0x0, 0x0, 0xaa, 0x4a,
    0x0, 0xef, 0xff, 0xf0, 0x2, 0xf3, 0x1f, 0x33,
    0xe0, 0xb, 0x50, 0xb, 0xe9, 0xcf, 0x99, 0xc0,
    0xe, 0x30, 0x8, 0xb8, 0x56, 0xbe, 0xf2, 0x1f,
    0x10, 0x0, 0xa, 0x50, 0x9, 0xa8, 0x5d, 0x0,
    0x0, 0x1b, 0x61, 0x0, 0x2e, 0xb8, 0x0, 0xc,
    0xef, 0xfe, 0x90, 0xb, 0xf2, 0x0, 0x0, 0xb,
    0x60, 0x0, 0x1d, 0xf5, 0x0, 0x1, 0x3c, 0xba,
    0xb1, 0xcc, 0x6f, 0x50, 0x2f, 0xfc, 0x96, 0x4e,
    0xc1, 0x7, 0xf2, 0x1, 0x0, 0x0, 0x4, 0x0,
    0x0, 0x30,

    /* U+8272 "色" */
    0x0, 0x0, 0x10, 0x0, 0x0, 0x0, 0x0, 0x0,
    0x3, 0xf2, 0x0, 0x0, 0x0, 0x0, 0x0, 0x1e,
    0xff, 0xff, 0xf9, 0x0, 0x0, 0x2, 0xe9, 0x0,
    0x4, 0xe1, 0x0, 0x0, 0x3f, 0xfe, 0xee, 0xef,
    0xfe, 0xec, 0x0, 0x4, 0xe4, 0x11, 0xc5, 0x11,
    0x3e, 0x0, 0x0, 0xe2, 0x0, 0xc4, 0x0, 0x1e,
    0x0, 0x0, 0xe2, 0x0, 0xc4, 0x0, 0x1e, 0x0,
    0x0, 0xef, 0xff, 0xff, 0xff, 0xfe, 0x0, 0x0,
    0xe2, 0x0, 0x0, 0x0, 0x0, 0x0, 0x0, 0xe2,
    0x0, 0x0, 0x0, 0x0, 0xc1, 0x0, 0xe5, 0x10,
    0x0, 0x1, 0x25, 0xf0, 0x0, 0x7e, 0xff, 0xff,
    0xff, 0xed, 0x60,

    /* U+8282 "节" */
    0x0, 0x0, 0xd4, 0x0, 0x4d, 0x0, 0x0, 0x2f,
    0xff, 0xff, 0xff, 0xff, 0xff, 0xf2, 0x0, 0x0,
    0xd4, 0x0, 0x4d, 0x0, 0x0, 0x0, 0x0, 0x61,
    0x0, 0x16, 0x0, 0x0, 0x1, 0x44, 0x44, 0x44,
    0x44, 0x44, 0x0, 0x4, 0xcc, 0xcf, 0xdc, 0xcc,
    0xce, 0x0, 0x0, 0x0, 0xc, 0x60, 0x0, 0x3d,
    0x0, 0x0, 0x0, 0xc, 0x60, 0x0, 0x5d, 0x0,
    0x0, 0x0, 0xc, 0x60, 0x0, 0x6b, 0x0, 0x0,
    0x0, 0xc, 0x60, 0x55, 0xb8, 0x0, 0x0, 0x0,
    0xc, 0x60, 0x7c, 0xb1, 0x0, 0x0, 0x0, 0xc,
    0x60, 0x0, 0x0, 0x0,

    /* U+82F1 "英" */
    0x1, 0x11, 0xd5, 0x11, 0x2f, 0x11, 0x10, 0x1f,
    0xff, 0xff, 0xff, 0xff, 0xff, 0xf4, 0x0, 0x0,
    0xc4, 0x22, 0x1f, 0x0, 0x0, 0x0, 0x0, 0x0,
    0x79, 0x0, 0x0, 0x0, 0x0, 0x9f, 0xff, 0xff,
    0xff, 0xf8, 0x0, 0x0, 0xa7, 0x0, 0x89, 0x0,
    0x79, 0x0, 0x0, 0xa6, 0x0, 0x97, 0x0, 0x79,
    0x0, 0x3d, 0xee, 0xdd, 0xfe, 0xdd, 0xee, 0xd4,
    0x2, 0x22, 0x3c, 0xa8, 0xc2, 0x22, 0x20, 0x0,
    0x3, 0xdb, 0x0, 0xbb, 0x10, 0x0, 0x4, 0xbe,
    0x60, 0x0, 0x8, 0xfa, 0x50, 0xc, 0x71, 0x0,
    0x0, 0x0, 0x29, 0xe1, 0x0, 0x0, 0x0, 0x0,
    0x0, 0x0, 0x0,

    /* U+8303 "范" */
    0x1, 0x11, 0xe4, 0x11, 0x4e, 0x11, 0x10, 0x1f,
    0xff, 0xff, 0xff, 0xff, 0xff, 0xf2, 0x0, 0x0,
    0xd3, 0x0, 0x2d, 0x0, 0x0, 0x0, 0x62, 0x0,
    0x44, 0x44, 0x44, 0x0, 0x0, 0x8f, 0x50, 0xfc,
    0xcc, 0xcf, 0x30, 0x0, 0x4, 0x70, 0xf1, 0x0,
    0xf, 0x20, 0xc, 0xa1, 0x0, 0xf1, 0x0, 0x1f,
    0x10, 0x1, 0xb8, 0x0, 0xf1, 0x2, 0x5f, 0x0,
    0x0, 0x2, 0x10, 0xf1, 0x1e, 0xf8, 0x0, 0x0,
    0x1e, 0x60, 0xf1, 0x0, 0x0, 0xa3, 0x1, 0xda,
    0x0, 0xf3, 0x11, 0x24, 0xf2, 0xc, 0xb0, 0x0,
    0xbf, 0xff, 0xfe, 0x90, 0x1, 0x0, 0x0, 0x0,
    0x0, 0x0, 0x0,

    /* U+8361 "荡" */
    0x1, 0x11, 0xe4, 0x11, 0x4e, 0x11, 0x10, 0x1f,
    0xff, 0xff, 0xff, 0xff, 0xff, 0xf2, 0x0, 0x0,
    0xd3, 0x0, 0x2d, 0x0, 0x0, 0x0, 0x61, 0x1,
    0x11, 0x11, 0x11, 0x0, 0x0, 0x8f, 0x59, 0xdd,
    0xdd, 0xfd, 0x0, 0x0, 0x5, 0x80, 0x0, 0x7e,
    0x91, 0x0, 0xc, 0x70, 0x3, 0x9e, 0xa3, 0x0,
    0x0, 0x2, 0xc8, 0xa, 0xff, 0xff, 0xff, 0xd0,
    0x0, 0x3, 0x10, 0x99, 0xd, 0x43, 0xc0, 0x0,
    0x2e, 0x7b, 0xb0, 0x9b, 0x4, 0xc0, 0x5, 0xf7,
    0x14, 0x2c, 0xc2, 0x18, 0xa0, 0x8, 0x50, 0x1,
    0xe8, 0x6, 0xee, 0x40, 0x0, 0x0, 0x0, 0x0,
    0x0, 0x0, 0x0,

    /* U+843D "落" */
    0x2, 0x22, 0xe5, 0x22, 0x4e, 0x22, 0x20, 0x2d,
    0xdd, 0xfe, 0xdd, 0xef, 0xdd, 0xd2, 0x0, 0x81,
    0xa3, 0x4, 0x2a, 0x0, 0x0, 0x0, 0xae, 0x10,
    0x9f, 0xdd, 0xdd, 0x0, 0x0, 0x3, 0x9, 0xf7,
    0x12, 0xcb, 0x0, 0x1e, 0x70, 0x4c, 0x4e, 0xac,
    0xc1, 0x0, 0x3, 0xb0, 0x2, 0x6c, 0xff, 0xc7,
    0x30, 0x0, 0x2, 0x7f, 0xb7, 0x11, 0x7c, 0xf3,
    0x0, 0x4d, 0x4, 0xff, 0xff, 0xfe, 0x0, 0x0,
    0xc6, 0x4, 0xb0, 0x0, 0x1f, 0x0, 0x6, 0xd0,
    0x4, 0xc1, 0x11, 0x2f, 0x0, 0xe, 0x30, 0x4,
    0xfe, 0xee, 0xef, 0x0, 0x0, 0x0, 0x0, 0x0,
    0x0, 0x0, 0x0,

    /* U+8702 "蜂" */
    0x0, 0x59, 0x0, 0x2, 0xd3, 0x22, 0x10, 0x0,
    0x59, 0x0, 0x2d, 0xb9, 0x9e, 0x80, 0xf, 0xff,
    0xf5, 0xea, 0xd3, 0x6d, 0x0, 0xf, 0x59, 0xb4,
    0x0, 0x8f, 0xf6, 0x0, 0xf, 0x59, 0xb4, 0x9f,
    0xc8, 0x8e, 0xf5, 0xf, 0x59, 0xb4, 0x43, 0xa,
    0x60, 0x40, 0xf, 0xac, 0xd4, 0x3f, 0xff, 0xff,
    0xd0, 0x7, 0xac, 0x71, 0x0, 0xa, 0x60, 0x0,
    0x0, 0x59, 0xa0, 0xd, 0xef, 0xee, 0x90, 0x0,
    0x5a, 0xe5, 0x11, 0x1a, 0x71, 0x10, 0x4, 0xbd,
    0x96, 0xee, 0xef, 0xee, 0xe5, 0x8, 0x30, 0x0,
    0x0, 0xa, 0x60, 0x0,

    /* U+87BA "螺" */
    0x0, 0x59, 0x0, 0xfe, 0xef, 0xee, 0xd0, 0x0,
    0x59, 0x0, 0xf0, 0x2e, 0x2, 0xd0, 0xb, 0xde,
    0xb3, 0xfe, 0xef, 0xee, 0xd0, 0xf, 0x8b, 0xd4,
    0xf3, 0x4e, 0x24, 0xd0, 0xf, 0x59, 0xb4, 0xbb,
    0xfc, 0xbc, 0x90, 0xf, 0x59, 0xb4, 0x2b, 0x93,
    0xb9, 0x0, 0xf, 0xde, 0xf4, 0xab, 0xfe, 0x58,
    0x50, 0x1, 0x69, 0x30, 0x5d, 0xc7, 0x8c, 0xe1,
    0x0, 0x59, 0xd1, 0xcb, 0xaf, 0x52, 0x74, 0x0,
    0x5d, 0xf6, 0x28, 0xf, 0x2d, 0x30, 0xc, 0xf8,
    0x24, 0xe5, 0xf, 0x5, 0xe1, 0x5, 0x0, 0x3,
    0x55, 0xfc, 0x0, 0x63,

    /* U+8868 "表" */
    0x1, 0x11, 0x11, 0x99, 0x11, 0x11, 0x10, 0xb,
    0xff, 0xff, 0xff, 0xff, 0xff, 0xb0, 0x0, 0x11,
    0x11, 0x99, 0x11, 0x11, 0x0, 0x3, 0xff, 0xff,
    0xff, 0xff, 0xff, 0x30, 0x0, 0x0, 0x0, 0x88,
    0x0, 0x0, 0x0, 0x3f, 0xff, 0xff, 0xff, 0xff,
    0xff, 0xf3, 0x1, 0x11, 0x8d, 0x2b, 0x61, 0x15,
    0x30, 0x0, 0x1b, 0xf1, 0x4, 0xd2, 0x9f, 0x50,
    0x19, 0xfb, 0xe0, 0x0, 0xbf, 0x91, 0x0, 0x19,
    0x33, 0xe0, 0x0, 0x1d, 0x90, 0x0, 0x0, 0x3,
    0xe5, 0xad, 0x1, 0xbe, 0x60, 0x0, 0x2, 0xfc,
    0x72, 0x0, 0x5, 0xd3, 0x0, 0x0, 0x0, 0x0,
    0x0, 0x0, 0x0,

    /* U+88C5 "装" */
    0x4, 0xb1, 0x5a, 0x0, 0xc, 0x40, 0x0, 0x1,
    0xae, 0x5a, 0x7e, 0xef, 0xfe, 0xe0, 0x0, 0x4,
    0x9a, 0x0, 0xc, 0x40, 0x0, 0x2, 0x8e, 0xfa,
    0x0, 0xc, 0x40, 0x0, 0xa, 0xa4, 0x5a, 0x2f,
    0xff, 0xff, 0xa0, 0x0, 0x0, 0x24, 0x50, 0x0,
    0x0, 0x0, 0xe, 0xee, 0xee, 0xfe, 0xee, 0xee,
    0xe1, 0x1, 0x11, 0x4d, 0x9a, 0xa1, 0x26, 0x10,
    0x0, 0x5b, 0xe5, 0x1, 0xe7, 0xcb, 0x0, 0x3f,
    0xcd, 0x70, 0x0, 0x2e, 0xd0, 0x0, 0x2, 0xa,
    0x74, 0x8b, 0x2, 0xdd, 0x50, 0x0, 0x8, 0xea,
    0x63, 0x0, 0x7, 0xd1, 0x0, 0x0, 0x0, 0x0,
    0x0, 0x0, 0x0,

    /* U+8981 "要" */
    0x1f, 0xff, 0xff, 0xff, 0xff, 0xff, 0xc0, 0x0,
    0x0, 0x3d, 0x0, 0xf0, 0x0, 0x0, 0x6, 0xff,
    0xff, 0xff, 0xff, 0xff, 0x10, 0x6, 0xb0, 0x2d,
    0x0, 0xf0, 0xf, 0x10, 0x6, 0xb1, 0x3d, 0x11,
    0xf1, 0x1f, 0x10, 0x5, 0xdd, 0xdd, 0xdd, 0xdd,
    0xdd, 0x10, 0x0, 0x0, 0x8, 0x70, 0x0, 0x0,
    0x0, 0x8f, 0xff, 0xff, 0xff, 0xff, 0xff, 0xf1,
    0x0, 0x6, 0xe2, 0x0, 0x2e, 0x20, 0x0, 0x0,
    0x5f, 0xb5, 0x24, 0xe6, 0x0, 0x0, 0x0, 0x1,
    0x8f, 0xff, 0xe6, 0x20, 0x0, 0x2c, 0xef, 0xd9,
    0x40, 0x5a, 0xfe, 0x40, 0x4, 0x30, 0x0, 0x0,
    0x0, 0x4, 0x0,

    /* U+89C1 "见" */
    0x2, 0xff, 0xff, 0xff, 0xff, 0x20, 0x0, 0x2e,
    0x0, 0x21, 0x0, 0xe2, 0x0, 0x2, 0xe0, 0xd,
    0x40, 0xe, 0x20, 0x0, 0x2e, 0x0, 0xe3, 0x0,
    0xe2, 0x0, 0x2, 0xe0, 0xe, 0x30, 0xe, 0x20,
    0x0, 0x2e, 0x0, 0xf3, 0x0, 0xe2, 0x0, 0x2,
    0xe0, 0xf, 0x53, 0xe, 0x20, 0x0, 0x2e, 0x4,
    0xd9, 0x70, 0xe2, 0x0, 0x0, 0x30, 0xc7, 0x97,
    0x4, 0x0, 0x0, 0x0, 0xac, 0x9, 0x70, 0x0,
    0x81, 0x4, 0xdc, 0x10, 0x89, 0x0, 0x2f, 0x18,
    0xe6, 0x0, 0x5, 0xef, 0xfe, 0x80, 0x0, 0x0,
    0x0, 0x0, 0x0, 0x0, 0x0,

    /* U+89C2 "观" */
    0x2f, 0xff, 0xf6, 0x2f, 0xff, 0xff, 0x50, 0x1,
    0x11, 0xd4, 0x2e, 0x0, 0xb, 0x50, 0x7, 0x0,
    0xe3, 0x2e, 0x2d, 0xb, 0x50, 0xb, 0x80, 0xf1,
    0x2e, 0x2e, 0xb, 0x50, 0x2, 0xf6, 0xe0, 0x2e,
    0x2e, 0xb, 0x50, 0x0, 0x7f, 0xb0, 0x2e, 0x3d,
    0xb, 0x50, 0x0, 0xe, 0x80, 0x2e, 0x3c, 0xb,
    0x50, 0x0, 0x1f, 0xe0, 0x18, 0x5b, 0x76, 0x30,
    0x0, 0x8a, 0xc7, 0x0, 0x98, 0xf0, 0x0, 0x2,
    0xf2, 0x59, 0x1, 0xe2, 0xf0, 0x51, 0x1d, 0x70,
    0x0, 0xb, 0x90, 0xf0, 0xb3, 0x8, 0x0, 0x0,
    0x7c, 0x0, 0xdf, 0xd0, 0x0, 0x0, 0x0, 0x0,
    0x0, 0x0, 0x0,

    /* U+89C4 "规" */
    0x0, 0xf, 0x10, 0x3f, 0xff, 0xff, 0x30, 0x1,
    0x2f, 0x31, 0x3f, 0x0, 0xe, 0x30, 0xa, 0xef,
    0xeb, 0x3f, 0x6, 0xe, 0x30, 0x0, 0xf, 0x10,
    0x3f, 0xf, 0xe, 0x30, 0x1, 0x1f, 0x21, 0x3f,
    0x1f, 0xe, 0x30, 0xf, 0xff, 0xff, 0x3f, 0x1f,
    0xe, 0x30, 0x0, 0x1e, 0x0, 0x3f, 0x1f, 0xe,
    0x30, 0x0, 0x5f, 0x30, 0x28, 0x3d, 0x68, 0x10,
    0x0, 0xaa, 0xe4, 0x0, 0x7a, 0xc0, 0x0, 0x2,
    0xf1, 0x4f, 0x20, 0xe4, 0xc0, 0x60, 0xc, 0x80,
    0x1, 0xa, 0xb0, 0xc0, 0xe0, 0x8, 0x0, 0x0,
    0x7c, 0x10, 0xbf, 0xb0, 0x0, 0x0, 0x0, 0x0,
    0x0, 0x0, 0x0,

    /* U+89C6 "视" */
    0x0, 0x41, 0x0, 0x0, 0x0, 0x0, 0x0, 0x0,
    0xa9, 0x0, 0xcf, 0xff, 0xff, 0x0, 0x1e, 0xef,
    0xe6, 0xc5, 0x0, 0x1f, 0x0, 0x2, 0x22, 0xd4,
    0xc5, 0x39, 0x1f, 0x0, 0x0, 0x4, 0xc0, 0xc5,
    0x5b, 0x1f, 0x0, 0x0, 0xd, 0x40, 0xc5, 0x5b,
    0x1f, 0x0, 0x0, 0x9f, 0xa0, 0xc5, 0x7a, 0x1f,
    0x0, 0x8, 0xfd, 0xb6, 0xc5, 0x99, 0x1f, 0x0,
    0x3e, 0x6d, 0x0, 0xa4, 0xde, 0x3d, 0x0, 0x1,
    0x3d, 0x0, 0x3, 0xfe, 0x30, 0x0, 0x0, 0x3d,
    0x0, 0x1d, 0x7d, 0x30, 0x42, 0x0, 0x3d, 0x3,
    0xd9, 0xd, 0x40, 0xb5, 0x0, 0x3d, 0x3d, 0x50,
    0x9, 0xff, 0xd1, 0x0, 0x0, 0x0, 0x0, 0x0,
    0x0, 0x0,

    /* U+89D2 "角" */
    0x0, 0x0, 0x32, 0x0, 0x0, 0x0, 0x0, 0x0,
    0x3f, 0x72, 0x22, 0x20, 0x0, 0x0, 0x3e, 0xcc,
    0xcc, 0xfb, 0x0, 0x0, 0x7f, 0x81, 0x11, 0x5f,
    0x41, 0x10, 0x7d, 0xef, 0xff, 0xff, 0xff, 0xff,
    0x20, 0xd, 0x40, 0x4, 0xd0, 0x0, 0xe2, 0x0,
    0xdd, 0xcc, 0xdf, 0xcc, 0xcf, 0x20, 0xe, 0x63,
    0x36, 0xd3, 0x33, 0xe2, 0x0, 0xf3, 0x0, 0x4d,
    0x0, 0xe, 0x20, 0x1f, 0xff, 0xff, 0xff, 0xff,
    0xf2, 0x7, 0xe0, 0x0, 0x4d, 0x0, 0xe, 0x21,
    0xe7, 0x0, 0x4, 0xd0, 0x43, 0xf2, 0x4b, 0x0,
    0x0, 0x3c, 0xd, 0xfd, 0x0, 0x0, 0x0, 0x0,
    0x0, 0x0, 0x0,

    /* U+89E6 "触" */
    0x0, 0x0, 0x0, 0x0, 0x0, 0x0, 0x0, 0x0,
    0x1e, 0x31, 0x0, 0x1, 0xf0, 0x0, 0x0, 0xaf,
    0xef, 0x50, 0x1, 0xf0, 0x0, 0x9, 0xd1, 0x3e,
    0x11, 0x9a, 0xf9, 0x90, 0xc, 0xff, 0xff, 0xf4,
    0xd5, 0xf4, 0xf0, 0x2, 0xe0, 0xf0, 0xe4, 0xc1,
    0xf0, 0xf0, 0x2, 0xfd, 0xfd, 0xf4, 0xc1, 0xf0,
    0xf0, 0x2, 0xe1, 0xf1, 0xe4, 0xc4, 0xf3, 0xf0,
    0x2, 0xe0, 0xf0, 0xe4, 0xff, 0xff, 0xf0, 0x2,
    0xff, 0xff, 0xf1, 0x1, 0xf0, 0x10, 0x3, 0xd0,
    0xf0, 0xe1, 0x1, 0xf5, 0xa0, 0x6, 0xb0, 0xc0,
    0xe1, 0x14, 0xf9, 0xf0, 0x9, 0x60, 0x4c, 0xd4,
    0xb9, 0x64, 0xb3, 0x0, 0x0, 0x0, 0x0, 0x0,
    0x0, 0x0,

    /* U+8A00 "言" */
    0x0, 0x0, 0x0, 0x43, 0x0, 0x0, 0x0, 0x0,
    0x0, 0x0, 0x7b, 0x0, 0x0, 0x0, 0x1f, 0xff,
    0xff, 0xff, 0xff, 0xff, 0xf8, 0x0, 0x0, 0x0,
    0x0, 0x0, 0x0, 0x0, 0x0, 0xae, 0xee, 0xee,
    0xee, 0xee, 0x20, 0x0, 0x22, 0x22, 0x22, 0x22,
    0x22, 0x0, 0x0, 0x9c, 0xcc, 0xcc, 0xcc, 0xcc,
    0x20, 0x0, 0x34, 0x44, 0x44, 0x44, 0x44, 0x0,
    0x0, 0x23, 0x33, 0x33, 0x33, 0x33, 0x0, 0x0,
    0xbe, 0xdd, 0xdd, 0xdd, 0xdf, 0x0, 0x0, 0xb6,
    0x0, 0x0, 0x0, 0x2f, 0x0, 0x0, 0xb8, 0x44,
    0x44, 0x44, 0x6f, 0x0, 0x0, 0xbd, 0xcc, 0xcc,
    0xcc, 0xcf, 0x0,

    /* U+8BA1 "计" */
    0x0, 0x0, 0x0, 0x0, 0x0, 0x0, 0x0, 0x0,
    0xa7, 0x0, 0x0, 0x3e, 0x0, 0x0, 0x0, 0x3f,
    0x30, 0x0, 0x3e, 0x0, 0x0, 0x0, 0x6, 0x20,
    0x0, 0x3e, 0x0, 0x0, 0x4, 0x43, 0x1, 0x11,
    0x3e, 0x11, 0x10, 0xb, 0xbe, 0x3f, 0xff, 0xff,
    0xff, 0xfb, 0x0, 0x2e, 0x0, 0x0, 0x3e, 0x0,
    0x0, 0x0, 0x2e, 0x0, 0x0, 0x3e, 0x0, 0x0,
    0x0, 0x2e, 0x0, 0x0, 0x3e, 0x0, 0x0, 0x0,
    0x2e, 0x1, 0x0, 0x3e, 0x0, 0x0, 0x0, 0x2e,
    0xb8, 0x0, 0x3e, 0x0, 0x0, 0x0, 0x1e, 0x80,
    0x0, 0x3e, 0x0, 0x0, 0x0, 0x0, 0x0, 0x0,
    0x3e, 0x0, 0x0,

    /* U+8BA9 "让" */
    0x0, 0x0, 0x0, 0x0, 0x0, 0x0, 0x0, 0x0,
    0xb7, 0x0, 0x3, 0xf0, 0x0, 0x0, 0x0, 0x3f,
    0x20, 0x3, 0xf0, 0x0, 0x0, 0x0, 0x7, 0x10,
    0x3, 0xf0, 0x0, 0x0, 0x1, 0x10, 0x0, 0x3,
    0xf1, 0x11, 0x10, 0xe, 0xee, 0x0, 0x3, 0xff,
    0xff, 0xf0, 0x0, 0x2e, 0x0, 0x3, 0xf0, 0x0,
    0x0, 0x0, 0x2e, 0x0, 0x3, 0xf0, 0x0, 0x0,
    0x0, 0x2e, 0x0, 0x3, 0xf0, 0x0, 0x0, 0x0,
    0x2e, 0x0, 0x3, 0xf0, 0x0, 0x0, 0x0, 0x2e,
    0x74, 0x3, 0xf0, 0x0, 0x0, 0x0, 0x2f, 0xd4,
    0x36, 0xf3, 0x33, 0x31, 0x0, 0x8, 0x1b, 0xdd,
    0xdd, 0xdd, 0xd3,

    /* U+8BAE "议" */
    0x0, 0x0, 0x0, 0x0, 0x0, 0x0, 0x0, 0x0,
    0xa7, 0x0, 0x0, 0xe3, 0x0, 0x0, 0x0, 0x3f,
    0x20, 0x0, 0x7b, 0x1, 0x30, 0x0, 0x8, 0x22,
    0xd0, 0x2f, 0x6, 0xb0, 0x1, 0x10, 0x0, 0xf1,
    0x0, 0x9, 0x90, 0xe, 0xee, 0x0, 0xa7, 0x0,
    0xd, 0x50, 0x0, 0x2e, 0x0, 0x4e, 0x0, 0x3f,
    0x10, 0x0, 0x2e, 0x0, 0xc, 0x70, 0xaa, 0x0,
    0x0, 0x2e, 0x0, 0x4, 0xf7, 0xf3, 0x0, 0x0,
    0x2e, 0x0, 0x0, 0x9f, 0x80, 0x0, 0x0, 0x2e,
    0x67, 0x3, 0xef, 0xc1, 0x0, 0x0, 0x2f, 0xe2,
    0x6f, 0xa1, 0xbd, 0x40, 0x0, 0x8, 0x29, 0xf7,
    0x0, 0x9, 0xf6, 0x0, 0x0, 0x2, 0x20, 0x0,
    0x0, 0x31,

    /* U+8BBE "设" */
    0x0, 0x21, 0x0, 0x0, 0x0, 0x0, 0x0, 0x0,
    0xba, 0x0, 0xe, 0xff, 0xf9, 0x0, 0x0, 0x1f,
    0x40, 0xf, 0x20, 0x89, 0x0, 0x0, 0x5, 0x10,
    0x1f, 0x0, 0x79, 0x0, 0x1, 0x10, 0x0, 0x6c,
    0x0, 0x7a, 0x0, 0xe, 0xee, 0x3, 0xf4, 0x0,
    0x5f, 0xc0, 0x0, 0x2e, 0x0, 0x63, 0x33, 0x34,
    0x30, 0x0, 0x2e, 0x0, 0xcf, 0xcc, 0xcf, 0x50,
    0x0, 0x2e, 0x0, 0xe, 0x30, 0x5e, 0x0, 0x0,
    0x2e, 0x0, 0x7, 0xc2, 0xe6, 0x0, 0x0, 0x2e,
    0x66, 0x0, 0xcf, 0x90, 0x0, 0x0, 0x2f, 0xe1,
    0x29, 0xfd, 0xe5, 0x0, 0x0, 0x8, 0x1a, 0xfc,
    0x30, 0x6e, 0xd0, 0x0, 0x0, 0x3, 0x20, 0x0,
    0x0, 0x40,

    /* U+8BED "语" */
    0x0, 0x41, 0x0, 0x0, 0x0, 0x0, 0x0, 0x0,
    0xab, 0xa, 0xff, 0xff, 0xff, 0xf0, 0x0, 0x1f,
    0x30, 0x3, 0xe0, 0x0, 0x0, 0x0, 0x4, 0x0,
    0x48, 0xc4, 0x44, 0x0, 0x1, 0x10, 0x2, 0xef,
    0xee, 0xef, 0x0, 0xe, 0xee, 0x0, 0xd, 0x30,
    0x1f, 0x0, 0x0, 0x2e, 0x5, 0x6f, 0x66, 0x7f,
    0x61, 0x0, 0x2e, 0x6, 0x77, 0x77, 0x77, 0x72,
    0x0, 0x2e, 0x0, 0xbb, 0xbb, 0xbb, 0x70, 0x0,
    0x2e, 0x11, 0xf4, 0x44, 0x49, 0xa0, 0x0, 0x2e,
    0xa6, 0xf0, 0x0, 0x7, 0xa0, 0x0, 0x2f, 0xc1,
    0xf3, 0x33, 0x39, 0xa0, 0x0, 0x7, 0x11, 0xfc,
    0xcc, 0xcd, 0xa0,

    /* U+8BFB "读" */
    0x0, 0x0, 0x0, 0x0, 0x0, 0x0, 0x0, 0x3,
    0xd0, 0x0, 0x0, 0x7b, 0x0, 0x0, 0x0, 0xd7,
    0x0, 0xee, 0xff, 0xee, 0x30, 0x0, 0x31, 0x0,
    0x0, 0x7b, 0x0, 0x0, 0x1, 0x10, 0x5, 0xaa,
    0xce, 0xaa, 0x80, 0x7e, 0xf1, 0x1, 0x34, 0x38,
    0x4b, 0x90, 0x0, 0xe1, 0x0, 0x1d, 0x5d, 0x3d,
    0x10, 0x0, 0xe1, 0x2, 0xd5, 0x4e, 0x20, 0x0,
    0x0, 0xe1, 0x0, 0x37, 0xf, 0x0, 0x0, 0x0,
    0xe1, 0xc, 0xff, 0xff, 0xff, 0xf0, 0x0, 0xea,
    0x60, 0x2, 0xe5, 0x41, 0x0, 0x0, 0xed, 0x10,
    0x5e, 0x80, 0xbd, 0x30, 0x0, 0x31, 0xc, 0xc4,
    0x0, 0x6, 0xe1, 0x0, 0x0, 0x1, 0x0, 0x0,
    0x0, 0x10,

    /* U+8C03 "调" */
    0x0, 0x20, 0x0, 0x0, 0x0, 0x0, 0x0, 0x0,
    0xb9, 0x0, 0xef, 0xff, 0xff, 0xf1, 0x0, 0x2f,
    0x20, 0xe1, 0x3, 0x0, 0xf1, 0x0, 0x7, 0x20,
    0xe1, 0xf, 0x0, 0xf1, 0x1, 0x11, 0x0, 0xe6,
    0xef, 0xe5, 0xf1, 0xd, 0xde, 0x0, 0xe1, 0xf,
    0x0, 0xf1, 0x0, 0x2e, 0x0, 0xe8, 0xee, 0xe8,
    0xf1, 0x0, 0x2e, 0x0, 0xf0, 0x11, 0x10, 0xf1,
    0x0, 0x2e, 0x0, 0xf4, 0xfd, 0xf4, 0xf1, 0x0,
    0x2e, 0x1, 0xe4, 0xc0, 0xb4, 0xf1, 0x0, 0x2e,
    0xa9, 0xc4, 0xff, 0xf4, 0xf1, 0x0, 0x1f, 0x97,
    0x90, 0x0, 0x0, 0xf1, 0x0, 0x2, 0x6, 0x50,
    0x0, 0xcf, 0xc0, 0x0, 0x0, 0x0, 0x0, 0x0,
    0x0, 0x0,

    /* U+8C31 "谱" */
    0x0, 0x40, 0x1, 0x50, 0x0, 0x71, 0x0, 0x3,
    0xf2, 0x1, 0xe2, 0x5, 0xe0, 0x0, 0x0, 0xa8,
    0x9e, 0xff, 0xef, 0xfe, 0xa0, 0x0, 0x10, 0x12,
    0x4b, 0xd, 0x21, 0x10, 0x1, 0x10, 0x5c, 0x4b,
    0xd, 0x29, 0x80, 0x7e, 0xf1, 0xc, 0x6b, 0xd,
    0x4d, 0x10, 0x0, 0xe2, 0xaa, 0xbe, 0xaf, 0xba,
    0xa0, 0x0, 0xe1, 0x44, 0x44, 0x44, 0x44, 0x40,
    0x0, 0xe1, 0xf, 0xff, 0xff, 0xfc, 0x0, 0x0,
    0xe1, 0xf, 0x20, 0x0, 0x3c, 0x0, 0x0, 0xe7,
    0x6f, 0xee, 0xee, 0xec, 0x0, 0x0, 0xee, 0x2f,
    0x31, 0x11, 0x4c, 0x0, 0x0, 0x63, 0xf, 0xff,
    0xff, 0xfc, 0x0,

    /* U+8D28 "质" */
    0x0, 0x0, 0x0, 0x0, 0x1, 0x35, 0x20, 0x0,
    0xab, 0xbc, 0xde, 0xff, 0xdb, 0x70, 0x0, 0xf6,
    0x43, 0x21, 0x91, 0x0, 0x0, 0x0, 0xf5, 0x33,
    0x33, 0xf5, 0x33, 0x30, 0x0, 0xff, 0xdd, 0xdd,
    0xfd, 0xdd, 0xd3, 0x0, 0xf1, 0x1, 0x17, 0xa1,
    0x11, 0x0, 0x0, 0xf1, 0x4f, 0xff, 0xff, 0xff,
    0x0, 0x0, 0xf0, 0x4c, 0x0, 0x20, 0x2f, 0x0,
    0x2, 0xf0, 0x4c, 0x5, 0xc0, 0x2f, 0x0, 0x4,
    0xc0, 0x4c, 0x8, 0x90, 0x2f, 0x0, 0x8, 0x90,
    0x38, 0x1e, 0x55, 0x28, 0x0, 0xd, 0x40, 0x2,
    0xcb, 0x1a, 0xe5, 0x0, 0x1e, 0x6, 0xdf, 0x90,
    0x0, 0x5e, 0xa0, 0x1, 0x1, 0x51, 0x0, 0x0,
    0x1, 0x20,

    /* U+8D34 "贴" */
    0x3, 0x55, 0x55, 0x0, 0xf, 0x10, 0x0, 0xc,
    0xa9, 0x9f, 0x20, 0xf, 0x10, 0x0, 0xc, 0x46,
    0x1e, 0x20, 0xf, 0xff, 0xf1, 0xc, 0x4d, 0x1e,
    0x20, 0xf, 0x10, 0x0, 0xc, 0x4e, 0x1e, 0x20,
    0xf, 0x10, 0x0, 0xc, 0x4e, 0x1e, 0x20, 0x1f,
    0x10, 0x0, 0xc, 0x4f, 0xe, 0x2f, 0xff, 0xff,
    0xe0, 0xc, 0x5f, 0xe, 0x2f, 0x0, 0x2, 0xe0,
    0xb, 0x8c, 0xc, 0x1f, 0x0, 0x2, 0xe0, 0x0,
    0xd6, 0xc3, 0xf, 0x0, 0x2, 0xe0, 0x1b, 0xb0,
    0x5e, 0x1f, 0xff, 0xff, 0xe0, 0x38, 0x0, 0x2,
    0xf, 0x10, 0x2, 0xe0,

    /* U+8D77 "起" */
    0x0, 0x8, 0x90, 0x4, 0x77, 0x77, 0x0, 0x6,
    0xde, 0xed, 0x62, 0x33, 0x3f, 0x10, 0x1, 0x29,
    0xa2, 0x10, 0x0, 0xe, 0x10, 0x0, 0x8, 0x90,
    0x0, 0x0, 0xe, 0x10, 0xd, 0xff, 0xff, 0xd7,
    0xee, 0xef, 0x10, 0x0, 0x4, 0xc0, 0x8, 0x71,
    0x11, 0x0, 0x2, 0xc3, 0xc0, 0x8, 0x60, 0x0,
    0x0, 0x5, 0xa3, 0xff, 0x88, 0x60, 0x1, 0x70,
    0x8, 0x93, 0xc0, 0x8, 0x81, 0x17, 0xc0, 0xc,
    0xf8, 0xc0, 0x5, 0xef, 0xfd, 0x60, 0x2f, 0x4e,
    0xe6, 0x43, 0x22, 0x11, 0x10, 0x4b, 0x0, 0x6b,
    0xde, 0xff, 0xff, 0xf0, 0x0, 0x0, 0x0, 0x0,
    0x0, 0x0, 0x0,

    /* U+8D85 "超" */
    0x0, 0xc, 0x50, 0xf, 0xff, 0xff, 0x70, 0x7,
    0xdf, 0xed, 0x10, 0x4b, 0x9, 0x70, 0x1, 0x2c,
    0x62, 0x0, 0x79, 0x9, 0x60, 0x0, 0xc, 0x50,
    0x1, 0xe4, 0xb, 0x50, 0xd, 0xef, 0xee, 0x8d,
    0xb1, 0xef, 0x20, 0x3, 0x38, 0xb3, 0x16, 0x21,
    0x54, 0x0, 0x1, 0xa6, 0xa0, 0xc, 0xee, 0xef,
    0x40, 0x4, 0xb6, 0xec, 0x2c, 0x50, 0xc, 0x40,
    0x8, 0x96, 0xb2, 0xc, 0x60, 0xc, 0x40, 0xc,
    0xfa, 0xa0, 0xb, 0xff, 0xff, 0x30, 0x1f, 0x5e,
    0xd5, 0x43, 0x22, 0x11, 0x10, 0x4c, 0x0, 0x7b,
    0xde, 0xff, 0xff, 0xe0, 0x0, 0x0, 0x0, 0x0,
    0x0, 0x0, 0x0,

    /* U+8DDD "距" */
    0xd, 0xff, 0xfb, 0x2f, 0xff, 0xff, 0xf0, 0xd,
    0x30, 0x8b, 0x2e, 0x0, 0x0, 0x0, 0xd, 0x30,
    0x8b, 0x2e, 0x0, 0x0, 0x0, 0xd, 0x31, 0x8b,
    0x2e, 0x11, 0x11, 0x0, 0xc, 0xef, 0xea, 0x2f,
    0xee, 0xef, 0x0, 0x0, 0xe, 0x10, 0x2e, 0x0,
    0x1f, 0x0, 0xd, 0x3e, 0xa7, 0x2e, 0x0, 0x1f,
    0x0, 0xd, 0x3e, 0x42, 0x2f, 0xff, 0xff, 0x0,
    0xd, 0x3e, 0x10, 0x2e, 0x11, 0x11, 0x0, 0xd,
    0x3e, 0x13, 0x2e, 0x0, 0x0, 0x0, 0xd, 0x8f,
    0xfe, 0x4e, 0x11, 0x11, 0x10, 0x7f, 0xc8, 0x30,
    0x2f, 0xff, 0xff, 0xf4, 0x10, 0x0, 0x0, 0x0,
    0x0, 0x0, 0x0,

    /* U+8DEF "路" */
    0x0, 0x0, 0x0, 0x0, 0x90, 0x0, 0x0, 0xd,
    0xff, 0xfb, 0x5, 0xf0, 0x0, 0x0, 0xd, 0x30,
    0x8b, 0xb, 0xff, 0xff, 0x20, 0xd, 0x30, 0x8b,
    0x5f, 0x50, 0x5d, 0x0, 0xd, 0x31, 0x8b, 0xca,
    0xe2, 0xd5, 0x0, 0xc, 0xef, 0xea, 0x10, 0x8f,
    0xa0, 0x0, 0x0, 0xe, 0x10, 0x16, 0xdb, 0xe8,
    0x20, 0xd, 0x3e, 0xa7, 0xa9, 0x20, 0x18, 0xb0,
    0xd, 0x3e, 0x42, 0x1f, 0xff, 0xff, 0x10, 0xd,
    0x3e, 0x10, 0x1e, 0x0, 0xe, 0x20, 0xd, 0x3e,
    0x12, 0x2e, 0x0, 0xe, 0x20, 0xd, 0x7f, 0xef,
    0x3e, 0x44, 0x4f, 0x20, 0x6c, 0x96, 0x20, 0x1f,
    0xbb, 0xbf, 0x20,

    /* U+8DF3 "跳" */
    0xe, 0xff, 0xf0, 0x2, 0xe2, 0xe0, 0x10, 0xe,
    0x20, 0xf3, 0x42, 0xe2, 0xe0, 0xd3, 0xe, 0x20,
    0xf7, 0xd2, 0xe2, 0xe2, 0xf0, 0xe, 0x21, 0xf1,
    0xf5, 0xe2, 0xe9, 0xa0, 0xd, 0xff, 0xe0, 0xa7,
    0xe2, 0xe8, 0x20, 0x2, 0x3c, 0x0, 0x4, 0xe2,
    0xf3, 0x0, 0xe, 0x5f, 0xb0, 0x8e, 0xe2, 0xfc,
    0x70, 0xe, 0x5c, 0x2b, 0xb5, 0xc2, 0xe1, 0xe3,
    0xe, 0x5c, 0x1, 0x8, 0xa2, 0xe0, 0x10, 0xe,
    0x5c, 0x40, 0xe, 0x52, 0xe0, 0x43, 0x1f, 0xcf,
    0xa0, 0x8d, 0x2, 0xf1, 0xa7, 0x5c, 0x71, 0x2,
    0xf3, 0x0, 0xdf, 0xd2, 0x0, 0x0, 0x0, 0x0,
    0x0, 0x0, 0x0,

    /* U+8E2A "踪" */
    0x0, 0x0, 0x0, 0x0, 0x64, 0x0, 0x0, 0xe,
    0xff, 0xf0, 0x0, 0x8a, 0x0, 0x0, 0xe, 0x20,
    0xf4, 0xff, 0xff, 0xff, 0xd0, 0xe, 0x20, 0xf5,
    0xb0, 0x0, 0x3, 0xe0, 0xe, 0x21, 0xf3, 0x74,
    0x55, 0x53, 0x90, 0xd, 0xff, 0xe0, 0x8, 0x99,
    0x93, 0x0, 0x2, 0x3c, 0x1, 0x44, 0x44, 0x44,
    0x40, 0xe, 0x5f, 0xb3, 0xaa, 0xbe, 0xaa, 0xa0,
    0xe, 0x5c, 0x20, 0x23, 0x4c, 0x13, 0x0, 0xe,
    0x5c, 0x0, 0xb7, 0x4c, 0x4e, 0x20, 0xe, 0x5d,
    0x67, 0xd0, 0x4c, 0x9, 0xc0, 0x3f, 0xee, 0x73,
    0x21, 0x5b, 0x0, 0x80, 0x49, 0x30, 0x0, 0xa,
    0xf8, 0x0, 0x0,

    /* U+8F6C "转" */
    0x0, 0x6, 0x0, 0x0, 0x18, 0x0, 0x0, 0x0,
    0x2e, 0x0, 0x0, 0x4d, 0x0, 0x0, 0x1c, 0xdf,
    0xcb, 0x6f, 0xff, 0xff, 0xf2, 0x4, 0xe7, 0x43,
    0x0, 0xa7, 0x0, 0x0, 0x2, 0xf3, 0x40, 0x11,
    0xd5, 0x11, 0x10, 0xa, 0x96, 0x90, 0xef, 0xff,
    0xff, 0xf7, 0xf, 0x9a, 0xc7, 0x5, 0xc0, 0x0,
    0x0, 0x4, 0x48, 0xb4, 0x9, 0xed, 0xdd, 0xd1,
    0x0, 0x6, 0xa3, 0x1, 0x33, 0x39, 0xe0, 0x8,
    0xae, 0xfc, 0x6, 0x70, 0x3f, 0x30, 0x8, 0x68,
    0x90, 0x4, 0xdd, 0xe5, 0x0, 0x0, 0x6, 0x90,
    0x0, 0x9, 0xf6, 0x0, 0x0, 0x6, 0x90, 0x0,
    0x0, 0x6a, 0x0,

    /* U+8F74 "轴" */
    0x0, 0x1e, 0x0, 0x0, 0xe, 0x20, 0x0, 0x9,
    0xae, 0x98, 0x0, 0xe, 0x20, 0x0, 0x5, 0xe8,
    0x54, 0x7f, 0xff, 0xff, 0xf0, 0x2, 0xf3, 0x40,
    0x87, 0xe, 0x20, 0xf0, 0x9, 0x86, 0x90, 0x86,
    0xe, 0x20, 0xf0, 0xf, 0xab, 0xd8, 0x86, 0xe,
    0x20, 0xf0, 0x5, 0x69, 0xc6, 0x8f, 0xff, 0xff,
    0xf0, 0x0, 0x6, 0x92, 0x87, 0xe, 0x20, 0xf0,
    0x6, 0x9d, 0xfd, 0x86, 0xe, 0x20, 0xf0, 0xa,
    0x89, 0xa0, 0x86, 0xe, 0x20, 0xf0, 0x0, 0x6,
    0x90, 0x8f, 0xff, 0xff, 0xf0, 0x0, 0x6, 0x90,
    0x87, 0x0, 0x0, 0xf0,

    /* U+8F7B "轻" */
    0x0, 0x6, 0x0, 0x0, 0x0, 0x0, 0x0, 0x0,
    0x2e, 0x0, 0x19, 0x99, 0x99, 0x10, 0x1c, 0xdf,
    0xcb, 0x16, 0x66, 0x8f, 0x10, 0x4, 0xd7, 0x43,
    0x0, 0x0, 0xa8, 0x0, 0x2, 0xf3, 0x40, 0x0,
    0x8, 0xd0, 0x0, 0x9, 0x86, 0x90, 0x3, 0xcf,
    0xfa, 0x20, 0xf, 0xab, 0xd8, 0x7f, 0xa1, 0x19,
    0xf2, 0x7, 0x7a, 0xc7, 0x2, 0x0, 0x0, 0x20,
    0x0, 0x6, 0x90, 0xf, 0xff, 0xff, 0xa0, 0x4,
    0x7b, 0xfe, 0x0, 0xe, 0x30, 0x0, 0xc, 0xab,
    0xa0, 0x0, 0xe, 0x30, 0x0, 0x0, 0x6, 0x90,
    0x0, 0xe, 0x30, 0x0, 0x0, 0x6, 0x90, 0xdf,
    0xff, 0xff, 0xf0,

    /* U+8F83 "较" */
    0x0, 0x6, 0x0, 0x0, 0x6, 0x0, 0x0, 0x0,
    0x2e, 0x0, 0x0, 0xe, 0x40, 0x0, 0x1c, 0xdf,
    0xcb, 0x4b, 0xbe, 0xdb, 0xb1, 0x4, 0xd7, 0x43,
    0x14, 0x44, 0x44, 0x40, 0x2, 0xf3, 0x40, 0x3,
    0xd0, 0x4d, 0x10, 0x8, 0xa6, 0x90, 0xd, 0x70,
    0xc, 0xb0, 0xf, 0x68, 0xb3, 0x8c, 0x0, 0x2,
    0xe1, 0xb, 0xbd, 0xeb, 0x15, 0xc0, 0x2d, 0x10,
    0x0, 0x6, 0x90, 0x0, 0xd5, 0xa8, 0x0, 0x3,
    0x6b, 0xed, 0x0, 0x3e, 0xe1, 0x0, 0xc, 0x9a,
    0xa0, 0x0, 0x5f, 0xe3, 0x0, 0x0, 0x6, 0x90,
    0x2a, 0xf4, 0x6f, 0x80, 0x0, 0x6, 0x90, 0x7a,
    0x20, 0x3, 0xc1,

    /* U+8FA8 "辨" */
    0x0, 0x0, 0x0, 0x0, 0x0, 0x0, 0x0, 0xe,
    0x20, 0x0, 0xe1, 0x1e, 0x0, 0x3f, 0xff, 0xf0,
    0xe, 0x7f, 0xff, 0xd0, 0x51, 0x44, 0x27, 0xe2,
    0x60, 0x63, 0xa, 0x49, 0x54, 0xae, 0x1d, 0x3c,
    0x30, 0x53, 0xc2, 0x68, 0xe1, 0x62, 0xe0, 0x5f,
    0xff, 0xfa, 0x5e, 0x8f, 0xff, 0xd0, 0x9, 0x60,
    0x73, 0xf0, 0xe, 0x20, 0xe, 0xfe, 0xa0, 0x2e,
    0x2e, 0xfe, 0x90, 0xd, 0x30, 0x7, 0xa0, 0xe,
    0x30, 0x2, 0xf0, 0x0, 0xe4, 0x0, 0xe2, 0x0,
    0xc9, 0x0, 0x9b, 0x0, 0xe, 0x20, 0x1a, 0x0,
    0x1c, 0x10, 0x0, 0xe2, 0x0,

    /* U+8FB9 "边" */
    0x1a, 0x10, 0x0, 0xd, 0x30, 0x0, 0x0, 0x8,
    0xe2, 0x0, 0xe, 0x20, 0x0, 0x0, 0x0, 0x40,
    0xbf, 0xff, 0xff, 0xfd, 0x0, 0x0, 0x0, 0x1,
    0x3f, 0x11, 0x4e, 0x0, 0x13, 0x30, 0x0, 0x4d,
    0x0, 0x3e, 0x0, 0x6c, 0xf3, 0x0, 0x99, 0x0,
    0x3d, 0x0, 0x0, 0xd3, 0x0, 0xe4, 0x0, 0x4d,
    0x0, 0x0, 0xd3, 0x7, 0xd0, 0x0, 0x5c, 0x0,
    0x0, 0xd3, 0x4f, 0x40, 0x21, 0x99, 0x0, 0x0,
    0xd4, 0x97, 0x0, 0x9f, 0xe3, 0x0, 0x1a, 0xde,
    0x95, 0x44, 0x33, 0x33, 0x30, 0x4d, 0x11, 0x7c,
    0xef, 0xff, 0xff, 0xc0, 0x0, 0x0, 0x0, 0x0,
    0x0, 0x0, 0x0,

    /* U+8FC7 "过" */
    0x19, 0x10, 0x0, 0x0, 0xa, 0x70, 0x0, 0x9,
    0xe2, 0x1, 0x11, 0x1a, 0x81, 0x10, 0x0, 0x60,
    0x3f, 0xff, 0xff, 0xff, 0xe0, 0x0, 0x0, 0x0,
    0x0, 0xa, 0x70, 0x0, 0x13, 0x30, 0x8, 0x40,
    0xa, 0x70, 0x0, 0x6c, 0xf3, 0x7, 0xc0, 0xa,
    0x70, 0x0, 0x0, 0xd3, 0x1, 0xf2, 0xa, 0x70,
    0x0, 0x0, 0xd3, 0x0, 0x72, 0xa, 0x70, 0x0,
    0x0, 0xd3, 0x0, 0x0, 0xa, 0x70, 0x0, 0x0,
    0xd4, 0x0, 0x9, 0xef, 0x40, 0x0, 0x1b, 0xde,
    0xa6, 0x44, 0x65, 0x33, 0x30, 0x4d, 0x11, 0x7b,
    0xef, 0xff, 0xff, 0xd0, 0x0, 0x0, 0x0, 0x0,
    0x0, 0x0, 0x0,

    /* U+8FD0 "运" */
    0x0, 0x0, 0x0, 0x0, 0x0, 0x0, 0x0, 0x1d,
    0x40, 0x8, 0xff, 0xff, 0xfd, 0x0, 0x7, 0xf2,
    0x0, 0x0, 0x0, 0x0, 0x0, 0x0, 0x60, 0x0,
    0x0, 0x0, 0x0, 0x0, 0x0, 0x0, 0x36, 0x66,
    0x66, 0x66, 0x60, 0x13, 0x30, 0x6b, 0xbf, 0xdb,
    0xbb, 0xa0, 0x6c, 0xf3, 0x0, 0x2f, 0x20, 0x0,
    0x0, 0x0, 0xd3, 0x0, 0x9a, 0x3, 0xe2, 0x0,
    0x0, 0xd3, 0x2, 0xf2, 0x0, 0x9d, 0x0, 0x0,
    0xd3, 0xc, 0xea, 0xce, 0xff, 0x70, 0x0, 0xd4,
    0x5, 0x76, 0x52, 0x4, 0x70, 0x19, 0xde, 0x95,
    0x44, 0x33, 0x33, 0x30, 0x4d, 0x11, 0x7b, 0xef,
    0xff, 0xff, 0xe0, 0x0, 0x0, 0x0, 0x0, 0x0,
    0x0, 0x0,

    /* U+8FD1 "近" */
    0x0, 0x0, 0x0, 0x0, 0x0, 0x34, 0x1, 0xe5,
    0x0, 0xac, 0xde, 0xfe, 0xb1, 0x5, 0xf2, 0xe,
    0x63, 0x20, 0x0, 0x0, 0x4, 0x0, 0xe2, 0x0,
    0x0, 0x0, 0x0, 0x0, 0xe, 0x75, 0x55, 0x55,
    0x41, 0x33, 0x0, 0xfd, 0xdd, 0xdf, 0xda, 0x6c,
    0xf3, 0xf, 0x0, 0x5, 0xd0, 0x0, 0xd, 0x33,
    0xe0, 0x0, 0x5d, 0x0, 0x0, 0xd3, 0x7a, 0x0,
    0x5, 0xd0, 0x0, 0xd, 0x3d, 0x40, 0x0, 0x5d,
    0x0, 0x0, 0xd4, 0x50, 0x0, 0x5, 0xd0, 0x1,
    0x9d, 0xe9, 0x54, 0x43, 0x33, 0x33, 0x4d, 0x11,
    0x8c, 0xef, 0xff, 0xff, 0xb0, 0x0, 0x0, 0x0,
    0x0, 0x0, 0x0,

    /* U+8FFD "追" */
    0x0, 0x0, 0x0, 0x2, 0x50, 0x0, 0x0, 0x1d,
    0x30, 0x0, 0x8, 0xb0, 0x0, 0x0, 0x7, 0xf2,
    0xe, 0xff, 0xff, 0xfc, 0x0, 0x0, 0x40, 0xf,
    0x20, 0x0, 0x5d, 0x0, 0x0, 0x0, 0xf, 0x31,
    0x11, 0x5d, 0x0, 0x13, 0x30, 0xf, 0xee, 0xee,
    0xeb, 0x0, 0x5a, 0xf3, 0xf, 0x20, 0x0, 0x0,
    0x0, 0x0, 0xd3, 0xf, 0xff, 0xff, 0xff, 0x10,
    0x0, 0xd3, 0xf, 0x20, 0x0, 0xf, 0x10, 0x0,
    0xd3, 0xf, 0xdc, 0xcc, 0xcf, 0x10, 0x0, 0xd5,
    0x3, 0x44, 0x44, 0x44, 0x0, 0xa, 0xee, 0x95,
    0x43, 0x32, 0x22, 0x20, 0x4d, 0x11, 0x8c, 0xef,
    0xff, 0xff, 0xf1, 0x1, 0x0, 0x0, 0x0, 0x0,
    0x0, 0x0,

    /* U+9009 "选" */
    0x8, 0x0, 0x4, 0x62, 0xf0, 0x0, 0x0, 0x1b,
    0xc1, 0xb, 0x96, 0xf4, 0x43, 0x0, 0x0, 0x81,
    0x3f, 0xbc, 0xfb, 0xb8, 0x0, 0x0, 0x0, 0x87,
    0x2, 0xf0, 0x0, 0x0, 0x13, 0x31, 0x77, 0x78,
    0xf7, 0x77, 0x40, 0x6c, 0xf4, 0x99, 0xcc, 0xbe,
    0x99, 0x50, 0x0, 0xd3, 0x0, 0xa6, 0x5b, 0x0,
    0x0, 0x0, 0xd3, 0x2, 0xf2, 0x5b, 0x1, 0x30,
    0x0, 0xd3, 0x6e, 0x90, 0x5c, 0x6, 0xb0, 0x0,
    0xd4, 0xa8, 0x0, 0x2d, 0xfe, 0x50, 0x1a, 0xde,
    0x95, 0x44, 0x33, 0x33, 0x30, 0x4d, 0x11, 0x7c,
    0xef, 0xff, 0xff, 0xc0, 0x0, 0x0, 0x0, 0x0,
    0x0, 0x0, 0x0,

    /* U+901F "速" */
    0x8, 0x10, 0x1, 0x11, 0xc4, 0x11, 0x0, 0xa,
    0xd1, 0x5e, 0xee, 0xff, 0xee, 0xd0, 0x0, 0x81,
    0x0, 0x0, 0xc4, 0x0, 0x0, 0x0, 0x0, 0xe,
    0xff, 0xff, 0xff, 0x60, 0x37, 0x71, 0xe, 0x10,
    0xc4, 0xa, 0x60, 0x25, 0xe3, 0xe, 0xcc, 0xfd,
    0xce, 0x60, 0x0, 0xd3, 0x3, 0x5f, 0xe7, 0x33,
    0x10, 0x0, 0xd3, 0x1, 0xd7, 0xc5, 0xd5, 0x0,
    0x0, 0xd3, 0x4e, 0xb0, 0xc4, 0x5e, 0x80, 0x0,
    0xd3, 0x6a, 0x0, 0xc4, 0x2, 0xa0, 0x6, 0xed,
    0x75, 0x44, 0xe7, 0x33, 0x30, 0x4d, 0x23, 0x8c,
    0xef, 0xff, 0xff, 0xe0, 0x0, 0x0, 0x0, 0x0,
    0x0, 0x0, 0x0,

    /* U+906E "遮" */
    0x0, 0x0, 0x0, 0x0, 0x0, 0x0, 0x0, 0x9,
    0x10, 0x0, 0x0, 0xe3, 0x0, 0x0, 0x9, 0xe2,
    0x2f, 0xff, 0xff, 0xff, 0xd0, 0x0, 0x40, 0x2e,
    0xc, 0x10, 0xc1, 0x0, 0x0, 0x0, 0x2f, 0xbf,
    0xbb, 0xfb, 0xb0, 0x5a, 0xa2, 0x2e, 0x3f, 0x43,
    0xe4, 0x30, 0x48, 0xe3, 0x2d, 0xf, 0x10, 0xe1,
    0x0, 0x0, 0xd3, 0x5b, 0xe, 0xff, 0xf1, 0x0,
    0x0, 0xd3, 0x99, 0x53, 0x33, 0x29, 0x0, 0x0,
    0xd4, 0xf4, 0xd5, 0xa8, 0x5b, 0x70, 0x0, 0xd6,
    0x93, 0xb2, 0xc6, 0x73, 0xd0, 0x19, 0xde, 0x95,
    0x54, 0x43, 0x33, 0x31, 0x4d, 0x11, 0x7b, 0xef,
    0xff, 0xff, 0xf0, 0x0, 0x0, 0x0, 0x0, 0x0,
    0x0, 0x0,

    /* U+914D "配" */
    0x3f, 0xff, 0xff, 0xee, 0xff, 0xff, 0xe0, 0x0,
    0x49, 0xd0, 0x0, 0x0, 0x3, 0xe0, 0xb, 0xde,
    0xfd, 0x70, 0x0, 0x2, 0xe0, 0xe, 0x7a, 0xd8,
    0x80, 0x0, 0x2, 0xe0, 0xe, 0x68, 0xd7, 0x87,
    0x99, 0x9a, 0xe0, 0xe, 0x86, 0xd7, 0x8c, 0xb8,
    0x89, 0xe0, 0xe, 0xc2, 0xbf, 0x8c, 0x50, 0x0,
    0x10, 0xe, 0xa0, 0x8, 0x8c, 0x50, 0x0, 0x0,
    0xe, 0xcc, 0xcd, 0x8c, 0x50, 0x0, 0x37, 0xe,
    0x21, 0x17, 0x8c, 0x50, 0x0, 0x6a, 0xe, 0xcc,
    0xcd, 0x8c, 0x81, 0x13, 0xc6, 0xe, 0x32, 0x28,
    0x87, 0xef, 0xfe, 0xb0,

    /* U+91C7 "采" */
    0x0, 0x0, 0x0, 0x0, 0x13, 0x56, 0x0, 0x5,
    0xcc, 0xdd, 0xef, 0xfd, 0xb9, 0x10, 0x1, 0x64,
    0x32, 0x61, 0x0, 0x3b, 0x0, 0x0, 0xb9, 0x0,
    0xaa, 0x0, 0xa9, 0x0, 0x0, 0x2f, 0x40, 0x1d,
    0x15, 0xf1, 0x0, 0x0, 0x4, 0x10, 0x54, 0x3,
    0x40, 0x0, 0x1, 0x11, 0x11, 0xa8, 0x11, 0x11,
    0x10, 0xe, 0xff, 0xff, 0xff, 0xff, 0xff, 0xd0,
    0x0, 0x0, 0x2e, 0xdd, 0xd1, 0x0, 0x0, 0x0,
    0x5, 0xe6, 0x98, 0x7e, 0x30, 0x0, 0x2, 0xae,
    0x40, 0x98, 0x6, 0xfa, 0x20, 0x2f, 0x91, 0x0,
    0x98, 0x0, 0x2b, 0xf2, 0x0, 0x0, 0x0, 0x98,
    0x0, 0x0, 0x20,

    /* U+91CD "重" */
    0x0, 0x0, 0x0, 0x0, 0x1, 0x12, 0x0, 0x5,
    0xde, 0xee, 0xef, 0xfe, 0xdc, 0x10, 0x1, 0x22,
    0x21, 0xa8, 0x0, 0x0, 0x0, 0x1f, 0xff, 0xff,
    0xff, 0xff, 0xff, 0xf2, 0x0, 0x66, 0x66, 0xbb,
    0x66, 0x65, 0x0, 0x2, 0xf8, 0x88, 0xcc, 0x88,
    0x8f, 0x0, 0x2, 0xfb, 0xbb, 0xdd, 0xbb, 0xbf,
    0x0, 0x2, 0xe3, 0x33, 0xb9, 0x33, 0x3f, 0x0,
    0x2, 0xfd, 0xdd, 0xee, 0xdd, 0xdf, 0x0, 0x0,
    0x33, 0x33, 0xb9, 0x33, 0x33, 0x0, 0xa, 0xff,
    0xff, 0xff, 0xff, 0xff, 0x90, 0x1, 0x11, 0x11,
    0xa8, 0x11, 0x11, 0x10, 0x3f, 0xff, 0xff, 0xff,
    0xff, 0xff, 0xf2,

    /* U+91CF "量" */
    0x0, 0xdd, 0xdd, 0xdd, 0xdd, 0xf5, 0x0, 0x0,
    0xdd, 0xcc, 0xcc, 0xcc, 0xf5, 0x0, 0x0, 0xd8,
    0x55, 0x55, 0x55, 0xd5, 0x0, 0x0, 0x79, 0x99,
    0x99, 0x99, 0x93, 0x0, 0x3d, 0xdd, 0xdd, 0xdd,
    0xdd, 0xdd, 0xa0, 0x0, 0x67, 0x77, 0x77, 0x77,
    0x73, 0x0, 0x0, 0xe8, 0x66, 0xe9, 0x66, 0xc7,
    0x0, 0x0, 0xec, 0xbb, 0xfc, 0xbb, 0xe7, 0x0,
    0x0, 0xeb, 0xaa, 0xfc, 0xaa, 0xe7, 0x0, 0x0,
    0x56, 0x66, 0xe9, 0x66, 0x63, 0x0, 0x4, 0xbb,
    0xbb, 0xfc, 0xbb, 0xba, 0x0, 0x8e, 0xee, 0xee,
    0xff, 0xee, 0xee, 0xe1,

    /* U+94AE "钮" */
    0x0, 0x43, 0x0, 0x0, 0x0, 0x0, 0x0, 0x0,
    0xd4, 0x0, 0x8f, 0xff, 0xff, 0x80, 0x4, 0xfd,
    0xd7, 0x2, 0xe0, 0x9, 0x70, 0xc, 0x72, 0x21,
    0x3, 0xd0, 0xa, 0x60, 0x4d, 0x32, 0x20, 0x4,
    0xc0, 0xb, 0x50, 0x2, 0xcf, 0xc3, 0x5, 0xb0,
    0xc, 0x40, 0x0, 0x1e, 0x0, 0x6b, 0xd7, 0x7e,
    0x30, 0x2, 0x3e, 0x21, 0x7d, 0xc9, 0x9f, 0x20,
    0xc, 0xdf, 0xd8, 0xa, 0x70, 0xf, 0x10, 0x0,
    0x1e, 0x0, 0xb, 0x50, 0xf, 0x0, 0x0, 0x1e,
    0x0, 0xd, 0x40, 0x1f, 0x0, 0x0, 0x1e, 0xa6,
    0xe, 0x30, 0x2f, 0x0, 0x0, 0xc, 0x71, 0xff,
    0xff, 0xff, 0xf1,

    /* U+94C1 "铁" */
    0x0, 0x0, 0x0, 0x0, 0x0, 0x0, 0x0, 0x0,
    0xb5, 0x0, 0x6, 0x2e, 0x20, 0x0, 0x2, 0xfd,
    0xd7, 0xe, 0x5f, 0x54, 0x10, 0xb, 0x72, 0x21,
    0x4f, 0xff, 0xff, 0x50, 0x4d, 0x32, 0x20, 0xc7,
    0xe, 0x20, 0x0, 0x2, 0xcf, 0xc4, 0xd1, 0xf,
    0x10, 0x0, 0x0, 0x1e, 0x0, 0x0, 0xf, 0x10,
    0x0, 0x2, 0x3e, 0x21, 0x9e, 0xef, 0xee, 0xd0,
    0xc, 0xdf, 0xd8, 0x1, 0x6f, 0x71, 0x0, 0x0,
    0x1e, 0x0, 0x0, 0xb9, 0xd0, 0x0, 0x0, 0x1e,
    0x0, 0x4, 0xf1, 0xb8, 0x0, 0x0, 0x1e, 0x75,
    0x1e, 0x70, 0x2f, 0x50, 0x0, 0x1f, 0xa2, 0xcb,
    0x0, 0x5, 0xf1, 0x0, 0x0, 0x0, 0x30, 0x0,
    0x0, 0x20,

    /* U+9501 "锁" */
    0x0, 0x0, 0x0, 0x0, 0x0, 0x0, 0x0, 0x0,
    0xb5, 0x0, 0x24, 0xf, 0x22, 0x70, 0x2, 0xfd,
    0xd7, 0x4e, 0x1f, 0x2b, 0xb0, 0xb, 0x72, 0x21,
    0x8, 0x1f, 0x29, 0x20, 0x4d, 0x32, 0x20, 0x26,
    0x6f, 0x76, 0x50, 0x2, 0xcf, 0xc3, 0x7e, 0xaa,
    0xab, 0xe0, 0x0, 0x1e, 0x0, 0x7a, 0x7, 0x13,
    0xe0, 0x2, 0x3e, 0x21, 0x7a, 0xf, 0x23, 0xe0,
    0xc, 0xdf, 0xd8, 0x7a, 0xf, 0x23, 0xe0, 0x0,
    0x1e, 0x0, 0x7a, 0x1f, 0x13, 0xe0, 0x0, 0x1e,
    0x0, 0x34, 0x8c, 0x54, 0x50, 0x0, 0x1e, 0xa7,
    0x7, 0xf3, 0x7f, 0x60, 0x0, 0xc, 0x73, 0xed,
    0x30, 0x4, 0xf4, 0x0, 0x0, 0x0, 0x30, 0x0,
    0x0, 0x10,

    /* U+957F "长" */
    0x0, 0x6, 0xb0, 0x0, 0x2, 0xb0, 0x0, 0x0,
    0x6b, 0x0, 0x3, 0xe7, 0x0, 0x0, 0x6, 0xb0,
    0x7, 0xf6, 0x0, 0x0, 0x0, 0x6b, 0xc, 0xc3,
    0x0, 0x0, 0x1, 0x16, 0xb1, 0x41, 0x11, 0x11,
    0x13, 0xff, 0xff, 0xff, 0xff, 0xff, 0xfe, 0x0,
    0x6, 0xb0, 0x2f, 0x20, 0x0, 0x0, 0x0, 0x6b,
    0x0, 0xaa, 0x0, 0x0, 0x0, 0x6, 0xb0, 0x1,
    0xe7, 0x0, 0x0, 0x0, 0x6b, 0x2, 0x4, 0xf9,
    0x0, 0x0, 0x6, 0xb8, 0xd0, 0x3, 0xed, 0x50,
    0x0, 0x5f, 0xa1, 0x0, 0x1, 0x88, 0x0, 0x0,
    0x30, 0x0, 0x0, 0x0, 0x0,

    /* U+95E8 "门" */
    0x2, 0x40, 0x0, 0x0, 0x0, 0x0, 0x4, 0xf1,
    0x8f, 0xff, 0xff, 0xf2, 0x10, 0x72, 0x0, 0x0,
    0x0, 0xe2, 0xc4, 0x0, 0x0, 0x0, 0x0, 0xe2,
    0xc4, 0x0, 0x0, 0x0, 0x0, 0xe2, 0xc4, 0x0,
    0x0, 0x0, 0x0, 0xe2, 0xc4, 0x0, 0x0, 0x0,
    0x0, 0xe2, 0xc4, 0x0, 0x0, 0x0, 0x0, 0xe2,
    0xc4, 0x0, 0x0, 0x0, 0x0, 0xe2, 0xc4, 0x0,
    0x0, 0x0, 0x0, 0xe2, 0xc4, 0x0, 0x0, 0x0,
    0x0, 0xe2, 0xc4, 0x0, 0x0, 0x0, 0x2, 0xf2,
    0xc4, 0x0, 0x0, 0x0, 0x3f, 0xc0,

    /* U+95F4 "间" */
    0x3, 0x40, 0x0, 0x0, 0x0, 0x0, 0x4, 0xe0,
    0x8f, 0xff, 0xff, 0xf2, 0x10, 0x71, 0x0, 0x0,
    0x0, 0xe2, 0xc4, 0x0, 0x0, 0x0, 0x0, 0xe2,
    0xc4, 0xd, 0xff, 0xff, 0x10, 0xe2, 0xc4, 0xe,
    0x20, 0xe, 0x20, 0xe2, 0xc4, 0xe, 0x20, 0xe,
    0x20, 0xe2, 0xc4, 0xe, 0xff, 0xff, 0x20, 0xe2,
    0xc4, 0xe, 0x21, 0x1e, 0x20, 0xe2, 0xc4, 0xe,
    0x20, 0xe, 0x20, 0xe2, 0xc4, 0xd, 0xff, 0xff,
    0x10, 0xe2, 0xc4, 0x0, 0x0, 0x0, 0x2, 0xf2,
    0xc4, 0x0, 0x0, 0x0, 0x2f, 0xd0,

    /* U+9608 "阈" */
    0x2, 0x40, 0x0, 0x0, 0x0, 0x0, 0x4, 0xe0,
    0x2f, 0xff, 0xff, 0xf2, 0x10, 0xa2, 0x0, 0x12,
    0x60, 0xe2, 0xc4, 0x0, 0x0, 0xc2, 0x80, 0xe2,
    0xc6, 0xdd, 0xdd, 0xfd, 0xd3, 0xe2, 0xc5, 0x33,
    0x33, 0xc5, 0x40, 0xe2, 0xc4, 0xcd, 0xda, 0x95,
    0xe0, 0xe2, 0xc4, 0xe0, 0x2b, 0x7a, 0xb0, 0xe2,
    0xc4, 0xcc, 0xca, 0x4f, 0x60, 0xe2, 0xc4, 0x1,
    0x35, 0x1e, 0x13, 0xe2, 0xc6, 0xed, 0xa6, 0x9e,
    0x88, 0xe2, 0xc4, 0x10, 0x5, 0x83, 0xd3, 0xf2,
    0xc4, 0x0, 0x0, 0x0, 0x1f, 0xd0,

    /* U+9640 "陀" */
    0x0, 0x0, 0x0, 0x4, 0x20, 0x0, 0xe, 0xff,
    0xf3, 0x0, 0xa9, 0x0, 0x0, 0xe1, 0x1f, 0x23,
    0x36, 0xe3, 0x33, 0xe, 0x16, 0xa8, 0xed, 0xdd,
    0xdd, 0xf0, 0xe1, 0xb4, 0x89, 0x0, 0x0, 0x1f,
    0xe, 0x2f, 0x4, 0x5e, 0x0, 0x0, 0x80, 0xe1,
    0xa6, 0x0, 0xf0, 0x2, 0xa1, 0xe, 0x12, 0xd0,
    0xf, 0x5a, 0xf8, 0x0, 0xe1, 0xf, 0x0, 0xfd,
    0x71, 0x0, 0xe, 0x34, 0xe0, 0xf, 0x0, 0x0,
    0x20, 0xe6, 0xc5, 0x0, 0xf0, 0x0, 0xe, 0x3e,
    0x10, 0x0, 0xf, 0x42, 0x25, 0xf1, 0xe1, 0x0,
    0x0, 0xaf, 0xff, 0xe8, 0x0,

    /* U+9644 "附" */
    0x0, 0x0, 0x0, 0x0, 0x0, 0x0, 0xe, 0xff,
    0xf3, 0x59, 0x0, 0xc, 0x40, 0xe1, 0x1f, 0x9,
    0x50, 0x0, 0xc4, 0xe, 0x16, 0xa0, 0xc2, 0x34,
    0x4d, 0x70, 0xe1, 0xb4, 0x2f, 0x1b, 0xcc, 0xfd,
    0x2e, 0x2f, 0x7, 0xf1, 0x1, 0xc, 0x40, 0xe1,
    0xa6, 0xcf, 0x19, 0x80, 0xc4, 0xe, 0x12, 0xd3,
    0xe1, 0x3e, 0xc, 0x40, 0xe1, 0xf, 0xe, 0x10,
    0xe4, 0xc4, 0xe, 0x34, 0xe0, 0xe1, 0x7, 0x3c,
    0x40, 0xe6, 0xc5, 0xe, 0x10, 0x0, 0xc4, 0xe,
    0x10, 0x0, 0xe1, 0x1, 0x1d, 0x40, 0xe1, 0x0,
    0xe, 0x10, 0x3f, 0xe1, 0x0,

    /* U+964D "降" */
    0x0, 0x0, 0x0, 0x25, 0x0, 0x0, 0xe, 0xff,
    0xf3, 0xb, 0xb1, 0x11, 0x0, 0xe1, 0x1e, 0x5,
    0xfd, 0xdd, 0xf2, 0xe, 0x17, 0x94, 0xfe, 0x70,
    0x8a, 0x0, 0xe1, 0xd3, 0x45, 0x1d, 0xee, 0x20,
    0xe, 0x2e, 0x14, 0xae, 0xc6, 0xbf, 0xc1, 0xe1,
    0x79, 0x27, 0x20, 0x5c, 0x15, 0xe, 0x11, 0xe1,
    0xff, 0xff, 0xff, 0xa0, 0xe1, 0xf, 0x7, 0x41,
    0x6c, 0x11, 0xe, 0x58, 0xd1, 0xf3, 0x5, 0xc0,
    0x0, 0xe4, 0x92, 0x4f, 0xff, 0xff, 0xfe, 0xe,
    0x10, 0x0, 0x0, 0x5, 0xc0, 0x0, 0xe1, 0x0,
    0x0, 0x0, 0x5c, 0x0, 0x0,

    /* U+9664 "除" */
    0x0, 0x0, 0x0, 0x0, 0x52, 0x0, 0x0, 0x1f,
    0xef, 0x50, 0x3, 0xf9, 0x0, 0x0, 0x1f, 0xd,
    0x20, 0xd, 0x9e, 0x70, 0x0, 0x1f, 0x2c, 0x0,
    0xcb, 0x2, 0xe9, 0x0, 0x1f, 0x77, 0x1c, 0xc1,
    0x0, 0x3d, 0xd1, 0x1f, 0xb4, 0x39, 0x1f, 0xff,
    0xe1, 0x80, 0x1f, 0x5b, 0x0, 0x0, 0xb6, 0x0,
    0x0, 0x1f, 0xe, 0x8f, 0xff, 0xff, 0xff, 0xc0,
    0x1f, 0xc, 0x41, 0x11, 0xb7, 0x11, 0x10, 0x1f,
    0x2e, 0x22, 0xe1, 0xb6, 0x69, 0x0, 0x1f, 0x99,
    0x1d, 0x80, 0xb6, 0x1d, 0x70, 0x1f, 0x0, 0xba,
    0x12, 0xc6, 0x2, 0xe2, 0x1f, 0x0, 0x0, 0x4e,
    0xd2, 0x0, 0x0,

    /* U+968F "随" */
    0x0, 0x0, 0x0, 0x0, 0x3, 0x20, 0x0, 0x1f,
    0xef, 0x59, 0x30, 0xe, 0x50, 0x0, 0x1f, 0xe,
    0x17, 0x9a, 0xff, 0xff, 0xf0, 0x1f, 0x3b, 0x2,
    0x52, 0xf4, 0x0, 0x0, 0x1f, 0x85, 0x0, 0xd,
    0xfc, 0xcc, 0xb0, 0x1f, 0x96, 0xa, 0xb5, 0xe2,
    0x12, 0xe0, 0x1f, 0x2d, 0x3, 0xf0, 0xed, 0xdd,
    0xe0, 0x1f, 0xd, 0x20, 0xf0, 0xe2, 0x12, 0xe0,
    0x1f, 0xc, 0x30, 0xf0, 0xee, 0xee, 0xe0, 0x1f,
    0x6e, 0x10, 0xf0, 0xe1, 0x1, 0xe0, 0x1f, 0x43,
    0x0, 0xf0, 0xe1, 0x6d, 0xc0, 0x1f, 0x0, 0x2a,
    0xcb, 0x62, 0x23, 0x10, 0x1f, 0x0, 0x2a, 0x5,
    0xcf, 0xff, 0xf1,

    /* U+96C6 "集" */
    0x0, 0x5, 0x30, 0x15, 0x0, 0x0, 0x0, 0x0,
    0x2f, 0xa7, 0x8f, 0x77, 0x77, 0x40, 0x1, 0xdc,
    0x77, 0x7f, 0x87, 0x77, 0x40, 0x1c, 0xfe, 0xcc,
    0xcf, 0xcc, 0xca, 0x0, 0xa, 0x8a, 0x22, 0x2f,
    0x32, 0x21, 0x0, 0x0, 0x7f, 0xee, 0xef, 0xee,
    0xec, 0x0, 0x0, 0x7a, 0x11, 0x1f, 0x31, 0x11,
    0x0, 0x0, 0x7f, 0xee, 0xff, 0xee, 0xee, 0xa0,
    0x0, 0x0, 0x0, 0x89, 0x0, 0x0, 0x0, 0xe,
    0xee, 0xef, 0xff, 0xfe, 0xee, 0xe0, 0x0, 0x1,
    0x9c, 0xab, 0xc8, 0x10, 0x0, 0x17, 0xbd, 0x60,
    0x89, 0x7, 0xec, 0x81, 0x8, 0x40, 0x0, 0x89,
    0x0, 0x4, 0x80,

    /* U+96F6 "零" */
    0x6, 0xee, 0xee, 0xff, 0xee, 0xee, 0x70, 0xc,
    0xcc, 0xcc, 0xee, 0xcc, 0xcc, 0xc0, 0x1f, 0x47,
    0x76, 0xa9, 0x77, 0x74, 0xf1, 0xa, 0x38, 0x87,
    0x98, 0x88, 0x84, 0xb0, 0x0, 0x6d, 0xda, 0x98,
    0xee, 0xe6, 0x0, 0x0, 0x0, 0x3, 0xeb, 0x10,
    0x0, 0x0, 0x0, 0x3, 0xbc, 0x99, 0xe9, 0x30,
    0x0, 0x7, 0xdd, 0x60, 0x74, 0x7, 0xde, 0xa0,
    0x7, 0x3d, 0xff, 0xff, 0xff, 0x22, 0x50, 0x0,
    0x0, 0x3, 0x2, 0xca, 0x0, 0x0, 0x0, 0x0,
    0x3c, 0xde, 0x90, 0x0, 0x0, 0x0, 0x0, 0x0,
    0x3b, 0xf2, 0x0, 0x0, 0x0, 0x0, 0x0, 0x0,
    0x10, 0x0, 0x0,

    /* U+9700 "需" */
    0x6, 0xff, 0xff, 0xff, 0xff, 0xff, 0x40, 0x22,
    0x22, 0x29, 0x92, 0x22, 0x22, 0x1f, 0xcc, 0xcc,
    0xee, 0xcc, 0xcd, 0xf1, 0xf4, 0x88, 0x88, 0x97,
    0x88, 0x5f, 0x7, 0x25, 0x55, 0x89, 0x45, 0x52,
    0x80, 0x6, 0xcc, 0xb7, 0x8b, 0xcc, 0x20, 0x6,
    0x88, 0x88, 0x88, 0x88, 0x88, 0x50, 0x34, 0x44,
    0x5f, 0x44, 0x44, 0x42, 0x3, 0xee, 0xee, 0xfe,
    0xee, 0xee, 0x20, 0x3d, 0x2, 0xf0, 0xf, 0x20,
    0xe2, 0x3, 0xd0, 0x2f, 0x0, 0xf2, 0xf, 0x20,
    0x3c, 0x2, 0xf0, 0xf, 0x3e, 0xd0,

    /* U+9759 "静" */
    0x0, 0x0, 0x0, 0x0, 0x0, 0x0, 0x0, 0xf,
    0xff, 0xff, 0xb0, 0xd4, 0x21, 0x0, 0x0, 0x9,
    0x70, 0x7, 0xed, 0xec, 0x0, 0x7, 0xce, 0xdc,
    0x8e, 0x20, 0xd9, 0x0, 0x5, 0x5b, 0xa5, 0x44,
    0xff, 0xff, 0xf0, 0x7, 0x77, 0x77, 0x60, 0xb,
    0x42, 0xf0, 0x8, 0xee, 0xee, 0x6c, 0xcf, 0xdd,
    0xf6, 0x9, 0x70, 0xa, 0x63, 0x3c, 0x75, 0xf1,
    0x9, 0xff, 0xff, 0x51, 0x2b, 0x63, 0xf0, 0x9,
    0x70, 0xa, 0x57, 0xff, 0xff, 0xf0, 0x9, 0xff,
    0xff, 0x50, 0xb, 0x41, 0x90, 0x9, 0x70, 0xa,
    0x50, 0x1b, 0x40, 0x0, 0x8, 0x70, 0xee, 0x20,
    0xbe, 0x20, 0x0,

    /* U+9760 "靠" */
    0x0, 0x1, 0x0, 0x0, 0x0, 0x0, 0x0, 0x0,
    0x8f, 0xcc, 0xee, 0xcc, 0xcc, 0x40, 0x2, 0x82,
    0x22, 0xa9, 0x22, 0x22, 0x0, 0x6e, 0xee, 0xee,
    0xff, 0xee, 0xee, 0xe1, 0x13, 0x55, 0x55, 0x55,
    0x55, 0x55, 0x30, 0x0, 0xdc, 0xbb, 0xbb, 0xbb,
    0xcd, 0x0, 0x0, 0xdc, 0xcd, 0xcc, 0xdc, 0xcd,
    0x0, 0x0, 0x22, 0x2f, 0x35, 0xf2, 0x22, 0x0,
    0xe, 0xee, 0xef, 0x12, 0xfe, 0xee, 0xd0, 0x2,
    0x66, 0x6e, 0x12, 0xe7, 0x77, 0x20, 0x2, 0x55,
    0x5e, 0x12, 0xe4, 0x44, 0x10, 0xf, 0xff, 0xff,
    0x12, 0xff, 0xff, 0xf1, 0x0, 0x0, 0xd, 0x12,
    0xd0, 0x0, 0x0,

    /* U+9762 "面" */
    0x7f, 0xff, 0xff, 0xff, 0xff, 0xff, 0xf1, 0x0,
    0x0, 0x4, 0xd0, 0x0, 0x0, 0x0, 0x0, 0x11,
    0x19, 0x91, 0x11, 0x11, 0x0, 0xa, 0xff, 0xff,
    0xff, 0xff, 0xff, 0x30, 0xa, 0x70, 0x88, 0x0,
    0xf1, 0xe, 0x30, 0xa, 0x70, 0x8e, 0xcc, 0xf1,
    0xe, 0x30, 0xa, 0x70, 0x8a, 0x33, 0xf1, 0xe,
    0x30, 0xa, 0x70, 0x88, 0x0, 0xf1, 0xe, 0x30,
    0xa, 0x70, 0x8f, 0xff, 0xf1, 0xe, 0x30, 0xa,
    0x70, 0x88, 0x0, 0xf1, 0xe, 0x30, 0xa, 0x94,
    0xaa, 0x44, 0xf5, 0x4e, 0x30, 0xa, 0xdb, 0xbb,
    0xbb, 0xbb, 0xbf, 0x30,

    /* U+97F3 "音" */
    0x0, 0x0, 0x0, 0x0, 0x0, 0x0, 0x0, 0x0,
    0x22, 0x22, 0xb9, 0x22, 0x22, 0x10, 0x4, 0xee,
    0xee, 0xee, 0xee, 0xee, 0xa0, 0x0, 0x2, 0xb1,
    0x0, 0x8, 0x60, 0x0, 0x1, 0x11, 0xd7, 0x11,
    0x3f, 0x41, 0x10, 0x1f, 0xff, 0xff, 0xff, 0xff,
    0xff, 0xf7, 0x0, 0x1, 0x11, 0x11, 0x11, 0x10,
    0x0, 0x0, 0x5f, 0xff, 0xff, 0xff, 0xf9, 0x0,
    0x0, 0x5c, 0x0, 0x0, 0x0, 0x89, 0x0, 0x0,
    0x5f, 0xff, 0xff, 0xff, 0xf9, 0x0, 0x0, 0x5c,
    0x0, 0x0, 0x0, 0x89, 0x0, 0x0, 0x5d, 0x33,
    0x33, 0x33, 0x99, 0x0, 0x0, 0x5f, 0xdd, 0xdd,
    0xdd, 0xe9, 0x0,

    /* U+9875 "页" */
    0x8f, 0xff, 0xff, 0xff, 0xff, 0xfe, 0x0, 0x0,
    0x0, 0x9a, 0x0, 0x0, 0x0, 0x1, 0x44, 0x4d,
    0x84, 0x44, 0x30, 0x0, 0x5f, 0xdd, 0xdd, 0xdd,
    0xeb, 0x0, 0x5, 0xc0, 0x1, 0x20, 0x6, 0xb0,
    0x0, 0x5c, 0x0, 0x6a, 0x0, 0x6b, 0x0, 0x5,
    0xc0, 0x7, 0xa0, 0x6, 0xb0, 0x0, 0x5c, 0x0,
    0x88, 0x0, 0x6b, 0x0, 0x5, 0xc0, 0xc, 0x60,
    0x6, 0xb0, 0x0, 0x26, 0x6, 0xe0, 0x64, 0x35,
    0x0, 0x0, 0x29, 0xe3, 0x6, 0xdd, 0x50, 0x6,
    0xcf, 0x91, 0x0, 0x0, 0x6e, 0xc0, 0x35, 0x0,
    0x0, 0x0, 0x0, 0x4, 0x0,

    /* U+9876 "顶" */
    0x1f, 0xff, 0xfa, 0xff, 0xff, 0xff, 0xf5, 0x0,
    0x3e, 0x0, 0x0, 0x2e, 0x0, 0x0, 0x0, 0x3e,
    0x0, 0x6f, 0xff, 0xff, 0xd0, 0x0, 0x3e, 0x0,
    0x79, 0x0, 0x2, 0xe0, 0x0, 0x3e, 0x0, 0x79,
    0xb, 0x11, 0xe0, 0x0, 0x3e, 0x0, 0x79, 0xe,
    0x21, 0xe0, 0x0, 0x3e, 0x0, 0x79, 0xf, 0x11,
    0xe0, 0x0, 0x3e, 0x0, 0x79, 0x1f, 0x1, 0xe0,
    0x0, 0x3e, 0x0, 0x79, 0x6d, 0x1, 0xe0, 0x0,
    0x3e, 0x0, 0x14, 0xe6, 0xc6, 0x20, 0x2, 0x4e,
    0x0, 0x6e, 0x90, 0x3e, 0xa0, 0xb, 0xfa, 0x7,
    0xd5, 0x0, 0x1, 0xc5, 0x0, 0x0, 0x0, 0x0,
    0x0, 0x0, 0x0,

    /* U+9879 "项" */
    0x13, 0x33, 0x2e, 0xff, 0xff, 0xff, 0xa4, 0xcf,
    0xd7, 0x0, 0xe, 0x30, 0x0, 0x0, 0xe2, 0x5,
    0xff, 0xff, 0xff, 0x30, 0xe, 0x20, 0x6a, 0x0,
    0x0, 0xd3, 0x0, 0xe2, 0x6, 0xa0, 0x75, 0xd,
    0x30, 0xe, 0x20, 0x6a, 0xa, 0x60, 0xd3, 0x0,
    0xe2, 0x6, 0xa0, 0xa6, 0xd, 0x30, 0xe, 0x20,
    0x6a, 0xc, 0x50, 0xd3, 0x0, 0xe9, 0x86, 0xa1,
    0xf1, 0xd, 0x34, 0xde, 0x82, 0x13, 0xb9, 0x87,
    0x20, 0x23, 0x0, 0x4, 0xdb, 0x1, 0xbc, 0x10,
    0x0, 0x5, 0xe7, 0x0, 0x0, 0x9a, 0x0, 0x0,
    0x0, 0x0, 0x0, 0x0, 0x0,

    /* U+987B "须" */
    0x0, 0x0, 0x0, 0x0, 0x0, 0x0, 0x0, 0x0,
    0x7, 0xd9, 0xff, 0xff, 0xff, 0xf0, 0x1, 0x9e,
    0x20, 0x0, 0x88, 0x0, 0x0, 0x2e, 0xa1, 0x0,
    0xff, 0xff, 0xff, 0x80, 0x3, 0x0, 0x50, 0xf0,
    0x0, 0x8, 0x90, 0x0, 0xb, 0xc1, 0xf0, 0x3a,
    0x8, 0x90, 0x3, 0xdc, 0x0, 0xf0, 0x4c, 0x8,
    0x90, 0x1f, 0x70, 0x0, 0xf0, 0x5b, 0x8, 0x90,
    0x1, 0x0, 0x63, 0xf0, 0x6a, 0x8, 0x90, 0x0,
    0x4, 0xf3, 0xf0, 0xb7, 0x8, 0x90, 0x0, 0x4f,
    0x50, 0x37, 0xe5, 0xb3, 0x10, 0x7, 0xf5, 0x2,
    0xae, 0x30, 0x7e, 0x40, 0x3e, 0x30, 0x1e, 0xa1,
    0x0, 0x4, 0xd1, 0x0, 0x0, 0x0, 0x0, 0x0,
    0x0, 0x0,

    /* U+9891 "频" */
    0x1, 0x46, 0xa0, 0x5f, 0xff, 0xff, 0xf4, 0x3,
    0xd6, 0xfe, 0x20, 0x1f, 0x0, 0x0, 0x3, 0xd6,
    0xa0, 0xe, 0xff, 0xff, 0xd0, 0x3, 0xd6, 0xa0,
    0xe, 0x31, 0x14, 0xd0, 0xe, 0xee, 0xee, 0x9e,
    0x29, 0x23, 0xd0, 0x0, 0x2, 0x30, 0xe, 0x2e,
    0x33, 0xd0, 0x3, 0xc7, 0x83, 0x2e, 0x2e, 0x23,
    0xd0, 0x9, 0x87, 0x8d, 0x5e, 0x2f, 0x23, 0xd0,
    0x1f, 0x27, 0xed, 0xe, 0x5f, 0x3, 0xd0, 0x4,
    0x7, 0xf3, 0x5, 0xbb, 0x95, 0x40, 0x0, 0x5e,
    0x50, 0x9, 0xe2, 0x5e, 0x60, 0xa, 0xc3, 0x0,
    0xbd, 0x20, 0x3, 0xe4, 0x1, 0x0, 0x0, 0x10,
    0x0, 0x0, 0x10,

    /* U+989C "颜" */
    0x0, 0x4, 0x10, 0x0, 0x0, 0x0, 0x0, 0x0,
    0xa, 0x80, 0xa, 0xff, 0xff, 0xf3, 0xc, 0xff,
    0xff, 0xf1, 0x5, 0xc0, 0x0, 0x0, 0xe2, 0xc,
    0x43, 0xde, 0xfd, 0xb0, 0x0, 0x96, 0xe, 0x4,
    0xf3, 0x35, 0xe0, 0xa, 0xfe, 0xee, 0xe7, 0xe0,
    0x82, 0xe0, 0xa, 0x50, 0x1a, 0x4, 0xe1, 0xe2,
    0xe0, 0xa, 0x55, 0xe7, 0x4, 0xe2, 0xe2, 0xe0,
    0xa, 0x8b, 0x38, 0x64, 0xe2, 0xd2, 0xe0, 0xb,
    0x44, 0xcb, 0x24, 0xe5, 0xb2, 0xe0, 0xd, 0x7d,
    0x54, 0xe3, 0x5c, 0x9a, 0x40, 0x1f, 0x11, 0x9d,
    0x30, 0x9e, 0x1c, 0xa0, 0x4c, 0x6e, 0x70, 0x8,
    0xd2, 0x1, 0xe3, 0x1, 0x0, 0x0, 0x0, 0x0,
    0x0, 0x0,

    /* U+98CE "风" */
    0x0, 0xef, 0xff, 0xff, 0xff, 0xf0, 0x0, 0x0,
    0xe3, 0x0, 0x0, 0x1, 0xf0, 0x0, 0x0, 0xe2,
    0x0, 0x0, 0x51, 0xf1, 0x0, 0x0, 0xe4, 0xe3,
    0x3, 0xd0, 0xf1, 0x0, 0x0, 0xe2, 0x5e, 0x2b,
    0x60, 0xf1, 0x0, 0x0, 0xe2, 0x7, 0xee, 0x0,
    0xf2, 0x0, 0x0, 0xf2, 0x1, 0xfa, 0x0, 0xe3,
    0x0, 0x0, 0xf0, 0xc, 0xae, 0x40, 0xd4, 0x0,
    0x4, 0xd0, 0xac, 0x6, 0xd0, 0xb5, 0x0, 0x9,
    0x94, 0xc1, 0x0, 0xd6, 0x97, 0x95, 0x1f, 0x30,
    0x0, 0x0, 0x10, 0x5c, 0xc4, 0x39, 0x0, 0x0,
    0x0, 0x0, 0xc, 0xd0,

    /* U+9996 "首" */
    0x0, 0x0, 0x0, 0x0, 0x0, 0x0, 0x0, 0x0,
    0x0, 0xd5, 0x0, 0xd, 0x70, 0x0, 0x1, 0x11,
    0x77, 0x11, 0x6e, 0x21, 0x10, 0x1f, 0xff, 0xff,
    0xff, 0xff, 0xff, 0xf7, 0x0, 0x1, 0x11, 0xe5,
    0x11, 0x10, 0x0, 0x0, 0x5f, 0xff, 0xff, 0xff,
    0xfd, 0x0, 0x0, 0x5c, 0x0, 0x0, 0x0, 0x4d,
    0x0, 0x0, 0x5f, 0xee, 0xee, 0xee, 0xfd, 0x0,
    0x0, 0x5c, 0x0, 0x0, 0x0, 0x4d, 0x0, 0x0,
    0x5f, 0xdd, 0xdd, 0xdd, 0xed, 0x0, 0x0, 0x5c,
    0x11, 0x11, 0x11, 0x5d, 0x0, 0x0, 0x5d, 0x44,
    0x44, 0x44, 0x7d, 0x0, 0x0, 0x5e, 0xbb, 0xbb,
    0xbb, 0xcd, 0x0,

    /* U+9A71 "驱" */
    0xe, 0xff, 0xf6, 0x3f, 0xff, 0xff, 0xf3, 0x0,
    0x0, 0xa5, 0x3d, 0x0, 0x0, 0x0, 0x4, 0xb0,
    0xb4, 0x3d, 0x31, 0x4, 0x70, 0x6, 0x90, 0xd3,
    0x3d, 0x7c, 0xa, 0x60, 0x7, 0x80, 0xe2, 0x3d,
    0xb, 0x8e, 0x20, 0x9, 0x70, 0xf1, 0x3d, 0x1,
    0xeb, 0x0, 0xa, 0xff, 0xff, 0x5d, 0x0, 0xdd,
    0x0, 0x0, 0x0, 0x3f, 0x4d, 0x8, 0xaa, 0x60,
    0x0, 0x6a, 0x4f, 0x3d, 0x4e, 0x12, 0xe0, 0xe,
    0xc3, 0x6d, 0x3d, 0x63, 0x0, 0x30, 0x3, 0x0,
    0xaa, 0x3d, 0x22, 0x22, 0x20, 0x0, 0xf, 0xd2,
    0x3e, 0xee, 0xee, 0xe6,

    /* U+9A8C "验" */
    0x0, 0x0, 0x0, 0x0, 0x1, 0x0, 0x0, 0xe,
    0xff, 0xf2, 0x0, 0x7e, 0x0, 0x0, 0x0, 0x0,
    0xe1, 0x2, 0xfd, 0x70, 0x0, 0x6, 0x90, 0xf0,
    0xc, 0xa1, 0xe6, 0x0, 0x7, 0x80, 0xf0, 0xbd,
    0x0, 0x3f, 0x70, 0x9, 0x71, 0xe4, 0xec, 0xbb,
    0xbc, 0xe1, 0xa, 0x63, 0xd0, 0x15, 0x55, 0x53,
    0x0, 0xb, 0xff, 0xfb, 0x41, 0x74, 0xc, 0x30,
    0x0, 0x0, 0x7a, 0x97, 0x78, 0x1f, 0x10, 0x0,
    0x78, 0x89, 0x5b, 0x5b, 0x5d, 0x0, 0xe, 0xd3,
    0x97, 0x2e, 0x26, 0xa7, 0x0, 0x3, 0x1, 0xd5,
    0x25, 0x22, 0xf4, 0x20, 0x0, 0x3f, 0xb0, 0xff,
    0xff, 0xff, 0xe0,

    /* U+9AD8 "高" */
    0x0, 0x0, 0x0, 0x73, 0x0, 0x0, 0x0, 0x29,
    0x99, 0x99, 0xed, 0x99, 0x99, 0x92, 0x15, 0x55,
    0x55, 0x55, 0x55, 0x55, 0x51, 0x0, 0x4d, 0xdd,
    0xdd, 0xdd, 0xd3, 0x0, 0x0, 0x5c, 0x11, 0x11,
    0x11, 0xe3, 0x0, 0x0, 0x5f, 0xdd, 0xdd, 0xdd,
    0xf3, 0x0, 0x0, 0x2, 0x22, 0x22, 0x22, 0x20,
    0x0, 0xc, 0xfe, 0xee, 0xee, 0xee, 0xef, 0xc0,
    0xc, 0x40, 0x11, 0x11, 0x11, 0x5, 0xc0, 0xc,
    0x41, 0xfd, 0xdd, 0xdf, 0x5, 0xc0, 0xc, 0x41,
    0xe0, 0x0, 0x1f, 0x5, 0xc0, 0xc, 0x41, 0xee,
    0xee, 0xee, 0x6, 0xb0, 0xc, 0x40, 0x0, 0x0,
    0x6, 0xff, 0x60,

    /* U+9E23 "鸣" */
    0x0, 0x0, 0x0, 0x14, 0x0, 0x0, 0x12, 0x22,
    0x0, 0x6e, 0x0, 0x0, 0xee, 0xef, 0xb, 0xff,
    0xff, 0xf4, 0xe2, 0xf, 0xc, 0x53, 0x20, 0xd4,
    0xe2, 0xf, 0xc, 0x57, 0xd0, 0xd3, 0xe2, 0xf,
    0xc, 0x50, 0x81, 0xe2, 0xe2, 0xf, 0xc, 0x50,
    0x7b, 0xe0, 0xe2, 0xf, 0xc, 0x73, 0x58, 0x52,
    0xe4, 0x2f, 0xa, 0xdd, 0xdd, 0xdb, 0xeb, 0xaf,
    0x0, 0x0, 0x0, 0x2b, 0xd1, 0x8, 0x9f, 0xff,
    0xfa, 0x49, 0x0, 0x0, 0x0, 0x0, 0x11, 0x77,
    0x0, 0x0, 0x0, 0x0, 0x4e, 0xe2,

    /* U+9EA6 "麦" */
    0x0, 0x0, 0x0, 0xb6, 0x0, 0x0, 0x0, 0xb,
    0xff, 0xff, 0xff, 0xff, 0xff, 0x50, 0x0, 0x0,
    0x0, 0xb6, 0x0, 0x0, 0x0, 0x4, 0xff, 0xff,
    0xff, 0xff, 0xfd, 0x0, 0x0, 0x0, 0x0, 0xb6,
    0x0, 0x0, 0x0, 0x7f, 0xff, 0xff, 0xff, 0xff,
    0xff, 0xf1, 0x0, 0x3, 0xf5, 0x0, 0x0, 0x0,
    0x0, 0x0, 0x5f, 0xff, 0xff, 0xff, 0xf2, 0x0,
    0xb, 0xe7, 0xe4, 0x0, 0x3e, 0x90, 0x0, 0x5,
    0x10, 0x3e, 0x99, 0xf7, 0x0, 0x0, 0x0, 0x3,
    0x7c, 0xff, 0xd8, 0x41, 0x0, 0x1d, 0xfe, 0xa5,
    0x10, 0x49, 0xdf, 0xd0, 0x3, 0x10, 0x0, 0x0,
    0x0, 0x0, 0x20,

    /* U+9F13 "鼓" */
    0x0, 0xa, 0x50, 0x0, 0x2, 0xe0, 0x0, 0x2d,
    0xdf, 0xed, 0xc2, 0x34, 0xe3, 0x31, 0x1, 0x1b,
    0x61, 0x19, 0xcd, 0xfc, 0xc5, 0xb, 0xce, 0xdc,
    0x80, 0x2, 0xe0, 0x0, 0x1, 0x22, 0x22, 0x14,
    0x78, 0xf7, 0x70, 0xc, 0xff, 0xff, 0xa4, 0xf8,
    0x88, 0xf0, 0xc, 0x50, 0x6, 0xa0, 0xb5, 0x5,
    0xc0, 0xc, 0xff, 0xff, 0xa0, 0x6c, 0xc, 0x60,
    0x2, 0x20, 0x18, 0x0, 0xd, 0xcd, 0x0, 0x5,
    0xc0, 0x7b, 0x30, 0x9, 0xf7, 0x0, 0x14, 0xea,
    0xef, 0xc4, 0xbd, 0x7f, 0x90, 0x5c, 0xa7, 0x30,
    0xc, 0x80, 0x3, 0xc2, 0x0, 0x0, 0x0, 0x0,
    0x0, 0x0, 0x0,

    /* U+FF01 "！" */
    0x0, 0x8, 0xf0, 0x7e, 0x6, 0xd0, 0x5d, 0x4,
    0xc0, 0x4b, 0x3, 0xa0, 0x1, 0x5, 0xa0, 0x8f,
    0x0, 0x0,

    /* U+FF08 "（" */
    0x0, 0x0, 0x0, 0x0, 0x9, 0xa0, 0x0, 0xb8,
    0x0, 0x8, 0xc0, 0x0, 0x1f, 0x40, 0x0, 0x5f,
    0x0, 0x0, 0x8d, 0x0, 0x0, 0x8c, 0x0, 0x0,
    0x6e, 0x0, 0x0, 0x2f, 0x30, 0x0, 0xb, 0xa0,
    0x0, 0x1, 0xe6, 0x0, 0x0, 0x2c, 0x70, 0x0,
    0x0, 0x20,

    /* U+FF09 "）" */
    0x0, 0x0, 0x0, 0xa, 0x90, 0x0, 0x0, 0x9b,
    0x0, 0x0, 0xc, 0x80, 0x0, 0x5, 0xf0, 0x0,
    0x0, 0xf5, 0x0, 0x0, 0xd7, 0x0, 0x0, 0xc8,
    0x0, 0x0, 0xe6, 0x0, 0x3, 0xf2, 0x0, 0xa,
    0xa0, 0x0, 0x6e, 0x10, 0x7, 0xc2, 0x0, 0x2,
    0x0, 0x0,

    /* U+FF0C "，" */
    0x3, 0x70, 0x9, 0xc0, 0xc, 0x60, 0xe, 0x10,

    /* U+FF1A "：" */
    0x77, 0xcc, 0x0, 0x0, 0x0, 0x0, 0x77, 0xcc,
    0x0,

    /* U+FF1B "；" */
    0x5, 0x90, 0x9e, 0x0, 0x0, 0x0, 0x0, 0x0,
    0x0, 0x5, 0x60, 0xc9, 0xf, 0x33, 0xc0
};


/*---------------------
 *  GLYPH DESCRIPTION
 *--------------------*/

static const lv_font_fmt_txt_glyph_dsc_t glyph_dsc[] = {
    {.bitmap_index = 0, .adv_w = 0, .box_w = 0, .box_h = 0, .ofs_x = 0, .ofs_y = 0} /* id = 0 reserved */,
    {.bitmap_index = 0, .adv_w = 60, .box_w = 0, .box_h = 0, .ofs_x = 0, .ofs_y = 0},
    {.bitmap_index = 0, .adv_w = 60, .box_w = 3, .box_h = 10, .ofs_x = 0, .ofs_y = 0},
    {.bitmap_index = 15, .adv_w = 88, .box_w = 5, .box_h = 5, .ofs_x = 0, .ofs_y = 5},
    {.bitmap_index = 28, .adv_w = 157, .box_w = 10, .box_h = 10, .ofs_x = 0, .ofs_y = 0},
    {.bitmap_index = 78, .adv_w = 139, .box_w = 9, .box_h = 15, .ofs_x = 0, .ofs_y = -2},
    {.bitmap_index = 146, .adv_w = 189, .box_w = 12, .box_h = 10, .ofs_x = 0, .ofs_y = 0},
    {.bitmap_index = 206, .adv_w = 154, .box_w = 10, .box_h = 11, .ofs_x = 0, .ofs_y = -1},
    {.bitmap_index = 261, .adv_w = 47, .box_w = 3, .box_h = 5, .ofs_x = 0, .ofs_y = 5},
    {.bitmap_index = 269, .adv_w = 75, .box_w = 4, .box_h = 14, .ofs_x = 1, .ofs_y = -3},
    {.bitmap_index = 297, .adv_w = 76, .box_w = 4, .box_h = 14, .ofs_x = 0, .ofs_y = -3},
    {.bitmap_index = 325, .adv_w = 90, .box_w = 6, .box_h = 6, .ofs_x = 0, .ofs_y = 5},
    {.bitmap_index = 343, .adv_w = 130, .box_w = 8, .box_h = 7, .ofs_x = 0, .ofs_y = 2},
    {.bitmap_index = 371, .adv_w = 51, .box_w = 3, .box_h = 5, .ofs_x = 0, .ofs_y = -2},
    {.bitmap_index = 379, .adv_w = 86, .box_w = 5, .box_h = 3, .ofs_x = 0, .ofs_y = 3},
    {.bitmap_index = 387, .adv_w = 51, .box_w = 3, .box_h = 3, .ofs_x = 0, .ofs_y = 0},
    {.bitmap_index = 392, .adv_w = 79, .box_w = 7, .box_h = 14, .ofs_x = -1, .ofs_y = -1},
    {.bitmap_index = 441, .adv_w = 149, .box_w = 9, .box_h = 10, .ofs_x = 0, .ofs_y = 0},
    {.bitmap_index = 486, .adv_w = 83, .box_w = 4, .box_h = 10, .ofs_x = 0, .ofs_y = 0},
    {.bitmap_index = 506, .adv_w = 129, .box_w = 8, .box_h = 10, .ofs_x = 0, .ofs_y = 0},
    {.bitmap_index = 546, .adv_w = 128, .box_w = 8, .box_h = 10, .ofs_x = 0, .ofs_y = 0},
    {.bitmap_index = 586, .adv_w = 150, .box_w = 10, .box_h = 10, .ofs_x = 0, .ofs_y = 0},
    {.bitmap_index = 636, .adv_w = 129, .box_w = 8, .box_h = 10, .ofs_x = 0, .ofs_y = 0},
    {.bitmap_index = 676, .adv_w = 138, .box_w = 9, .box_h = 10, .ofs_x = 0, .ofs_y = 0},
    {.bitmap_index = 721, .adv_w = 134, .box_w = 8, .box_h = 10, .ofs_x = 0, .ofs_y = 0},
    {.bitmap_index = 761, .adv_w = 144, .box_w = 9, .box_h = 10, .ofs_x = 0, .ofs_y = 0},
    {.bitmap_index = 806, .adv_w = 138, .box_w = 8, .box_h = 10, .ofs_x = 0, .ofs_y = 0},
    {.bitmap_index = 846, .adv_w = 51, .box_w = 3, .box_h = 8, .ofs_x = 0, .ofs_y = 0},
    {.bitmap_index = 858, .adv_w = 51, .box_w = 3, .box_h = 11, .ofs_x = 0, .ofs_y = -3},
    {.bitmap_index = 875, .adv_w = 130, .box_w = 8, .box_h = 8, .ofs_x = 0, .ofs_y = 1},
    {.bitmap_index = 907, .adv_w = 130, .box_w = 8, .box_h = 6, .ofs_x = 0, .ofs_y = 2},
    {.bitmap_index = 931, .adv_w = 130, .box_w = 8, .box_h = 8, .ofs_x = 0, .ofs_y = 1},
    {.bitmap_index = 963, .adv_w = 128, .box_w = 8, .box_h = 10, .ofs_x = 0, .ofs_y = 0},
    {.bitmap_index = 1003, .adv_w = 232, .box_w = 14, .box_h = 13, .ofs_x = 0, .ofs_y = -3},
    {.bitmap_index = 1094, .adv_w = 164, .box_w = 12, .box_h = 10, .ofs_x = -1, .ofs_y = 0},
    {.bitmap_index = 1154, .adv_w = 170, .box_w = 9, .box_h = 10, .ofs_x = 1, .ofs_y = 0},
    {.bitmap_index = 1199, .adv_w = 162, .box_w = 10, .box_h = 10, .ofs_x = 0, .ofs_y = 0},
    {.bitmap_index = 1249, .adv_w = 185, .box_w = 10, .box_h = 10, .ofs_x = 1, .ofs_y = 0},
    {.bitmap_index = 1299, .adv_w = 150, .box_w = 8, .box_h = 10, .ofs_x = 1, .ofs_y = 0},
    {.bitmap_index = 1339, .adv_w = 142, .box_w = 8, .box_h = 10, .ofs_x = 1, .ofs_y = 0},
    {.bitmap_index = 1379, .adv_w = 173, .box_w = 10, .box_h = 10, .ofs_x = 0, .ofs_y = 0},
    {.bitmap_index = 1429, .adv_w = 182, .box_w = 9, .box_h = 10, .ofs_x = 1, .ofs_y = 0},
    {.bitmap_index = 1474, .adv_w = 69, .box_w = 2, .box_h = 10, .ofs_x = 1, .ofs_y = 0},
    {.bitmap_index = 1484, .adv_w = 115, .box_w = 7, .box_h = 10, .ofs_x = -1, .ofs_y = 0},
    {.bitmap_index = 1519, .adv_w = 161, .box_w = 10, .box_h = 10, .ofs_x = 1, .ofs_y = 0},
    {.bitmap_index = 1569, .adv_w = 133, .box_w = 8, .box_h = 10, .ofs_x = 1, .ofs_y = 0},
    {.bitmap_index = 1609, .adv_w = 214, .box_w = 11, .box_h = 10, .ofs_x = 1, .ofs_y = 0},
    {.bitmap_index = 1664, .adv_w = 182, .box_w = 9, .box_h = 10, .ofs_x = 1, .ofs_y = 0},
    {.bitmap_index = 1709, .adv_w = 188, .box_w = 12, .box_h = 10, .ofs_x = 0, .ofs_y = 0},
    {.bitmap_index = 1769, .adv_w = 162, .box_w = 9, .box_h = 10, .ofs_x = 1, .ofs_y = 0},
    {.bitmap_index = 1814, .adv_w = 188, .box_w = 12, .box_h = 13, .ofs_x = 0, .ofs_y = -3},
    {.bitmap_index = 1892, .adv_w = 163, .box_w = 9, .box_h = 10, .ofs_x = 1, .ofs_y = 0},
    {.bitmap_index = 1937, .adv_w = 139, .box_w = 9, .box_h = 10, .ofs_x = 0, .ofs_y = 0},
    {.bitmap_index = 1982, .adv_w = 131, .box_w = 9, .box_h = 10, .ofs_x = 0, .ofs_y = 0},
    {.bitmap_index = 2027, .adv_w = 177, .box_w = 9, .box_h = 10, .ofs_x = 1, .ofs_y = 0},
    {.bitmap_index = 2072, .adv_w = 159, .box_w = 11, .box_h = 10, .ofs_x = -1, .ofs_y = 0},
    {.bitmap_index = 2127, .adv_w = 252, .box_w = 16, .box_h = 10, .ofs_x = 0, .ofs_y = 0},
    {.bitmap_index = 2207, .adv_w = 151, .box_w = 10, .box_h = 10, .ofs_x = 0, .ofs_y = 0},
    {.bitmap_index = 2257, .adv_w = 145, .box_w = 11, .box_h = 10, .ofs_x = -1, .ofs_y = 0},
    {.bitmap_index = 2312, .adv_w = 147, .box_w = 9, .box_h = 10, .ofs_x = 0, .ofs_y = 0},
    {.bitmap_index = 2357, .adv_w = 75, .box_w = 4, .box_h = 14, .ofs_x = 1, .ofs_y = -3},
    {.bitmap_index = 2385, .adv_w = 79, .box_w = 7, .box_h = 14, .ofs_x = -1, .ofs_y = -1},
    {.bitmap_index = 2434, .adv_w = 75, .box_w = 4, .box_h = 14, .ofs_x = 0, .ofs_y = -3},
    {.bitmap_index = 2462, .adv_w = 131, .box_w = 7, .box_h = 6, .ofs_x = 1, .ofs_y = 2},
    {.bitmap_index = 2483, .adv_w = 112, .box_w = 7, .box_h = 1, .ofs_x = 0, .ofs_y = -1},
    {.bitmap_index = 2487, .adv_w = 134, .box_w = 5, .box_h = 2, .ofs_x = 1, .ofs_y = 9},
    {.bitmap_index = 2492, .adv_w = 134, .box_w = 8, .box_h = 8, .ofs_x = 0, .ofs_y = 0},
    {.bitmap_index = 2524, .adv_w = 153, .box_w = 8, .box_h = 11, .ofs_x = 1, .ofs_y = 0},
    {.bitmap_index = 2568, .adv_w = 128, .box_w = 8, .box_h = 8, .ofs_x = 0, .ofs_y = 0},
    {.bitmap_index = 2600, .adv_w = 153, .box_w = 9, .box_h = 11, .ofs_x = 0, .ofs_y = 0},
    {.bitmap_index = 2650, .adv_w = 137, .box_w = 8, .box_h = 8, .ofs_x = 0, .ofs_y = 0},
    {.bitmap_index = 2682, .adv_w = 79, .box_w = 6, .box_h = 11, .ofs_x = 0, .ofs_y = 0},
    {.bitmap_index = 2715, .adv_w = 155, .box_w = 9, .box_h = 11, .ofs_x = 0, .ofs_y = -3},
    {.bitmap_index = 2765, .adv_w = 153, .box_w = 8, .box_h = 11, .ofs_x = 1, .ofs_y = 0},
    {.bitmap_index = 2809, .adv_w = 62, .box_w = 2, .box_h = 11, .ofs_x = 1, .ofs_y = 0},
    {.bitmap_index = 2820, .adv_w = 64, .box_w = 5, .box_h = 14, .ofs_x = -2, .ofs_y = -3},
    {.bitmap_index = 2855, .adv_w = 138, .box_w = 8, .box_h = 11, .ofs_x = 1, .ofs_y = 0},
    {.bitmap_index = 2899, .adv_w = 62, .box_w = 2, .box_h = 11, .ofs_x = 1, .ofs_y = 0},
    {.bitmap_index = 2910, .adv_w = 237, .box_w = 13, .box_h = 8, .ofs_x = 1, .ofs_y = 0},
    {.bitmap_index = 2962, .adv_w = 153, .box_w = 8, .box_h = 8, .ofs_x = 1, .ofs_y = 0},
    {.bitmap_index = 2994, .adv_w = 142, .box_w = 9, .box_h = 8, .ofs_x = 0, .ofs_y = 0},
    {.bitmap_index = 3030, .adv_w = 153, .box_w = 8, .box_h = 11, .ofs_x = 1, .ofs_y = -3},
    {.bitmap_index = 3074, .adv_w = 153, .box_w = 9, .box_h = 11, .ofs_x = 0, .ofs_y = -3},
    {.bitmap_index = 3124, .adv_w = 92, .box_w = 5, .box_h = 8, .ofs_x = 1, .ofs_y = 0},
    {.bitmap_index = 3144, .adv_w = 112, .box_w = 7, .box_h = 8, .ofs_x = 0, .ofs_y = 0},
    {.bitmap_index = 3172, .adv_w = 93, .box_w = 6, .box_h = 10, .ofs_x = 0, .ofs_y = 0},
    {.bitmap_index = 3202, .adv_w = 152, .box_w = 8, .box_h = 8, .ofs_x = 1, .ofs_y = 0},
    {.bitmap_index = 3234, .adv_w = 125, .box_w = 9, .box_h = 8, .ofs_x = -1, .ofs_y = 0},
    {.bitmap_index = 3270, .adv_w = 201, .box_w = 13, .box_h = 8, .ofs_x = 0, .ofs_y = 0},
    {.bitmap_index = 3322, .adv_w = 124, .box_w = 8, .box_h = 8, .ofs_x = 0, .ofs_y = 0},
    {.bitmap_index = 3354, .adv_w = 125, .box_w = 9, .box_h = 11, .ofs_x = -1, .ofs_y = -3},
    {.bitmap_index = 3404, .adv_w = 117, .box_w = 7, .box_h = 8, .ofs_x = 0, .ofs_y = 0},
    {.bitmap_index = 3432, .adv_w = 79, .box_w = 5, .box_h = 14, .ofs_x = 0, .ofs_y = -3},
    {.bitmap_index = 3467, .adv_w = 67, .box_w = 2, .box_h = 14, .ofs_x = 1, .ofs_y = -3},
    {.bitmap_index = 3481, .adv_w = 79, .box_w = 5, .box_h = 14, .ofs_x = 0, .ofs_y = -3},
    {.bitmap_index = 3516, .adv_w = 130, .box_w = 8, .box_h = 3, .ofs_x = 0, .ofs_y = 3},
    {.bitmap_index = 3528, .adv_w = 94, .box_w = 6, .box_h = 5, .ofs_x = 0, .ofs_y = 6},
    {.bitmap_index = 3543, .adv_w = 96, .box_w = 6, .box_h = 5, .ofs_x = 0, .ofs_y = 5},
    {.bitmap_index = 3558, .adv_w = 224, .box_w = 14, .box_h = 1, .ofs_x = 0, .ofs_y = 4},
    {.bitmap_index = 3565, .adv_w = 70, .box_w = 4, .box_h = 3, .ofs_x = 0, .ofs_y = 3},
    {.bitmap_index = 3571, .adv_w = 224, .box_w = 4, .box_h = 5, .ofs_x = 0, .ofs_y = -2},
    {.bitmap_index = 3581, .adv_w = 224, .box_w = 5, .box_h = 5, .ofs_x = 0, .ofs_y = -2},
    {.bitmap_index = 3594, .adv_w = 224, .box_w = 12, .box_h = 2, .ofs_x = 1, .ofs_y = 5},
    {.bitmap_index = 3606, .adv_w = 224, .box_w = 13, .box_h = 12, .ofs_x = 1, .ofs_y = -1},
    {.bitmap_index = 3684, .adv_w = 224, .box_w = 14, .box_h = 12, .ofs_x = 0, .ofs_y = -1},
    {.bitmap_index = 3768, .adv_w = 224, .box_w = 14, .box_h = 12, .ofs_x = 0, .ofs_y = -1},
    {.bitmap_index = 3852, .adv_w = 224, .box_w = 12, .box_h = 12, .ofs_x = 1, .ofs_y = -1},
    {.bitmap_index = 3924, .adv_w = 224, .box_w = 14, .box_h = 12, .ofs_x = 0, .ofs_y = -1},
    {.bitmap_index = 4008, .adv_w = 224, .box_w = 14, .box_h = 13, .ofs_x = 0, .ofs_y = -1},
    {.bitmap_index = 4099, .adv_w = 224, .box_w = 12, .box_h = 12, .ofs_x = 1, .ofs_y = -1},
    {.bitmap_index = 4171, .adv_w = 224, .box_w = 12, .box_h = 13, .ofs_x = 1, .ofs_y = -2},
    {.bitmap_index = 4249, .adv_w = 224, .box_w = 14, .box_h = 13, .ofs_x = 0, .ofs_y = -1},
    {.bitmap_index = 4340, .adv_w = 224, .box_w = 13, .box_h = 14, .ofs_x = 1, .ofs_y = -2},
    {.bitmap_index = 4431, .adv_w = 224, .box_w = 14, .box_h = 14, .ofs_x = 0, .ofs_y = -2},
    {.bitmap_index = 4529, .adv_w = 224, .box_w = 14, .box_h = 13, .ofs_x = 0, .ofs_y = -1},
    {.bitmap_index = 4620, .adv_w = 224, .box_w = 14, .box_h = 13, .ofs_x = 0, .ofs_y = -2},
    {.bitmap_index = 4711, .adv_w = 224, .box_w = 14, .box_h = 10, .ofs_x = 0, .ofs_y = 0},
    {.bitmap_index = 4781, .adv_w = 224, .box_w = 14, .box_h = 12, .ofs_x = 0, .ofs_y = -1},
    {.bitmap_index = 4865, .adv_w = 224, .box_w = 14, .box_h = 14, .ofs_x = 0, .ofs_y = -2},
    {.bitmap_index = 4963, .adv_w = 224, .box_w = 14, .box_h = 14, .ofs_x = 0, .ofs_y = -2},
    {.bitmap_index = 5061, .adv_w = 224, .box_w = 13, .box_h = 13, .ofs_x = 1, .ofs_y = -2},
    {.bitmap_index = 5146, .adv_w = 224, .box_w = 14, .box_h = 14, .ofs_x = 0, .ofs_y = -2},
    {.bitmap_index = 5244, .adv_w = 224, .box_w = 14, .box_h = 13, .ofs_x = 0, .ofs_y = -1},
    {.bitmap_index = 5335, .adv_w = 224, .box_w = 14, .box_h = 14, .ofs_x = 0, .ofs_y = -2},
    {.bitmap_index = 5433, .adv_w = 224, .box_w = 14, .box_h = 13, .ofs_x = 0, .ofs_y = -1},
    {.bitmap_index = 5524, .adv_w = 224, .box_w = 14, .box_h = 13, .ofs_x = 0, .ofs_y = -1},
    {.bitmap_index = 5615, .adv_w = 224, .box_w = 14, .box_h = 14, .ofs_x = 0, .ofs_y = -2},
    {.bitmap_index = 5713, .adv_w = 224, .box_w = 14, .box_h = 13, .ofs_x = 0, .ofs_y = -1},
    {.bitmap_index = 5804, .adv_w = 224, .box_w = 14, .box_h = 13, .ofs_x = 0, .ofs_y = -1},
    {.bitmap_index = 5895, .adv_w = 224, .box_w = 13, .box_h = 13, .ofs_x = 0, .ofs_y = -1},
    {.bitmap_index = 5980, .adv_w = 224, .box_w = 14, .box_h = 13, .ofs_x = 0, .ofs_y = -1},
    {.bitmap_index = 6071, .adv_w = 224, .box_w = 14, .box_h = 13, .ofs_x = 0, .ofs_y = -1},
    {.bitmap_index = 6162, .adv_w = 224, .box_w = 14, .box_h = 13, .ofs_x = 0, .ofs_y = -1},
    {.bitmap_index = 6253, .adv_w = 224, .box_w = 14, .box_h = 13, .ofs_x = 0, .ofs_y = -1},
    {.bitmap_index = 6344, .adv_w = 224, .box_w = 13, .box_h = 14, .ofs_x = 0, .ofs_y = -2},
    {.bitmap_index = 6435, .adv_w = 224, .box_w = 13, .box_h = 13, .ofs_x = 0, .ofs_y = -1},
    {.bitmap_index = 6520, .adv_w = 224, .box_w = 14, .box_h = 13, .ofs_x = 0, .ofs_y = -2},
    {.bitmap_index = 6611, .adv_w = 224, .box_w = 14, .box_h = 13, .ofs_x = 0, .ofs_y = -2},
    {.bitmap_index = 6702, .adv_w = 224, .box_w = 14, .box_h = 13, .ofs_x = 0, .ofs_y = -2},
    {.bitmap_index = 6793, .adv_w = 224, .box_w = 14, .box_h = 13, .ofs_x = 0, .ofs_y = -2},
    {.bitmap_index = 6884, .adv_w = 224, .box_w = 14, .box_h = 14, .ofs_x = 0, .ofs_y = -2},
    {.bitmap_index = 6982, .adv_w = 224, .box_w = 14, .box_h = 13, .ofs_x = 0, .ofs_y = -2},
    {.bitmap_index = 7073, .adv_w = 224, .box_w = 14, .box_h = 12, .ofs_x = 0, .ofs_y = -1},
    {.bitmap_index = 7157, .adv_w = 224, .box_w = 13, .box_h = 12, .ofs_x = 0, .ofs_y = -1},
    {.bitmap_index = 7235, .adv_w = 224, .box_w = 14, .box_h = 13, .ofs_x = 0, .ofs_y = -1},
    {.bitmap_index = 7326, .adv_w = 224, .box_w = 14, .box_h = 13, .ofs_x = 0, .ofs_y = -1},
    {.bitmap_index = 7417, .adv_w = 224, .box_w = 12, .box_h = 12, .ofs_x = 1, .ofs_y = -1},
    {.bitmap_index = 7489, .adv_w = 224, .box_w = 14, .box_h = 14, .ofs_x = 0, .ofs_y = -2},
    {.bitmap_index = 7587, .adv_w = 224, .box_w = 13, .box_h = 13, .ofs_x = 0, .ofs_y = -1},
    {.bitmap_index = 7672, .adv_w = 224, .box_w = 13, .box_h = 13, .ofs_x = 0, .ofs_y = -1},
    {.bitmap_index = 7757, .adv_w = 224, .box_w = 13, .box_h = 12, .ofs_x = 0, .ofs_y = -1},
    {.bitmap_index = 7835, .adv_w = 224, .box_w = 14, .box_h = 14, .ofs_x = 0, .ofs_y = -2},
    {.bitmap_index = 7933, .adv_w = 224, .box_w = 13, .box_h = 13, .ofs_x = 0, .ofs_y = -2},
    {.bitmap_index = 8018, .adv_w = 224, .box_w = 13, .box_h = 13, .ofs_x = 0, .ofs_y = -2},
    {.bitmap_index = 8103, .adv_w = 224, .box_w = 14, .box_h = 13, .ofs_x = 0, .ofs_y = -2},
    {.bitmap_index = 8194, .adv_w = 224, .box_w = 13, .box_h = 13, .ofs_x = 0, .ofs_y = -2},
    {.bitmap_index = 8279, .adv_w = 224, .box_w = 14, .box_h = 12, .ofs_x = 0, .ofs_y = -1},
    {.bitmap_index = 8363, .adv_w = 224, .box_w = 14, .box_h = 13, .ofs_x = 0, .ofs_y = -1},
    {.bitmap_index = 8454, .adv_w = 224, .box_w = 12, .box_h = 12, .ofs_x = 1, .ofs_y = -1},
    {.bitmap_index = 8526, .adv_w = 224, .box_w = 14, .box_h = 12, .ofs_x = 0, .ofs_y = -1},
    {.bitmap_index = 8610, .adv_w = 224, .box_w = 14, .box_h = 12, .ofs_x = 0, .ofs_y = -1},
    {.bitmap_index = 8694, .adv_w = 224, .box_w = 14, .box_h = 13, .ofs_x = 0, .ofs_y = -1},
    {.bitmap_index = 8785, .adv_w = 224, .box_w = 13, .box_h = 12, .ofs_x = 1, .ofs_y = -1},
    {.bitmap_index = 8863, .adv_w = 224, .box_w = 12, .box_h = 12, .ofs_x = 1, .ofs_y = -1},
    {.bitmap_index = 8935, .adv_w = 224, .box_w = 14, .box_h = 12, .ofs_x = 0, .ofs_y = -1},
    {.bitmap_index = 9019, .adv_w = 224, .box_w = 14, .box_h = 13, .ofs_x = 0, .ofs_y = -2},
    {.bitmap_index = 9110, .adv_w = 224, .box_w = 13, .box_h = 14, .ofs_x = 0, .ofs_y = -2},
    {.bitmap_index = 9201, .adv_w = 224, .box_w = 13, .box_h = 14, .ofs_x = 0, .ofs_y = -2},
    {.bitmap_index = 9292, .adv_w = 224, .box_w = 14, .box_h = 12, .ofs_x = 0, .ofs_y = -1},
    {.bitmap_index = 9376, .adv_w = 224, .box_w = 13, .box_h = 14, .ofs_x = 1, .ofs_y = -2},
    {.bitmap_index = 9467, .adv_w = 224, .box_w = 10, .box_h = 12, .ofs_x = 2, .ofs_y = -1},
    {.bitmap_index = 9527, .adv_w = 224, .box_w = 12, .box_h = 12, .ofs_x = 1, .ofs_y = -1},
    {.bitmap_index = 9599, .adv_w = 224, .box_w = 13, .box_h = 14, .ofs_x = 1, .ofs_y = -2},
    {.bitmap_index = 9690, .adv_w = 224, .box_w = 14, .box_h = 12, .ofs_x = 0, .ofs_y = -1},
    {.bitmap_index = 9774, .adv_w = 224, .box_w = 12, .box_h = 13, .ofs_x = 1, .ofs_y = -1},
    {.bitmap_index = 9852, .adv_w = 224, .box_w = 14, .box_h = 13, .ofs_x = 0, .ofs_y = -2},
    {.bitmap_index = 9943, .adv_w = 224, .box_w = 14, .box_h = 13, .ofs_x = 0, .ofs_y = -2},
    {.bitmap_index = 10034, .adv_w = 224, .box_w = 13, .box_h = 13, .ofs_x = 0, .ofs_y = -1},
    {.bitmap_index = 10119, .adv_w = 224, .box_w = 13, .box_h = 14, .ofs_x = 0, .ofs_y = -2},
    {.bitmap_index = 10210, .adv_w = 224, .box_w = 12, .box_h = 14, .ofs_x = 1, .ofs_y = -2},
    {.bitmap_index = 10294, .adv_w = 224, .box_w = 13, .box_h = 14, .ofs_x = 0, .ofs_y = -2},
    {.bitmap_index = 10385, .adv_w = 224, .box_w = 13, .box_h = 14, .ofs_x = 1, .ofs_y = -2},
    {.bitmap_index = 10476, .adv_w = 224, .box_w = 13, .box_h = 13, .ofs_x = 0, .ofs_y = -2},
    {.bitmap_index = 10561, .adv_w = 224, .box_w = 13, .box_h = 13, .ofs_x = 0, .ofs_y = -1},
    {.bitmap_index = 10646, .adv_w = 224, .box_w = 12, .box_h = 13, .ofs_x = 1, .ofs_y = -1},
    {.bitmap_index = 10724, .adv_w = 224, .box_w = 12, .box_h = 12, .ofs_x = 1, .ofs_y = -1},
    {.bitmap_index = 10796, .adv_w = 224, .box_w = 13, .box_h = 13, .ofs_x = 1, .ofs_y = -1},
    {.bitmap_index = 10881, .adv_w = 224, .box_w = 12, .box_h = 12, .ofs_x = 1, .ofs_y = -1},
    {.bitmap_index = 10953, .adv_w = 224, .box_w = 12, .box_h = 12, .ofs_x = 1, .ofs_y = -1},
    {.bitmap_index = 11025, .adv_w = 224, .box_w = 14, .box_h = 12, .ofs_x = 0, .ofs_y = -1},
    {.bitmap_index = 11109, .adv_w = 224, .box_w = 13, .box_h = 12, .ofs_x = 1, .ofs_y = -1},
    {.bitmap_index = 11187, .adv_w = 224, .box_w = 12, .box_h = 12, .ofs_x = 1, .ofs_y = -1},
    {.bitmap_index = 11259, .adv_w = 224, .box_w = 12, .box_h = 12, .ofs_x = 1, .ofs_y = -1},
    {.bitmap_index = 11331, .adv_w = 224, .box_w = 12, .box_h = 12, .ofs_x = 1, .ofs_y = -1},
    {.bitmap_index = 11403, .adv_w = 224, .box_w = 12, .box_h = 12, .ofs_x = 1, .ofs_y = -1},
    {.bitmap_index = 11475, .adv_w = 224, .box_w = 12, .box_h = 12, .ofs_x = 1, .ofs_y = -1},
    {.bitmap_index = 11547, .adv_w = 224, .box_w = 12, .box_h = 12, .ofs_x = 1, .ofs_y = -1},
    {.bitmap_index = 11619, .adv_w = 224, .box_w = 14, .box_h = 13, .ofs_x = 0, .ofs_y = -1},
    {.bitmap_index = 11710, .adv_w = 224, .box_w = 14, .box_h = 12, .ofs_x = 0, .ofs_y = -1},
    {.bitmap_index = 11794, .adv_w = 224, .box_w = 13, .box_h = 13, .ofs_x = 0, .ofs_y = -2},
    {.bitmap_index = 11879, .adv_w = 224, .box_w = 14, .box_h = 14, .ofs_x = 0, .ofs_y = -2},
    {.bitmap_index = 11977, .adv_w = 224, .box_w = 14, .box_h = 13, .ofs_x = 0, .ofs_y = -2},
    {.bitmap_index = 12068, .adv_w = 224, .box_w = 14, .box_h = 13, .ofs_x = 0, .ofs_y = -2},
    {.bitmap_index = 12159, .adv_w = 224, .box_w = 14, .box_h = 13, .ofs_x = 0, .ofs_y = -1},
    {.bitmap_index = 12250, .adv_w = 224, .box_w = 14, .box_h = 14, .ofs_x = 0, .ofs_y = -2},
    {.bitmap_index = 12348, .adv_w = 224, .box_w = 14, .box_h = 13, .ofs_x = 0, .ofs_y = -2},
    {.bitmap_index = 12439, .adv_w = 224, .box_w = 14, .box_h = 14, .ofs_x = 0, .ofs_y = -2},
    {.bitmap_index = 12537, .adv_w = 224, .box_w = 12, .box_h = 14, .ofs_x = 1, .ofs_y = -2},
    {.bitmap_index = 12621, .adv_w = 224, .box_w = 13, .box_h = 12, .ofs_x = 0, .ofs_y = -1},
    {.bitmap_index = 12699, .adv_w = 224, .box_w = 13, .box_h = 14, .ofs_x = 0, .ofs_y = -2},
    {.bitmap_index = 12790, .adv_w = 224, .box_w = 14, .box_h = 13, .ofs_x = 0, .ofs_y = -2},
    {.bitmap_index = 12881, .adv_w = 224, .box_w = 14, .box_h = 13, .ofs_x = 0, .ofs_y = -2},
    {.bitmap_index = 12972, .adv_w = 224, .box_w = 14, .box_h = 13, .ofs_x = 0, .ofs_y = -2},
    {.bitmap_index = 13063, .adv_w = 224, .box_w = 14, .box_h = 14, .ofs_x = 0, .ofs_y = -2},
    {.bitmap_index = 13161, .adv_w = 224, .box_w = 14, .box_h = 12, .ofs_x = 0, .ofs_y = -1},
    {.bitmap_index = 13245, .adv_w = 224, .box_w = 14, .box_h = 13, .ofs_x = 0, .ofs_y = -1},
    {.bitmap_index = 13336, .adv_w = 224, .box_w = 12, .box_h = 13, .ofs_x = 1, .ofs_y = -1},
    {.bitmap_index = 13414, .adv_w = 224, .box_w = 14, .box_h = 14, .ofs_x = 0, .ofs_y = -2},
    {.bitmap_index = 13512, .adv_w = 224, .box_w = 14, .box_h = 14, .ofs_x = 0, .ofs_y = -2},
    {.bitmap_index = 13610, .adv_w = 224, .box_w = 14, .box_h = 13, .ofs_x = 0, .ofs_y = -1},
    {.bitmap_index = 13701, .adv_w = 224, .box_w = 14, .box_h = 12, .ofs_x = 0, .ofs_y = -1},
    {.bitmap_index = 13785, .adv_w = 224, .box_w = 14, .box_h = 13, .ofs_x = 0, .ofs_y = -1},
    {.bitmap_index = 13876, .adv_w = 224, .box_w = 13, .box_h = 12, .ofs_x = 1, .ofs_y = -1},
    {.bitmap_index = 13954, .adv_w = 224, .box_w = 14, .box_h = 14, .ofs_x = 0, .ofs_y = -2},
    {.bitmap_index = 14052, .adv_w = 224, .box_w = 14, .box_h = 12, .ofs_x = 0, .ofs_y = -1},
    {.bitmap_index = 14136, .adv_w = 224, .box_w = 14, .box_h = 13, .ofs_x = 0, .ofs_y = -1},
    {.bitmap_index = 14227, .adv_w = 224, .box_w = 14, .box_h = 12, .ofs_x = 0, .ofs_y = -1},
    {.bitmap_index = 14311, .adv_w = 224, .box_w = 14, .box_h = 13, .ofs_x = 0, .ofs_y = -1},
    {.bitmap_index = 14402, .adv_w = 224, .box_w = 12, .box_h = 12, .ofs_x = 1, .ofs_y = -1},
    {.bitmap_index = 14474, .adv_w = 224, .box_w = 13, .box_h = 12, .ofs_x = 0, .ofs_y = -1},
    {.bitmap_index = 14552, .adv_w = 224, .box_w = 13, .box_h = 12, .ofs_x = 1, .ofs_y = -1},
    {.bitmap_index = 14630, .adv_w = 224, .box_w = 14, .box_h = 12, .ofs_x = 0, .ofs_y = -1},
    {.bitmap_index = 14714, .adv_w = 224, .box_w = 14, .box_h = 12, .ofs_x = 0, .ofs_y = -1},
    {.bitmap_index = 14798, .adv_w = 224, .box_w = 14, .box_h = 14, .ofs_x = 0, .ofs_y = -2},
    {.bitmap_index = 14896, .adv_w = 224, .box_w = 14, .box_h = 14, .ofs_x = 0, .ofs_y = -2},
    {.bitmap_index = 14994, .adv_w = 224, .box_w = 14, .box_h = 14, .ofs_x = 0, .ofs_y = -2},
    {.bitmap_index = 15092, .adv_w = 224, .box_w = 14, .box_h = 13, .ofs_x = 0, .ofs_y = -2},
    {.bitmap_index = 15183, .adv_w = 224, .box_w = 14, .box_h = 13, .ofs_x = 0, .ofs_y = -2},
    {.bitmap_index = 15274, .adv_w = 224, .box_w = 14, .box_h = 13, .ofs_x = 0, .ofs_y = -2},
    {.bitmap_index = 15365, .adv_w = 224, .box_w = 14, .box_h = 13, .ofs_x = 0, .ofs_y = -1},
    {.bitmap_index = 15456, .adv_w = 224, .box_w = 13, .box_h = 12, .ofs_x = 0, .ofs_y = -1},
    {.bitmap_index = 15534, .adv_w = 224, .box_w = 14, .box_h = 14, .ofs_x = 0, .ofs_y = -2},
    {.bitmap_index = 15632, .adv_w = 224, .box_w = 14, .box_h = 13, .ofs_x = 0, .ofs_y = -2},
    {.bitmap_index = 15723, .adv_w = 224, .box_w = 13, .box_h = 13, .ofs_x = 1, .ofs_y = -2},
    {.bitmap_index = 15808, .adv_w = 224, .box_w = 12, .box_h = 12, .ofs_x = 1, .ofs_y = -1},
    {.bitmap_index = 15880, .adv_w = 224, .box_w = 14, .box_h = 13, .ofs_x = 0, .ofs_y = -1},
    {.bitmap_index = 15971, .adv_w = 224, .box_w = 14, .box_h = 13, .ofs_x = 0, .ofs_y = -1},
    {.bitmap_index = 16062, .adv_w = 224, .box_w = 14, .box_h = 13, .ofs_x = 0, .ofs_y = -1},
    {.bitmap_index = 16153, .adv_w = 224, .box_w = 14, .box_h = 13, .ofs_x = 0, .ofs_y = -1},
    {.bitmap_index = 16244, .adv_w = 224, .box_w = 14, .box_h = 13, .ofs_x = 0, .ofs_y = -1},
    {.bitmap_index = 16335, .adv_w = 224, .box_w = 14, .box_h = 14, .ofs_x = 0, .ofs_y = -2},
    {.bitmap_index = 16433, .adv_w = 224, .box_w = 14, .box_h = 12, .ofs_x = 0, .ofs_y = -1},
    {.bitmap_index = 16517, .adv_w = 224, .box_w = 14, .box_h = 12, .ofs_x = 0, .ofs_y = -1},
    {.bitmap_index = 16601, .adv_w = 224, .box_w = 14, .box_h = 13, .ofs_x = 0, .ofs_y = -1},
    {.bitmap_index = 16692, .adv_w = 224, .box_w = 14, .box_h = 12, .ofs_x = 0, .ofs_y = -1},
    {.bitmap_index = 16776, .adv_w = 224, .box_w = 14, .box_h = 13, .ofs_x = 0, .ofs_y = -2},
    {.bitmap_index = 16867, .adv_w = 224, .box_w = 14, .box_h = 12, .ofs_x = 0, .ofs_y = -1},
    {.bitmap_index = 16951, .adv_w = 224, .box_w = 14, .box_h = 13, .ofs_x = 0, .ofs_y = -1},
    {.bitmap_index = 17042, .adv_w = 224, .box_w = 14, .box_h = 13, .ofs_x = 0, .ofs_y = -2},
    {.bitmap_index = 17133, .adv_w = 224, .box_w = 14, .box_h = 13, .ofs_x = 0, .ofs_y = -1},
    {.bitmap_index = 17224, .adv_w = 224, .box_w = 14, .box_h = 13, .ofs_x = 0, .ofs_y = -1},
    {.bitmap_index = 17315, .adv_w = 224, .box_w = 14, .box_h = 14, .ofs_x = 0, .ofs_y = -2},
    {.bitmap_index = 17413, .adv_w = 224, .box_w = 14, .box_h = 13, .ofs_x = 0, .ofs_y = -1},
    {.bitmap_index = 17504, .adv_w = 224, .box_w = 12, .box_h = 13, .ofs_x = 1, .ofs_y = -2},
    {.bitmap_index = 17582, .adv_w = 224, .box_w = 13, .box_h = 12, .ofs_x = 0, .ofs_y = -1},
    {.bitmap_index = 17660, .adv_w = 224, .box_w = 13, .box_h = 12, .ofs_x = 0, .ofs_y = -1},
    {.bitmap_index = 17738, .adv_w = 224, .box_w = 13, .box_h = 12, .ofs_x = 0, .ofs_y = -1},
    {.bitmap_index = 17816, .adv_w = 224, .box_w = 14, .box_h = 12, .ofs_x = 0, .ofs_y = -1},
    {.bitmap_index = 17900, .adv_w = 224, .box_w = 14, .box_h = 13, .ofs_x = 0, .ofs_y = -1},
    {.bitmap_index = 17991, .adv_w = 224, .box_w = 13, .box_h = 13, .ofs_x = 0, .ofs_y = -1},
    {.bitmap_index = 18076, .adv_w = 224, .box_w = 14, .box_h = 13, .ofs_x = 0, .ofs_y = -1},
    {.bitmap_index = 18167, .adv_w = 224, .box_w = 14, .box_h = 13, .ofs_x = 0, .ofs_y = -1},
    {.bitmap_index = 18258, .adv_w = 224, .box_w = 13, .box_h = 12, .ofs_x = 0, .ofs_y = -1},
    {.bitmap_index = 18336, .adv_w = 224, .box_w = 14, .box_h = 13, .ofs_x = 0, .ofs_y = -1},
    {.bitmap_index = 18427, .adv_w = 224, .box_w = 14, .box_h = 12, .ofs_x = 0, .ofs_y = -1},
    {.bitmap_index = 18511, .adv_w = 224, .box_w = 14, .box_h = 14, .ofs_x = 0, .ofs_y = -2},
    {.bitmap_index = 18609, .adv_w = 224, .box_w = 14, .box_h = 13, .ofs_x = 0, .ofs_y = -2},
    {.bitmap_index = 18700, .adv_w = 224, .box_w = 14, .box_h = 12, .ofs_x = 0, .ofs_y = -1},
    {.bitmap_index = 18784, .adv_w = 224, .box_w = 14, .box_h = 12, .ofs_x = 0, .ofs_y = -1},
    {.bitmap_index = 18868, .adv_w = 224, .box_w = 14, .box_h = 12, .ofs_x = 0, .ofs_y = -1},
    {.bitmap_index = 18952, .adv_w = 224, .box_w = 14, .box_h = 12, .ofs_x = 0, .ofs_y = -1},
    {.bitmap_index = 19036, .adv_w = 224, .box_w = 13, .box_h = 13, .ofs_x = 0, .ofs_y = -2},
    {.bitmap_index = 19121, .adv_w = 224, .box_w = 14, .box_h = 14, .ofs_x = 0, .ofs_y = -2},
    {.bitmap_index = 19219, .adv_w = 224, .box_w = 14, .box_h = 14, .ofs_x = 0, .ofs_y = -2},
    {.bitmap_index = 19317, .adv_w = 224, .box_w = 14, .box_h = 13, .ofs_x = 0, .ofs_y = -2},
    {.bitmap_index = 19408, .adv_w = 224, .box_w = 14, .box_h = 13, .ofs_x = 0, .ofs_y = -2},
    {.bitmap_index = 19499, .adv_w = 224, .box_w = 14, .box_h = 13, .ofs_x = 0, .ofs_y = -2},
    {.bitmap_index = 19590, .adv_w = 224, .box_w = 14, .box_h = 14, .ofs_x = 0, .ofs_y = -2},
    {.bitmap_index = 19688, .adv_w = 224, .box_w = 14, .box_h = 12, .ofs_x = 0, .ofs_y = -1},
    {.bitmap_index = 19772, .adv_w = 224, .box_w = 14, .box_h = 14, .ofs_x = 0, .ofs_y = -2},
    {.bitmap_index = 19870, .adv_w = 224, .box_w = 14, .box_h = 13, .ofs_x = 0, .ofs_y = -1},
    {.bitmap_index = 19961, .adv_w = 224, .box_w = 13, .box_h = 14, .ofs_x = 1, .ofs_y = -2},
    {.bitmap_index = 20052, .adv_w = 224, .box_w = 14, .box_h = 13, .ofs_x = 0, .ofs_y = -1},
    {.bitmap_index = 20143, .adv_w = 224, .box_w = 14, .box_h = 14, .ofs_x = 0, .ofs_y = -2},
    {.bitmap_index = 20241, .adv_w = 224, .box_w = 14, .box_h = 14, .ofs_x = 0, .ofs_y = -2},
    {.bitmap_index = 20339, .adv_w = 224, .box_w = 14, .box_h = 13, .ofs_x = 0, .ofs_y = -2},
    {.bitmap_index = 20430, .adv_w = 224, .box_w = 13, .box_h = 12, .ofs_x = 1, .ofs_y = -1},
    {.bitmap_index = 20508, .adv_w = 224, .box_w = 12, .box_h = 13, .ofs_x = 1, .ofs_y = -2},
    {.bitmap_index = 20586, .adv_w = 224, .box_w = 14, .box_h = 12, .ofs_x = 0, .ofs_y = -1},
    {.bitmap_index = 20670, .adv_w = 224, .box_w = 14, .box_h = 13, .ofs_x = 0, .ofs_y = -2},
    {.bitmap_index = 20761, .adv_w = 224, .box_w = 14, .box_h = 13, .ofs_x = 0, .ofs_y = -1},
    {.bitmap_index = 20852, .adv_w = 224, .box_w = 14, .box_h = 12, .ofs_x = 0, .ofs_y = -1},
    {.bitmap_index = 20936, .adv_w = 224, .box_w = 14, .box_h = 13, .ofs_x = 0, .ofs_y = -1},
    {.bitmap_index = 21027, .adv_w = 224, .box_w = 14, .box_h = 13, .ofs_x = 0, .ofs_y = -2},
    {.bitmap_index = 21118, .adv_w = 224, .box_w = 14, .box_h = 12, .ofs_x = 0, .ofs_y = -1},
    {.bitmap_index = 21202, .adv_w = 224, .box_w = 14, .box_h = 14, .ofs_x = 0, .ofs_y = -2},
    {.bitmap_index = 21300, .adv_w = 224, .box_w = 13, .box_h = 13, .ofs_x = 0, .ofs_y = -2},
    {.bitmap_index = 21385, .adv_w = 224, .box_w = 13, .box_h = 13, .ofs_x = 0, .ofs_y = -2},
    {.bitmap_index = 21470, .adv_w = 224, .box_w = 14, .box_h = 12, .ofs_x = 0, .ofs_y = -1},
    {.bitmap_index = 21554, .adv_w = 224, .box_w = 14, .box_h = 12, .ofs_x = 0, .ofs_y = -1},
    {.bitmap_index = 21638, .adv_w = 224, .box_w = 14, .box_h = 13, .ofs_x = 0, .ofs_y = -1},
    {.bitmap_index = 21729, .adv_w = 224, .box_w = 14, .box_h = 12, .ofs_x = 0, .ofs_y = -1},
    {.bitmap_index = 21813, .adv_w = 224, .box_w = 14, .box_h = 12, .ofs_x = 0, .ofs_y = -1},
    {.bitmap_index = 21897, .adv_w = 224, .box_w = 13, .box_h = 13, .ofs_x = 0, .ofs_y = -1},
    {.bitmap_index = 21982, .adv_w = 224, .box_w = 14, .box_h = 12, .ofs_x = 0, .ofs_y = -1},
    {.bitmap_index = 22066, .adv_w = 224, .box_w = 14, .box_h = 12, .ofs_x = 0, .ofs_y = -1},
    {.bitmap_index = 22150, .adv_w = 224, .box_w = 14, .box_h = 12, .ofs_x = 0, .ofs_y = -1},
    {.bitmap_index = 22234, .adv_w = 224, .box_w = 14, .box_h = 13, .ofs_x = 0, .ofs_y = -1},
    {.bitmap_index = 22325, .adv_w = 224, .box_w = 14, .box_h = 12, .ofs_x = 0, .ofs_y = -1},
    {.bitmap_index = 22409, .adv_w = 224, .box_w = 14, .box_h = 13, .ofs_x = 0, .ofs_y = -1},
    {.bitmap_index = 22500, .adv_w = 224, .box_w = 14, .box_h = 12, .ofs_x = 0, .ofs_y = -1},
    {.bitmap_index = 22584, .adv_w = 224, .box_w = 14, .box_h = 13, .ofs_x = 0, .ofs_y = -1},
    {.bitmap_index = 22675, .adv_w = 224, .box_w = 14, .box_h = 13, .ofs_x = 0, .ofs_y = -1},
    {.bitmap_index = 22766, .adv_w = 224, .box_w = 14, .box_h = 14, .ofs_x = 0, .ofs_y = -2},
    {.bitmap_index = 22864, .adv_w = 224, .box_w = 14, .box_h = 12, .ofs_x = 0, .ofs_y = -1},
    {.bitmap_index = 22948, .adv_w = 224, .box_w = 14, .box_h = 12, .ofs_x = 0, .ofs_y = -1},
    {.bitmap_index = 23032, .adv_w = 224, .box_w = 14, .box_h = 12, .ofs_x = 0, .ofs_y = -1},
    {.bitmap_index = 23116, .adv_w = 224, .box_w = 14, .box_h = 12, .ofs_x = 0, .ofs_y = -1},
    {.bitmap_index = 23200, .adv_w = 224, .box_w = 14, .box_h = 13, .ofs_x = 0, .ofs_y = -1},
    {.bitmap_index = 23291, .adv_w = 224, .box_w = 13, .box_h = 13, .ofs_x = 1, .ofs_y = -2},
    {.bitmap_index = 23376, .adv_w = 224, .box_w = 14, .box_h = 12, .ofs_x = 0, .ofs_y = -1},
    {.bitmap_index = 23460, .adv_w = 224, .box_w = 14, .box_h = 13, .ofs_x = 0, .ofs_y = -1},
    {.bitmap_index = 23551, .adv_w = 224, .box_w = 14, .box_h = 14, .ofs_x = 0, .ofs_y = -2},
    {.bitmap_index = 23649, .adv_w = 224, .box_w = 14, .box_h = 14, .ofs_x = 0, .ofs_y = -2},
    {.bitmap_index = 23747, .adv_w = 224, .box_w = 14, .box_h = 14, .ofs_x = 0, .ofs_y = -2},
    {.bitmap_index = 23845, .adv_w = 224, .box_w = 14, .box_h = 13, .ofs_x = 0, .ofs_y = -1},
    {.bitmap_index = 23936, .adv_w = 224, .box_w = 14, .box_h = 14, .ofs_x = 0, .ofs_y = -2},
    {.bitmap_index = 24034, .adv_w = 224, .box_w = 13, .box_h = 13, .ofs_x = 0, .ofs_y = -2},
    {.bitmap_index = 24119, .adv_w = 224, .box_w = 14, .box_h = 13, .ofs_x = 0, .ofs_y = -1},
    {.bitmap_index = 24210, .adv_w = 224, .box_w = 14, .box_h = 14, .ofs_x = 0, .ofs_y = -2},
    {.bitmap_index = 24308, .adv_w = 224, .box_w = 14, .box_h = 12, .ofs_x = 0, .ofs_y = -1},
    {.bitmap_index = 24392, .adv_w = 224, .box_w = 14, .box_h = 13, .ofs_x = 0, .ofs_y = -1},
    {.bitmap_index = 24483, .adv_w = 224, .box_w = 13, .box_h = 14, .ofs_x = 0, .ofs_y = -2},
    {.bitmap_index = 24574, .adv_w = 224, .box_w = 13, .box_h = 14, .ofs_x = 0, .ofs_y = -2},
    {.bitmap_index = 24665, .adv_w = 224, .box_w = 14, .box_h = 12, .ofs_x = 0, .ofs_y = -1},
    {.bitmap_index = 24749, .adv_w = 224, .box_w = 14, .box_h = 13, .ofs_x = 0, .ofs_y = -2},
    {.bitmap_index = 24840, .adv_w = 224, .box_w = 13, .box_h = 13, .ofs_x = 0, .ofs_y = -1},
    {.bitmap_index = 24925, .adv_w = 224, .box_w = 14, .box_h = 14, .ofs_x = 0, .ofs_y = -2},
    {.bitmap_index = 25023, .adv_w = 224, .box_w = 14, .box_h = 13, .ofs_x = 0, .ofs_y = -1},
    {.bitmap_index = 25114, .adv_w = 224, .box_w = 14, .box_h = 13, .ofs_x = 0, .ofs_y = -1},
    {.bitmap_index = 25205, .adv_w = 224, .box_w = 14, .box_h = 13, .ofs_x = 0, .ofs_y = -2},
    {.bitmap_index = 25296, .adv_w = 224, .box_w = 14, .box_h = 13, .ofs_x = 0, .ofs_y = -1},
    {.bitmap_index = 25387, .adv_w = 224, .box_w = 14, .box_h = 12, .ofs_x = 0, .ofs_y = -1},
    {.bitmap_index = 25471, .adv_w = 224, .box_w = 13, .box_h = 13, .ofs_x = 0, .ofs_y = -2},
    {.bitmap_index = 25556, .adv_w = 224, .box_w = 12, .box_h = 12, .ofs_x = 1, .ofs_y = -1},
    {.bitmap_index = 25628, .adv_w = 224, .box_w = 13, .box_h = 12, .ofs_x = 1, .ofs_y = -1},
    {.bitmap_index = 25706, .adv_w = 224, .box_w = 14, .box_h = 12, .ofs_x = 0, .ofs_y = -1},
    {.bitmap_index = 25790, .adv_w = 224, .box_w = 12, .box_h = 13, .ofs_x = 1, .ofs_y = -1},
    {.bitmap_index = 25868, .adv_w = 224, .box_w = 14, .box_h = 13, .ofs_x = 0, .ofs_y = -2},
    {.bitmap_index = 25959, .adv_w = 224, .box_w = 10, .box_h = 12, .ofs_x = 2, .ofs_y = -1},
    {.bitmap_index = 26019, .adv_w = 224, .box_w = 14, .box_h = 12, .ofs_x = 0, .ofs_y = -1},
    {.bitmap_index = 26103, .adv_w = 224, .box_w = 13, .box_h = 12, .ofs_x = 0, .ofs_y = -1},
    {.bitmap_index = 26181, .adv_w = 224, .box_w = 14, .box_h = 13, .ofs_x = 0, .ofs_y = -1},
    {.bitmap_index = 26272, .adv_w = 224, .box_w = 14, .box_h = 13, .ofs_x = 0, .ofs_y = -2},
    {.bitmap_index = 26363, .adv_w = 224, .box_w = 14, .box_h = 14, .ofs_x = 0, .ofs_y = -2},
    {.bitmap_index = 26461, .adv_w = 224, .box_w = 14, .box_h = 12, .ofs_x = 0, .ofs_y = -1},
    {.bitmap_index = 26545, .adv_w = 224, .box_w = 14, .box_h = 13, .ofs_x = 0, .ofs_y = -1},
    {.bitmap_index = 26636, .adv_w = 224, .box_w = 14, .box_h = 14, .ofs_x = 0, .ofs_y = -2},
    {.bitmap_index = 26734, .adv_w = 224, .box_w = 13, .box_h = 14, .ofs_x = 0, .ofs_y = -2},
    {.bitmap_index = 26825, .adv_w = 224, .box_w = 14, .box_h = 13, .ofs_x = 0, .ofs_y = -1},
    {.bitmap_index = 26916, .adv_w = 224, .box_w = 13, .box_h = 12, .ofs_x = 0, .ofs_y = -1},
    {.bitmap_index = 26994, .adv_w = 224, .box_w = 14, .box_h = 13, .ofs_x = 0, .ofs_y = -1},
    {.bitmap_index = 27085, .adv_w = 224, .box_w = 14, .box_h = 13, .ofs_x = 0, .ofs_y = -1},
    {.bitmap_index = 27176, .adv_w = 224, .box_w = 14, .box_h = 13, .ofs_x = 0, .ofs_y = -1},
    {.bitmap_index = 27267, .adv_w = 224, .box_w = 14, .box_h = 12, .ofs_x = 0, .ofs_y = -1},
    {.bitmap_index = 27351, .adv_w = 224, .box_w = 14, .box_h = 12, .ofs_x = 0, .ofs_y = -1},
    {.bitmap_index = 27435, .adv_w = 224, .box_w = 14, .box_h = 13, .ofs_x = 0, .ofs_y = -1},
    {.bitmap_index = 27526, .adv_w = 224, .box_w = 14, .box_h = 13, .ofs_x = 0, .ofs_y = -1},
    {.bitmap_index = 27617, .adv_w = 224, .box_w = 14, .box_h = 13, .ofs_x = 0, .ofs_y = -1},
    {.bitmap_index = 27708, .adv_w = 224, .box_w = 14, .box_h = 14, .ofs_x = 0, .ofs_y = -2},
    {.bitmap_index = 27806, .adv_w = 224, .box_w = 14, .box_h = 14, .ofs_x = 0, .ofs_y = -2},
    {.bitmap_index = 27904, .adv_w = 224, .box_w = 14, .box_h = 12, .ofs_x = 0, .ofs_y = -1},
    {.bitmap_index = 27988, .adv_w = 224, .box_w = 13, .box_h = 13, .ofs_x = 0, .ofs_y = -1},
    {.bitmap_index = 28073, .adv_w = 224, .box_w = 14, .box_h = 13, .ofs_x = 0, .ofs_y = -1},
    {.bitmap_index = 28164, .adv_w = 224, .box_w = 14, .box_h = 13, .ofs_x = 0, .ofs_y = -1},
    {.bitmap_index = 28255, .adv_w = 224, .box_w = 13, .box_h = 13, .ofs_x = 0, .ofs_y = -1},
    {.bitmap_index = 28340, .adv_w = 224, .box_w = 14, .box_h = 12, .ofs_x = 0, .ofs_y = -1},
    {.bitmap_index = 28424, .adv_w = 224, .box_w = 14, .box_h = 13, .ofs_x = 0, .ofs_y = -1},
    {.bitmap_index = 28515, .adv_w = 224, .box_w = 14, .box_h = 12, .ofs_x = 0, .ofs_y = -1},
    {.bitmap_index = 28599, .adv_w = 224, .box_w = 14, .box_h = 12, .ofs_x = 0, .ofs_y = -1},
    {.bitmap_index = 28683, .adv_w = 224, .box_w = 14, .box_h = 14, .ofs_x = 0, .ofs_y = -2},
    {.bitmap_index = 28781, .adv_w = 224, .box_w = 14, .box_h = 12, .ofs_x = 0, .ofs_y = -1},
    {.bitmap_index = 28865, .adv_w = 224, .box_w = 14, .box_h = 13, .ofs_x = 0, .ofs_y = -1},
    {.bitmap_index = 28956, .adv_w = 224, .box_w = 14, .box_h = 13, .ofs_x = 0, .ofs_y = -1},
    {.bitmap_index = 29047, .adv_w = 224, .box_w = 14, .box_h = 12, .ofs_x = 0, .ofs_y = -1},
    {.bitmap_index = 29131, .adv_w = 224, .box_w = 13, .box_h = 12, .ofs_x = 0, .ofs_y = -1},
    {.bitmap_index = 29209, .adv_w = 224, .box_w = 13, .box_h = 14, .ofs_x = 1, .ofs_y = -2},
    {.bitmap_index = 29300, .adv_w = 224, .box_w = 14, .box_h = 14, .ofs_x = 0, .ofs_y = -2},
    {.bitmap_index = 29398, .adv_w = 224, .box_w = 14, .box_h = 13, .ofs_x = 0, .ofs_y = -1},
    {.bitmap_index = 29489, .adv_w = 224, .box_w = 11, .box_h = 13, .ofs_x = 1, .ofs_y = -1},
    {.bitmap_index = 29561, .adv_w = 224, .box_w = 14, .box_h = 14, .ofs_x = 0, .ofs_y = -2},
    {.bitmap_index = 29659, .adv_w = 224, .box_w = 14, .box_h = 13, .ofs_x = 0, .ofs_y = -1},
    {.bitmap_index = 29750, .adv_w = 224, .box_w = 14, .box_h = 12, .ofs_x = 0, .ofs_y = -1},
    {.bitmap_index = 29834, .adv_w = 224, .box_w = 14, .box_h = 13, .ofs_x = 0, .ofs_y = -2},
    {.bitmap_index = 29925, .adv_w = 224, .box_w = 14, .box_h = 13, .ofs_x = 0, .ofs_y = -2},
    {.bitmap_index = 30016, .adv_w = 224, .box_w = 14, .box_h = 13, .ofs_x = 0, .ofs_y = -2},
    {.bitmap_index = 30107, .adv_w = 224, .box_w = 14, .box_h = 13, .ofs_x = 0, .ofs_y = -2},
    {.bitmap_index = 30198, .adv_w = 224, .box_w = 14, .box_h = 12, .ofs_x = 0, .ofs_y = -1},
    {.bitmap_index = 30282, .adv_w = 224, .box_w = 14, .box_h = 12, .ofs_x = 0, .ofs_y = -1},
    {.bitmap_index = 30366, .adv_w = 224, .box_w = 14, .box_h = 13, .ofs_x = 0, .ofs_y = -2},
    {.bitmap_index = 30457, .adv_w = 224, .box_w = 14, .box_h = 13, .ofs_x = 0, .ofs_y = -2},
    {.bitmap_index = 30548, .adv_w = 224, .box_w = 14, .box_h = 13, .ofs_x = 0, .ofs_y = -2},
    {.bitmap_index = 30639, .adv_w = 224, .box_w = 13, .box_h = 13, .ofs_x = 1, .ofs_y = -2},
    {.bitmap_index = 30724, .adv_w = 224, .box_w = 14, .box_h = 13, .ofs_x = 0, .ofs_y = -2},
    {.bitmap_index = 30815, .adv_w = 224, .box_w = 14, .box_h = 13, .ofs_x = 0, .ofs_y = -2},
    {.bitmap_index = 30906, .adv_w = 224, .box_w = 14, .box_h = 14, .ofs_x = 0, .ofs_y = -2},
    {.bitmap_index = 31004, .adv_w = 224, .box_w = 13, .box_h = 14, .ofs_x = 0, .ofs_y = -2},
    {.bitmap_index = 31095, .adv_w = 224, .box_w = 14, .box_h = 14, .ofs_x = 0, .ofs_y = -2},
    {.bitmap_index = 31193, .adv_w = 224, .box_w = 14, .box_h = 13, .ofs_x = 0, .ofs_y = -1},
    {.bitmap_index = 31284, .adv_w = 224, .box_w = 14, .box_h = 13, .ofs_x = 0, .ofs_y = -1},
    {.bitmap_index = 31375, .adv_w = 224, .box_w = 14, .box_h = 13, .ofs_x = 0, .ofs_y = -1},
    {.bitmap_index = 31466, .adv_w = 224, .box_w = 14, .box_h = 14, .ofs_x = 0, .ofs_y = -2},
    {.bitmap_index = 31564, .adv_w = 224, .box_w = 14, .box_h = 14, .ofs_x = 0, .ofs_y = -2},
    {.bitmap_index = 31662, .adv_w = 224, .box_w = 14, .box_h = 13, .ofs_x = 0, .ofs_y = -1},
    {.bitmap_index = 31753, .adv_w = 224, .box_w = 14, .box_h = 14, .ofs_x = 0, .ofs_y = -2},
    {.bitmap_index = 31851, .adv_w = 224, .box_w = 14, .box_h = 14, .ofs_x = 0, .ofs_y = -2},
    {.bitmap_index = 31949, .adv_w = 224, .box_w = 14, .box_h = 13, .ofs_x = 0, .ofs_y = -1},
    {.bitmap_index = 32040, .adv_w = 224, .box_w = 14, .box_h = 14, .ofs_x = 0, .ofs_y = -2},
    {.bitmap_index = 32138, .adv_w = 224, .box_w = 14, .box_h = 12, .ofs_x = 0, .ofs_y = -1},
    {.bitmap_index = 32222, .adv_w = 224, .box_w = 14, .box_h = 13, .ofs_x = 0, .ofs_y = -2},
    {.bitmap_index = 32313, .adv_w = 224, .box_w = 14, .box_h = 13, .ofs_x = 0, .ofs_y = -2},
    {.bitmap_index = 32404, .adv_w = 224, .box_w = 14, .box_h = 13, .ofs_x = 0, .ofs_y = -2},
    {.bitmap_index = 32495, .adv_w = 224, .box_w = 14, .box_h = 13, .ofs_x = 0, .ofs_y = -1},
    {.bitmap_index = 32586, .adv_w = 224, .box_w = 14, .box_h = 13, .ofs_x = 0, .ofs_y = -2},
    {.bitmap_index = 32677, .adv_w = 224, .box_w = 14, .box_h = 13, .ofs_x = 0, .ofs_y = -1},
    {.bitmap_index = 32768, .adv_w = 224, .box_w = 14, .box_h = 13, .ofs_x = 0, .ofs_y = -1},
    {.bitmap_index = 32859, .adv_w = 224, .box_w = 14, .box_h = 12, .ofs_x = 0, .ofs_y = -1},
    {.bitmap_index = 32943, .adv_w = 224, .box_w = 14, .box_h = 13, .ofs_x = 0, .ofs_y = -1},
    {.bitmap_index = 33034, .adv_w = 224, .box_w = 14, .box_h = 13, .ofs_x = 0, .ofs_y = -1},
    {.bitmap_index = 33125, .adv_w = 224, .box_w = 13, .box_h = 13, .ofs_x = 0, .ofs_y = -1},
    {.bitmap_index = 33210, .adv_w = 224, .box_w = 14, .box_h = 13, .ofs_x = 0, .ofs_y = -2},
    {.bitmap_index = 33301, .adv_w = 224, .box_w = 14, .box_h = 13, .ofs_x = 0, .ofs_y = -2},
    {.bitmap_index = 33392, .adv_w = 224, .box_w = 14, .box_h = 14, .ofs_x = 0, .ofs_y = -2},
    {.bitmap_index = 33490, .adv_w = 224, .box_w = 13, .box_h = 14, .ofs_x = 0, .ofs_y = -2},
    {.bitmap_index = 33581, .adv_w = 224, .box_w = 14, .box_h = 14, .ofs_x = 0, .ofs_y = -2},
    {.bitmap_index = 33679, .adv_w = 224, .box_w = 14, .box_h = 13, .ofs_x = 0, .ofs_y = -2},
    {.bitmap_index = 33770, .adv_w = 224, .box_w = 14, .box_h = 13, .ofs_x = 0, .ofs_y = -2},
    {.bitmap_index = 33861, .adv_w = 224, .box_w = 14, .box_h = 14, .ofs_x = 0, .ofs_y = -2},
    {.bitmap_index = 33959, .adv_w = 224, .box_w = 14, .box_h = 12, .ofs_x = 0, .ofs_y = -1},
    {.bitmap_index = 34043, .adv_w = 224, .box_w = 14, .box_h = 13, .ofs_x = 0, .ofs_y = -1},
    {.bitmap_index = 34134, .adv_w = 224, .box_w = 14, .box_h = 13, .ofs_x = 0, .ofs_y = -1},
    {.bitmap_index = 34225, .adv_w = 224, .box_w = 14, .box_h = 12, .ofs_x = 0, .ofs_y = -1},
    {.bitmap_index = 34309, .adv_w = 224, .box_w = 14, .box_h = 13, .ofs_x = 0, .ofs_y = -1},
    {.bitmap_index = 34400, .adv_w = 224, .box_w = 14, .box_h = 14, .ofs_x = 0, .ofs_y = -2},
    {.bitmap_index = 34498, .adv_w = 224, .box_w = 14, .box_h = 14, .ofs_x = 0, .ofs_y = -2},
    {.bitmap_index = 34596, .adv_w = 224, .box_w = 13, .box_h = 13, .ofs_x = 0, .ofs_y = -2},
    {.bitmap_index = 34681, .adv_w = 224, .box_w = 12, .box_h = 13, .ofs_x = 1, .ofs_y = -1},
    {.bitmap_index = 34759, .adv_w = 224, .box_w = 12, .box_h = 13, .ofs_x = 1, .ofs_y = -1},
    {.bitmap_index = 34837, .adv_w = 224, .box_w = 12, .box_h = 13, .ofs_x = 1, .ofs_y = -1},
    {.bitmap_index = 34915, .adv_w = 224, .box_w = 13, .box_h = 13, .ofs_x = 1, .ofs_y = -1},
    {.bitmap_index = 35000, .adv_w = 224, .box_w = 13, .box_h = 13, .ofs_x = 1, .ofs_y = -1},
    {.bitmap_index = 35085, .adv_w = 224, .box_w = 13, .box_h = 13, .ofs_x = 1, .ofs_y = -1},
    {.bitmap_index = 35170, .adv_w = 224, .box_w = 14, .box_h = 13, .ofs_x = 0, .ofs_y = -1},
    {.bitmap_index = 35261, .adv_w = 224, .box_w = 14, .box_h = 13, .ofs_x = 0, .ofs_y = -1},
    {.bitmap_index = 35352, .adv_w = 224, .box_w = 14, .box_h = 13, .ofs_x = 0, .ofs_y = -1},
    {.bitmap_index = 35443, .adv_w = 224, .box_w = 14, .box_h = 13, .ofs_x = 0, .ofs_y = -2},
    {.bitmap_index = 35534, .adv_w = 224, .box_w = 13, .box_h = 12, .ofs_x = 0, .ofs_y = -1},
    {.bitmap_index = 35612, .adv_w = 224, .box_w = 14, .box_h = 13, .ofs_x = 0, .ofs_y = -1},
    {.bitmap_index = 35703, .adv_w = 224, .box_w = 14, .box_h = 13, .ofs_x = 0, .ofs_y = -1},
    {.bitmap_index = 35794, .adv_w = 224, .box_w = 14, .box_h = 12, .ofs_x = 0, .ofs_y = -1},
    {.bitmap_index = 35878, .adv_w = 224, .box_w = 14, .box_h = 13, .ofs_x = 0, .ofs_y = -1},
    {.bitmap_index = 35969, .adv_w = 224, .box_w = 13, .box_h = 13, .ofs_x = 1, .ofs_y = -2},
    {.bitmap_index = 36054, .adv_w = 224, .box_w = 14, .box_h = 13, .ofs_x = 0, .ofs_y = -2},
    {.bitmap_index = 36145, .adv_w = 224, .box_w = 13, .box_h = 13, .ofs_x = 0, .ofs_y = -2},
    {.bitmap_index = 36230, .adv_w = 224, .box_w = 14, .box_h = 14, .ofs_x = 0, .ofs_y = -2},
    {.bitmap_index = 36328, .adv_w = 224, .box_w = 14, .box_h = 13, .ofs_x = 0, .ofs_y = -2},
    {.bitmap_index = 36419, .adv_w = 224, .box_w = 14, .box_h = 14, .ofs_x = 0, .ofs_y = -2},
    {.bitmap_index = 36517, .adv_w = 224, .box_w = 14, .box_h = 12, .ofs_x = 0, .ofs_y = -1},
    {.bitmap_index = 36601, .adv_w = 224, .box_w = 14, .box_h = 13, .ofs_x = 0, .ofs_y = -1},
    {.bitmap_index = 36692, .adv_w = 224, .box_w = 14, .box_h = 12, .ofs_x = 0, .ofs_y = -1},
    {.bitmap_index = 36776, .adv_w = 224, .box_w = 14, .box_h = 13, .ofs_x = 0, .ofs_y = -1},
    {.bitmap_index = 36867, .adv_w = 224, .box_w = 14, .box_h = 13, .ofs_x = 0, .ofs_y = -1},
    {.bitmap_index = 36958, .adv_w = 224, .box_w = 12, .box_h = 13, .ofs_x = 1, .ofs_y = -1},
    {.bitmap_index = 37036, .adv_w = 224, .box_w = 14, .box_h = 13, .ofs_x = 0, .ofs_y = -2},
    {.bitmap_index = 37127, .adv_w = 224, .box_w = 14, .box_h = 13, .ofs_x = 0, .ofs_y = -2},
    {.bitmap_index = 37218, .adv_w = 224, .box_w = 3, .box_h = 12, .ofs_x = 6, .ofs_y = -1},
    {.bitmap_index = 37236, .adv_w = 224, .box_w = 6, .box_h = 14, .ofs_x = 5, .ofs_y = -3},
    {.bitmap_index = 37278, .adv_w = 224, .box_w = 6, .box_h = 14, .ofs_x = 3, .ofs_y = -3},
    {.bitmap_index = 37320, .adv_w = 224, .box_w = 4, .box_h = 4, .ofs_x = 5, .ofs_y = -2},
    {.bitmap_index = 37328, .adv_w = 224, .box_w = 2, .box_h = 9, .ofs_x = 6, .ofs_y = -1},
    {.bitmap_index = 37337, .adv_w = 224, .box_w = 3, .box_h = 10, .ofs_x = 5, .ofs_y = -2}
};

/*---------------------
 *  CHARACTER MAPPING
 *--------------------*/

static const uint16_t unicode_list_1[] = {
    0x0, 0x2, 0x1f64, 0x1f72, 0x2f51, 0x2f52, 0x4d50, 0x4d5a,
    0x4d5b, 0x4d5d, 0x4d5e, 0x4d74, 0x4d7a, 0x4d7d, 0x4d8a, 0x4d8b,
    0x4d99, 0x4d9b, 0x4da8, 0x4ddb, 0x4ddc, 0x4dde, 0x4dfe, 0x4e1e,
    0x4e35, 0x4e3a, 0x4e46, 0x4e6a, 0x4e70, 0x4e9d, 0x4e9e, 0x4e9f,
    0x4eac, 0x4ef7, 0x4f2d, 0x4f31, 0x4f8c, 0x4f8e, 0x4f9f, 0x4fac,
    0x5099, 0x509b, 0x50bc, 0x50c1, 0x50c3, 0x50c7, 0x50dd, 0x5102,
    0x5116, 0x511f, 0x514a, 0x5156, 0x5162, 0x5179, 0x5180, 0x519d,
    0x51eb, 0x51f0, 0x51f8, 0x51f9, 0x5222, 0x5266, 0x5289, 0x5297,
    0x529a, 0x52a5, 0x52b1, 0x52c3, 0x52d6, 0x52ef, 0x531d, 0x5321,
    0x5326, 0x5328, 0x5333, 0x5336, 0x533d, 0x533f, 0x5340, 0x5342,
    0x5347, 0x5358, 0x535e, 0x5361, 0x537f, 0x5389, 0x53b8, 0x53dc,
    0x541d, 0x5438, 0x544c, 0x5481, 0x54d7, 0x55b8, 0x55ba, 0x562e,
    0x5644, 0x564a, 0x564e, 0x5656, 0x5658, 0x5678, 0x5680, 0x568a,
    0x569a, 0x56a7, 0x56b1, 0x56d2, 0x57d3, 0x5840, 0x5854, 0x585d,
    0x5866, 0x586a, 0x5877, 0x587a, 0x5889, 0x591b, 0x5aa0, 0x5ab6,
    0x5ad3, 0x5aea, 0x5aee, 0x5b2f, 0x5b49, 0x5b56, 0x5b5f, 0x5b81,
    0x5b8a, 0x5c40, 0x5d35, 0x5d3e, 0x5d42, 0x5d7e, 0x5d88, 0x5d95,
    0x5dc3, 0x5dc6, 0x5de4, 0x5df6, 0x5e4a, 0x5e50, 0x5e52, 0x5e5f,
    0x5e81, 0x5e89, 0x5e8a, 0x5ea2, 0x5ea3, 0x5eb2, 0x5ed4, 0x5ed5,
    0x5ee7, 0x5f13, 0x5f15, 0x5f3b, 0x5f77, 0x5f8b, 0x5fa2, 0x5fb2,
    0x5ffc, 0x606f, 0x60b2, 0x6160, 0x6166, 0x6184, 0x619b, 0x619d,
    0x61b3, 0x61bb, 0x61bc, 0x61da, 0x6219, 0x621d, 0x6226, 0x622f,
    0x6239, 0x6251, 0x6252, 0x6259, 0x627f, 0x62be, 0x62dc, 0x62e2,
    0x631f, 0x6396, 0x6489, 0x648e, 0x64a9, 0x64b3, 0x64bc, 0x64c0,
    0x64c2, 0x64d7, 0x64ec, 0x64fd, 0x6500, 0x6509, 0x651b, 0x6530,
    0x6546, 0x655e, 0x658e, 0x6593, 0x65be, 0x65bf, 0x65e7, 0x6644,
    0x6650, 0x6659, 0x666d, 0x666f, 0x667c, 0x668a, 0x66b1, 0x66b5,
    0x66ce, 0x66d4, 0x66e0, 0x66ec, 0x6757, 0x6787, 0x679c, 0x6810,
    0x6971, 0x69a9, 0x69b1, 0x6a71, 0x6ab2, 0x6ab3, 0x6ab4, 0x6ab6,
    0x6b1f, 0x6b24, 0x6b84, 0x6b92, 0x6c0f, 0x6c25, 0x6c32, 0x6c8b,
    0x6c91, 0x6c9b, 0x6d55, 0x6e21, 0x6e31, 0x6e52, 0x6e5f, 0x6e64,
    0x7009, 0x70b7, 0x7197, 0x71b9, 0x72d7, 0x72ff, 0x7300, 0x7356,
    0x746f, 0x7478, 0x7481, 0x7485, 0x748b, 0x75d4, 0x75fe, 0x763e,
    0x7644, 0x7648, 0x7690, 0x77bc, 0x7811, 0x788a, 0x791d, 0x7922,
    0x794b, 0x795b, 0x795d, 0x7983, 0x79e7, 0x7a1b, 0x7a26, 0x7a3f,
    0x7a76, 0x7a7c, 0x7a99, 0x7a9b, 0x7b77, 0x7c0e, 0x7c4b, 0x7d91,
    0x7df2, 0x7df6, 0x7e0f, 0x7e13, 0x7e21, 0x7e23, 0x7e2f, 0x7e3a,
    0x7e4f, 0x7e79, 0x7ebe, 0x801c, 0x804d, 0x80a5, 0x8112, 0x813a,
    0x8144, 0x81c2, 0x81d2, 0x8241, 0x8253, 0x82b1, 0x838d, 0x8652,
    0x870a, 0x87b8, 0x8815, 0x88d1, 0x8911, 0x8912, 0x8914, 0x8916,
    0x8922, 0x8936, 0x8950, 0x8af1, 0x8af9, 0x8afe, 0x8b0e, 0x8b3d,
    0x8b4b, 0x8b53, 0x8b81, 0x8c78, 0x8c84, 0x8cc7, 0x8cd5, 0x8d2d,
    0x8d3f, 0x8d43, 0x8d7a, 0x8ebc, 0x8ec4, 0x8ecb, 0x8ed3, 0x8ef8,
    0x8f09, 0x8f17, 0x8f20, 0x8f21, 0x8f4d, 0x8f59, 0x8f6f, 0x8fbe,
    0x909d, 0x9117, 0x911d, 0x911f, 0x93fe, 0x9411, 0x9451, 0x94cf,
    0x9538, 0x9544, 0x9558, 0x9590, 0x9594, 0x959d, 0x95b4, 0x95df,
    0x9616, 0x9646, 0x9650, 0x96a9, 0x96b0, 0x96b2, 0x9743, 0x97c5,
    0x97c6, 0x97c9, 0x97cb, 0x97e1, 0x97ec, 0x981e, 0x98e6, 0x99c1,
    0x99dc, 0x9a28, 0x9d73, 0x9df6, 0x9e63, 0xfe51, 0xfe58, 0xfe59,
    0xfe5c, 0xfe6a, 0xfe6b
};

/*Collect the unicode lists and glyph_id offsets*/
static const lv_font_fmt_txt_cmap_t cmaps[] =
{
    {
        .range_start = 32, .range_length = 95, .glyph_id_start = 1,
        .unicode_list = NULL, .glyph_id_ofs_list = NULL, .list_length = 0, .type = LV_FONT_FMT_TXT_CMAP_FORMAT0_TINY
    },
    {
        .range_start = 176, .range_length = 65132, .glyph_id_start = 96,
        .unicode_list = unicode_list_1, .glyph_id_ofs_list = NULL, .list_length = 395, .type = LV_FONT_FMT_TXT_CMAP_SPARSE_TINY
    }
};

/*-----------------
 *    KERNING
 *----------------*/


/*Map glyph_ids to kern left classes*/
static const uint8_t kern_left_class_mapping[] =
{
    0, 0, 1, 2, 0, 3, 4, 5,
    2, 6, 7, 8, 9, 10, 9, 10,
    11, 12, 0, 13, 14, 15, 16, 17,
    18, 19, 12, 20, 20, 0, 0, 0,
    21, 22, 23, 24, 25, 22, 26, 27,
    28, 29, 29, 30, 31, 32, 29, 29,
    22, 33, 34, 35, 3, 36, 30, 37,
    37, 38, 39, 40, 41, 42, 43, 0,
    44, 0, 45, 46, 47, 48, 49, 50,
    51, 45, 52, 52, 53, 48, 45, 45,
    46, 46, 54, 55, 56, 57, 51, 58,
    58, 59, 58, 60, 41, 0, 0, 9,
    61, 0, 0, 9, 0, 0, 0, 0,
    0, 0, 0, 0, 0, 0, 0, 0,
    0, 0, 0, 0, 0, 0, 0, 0,
    0, 0, 0, 0, 0, 0, 0, 0,
    0, 0, 0, 0, 0, 0, 0, 0,
    0, 0, 0, 0, 0, 0, 0, 0,
    0, 0, 0, 0, 0, 0, 0, 0,
    0, 0, 0, 0, 0, 0, 0, 0,
    0, 0, 0, 0, 0, 0, 0, 0,
    0, 0, 0, 0, 0, 0, 0, 0,
    0, 0, 0, 0, 0, 0, 0, 0,
    0, 0, 0, 0, 0, 0, 0, 0,
    0, 0, 0, 0, 0, 0, 0, 0,
    0, 0, 0, 0, 0, 0, 0, 0,
    0, 0, 0, 0, 0, 0, 0, 0,
    0, 0, 0, 0, 0, 0, 0, 0,
    0, 0, 0, 0, 0, 0, 0, 0,
    0, 0, 0, 0, 0, 0, 0, 0,
    0, 0, 0, 0, 0, 0, 0, 0,
    0, 0, 0, 0, 0, 0, 0, 0,
    0, 0, 0, 0, 0, 0, 0, 0,
    0, 0, 0, 0, 0, 0, 0, 0,
    0, 0, 0, 0, 0, 0, 0, 0,
    0, 0, 0, 0, 0, 0, 0, 0,
    0, 0, 0, 0, 0, 0, 0, 0,
    0, 0, 0, 0, 0, 0, 0, 0,
    0, 0, 0, 0, 0, 0, 0, 0,
    0, 0, 0, 0, 0, 0, 0, 0,
    0, 0, 0, 0, 0, 0, 0, 0,
    0, 0, 0, 0, 0, 0, 0, 0,
    0, 0, 0, 0, 0, 0, 0, 0,
    0, 0, 0, 0, 0, 0, 0, 0,
    0, 0, 0, 0, 0, 0, 0, 0,
    0, 0, 0, 0, 0, 0, 0, 0,
    0, 0, 0, 0, 0, 0, 0, 0,
    0, 0, 0, 0, 0, 0, 0, 0,
    0, 0, 0, 0, 0, 0, 0, 0,
    0, 0, 0, 0, 0, 0, 0, 0,
    0, 0, 0, 0, 0, 0, 0, 0,
    0, 0, 0, 0, 0, 0, 0, 0,
    0, 0, 0, 0, 0, 0, 0, 0,
    0, 0, 0, 0, 0, 0, 0, 0,
    0, 0, 0, 0, 0, 0, 0, 0,
    0, 0, 0, 0, 0, 0, 0, 0,
    0, 0, 0, 0, 0, 0, 0, 0,
    0, 0, 0, 0, 0, 0, 0, 0,
    0, 0, 0, 0, 0, 0, 0, 0,
    0, 0, 0, 0, 0, 0, 0, 0,
    0, 0, 0, 0, 0, 0, 0, 0,
    0, 0, 0
};

/*Map glyph_ids to kern right classes*/
static const uint8_t kern_right_class_mapping[] =
{
    0, 0, 1, 2, 0, 3, 4, 5,
    2, 6, 7, 8, 9, 10, 9, 10,
    11, 12, 13, 14, 15, 16, 17, 12,
    18, 19, 20, 21, 21, 0, 0, 0,
    22, 23, 24, 25, 23, 25, 25, 25,
    23, 25, 25, 26, 25, 25, 25, 25,
    23, 25, 23, 25, 3, 27, 28, 29,
    29, 30, 31, 32, 33, 34, 35, 0,
    36, 0, 37, 38, 39, 39, 39, 0,
    39, 38, 40, 41, 38, 38, 42, 42,
    39, 42, 39, 42, 43, 44, 45, 46,
    46, 47, 46, 48, 0, 0, 35, 9,
    49, 0, 0, 9, 0, 0, 0, 0,
    0, 0, 0, 0, 0, 0, 0, 0,
    0, 0, 0, 0, 0, 0, 0, 0,
    0, 0, 0, 0, 0, 0, 0, 0,
    0, 0, 0, 0, 0, 0, 0, 0,
    0, 0, 0, 0, 0, 0, 0, 0,
    0, 0, 0, 0, 0, 0, 0, 0,
    0, 0, 0, 0, 0, 0, 0, 0,
    0, 0, 0, 0, 0, 0, 0, 0,
    0, 0, 0, 0, 0, 0, 0, 0,
    0, 0, 0, 0, 0, 0, 0, 0,
    0, 0, 0, 0, 0, 0, 0, 0,
    0, 0, 0, 0, 0, 0, 0, 0,
    0, 0, 0, 0, 0, 0, 0, 0,
    0, 0, 0, 0, 0, 0, 0, 0,
    0, 0, 0, 0, 0, 0, 0, 0,
    0, 0, 0, 0, 0, 0, 0, 0,
    0, 0, 0, 0, 0, 0, 0, 0,
    0, 0, 0, 0, 0, 0, 0, 0,
    0, 0, 0, 0, 0, 0, 0, 0,
    0, 0, 0, 0, 0, 0, 0, 0,
    0, 0, 0, 0, 0, 0, 0, 0,
    0, 0, 0, 0, 0, 0, 0, 0,
    0, 0, 0, 0, 0, 0, 0, 0,
    0, 0, 0, 0, 0, 0, 0, 0,
    0, 0, 0, 0, 0, 0, 0, 0,
    0, 0, 0, 0, 0, 0, 0, 0,
    0, 0, 0, 0, 0, 0, 0, 0,
    0, 0, 0, 0, 0, 0, 0, 0,
    0, 0, 0, 0, 0, 0, 0, 0,
    0, 0, 0, 0, 0, 0, 0, 0,
    0, 0, 0, 0, 0, 0, 0, 0,
    0, 0, 0, 0, 0, 0, 0, 0,
    0, 0, 0, 0, 0, 0, 0, 0,
    0, 0, 0, 0, 0, 0, 0, 0,
    0, 0, 0, 0, 0, 0, 0, 0,
    0, 0, 0, 0, 0, 0, 0, 0,
    0, 0, 0, 0, 0, 0, 0, 0,
    0, 0, 0, 0, 0, 0, 0, 0,
    0, 0, 0, 0, 0, 0, 0, 0,
    0, 0, 0, 0, 0, 0, 0, 0,
    0, 0, 0, 0, 0, 0, 0, 0,
    0, 0, 0, 0, 0, 0, 0, 0,
    0, 0, 0, 0, 0, 0, 0, 0,
    0, 0, 0, 0, 0, 0, 0, 0,
    0, 0, 0, 0, 0, 0, 0, 0,
    0, 0, 0, 0, 0, 0, 0, 0,
    0, 0, 0, 0, 0, 0, 0, 0,
    0, 0, 0, 0, 0, 0, 0, 0,
    0, 0, 0
};

/*Kern values between classes*/
static const int8_t kern_class_values[] =
{
    0, 1, 0, 0, 0, 0, 0, 0,
    0, 1, 0, 0, 2, 0, 0, 0,
    0, 2, 0, 0, 0, 0, 0, 0,
    0, 0, 0, 0, 0, 0, 0, 0,
    0, 0, 1, 0, 0, 0, 0, 0,
    0, 0, 0, 0, 0, 0, 0, 0,
    0, 1, 10, 0, 6, -5, 0, 0,
    0, 0, -12, -13, 2, 11, 5, 4,
    -9, 2, 11, 1, 9, 2, 7, 0,
    0, 0, 0, 0, 0, 0, 0, 0,
    0, 0, 13, 2, -2, 0, 0, 0,
    0, 0, 0, 0, 0, 0, 0, 0,
    0, 4, 0, -7, 0, 0, 0, 0,
    0, -4, 4, 4, 0, 0, -2, 0,
    -2, 2, 0, -2, 0, -2, -1, -4,
    0, 0, 0, 0, -2, 0, 0, -3,
    -3, 0, 0, -2, 0, -4, 0, 0,
    0, 0, 0, 0, 0, 0, 0, -2,
    -2, 0, -3, 0, -6, 0, -27, 0,
    0, -4, 0, 4, 7, 0, 0, -4,
    2, 2, 7, 4, -4, 4, 0, 0,
    -13, 0, 0, 0, 0, 0, 0, 0,
    0, 0, 0, 0, -8, 0, 0, 0,
    0, 0, 0, 0, 0, 0, 0, 0,
    0, 0, 0, -6, -3, -11, 0, -9,
    -2, 0, 0, 0, 0, 0, 9, 0,
    -7, -2, -1, 1, 0, -4, 0, 0,
    -2, -17, 0, 0, 0, 0, 0, 0,
    0, 0, 0, 0, 0, -18, -2, 9,
    0, 0, 0, 0, 0, 0, 0, 0,
    0, 0, 0, 0, -9, 0, 0, 0,
    0, 0, 0, 0, 0, 0, 0, 7,
    0, 2, 0, 0, -4, 0, 0, 0,
    0, 0, 0, 0, 0, 0, 0, 0,
    0, 0, 0, 0, 0, 0, 9, 2,
    1, 0, 0, 0, 0, 0, 0, 0,
    0, 0, 0, 0, 0, 0, 0, 0,
    0, 0, 0, 0, 0, 0, 0, 0,
    0, 0, 0, 0, 0, 0, 0, 0,
    0, 0, 0, 0, 0, 0, 0, 0,
    -8, 0, 0, 0, 0, 0, 0, 0,
    0, 0, 0, 0, 0, 0, 0, 0,
    0, 0, 0, 0, 0, 0, 0, 2,
    4, 2, 7, -2, 0, 0, 4, -2,
    -7, -31, 2, 6, 4, 0, -3, 0,
    8, 0, 7, 0, 7, 0, -21, 0,
    -3, 7, 0, 7, -2, 4, 2, 0,
    0, 1, -2, 0, 0, -4, 18, 0,
    18, 0, 7, 0, 9, 3, 4, 7,
    0, 0, 0, -8, 0, 0, 0, 0,
    1, -2, 0, 2, -4, -3, -4, 2,
    0, -2, 0, 0, 0, -9, 0, 0,
    0, 0, 0, 0, 0, 0, 0, 0,
    0, -15, 0, 0, 0, 0, 0, 0,
    0, 0, 0, 0, 0, 0, 0, 0,
    0, 1, -12, 0, -14, 0, 0, 0,
    0, -2, 0, 22, -3, -3, 2, 2,
    -2, 0, -3, 2, 0, 0, -12, 0,
    0, 0, 0, 0, 0, 0, 0, 0,
    0, 0, -22, 0, 2, 0, 0, 0,
    0, 0, 0, 0, 0, 0, 0, 0,
    0, -14, 0, 13, 0, 0, -8, 0,
    7, 0, -15, -22, -15, -4, 7, 0,
    0, -15, 0, 3, -5, 0, -3, 0,
    0, 0, 0, 0, 0, 0, 0, 0,
    0, 0, 0, 6, 7, -27, 0, 0,
    0, 0, 0, 0, 0, 0, 0, 0,
    0, 0, 11, 0, 2, 0, 0, 0,
    0, 0, 2, 2, -3, -4, 0, -1,
    -1, -2, 0, 0, -2, 0, 0, 0,
    -4, 0, -2, 0, -5, -4, 0, -6,
    -7, -7, -4, 0, -4, 0, -4, 0,
    0, 0, 0, -2, 0, 0, 2, 0,
    2, -2, 0, 1, 0, 0, 0, 2,
    -2, 0, 0, 0, -2, 2, 2, -1,
    0, 0, 0, -4, 0, -1, 0, 0,
    0, 0, 0, 1, 0, 3, -2, 0,
    -3, 0, -4, 0, 0, -2, 0, 7,
    0, 0, -2, 0, 0, 0, 0, 0,
    -1, 1, -2, -2, 0, 0, -2, 0,
    -2, 0, 0, 0, 0, 0, 0, 0,
    0, 0, -1, -1, 0, -2, -3, 0,
    0, 0, 0, 0, 1, 0, 0, -2,
    0, -2, -2, -2, 0, 0, 0, 0,
    0, 0, 0, 0, 0, -1, 0, 0,
    0, 0, -2, -3, 0, -3, 0, -7,
    -2, -7, 4, 0, 0, -4, 2, 4,
    6, 0, -6, -1, -3, 0, -1, -11,
    2, -2, 2, -12, 2, 0, 0, 1,
    -12, 0, -12, -2, -19, -2, 0, -11,
    0, 4, 6, 0, 3, 0, 0, 0,
    0, 0, 0, -4, -3, 0, -7, 0,
    0, 0, -2, 0, 0, 0, -2, 0,
    0, 0, 0, 0, -1, -1, 0, -1,
    -3, 0, 0, 0, 0, 0, 0, 0,
    -2, -2, 0, -2, -3, -2, 0, 0,
    -2, 0, 0, 0, 0, 0, 0, 0,
    0, 0, 0, 0, -2, -2, 0, -3,
    0, -2, 0, -4, 2, 0, 0, -3,
    1, 2, 2, 0, 0, 0, 0, 0,
    0, -2, 0, 0, 0, 0, 0, 2,
    0, 0, -2, 0, -2, -2, -3, 0,
    0, 0, 0, 0, 0, 0, 2, 0,
    -2, 0, 0, 0, 0, -2, -3, 0,
    -4, 0, 7, -2, 1, -7, 0, 0,
    6, -11, -12, -9, -4, 2, 0, -2,
    -15, -4, 0, -4, 0, -4, 3, -4,
    -14, 0, -6, 0, 0, 1, -1, 2,
    -2, 0, 2, 0, -7, -9, 0, -11,
    -5, -5, -5, -7, -3, -6, 0, -4,
    -6, 1, 0, 1, 0, -2, 0, 0,
    0, 2, 0, 2, 0, 0, 0, 0,
    0, 0, 0, 0, 0, 0, 0, -2,
    0, -1, 0, -1, -2, 0, -4, -5,
    -5, -1, 0, -7, 0, 0, 0, 0,
    0, 0, -2, 0, 0, 0, 0, 1,
    -1, 0, 0, 0, 2, 0, 0, 0,
    0, 0, 0, 0, 0, 11, 0, 0,
    0, 0, 0, 0, 2, 0, 0, 0,
    -2, 0, 0, 0, 0, 0, 0, 0,
    0, 0, 0, 0, -4, 0, 2, 0,
    0, 0, 0, 0, 0, 0, 0, 0,
    0, 0, 0, 0, -2, 0, 0, 0,
    -4, 0, 0, 0, 0, -11, -7, 0,
    0, 0, -3, -11, 0, 0, -2, 2,
    0, -6, 0, 0, 0, 0, 0, 0,
    0, 0, 0, 0, -4, 0, 0, -4,
    0, 0, 0, 0, 0, 0, 0, 0,
    0, 0, 0, 0, 2, 0, -4, 0,
    0, 0, 0, 3, 0, 2, -4, -4,
    0, -2, -2, -3, 0, 0, 0, 0,
    0, 0, -7, 0, -2, 0, -3, -2,
    0, -5, -6, -7, -2, 0, -4, 0,
    -7, 0, 0, 0, 0, 18, 0, 0,
    1, 0, 0, -3, 0, 2, 0, -10,
    0, 0, 0, 0, 0, -21, -4, 7,
    7, -2, -9, 0, 2, -3, 0, -11,
    -1, -3, 2, -16, -2, 3, 0, 3,
    -8, -3, -8, -7, -9, 0, 0, -13,
    0, 13, 0, 0, -1, 0, 0, 0,
    -1, -1, -2, -6, -7, 0, -21, 0,
    0, 0, 0, 0, 0, 0, 0, 0,
    1, 0, 0, 0, 0, 0, 0, 0,
    0, 0, 0, 0, 0, 0, 0, 0,
    0, -2, 0, -1, -2, -3, 0, 0,
    -4, 0, -2, 0, 0, 0, 0, 0,
    0, 0, 0, 0, 0, 0, 0, 0,
    0, 0, -1, 0, -4, 0, 0, 4,
    -1, 3, 0, -5, 2, -2, -1, -6,
    -2, 0, -3, -2, -2, 0, -3, -4,
    0, 0, -2, -1, -2, -4, -3, 0,
    0, -2, 0, 2, -2, 0, -5, 0,
    0, 0, -4, 0, -4, 0, -4, -4,
    2, 0, 0, 0, 0, 0, 0, 0,
    0, -4, 2, 0, -3, 0, -2, -3,
    -7, -2, -2, -2, -1, -2, -3, -1,
    0, 0, 0, 0, 0, -2, -2, -2,
    0, 0, 0, 0, 3, -2, 0, -2,
    0, 0, 0, -2, -3, -2, -2, -3,
    -2, 0, 2, 9, -1, 0, -6, 0,
    -2, 4, 0, -2, -9, -3, 3, 0,
    0, -11, -4, 2, -4, 2, 0, -2,
    -2, -7, 0, -3, 1, 0, 0, -4,
    0, 0, 0, 2, 2, -4, -4, 0,
    -4, -2, -3, -2, -2, 0, -4, 1,
    -4, -4, 7, 0, 0, 0, 0, 0,
    0, 0, 0, 0, 2, 0, 0, 0,
    0, 0, 0, 0, 0, 0, 0, 0,
    0, 0, 0, 0, 0, 0, 0, 0,
    0, 0, 0, 0, -4, 0, 0, 0,
    0, 0, 0, 0, 0, 0, 0, 0,
    0, 0, 0, 0, 0, 0, 0, 0,
    0, 0, 0, 0, 0, 0, 0, 0,
    0, 0, 0, 0, 0, 0, 0, 0,
    0, 0, 0, 0, 0, 0, 0, 0,
    -2, 0, 0, 0, 0, 0, 0, 0,
    0, 0, 0, 0, 0, 0, 0, 0,
    0, 0, 0, 0, 0, 0, 0, 0,
    0, 0, 0, 0, 0, 0, -2, -2,
    0, 0, 0, 0, 0, 0, 0, 0,
    0, 0, 0, 0, -3, 0, 0, -3,
    0, 0, -2, -2, 0, 0, 0, 0,
    -2, 0, 0, 0, 0, -1, 0, 0,
    0, 0, 0, -2, 0, 0, 0, 0,
    -3, 0, -4, 0, 0, 0, -7, 0,
    2, -5, 4, 0, -2, -11, 0, 0,
    -5, -2, 0, -9, -6, -6, 0, 0,
    -10, -2, -9, -9, -11, 0, -6, 0,
    2, 15, -3, 0, -5, -2, -1, -2,
    -4, -6, -4, -8, -9, -5, -2, 0,
    0, -2, 0, 1, 0, 0, -16, -2,
    7, 5, -5, -8, 0, 1, -7, 0,
    -11, -2, -2, 4, -21, -3, 1, 0,
    0, -15, -3, -12, -2, -16, 0, 0,
    -16, 0, 13, 1, 0, -2, 0, 0,
    0, 0, -1, -2, -9, -2, 0, -15,
    0, 0, 0, 0, -7, 0, -2, 0,
    -1, -6, -11, 0, 0, -1, -3, -7,
    -2, 0, -2, 0, 0, 0, 0, -10,
    -2, -7, -7, -2, -4, -6, -2, -4,
    0, -4, -2, -7, -3, 0, -3, -4,
    -2, -4, 0, 1, 0, -2, -7, 0,
    4, 0, -4, 0, 0, 0, 0, 3,
    0, 2, -4, 9, 0, -2, -2, -3,
    0, 0, 0, 0, 0, 0, -7, 0,
    -2, 0, -3, -2, 0, -5, -6, -7,
    -2, 0, -4, 2, 9, 0, 0, 0,
    0, 18, 0, 0, 1, 0, 0, -3,
    0, 2, 0, 0, 0, 0, 0, 0,
    0, 0, 0, 0, 0, 0, 0, 0,
    -2, -4, 0, 0, 0, 0, 0, -1,
    0, 0, 0, -2, -2, 0, 0, -4,
    -2, 0, 0, -4, 0, 4, -1, 0,
    0, 0, 0, 0, 0, 1, 0, 0,
    0, 0, 3, 4, 2, -2, 0, -7,
    -4, 0, 7, -7, -7, -4, -4, 9,
    4, 2, -19, -2, 4, -2, 0, -2,
    2, -2, -8, 0, -2, 2, -3, -2,
    -7, -2, 0, 0, 7, 4, 0, -6,
    0, -12, -3, 6, -3, -9, 1, -3,
    -7, -7, -2, 9, 2, 0, -3, 0,
    -6, 0, 2, 7, -5, -8, -9, -6,
    7, 0, 1, -16, -2, 2, -4, -2,
    -5, 0, -5, -8, -3, -3, -2, 0,
    0, -5, -5, -2, 0, 7, 5, -2,
    -12, 0, -12, -3, 0, -8, -13, -1,
    -7, -4, -7, -6, 6, 0, 0, -3,
    0, -4, -2, 0, -2, -4, 0, 4,
    -7, 2, 0, 0, -12, 0, -2, -5,
    -4, -2, -7, -6, -7, -5, 0, -7,
    -2, -5, -4, -7, -2, 0, 0, 1,
    11, -4, 0, -7, -2, 0, -2, -4,
    -5, -6, -6, -9, -3, -4, 4, 0,
    -3, 0, -11, -3, 1, 4, -7, -8,
    -4, -7, 7, -2, 1, -21, -4, 4,
    -5, -4, -8, 0, -7, -9, -3, -2,
    -2, -2, -5, -7, -1, 0, 0, 7,
    6, -2, -15, 0, -13, -5, 5, -9,
    -15, -4, -8, -9, -11, -7, 4, 0,
    0, 0, 0, -3, 0, 0, 2, -3,
    4, 2, -4, 4, 0, 0, -7, -1,
    0, -1, 0, 1, 1, -2, 0, 0,
    0, 0, 0, 0, -2, 0, 0, 0,
    0, 2, 7, 0, 0, -3, 0, 0,
    0, 0, -2, -2, -3, 0, 0, 0,
    1, 2, 0, 0, 0, 0, 2, 0,
    -2, 0, 9, 0, 4, 1, 1, -3,
    0, 4, 0, 0, 0, 2, 0, 0,
    0, 0, 0, 0, 0, 0, 0, 0,
    0, 7, 0, 6, 0, 0, 0, 0,
    0, 0, 0, 0, 0, 0, 0, 0,
    0, 0, -13, 0, -2, 4, 0, 7,
    0, 0, 22, 3, -4, -4, 2, 2,
    -2, 1, -11, 0, 0, 11, -13, 0,
    0, 0, 0, 0, 0, 0, 0, 0,
    0, 0, -15, 9, 31, 0, 0, 0,
    0, 0, 0, 0, 0, 0, 0, 0,
    0, -13, 0, 0, 0, 0, 0, 0,
    0, 0, 0, 0, 0, 0, 0, 0,
    0, 0, 0, 0, 0, 0, 0, 0,
    0, 0, 0, 0, -4, 0, 0, -4,
    -2, 0, 0, 0, 0, 0, 0, 0,
    0, 0, 0, 0, 0, 0, 0, 0,
    0, 0, 0, 0, -2, 0, -6, 0,
    0, 1, 0, 0, 2, 29, -4, -2,
    7, 6, -6, 2, 0, 0, 2, 2,
    -3, 0, 0, 0, 0, 0, 0, 0,
    0, 0, 0, 0, -29, 6, 0, 0,
    0, 0, 0, 0, 0, 0, 0, 0,
    0, 0, 0, 0, 0, 0, 0, -6,
    0, 0, 0, -6, 0, 0, 0, 0,
    -5, -1, 0, 0, 0, -5, 0, -3,
    0, -11, 0, 0, 0, 0, 0, 0,
    0, 0, 0, 0, 0, -15, 0, 0,
    0, 0, 1, 0, 0, 0, 0, 0,
    0, -2, 0, 0, -4, 0, -3, 0,
    -6, 0, 0, 0, -4, 2, -3, 0,
    0, -6, -2, -5, 0, 0, -6, 0,
    -2, 0, -11, 0, -2, 0, 0, -18,
    -4, -9, -2, -8, 0, 0, -15, 0,
    -6, -1, 0, 0, 0, 0, 0, 0,
    0, 0, -3, -4, -2, -4, 0, 0,
    0, 0, -5, 0, -5, 3, -2, 4,
    0, -2, -5, -2, -4, -4, 0, -3,
    -1, -2, 2, -6, -1, 0, 0, 0,
    -20, -2, -3, 0, -5, 0, -2, -11,
    -2, 0, 0, -2, -2, 0, 0, 0,
    0, 2, 0, -2, -4, -2, 4, 0,
    0, 0, 0, 0, 0, 0, 0, 0,
    0, 0, 0, 0, 0, 0, 0, 0,
    0, 0, 0, 0, 0, 0, 0, 0,
    0, 0, 0, 0, 0, 0, 0, 0,
    0, 0, 0, 0, 0, 0, 0, 0,
    0, 0, 3, 0, 0, 0, 0, 0,
    0, -5, 0, -2, 0, 0, 0, -4,
    2, 0, 0, 0, -6, -2, -4, 0,
    0, -6, 0, -2, 0, -11, 0, 0,
    0, 0, -22, 0, -4, -8, -11, 0,
    0, -15, 0, -2, -3, 0, 0, 0,
    0, 0, 0, 0, 0, -2, -3, -1,
    -3, 1, 0, 0, 4, -3, 0, 7,
    11, -2, -2, -7, 3, 11, 4, 5,
    -6, 3, 9, 3, 6, 5, 6, 0,
    0, 0, 0, 0, 0, 0, 0, 0,
    0, 0, 14, 11, -4, -2, 0, -2,
    18, 10, 18, 0, 0, 0, 2, 0,
    0, 8, 0, 0, -4, 0, 0, 0,
    0, 0, 0, 0, 0, 0, -2, 0,
    0, 0, 0, 0, 0, 0, 0, 3,
    0, 0, 0, 0, -19, -3, -2, -9,
    -11, 0, 0, -15, 0, 0, 0, 0,
    0, 0, 0, 0, 0, 0, 0, 0,
    0, 0, 0, 0, 0, -4, 0, 0,
    0, 0, 0, 0, 0, 0, 0, -2,
    0, 0, 0, 0, 0, 0, 0, 0,
    3, 0, 0, 0, 0, -19, -3, -2,
    -9, -11, 0, 0, -9, 0, 0, 0,
    0, 0, 0, 0, 0, 0, 0, 0,
    0, 0, 0, 0, 0, 0, 0, 0,
    -2, 0, 0, 0, -5, 2, 0, -2,
    2, 4, 2, -7, 0, 0, -2, 2,
    0, 2, 0, 0, 0, 0, -6, 0,
    -2, -2, -4, 0, -2, -9, 0, 14,
    -2, 0, -5, -2, 0, -2, -4, 0,
    -2, -6, -4, -3, 0, 0, 0, -4,
    0, 0, 0, 0, 0, 0, 0, 0,
    0, -2, 0, 0, 0, 0, 0, 0,
    0, 0, 3, 0, 0, 0, 0, -19,
    -3, -2, -9, -11, 0, 0, -15, 0,
    0, 0, 0, 0, 0, 11, 0, 0,
    0, 0, 0, 0, 0, 0, 0, 0,
    -4, 0, -7, -3, -2, 7, -2, -2,
    -9, 1, -1, 1, -2, -6, 0, 5,
    0, 2, 1, 2, -5, -9, -3, 0,
    -9, -4, -6, -9, -9, 0, -4, -4,
    -3, -3, -2, -2, -3, -2, 0, -2,
    -1, 3, 0, 3, -2, 0, 7, 0,
    0, 0, 0, 0, 0, 0, 0, 0,
    0, 0, 0, -2, -2, -2, 0, 0,
    -6, 0, -1, 0, -4, 0, 0, 0,
    0, 0, 0, 0, 0, 0, 0, 0,
    -13, 0, 0, 0, 0, 0, 0, 0,
    0, 0, 0, 0, -2, -2, 0, -3,
    0, 0, 0, 0, -2, 0, 0, -4,
    -2, 2, 0, -4, -4, -2, 0, -6,
    -2, -5, -2, -3, 0, -4, 0, 0,
    0, 0, 0, 0, 0, 0, 0, 0,
    0, -15, 0, 7, 0, 0, -4, 0,
    0, 0, 0, -3, 0, -2, 0, 0,
    -1, 0, 0, -2, 0, -5, 0, 0,
    9, -3, -7, -7, 2, 2, 2, 0,
    -6, 2, 3, 2, 7, 2, 7, -2,
    -6, 0, 0, -9, 0, 0, -7, -6,
    0, 0, -4, 0, -3, -4, 0, -3,
    0, -3, 0, -2, 3, 0, -2, -7,
    -2, 8, 0, 0, -2, 0, -4, 0,
    0, 3, -5, 0, 2, -2, 2, 0,
    0, -7, 0, -2, -1, 0, -2, 2,
    -2, 0, 0, 0, -9, -3, -5, 0,
    -7, 0, 0, -11, 0, 8, -2, 0,
    -4, 0, 1, 0, -2, 0, -2, -7,
    0, -2, 2, 0, 0, 0, 0, -2,
    0, 0, 2, -3, 1, 0, 0, -3,
    -2, 0, -3, 0, 0, 0, 0, 0,
    0, 0, 0, 0, 0, 0, 0, 0,
    0, 0, 0, 0, -14, 0, 5, 0,
    0, -2, 0, 0, 0, 0, 0, 0,
    -2, -2, 0, 0, 0, 4, 0, 5,
    0, 0, 0, 0, 0, -14, -13, 1,
    10, 7, 4, -9, 2, 9, 0, 8,
    0, 4, 0, 0, 0, 0, 0, 0,
    0, 0, 0, 0, 0, 12, 0, 0,
    0, 0, 0, 0, 0, 0, 0, 0,
    0, 0, 0, 0, 0
};


/*Collect the kern class' data in one place*/
static const lv_font_fmt_txt_kern_classes_t kern_classes =
{
    .class_pair_values   = kern_class_values,
    .left_class_mapping  = kern_left_class_mapping,
    .right_class_mapping = kern_right_class_mapping,
    .left_class_cnt      = 61,
    .right_class_cnt     = 49,
};

/*--------------------
 *  ALL CUSTOM DATA
 *--------------------*/

#if LVGL_VERSION_MAJOR == 8
/*Store all the custom data of the font*/
static  lv_font_fmt_txt_glyph_cache_t cache;
#endif

#if LVGL_VERSION_MAJOR >= 8
static const lv_font_fmt_txt_dsc_t font_dsc = {
#else
static lv_font_fmt_txt_dsc_t font_dsc = {
#endif
    .glyph_bitmap = glyph_bitmap,
    .glyph_dsc = glyph_dsc,
    .cmaps = cmaps,
    .kern_dsc = &kern_classes,
    .kern_scale = 16,
    .cmap_num = 2,
    .bpp = 4,
    .kern_classes = 1,
    .bitmap_format = 0,
#if LVGL_VERSION_MAJOR == 8
    .cache = &cache
#endif
};



/*-----------------
 *  PUBLIC FONT
 *----------------*/

/*Initialize a public general font descriptor*/
#if LVGL_VERSION_MAJOR >= 8
const lv_font_t pw_font_14 = {
#else
lv_font_t pw_font_14 = {
#endif
    .get_glyph_dsc = lv_font_get_glyph_dsc_fmt_txt,    /*Function pointer to get glyph's data*/
    .get_glyph_bitmap = lv_font_get_bitmap_fmt_txt,    /*Function pointer to get glyph's bitmap*/
    .line_height = 16,          /*The maximum line height required by the font*/
    .base_line = 3,             /*Baseline measured from the bottom of the line*/
#if !(LVGL_VERSION_MAJOR == 6 && LVGL_VERSION_MINOR == 0)
    .subpx = LV_FONT_SUBPX_NONE,
#endif
#if LV_VERSION_CHECK(7, 4, 0) || LVGL_VERSION_MAJOR >= 8
    .underline_position = -1,
    .underline_thickness = 1,
#endif
    .dsc = &font_dsc,          /*The custom font data. Will be accessed by `get_glyph_bitmap/dsc` */
#if LV_VERSION_CHECK(8, 2, 0) || LVGL_VERSION_MAJOR >= 9
    .fallback = NULL,
#endif
    .user_data = NULL,
};



#endif /*#if PW_FONT_14*/

