/*******************************************************************************
 * Size: 24 px
 * Bpp: 4
 * Opts: --no-compress --no-prefilter --bpp 4 --size 24 --font /home/xpqh/openvela/apps/graphics/lvgl/lvgl/scripts/built_in_font/Montserrat-Medium.ttf -r 0x20-0x7F,0xB0,0xB2,0x2014,0x2022 --font /usr/share/fonts/truetype/droid/DroidSansFallbackFull.ttf -r 0x3001-0x3002,0x300C-0x300D,0x4E00,0x4E0A-0x4E0B,0x4E0D-0x4E0E,0x4E13,0x4E24,0x4E2A,0x4E2D,0x4E3A-0x4E3B,0x4E48-0x4E49,0x4E4B,0x4E58,0x4E86,0x4E8B-0x4E8C,0x4E8E,0x4E9B,0x4EAE,0x4EC0,0x4ECD-0x4ECE,0x4EE3,0x4EE5,0x4EEA,0x4EF6,0x4F1A,0x4F20,0x4F3C,0x4F4D-0x4F4F,0x4F55,0x4F5C,0x4F60,0x4F7F,0x4F8B,0x4F9D,0x4FA7,0x4FDD,0x4FE1,0x503C,0x503E,0x504F,0x505A,0x505C,0x5148-0x5149,0x514B,0x5165,0x5168,0x516C,0x5171,0x5173,0x5177,0x5185,0x518D,0x5199,0x51B2,0x51C6,0x51CF,0x51ED,0x51FA,0x5206-0x5207,0x5212,0x5217,0x521D,0x5224,0x5229,0x522B,0x5230,0x524D,0x529B,0x52A0,0x52A8-0x52A9,0x52D2,0x5316,0x5339-0x533A,0x5347,0x534A,0x5355,0x5360-0x5361,0x5373,0x5386,0x539F,0x53BB,0x53C2,0x53CA,0x53CD,0x53D1,0x53D6,0x53D8,0x53E3,0x53E5-0x53E6,0x53EA,0x53ED,0x53EF-0x53F0,0x53F2,0x53F7,0x5408,0x540C-0x540E,0x5411,0x5426,0x542B,0x542F,0x5439,0x544A,0x5468,0x548C,0x54CD,0x54E8,0x54EA,0x54FC,0x5531,0x5587,0x5668,0x566A,0x56DE,0x56E0,0x56F4,0x56FA,0x56FE,0x5706,0x5708,0x5728,0x5730,0x573A,0x5747,0x574A,0x5757,0x5761,0x5782,0x578B,0x57FA,0x586B,0x5883,0x589E,0x58F0,0x5904,0x590D,0x5916,0x591A,0x591F,0x5927,0x5929-0x592A,0x5931,0x5939,0x5982,0x59CB,0x59FF,0x5B50,0x5B57-0x5B58,0x5B66,0x5B83,0x5B9A,0x5B9E,0x5BA4,0x5BDF,0x5BF9,0x5C06,0x5C0F,0x5C31,0x5C3A,0x5C40,0x5C4F,0x5C5E,0x5CF0,0x5DE1,0x5DE5,0x5DEE,0x5DF1-0x5DF2,0x5E26,0x5E2E,0x5E38,0x5E45,0x5E55,0x5E72-0x5E73,0x5E76,0x5E8F,0x5E94,0x5EA6,0x5EFA,0x5F00,0x5F02,0x5F0F,0x5F26,0x5F31,0x5F39-0x5F3A,0x5F52-0x5F53,0x5F62,0x5F84-0x5F85,0x5F8B,0x5F97,0x5FAE,0x5FC3,0x5FC5-0x5FC6,0x5FEB,0x6000-0x6001,0x601D,0x6027,0x603B,0x6052,0x6062,0x606F,0x60AC,0x60F3,0x610F,0x611F,0x6162,0x6210-0x6211,0x6216,0x6234,0x6237,0x623F,0x624B,0x624D,0x6253,0x6263,0x626B-0x626C,0x627E-0x627F,0x628A,0x629B,0x62C9,0x62CD,0x62D6,0x62DF,0x62E9,0x62FF,0x6301-0x6302,0x6307,0x6309,0x632F,0x6362,0x636E,0x638C,0x6392,0x63A5,0x63A8,0x63CF-0x63D0,0x6446,0x64AD,0x6536,0x6539,0x653E,0x6548,0x6559,0x6563,0x656C,0x6570,0x6572,0x6587,0x659C,0x65AD,0x65B0,0x65B9,0x65CB,0x65E0,0x65F6,0x660E,0x662F,0x663E,0x6643,0x666E-0x666F,0x6697,0x66F4,0x6700,0x6709,0x671B,0x671D,0x671F,0x672A,0x672C,0x673A,0x6761,0x6765,0x677E-0x677F,0x6784,0x6790,0x679C,0x67D0,0x6807,0x6821,0x6837,0x6839,0x683C,0x684C,0x68C0,0x6A21,0x6A59,0x6A61,0x6B21,0x6B3E,0x6B62-0x6B66,0x6BB5,0x6BCF,0x6BD4,0x6C34,0x6C42,0x6CA1,0x6CBF,0x6CD5,0x6CE2,0x6CE8,0x6D3B,0x6D41,0x6D4B,0x6D88,0x6E05,0x6E90,0x6ED1,0x6EE1,0x6F02,0x6F0F,0x6F14,0x70B9,0x7136,0x7167,0x7247,0x7269,0x72B6,0x7387,0x73AF-0x73B0,0x7403,0x7406,0x751F,0x7528,0x7531,0x7535,0x753B,0x754C,0x7591,0x767D,0x7684,0x76AE,0x76D8,0x76EE-0x76EF,0x76F4,0x76F8,0x770B,0x771F,0x7740,0x77AC,0x77E5,0x786E,0x78C1,0x793A,0x79BB,0x79CD,0x79D2,0x79FB,0x7A0B,0x7A0D,0x7A33,0x7A97,0x7ACB,0x7AD6,0x7AEF,0x7B26,0x7B2C,0x7B49,0x7B4B,0x7B54,0x7B97,0x7C27,0x7C7B,0x7CBE,0x7CCA,0x7CFB,0x7E41,0x7EA2,0x7EA6-0x7EA7,0x7EAF,0x7EBF,0x7EC3,0x7ED1,0x7ED3,0x7ED5,0x7ED9,0x7EDC,0x7EDF,0x7EE7,0x7EEA,0x7EED,0x7EFF,0x7F16,0x7F29,0x7F51,0x7F6E,0x80CC,0x80FD,0x8155,0x81C2,0x81EA,0x81F4,0x822C,0x8272,0x8282,0x82E5,0x82F1,0x8303,0x8361,0x83DC,0x843D,0x8702,0x87BA,0x8865,0x8868,0x88AB,0x88C5,0x8981,0x89C1-0x89C2,0x89C4,0x89C6,0x89D2,0x89E3,0x89E6,0x8A00,0x8BA1,0x8BA4,0x8BA9,0x8BAE,0x8BB0,0x8BBA,0x8BBE,0x8BC1,0x8BC9,0x8BD5,0x8BDD,0x8BE5,0x8BED,0x8BEF,0x8BF4,0x8BF7,0x8BFA-0x8BFB,0x8C03,0x8C31,0x8D25-0x8D26,0x8D28,0x8D34,0x8D77,0x8D85,0x8DB3,0x8DD1,0x8DDD,0x8DEF,0x8DF3,0x8E2A,0x8F68,0x8F6C,0x8F6E,0x8F74,0x8F7B,0x8F83,0x8F93,0x8FA8,0x8FB9,0x8FC7,0x8FD0-0x8FD1,0x8FD4,0x8FD8-0x8FD9,0x8FDB,0x8FDE,0x8FF0,0x8FF9,0x8FFD,0x9002,0x9009,0x9014,0x901A,0x901F-0x9020,0x906E,0x90E8,0x914D,0x91C7,0x91CA,0x91CC-0x91CD,0x91CF,0x94AE,0x94C1,0x9501,0x9519,0x952E,0x957F,0x95E8,0x95EE,0x95F4,0x9608,0x961F,0x9640,0x9644,0x964D,0x9664,0x968F,0x96C6,0x96F6,0x9700,0x9759,0x975E,0x9760,0x9762,0x97F3,0x9875-0x9876,0x9879-0x987B,0x9891,0x989C,0x98CE,0x9996,0x9A71,0x9A7B,0x9A8C,0x9AD8,0x9E23,0x9EA6,0x9ED8,0x9F13,0x9F50,0xFF01,0xFF08-0xFF09,0xFF0C,0xFF1A-0xFF1B --format lvgl -o /tmp/tmp.To9VCOGtuF/pw_font_24.c --force-fast-kern-format
 ******************************************************************************/

#ifdef LV_LVGL_H_INCLUDE_SIMPLE
#include "lvgl.h"
#else
#include "lvgl/lvgl.h"
#endif

#ifndef PW_FONT_24
#define PW_FONT_24 1
#endif

#if PW_FONT_24

/*-----------------
 *    BITMAPS
 *----------------*/

/*Store the image of the glyphs*/
static LV_ATTRIBUTE_LARGE_CONST const uint8_t glyph_bitmap[] = {
    /* U+0020 " " */

    /* U+0021 "!" */
    0x1f, 0xf8, 0x1f, 0xf8, 0xf, 0xf7, 0xf, 0xf7,
    0xf, 0xf6, 0xe, 0xf5, 0xe, 0xf5, 0xd, 0xf4,
    0xd, 0xf3, 0xc, 0xf3, 0xb, 0xf2, 0x7, 0xa1,
    0x0, 0x0, 0x0, 0x0, 0x1d, 0xf6, 0x4f, 0xfb,
    0xc, 0xe5,

    /* U+0022 "\"" */
    0x7f, 0x80, 0x2f, 0xd7, 0xf7, 0x1, 0xfd, 0x6f,
    0x70, 0x1f, 0xc6, 0xf7, 0x1, 0xfc, 0x6f, 0x60,
    0xf, 0xc5, 0xf6, 0x0, 0xfb, 0x38, 0x30, 0x8,
    0x60,

    /* U+0023 "#" */
    0x0, 0x0, 0x8, 0xf2, 0x0, 0x5, 0xf5, 0x0,
    0x0, 0x0, 0x0, 0xbf, 0x0, 0x0, 0x7f, 0x30,
    0x0, 0x0, 0x0, 0xd, 0xe0, 0x0, 0x9, 0xf1,
    0x0, 0x0, 0x0, 0x0, 0xfc, 0x0, 0x0, 0xbf,
    0x0, 0x0, 0x9, 0xff, 0xff, 0xff, 0xff, 0xff,
    0xff, 0xff, 0x30, 0x7c, 0xcd, 0xfe, 0xcc, 0xcc,
    0xfe, 0xcc, 0xc2, 0x0, 0x0, 0x4f, 0x60, 0x0,
    0x1f, 0x90, 0x0, 0x0, 0x0, 0x6, 0xf4, 0x0,
    0x3, 0xf8, 0x0, 0x0, 0x0, 0x0, 0x8f, 0x20,
    0x0, 0x4f, 0x60, 0x0, 0x0, 0x0, 0xa, 0xf0,
    0x0, 0x6, 0xf4, 0x0, 0x0, 0x0, 0x0, 0xce,
    0x0, 0x0, 0x8f, 0x20, 0x0, 0x5, 0xff, 0xff,
    0xff, 0xff, 0xff, 0xff, 0xff, 0x70, 0x4c, 0xcc,
    0xfe, 0xcc, 0xcc, 0xff, 0xcc, 0xc5, 0x0, 0x0,
    0x2f, 0x90, 0x0, 0xe, 0xd0, 0x0, 0x0, 0x0,
    0x4, 0xf7, 0x0, 0x0, 0xfb, 0x0, 0x0, 0x0,
    0x0, 0x6f, 0x50, 0x0, 0x2f, 0x90, 0x0, 0x0,
    0x0, 0x8, 0xf3, 0x0, 0x4, 0xf7, 0x0, 0x0,
    0x0,

    /* U+0024 "$" */
    0x0, 0x0, 0x0, 0x3f, 0x50, 0x0, 0x0, 0x0,
    0x0, 0x0, 0x3f, 0x50, 0x0, 0x0, 0x0, 0x0,
    0x0, 0x3f, 0x50, 0x0, 0x0, 0x0, 0x1, 0x7c,
    0xff, 0xfe, 0xb6, 0x0, 0x0, 0x3e, 0xff, 0xff,
    0xff, 0xff, 0xe1, 0x1, 0xef, 0xe6, 0x5f, 0x73,
    0x7d, 0xc0, 0x6, 0xff, 0x20, 0x3f, 0x50, 0x0,
    0x20, 0x9, 0xfc, 0x0, 0x3f, 0x50, 0x0, 0x0,
    0x8, 0xfe, 0x0, 0x3f, 0x50, 0x0, 0x0, 0x3,
    0xff, 0xc3, 0x3f, 0x50, 0x0, 0x0, 0x0, 0x8f,
    0xff, 0xef, 0x91, 0x0, 0x0, 0x0, 0x4, 0xcf,
    0xff, 0xff, 0xc5, 0x0, 0x0, 0x0, 0x1, 0x7f,
    0xff, 0xff, 0xb0, 0x0, 0x0, 0x0, 0x3f, 0x53,
    0xbf, 0xf7, 0x0, 0x0, 0x0, 0x3f, 0x50, 0xb,
    0xfc, 0x0, 0x0, 0x0, 0x3f, 0x50, 0x7, 0xfe,
    0x5, 0x70, 0x0, 0x3f, 0x50, 0xc, 0xfb, 0xc,
    0xfd, 0x73, 0x4f, 0x64, 0xbf, 0xf4, 0x5, 0xef,
    0xff, 0xff, 0xff, 0xff, 0x70, 0x0, 0x6, 0xbe,
    0xff, 0xfe, 0x93, 0x0, 0x0, 0x0, 0x0, 0x3f,
    0x50, 0x0, 0x0, 0x0, 0x0, 0x0, 0x3f, 0x50,
    0x0, 0x0, 0x0, 0x0, 0x0, 0x3f, 0x50, 0x0,
    0x0,

    /* U+0025 "%" */
    0x0, 0x3c, 0xfe, 0x90, 0x0, 0x0, 0x0, 0x6f,
    0x70, 0x0, 0x3, 0xfd, 0x78, 0xfb, 0x0, 0x0,
    0x2, 0xfc, 0x0, 0x0, 0xb, 0xe1, 0x0, 0x6f,
    0x40, 0x0, 0xc, 0xf2, 0x0, 0x0, 0xf, 0x90,
    0x0, 0xf, 0x90, 0x0, 0x7f, 0x60, 0x0, 0x0,
    0x1f, 0x70, 0x0, 0xe, 0xa0, 0x2, 0xfb, 0x0,
    0x0, 0x0, 0xf, 0x80, 0x0, 0xf, 0x90, 0xc,
    0xf1, 0x0, 0x0, 0x0, 0xd, 0xd0, 0x0, 0x3f,
    0x60, 0x7f, 0x60, 0x0, 0x0, 0x0, 0x5, 0xf9,
    0x24, 0xde, 0x2, 0xfb, 0x0, 0x1, 0x0, 0x0,
    0x0, 0x7f, 0xff, 0xd3, 0xc, 0xe1, 0x8, 0xff,
    0xe7, 0x0, 0x0, 0x1, 0x43, 0x0, 0x7f, 0x50,
    0x9f, 0x85, 0xaf, 0x70, 0x0, 0x0, 0x0, 0x2,
    0xfa, 0x2, 0xf8, 0x0, 0xb, 0xf0, 0x0, 0x0,
    0x0, 0xd, 0xe1, 0x5, 0xf3, 0x0, 0x5, 0xf4,
    0x0, 0x0, 0x0, 0x8f, 0x50, 0x6, 0xf1, 0x0,
    0x3, 0xf5, 0x0, 0x0, 0x3, 0xfa, 0x0, 0x5,
    0xf3, 0x0, 0x5, 0xf3, 0x0, 0x0, 0xd, 0xe1,
    0x0, 0x1, 0xf8, 0x0, 0xa, 0xe0, 0x0, 0x0,
    0x8f, 0x40, 0x0, 0x0, 0x8f, 0x84, 0x9f, 0x60,
    0x0, 0x3, 0xfa, 0x0, 0x0, 0x0, 0x7, 0xdf,
    0xd6, 0x0,

    /* U+0026 "&" */
    0x0, 0x1, 0x9e, 0xfe, 0xa2, 0x0, 0x0, 0x0,
    0x0, 0x2e, 0xfe, 0xbd, 0xff, 0x30, 0x0, 0x0,
    0x0, 0xaf, 0xb0, 0x0, 0x7f, 0xb0, 0x0, 0x0,
    0x0, 0xdf, 0x50, 0x0, 0x2f, 0xd0, 0x0, 0x0,
    0x0, 0xcf, 0x70, 0x0, 0x6f, 0xa0, 0x0, 0x0,
    0x0, 0x6f, 0xe1, 0x6, 0xff, 0x20, 0x0, 0x0,
    0x0, 0xb, 0xfd, 0xbf, 0xf4, 0x0, 0x0, 0x0,
    0x0, 0x2, 0xff, 0xfb, 0x10, 0x0, 0x0, 0x0,
    0x0, 0x6f, 0xff, 0xfd, 0x10, 0x0, 0x0, 0x0,
    0x8, 0xff, 0x51, 0xcf, 0xd1, 0x0, 0xac, 0x20,
    0x4f, 0xf2, 0x0, 0xc, 0xfd, 0x20, 0xff, 0x0,
    0xbf, 0x80, 0x0, 0x0, 0xcf, 0xe8, 0xfb, 0x0,
    0xef, 0x60, 0x0, 0x0, 0xc, 0xff, 0xf3, 0x0,
    0xcf, 0xa0, 0x0, 0x0, 0x1, 0xff, 0xf2, 0x0,
    0x6f, 0xfa, 0x20, 0x1, 0x6e, 0xff, 0xfe, 0x20,
    0x8, 0xff, 0xff, 0xff, 0xff, 0xa1, 0xbf, 0xd0,
    0x0, 0x39, 0xdf, 0xfd, 0x93, 0x0, 0xb, 0x40,
    0x0, 0x0, 0x0, 0x0, 0x0, 0x0, 0x0, 0x0,

    /* U+0027 "'" */
    0x7f, 0x87, 0xf7, 0x6f, 0x76, 0xf7, 0x6f, 0x65,
    0xf6, 0x38, 0x30,

    /* U+0028 "(" */
    0x0, 0x2f, 0xf1, 0x0, 0x9f, 0x90, 0x1, 0xff,
    0x20, 0x6, 0xfc, 0x0, 0xc, 0xf7, 0x0, 0xf,
    0xf3, 0x0, 0x3f, 0xf0, 0x0, 0x6f, 0xd0, 0x0,
    0x8f, 0xb0, 0x0, 0x9f, 0xa0, 0x0, 0xaf, 0x90,
    0x0, 0xbf, 0x80, 0x0, 0xaf, 0x90, 0x0, 0x9f,
    0xa0, 0x0, 0x8f, 0xb0, 0x0, 0x6f, 0xd0, 0x0,
    0x3f, 0xf0, 0x0, 0xf, 0xf3, 0x0, 0xc, 0xf7,
    0x0, 0x6, 0xfc, 0x0, 0x1, 0xff, 0x20, 0x0,
    0x9f, 0x90, 0x0, 0x2f, 0xf1,

    /* U+0029 ")" */
    0xf, 0xf3, 0x0, 0x8, 0xfb, 0x0, 0x1, 0xff,
    0x30, 0x0, 0xbf, 0x80, 0x0, 0x6f, 0xd0, 0x0,
    0x1f, 0xf2, 0x0, 0xe, 0xf5, 0x0, 0xb, 0xf8,
    0x0, 0x9, 0xfa, 0x0, 0x8, 0xfb, 0x0, 0x7,
    0xfc, 0x0, 0x6, 0xfd, 0x0, 0x7, 0xfc, 0x0,
    0x8, 0xfb, 0x0, 0x9, 0xfa, 0x0, 0xb, 0xf8,
    0x0, 0xe, 0xf5, 0x0, 0x1f, 0xf2, 0x0, 0x6f,
    0xd0, 0x0, 0xbf, 0x80, 0x1, 0xff, 0x30, 0x8,
    0xfb, 0x0, 0xf, 0xf3, 0x0,

    /* U+002A "*" */
    0x0, 0x0, 0xe8, 0x0, 0x0, 0x3, 0x0, 0xe8,
    0x0, 0x20, 0x4f, 0xa1, 0xe8, 0x4d, 0xe0, 0x8,
    0xff, 0xfe, 0xfd, 0x40, 0x0, 0x2e, 0xff, 0xb0,
    0x0, 0x7, 0xef, 0xff, 0xfc, 0x30, 0x5f, 0xb2,
    0xe8, 0x5e, 0xe0, 0x4, 0x0, 0xe8, 0x0, 0x30,
    0x0, 0x0, 0xe8, 0x0, 0x0, 0x0, 0x0, 0x0,
    0x0, 0x0,

    /* U+002B "+" */
    0x0, 0x0, 0xa, 0xa0, 0x0, 0x0, 0x0, 0x0,
    0xf, 0xf0, 0x0, 0x0, 0x0, 0x0, 0xf, 0xf0,
    0x0, 0x0, 0x0, 0x0, 0xf, 0xf0, 0x0, 0x0,
    0x0, 0x0, 0xf, 0xf0, 0x0, 0x0, 0x6f, 0xff,
    0xff, 0xff, 0xff, 0xf5, 0x5e, 0xee, 0xef, 0xfe,
    0xee, 0xe5, 0x0, 0x0, 0xf, 0xf0, 0x0, 0x0,
    0x0, 0x0, 0xf, 0xf0, 0x0, 0x0, 0x0, 0x0,
    0xf, 0xf0, 0x0, 0x0, 0x0, 0x0, 0xf, 0xf0,
    0x0, 0x0,

    /* U+002C "," */
    0x3b, 0x80, 0xcf, 0xf3, 0xaf, 0xf3, 0xf, 0xe0,
    0x1f, 0x90, 0x5f, 0x40, 0x9e, 0x0,

    /* U+002D "-" */
    0x0, 0x0, 0x0, 0xa, 0xff, 0xff, 0xfd, 0xaf,
    0xff, 0xff, 0xd0,

    /* U+002E "." */
    0x4, 0x10, 0x9f, 0xf1, 0xdf, 0xf4, 0x6f, 0xb0,

    /* U+002F "/" */
    0x0, 0x0, 0x0, 0x0, 0xef, 0x20, 0x0, 0x0,
    0x0, 0x4f, 0xd0, 0x0, 0x0, 0x0, 0x9, 0xf7,
    0x0, 0x0, 0x0, 0x0, 0xef, 0x20, 0x0, 0x0,
    0x0, 0x4f, 0xc0, 0x0, 0x0, 0x0, 0xa, 0xf7,
    0x0, 0x0, 0x0, 0x0, 0xff, 0x10, 0x0, 0x0,
    0x0, 0x5f, 0xc0, 0x0, 0x0, 0x0, 0xa, 0xf6,
    0x0, 0x0, 0x0, 0x0, 0xff, 0x10, 0x0, 0x0,
    0x0, 0x5f, 0xb0, 0x0, 0x0, 0x0, 0xb, 0xf6,
    0x0, 0x0, 0x0, 0x1, 0xff, 0x10, 0x0, 0x0,
    0x0, 0x6f, 0xb0, 0x0, 0x0, 0x0, 0xb, 0xf5,
    0x0, 0x0, 0x0, 0x1, 0xff, 0x0, 0x0, 0x0,
    0x0, 0x6f, 0xa0, 0x0, 0x0, 0x0, 0xc, 0xf5,
    0x0, 0x0, 0x0, 0x2, 0xff, 0x0, 0x0, 0x0,
    0x0, 0x7f, 0xa0, 0x0, 0x0, 0x0, 0xd, 0xf4,
    0x0, 0x0, 0x0, 0x2, 0xfe, 0x0, 0x0, 0x0,
    0x0, 0x8f, 0x90, 0x0, 0x0, 0x0, 0x0,

    /* U+0030 "0" */
    0x0, 0x1, 0x8d, 0xff, 0xd8, 0x10, 0x0, 0x0,
    0x2e, 0xff, 0xff, 0xff, 0xe2, 0x0, 0x1, 0xff,
    0xe7, 0x33, 0x7e, 0xff, 0x10, 0xb, 0xfe, 0x20,
    0x0, 0x2, 0xef, 0xb0, 0x2f, 0xf5, 0x0, 0x0,
    0x0, 0x5f, 0xf2, 0x7f, 0xe0, 0x0, 0x0, 0x0,
    0xe, 0xf7, 0xaf, 0xb0, 0x0, 0x0, 0x0, 0xb,
    0xfa, 0xcf, 0x90, 0x0, 0x0, 0x0, 0x9, 0xfc,
    0xdf, 0x80, 0x0, 0x0, 0x0, 0x8, 0xfd, 0xcf,
    0x90, 0x0, 0x0, 0x0, 0x9, 0xfc, 0xaf, 0xb0,
    0x0, 0x0, 0x0, 0xb, 0xfa, 0x7f, 0xe0, 0x0,
    0x0, 0x0, 0xe, 0xf7, 0x2f, 0xf5, 0x0, 0x0,
    0x0, 0x5f, 0xf2, 0xb, 0xfe, 0x10, 0x0, 0x2,
    0xef, 0xb0, 0x1, 0xff, 0xe7, 0x33, 0x7e, 0xff,
    0x10, 0x0, 0x3e, 0xff, 0xff, 0xff, 0xe2, 0x0,
    0x0, 0x1, 0x7c, 0xee, 0xc7, 0x10, 0x0,

    /* U+0031 "1" */
    0xdf, 0xff, 0xff, 0x5d, 0xff, 0xff, 0xf5, 0x11,
    0x11, 0xff, 0x50, 0x0, 0xf, 0xf5, 0x0, 0x0,
    0xff, 0x50, 0x0, 0xf, 0xf5, 0x0, 0x0, 0xff,
    0x50, 0x0, 0xf, 0xf5, 0x0, 0x0, 0xff, 0x50,
    0x0, 0xf, 0xf5, 0x0, 0x0, 0xff, 0x50, 0x0,
    0xf, 0xf5, 0x0, 0x0, 0xff, 0x50, 0x0, 0xf,
    0xf5, 0x0, 0x0, 0xff, 0x50, 0x0, 0xf, 0xf5,
    0x0, 0x0, 0xff, 0x50,

    /* U+0032 "2" */
    0x0, 0x17, 0xce, 0xfe, 0xc6, 0x0, 0x0, 0x7f,
    0xff, 0xff, 0xff, 0xfc, 0x10, 0x6f, 0xfc, 0x63,
    0x35, 0xbf, 0xfa, 0x0, 0x97, 0x0, 0x0, 0x0,
    0xaf, 0xf1, 0x0, 0x0, 0x0, 0x0, 0x3, 0xff,
    0x30, 0x0, 0x0, 0x0, 0x0, 0x3f, 0xf2, 0x0,
    0x0, 0x0, 0x0, 0x8, 0xfe, 0x0, 0x0, 0x0,
    0x0, 0x2, 0xff, 0x70, 0x0, 0x0, 0x0, 0x2,
    0xef, 0xc0, 0x0, 0x0, 0x0, 0x2, 0xef, 0xd1,
    0x0, 0x0, 0x0, 0x2, 0xef, 0xd1, 0x0, 0x0,
    0x0, 0x3, 0xef, 0xc1, 0x0, 0x0, 0x0, 0x3,
    0xef, 0xc0, 0x0, 0x0, 0x0, 0x3, 0xff, 0xb0,
    0x0, 0x0, 0x0, 0x4, 0xff, 0xc2, 0x11, 0x11,
    0x11, 0x11, 0xff, 0xff, 0xff, 0xff, 0xff, 0xff,
    0x1f, 0xff, 0xff, 0xff, 0xff, 0xff, 0xf0,

    /* U+0033 "3" */
    0x1f, 0xff, 0xff, 0xff, 0xff, 0xff, 0x1, 0xff,
    0xff, 0xff, 0xff, 0xff, 0xe0, 0x1, 0x11, 0x11,
    0x11, 0x7f, 0xf4, 0x0, 0x0, 0x0, 0x0, 0x3f,
    0xf7, 0x0, 0x0, 0x0, 0x0, 0x1e, 0xfa, 0x0,
    0x0, 0x0, 0x0, 0xc, 0xfd, 0x0, 0x0, 0x0,
    0x0, 0x9, 0xfe, 0x20, 0x0, 0x0, 0x0, 0x3,
    0xff, 0xfc, 0x71, 0x0, 0x0, 0x0, 0x3f, 0xff,
    0xff, 0xe3, 0x0, 0x0, 0x0, 0x0, 0x15, 0xef,
    0xe1, 0x0, 0x0, 0x0, 0x0, 0x2, 0xff, 0x60,
    0x0, 0x0, 0x0, 0x0, 0xc, 0xf9, 0x0, 0x0,
    0x0, 0x0, 0x0, 0xdf, 0x81, 0xa1, 0x0, 0x0,
    0x0, 0x4f, 0xf5, 0x9f, 0xfa, 0x53, 0x34, 0x9f,
    0xfd, 0x3, 0xdf, 0xff, 0xff, 0xff, 0xfd, 0x20,
    0x0, 0x49, 0xdf, 0xfe, 0xb6, 0x0, 0x0,

    /* U+0034 "4" */
    0x0, 0x0, 0x0, 0x0, 0xd, 0xfb, 0x0, 0x0,
    0x0, 0x0, 0x0, 0x0, 0xaf, 0xe1, 0x0, 0x0,
    0x0, 0x0, 0x0, 0x6, 0xff, 0x30, 0x0, 0x0,
    0x0, 0x0, 0x0, 0x3f, 0xf7, 0x0, 0x0, 0x0,
    0x0, 0x0, 0x0, 0xdf, 0xb0, 0x0, 0x0, 0x0,
    0x0, 0x0, 0xa, 0xfd, 0x10, 0x0, 0x0, 0x0,
    0x0, 0x0, 0x7f, 0xf3, 0x0, 0x0, 0x0, 0x0,
    0x0, 0x3, 0xff, 0x60, 0x0, 0x9d, 0x70, 0x0,
    0x0, 0x1e, 0xfa, 0x0, 0x0, 0xbf, 0x90, 0x0,
    0x0, 0xbf, 0xd0, 0x0, 0x0, 0xbf, 0x90, 0x0,
    0x7, 0xff, 0x41, 0x11, 0x11, 0xbf, 0x91, 0x11,
    0x1f, 0xff, 0xff, 0xff, 0xff, 0xff, 0xff, 0xfc,
    0x1f, 0xff, 0xff, 0xff, 0xff, 0xff, 0xff, 0xfc,
    0x0, 0x0, 0x0, 0x0, 0x0, 0xcf, 0x90, 0x0,
    0x0, 0x0, 0x0, 0x0, 0x0, 0xcf, 0x90, 0x0,
    0x0, 0x0, 0x0, 0x0, 0x0, 0xcf, 0x90, 0x0,
    0x0, 0x0, 0x0, 0x0, 0x0, 0xcf, 0x90, 0x0,

    /* U+0035 "5" */
    0x0, 0x8f, 0xff, 0xff, 0xff, 0xff, 0x0, 0xa,
    0xff, 0xff, 0xff, 0xff, 0xf0, 0x0, 0xbf, 0x81,
    0x11, 0x11, 0x11, 0x0, 0xd, 0xf6, 0x0, 0x0,
    0x0, 0x0, 0x0, 0xef, 0x40, 0x0, 0x0, 0x0,
    0x0, 0xf, 0xf3, 0x0, 0x0, 0x0, 0x0, 0x2,
    0xff, 0x31, 0x10, 0x0, 0x0, 0x0, 0x3f, 0xff,
    0xff, 0xfe, 0xa3, 0x0, 0x5, 0xff, 0xff, 0xff,
    0xff, 0xf8, 0x0, 0x0, 0x0, 0x0, 0x26, 0xdf,
    0xf5, 0x0, 0x0, 0x0, 0x0, 0x0, 0xdf, 0xb0,
    0x0, 0x0, 0x0, 0x0, 0x8, 0xfe, 0x0, 0x0,
    0x0, 0x0, 0x0, 0x8f, 0xd0, 0x93, 0x0, 0x0,
    0x0, 0x1e, 0xfa, 0x5f, 0xfb, 0x63, 0x24, 0x7e,
    0xff, 0x31, 0xbf, 0xff, 0xff, 0xff, 0xff, 0x50,
    0x0, 0x28, 0xce, 0xfe, 0xc8, 0x10, 0x0,

    /* U+0036 "6" */
    0x0, 0x0, 0x4a, 0xdf, 0xfe, 0xb5, 0x0, 0x0,
    0xa, 0xff, 0xff, 0xff, 0xff, 0x10, 0x0, 0xcf,
    0xf9, 0x42, 0x23, 0x76, 0x0, 0x8, 0xfe, 0x30,
    0x0, 0x0, 0x0, 0x0, 0xf, 0xf5, 0x0, 0x0,
    0x0, 0x0, 0x0, 0x6f, 0xe0, 0x0, 0x0, 0x0,
    0x0, 0x0, 0xaf, 0xa0, 0x5b, 0xef, 0xd9, 0x30,
    0x0, 0xbf, 0x9a, 0xff, 0xff, 0xff, 0xf7, 0x0,
    0xdf, 0xff, 0xc4, 0x1, 0x4c, 0xff, 0x40, 0xcf,
    0xfc, 0x0, 0x0, 0x0, 0xcf, 0xc0, 0xbf, 0xf5,
    0x0, 0x0, 0x0, 0x5f, 0xf0, 0x8f, 0xf2, 0x0,
    0x0, 0x0, 0x3f, 0xf1, 0x4f, 0xf4, 0x0, 0x0,
    0x0, 0x4f, 0xf0, 0xd, 0xfc, 0x0, 0x0, 0x0,
    0xbf, 0xb0, 0x4, 0xff, 0xc3, 0x0, 0x3b, 0xff,
    0x30, 0x0, 0x5f, 0xff, 0xff, 0xff, 0xf5, 0x0,
    0x0, 0x1, 0x8d, 0xff, 0xd9, 0x20, 0x0,

    /* U+0037 "7" */
    0x4f, 0xff, 0xff, 0xff, 0xff, 0xff, 0xf6, 0x4f,
    0xff, 0xff, 0xff, 0xff, 0xff, 0xf5, 0x4f, 0xf2,
    0x11, 0x11, 0x11, 0x8f, 0xf1, 0x4f, 0xf0, 0x0,
    0x0, 0x0, 0xef, 0x90, 0x4f, 0xf0, 0x0, 0x0,
    0x5, 0xff, 0x20, 0x2, 0x20, 0x0, 0x0, 0xc,
    0xfa, 0x0, 0x0, 0x0, 0x0, 0x0, 0x4f, 0xf3,
    0x0, 0x0, 0x0, 0x0, 0x0, 0xbf, 0xc0, 0x0,
    0x0, 0x0, 0x0, 0x2, 0xff, 0x50, 0x0, 0x0,
    0x0, 0x0, 0x9, 0xfe, 0x0, 0x0, 0x0, 0x0,
    0x0, 0x1f, 0xf7, 0x0, 0x0, 0x0, 0x0, 0x0,
    0x7f, 0xf1, 0x0, 0x0, 0x0, 0x0, 0x0, 0xef,
    0x90, 0x0, 0x0, 0x0, 0x0, 0x6, 0xff, 0x20,
    0x0, 0x0, 0x0, 0x0, 0xd, 0xfb, 0x0, 0x0,
    0x0, 0x0, 0x0, 0x4f, 0xf4, 0x0, 0x0, 0x0,
    0x0, 0x0, 0xbf, 0xd0, 0x0, 0x0, 0x0,

    /* U+0038 "8" */
    0x0, 0x6, 0xbe, 0xff, 0xd9, 0x20, 0x0, 0x2,
    0xdf, 0xff, 0xff, 0xff, 0xf7, 0x0, 0xd, 0xff,
    0x71, 0x0, 0x4b, 0xff, 0x40, 0x3f, 0xf5, 0x0,
    0x0, 0x0, 0xcf, 0xa0, 0x4f, 0xf1, 0x0, 0x0,
    0x0, 0x9f, 0xc0, 0x2f, 0xf5, 0x0, 0x0, 0x0,
    0xdf, 0x90, 0xa, 0xff, 0x72, 0x1, 0x4c, 0xff,
    0x20, 0x0, 0x8f, 0xff, 0xff, 0xff, 0xd3, 0x0,
    0x4, 0xdf, 0xff, 0xef, 0xff, 0xf8, 0x0, 0x2f,
    0xfc, 0x40, 0x0, 0x18, 0xff, 0x90, 0xaf, 0xd0,
    0x0, 0x0, 0x0, 0x6f, 0xf2, 0xdf, 0x80, 0x0,
    0x0, 0x0, 0xf, 0xf5, 0xdf, 0x80, 0x0, 0x0,
    0x0, 0x1f, 0xf5, 0xaf, 0xe1, 0x0, 0x0, 0x0,
    0x8f, 0xf2, 0x3f, 0xfd, 0x51, 0x0, 0x3a, 0xff,
    0xa0, 0x5, 0xff, 0xff, 0xff, 0xff, 0xfa, 0x0,
    0x0, 0x17, 0xce, 0xff, 0xd9, 0x40, 0x0,

    /* U+0039 "9" */
    0x0, 0x4, 0xae, 0xfe, 0xc7, 0x0, 0x0, 0x0,
    0xaf, 0xff, 0xff, 0xff, 0xe2, 0x0, 0x8, 0xff,
    0x82, 0x0, 0x4c, 0xfe, 0x10, 0x1f, 0xf6, 0x0,
    0x0, 0x0, 0xcf, 0xa0, 0x3f, 0xf0, 0x0, 0x0,
    0x0, 0x6f, 0xf1, 0x4f, 0xf0, 0x0, 0x0, 0x0,
    0x6f, 0xf5, 0x1f, 0xf6, 0x0, 0x0, 0x0, 0xcf,
    0xf8, 0xa, 0xff, 0x82, 0x0, 0x4c, 0xff, 0xf9,
    0x0, 0xcf, 0xff, 0xff, 0xff, 0x9c, 0xfa, 0x0,
    0x6, 0xbe, 0xfe, 0xa4, 0xd, 0xf8, 0x0, 0x0,
    0x0, 0x0, 0x0, 0xf, 0xf7, 0x0, 0x0, 0x0,
    0x0, 0x0, 0x3f, 0xf2, 0x0, 0x0, 0x0, 0x0,
    0x0, 0xbf, 0xd0, 0x0, 0x0, 0x0, 0x0, 0x8,
    0xff, 0x50, 0x0, 0xa7, 0x31, 0x25, 0xcf, 0xf9,
    0x0, 0x3, 0xff, 0xff, 0xff, 0xff, 0x80, 0x0,
    0x0, 0x7b, 0xdf, 0xec, 0x82, 0x0, 0x0,

    /* U+003A ":" */
    0x5f, 0xb0, 0xdf, 0xf4, 0x9f, 0xf1, 0x4, 0x10,
    0x0, 0x0, 0x0, 0x0, 0x0, 0x0, 0x0, 0x0,
    0x0, 0x0, 0x4, 0x10, 0x9f, 0xf1, 0xdf, 0xf4,
    0x6f, 0xb0,

    /* U+003B ";" */
    0x5f, 0xb0, 0xdf, 0xf4, 0x9f, 0xf1, 0x4, 0x10,
    0x0, 0x0, 0x0, 0x0, 0x0, 0x0, 0x0, 0x0,
    0x0, 0x0, 0x0, 0x0, 0x5e, 0xb0, 0xcf, 0xf4,
    0x8f, 0xf2, 0xf, 0xd0, 0x2f, 0x80, 0x6f, 0x30,
    0x7b, 0x0,

    /* U+003C "<" */
    0x0, 0x0, 0x0, 0x0, 0x1, 0x74, 0x0, 0x0,
    0x0, 0x4, 0xbf, 0xf5, 0x0, 0x0, 0x18, 0xef,
    0xfe, 0x81, 0x0, 0x4b, 0xff, 0xfa, 0x40, 0x0,
    0x3e, 0xff, 0xd7, 0x10, 0x0, 0x0, 0x6f, 0xf7,
    0x0, 0x0, 0x0, 0x0, 0x3e, 0xff, 0xd7, 0x10,
    0x0, 0x0, 0x0, 0x4b, 0xff, 0xfa, 0x40, 0x0,
    0x0, 0x0, 0x18, 0xef, 0xfe, 0x81, 0x0, 0x0,
    0x0, 0x4, 0xbf, 0xf5, 0x0, 0x0, 0x0, 0x0,
    0x1, 0x84,

    /* U+003D "=" */
    0x5e, 0xee, 0xee, 0xee, 0xee, 0xe5, 0x6f, 0xff,
    0xff, 0xff, 0xff, 0xf5, 0x0, 0x0, 0x0, 0x0,
    0x0, 0x0, 0x0, 0x0, 0x0, 0x0, 0x0, 0x0,
    0x0, 0x0, 0x0, 0x0, 0x0, 0x0, 0x0, 0x0,
    0x0, 0x0, 0x0, 0x0, 0x5e, 0xee, 0xee, 0xee,
    0xee, 0xe5, 0x6f, 0xff, 0xff, 0xff, 0xff, 0xf5,

    /* U+003E ">" */
    0x47, 0x10, 0x0, 0x0, 0x0, 0x0, 0x6f, 0xfb,
    0x40, 0x0, 0x0, 0x0, 0x18, 0xef, 0xfe, 0x71,
    0x0, 0x0, 0x0, 0x4, 0xbf, 0xff, 0xb4, 0x0,
    0x0, 0x0, 0x1, 0x7d, 0xff, 0xe3, 0x0, 0x0,
    0x0, 0x0, 0x7f, 0xf5, 0x0, 0x0, 0x1, 0x7d,
    0xff, 0xe3, 0x0, 0x4, 0xaf, 0xff, 0xb4, 0x0,
    0x18, 0xef, 0xfe, 0x71, 0x0, 0x0, 0x6f, 0xfb,
    0x40, 0x0, 0x0, 0x0, 0x47, 0x10, 0x0, 0x0,
    0x0, 0x0,

    /* U+003F "?" */
    0x0, 0x28, 0xce, 0xfe, 0xc7, 0x0, 0x0, 0x8f,
    0xff, 0xff, 0xff, 0xfd, 0x10, 0x7f, 0xfb, 0x52,
    0x13, 0xaf, 0xfb, 0x0, 0x96, 0x0, 0x0, 0x0,
    0xaf, 0xf0, 0x0, 0x0, 0x0, 0x0, 0x5, 0xff,
    0x10, 0x0, 0x0, 0x0, 0x0, 0x7f, 0xe0, 0x0,
    0x0, 0x0, 0x0, 0x3f, 0xf7, 0x0, 0x0, 0x0,
    0x0, 0x3f, 0xfb, 0x0, 0x0, 0x0, 0x0, 0x4f,
    0xfa, 0x0, 0x0, 0x0, 0x0, 0xe, 0xfb, 0x0,
    0x0, 0x0, 0x0, 0x6, 0xff, 0x10, 0x0, 0x0,
    0x0, 0x0, 0x48, 0x70, 0x0, 0x0, 0x0, 0x0,
    0x0, 0x0, 0x0, 0x0, 0x0, 0x0, 0x0, 0x0,
    0x0, 0x0, 0x0, 0x0, 0x0, 0x7, 0xfd, 0x0,
    0x0, 0x0, 0x0, 0x0, 0xdf, 0xf2, 0x0, 0x0,
    0x0, 0x0, 0x6, 0xfb, 0x0, 0x0, 0x0,

    /* U+0040 "@" */
    0x0, 0x0, 0x0, 0x16, 0xad, 0xff, 0xfd, 0xa6,
    0x0, 0x0, 0x0, 0x0, 0x0, 0x0, 0x8f, 0xff,
    0xca, 0x9a, 0xcf, 0xff, 0x80, 0x0, 0x0, 0x0,
    0x2, 0xdf, 0xc5, 0x0, 0x0, 0x0, 0x4, 0xcf,
    0xd2, 0x0, 0x0, 0x2, 0xef, 0x70, 0x0, 0x0,
    0x0, 0x0, 0x0, 0x7f, 0xe2, 0x0, 0x0, 0xdf,
    0x50, 0x0, 0x0, 0x0, 0x0, 0x0, 0x0, 0x4f,
    0xd0, 0x0, 0x8f, 0x80, 0x0, 0x7, 0xcf, 0xfc,
    0x60, 0xaf, 0x70, 0x7f, 0x70, 0xf, 0xe0, 0x0,
    0x2d, 0xff, 0xfe, 0xff, 0xcb, 0xf7, 0x0, 0xde,
    0x5, 0xf7, 0x0, 0xd, 0xfd, 0x30, 0x1, 0x7f,
    0xff, 0x70, 0x7, 0xf4, 0x9f, 0x30, 0x6, 0xfe,
    0x10, 0x0, 0x0, 0x6f, 0xf7, 0x0, 0x2f, 0x7c,
    0xf0, 0x0, 0xbf, 0x70, 0x0, 0x0, 0x0, 0xef,
    0x70, 0x0, 0xf9, 0xde, 0x0, 0xd, 0xf3, 0x0,
    0x0, 0x0, 0xa, 0xf7, 0x0, 0xf, 0xad, 0xe0,
    0x0, 0xdf, 0x30, 0x0, 0x0, 0x0, 0xaf, 0x70,
    0x0, 0xf9, 0xbf, 0x0, 0xb, 0xf7, 0x0, 0x0,
    0x0, 0xd, 0xf7, 0x0, 0x2f, 0x79, 0xf3, 0x0,
    0x6f, 0xe0, 0x0, 0x0, 0x6, 0xff, 0x70, 0x6,
    0xf4, 0x5f, 0x70, 0x0, 0xdf, 0xc3, 0x0, 0x7,
    0xff, 0xfb, 0x1, 0xde, 0x0, 0xee, 0x0, 0x2,
    0xdf, 0xfe, 0xdf, 0xfc, 0x3f, 0xfe, 0xff, 0x50,
    0x8, 0xf9, 0x0, 0x0, 0x7c, 0xff, 0xc7, 0x0,
    0x5d, 0xfd, 0x50, 0x0, 0xd, 0xf5, 0x0, 0x0,
    0x0, 0x0, 0x0, 0x0, 0x0, 0x0, 0x0, 0x0,
    0x2e, 0xf8, 0x0, 0x0, 0x0, 0x0, 0x0, 0x0,
    0x0, 0x0, 0x0, 0x0, 0x2d, 0xfc, 0x50, 0x0,
    0x0, 0x2, 0x81, 0x0, 0x0, 0x0, 0x0, 0x0,
    0x8, 0xff, 0xfc, 0xaa, 0xbd, 0xff, 0x60, 0x0,
    0x0, 0x0, 0x0, 0x0, 0x1, 0x6a, 0xdf, 0xff,
    0xd9, 0x40, 0x0, 0x0, 0x0,

    /* U+0041 "A" */
    0x0, 0x0, 0x0, 0x0, 0xaf, 0xf2, 0x0, 0x0,
    0x0, 0x0, 0x0, 0x0, 0x0, 0x1f, 0xff, 0xa0,
    0x0, 0x0, 0x0, 0x0, 0x0, 0x0, 0x8, 0xfe,
    0xff, 0x10, 0x0, 0x0, 0x0, 0x0, 0x0, 0x0,
    0xff, 0x5d, 0xf8, 0x0, 0x0, 0x0, 0x0, 0x0,
    0x0, 0x7f, 0xe0, 0x6f, 0xe0, 0x0, 0x0, 0x0,
    0x0, 0x0, 0xd, 0xf7, 0x0, 0xef, 0x60, 0x0,
    0x0, 0x0, 0x0, 0x5, 0xff, 0x10, 0x8, 0xfd,
    0x0, 0x0, 0x0, 0x0, 0x0, 0xcf, 0xa0, 0x0,
    0x1f, 0xf5, 0x0, 0x0, 0x0, 0x0, 0x3f, 0xf3,
    0x0, 0x0, 0xaf, 0xc0, 0x0, 0x0, 0x0, 0xa,
    0xfc, 0x0, 0x0, 0x4, 0xff, 0x30, 0x0, 0x0,
    0x2, 0xff, 0x50, 0x0, 0x0, 0xd, 0xfa, 0x0,
    0x0, 0x0, 0x9f, 0xff, 0xff, 0xff, 0xff, 0xff,
    0xf2, 0x0, 0x0, 0x1f, 0xff, 0xff, 0xff, 0xff,
    0xff, 0xff, 0x90, 0x0, 0x7, 0xff, 0x10, 0x0,
    0x0, 0x0, 0x8, 0xff, 0x10, 0x0, 0xef, 0x90,
    0x0, 0x0, 0x0, 0x0, 0x1f, 0xf7, 0x0, 0x5f,
    0xf2, 0x0, 0x0, 0x0, 0x0, 0x0, 0x9f, 0xe0,
    0xc, 0xfa, 0x0, 0x0, 0x0, 0x0, 0x0, 0x2,
    0xff, 0x50,

    /* U+0042 "B" */
    0x7f, 0xff, 0xff, 0xff, 0xfe, 0xb6, 0x0, 0x7,
    0xff, 0xff, 0xff, 0xff, 0xff, 0xfd, 0x10, 0x7f,
    0xe0, 0x0, 0x0, 0x2, 0x9f, 0xfa, 0x7, 0xfe,
    0x0, 0x0, 0x0, 0x0, 0x9f, 0xf0, 0x7f, 0xe0,
    0x0, 0x0, 0x0, 0x5, 0xff, 0x7, 0xfe, 0x0,
    0x0, 0x0, 0x0, 0x9f, 0xd0, 0x7f, 0xe0, 0x0,
    0x0, 0x2, 0x9f, 0xf5, 0x7, 0xff, 0xff, 0xff,
    0xff, 0xff, 0xf6, 0x0, 0x7f, 0xff, 0xff, 0xff,
    0xff, 0xff, 0xd4, 0x7, 0xfe, 0x0, 0x0, 0x0,
    0x14, 0xcf, 0xf3, 0x7f, 0xe0, 0x0, 0x0, 0x0,
    0x0, 0xdf, 0xa7, 0xfe, 0x0, 0x0, 0x0, 0x0,
    0x8, 0xfd, 0x7f, 0xe0, 0x0, 0x0, 0x0, 0x0,
    0x8f, 0xe7, 0xfe, 0x0, 0x0, 0x0, 0x0, 0xc,
    0xfc, 0x7f, 0xe0, 0x0, 0x0, 0x0, 0x3b, 0xff,
    0x67, 0xff, 0xff, 0xff, 0xff, 0xff, 0xff, 0x90,
    0x7f, 0xff, 0xff, 0xff, 0xff, 0xd9, 0x30, 0x0,

    /* U+0043 "C" */
    0x0, 0x0, 0x5, 0xad, 0xff, 0xda, 0x50, 0x0,
    0x0, 0x3, 0xdf, 0xff, 0xff, 0xff, 0xfd, 0x30,
    0x0, 0x5f, 0xff, 0xb6, 0x43, 0x59, 0xff, 0xf2,
    0x3, 0xff, 0xd3, 0x0, 0x0, 0x0, 0x1c, 0x80,
    0xd, 0xfe, 0x10, 0x0, 0x0, 0x0, 0x0, 0x0,
    0x5f, 0xf4, 0x0, 0x0, 0x0, 0x0, 0x0, 0x0,
    0x9f, 0xe0, 0x0, 0x0, 0x0, 0x0, 0x0, 0x0,
    0xcf, 0xa0, 0x0, 0x0, 0x0, 0x0, 0x0, 0x0,
    0xdf, 0x90, 0x0, 0x0, 0x0, 0x0, 0x0, 0x0,
    0xcf, 0xa0, 0x0, 0x0, 0x0, 0x0, 0x0, 0x0,
    0x9f, 0xd0, 0x0, 0x0, 0x0, 0x0, 0x0, 0x0,
    0x5f, 0xf4, 0x0, 0x0, 0x0, 0x0, 0x0, 0x0,
    0xd, 0xfe, 0x10, 0x0, 0x0, 0x0, 0x0, 0x0,
    0x3, 0xff, 0xd3, 0x0, 0x0, 0x0, 0x1c, 0x80,
    0x0, 0x5f, 0xff, 0xb5, 0x33, 0x49, 0xff, 0xf2,
    0x0, 0x3, 0xdf, 0xff, 0xff, 0xff, 0xfd, 0x30,
    0x0, 0x0, 0x5, 0xae, 0xff, 0xda, 0x50, 0x0,

    /* U+0044 "D" */
    0x7f, 0xff, 0xff, 0xff, 0xfd, 0x94, 0x0, 0x0,
    0x7, 0xff, 0xff, 0xff, 0xff, 0xff, 0xfc, 0x20,
    0x0, 0x7f, 0xe1, 0x11, 0x12, 0x36, 0xbf, 0xff,
    0x40, 0x7, 0xfe, 0x0, 0x0, 0x0, 0x0, 0x4e,
    0xfe, 0x20, 0x7f, 0xe0, 0x0, 0x0, 0x0, 0x0,
    0x2f, 0xfb, 0x7, 0xfe, 0x0, 0x0, 0x0, 0x0,
    0x0, 0x7f, 0xf2, 0x7f, 0xe0, 0x0, 0x0, 0x0,
    0x0, 0x1, 0xff, 0x77, 0xfe, 0x0, 0x0, 0x0,
    0x0, 0x0, 0xd, 0xf9, 0x7f, 0xe0, 0x0, 0x0,
    0x0, 0x0, 0x0, 0xcf, 0xa7, 0xfe, 0x0, 0x0,
    0x0, 0x0, 0x0, 0xd, 0xf9, 0x7f, 0xe0, 0x0,
    0x0, 0x0, 0x0, 0x1, 0xff, 0x77, 0xfe, 0x0,
    0x0, 0x0, 0x0, 0x0, 0x7f, 0xf2, 0x7f, 0xe0,
    0x0, 0x0, 0x0, 0x0, 0x2f, 0xfb, 0x7, 0xfe,
    0x0, 0x0, 0x0, 0x0, 0x3e, 0xfe, 0x20, 0x7f,
    0xe1, 0x11, 0x11, 0x35, 0xbf, 0xff, 0x40, 0x7,
    0xff, 0xff, 0xff, 0xff, 0xff, 0xfc, 0x20, 0x0,
    0x7f, 0xff, 0xff, 0xff, 0xfd, 0x94, 0x0, 0x0,
    0x0,

    /* U+0045 "E" */
    0x7f, 0xff, 0xff, 0xff, 0xff, 0xff, 0x67, 0xff,
    0xff, 0xff, 0xff, 0xff, 0xf6, 0x7f, 0xe1, 0x11,
    0x11, 0x11, 0x11, 0x7, 0xfe, 0x0, 0x0, 0x0,
    0x0, 0x0, 0x7f, 0xe0, 0x0, 0x0, 0x0, 0x0,
    0x7, 0xfe, 0x0, 0x0, 0x0, 0x0, 0x0, 0x7f,
    0xe0, 0x0, 0x0, 0x0, 0x0, 0x7, 0xff, 0xff,
    0xff, 0xff, 0xff, 0x50, 0x7f, 0xff, 0xff, 0xff,
    0xff, 0xf5, 0x7, 0xfe, 0x11, 0x11, 0x11, 0x11,
    0x0, 0x7f, 0xe0, 0x0, 0x0, 0x0, 0x0, 0x7,
    0xfe, 0x0, 0x0, 0x0, 0x0, 0x0, 0x7f, 0xe0,
    0x0, 0x0, 0x0, 0x0, 0x7, 0xfe, 0x0, 0x0,
    0x0, 0x0, 0x0, 0x7f, 0xe1, 0x11, 0x11, 0x11,
    0x11, 0x17, 0xff, 0xff, 0xff, 0xff, 0xff, 0xfb,
    0x7f, 0xff, 0xff, 0xff, 0xff, 0xff, 0xb0,

    /* U+0046 "F" */
    0x7f, 0xff, 0xff, 0xff, 0xff, 0xff, 0x67, 0xff,
    0xff, 0xff, 0xff, 0xff, 0xf6, 0x7f, 0xe1, 0x11,
    0x11, 0x11, 0x11, 0x7, 0xfe, 0x0, 0x0, 0x0,
    0x0, 0x0, 0x7f, 0xe0, 0x0, 0x0, 0x0, 0x0,
    0x7, 0xfe, 0x0, 0x0, 0x0, 0x0, 0x0, 0x7f,
    0xe0, 0x0, 0x0, 0x0, 0x0, 0x7, 0xfe, 0x0,
    0x0, 0x0, 0x0, 0x0, 0x7f, 0xff, 0xff, 0xff,
    0xff, 0xf5, 0x7, 0xff, 0xff, 0xff, 0xff, 0xff,
    0x50, 0x7f, 0xe1, 0x11, 0x11, 0x11, 0x10, 0x7,
    0xfe, 0x0, 0x0, 0x0, 0x0, 0x0, 0x7f, 0xe0,
    0x0, 0x0, 0x0, 0x0, 0x7, 0xfe, 0x0, 0x0,
    0x0, 0x0, 0x0, 0x7f, 0xe0, 0x0, 0x0, 0x0,
    0x0, 0x7, 0xfe, 0x0, 0x0, 0x0, 0x0, 0x0,
    0x7f, 0xe0, 0x0, 0x0, 0x0, 0x0, 0x0,

    /* U+0047 "G" */
    0x0, 0x0, 0x5, 0xad, 0xff, 0xeb, 0x60, 0x0,
    0x0, 0x3, 0xdf, 0xff, 0xff, 0xff, 0xfe, 0x50,
    0x0, 0x5f, 0xff, 0xb6, 0x43, 0x48, 0xef, 0xf5,
    0x3, 0xff, 0xd3, 0x0, 0x0, 0x0, 0x9, 0xb0,
    0xd, 0xfe, 0x10, 0x0, 0x0, 0x0, 0x0, 0x0,
    0x5f, 0xf5, 0x0, 0x0, 0x0, 0x0, 0x0, 0x0,
    0x9f, 0xe0, 0x0, 0x0, 0x0, 0x0, 0x0, 0x0,
    0xcf, 0xa0, 0x0, 0x0, 0x0, 0x0, 0x0, 0x0,
    0xdf, 0x90, 0x0, 0x0, 0x0, 0x0, 0x7, 0x94,
    0xcf, 0xa0, 0x0, 0x0, 0x0, 0x0, 0xd, 0xf7,
    0x9f, 0xe0, 0x0, 0x0, 0x0, 0x0, 0xd, 0xf7,
    0x5f, 0xf5, 0x0, 0x0, 0x0, 0x0, 0xd, 0xf7,
    0xd, 0xfe, 0x10, 0x0, 0x0, 0x0, 0xd, 0xf7,
    0x3, 0xff, 0xd3, 0x0, 0x0, 0x0, 0xd, 0xf7,
    0x0, 0x5f, 0xff, 0xb6, 0x32, 0x47, 0xdf, 0xf7,
    0x0, 0x3, 0xdf, 0xff, 0xff, 0xff, 0xff, 0x80,
    0x0, 0x0, 0x5, 0xad, 0xff, 0xeb, 0x71, 0x0,

    /* U+0048 "H" */
    0x7f, 0xe0, 0x0, 0x0, 0x0, 0x0, 0x7f, 0xf7,
    0xfe, 0x0, 0x0, 0x0, 0x0, 0x7, 0xff, 0x7f,
    0xe0, 0x0, 0x0, 0x0, 0x0, 0x7f, 0xf7, 0xfe,
    0x0, 0x0, 0x0, 0x0, 0x7, 0xff, 0x7f, 0xe0,
    0x0, 0x0, 0x0, 0x0, 0x7f, 0xf7, 0xfe, 0x0,
    0x0, 0x0, 0x0, 0x7, 0xff, 0x7f, 0xe0, 0x0,
    0x0, 0x0, 0x0, 0x7f, 0xf7, 0xff, 0xff, 0xff,
    0xff, 0xff, 0xff, 0xff, 0x7f, 0xff, 0xff, 0xff,
    0xff, 0xff, 0xff, 0xf7, 0xfe, 0x11, 0x11, 0x11,
    0x11, 0x17, 0xff, 0x7f, 0xe0, 0x0, 0x0, 0x0,
    0x0, 0x7f, 0xf7, 0xfe, 0x0, 0x0, 0x0, 0x0,
    0x7, 0xff, 0x7f, 0xe0, 0x0, 0x0, 0x0, 0x0,
    0x7f, 0xf7, 0xfe, 0x0, 0x0, 0x0, 0x0, 0x7,
    0xff, 0x7f, 0xe0, 0x0, 0x0, 0x0, 0x0, 0x7f,
    0xf7, 0xfe, 0x0, 0x0, 0x0, 0x0, 0x7, 0xff,
    0x7f, 0xe0, 0x0, 0x0, 0x0, 0x0, 0x7f, 0xf0,

    /* U+0049 "I" */
    0x7f, 0xe7, 0xfe, 0x7f, 0xe7, 0xfe, 0x7f, 0xe7,
    0xfe, 0x7f, 0xe7, 0xfe, 0x7f, 0xe7, 0xfe, 0x7f,
    0xe7, 0xfe, 0x7f, 0xe7, 0xfe, 0x7f, 0xe7, 0xfe,
    0x7f, 0xe0,

    /* U+004A "J" */
    0x0, 0x8f, 0xff, 0xff, 0xff, 0xf0, 0x8, 0xff,
    0xff, 0xff, 0xff, 0x0, 0x1, 0x11, 0x11, 0x7f,
    0xf0, 0x0, 0x0, 0x0, 0x7, 0xff, 0x0, 0x0,
    0x0, 0x0, 0x7f, 0xf0, 0x0, 0x0, 0x0, 0x7,
    0xff, 0x0, 0x0, 0x0, 0x0, 0x7f, 0xf0, 0x0,
    0x0, 0x0, 0x7, 0xff, 0x0, 0x0, 0x0, 0x0,
    0x7f, 0xf0, 0x0, 0x0, 0x0, 0x7, 0xff, 0x0,
    0x0, 0x0, 0x0, 0x7f, 0xf0, 0x0, 0x0, 0x0,
    0x7, 0xfe, 0x0, 0x0, 0x0, 0x0, 0x8f, 0xd0,
    0x5a, 0x0, 0x0, 0xd, 0xfa, 0xf, 0xfc, 0x41,
    0x3b, 0xff, 0x50, 0x5f, 0xff, 0xff, 0xff, 0xa0,
    0x0, 0x29, 0xdf, 0xfc, 0x60, 0x0,

    /* U+004B "K" */
    0x7f, 0xe0, 0x0, 0x0, 0x0, 0x6, 0xff, 0x50,
    0x7f, 0xe0, 0x0, 0x0, 0x0, 0x6f, 0xf6, 0x0,
    0x7f, 0xe0, 0x0, 0x0, 0x5, 0xff, 0x60, 0x0,
    0x7f, 0xe0, 0x0, 0x0, 0x5f, 0xf7, 0x0, 0x0,
    0x7f, 0xe0, 0x0, 0x4, 0xff, 0x80, 0x0, 0x0,
    0x7f, 0xe0, 0x0, 0x4f, 0xf9, 0x0, 0x0, 0x0,
    0x7f, 0xe0, 0x3, 0xff, 0xa0, 0x0, 0x0, 0x0,
    0x7f, 0xe0, 0x3f, 0xfd, 0x0, 0x0, 0x0, 0x0,
    0x7f, 0xe2, 0xef, 0xff, 0x40, 0x0, 0x0, 0x0,
    0x7f, 0xfe, 0xfd, 0xdf, 0xf2, 0x0, 0x0, 0x0,
    0x7f, 0xff, 0xd1, 0x2f, 0xfd, 0x10, 0x0, 0x0,
    0x7f, 0xfe, 0x10, 0x4, 0xff, 0xb0, 0x0, 0x0,
    0x7f, 0xf2, 0x0, 0x0, 0x6f, 0xf8, 0x0, 0x0,
    0x7f, 0xe0, 0x0, 0x0, 0x8, 0xff, 0x50, 0x0,
    0x7f, 0xe0, 0x0, 0x0, 0x0, 0xbf, 0xf3, 0x0,
    0x7f, 0xe0, 0x0, 0x0, 0x0, 0xc, 0xfe, 0x10,
    0x7f, 0xe0, 0x0, 0x0, 0x0, 0x1, 0xef, 0xc0,

    /* U+004C "L" */
    0x7f, 0xe0, 0x0, 0x0, 0x0, 0x0, 0x7, 0xfe,
    0x0, 0x0, 0x0, 0x0, 0x0, 0x7f, 0xe0, 0x0,
    0x0, 0x0, 0x0, 0x7, 0xfe, 0x0, 0x0, 0x0,
    0x0, 0x0, 0x7f, 0xe0, 0x0, 0x0, 0x0, 0x0,
    0x7, 0xfe, 0x0, 0x0, 0x0, 0x0, 0x0, 0x7f,
    0xe0, 0x0, 0x0, 0x0, 0x0, 0x7, 0xfe, 0x0,
    0x0, 0x0, 0x0, 0x0, 0x7f, 0xe0, 0x0, 0x0,
    0x0, 0x0, 0x7, 0xfe, 0x0, 0x0, 0x0, 0x0,
    0x0, 0x7f, 0xe0, 0x0, 0x0, 0x0, 0x0, 0x7,
    0xfe, 0x0, 0x0, 0x0, 0x0, 0x0, 0x7f, 0xe0,
    0x0, 0x0, 0x0, 0x0, 0x7, 0xfe, 0x0, 0x0,
    0x0, 0x0, 0x0, 0x7f, 0xe1, 0x11, 0x11, 0x11,
    0x11, 0x7, 0xff, 0xff, 0xff, 0xff, 0xff, 0xf0,
    0x7f, 0xff, 0xff, 0xff, 0xff, 0xff, 0x0,

    /* U+004D "M" */
    0x7f, 0xc0, 0x0, 0x0, 0x0, 0x0, 0x0, 0x0,
    0xdf, 0x57, 0xff, 0x50, 0x0, 0x0, 0x0, 0x0,
    0x0, 0x7f, 0xf6, 0x7f, 0xfe, 0x0, 0x0, 0x0,
    0x0, 0x0, 0x1f, 0xff, 0x67, 0xff, 0xf8, 0x0,
    0x0, 0x0, 0x0, 0x9, 0xff, 0xf6, 0x7f, 0xff,
    0xf2, 0x0, 0x0, 0x0, 0x3, 0xff, 0xff, 0x67,
    0xfd, 0xbf, 0xb0, 0x0, 0x0, 0x0, 0xcf, 0x8e,
    0xf6, 0x7f, 0xd2, 0xff, 0x40, 0x0, 0x0, 0x5f,
    0xe0, 0xef, 0x67, 0xfd, 0x8, 0xfd, 0x0, 0x0,
    0xe, 0xf6, 0xe, 0xf6, 0x7f, 0xd0, 0xe, 0xf7,
    0x0, 0x8, 0xfc, 0x0, 0xef, 0x67, 0xfd, 0x0,
    0x5f, 0xf1, 0x1, 0xff, 0x30, 0xe, 0xf6, 0x7f,
    0xd0, 0x0, 0xbf, 0xa0, 0xaf, 0x90, 0x0, 0xef,
    0x67, 0xfd, 0x0, 0x2, 0xff, 0x7f, 0xe1, 0x0,
    0xe, 0xf6, 0x7f, 0xd0, 0x0, 0x8, 0xff, 0xf6,
    0x0, 0x0, 0xef, 0x67, 0xfd, 0x0, 0x0, 0xe,
    0xfd, 0x0, 0x0, 0xe, 0xf6, 0x7f, 0xd0, 0x0,
    0x0, 0x5f, 0x40, 0x0, 0x0, 0xef, 0x67, 0xfd,
    0x0, 0x0, 0x0, 0x0, 0x0, 0x0, 0xe, 0xf6,
    0x7f, 0xd0, 0x0, 0x0, 0x0, 0x0, 0x0, 0x0,
    0xef, 0x60,

    /* U+004E "N" */
    0x7f, 0xd0, 0x0, 0x0, 0x0, 0x0, 0x7f, 0xf7,
    0xff, 0xa0, 0x0, 0x0, 0x0, 0x7, 0xff, 0x7f,
    0xff, 0x70, 0x0, 0x0, 0x0, 0x7f, 0xf7, 0xff,
    0xff, 0x40, 0x0, 0x0, 0x7, 0xff, 0x7f, 0xfd,
    0xfe, 0x20, 0x0, 0x0, 0x7f, 0xf7, 0xfe, 0x3f,
    0xfd, 0x0, 0x0, 0x7, 0xff, 0x7f, 0xe0, 0x5f,
    0xfa, 0x0, 0x0, 0x7f, 0xf7, 0xfe, 0x0, 0x8f,
    0xf7, 0x0, 0x7, 0xff, 0x7f, 0xe0, 0x0, 0xbf,
    0xf4, 0x0, 0x7f, 0xf7, 0xfe, 0x0, 0x1, 0xef,
    0xe1, 0x7, 0xff, 0x7f, 0xe0, 0x0, 0x3, 0xff,
    0xc0, 0x7f, 0xf7, 0xfe, 0x0, 0x0, 0x6, 0xff,
    0xa7, 0xff, 0x7f, 0xe0, 0x0, 0x0, 0x9, 0xff,
    0xdf, 0xf7, 0xfe, 0x0, 0x0, 0x0, 0xc, 0xff,
    0xff, 0x7f, 0xe0, 0x0, 0x0, 0x0, 0x1e, 0xff,
    0xf7, 0xfe, 0x0, 0x0, 0x0, 0x0, 0x3f, 0xff,
    0x7f, 0xe0, 0x0, 0x0, 0x0, 0x0, 0x6f, 0xf0,

    /* U+004F "O" */
    0x0, 0x0, 0x5, 0xad, 0xff, 0xeb, 0x60, 0x0,
    0x0, 0x0, 0x0, 0x2d, 0xff, 0xff, 0xff, 0xff,
    0xe4, 0x0, 0x0, 0x0, 0x5f, 0xff, 0xb6, 0x33,
    0x5a, 0xff, 0xf7, 0x0, 0x0, 0x3f, 0xfd, 0x30,
    0x0, 0x0, 0x1, 0xcf, 0xf5, 0x0, 0xd, 0xfe,
    0x10, 0x0, 0x0, 0x0, 0x0, 0xcf, 0xf1, 0x4,
    0xff, 0x40, 0x0, 0x0, 0x0, 0x0, 0x2, 0xff,
    0x70, 0x9f, 0xe0, 0x0, 0x0, 0x0, 0x0, 0x0,
    0xb, 0xfc, 0xc, 0xfa, 0x0, 0x0, 0x0, 0x0,
    0x0, 0x0, 0x8f, 0xf0, 0xdf, 0x90, 0x0, 0x0,
    0x0, 0x0, 0x0, 0x6, 0xff, 0xc, 0xfa, 0x0,
    0x0, 0x0, 0x0, 0x0, 0x0, 0x8f, 0xf0, 0x9f,
    0xd0, 0x0, 0x0, 0x0, 0x0, 0x0, 0xb, 0xfc,
    0x5, 0xff, 0x40, 0x0, 0x0, 0x0, 0x0, 0x2,
    0xff, 0x70, 0xd, 0xfe, 0x10, 0x0, 0x0, 0x0,
    0x0, 0xcf, 0xf1, 0x0, 0x3f, 0xfd, 0x30, 0x0,
    0x0, 0x1, 0xcf, 0xf5, 0x0, 0x0, 0x5f, 0xff,
    0xb5, 0x33, 0x59, 0xff, 0xf8, 0x0, 0x0, 0x0,
    0x3d, 0xff, 0xff, 0xff, 0xff, 0xe4, 0x0, 0x0,
    0x0, 0x0, 0x5, 0xad, 0xff, 0xeb, 0x60, 0x0,
    0x0, 0x0,

    /* U+0050 "P" */
    0x7f, 0xff, 0xff, 0xff, 0xeb, 0x60, 0x0, 0x7,
    0xff, 0xff, 0xff, 0xff, 0xff, 0xd2, 0x0, 0x7f,
    0xe1, 0x11, 0x12, 0x49, 0xff, 0xe1, 0x7, 0xfe,
    0x0, 0x0, 0x0, 0x3, 0xff, 0x90, 0x7f, 0xe0,
    0x0, 0x0, 0x0, 0x9, 0xfe, 0x7, 0xfe, 0x0,
    0x0, 0x0, 0x0, 0x5f, 0xf0, 0x7f, 0xe0, 0x0,
    0x0, 0x0, 0x5, 0xff, 0x7, 0xfe, 0x0, 0x0,
    0x0, 0x0, 0x9f, 0xe0, 0x7f, 0xe0, 0x0, 0x0,
    0x0, 0x3f, 0xf9, 0x7, 0xfe, 0x11, 0x11, 0x24,
    0x8f, 0xfe, 0x10, 0x7f, 0xff, 0xff, 0xff, 0xff,
    0xfd, 0x20, 0x7, 0xff, 0xff, 0xff, 0xfe, 0xb6,
    0x0, 0x0, 0x7f, 0xe0, 0x0, 0x0, 0x0, 0x0,
    0x0, 0x7, 0xfe, 0x0, 0x0, 0x0, 0x0, 0x0,
    0x0, 0x7f, 0xe0, 0x0, 0x0, 0x0, 0x0, 0x0,
    0x7, 0xfe, 0x0, 0x0, 0x0, 0x0, 0x0, 0x0,
    0x7f, 0xe0, 0x0, 0x0, 0x0, 0x0, 0x0, 0x0,

    /* U+0051 "Q" */
    0x0, 0x0, 0x5, 0xad, 0xff, 0xeb, 0x60, 0x0,
    0x0, 0x0, 0x0, 0x2d, 0xff, 0xff, 0xff, 0xff,
    0xe4, 0x0, 0x0, 0x0, 0x5f, 0xff, 0xb6, 0x33,
    0x5a, 0xff, 0xf7, 0x0, 0x0, 0x2f, 0xfd, 0x30,
    0x0, 0x0, 0x2, 0xcf, 0xf5, 0x0, 0xd, 0xfe,
    0x10, 0x0, 0x0, 0x0, 0x0, 0xdf, 0xf1, 0x4,
    0xff, 0x50, 0x0, 0x0, 0x0, 0x0, 0x2, 0xff,
    0x70, 0x9f, 0xe0, 0x0, 0x0, 0x0, 0x0, 0x0,
    0xb, 0xfc, 0xc, 0xfa, 0x0, 0x0, 0x0, 0x0,
    0x0, 0x0, 0x8f, 0xf0, 0xdf, 0x90, 0x0, 0x0,
    0x0, 0x0, 0x0, 0x6, 0xff, 0xc, 0xfa, 0x0,
    0x0, 0x0, 0x0, 0x0, 0x0, 0x8f, 0xe0, 0xaf,
    0xd0, 0x0, 0x0, 0x0, 0x0, 0x0, 0xb, 0xfc,
    0x5, 0xff, 0x40, 0x0, 0x0, 0x0, 0x0, 0x2,
    0xff, 0x70, 0xe, 0xfd, 0x10, 0x0, 0x0, 0x0,
    0x0, 0xcf, 0xf1, 0x0, 0x4f, 0xfd, 0x20, 0x0,
    0x0, 0x1, 0xbf, 0xf6, 0x0, 0x0, 0x7f, 0xff,
    0xa4, 0x22, 0x48, 0xef, 0xf9, 0x0, 0x0, 0x0,
    0x5f, 0xff, 0xff, 0xff, 0xff, 0xf6, 0x0, 0x0,
    0x0, 0x0, 0x17, 0xce, 0xff, 0xfd, 0x71, 0x0,
    0x0, 0x0, 0x0, 0x0, 0x0, 0x1, 0xcf, 0xf7,
    0x10, 0x4, 0xc3, 0x0, 0x0, 0x0, 0x0, 0x0,
    0x9f, 0xff, 0xff, 0xff, 0x70, 0x0, 0x0, 0x0,
    0x0, 0x0, 0x3a, 0xef, 0xea, 0x40,

    /* U+0052 "R" */
    0x7f, 0xff, 0xff, 0xff, 0xeb, 0x60, 0x0, 0x7,
    0xff, 0xff, 0xff, 0xff, 0xff, 0xd2, 0x0, 0x7f,
    0xe1, 0x11, 0x12, 0x49, 0xff, 0xe1, 0x7, 0xfe,
    0x0, 0x0, 0x0, 0x3, 0xff, 0x90, 0x7f, 0xe0,
    0x0, 0x0, 0x0, 0x9, 0xfe, 0x7, 0xfe, 0x0,
    0x0, 0x0, 0x0, 0x5f, 0xf0, 0x7f, 0xe0, 0x0,
    0x0, 0x0, 0x5, 0xff, 0x7, 0xfe, 0x0, 0x0,
    0x0, 0x0, 0x9f, 0xe0, 0x7f, 0xe0, 0x0, 0x0,
    0x0, 0x3f, 0xf8, 0x7, 0xfe, 0x11, 0x11, 0x13,
    0x8f, 0xfe, 0x10, 0x7f, 0xff, 0xff, 0xff, 0xff,
    0xfd, 0x20, 0x7, 0xff, 0xff, 0xff, 0xff, 0xfa,
    0x0, 0x0, 0x7f, 0xe0, 0x0, 0x0, 0x7f, 0xf2,
    0x0, 0x7, 0xfe, 0x0, 0x0, 0x0, 0xcf, 0xd0,
    0x0, 0x7f, 0xe0, 0x0, 0x0, 0x1, 0xef, 0x90,
    0x7, 0xfe, 0x0, 0x0, 0x0, 0x5, 0xff, 0x40,
    0x7f, 0xe0, 0x0, 0x0, 0x0, 0x9, 0xfe, 0x10,

    /* U+0053 "S" */
    0x0, 0x0, 0x6b, 0xef, 0xfd, 0xa5, 0x0, 0x0,
    0x2e, 0xff, 0xff, 0xff, 0xff, 0xd1, 0x0, 0xef,
    0xe7, 0x21, 0x14, 0x8e, 0xc0, 0x6, 0xff, 0x20,
    0x0, 0x0, 0x0, 0x20, 0x9, 0xfc, 0x0, 0x0,
    0x0, 0x0, 0x0, 0x8, 0xfe, 0x0, 0x0, 0x0,
    0x0, 0x0, 0x3, 0xff, 0xc3, 0x0, 0x0, 0x0,
    0x0, 0x0, 0x7f, 0xff, 0xd9, 0x51, 0x0, 0x0,
    0x0, 0x4, 0xbf, 0xff, 0xff, 0xc5, 0x0, 0x0,
    0x0, 0x1, 0x59, 0xdf, 0xff, 0xb0, 0x0, 0x0,
    0x0, 0x0, 0x2, 0xaf, 0xf7, 0x0, 0x0, 0x0,
    0x0, 0x0, 0xb, 0xfc, 0x0, 0x0, 0x0, 0x0,
    0x0, 0x7, 0xfe, 0x5, 0x80, 0x0, 0x0, 0x0,
    0xc, 0xfb, 0xd, 0xfe, 0x84, 0x21, 0x25, 0xcf,
    0xf4, 0x3, 0xdf, 0xff, 0xff, 0xff, 0xff, 0x60,
    0x0, 0x4, 0x9d, 0xef, 0xec, 0x82, 0x0,

    /* U+0054 "T" */
    0xef, 0xff, 0xff, 0xff, 0xff, 0xff, 0xff, 0xef,
    0xff, 0xff, 0xff, 0xff, 0xff, 0xff, 0x11, 0x11,
    0x13, 0xff, 0x51, 0x11, 0x11, 0x0, 0x0, 0x2,
    0xff, 0x30, 0x0, 0x0, 0x0, 0x0, 0x2, 0xff,
    0x30, 0x0, 0x0, 0x0, 0x0, 0x2, 0xff, 0x30,
    0x0, 0x0, 0x0, 0x0, 0x2, 0xff, 0x30, 0x0,
    0x0, 0x0, 0x0, 0x2, 0xff, 0x30, 0x0, 0x0,
    0x0, 0x0, 0x2, 0xff, 0x30, 0x0, 0x0, 0x0,
    0x0, 0x2, 0xff, 0x30, 0x0, 0x0, 0x0, 0x0,
    0x2, 0xff, 0x30, 0x0, 0x0, 0x0, 0x0, 0x2,
    0xff, 0x30, 0x0, 0x0, 0x0, 0x0, 0x2, 0xff,
    0x30, 0x0, 0x0, 0x0, 0x0, 0x2, 0xff, 0x30,
    0x0, 0x0, 0x0, 0x0, 0x2, 0xff, 0x30, 0x0,
    0x0, 0x0, 0x0, 0x2, 0xff, 0x30, 0x0, 0x0,
    0x0, 0x0, 0x2, 0xff, 0x30, 0x0, 0x0,

    /* U+0055 "U" */
    0xaf, 0xc0, 0x0, 0x0, 0x0, 0x0, 0xcf, 0x9a,
    0xfc, 0x0, 0x0, 0x0, 0x0, 0xc, 0xf9, 0xaf,
    0xc0, 0x0, 0x0, 0x0, 0x0, 0xcf, 0x9a, 0xfc,
    0x0, 0x0, 0x0, 0x0, 0xc, 0xf9, 0xaf, 0xc0,
    0x0, 0x0, 0x0, 0x0, 0xcf, 0x9a, 0xfc, 0x0,
    0x0, 0x0, 0x0, 0xc, 0xf9, 0xaf, 0xc0, 0x0,
    0x0, 0x0, 0x0, 0xcf, 0x9a, 0xfc, 0x0, 0x0,
    0x0, 0x0, 0xc, 0xf9, 0xaf, 0xc0, 0x0, 0x0,
    0x0, 0x0, 0xcf, 0x99, 0xfc, 0x0, 0x0, 0x0,
    0x0, 0xc, 0xf9, 0x9f, 0xd0, 0x0, 0x0, 0x0,
    0x0, 0xdf, 0x87, 0xff, 0x0, 0x0, 0x0, 0x0,
    0xf, 0xf6, 0x3f, 0xf5, 0x0, 0x0, 0x0, 0x5,
    0xff, 0x20, 0xcf, 0xe1, 0x0, 0x0, 0x1, 0xef,
    0xc0, 0x3, 0xff, 0xe7, 0x32, 0x38, 0xef, 0xf3,
    0x0, 0x4, 0xff, 0xff, 0xff, 0xff, 0xe4, 0x0,
    0x0, 0x1, 0x7c, 0xef, 0xec, 0x71, 0x0, 0x0,

    /* U+0056 "V" */
    0xd, 0xfc, 0x0, 0x0, 0x0, 0x0, 0x0, 0x8,
    0xfe, 0x0, 0x6f, 0xf3, 0x0, 0x0, 0x0, 0x0,
    0x0, 0xef, 0x70, 0x0, 0xef, 0xa0, 0x0, 0x0,
    0x0, 0x0, 0x6f, 0xf1, 0x0, 0x8, 0xff, 0x10,
    0x0, 0x0, 0x0, 0xc, 0xf9, 0x0, 0x0, 0x1f,
    0xf8, 0x0, 0x0, 0x0, 0x4, 0xff, 0x20, 0x0,
    0x0, 0xaf, 0xe0, 0x0, 0x0, 0x0, 0xbf, 0xb0,
    0x0, 0x0, 0x3, 0xff, 0x50, 0x0, 0x0, 0x2f,
    0xf4, 0x0, 0x0, 0x0, 0xc, 0xfc, 0x0, 0x0,
    0x9, 0xfd, 0x0, 0x0, 0x0, 0x0, 0x5f, 0xf3,
    0x0, 0x0, 0xff, 0x60, 0x0, 0x0, 0x0, 0x0,
    0xef, 0xa0, 0x0, 0x7f, 0xf0, 0x0, 0x0, 0x0,
    0x0, 0x7, 0xff, 0x10, 0xd, 0xf8, 0x0, 0x0,
    0x0, 0x0, 0x0, 0x1f, 0xf8, 0x5, 0xff, 0x20,
    0x0, 0x0, 0x0, 0x0, 0x0, 0x9f, 0xe0, 0xcf,
    0xb0, 0x0, 0x0, 0x0, 0x0, 0x0, 0x2, 0xff,
    0x9f, 0xf4, 0x0, 0x0, 0x0, 0x0, 0x0, 0x0,
    0xb, 0xff, 0xfd, 0x0, 0x0, 0x0, 0x0, 0x0,
    0x0, 0x0, 0x4f, 0xff, 0x60, 0x0, 0x0, 0x0,
    0x0, 0x0, 0x0, 0x0, 0xdf, 0xe0, 0x0, 0x0,
    0x0, 0x0,

    /* U+0057 "W" */
    0x1f, 0xf6, 0x0, 0x0, 0x0, 0x0, 0xaf, 0xe0,
    0x0, 0x0, 0x0, 0x3, 0xff, 0x10, 0xbf, 0xb0,
    0x0, 0x0, 0x0, 0xf, 0xff, 0x30, 0x0, 0x0,
    0x0, 0x8f, 0xc0, 0x6, 0xff, 0x10, 0x0, 0x0,
    0x5, 0xff, 0xf8, 0x0, 0x0, 0x0, 0xd, 0xf6,
    0x0, 0x1f, 0xf6, 0x0, 0x0, 0x0, 0xbf, 0xef,
    0xe0, 0x0, 0x0, 0x3, 0xff, 0x10, 0x0, 0xbf,
    0xb0, 0x0, 0x0, 0x1f, 0xf4, 0xff, 0x30, 0x0,
    0x0, 0x8f, 0xc0, 0x0, 0x6, 0xff, 0x10, 0x0,
    0x6, 0xfd, 0xc, 0xf8, 0x0, 0x0, 0xd, 0xf6,
    0x0, 0x0, 0x1f, 0xf5, 0x0, 0x0, 0xbf, 0x70,
    0x6f, 0xe0, 0x0, 0x3, 0xff, 0x10, 0x0, 0x0,
    0xcf, 0xb0, 0x0, 0x1f, 0xf2, 0x1, 0xff, 0x30,
    0x0, 0x8f, 0xc0, 0x0, 0x0, 0x6, 0xff, 0x0,
    0x6, 0xfd, 0x0, 0xc, 0xf8, 0x0, 0xd, 0xf7,
    0x0, 0x0, 0x0, 0x1f, 0xf5, 0x0, 0xbf, 0x70,
    0x0, 0x6f, 0xe0, 0x3, 0xff, 0x10, 0x0, 0x0,
    0x0, 0xcf, 0xb0, 0x1f, 0xf2, 0x0, 0x1, 0xff,
    0x30, 0x8f, 0xc0, 0x0, 0x0, 0x0, 0x6, 0xff,
    0x6, 0xfc, 0x0, 0x0, 0xb, 0xf8, 0xd, 0xf7,
    0x0, 0x0, 0x0, 0x0, 0x1f, 0xf5, 0xcf, 0x70,
    0x0, 0x0, 0x6f, 0xe3, 0xff, 0x20, 0x0, 0x0,
    0x0, 0x0, 0xcf, 0xcf, 0xf2, 0x0, 0x0, 0x1,
    0xff, 0xbf, 0xc0, 0x0, 0x0, 0x0, 0x0, 0x7,
    0xff, 0xfc, 0x0, 0x0, 0x0, 0xb, 0xff, 0xf7,
    0x0, 0x0, 0x0, 0x0, 0x0, 0x1f, 0xff, 0x70,
    0x0, 0x0, 0x0, 0x6f, 0xff, 0x20, 0x0, 0x0,
    0x0, 0x0, 0x0, 0xcf, 0xf1, 0x0, 0x0, 0x0,
    0x1, 0xff, 0xc0, 0x0, 0x0, 0x0,

    /* U+0058 "X" */
    0x1e, 0xfc, 0x0, 0x0, 0x0, 0x0, 0x9f, 0xe1,
    0x3, 0xff, 0x80, 0x0, 0x0, 0x4, 0xff, 0x50,
    0x0, 0x8f, 0xf3, 0x0, 0x0, 0x1e, 0xf9, 0x0,
    0x0, 0xc, 0xfe, 0x10, 0x0, 0xbf, 0xd0, 0x0,
    0x0, 0x2, 0xff, 0xa0, 0x6, 0xff, 0x20, 0x0,
    0x0, 0x0, 0x5f, 0xf6, 0x2f, 0xf6, 0x0, 0x0,
    0x0, 0x0, 0xa, 0xff, 0xdf, 0xb0, 0x0, 0x0,
    0x0, 0x0, 0x0, 0xef, 0xfe, 0x10, 0x0, 0x0,
    0x0, 0x0, 0x0, 0x9f, 0xfb, 0x0, 0x0, 0x0,
    0x0, 0x0, 0x4, 0xff, 0xff, 0x60, 0x0, 0x0,
    0x0, 0x0, 0x1e, 0xfa, 0x9f, 0xf2, 0x0, 0x0,
    0x0, 0x0, 0xbf, 0xe1, 0xd, 0xfd, 0x0, 0x0,
    0x0, 0x6, 0xff, 0x40, 0x2, 0xff, 0x90, 0x0,
    0x0, 0x2f, 0xf8, 0x0, 0x0, 0x6f, 0xf5, 0x0,
    0x0, 0xdf, 0xd0, 0x0, 0x0, 0xb, 0xfe, 0x10,
    0x9, 0xff, 0x20, 0x0, 0x0, 0x1, 0xef, 0xb0,
    0x5f, 0xf6, 0x0, 0x0, 0x0, 0x0, 0x4f, 0xf7,

    /* U+0059 "Y" */
    0xc, 0xfc, 0x0, 0x0, 0x0, 0x0, 0x1, 0xff,
    0x50, 0x3f, 0xf5, 0x0, 0x0, 0x0, 0x0, 0xaf,
    0xb0, 0x0, 0x9f, 0xe0, 0x0, 0x0, 0x0, 0x4f,
    0xf2, 0x0, 0x1, 0xef, 0x90, 0x0, 0x0, 0xd,
    0xf8, 0x0, 0x0, 0x6, 0xff, 0x20, 0x0, 0x7,
    0xfe, 0x0, 0x0, 0x0, 0xc, 0xfc, 0x0, 0x1,
    0xff, 0x50, 0x0, 0x0, 0x0, 0x3f, 0xf5, 0x0,
    0xaf, 0xb0, 0x0, 0x0, 0x0, 0x0, 0x9f, 0xe0,
    0x4f, 0xf2, 0x0, 0x0, 0x0, 0x0, 0x1, 0xef,
    0x9d, 0xf8, 0x0, 0x0, 0x0, 0x0, 0x0, 0x6,
    0xff, 0xfe, 0x0, 0x0, 0x0, 0x0, 0x0, 0x0,
    0xc, 0xff, 0x50, 0x0, 0x0, 0x0, 0x0, 0x0,
    0x0, 0x6f, 0xf0, 0x0, 0x0, 0x0, 0x0, 0x0,
    0x0, 0x6, 0xff, 0x0, 0x0, 0x0, 0x0, 0x0,
    0x0, 0x0, 0x6f, 0xf0, 0x0, 0x0, 0x0, 0x0,
    0x0, 0x0, 0x6, 0xff, 0x0, 0x0, 0x0, 0x0,
    0x0, 0x0, 0x0, 0x6f, 0xf0, 0x0, 0x0, 0x0,
    0x0, 0x0, 0x0, 0x6, 0xff, 0x0, 0x0, 0x0,
    0x0,

    /* U+005A "Z" */
    0xcf, 0xff, 0xff, 0xff, 0xff, 0xff, 0xfc, 0xc,
    0xff, 0xff, 0xff, 0xff, 0xff, 0xff, 0xb0, 0x11,
    0x11, 0x11, 0x11, 0x11, 0xcf, 0xf2, 0x0, 0x0,
    0x0, 0x0, 0x0, 0x8f, 0xf4, 0x0, 0x0, 0x0,
    0x0, 0x0, 0x5f, 0xf8, 0x0, 0x0, 0x0, 0x0,
    0x0, 0x2f, 0xfb, 0x0, 0x0, 0x0, 0x0, 0x0,
    0xd, 0xfd, 0x0, 0x0, 0x0, 0x0, 0x0, 0xb,
    0xff, 0x20, 0x0, 0x0, 0x0, 0x0, 0x8, 0xff,
    0x50, 0x0, 0x0, 0x0, 0x0, 0x4, 0xff, 0x80,
    0x0, 0x0, 0x0, 0x0, 0x2, 0xff, 0xb0, 0x0,
    0x0, 0x0, 0x0, 0x0, 0xdf, 0xd1, 0x0, 0x0,
    0x0, 0x0, 0x0, 0xbf, 0xf3, 0x0, 0x0, 0x0,
    0x0, 0x0, 0x8f, 0xf5, 0x0, 0x0, 0x0, 0x0,
    0x0, 0x4f, 0xfa, 0x11, 0x11, 0x11, 0x11, 0x11,
    0xe, 0xff, 0xff, 0xff, 0xff, 0xff, 0xff, 0xf1,
    0xff, 0xff, 0xff, 0xff, 0xff, 0xff, 0xff, 0x10,

    /* U+005B "[" */
    0x7f, 0xff, 0xf8, 0x7f, 0xfe, 0xe7, 0x7f, 0xd0,
    0x0, 0x7f, 0xd0, 0x0, 0x7f, 0xd0, 0x0, 0x7f,
    0xd0, 0x0, 0x7f, 0xd0, 0x0, 0x7f, 0xd0, 0x0,
    0x7f, 0xd0, 0x0, 0x7f, 0xd0, 0x0, 0x7f, 0xd0,
    0x0, 0x7f, 0xd0, 0x0, 0x7f, 0xd0, 0x0, 0x7f,
    0xd0, 0x0, 0x7f, 0xd0, 0x0, 0x7f, 0xd0, 0x0,
    0x7f, 0xd0, 0x0, 0x7f, 0xd0, 0x0, 0x7f, 0xd0,
    0x0, 0x7f, 0xd0, 0x0, 0x7f, 0xd0, 0x0, 0x7f,
    0xfe, 0xe7, 0x7f, 0xff, 0xf8,

    /* U+005C "\\" */
    0xbf, 0x50, 0x0, 0x0, 0x0, 0x6, 0xfb, 0x0,
    0x0, 0x0, 0x0, 0x1f, 0xf0, 0x0, 0x0, 0x0,
    0x0, 0xbf, 0x60, 0x0, 0x0, 0x0, 0x5, 0xfb,
    0x0, 0x0, 0x0, 0x0, 0xf, 0xf1, 0x0, 0x0,
    0x0, 0x0, 0xaf, 0x60, 0x0, 0x0, 0x0, 0x5,
    0xfc, 0x0, 0x0, 0x0, 0x0, 0xf, 0xf1, 0x0,
    0x0, 0x0, 0x0, 0xaf, 0x70, 0x0, 0x0, 0x0,
    0x4, 0xfc, 0x0, 0x0, 0x0, 0x0, 0xe, 0xf2,
    0x0, 0x0, 0x0, 0x0, 0x9f, 0x70, 0x0, 0x0,
    0x0, 0x4, 0xfd, 0x0, 0x0, 0x0, 0x0, 0xe,
    0xf2, 0x0, 0x0, 0x0, 0x0, 0x9f, 0x80, 0x0,
    0x0, 0x0, 0x3, 0xfd, 0x0, 0x0, 0x0, 0x0,
    0xe, 0xf3, 0x0, 0x0, 0x0, 0x0, 0x8f, 0x80,
    0x0, 0x0, 0x0, 0x3, 0xfe, 0x0, 0x0, 0x0,
    0x0, 0xd, 0xf3, 0x0, 0x0, 0x0, 0x0, 0x8f,
    0x90, 0x0, 0x0, 0x0, 0x2, 0xfe, 0x0,

    /* U+005D "]" */
    0x8f, 0xff, 0xf7, 0x8e, 0xef, 0xf7, 0x0, 0xd,
    0xf7, 0x0, 0xd, 0xf7, 0x0, 0xd, 0xf7, 0x0,
    0xd, 0xf7, 0x0, 0xd, 0xf7, 0x0, 0xd, 0xf7,
    0x0, 0xd, 0xf7, 0x0, 0xd, 0xf7, 0x0, 0xd,
    0xf7, 0x0, 0xd, 0xf7, 0x0, 0xd, 0xf7, 0x0,
    0xd, 0xf7, 0x0, 0xd, 0xf7, 0x0, 0xd, 0xf7,
    0x0, 0xd, 0xf7, 0x0, 0xd, 0xf7, 0x0, 0xd,
    0xf7, 0x0, 0xd, 0xf7, 0x0, 0xd, 0xf7, 0x8e,
    0xef, 0xf7, 0x8f, 0xff, 0xf7,

    /* U+005E "^" */
    0x0, 0x0, 0x2f, 0xf2, 0x0, 0x0, 0x0, 0x0,
    0x9f, 0xf9, 0x0, 0x0, 0x0, 0x0, 0xfc, 0xbf,
    0x10, 0x0, 0x0, 0x7, 0xf5, 0x5f, 0x70, 0x0,
    0x0, 0xd, 0xe0, 0xe, 0xd0, 0x0, 0x0, 0x4f,
    0x80, 0x8, 0xf4, 0x0, 0x0, 0xbf, 0x10, 0x1,
    0xfb, 0x0, 0x2, 0xfa, 0x0, 0x0, 0xaf, 0x20,
    0x9, 0xf4, 0x0, 0x0, 0x4f, 0x80, 0xf, 0xd0,
    0x0, 0x0, 0xd, 0xe0,

    /* U+005F "_" */
    0x88, 0x88, 0x88, 0x88, 0x88, 0x88, 0xff, 0xff,
    0xff, 0xff, 0xff, 0xff,

    /* U+0060 "`" */
    0x8, 0xff, 0x40, 0x0, 0x4, 0xef, 0x60, 0x0,
    0x1, 0xbf, 0x70,

    /* U+0061 "a" */
    0x0, 0x6b, 0xef, 0xfd, 0x81, 0x0, 0x2e, 0xff,
    0xff, 0xff, 0xfe, 0x10, 0xe, 0xb5, 0x10, 0x27,
    0xff, 0xb0, 0x1, 0x0, 0x0, 0x0, 0x6f, 0xf0,
    0x0, 0x0, 0x0, 0x0, 0x1f, 0xf3, 0x0, 0x37,
    0xaa, 0xaa, 0xaf, 0xf4, 0xa, 0xff, 0xff, 0xff,
    0xff, 0xf4, 0x6f, 0xf6, 0x10, 0x0, 0xf, 0xf4,
    0xbf, 0x90, 0x0, 0x0, 0xf, 0xf4, 0xcf, 0x80,
    0x0, 0x0, 0x5f, 0xf4, 0x8f, 0xe2, 0x0, 0x4,
    0xff, 0xf4, 0x1d, 0xff, 0xcb, 0xdf, 0xdf, 0xf4,
    0x1, 0x8d, 0xff, 0xd8, 0xe, 0xf4,

    /* U+0062 "b" */
    0xdf, 0x70, 0x0, 0x0, 0x0, 0x0, 0x0, 0xdf,
    0x70, 0x0, 0x0, 0x0, 0x0, 0x0, 0xdf, 0x70,
    0x0, 0x0, 0x0, 0x0, 0x0, 0xdf, 0x70, 0x0,
    0x0, 0x0, 0x0, 0x0, 0xdf, 0x70, 0x0, 0x0,
    0x0, 0x0, 0x0, 0xdf, 0x70, 0x7c, 0xfe, 0xc7,
    0x10, 0x0, 0xdf, 0x9d, 0xff, 0xff, 0xff, 0xe3,
    0x0, 0xdf, 0xff, 0xa3, 0x12, 0x6e, 0xfe, 0x20,
    0xdf, 0xf8, 0x0, 0x0, 0x1, 0xef, 0xa0, 0xdf,
    0xe0, 0x0, 0x0, 0x0, 0x6f, 0xf1, 0xdf, 0x90,
    0x0, 0x0, 0x0, 0x1f, 0xf3, 0xdf, 0x70, 0x0,
    0x0, 0x0, 0xf, 0xf5, 0xdf, 0x90, 0x0, 0x0,
    0x0, 0x1f, 0xf3, 0xdf, 0xe0, 0x0, 0x0, 0x0,
    0x6f, 0xf1, 0xdf, 0xf8, 0x0, 0x0, 0x2, 0xef,
    0xa0, 0xdf, 0xff, 0xa3, 0x12, 0x6e, 0xff, 0x20,
    0xdf, 0x8d, 0xff, 0xff, 0xff, 0xe3, 0x0, 0xdf,
    0x60, 0x7d, 0xfe, 0xc7, 0x10, 0x0,

    /* U+0063 "c" */
    0x0, 0x3, 0xad, 0xfe, 0xc6, 0x0, 0x0, 0x9f,
    0xff, 0xff, 0xff, 0xc1, 0x9, 0xff, 0x93, 0x12,
    0x7f, 0xfa, 0x4f, 0xf6, 0x0, 0x0, 0x3, 0x91,
    0xaf, 0xc0, 0x0, 0x0, 0x0, 0x0, 0xdf, 0x70,
    0x0, 0x0, 0x0, 0x0, 0xff, 0x50, 0x0, 0x0,
    0x0, 0x0, 0xdf, 0x70, 0x0, 0x0, 0x0, 0x0,
    0xaf, 0xc0, 0x0, 0x0, 0x0, 0x0, 0x4f, 0xf6,
    0x0, 0x0, 0x2, 0x91, 0x9, 0xff, 0x93, 0x12,
    0x7f, 0xfa, 0x0, 0x9f, 0xff, 0xff, 0xff, 0xc1,
    0x0, 0x3, 0xad, 0xfe, 0xc6, 0x0,

    /* U+0064 "d" */
    0x0, 0x0, 0x0, 0x0, 0x0, 0x2f, 0xf3, 0x0,
    0x0, 0x0, 0x0, 0x0, 0x2f, 0xf3, 0x0, 0x0,
    0x0, 0x0, 0x0, 0x2f, 0xf3, 0x0, 0x0, 0x0,
    0x0, 0x0, 0x2f, 0xf3, 0x0, 0x0, 0x0, 0x0,
    0x0, 0x2f, 0xf3, 0x0, 0x5, 0xbe, 0xfe, 0x92,
    0x2f, 0xf3, 0x1, 0xbf, 0xff, 0xff, 0xff, 0x7f,
    0xf3, 0xb, 0xff, 0x93, 0x12, 0x7f, 0xff, 0xf3,
    0x5f, 0xf6, 0x0, 0x0, 0x3, 0xff, 0xf3, 0xbf,
    0xc0, 0x0, 0x0, 0x0, 0x8f, 0xf3, 0xdf, 0x70,
    0x0, 0x0, 0x0, 0x3f, 0xf3, 0xff, 0x50, 0x0,
    0x0, 0x0, 0x1f, 0xf3, 0xdf, 0x70, 0x0, 0x0,
    0x0, 0x3f, 0xf3, 0xbf, 0xb0, 0x0, 0x0, 0x0,
    0x7f, 0xf3, 0x5f, 0xf5, 0x0, 0x0, 0x2, 0xef,
    0xf3, 0xb, 0xff, 0x71, 0x0, 0x5e, 0xff, 0xf3,
    0x1, 0xbf, 0xff, 0xef, 0xff, 0x7f, 0xf3, 0x0,
    0x5, 0xbe, 0xfe, 0xa3, 0xf, 0xf3,

    /* U+0065 "e" */
    0x0, 0x5, 0xbe, 0xfd, 0xa3, 0x0, 0x0, 0xa,
    0xff, 0xff, 0xff, 0xf8, 0x0, 0xa, 0xfe, 0x61,
    0x2, 0x8f, 0xf7, 0x4, 0xff, 0x20, 0x0, 0x0,
    0x5f, 0xf1, 0xaf, 0x90, 0x0, 0x0, 0x0, 0xcf,
    0x6d, 0xfc, 0xbb, 0xbb, 0xbb, 0xbd, 0xf9, 0xff,
    0xff, 0xff, 0xff, 0xff, 0xff, 0xad, 0xf6, 0x0,
    0x0, 0x0, 0x0, 0x0, 0xaf, 0xc0, 0x0, 0x0,
    0x0, 0x0, 0x4, 0xff, 0x60, 0x0, 0x0, 0x6,
    0x0, 0xa, 0xff, 0xa3, 0x11, 0x4b, 0xf8, 0x0,
    0x9, 0xff, 0xff, 0xff, 0xff, 0x40, 0x0, 0x3,
    0xad, 0xff, 0xd8, 0x10, 0x0,

    /* U+0066 "f" */
    0x0, 0x0, 0x8d, 0xfe, 0xa1, 0x0, 0xb, 0xff,
    0xff, 0xf0, 0x0, 0x4f, 0xf5, 0x0, 0x30, 0x0,
    0x7f, 0xd0, 0x0, 0x0, 0x0, 0x7f, 0xc0, 0x0,
    0x0, 0xaf, 0xff, 0xff, 0xff, 0x70, 0x9e, 0xff,
    0xfe, 0xee, 0x60, 0x0, 0x7f, 0xd0, 0x0, 0x0,
    0x0, 0x7f, 0xd0, 0x0, 0x0, 0x0, 0x7f, 0xd0,
    0x0, 0x0, 0x0, 0x7f, 0xd0, 0x0, 0x0, 0x0,
    0x7f, 0xd0, 0x0, 0x0, 0x0, 0x7f, 0xd0, 0x0,
    0x0, 0x0, 0x7f, 0xd0, 0x0, 0x0, 0x0, 0x7f,
    0xd0, 0x0, 0x0, 0x0, 0x7f, 0xd0, 0x0, 0x0,
    0x0, 0x7f, 0xd0, 0x0, 0x0, 0x0, 0x7f, 0xd0,
    0x0, 0x0,

    /* U+0067 "g" */
    0x0, 0x5, 0xbe, 0xfe, 0xa3, 0xd, 0xf5, 0x0,
    0xbf, 0xff, 0xff, 0xff, 0x8d, 0xf5, 0xb, 0xff,
    0x93, 0x12, 0x6e, 0xff, 0xf5, 0x4f, 0xf6, 0x0,
    0x0, 0x1, 0xef, 0xf5, 0xbf, 0xc0, 0x0, 0x0,
    0x0, 0x5f, 0xf5, 0xdf, 0x70, 0x0, 0x0, 0x0,
    0xf, 0xf5, 0xff, 0x50, 0x0, 0x0, 0x0, 0xe,
    0xf5, 0xdf, 0x70, 0x0, 0x0, 0x0, 0xf, 0xf5,
    0xaf, 0xc0, 0x0, 0x0, 0x0, 0x5f, 0xf5, 0x4f,
    0xf6, 0x0, 0x0, 0x1, 0xef, 0xf5, 0xa, 0xff,
    0xa3, 0x12, 0x6e, 0xff, 0xf5, 0x0, 0xbf, 0xff,
    0xff, 0xff, 0x8f, 0xf5, 0x0, 0x5, 0xbe, 0xfe,
    0xa3, 0xf, 0xf4, 0x0, 0x0, 0x0, 0x0, 0x0,
    0x2f, 0xf1, 0x3, 0x10, 0x0, 0x0, 0x0, 0xaf,
    0xd0, 0xd, 0xf9, 0x52, 0x11, 0x4b, 0xff, 0x50,
    0xa, 0xff, 0xff, 0xff, 0xff, 0xf7, 0x0, 0x0,
    0x28, 0xce, 0xff, 0xd9, 0x30, 0x0,

    /* U+0068 "h" */
    0xdf, 0x70, 0x0, 0x0, 0x0, 0x0, 0xd, 0xf7,
    0x0, 0x0, 0x0, 0x0, 0x0, 0xdf, 0x70, 0x0,
    0x0, 0x0, 0x0, 0xd, 0xf7, 0x0, 0x0, 0x0,
    0x0, 0x0, 0xdf, 0x70, 0x0, 0x0, 0x0, 0x0,
    0xd, 0xf7, 0x18, 0xdf, 0xfc, 0x70, 0x0, 0xdf,
    0xae, 0xff, 0xff, 0xff, 0xc0, 0xd, 0xff, 0xf8,
    0x31, 0x4a, 0xff, 0x90, 0xdf, 0xf5, 0x0, 0x0,
    0xa, 0xff, 0xd, 0xfc, 0x0, 0x0, 0x0, 0x3f,
    0xf2, 0xdf, 0x80, 0x0, 0x0, 0x1, 0xff, 0x3d,
    0xf7, 0x0, 0x0, 0x0, 0xf, 0xf4, 0xdf, 0x70,
    0x0, 0x0, 0x0, 0xff, 0x4d, 0xf7, 0x0, 0x0,
    0x0, 0xf, 0xf4, 0xdf, 0x70, 0x0, 0x0, 0x0,
    0xff, 0x4d, 0xf7, 0x0, 0x0, 0x0, 0xf, 0xf4,
    0xdf, 0x70, 0x0, 0x0, 0x0, 0xff, 0x4d, 0xf7,
    0x0, 0x0, 0x0, 0xf, 0xf4,

    /* U+0069 "i" */
    0xb, 0xf6, 0x2f, 0xfd, 0xb, 0xf7, 0x0, 0x0,
    0x0, 0x0, 0xd, 0xf7, 0xd, 0xf7, 0xd, 0xf7,
    0xd, 0xf7, 0xd, 0xf7, 0xd, 0xf7, 0xd, 0xf7,
    0xd, 0xf7, 0xd, 0xf7, 0xd, 0xf7, 0xd, 0xf7,
    0xd, 0xf7, 0xd, 0xf7,

    /* U+006A "j" */
    0x0, 0x0, 0x9, 0xf8, 0x0, 0x0, 0x1, 0xff,
    0xf0, 0x0, 0x0, 0xa, 0xf8, 0x0, 0x0, 0x0,
    0x0, 0x0, 0x0, 0x0, 0x0, 0x0, 0x0, 0x0,
    0x0, 0xbf, 0x90, 0x0, 0x0, 0xb, 0xf9, 0x0,
    0x0, 0x0, 0xbf, 0x90, 0x0, 0x0, 0xb, 0xf9,
    0x0, 0x0, 0x0, 0xbf, 0x90, 0x0, 0x0, 0xb,
    0xf9, 0x0, 0x0, 0x0, 0xbf, 0x90, 0x0, 0x0,
    0xb, 0xf9, 0x0, 0x0, 0x0, 0xbf, 0x90, 0x0,
    0x0, 0xb, 0xf9, 0x0, 0x0, 0x0, 0xbf, 0x90,
    0x0, 0x0, 0xb, 0xf9, 0x0, 0x0, 0x0, 0xbf,
    0x90, 0x0, 0x0, 0xb, 0xf9, 0x0, 0x0, 0x0,
    0xdf, 0x80, 0x4, 0x20, 0x5f, 0xf4, 0x0, 0xef,
    0xff, 0xfc, 0x0, 0x9, 0xef, 0xe9, 0x0, 0x0,

    /* U+006B "k" */
    0xdf, 0x70, 0x0, 0x0, 0x0, 0x0, 0xd, 0xf7,
    0x0, 0x0, 0x0, 0x0, 0x0, 0xdf, 0x70, 0x0,
    0x0, 0x0, 0x0, 0xd, 0xf7, 0x0, 0x0, 0x0,
    0x0, 0x0, 0xdf, 0x70, 0x0, 0x0, 0x0, 0x0,
    0xd, 0xf7, 0x0, 0x0, 0x3, 0xef, 0xa0, 0xdf,
    0x70, 0x0, 0x3, 0xff, 0xb0, 0xd, 0xf7, 0x0,
    0x4, 0xff, 0xb0, 0x0, 0xdf, 0x70, 0x5, 0xff,
    0xb0, 0x0, 0xd, 0xf7, 0x6, 0xff, 0xb0, 0x0,
    0x0, 0xdf, 0x77, 0xff, 0xf1, 0x0, 0x0, 0xd,
    0xfe, 0xff, 0xff, 0xb0, 0x0, 0x0, 0xdf, 0xff,
    0x87, 0xff, 0x70, 0x0, 0xd, 0xff, 0x70, 0xa,
    0xff, 0x40, 0x0, 0xdf, 0x90, 0x0, 0xd, 0xfe,
    0x10, 0xd, 0xf7, 0x0, 0x0, 0x2e, 0xfc, 0x0,
    0xdf, 0x70, 0x0, 0x0, 0x4f, 0xf9, 0xd, 0xf7,
    0x0, 0x0, 0x0, 0x7f, 0xf5,

    /* U+006C "l" */
    0xdf, 0x7d, 0xf7, 0xdf, 0x7d, 0xf7, 0xdf, 0x7d,
    0xf7, 0xdf, 0x7d, 0xf7, 0xdf, 0x7d, 0xf7, 0xdf,
    0x7d, 0xf7, 0xdf, 0x7d, 0xf7, 0xdf, 0x7d, 0xf7,
    0xdf, 0x7d, 0xf7,

    /* U+006D "m" */
    0xdf, 0x61, 0x9d, 0xfe, 0xb5, 0x0, 0x7, 0xcf,
    0xfd, 0x80, 0x0, 0xdf, 0xaf, 0xff, 0xff, 0xff,
    0x92, 0xef, 0xff, 0xff, 0xfd, 0x10, 0xdf, 0xfe,
    0x60, 0x3, 0xcf, 0xff, 0xfa, 0x20, 0x17, 0xff,
    0xa0, 0xdf, 0xf3, 0x0, 0x0, 0xe, 0xff, 0xa0,
    0x0, 0x0, 0x8f, 0xf0, 0xdf, 0xc0, 0x0, 0x0,
    0x9, 0xff, 0x20, 0x0, 0x0, 0x2f, 0xf3, 0xdf,
    0x80, 0x0, 0x0, 0x7, 0xff, 0x0, 0x0, 0x0,
    0xf, 0xf4, 0xdf, 0x70, 0x0, 0x0, 0x6, 0xfe,
    0x0, 0x0, 0x0, 0xf, 0xf4, 0xdf, 0x70, 0x0,
    0x0, 0x6, 0xfe, 0x0, 0x0, 0x0, 0xf, 0xf4,
    0xdf, 0x70, 0x0, 0x0, 0x6, 0xfe, 0x0, 0x0,
    0x0, 0xf, 0xf4, 0xdf, 0x70, 0x0, 0x0, 0x6,
    0xfe, 0x0, 0x0, 0x0, 0xf, 0xf4, 0xdf, 0x70,
    0x0, 0x0, 0x6, 0xfe, 0x0, 0x0, 0x0, 0xf,
    0xf4, 0xdf, 0x70, 0x0, 0x0, 0x6, 0xfe, 0x0,
    0x0, 0x0, 0xf, 0xf4, 0xdf, 0x70, 0x0, 0x0,
    0x6, 0xfe, 0x0, 0x0, 0x0, 0xf, 0xf4,

    /* U+006E "n" */
    0xdf, 0x61, 0x8d, 0xff, 0xc7, 0x0, 0xd, 0xf9,
    0xff, 0xff, 0xff, 0xfc, 0x0, 0xdf, 0xff, 0x61,
    0x2, 0x8f, 0xf9, 0xd, 0xff, 0x40, 0x0, 0x0,
    0x9f, 0xf0, 0xdf, 0xc0, 0x0, 0x0, 0x3, 0xff,
    0x2d, 0xf8, 0x0, 0x0, 0x0, 0x1f, 0xf3, 0xdf,
    0x70, 0x0, 0x0, 0x0, 0xff, 0x4d, 0xf7, 0x0,
    0x0, 0x0, 0xf, 0xf4, 0xdf, 0x70, 0x0, 0x0,
    0x0, 0xff, 0x4d, 0xf7, 0x0, 0x0, 0x0, 0xf,
    0xf4, 0xdf, 0x70, 0x0, 0x0, 0x0, 0xff, 0x4d,
    0xf7, 0x0, 0x0, 0x0, 0xf, 0xf4, 0xdf, 0x70,
    0x0, 0x0, 0x0, 0xff, 0x40,

    /* U+006F "o" */
    0x0, 0x4, 0xad, 0xfe, 0xb5, 0x0, 0x0, 0x0,
    0x9f, 0xff, 0xff, 0xff, 0xc1, 0x0, 0xa, 0xff,
    0x93, 0x12, 0x7f, 0xfd, 0x0, 0x4f, 0xf6, 0x0,
    0x0, 0x3, 0xff, 0x80, 0xaf, 0xc0, 0x0, 0x0,
    0x0, 0x8f, 0xe0, 0xdf, 0x70, 0x0, 0x0, 0x0,
    0x3f, 0xf1, 0xff, 0x50, 0x0, 0x0, 0x0, 0x1f,
    0xf3, 0xdf, 0x70, 0x0, 0x0, 0x0, 0x3f, 0xf1,
    0xaf, 0xc0, 0x0, 0x0, 0x0, 0x8f, 0xe0, 0x4f,
    0xf6, 0x0, 0x0, 0x3, 0xff, 0x80, 0xa, 0xff,
    0x93, 0x12, 0x7f, 0xfd, 0x0, 0x0, 0x9f, 0xff,
    0xff, 0xff, 0xc1, 0x0, 0x0, 0x4, 0xad, 0xfe,
    0xb5, 0x0, 0x0,

    /* U+0070 "p" */
    0xdf, 0x61, 0x8d, 0xfe, 0xc7, 0x10, 0x0, 0xdf,
    0x8e, 0xff, 0xff, 0xff, 0xe3, 0x0, 0xdf, 0xff,
    0x92, 0x0, 0x5d, 0xfe, 0x20, 0xdf, 0xf7, 0x0,
    0x0, 0x1, 0xef, 0xa0, 0xdf, 0xd0, 0x0, 0x0,
    0x0, 0x5f, 0xf1, 0xdf, 0x90, 0x0, 0x0, 0x0,
    0x1f, 0xf3, 0xdf, 0x70, 0x0, 0x0, 0x0, 0xf,
    0xf5, 0xdf, 0x90, 0x0, 0x0, 0x0, 0x1f, 0xf3,
    0xdf, 0xe0, 0x0, 0x0, 0x0, 0x6f, 0xf1, 0xdf,
    0xf8, 0x0, 0x0, 0x2, 0xef, 0xa0, 0xdf, 0xff,
    0xa3, 0x12, 0x6e, 0xff, 0x20, 0xdf, 0x9d, 0xff,
    0xff, 0xff, 0xe3, 0x0, 0xdf, 0x70, 0x7c, 0xfe,
    0xc7, 0x10, 0x0, 0xdf, 0x70, 0x0, 0x0, 0x0,
    0x0, 0x0, 0xdf, 0x70, 0x0, 0x0, 0x0, 0x0,
    0x0, 0xdf, 0x70, 0x0, 0x0, 0x0, 0x0, 0x0,
    0xdf, 0x70, 0x0, 0x0, 0x0, 0x0, 0x0, 0xdf,
    0x70, 0x0, 0x0, 0x0, 0x0, 0x0,

    /* U+0071 "q" */
    0x0, 0x5, 0xbe, 0xfe, 0xa2, 0xf, 0xf3, 0x1,
    0xbf, 0xff, 0xff, 0xff, 0x6f, 0xf3, 0xb, 0xff,
    0x93, 0x12, 0x7f, 0xff, 0xf3, 0x5f, 0xf6, 0x0,
    0x0, 0x3, 0xff, 0xf3, 0xbf, 0xc0, 0x0, 0x0,
    0x0, 0x8f, 0xf3, 0xdf, 0x70, 0x0, 0x0, 0x0,
    0x3f, 0xf3, 0xff, 0x50, 0x0, 0x0, 0x0, 0x1f,
    0xf3, 0xdf, 0x70, 0x0, 0x0, 0x0, 0x3f, 0xf3,
    0xbf, 0xc0, 0x0, 0x0, 0x0, 0x8f, 0xf3, 0x5f,
    0xf6, 0x0, 0x0, 0x3, 0xff, 0xf3, 0xb, 0xff,
    0x93, 0x12, 0x7f, 0xff, 0xf3, 0x1, 0xbf, 0xff,
    0xff, 0xff, 0x7f, 0xf3, 0x0, 0x5, 0xbe, 0xfe,
    0x92, 0x2f, 0xf3, 0x0, 0x0, 0x0, 0x0, 0x0,
    0x2f, 0xf3, 0x0, 0x0, 0x0, 0x0, 0x0, 0x2f,
    0xf3, 0x0, 0x0, 0x0, 0x0, 0x0, 0x2f, 0xf3,
    0x0, 0x0, 0x0, 0x0, 0x0, 0x2f, 0xf3, 0x0,
    0x0, 0x0, 0x0, 0x0, 0x2f, 0xf3,

    /* U+0072 "r" */
    0xdf, 0x61, 0x8d, 0xf0, 0xdf, 0x7e, 0xff, 0xf0,
    0xdf, 0xff, 0xb5, 0x40, 0xdf, 0xf7, 0x0, 0x0,
    0xdf, 0xd0, 0x0, 0x0, 0xdf, 0x90, 0x0, 0x0,
    0xdf, 0x70, 0x0, 0x0, 0xdf, 0x70, 0x0, 0x0,
    0xdf, 0x70, 0x0, 0x0, 0xdf, 0x70, 0x0, 0x0,
    0xdf, 0x70, 0x0, 0x0, 0xdf, 0x70, 0x0, 0x0,
    0xdf, 0x70, 0x0, 0x0,

    /* U+0073 "s" */
    0x0, 0x18, 0xcf, 0xfe, 0xb7, 0x10, 0x2, 0xef,
    0xff, 0xff, 0xff, 0xb0, 0xb, 0xfe, 0x41, 0x2,
    0x6c, 0x30, 0xf, 0xf5, 0x0, 0x0, 0x0, 0x0,
    0xe, 0xf9, 0x0, 0x0, 0x0, 0x0, 0x8, 0xff,
    0xd9, 0x52, 0x0, 0x0, 0x0, 0x8f, 0xff, 0xff,
    0xe9, 0x10, 0x0, 0x0, 0x47, 0xad, 0xff, 0xc0,
    0x0, 0x0, 0x0, 0x0, 0x5f, 0xf3, 0x1, 0x0,
    0x0, 0x0, 0xf, 0xf4, 0xe, 0xc6, 0x20, 0x3,
    0xaf, 0xf1, 0x3f, 0xff, 0xff, 0xff, 0xff, 0x60,
    0x1, 0x7b, 0xef, 0xfd, 0x92, 0x0,

    /* U+0074 "t" */
    0x0, 0x7f, 0xd0, 0x0, 0x0, 0x0, 0x7f, 0xd0,
    0x0, 0x0, 0x0, 0x7f, 0xd0, 0x0, 0x0, 0xaf,
    0xff, 0xff, 0xff, 0x70, 0x9e, 0xff, 0xfe, 0xee,
    0x60, 0x0, 0x7f, 0xd0, 0x0, 0x0, 0x0, 0x7f,
    0xd0, 0x0, 0x0, 0x0, 0x7f, 0xd0, 0x0, 0x0,
    0x0, 0x7f, 0xd0, 0x0, 0x0, 0x0, 0x7f, 0xd0,
    0x0, 0x0, 0x0, 0x7f, 0xd0, 0x0, 0x0, 0x0,
    0x7f, 0xd0, 0x0, 0x0, 0x0, 0x7f, 0xe0, 0x0,
    0x0, 0x0, 0x4f, 0xf7, 0x1, 0x50, 0x0, 0xc,
    0xff, 0xff, 0xf1, 0x0, 0x0, 0x9e, 0xfd, 0x81,

    /* U+0075 "u" */
    0xff, 0x60, 0x0, 0x0, 0x4, 0xff, 0xf, 0xf6,
    0x0, 0x0, 0x0, 0x4f, 0xf0, 0xff, 0x60, 0x0,
    0x0, 0x4, 0xff, 0xf, 0xf6, 0x0, 0x0, 0x0,
    0x4f, 0xf0, 0xff, 0x60, 0x0, 0x0, 0x4, 0xff,
    0xf, 0xf6, 0x0, 0x0, 0x0, 0x4f, 0xf0, 0xff,
    0x60, 0x0, 0x0, 0x4, 0xff, 0xe, 0xf6, 0x0,
    0x0, 0x0, 0x5f, 0xf0, 0xdf, 0x80, 0x0, 0x0,
    0x8, 0xff, 0xa, 0xfe, 0x0, 0x0, 0x1, 0xef,
    0xf0, 0x3f, 0xfb, 0x20, 0x4, 0xdf, 0xff, 0x0,
    0x8f, 0xff, 0xff, 0xff, 0x9f, 0xf0, 0x0, 0x4b,
    0xef, 0xea, 0x32, 0xff, 0x0,

    /* U+0076 "v" */
    0xd, 0xf9, 0x0, 0x0, 0x0, 0x1, 0xff, 0x30,
    0x6f, 0xf0, 0x0, 0x0, 0x0, 0x7f, 0xc0, 0x0,
    0xef, 0x60, 0x0, 0x0, 0xd, 0xf5, 0x0, 0x8,
    0xfd, 0x0, 0x0, 0x5, 0xfe, 0x0, 0x0, 0x2f,
    0xf3, 0x0, 0x0, 0xbf, 0x80, 0x0, 0x0, 0xbf,
    0xa0, 0x0, 0x2f, 0xf1, 0x0, 0x0, 0x4, 0xff,
    0x10, 0x9, 0xfa, 0x0, 0x0, 0x0, 0xd, 0xf7,
    0x1, 0xff, 0x30, 0x0, 0x0, 0x0, 0x6f, 0xe0,
    0x7f, 0xc0, 0x0, 0x0, 0x0, 0x0, 0xff, 0x5d,
    0xf5, 0x0, 0x0, 0x0, 0x0, 0x8, 0xfe, 0xfe,
    0x0, 0x0, 0x0, 0x0, 0x0, 0x2f, 0xff, 0x80,
    0x0, 0x0, 0x0, 0x0, 0x0, 0xbf, 0xf1, 0x0,
    0x0, 0x0,

    /* U+0077 "w" */
    0xaf, 0x80, 0x0, 0x0, 0x5, 0xff, 0x0, 0x0,
    0x0, 0xc, 0xf4, 0x5f, 0xd0, 0x0, 0x0, 0xb,
    0xff, 0x50, 0x0, 0x0, 0x2f, 0xe0, 0xe, 0xf3,
    0x0, 0x0, 0x1f, 0xff, 0xb0, 0x0, 0x0, 0x8f,
    0x80, 0x9, 0xf9, 0x0, 0x0, 0x7f, 0xbf, 0xf1,
    0x0, 0x0, 0xef, 0x20, 0x3, 0xfe, 0x0, 0x0,
    0xcf, 0x4b, 0xf7, 0x0, 0x4, 0xfc, 0x0, 0x0,
    0xdf, 0x40, 0x2, 0xfe, 0x5, 0xfc, 0x0, 0xa,
    0xf6, 0x0, 0x0, 0x7f, 0xa0, 0x8, 0xf8, 0x0,
    0xef, 0x20, 0xf, 0xf1, 0x0, 0x0, 0x2f, 0xf0,
    0xe, 0xf2, 0x0, 0x9f, 0x80, 0x5f, 0xb0, 0x0,
    0x0, 0xc, 0xf5, 0x4f, 0xc0, 0x0, 0x3f, 0xe0,
    0xbf, 0x50, 0x0, 0x0, 0x6, 0xfb, 0xaf, 0x60,
    0x0, 0xd, 0xf5, 0xfe, 0x0, 0x0, 0x0, 0x1,
    0xff, 0xff, 0x0, 0x0, 0x7, 0xff, 0xf9, 0x0,
    0x0, 0x0, 0x0, 0xaf, 0xfa, 0x0, 0x0, 0x1,
    0xff, 0xf3, 0x0, 0x0, 0x0, 0x0, 0x4f, 0xf4,
    0x0, 0x0, 0x0, 0xbf, 0xd0, 0x0, 0x0,

    /* U+0078 "x" */
    0x1e, 0xf8, 0x0, 0x0, 0x4, 0xff, 0x40, 0x4f,
    0xf4, 0x0, 0x1, 0xef, 0x80, 0x0, 0x8f, 0xe1,
    0x0, 0xbf, 0xb0, 0x0, 0x0, 0xcf, 0xb0, 0x7f,
    0xe1, 0x0, 0x0, 0x1, 0xef, 0xaf, 0xf4, 0x0,
    0x0, 0x0, 0x4, 0xff, 0xf7, 0x0, 0x0, 0x0,
    0x0, 0xd, 0xff, 0x10, 0x0, 0x0, 0x0, 0x8,
    0xff, 0xfb, 0x0, 0x0, 0x0, 0x4, 0xff, 0x5e,
    0xf7, 0x0, 0x0, 0x1, 0xef, 0x80, 0x4f, 0xf3,
    0x0, 0x0, 0xcf, 0xc0, 0x0, 0x8f, 0xe1, 0x0,
    0x8f, 0xe1, 0x0, 0x0, 0xcf, 0xb0, 0x4f, 0xf4,
    0x0, 0x0, 0x2, 0xff, 0x80,

    /* U+0079 "y" */
    0xd, 0xf9, 0x0, 0x0, 0x0, 0x1, 0xff, 0x30,
    0x6f, 0xf0, 0x0, 0x0, 0x0, 0x7f, 0xc0, 0x0,
    0xef, 0x60, 0x0, 0x0, 0xd, 0xf5, 0x0, 0x8,
    0xfd, 0x0, 0x0, 0x4, 0xfe, 0x0, 0x0, 0x2f,
    0xf4, 0x0, 0x0, 0xbf, 0x80, 0x0, 0x0, 0xbf,
    0xb0, 0x0, 0x2f, 0xf1, 0x0, 0x0, 0x4, 0xff,
    0x10, 0x8, 0xfa, 0x0, 0x0, 0x0, 0xd, 0xf8,
    0x0, 0xef, 0x30, 0x0, 0x0, 0x0, 0x6f, 0xe0,
    0x6f, 0xc0, 0x0, 0x0, 0x0, 0x0, 0xef, 0x6c,
    0xf5, 0x0, 0x0, 0x0, 0x0, 0x8, 0xfe, 0xfe,
    0x0, 0x0, 0x0, 0x0, 0x0, 0x1f, 0xff, 0x70,
    0x0, 0x0, 0x0, 0x0, 0x0, 0xaf, 0xf1, 0x0,
    0x0, 0x0, 0x0, 0x0, 0xa, 0xfa, 0x0, 0x0,
    0x0, 0x0, 0x0, 0x2, 0xff, 0x30, 0x0, 0x0,
    0x0, 0xa4, 0x2, 0xcf, 0xb0, 0x0, 0x0, 0x0,
    0x5f, 0xff, 0xff, 0xe1, 0x0, 0x0, 0x0, 0x0,
    0x8d, 0xfe, 0x91, 0x0, 0x0, 0x0, 0x0,

    /* U+007A "z" */
    0xe, 0xff, 0xff, 0xff, 0xff, 0xf6, 0xd, 0xee,
    0xee, 0xee, 0xff, 0xf5, 0x0, 0x0, 0x0, 0x1,
    0xef, 0xa0, 0x0, 0x0, 0x0, 0xc, 0xfd, 0x0,
    0x0, 0x0, 0x0, 0x8f, 0xf2, 0x0, 0x0, 0x0,
    0x5, 0xff, 0x40, 0x0, 0x0, 0x0, 0x2f, 0xf8,
    0x0, 0x0, 0x0, 0x0, 0xdf, 0xb0, 0x0, 0x0,
    0x0, 0xb, 0xfd, 0x10, 0x0, 0x0, 0x0, 0x7f,
    0xf2, 0x0, 0x0, 0x0, 0x4, 0xff, 0x50, 0x0,
    0x0, 0x0, 0xe, 0xff, 0xee, 0xee, 0xee, 0xe8,
    0xf, 0xff, 0xff, 0xff, 0xff, 0xf9,

    /* U+007B "{" */
    0x0, 0x3, 0xce, 0xf0, 0x2, 0xff, 0xfe, 0x0,
    0x8f, 0xe2, 0x0, 0xa, 0xfa, 0x0, 0x0, 0xbf,
    0x90, 0x0, 0xb, 0xf9, 0x0, 0x0, 0xbf, 0x90,
    0x0, 0xb, 0xf9, 0x0, 0x0, 0xbf, 0x90, 0x0,
    0xb, 0xf9, 0x0, 0x1, 0xef, 0x70, 0xa, 0xff,
    0xd1, 0x0, 0x9f, 0xfe, 0x20, 0x0, 0xd, 0xf8,
    0x0, 0x0, 0xbf, 0x90, 0x0, 0xb, 0xf9, 0x0,
    0x0, 0xbf, 0x90, 0x0, 0xb, 0xf9, 0x0, 0x0,
    0xbf, 0x90, 0x0, 0xb, 0xfa, 0x0, 0x0, 0x9f,
    0xe2, 0x0, 0x3, 0xff, 0xfe, 0x0, 0x4, 0xcf,
    0xf0,

    /* U+007C "|" */
    0x7f, 0xa7, 0xfa, 0x7f, 0xa7, 0xfa, 0x7f, 0xa7,
    0xfa, 0x7f, 0xa7, 0xfa, 0x7f, 0xa7, 0xfa, 0x7f,
    0xa7, 0xfa, 0x7f, 0xa7, 0xfa, 0x7f, 0xa7, 0xfa,
    0x7f, 0xa7, 0xfa, 0x7f, 0xa7, 0xfa, 0x7f, 0xa7,
    0xfa, 0x7f, 0xa0,

    /* U+007D "}" */
    0x8f, 0xd7, 0x0, 0x0, 0x8f, 0xff, 0x80, 0x0,
    0x0, 0xaf, 0xf0, 0x0, 0x0, 0x3f, 0xf1, 0x0,
    0x0, 0x2f, 0xf2, 0x0, 0x0, 0x2f, 0xf2, 0x0,
    0x0, 0x2f, 0xf2, 0x0, 0x0, 0x2f, 0xf2, 0x0,
    0x0, 0x2f, 0xf2, 0x0, 0x0, 0x2f, 0xf2, 0x0,
    0x0, 0xf, 0xf6, 0x0, 0x0, 0x8, 0xff, 0xf0,
    0x0, 0x9, 0xff, 0xf0, 0x0, 0x1f, 0xf5, 0x0,
    0x0, 0x2f, 0xf2, 0x0, 0x0, 0x2f, 0xf2, 0x0,
    0x0, 0x2f, 0xf2, 0x0, 0x0, 0x2f, 0xf2, 0x0,
    0x0, 0x2f, 0xf2, 0x0, 0x0, 0x2f, 0xf2, 0x0,
    0x0, 0x9f, 0xf0, 0x0, 0x8f, 0xff, 0xa0, 0x0,
    0x8f, 0xd8, 0x0, 0x0,

    /* U+007E "~" */
    0x3, 0xcf, 0xd5, 0x0, 0x0, 0xf8, 0xe, 0xfd,
    0xff, 0x90, 0x5, 0xf5, 0x6f, 0x60, 0x1b, 0xfe,
    0xbf, 0xe0, 0x8f, 0x0, 0x0, 0x6d, 0xfc, 0x20,

    /* U+00B0 "°" */
    0x0, 0x0, 0x0, 0x0, 0x2, 0xbf, 0xfb, 0x20,
    0x1e, 0xc5, 0x5c, 0xe2, 0x9d, 0x0, 0x0, 0xda,
    0xd8, 0x0, 0x0, 0x7e, 0xd7, 0x0, 0x0, 0x7e,
    0xac, 0x0, 0x0, 0xcb, 0x3f, 0xa2, 0x2a, 0xf3,
    0x4, 0xef, 0xfe, 0x40, 0x0, 0x2, 0x20, 0x0,

    /* U+00B2 "²" */
    0x2, 0xae, 0xfe, 0xb4, 0x0, 0x1f, 0xe9, 0x78,
    0xef, 0x40, 0x3, 0x10, 0x0, 0x2f, 0x90, 0x0,
    0x0, 0x0, 0x2f, 0x80, 0x0, 0x0, 0x1, 0xce,
    0x10, 0x0, 0x0, 0x1d, 0xf3, 0x0, 0x0, 0x3,
    0xee, 0x20, 0x0, 0x0, 0x4f, 0xc1, 0x0, 0x0,
    0x6, 0xff, 0x76, 0x66, 0x60, 0xe, 0xff, 0xff,
    0xff, 0xf2,

    /* U+2014 "—" */
    0xaa, 0xaa, 0xaa, 0xaa, 0xaa, 0xaa, 0xaa, 0xaa,
    0xaa, 0xaa, 0xaa, 0xaa, 0xff, 0xff, 0xff, 0xff,
    0xff, 0xff, 0xff, 0xff, 0xff, 0xff, 0xff, 0xff,

    /* U+2022 "•" */
    0x1, 0x64, 0x1, 0xef, 0xf7, 0x5f, 0xff, 0xd4,
    0xff, 0xfc, 0x8, 0xfd, 0x20,

    /* U+3001 "、" */
    0x3, 0x20, 0x0, 0x2, 0xff, 0x40, 0x0, 0x5,
    0xff, 0x40, 0x0, 0x4, 0xff, 0x40, 0x0, 0x4,
    0xfe, 0x20, 0x0, 0x7, 0xf9, 0x0, 0x0, 0x8,
    0x0,

    /* U+3002 "。" */
    0x0, 0x59, 0x82, 0x0, 0x9, 0xfe, 0xff, 0x30,
    0x3f, 0x60, 0xc, 0xc0, 0x6f, 0x10, 0x8, 0xf0,
    0x4f, 0x40, 0xb, 0xd0, 0xc, 0xe9, 0xcf, 0x50,
    0x0, 0x8c, 0xb5, 0x0,

    /* U+300C "「" */
    0x0, 0x0, 0x0, 0xf, 0xff, 0xff, 0xf6, 0xff,
    0xcb, 0xbb, 0x4f, 0xf2, 0x0, 0x0, 0xff, 0x20,
    0x0, 0xf, 0xf2, 0x0, 0x0, 0xff, 0x20, 0x0,
    0xf, 0xf2, 0x0, 0x0, 0xff, 0x20, 0x0, 0xf,
    0xf2, 0x0, 0x0, 0xff, 0x20, 0x0, 0x7, 0x71,
    0x0, 0x0,

    /* U+300D "」" */
    0x0, 0x0, 0x16, 0x60, 0x0, 0x2, 0xff, 0x0,
    0x0, 0x2f, 0xf0, 0x0, 0x2, 0xff, 0x0, 0x0,
    0x2f, 0xf0, 0x0, 0x2, 0xff, 0x0, 0x0, 0x2f,
    0xf0, 0x0, 0x2, 0xff, 0x0, 0x0, 0x2f, 0xf4,
    0xbb, 0xbb, 0xff, 0x6f, 0xff, 0xff, 0xf0,

    /* U+4E00 "一" */
    0xb, 0xbb, 0xbb, 0xbb, 0xbb, 0xbb, 0xbb, 0xbb,
    0xbb, 0xbb, 0xa0, 0xff, 0xff, 0xff, 0xff, 0xff,
    0xff, 0xff, 0xff, 0xff, 0xff, 0x1, 0x11, 0x11,
    0x11, 0x11, 0x11, 0x11, 0x11, 0x11, 0x11, 0x0,

    /* U+4E0A "上" */
    0x0, 0x0, 0x0, 0x0, 0x1, 0x10, 0x0, 0x0,
    0x0, 0x0, 0x0, 0x0, 0x0, 0x0, 0x0, 0xf,
    0xf0, 0x0, 0x0, 0x0, 0x0, 0x0, 0x0, 0x0,
    0x0, 0x0, 0xf, 0xf0, 0x0, 0x0, 0x0, 0x0,
    0x0, 0x0, 0x0, 0x0, 0x0, 0xf, 0xf0, 0x0,
    0x0, 0x0, 0x0, 0x0, 0x0, 0x0, 0x0, 0x0,
    0xf, 0xf0, 0x0, 0x0, 0x0, 0x0, 0x0, 0x0,
    0x0, 0x0, 0x0, 0xf, 0xf0, 0x0, 0x0, 0x0,
    0x0, 0x0, 0x0, 0x0, 0x0, 0x0, 0xf, 0xf0,
    0x0, 0x0, 0x0, 0x0, 0x0, 0x0, 0x0, 0x0,
    0x0, 0xf, 0xfb, 0xbb, 0xbb, 0xbb, 0xbb, 0x20,
    0x0, 0x0, 0x0, 0x0, 0xf, 0xff, 0xff, 0xff,
    0xff, 0xff, 0x30, 0x0, 0x0, 0x0, 0x0, 0xf,
    0xf3, 0x33, 0x33, 0x33, 0x33, 0x0, 0x0, 0x0,
    0x0, 0x0, 0xf, 0xf0, 0x0, 0x0, 0x0, 0x0,
    0x0, 0x0, 0x0, 0x0, 0x0, 0xf, 0xf0, 0x0,
    0x0, 0x0, 0x0, 0x0, 0x0, 0x0, 0x0, 0x0,
    0xf, 0xf0, 0x0, 0x0, 0x0, 0x0, 0x0, 0x0,
    0x0, 0x0, 0x0, 0xf, 0xf0, 0x0, 0x0, 0x0,
    0x0, 0x0, 0x0, 0x0, 0x0, 0x0, 0xf, 0xf0,
    0x0, 0x0, 0x0, 0x0, 0x0, 0x0, 0x0, 0x0,
    0x0, 0xf, 0xf0, 0x0, 0x0, 0x0, 0x0, 0x0,
    0x0, 0x0, 0x0, 0x0, 0xf, 0xf0, 0x0, 0x0,
    0x0, 0x0, 0x0, 0x0, 0x0, 0x0, 0x0, 0xf,
    0xf0, 0x0, 0x0, 0x0, 0x0, 0x0, 0x0, 0x0,
    0x0, 0x0, 0xf, 0xf0, 0x0, 0x0, 0x0, 0x0,
    0x0, 0x1d, 0xdd, 0xdd, 0xdd, 0xdf, 0xfd, 0xdd,
    0xdd, 0xdd, 0xdd, 0xd4, 0x2f, 0xff, 0xff, 0xff,
    0xff, 0xff, 0xff, 0xff, 0xff, 0xff, 0xf5, 0x0,
    0x0, 0x0, 0x0, 0x0, 0x0, 0x0, 0x0, 0x0,
    0x0, 0x0,

    /* U+4E0B "下" */
    0x0, 0x0, 0x0, 0x0, 0x0, 0x0, 0x0, 0x0,
    0x0, 0x0, 0x0, 0x1f, 0xff, 0xff, 0xff, 0xff,
    0xff, 0xff, 0xff, 0xff, 0xff, 0xfa, 0x1b, 0xbb,
    0xbb, 0xbb, 0xbd, 0xfd, 0xbb, 0xbb, 0xbb, 0xbb,
    0xb7, 0x0, 0x0, 0x0, 0x0, 0x7, 0xf6, 0x0,
    0x0, 0x0, 0x0, 0x0, 0x0, 0x0, 0x0, 0x0,
    0x7, 0xf6, 0x0, 0x0, 0x0, 0x0, 0x0, 0x0,
    0x0, 0x0, 0x0, 0x7, 0xf6, 0x0, 0x0, 0x0,
    0x0, 0x0, 0x0, 0x0, 0x0, 0x0, 0x7, 0xf6,
    0x0, 0x0, 0x0, 0x0, 0x0, 0x0, 0x0, 0x0,
    0x0, 0x7, 0xf6, 0x0, 0x0, 0x0, 0x0, 0x0,
    0x0, 0x0, 0x0, 0x0, 0x7, 0xfe, 0x60, 0x0,
    0x0, 0x0, 0x0, 0x0, 0x0, 0x0, 0x0, 0x7,
    0xff, 0xfc, 0x20, 0x0, 0x0, 0x0, 0x0, 0x0,
    0x0, 0x0, 0x7, 0xf9, 0xcf, 0xf8, 0x0, 0x0,
    0x0, 0x0, 0x0, 0x0, 0x0, 0x7, 0xf6, 0x8,
    0xff, 0xc2, 0x0, 0x0, 0x0, 0x0, 0x0, 0x0,
    0x7, 0xf6, 0x0, 0x3e, 0xff, 0x50, 0x0, 0x0,
    0x0, 0x0, 0x0, 0x7, 0xf6, 0x0, 0x1, 0xcf,
    0xe0, 0x0, 0x0, 0x0, 0x0, 0x0, 0x7, 0xf6,
    0x0, 0x0, 0xa, 0x30, 0x0, 0x0, 0x0, 0x0,
    0x0, 0x7, 0xf6, 0x0, 0x0, 0x0, 0x0, 0x0,
    0x0, 0x0, 0x0, 0x0, 0x7, 0xf6, 0x0, 0x0,
    0x0, 0x0, 0x0, 0x0, 0x0, 0x0, 0x0, 0x7,
    0xf6, 0x0, 0x0, 0x0, 0x0, 0x0, 0x0, 0x0,
    0x0, 0x0, 0x7, 0xf6, 0x0, 0x0, 0x0, 0x0,
    0x0, 0x0, 0x0, 0x0, 0x0, 0x7, 0xf6, 0x0,
    0x0, 0x0, 0x0, 0x0, 0x0, 0x0, 0x0, 0x0,
    0x7, 0xf6, 0x0, 0x0, 0x0, 0x0, 0x0,

    /* U+4E0D "不" */
    0x1, 0x11, 0x11, 0x11, 0x11, 0x11, 0x11, 0x11,
    0x11, 0x11, 0x10, 0x3f, 0xff, 0xff, 0xff, 0xff,
    0xff, 0xff, 0xff, 0xff, 0xff, 0xf2, 0x2d, 0xdd,
    0xdd, 0xdd, 0xdd, 0xdf, 0xfd, 0xdd, 0xdd, 0xdd,
    0xd1, 0x0, 0x0, 0x0, 0x0, 0x0, 0x7f, 0xb0,
    0x0, 0x0, 0x0, 0x0, 0x0, 0x0, 0x0, 0x0,
    0x3, 0xff, 0x20, 0x0, 0x0, 0x0, 0x0, 0x0,
    0x0, 0x0, 0x0, 0xd, 0xf9, 0x0, 0x0, 0x0,
    0x0, 0x0, 0x0, 0x0, 0x0, 0x0, 0xbf, 0xf9,
    0x0, 0x10, 0x0, 0x0, 0x0, 0x0, 0x0, 0x0,
    0x9, 0xff, 0xf9, 0xb, 0xe4, 0x0, 0x0, 0x0,
    0x0, 0x0, 0x0, 0x7f, 0xfa, 0xf9, 0x6, 0xff,
    0x60, 0x0, 0x0, 0x0, 0x0, 0x6, 0xff, 0x48,
    0xf9, 0x0, 0x5f, 0xf7, 0x0, 0x0, 0x0, 0x0,
    0x6f, 0xf5, 0x8, 0xf9, 0x0, 0x5, 0xff, 0x70,
    0x0, 0x0, 0x7, 0xff, 0x50, 0x8, 0xf9, 0x0,
    0x0, 0x5f, 0xf7, 0x0, 0x0, 0xaf, 0xf5, 0x0,
    0x8, 0xf9, 0x0, 0x0, 0x5, 0xff, 0x60, 0x2d,
    0xfe, 0x30, 0x0, 0x8, 0xf9, 0x0, 0x0, 0x0,
    0x6f, 0xf5, 0x9f, 0xc1, 0x0, 0x0, 0x8, 0xf9,
    0x0, 0x0, 0x0, 0x8, 0xf9, 0x5, 0x0, 0x0,
    0x0, 0x8, 0xf9, 0x0, 0x0, 0x0, 0x0, 0x60,
    0x0, 0x0, 0x0, 0x0, 0x8, 0xf9, 0x0, 0x0,
    0x0, 0x0, 0x0, 0x0, 0x0, 0x0, 0x0, 0x8,
    0xf9, 0x0, 0x0, 0x0, 0x0, 0x0, 0x0, 0x0,
    0x0, 0x0, 0x8, 0xf9, 0x0, 0x0, 0x0, 0x0,
    0x0, 0x0, 0x0, 0x0, 0x0, 0x8, 0xf9, 0x0,
    0x0, 0x0, 0x0, 0x0, 0x0, 0x0, 0x0, 0x0,
    0x8, 0xf9, 0x0, 0x0, 0x0, 0x0, 0x0,

    /* U+4E0E "与" */
    0x0, 0x0, 0x64, 0x0, 0x0, 0x0, 0x0, 0x0,
    0x0, 0x0, 0x0, 0x0, 0x2f, 0xc0, 0x0, 0x0,
    0x0, 0x0, 0x0, 0x0, 0x0, 0x0, 0x2, 0xfc,
    0x0, 0x0, 0x0, 0x0, 0x0, 0x0, 0x0, 0x0,
    0x0, 0x2f, 0xc0, 0x0, 0x0, 0x0, 0x0, 0x0,
    0x0, 0x0, 0x0, 0x2, 0xff, 0xff, 0xff, 0xff,
    0xff, 0xff, 0xff, 0xff, 0xe0, 0x0, 0x2f, 0xfd,
    0xdd, 0xdd, 0xdd, 0xdd, 0xdd, 0xdd, 0xdc, 0x0,
    0x2, 0xfc, 0x0, 0x0, 0x0, 0x0, 0x0, 0x0,
    0x0, 0x0, 0x0, 0x2f, 0xc0, 0x0, 0x0, 0x0,
    0x0, 0x0, 0x0, 0x0, 0x0, 0x2, 0xfc, 0x0,
    0x0, 0x0, 0x0, 0x0, 0x0, 0x0, 0x0, 0x0,
    0x2f, 0xc0, 0x0, 0x0, 0x0, 0x0, 0x0, 0x0,
    0x0, 0x0, 0x2, 0xff, 0xcc, 0xcc, 0xcc, 0xcc,
    0xcc, 0xcc, 0xca, 0x0, 0x0, 0x2f, 0xff, 0xff,
    0xff, 0xff, 0xff, 0xff, 0xff, 0xd0, 0x0, 0x0,
    0x0, 0x0, 0x0, 0x0, 0x0, 0x0, 0x0, 0xfc,
    0x0, 0x0, 0x0, 0x0, 0x0, 0x0, 0x0, 0x0,
    0x0, 0x1f, 0xc0, 0x0, 0x0, 0x0, 0x0, 0x0,
    0x0, 0x0, 0x0, 0x2, 0xfb, 0x1, 0xdd, 0xdd,
    0xdd, 0xdd, 0xdd, 0xdd, 0xdd, 0x40, 0x4f, 0x90,
    0x1f, 0xff, 0xff, 0xff, 0xff, 0xff, 0xff, 0xf4,
    0x5, 0xf8, 0x0, 0x0, 0x0, 0x0, 0x0, 0x0,
    0x0, 0x0, 0x0, 0x7f, 0x60, 0x0, 0x0, 0x0,
    0x0, 0x0, 0x0, 0x0, 0x0, 0xa, 0xf4, 0x0,
    0x0, 0x0, 0x0, 0x0, 0x0, 0x10, 0x0, 0x1,
    0xef, 0x10, 0x0, 0x0, 0x0, 0x0, 0x0, 0x9,
    0xff, 0xec, 0xff, 0xa0, 0x0, 0x0, 0x0, 0x0,
    0x0, 0x0, 0x4b, 0xce, 0xfe, 0x90, 0x0,

    /* U+4E13 "专" */
    0x0, 0x0, 0x0, 0x0, 0x4, 0x51, 0x0, 0x0,
    0x0, 0x0, 0x0, 0x0, 0x0, 0x0, 0x0, 0xd,
    0xf3, 0x0, 0x0, 0x0, 0x0, 0x0, 0x0, 0x0,
    0x0, 0x0, 0xf, 0xf0, 0x0, 0x0, 0x0, 0x0,
    0x0, 0x0, 0x6b, 0xbb, 0xbb, 0xbf, 0xfb, 0xbb,
    0xbb, 0xbb, 0xb4, 0x0, 0x0, 0x8f, 0xff, 0xff,
    0xff, 0xff, 0xff, 0xff, 0xff, 0xf5, 0x0, 0x0,
    0x0, 0x0, 0x0, 0xaf, 0x70, 0x0, 0x0, 0x0,
    0x0, 0x0, 0x0, 0x0, 0x0, 0x0, 0xdf, 0x30,
    0x0, 0x0, 0x0, 0x0, 0x0, 0x1, 0x11, 0x11,
    0x12, 0xff, 0x11, 0x11, 0x11, 0x11, 0x11, 0x10,
    0x5f, 0xff, 0xff, 0xff, 0xff, 0xff, 0xff, 0xff,
    0xff, 0xff, 0xf2, 0x3b, 0xbb, 0xbb, 0xbe, 0xfd,
    0xbb, 0xbb, 0xbb, 0xbb, 0xbb, 0xb1, 0x0, 0x0,
    0x0, 0x1f, 0xf2, 0x0, 0x0, 0x0, 0x0, 0x0,
    0x0, 0x0, 0x0, 0x0, 0x7f, 0xc0, 0x0, 0x0,
    0x0, 0x0, 0x0, 0x0, 0x0, 0x0, 0x0, 0xaf,
    0xed, 0xdd, 0xdd, 0xdd, 0xdd, 0x60, 0x0, 0x0,
    0x0, 0x0, 0x3f, 0xff, 0xff, 0xff, 0xff, 0xff,
    0x80, 0x0, 0x0, 0x0, 0x0, 0x0, 0x0, 0x0,
    0x0, 0x8, 0xfe, 0x20, 0x0, 0x0, 0x0, 0x1,
    0x30, 0x0, 0x0, 0x0, 0x7f, 0xf3, 0x0, 0x0,
    0x0, 0x0, 0xa, 0xfd, 0x71, 0x0, 0x8, 0xff,
    0x50, 0x0, 0x0, 0x0, 0x0, 0x6, 0xcf, 0xff,
    0xb5, 0xbf, 0xe4, 0x0, 0x0, 0x0, 0x0, 0x0,
    0x0, 0x2, 0x9f, 0xff, 0xff, 0x20, 0x0, 0x0,
    0x0, 0x0, 0x0, 0x0, 0x0, 0x1, 0x7e, 0xff,
    0xc3, 0x0, 0x0, 0x0, 0x0, 0x0, 0x0, 0x0,
    0x0, 0x0, 0x7f, 0xff, 0x40, 0x0, 0x0, 0x0,
    0x0, 0x0, 0x0, 0x0, 0x0, 0x1, 0xab, 0x0,
    0x0, 0x0, 0x0, 0x0, 0x0, 0x0, 0x0, 0x0,
    0x0, 0x0, 0x0, 0x0, 0x0,

    /* U+4E24 "两" */
    0x1, 0x11, 0x11, 0x11, 0x11, 0x11, 0x11, 0x11,
    0x11, 0x11, 0x10, 0xdf, 0xff, 0xff, 0xff, 0xff,
    0xff, 0xff, 0xff, 0xff, 0xff, 0xf6, 0x9b, 0xbb,
    0xbb, 0xbd, 0xfd, 0xbb, 0xbf, 0xfb, 0xbb, 0xbb,
    0xb4, 0x0, 0x0, 0x0, 0x6, 0xf8, 0x0, 0xf,
    0xe0, 0x0, 0x0, 0x0, 0x0, 0x0, 0x0, 0x6,
    0xf8, 0x0, 0xf, 0xe0, 0x0, 0x0, 0x0, 0x0,
    0x0, 0x0, 0x6, 0xf8, 0x0, 0xf, 0xe0, 0x0,
    0x0, 0x0, 0x4, 0xff, 0xff, 0xff, 0xff, 0xff,
    0xff, 0xff, 0xff, 0xff, 0x0, 0x4, 0xff, 0xdd,
    0xde, 0xfe, 0xdd, 0xdf, 0xfd, 0xdd, 0xff, 0x0,
    0x4, 0xfa, 0x0, 0x9, 0xf5, 0x0, 0x1f, 0xc0,
    0x0, 0xdf, 0x0, 0x4, 0xfa, 0x0, 0xb, 0xf2,
    0x0, 0x3f, 0xa0, 0x0, 0xdf, 0x0, 0x4, 0xfa,
    0x0, 0xe, 0xf2, 0x0, 0x5f, 0x80, 0x0, 0xdf,
    0x0, 0x4, 0xfa, 0x0, 0x3f, 0xfe, 0x30, 0x8f,
    0x60, 0x0, 0xdf, 0x0, 0x4, 0xfa, 0x0, 0x9f,
    0xaf, 0xf5, 0xcf, 0xe3, 0x0, 0xdf, 0x0, 0x4,
    0xfa, 0x2, 0xff, 0x15, 0xf5, 0xfe, 0xdf, 0x50,
    0xdf, 0x0, 0x4, 0xfa, 0xc, 0xf9, 0x0, 0x28,
    0xf9, 0x2e, 0xf4, 0xdf, 0x0, 0x4, 0xfa, 0x8f,
    0xd0, 0x0, 0x2f, 0xf2, 0x3, 0xc0, 0xdf, 0x0,
    0x4, 0xfa, 0x9, 0x10, 0x0, 0x9f, 0x80, 0x0,
    0x0, 0xdf, 0x0, 0x4, 0xfa, 0x0, 0x0, 0x0,
    0x7, 0x0, 0x0, 0x0, 0xdf, 0x0, 0x4, 0xfa,
    0x0, 0x0, 0x0, 0x0, 0x0, 0x0, 0x0, 0xef,
    0x0, 0x4, 0xfa, 0x0, 0x0, 0x0, 0x0, 0x0,
    0xc, 0xdd, 0xfd, 0x0, 0x4, 0xfa, 0x0, 0x0,
    0x0, 0x0, 0x0, 0x9, 0xff, 0xd4, 0x0,

    /* U+4E2A "个" */
    0x0, 0x0, 0x0, 0x0, 0x0, 0x36, 0x20, 0x0,
    0x0, 0x0, 0x0, 0x0, 0x0, 0x0, 0x0, 0x0,
    0xd, 0xf7, 0x0, 0x0, 0x0, 0x0, 0x0, 0x0,
    0x0, 0x0, 0x0, 0xa, 0xff, 0xc0, 0x0, 0x0,
    0x0, 0x0, 0x0, 0x0, 0x0, 0x0, 0x5, 0xff,
    0xdf, 0x80, 0x0, 0x0, 0x0, 0x0, 0x0, 0x0,
    0x0, 0x4, 0xff, 0x62, 0xff, 0x40, 0x0, 0x0,
    0x0, 0x0, 0x0, 0x0, 0x3, 0xff, 0xa0, 0x6,
    0xff, 0x40, 0x0, 0x0, 0x0, 0x0, 0x0, 0x4,
    0xef, 0xb0, 0x0, 0x9, 0xff, 0x40, 0x0, 0x0,
    0x0, 0x0, 0x6, 0xff, 0xb0, 0x0, 0x0, 0x9,
    0xff, 0x90, 0x0, 0x0, 0x0, 0x8, 0xff, 0xa0,
    0x0, 0x88, 0x0, 0x8, 0xff, 0xd5, 0x0, 0x0,
    0x3d, 0xff, 0x70, 0x0, 0xf, 0xf0, 0x0, 0x4,
    0xef, 0xfd, 0x60, 0x7f, 0xfe, 0x40, 0x0, 0x0,
    0xff, 0x0, 0x0, 0x1, 0x9f, 0xfa, 0x3, 0xf9,
    0x0, 0x0, 0x0, 0xf, 0xf0, 0x0, 0x0, 0x0,
    0x2a, 0x20, 0x1, 0x0, 0x0, 0x0, 0x0, 0xff,
    0x0, 0x0, 0x0, 0x0, 0x0, 0x0, 0x0, 0x0,
    0x0, 0x0, 0xf, 0xf0, 0x0, 0x0, 0x0, 0x0,
    0x0, 0x0, 0x0, 0x0, 0x0, 0x0, 0xff, 0x0,
    0x0, 0x0, 0x0, 0x0, 0x0, 0x0, 0x0, 0x0,
    0x0, 0xf, 0xf0, 0x0, 0x0, 0x0, 0x0, 0x0,
    0x0, 0x0, 0x0, 0x0, 0x0, 0xff, 0x0, 0x0,
    0x0, 0x0, 0x0, 0x0, 0x0, 0x0, 0x0, 0x0,
    0xf, 0xf0, 0x0, 0x0, 0x0, 0x0, 0x0, 0x0,
    0x0, 0x0, 0x0, 0x0, 0xff, 0x0, 0x0, 0x0,
    0x0, 0x0, 0x0, 0x0, 0x0, 0x0, 0x0, 0xf,
    0xf0, 0x0, 0x0, 0x0, 0x0, 0x0, 0x0, 0x0,
    0x0, 0x0, 0x0, 0xff, 0x0, 0x0, 0x0, 0x0,
    0x0, 0x0, 0x0, 0x0, 0x0, 0x0, 0xf, 0xf0,
    0x0, 0x0, 0x0, 0x0, 0x0,

    /* U+4E2D "中" */
    0x0, 0x0, 0x0, 0x0, 0xa, 0xd0, 0x0, 0x0,
    0x0, 0x0, 0x0, 0x0, 0x0, 0x0, 0xd, 0xf1,
    0x0, 0x0, 0x0, 0x0, 0x0, 0x0, 0x0, 0x0,
    0xd, 0xf1, 0x0, 0x0, 0x0, 0x0, 0x0, 0x0,
    0x0, 0x0, 0xd, 0xf1, 0x0, 0x0, 0x0, 0x0,
    0x2d, 0xdd, 0xdd, 0xdd, 0xdf, 0xfd, 0xdd, 0xdd,
    0xdd, 0xda, 0x2f, 0xff, 0xff, 0xff, 0xff, 0xff,
    0xff, 0xff, 0xff, 0xfc, 0x2f, 0xb0, 0x0, 0x0,
    0xd, 0xf1, 0x0, 0x0, 0x1, 0xfc, 0x2f, 0xb0,
    0x0, 0x0, 0xd, 0xf1, 0x0, 0x0, 0x1, 0xfc,
    0x2f, 0xb0, 0x0, 0x0, 0xd, 0xf1, 0x0, 0x0,
    0x1, 0xfc, 0x2f, 0xb0, 0x0, 0x0, 0xd, 0xf1,
    0x0, 0x0, 0x1, 0xfc, 0x2f, 0xb0, 0x0, 0x0,
    0xd, 0xf1, 0x0, 0x0, 0x1, 0xfc, 0x2f, 0xb0,
    0x0, 0x0, 0xd, 0xf1, 0x0, 0x0, 0x1, 0xfc,
    0x2f, 0xeb, 0xbb, 0xbb, 0xbf, 0xfc, 0xbb, 0xbb,
    0xbc, 0xfc, 0x2f, 0xff, 0xff, 0xff, 0xff, 0xff,
    0xff, 0xff, 0xff, 0xfc, 0x2f, 0xb0, 0x0, 0x0,
    0xd, 0xf1, 0x0, 0x0, 0x1, 0xfc, 0x2e, 0xa0,
    0x0, 0x0, 0xd, 0xf1, 0x0, 0x0, 0x0, 0xb8,
    0x0, 0x0, 0x0, 0x0, 0xd, 0xf1, 0x0, 0x0,
    0x0, 0x0, 0x0, 0x0, 0x0, 0x0, 0xd, 0xf1,
    0x0, 0x0, 0x0, 0x0, 0x0, 0x0, 0x0, 0x0,
    0xd, 0xf1, 0x0, 0x0, 0x0, 0x0, 0x0, 0x0,
    0x0, 0x0, 0xd, 0xf1, 0x0, 0x0, 0x0, 0x0,
    0x0, 0x0, 0x0, 0x0, 0xd, 0xf1, 0x0, 0x0,
    0x0, 0x0, 0x0, 0x0, 0x0, 0x0, 0xd, 0xf1,
    0x0, 0x0, 0x0, 0x0,

    /* U+4E3A "为" */
    0x0, 0x0, 0x0, 0x0, 0x5, 0x60, 0x0, 0x0,
    0x0, 0x0, 0x0, 0x0, 0x5, 0x20, 0x0, 0xef,
    0x10, 0x0, 0x0, 0x0, 0x0, 0x0, 0x8, 0xfc,
    0x0, 0xe, 0xf1, 0x0, 0x0, 0x0, 0x0, 0x0,
    0x0, 0xd, 0xf8, 0x0, 0xff, 0x0, 0x0, 0x0,
    0x0, 0x0, 0x0, 0x0, 0x4f, 0xf1, 0xf, 0xf0,
    0x0, 0x0, 0x0, 0x0, 0x0, 0x0, 0x0, 0xca,
    0x20, 0xff, 0x0, 0x0, 0x0, 0x0, 0x0, 0x0,
    0x0, 0x0, 0x0, 0x1f, 0xf0, 0x0, 0x0, 0x0,
    0x0, 0x0, 0xf, 0xff, 0xff, 0xff, 0xff, 0xff,
    0xff, 0xff, 0xff, 0xf3, 0x0, 0xbc, 0xcc, 0xcc,
    0xcf, 0xfc, 0xcc, 0xcc, 0xcc, 0xef, 0x30, 0x0,
    0x0, 0x0, 0x4, 0xfb, 0x0, 0x0, 0x0, 0xa,
    0xf3, 0x0, 0x0, 0x0, 0x0, 0x7f, 0x90, 0x0,
    0x0, 0x0, 0xaf, 0x30, 0x0, 0x0, 0x0, 0xb,
    0xf5, 0x18, 0x0, 0x0, 0xa, 0xf3, 0x0, 0x0,
    0x0, 0x0, 0xff, 0x1c, 0xf8, 0x0, 0x0, 0xaf,
    0x20, 0x0, 0x0, 0x0, 0x6f, 0xc0, 0x4f, 0xf2,
    0x0, 0xb, 0xf2, 0x0, 0x0, 0x0, 0xd, 0xf6,
    0x0, 0xcf, 0x90, 0x0, 0xcf, 0x10, 0x0, 0x0,
    0x7, 0xfd, 0x0, 0x5, 0xfe, 0x0, 0xc, 0xf0,
    0x0, 0x0, 0x3, 0xff, 0x50, 0x0, 0x7, 0x0,
    0x0, 0xef, 0x0, 0x0, 0x2, 0xef, 0x90, 0x0,
    0x0, 0x0, 0x0, 0xf, 0xe0, 0x0, 0x4, 0xef,
    0xc0, 0x0, 0x0, 0x0, 0x0, 0x2, 0xfc, 0x0,
    0x8, 0xff, 0xb0, 0x0, 0x0, 0x0, 0x10, 0x0,
    0x8f, 0x90, 0xd, 0xff, 0x90, 0x0, 0x0, 0x0,
    0xe, 0xfe, 0xff, 0xf2, 0x0, 0x7d, 0x40, 0x0,
    0x0, 0x0, 0x0, 0x8d, 0xfe, 0xb3, 0x0, 0x0,
    0x0, 0x0, 0x0, 0x0, 0x0, 0x0, 0x0, 0x0,
    0x0, 0x0,

    /* U+4E3B "主" */
    0x0, 0x0, 0x0, 0x0, 0x4, 0x30, 0x0, 0x0,
    0x0, 0x0, 0x0, 0x0, 0x0, 0x0, 0x0, 0x7f,
    0xc0, 0x0, 0x0, 0x0, 0x0, 0x0, 0x0, 0x0,
    0x0, 0x0, 0x1f, 0xf3, 0x0, 0x0, 0x0, 0x0,
    0x0, 0x0, 0x0, 0x0, 0x0, 0xa, 0xf8, 0x0,
    0x0, 0x0, 0x0, 0x0, 0x1b, 0xbb, 0xbb, 0xbb,
    0xbd, 0xfe, 0xbb, 0xbb, 0xbb, 0xbb, 0x70, 0x2f,
    0xff, 0xff, 0xff, 0xff, 0xff, 0xff, 0xff, 0xff,
    0xff, 0xb0, 0x1, 0x11, 0x11, 0x11, 0x15, 0xfa,
    0x11, 0x11, 0x11, 0x11, 0x10, 0x0, 0x0, 0x0,
    0x0, 0x4, 0xfa, 0x0, 0x0, 0x0, 0x0, 0x0,
    0x0, 0x0, 0x0, 0x0, 0x4, 0xfa, 0x0, 0x0,
    0x0, 0x0, 0x0, 0x0, 0x0, 0x0, 0x0, 0x4,
    0xfa, 0x0, 0x0, 0x0, 0x0, 0x0, 0x0, 0x0,
    0x0, 0x0, 0x4, 0xfa, 0x0, 0x0, 0x0, 0x0,
    0x0, 0x0, 0xbb, 0xbb, 0xbb, 0xbc, 0xfe, 0xbb,
    0xbb, 0xbb, 0xb5, 0x0, 0x0, 0xff, 0xff, 0xff,
    0xff, 0xff, 0xff, 0xff, 0xff, 0xf8, 0x0, 0x0,
    0x0, 0x0, 0x0, 0x4, 0xfa, 0x0, 0x0, 0x0,
    0x0, 0x0, 0x0, 0x0, 0x0, 0x0, 0x4, 0xfa,
    0x0, 0x0, 0x0, 0x0, 0x0, 0x0, 0x0, 0x0,
    0x0, 0x4, 0xfa, 0x0, 0x0, 0x0, 0x0, 0x0,
    0x0, 0x0, 0x0, 0x0, 0x4, 0xfa, 0x0, 0x0,
    0x0, 0x0, 0x0, 0x0, 0x0, 0x0, 0x0, 0x4,
    0xfa, 0x0, 0x0, 0x0, 0x0, 0x0, 0x0, 0x0,
    0x0, 0x0, 0x4, 0xfa, 0x0, 0x0, 0x0, 0x0,
    0x0, 0x8b, 0xbb, 0xbb, 0xbb, 0xbc, 0xfe, 0xbb,
    0xbb, 0xbb, 0xbb, 0xb4, 0xdf, 0xff, 0xff, 0xff,
    0xff, 0xff, 0xff, 0xff, 0xff, 0xff, 0xf6, 0x11,
    0x11, 0x11, 0x11, 0x11, 0x11, 0x11, 0x11, 0x11,
    0x11, 0x10,

    /* U+4E48 "么" */
    0x0, 0x0, 0x0, 0x0, 0x1, 0x0, 0x0, 0x0,
    0x0, 0x0, 0x0, 0x0, 0x0, 0x0, 0x0, 0x2f,
    0xb0, 0x0, 0x0, 0x0, 0x0, 0x0, 0x0, 0x0,
    0x0, 0x0, 0xaf, 0x90, 0x0, 0x0, 0x0, 0x0,
    0x0, 0x0, 0x0, 0x0, 0x2, 0xff, 0x10, 0x0,
    0x0, 0x0, 0x0, 0x0, 0x0, 0x0, 0x0, 0xa,
    0xf9, 0x0, 0x0, 0x0, 0x0, 0x0, 0x0, 0x0,
    0x0, 0x0, 0x4f, 0xf1, 0x0, 0xd, 0xc2, 0x0,
    0x0, 0x0, 0x0, 0x0, 0x0, 0xef, 0x60, 0x0,
    0x5f, 0xe0, 0x0, 0x0, 0x0, 0x0, 0x0, 0x9,
    0xfc, 0x0, 0x0, 0xdf, 0x60, 0x0, 0x0, 0x0,
    0x0, 0x0, 0x5f, 0xf3, 0x0, 0x5, 0xfd, 0x0,
    0x0, 0x0, 0x0, 0x0, 0x2, 0xff, 0x60, 0x0,
    0xd, 0xf5, 0x0, 0x0, 0x0, 0x0, 0x0, 0x1d,
    0xfa, 0x0, 0x0, 0x9f, 0xc0, 0x0, 0x0, 0x0,
    0x0, 0x0, 0xcf, 0xd0, 0x0, 0x3, 0xff, 0x20,
    0x0, 0x0, 0x0, 0x0, 0xc, 0xfd, 0x10, 0x0,
    0xd, 0xf8, 0x0, 0x0, 0x0, 0x0, 0x0, 0x1a,
    0xe1, 0x0, 0x0, 0xaf, 0xd0, 0x0, 0x19, 0xa0,
    0x0, 0x0, 0x0, 0x0, 0x0, 0x7, 0xff, 0x20,
    0x0, 0xe, 0xf5, 0x0, 0x0, 0x0, 0x0, 0x0,
    0x5f, 0xf6, 0x0, 0x0, 0x5, 0xfe, 0x10, 0x0,
    0x0, 0x0, 0x3, 0xff, 0x90, 0x0, 0x0, 0x0,
    0xbf, 0xa0, 0x0, 0x0, 0x0, 0x4f, 0xfa, 0x0,
    0x0, 0x0, 0x0, 0x3f, 0xf3, 0x0, 0x0, 0x5,
    0xff, 0xa0, 0x0, 0x1, 0x47, 0xad, 0xff, 0xfb,
    0x0, 0x0, 0x2f, 0xfe, 0x9a, 0xcd, 0xff, 0xff,
    0xff, 0xc9, 0xff, 0x30, 0x0, 0xd, 0xff, 0xff,
    0xed, 0xb9, 0x75, 0x20, 0x0, 0xaf, 0xa0, 0x0,
    0x1, 0x21, 0x10, 0x0, 0x0, 0x0, 0x0, 0x0,
    0x4d, 0x60, 0x0, 0x0, 0x0, 0x0, 0x0, 0x0,
    0x0, 0x0, 0x0, 0x0, 0x0,

    /* U+4E49 "义" */
    0x0, 0x0, 0x0, 0x0, 0x9, 0xd1, 0x0, 0x0,
    0x0, 0x0, 0x0, 0x0, 0x0, 0x0, 0x0, 0xb,
    0xf6, 0x0, 0x0, 0x0, 0x0, 0x0, 0x0, 0x3,
    0x70, 0x0, 0x5, 0xfc, 0x0, 0x0, 0xf, 0xb0,
    0x0, 0x0, 0xa, 0xf5, 0x0, 0x0, 0xff, 0x10,
    0x0, 0x3f, 0xb0, 0x0, 0x0, 0x5, 0xfa, 0x0,
    0x0, 0xcf, 0x40, 0x0, 0x7f, 0x70, 0x0, 0x0,
    0x0, 0xff, 0x10, 0x0, 0x8e, 0x40, 0x0, 0xbf,
    0x40, 0x0, 0x0, 0x0, 0x9f, 0x90, 0x0, 0x0,
    0x0, 0x1, 0xfe, 0x0, 0x0, 0x0, 0x0, 0x1f,
    0xf1, 0x0, 0x0, 0x0, 0x8, 0xf8, 0x0, 0x0,
    0x0, 0x0, 0x9, 0xfb, 0x0, 0x0, 0x0, 0xe,
    0xf2, 0x0, 0x0, 0x0, 0x0, 0x1, 0xef, 0x60,
    0x0, 0x0, 0x8f, 0xb0, 0x0, 0x0, 0x0, 0x0,
    0x0, 0x5f, 0xf2, 0x0, 0x2, 0xff, 0x20, 0x0,
    0x0, 0x0, 0x0, 0x0, 0xa, 0xfd, 0x10, 0x1d,
    0xf8, 0x0, 0x0, 0x0, 0x0, 0x0, 0x0, 0x0,
    0xcf, 0xc1, 0xcf, 0xc0, 0x0, 0x0, 0x0, 0x0,
    0x0, 0x0, 0x0, 0x1d, 0xfe, 0xfd, 0x10, 0x0,
    0x0, 0x0, 0x0, 0x0, 0x0, 0x0, 0x5, 0xff,
    0xf3, 0x0, 0x0, 0x0, 0x0, 0x0, 0x0, 0x0,
    0x0, 0x7f, 0xff, 0xfe, 0x40, 0x0, 0x0, 0x0,
    0x0, 0x0, 0x0, 0x3c, 0xff, 0xa1, 0xbf, 0xfa,
    0x10, 0x0, 0x0, 0x0, 0x0, 0x2a, 0xff, 0xe5,
    0x0, 0x8, 0xff, 0xf7, 0x0, 0x0, 0x0, 0x3a,
    0xff, 0xf9, 0x10, 0x0, 0x0, 0x3d, 0xff, 0xe7,
    0x10, 0xc, 0xff, 0xfa, 0x20, 0x0, 0x0, 0x0,
    0x0, 0x6e, 0xff, 0xf4, 0x9, 0xe8, 0x20, 0x0,
    0x0, 0x0, 0x0, 0x0, 0x0, 0x6d, 0xd0, 0x0,
    0x0, 0x0, 0x0, 0x0, 0x0, 0x0, 0x0, 0x0,
    0x0, 0x10,

    /* U+4E4B "之" */
    0x0, 0x0, 0x0, 0x0, 0x2, 0x10, 0x0, 0x0,
    0x0, 0x0, 0x0, 0x0, 0x0, 0x0, 0x0, 0x9f,
    0x90, 0x0, 0x0, 0x0, 0x0, 0x0, 0x0, 0x0,
    0x0, 0x0, 0x2f, 0xf1, 0x0, 0x0, 0x0, 0x0,
    0x0, 0x0, 0x0, 0x0, 0x0, 0xb, 0xf7, 0x0,
    0x0, 0x0, 0x0, 0x0, 0x0, 0x0, 0x0, 0x0,
    0x5, 0xfd, 0x0, 0x0, 0x0, 0x0, 0x0, 0x5,
    0xee, 0xee, 0xee, 0xee, 0xff, 0xee, 0xee, 0xee,
    0xee, 0x0, 0x5, 0xff, 0xff, 0xff, 0xff, 0xff,
    0xff, 0xff, 0xff, 0xff, 0x0, 0x0, 0x0, 0x0,
    0x0, 0x0, 0x0, 0x0, 0x0, 0x8f, 0xf5, 0x0,
    0x0, 0x0, 0x0, 0x0, 0x0, 0x0, 0x0, 0x8,
    0xff, 0x50, 0x0, 0x0, 0x0, 0x0, 0x0, 0x0,
    0x0, 0x0, 0x9f, 0xf5, 0x0, 0x0, 0x0, 0x0,
    0x0, 0x0, 0x0, 0x0, 0xa, 0xff, 0x50, 0x0,
    0x0, 0x0, 0x0, 0x0, 0x0, 0x0, 0x1, 0xcf,
    0xf4, 0x0, 0x0, 0x0, 0x0, 0x0, 0x0, 0x0,
    0x0, 0x3e, 0xfe, 0x30, 0x0, 0x0, 0x0, 0x0,
    0x0, 0x0, 0x0, 0x5, 0xff, 0xd2, 0x0, 0x0,
    0x0, 0x0, 0x0, 0x0, 0x0, 0x0, 0x9f, 0xfb,
    0x0, 0x0, 0x0, 0x0, 0x0, 0x0, 0x0, 0x0,
    0x2d, 0xff, 0x80, 0x0, 0x0, 0x0, 0x0, 0x0,
    0x0, 0x0, 0x6, 0xff, 0xe4, 0x0, 0x0, 0x0,
    0x0, 0x0, 0x0, 0x0, 0x8, 0xff, 0xfd, 0x10,
    0x0, 0x0, 0x0, 0x0, 0x0, 0x0, 0x0, 0x8f,
    0xff, 0xff, 0x92, 0x0, 0x0, 0x0, 0x0, 0x0,
    0x0, 0x6, 0xff, 0x41, 0xaf, 0xff, 0xd9, 0x64,
    0x32, 0x22, 0x22, 0x22, 0x4f, 0xf5, 0x0, 0x3,
    0xaf, 0xff, 0xff, 0xff, 0xff, 0xff, 0xfb, 0x3f,
    0x80, 0x0, 0x0, 0x0, 0x36, 0x8a, 0xcd, 0xee,
    0xff, 0xf7, 0x2, 0x0, 0x0, 0x0, 0x0, 0x0,
    0x0, 0x0, 0x0, 0x0, 0x0,

    /* U+4E58 "乘" */
    0x0, 0x0, 0x0, 0x0, 0x0, 0x0, 0x0, 0x0,
    0x0, 0x10, 0x0, 0x0, 0x1, 0x11, 0x22, 0x34,
    0x56, 0x79, 0xac, 0xdf, 0xf8, 0x0, 0x0, 0x5f,
    0xff, 0xff, 0xff, 0xff, 0xff, 0xed, 0xba, 0x86,
    0x0, 0x0, 0x9, 0x98, 0x77, 0x66, 0xdf, 0x30,
    0x0, 0x0, 0x0, 0x0, 0x0, 0x0, 0x0, 0x0,
    0x0, 0xcf, 0x20, 0x0, 0x0, 0x0, 0x0, 0x3f,
    0xff, 0xff, 0xff, 0xff, 0xff, 0xff, 0xff, 0xff,
    0xff, 0xfa, 0x1a, 0xaa, 0xaa, 0xaa, 0xaa, 0xef,
    0xba, 0xaa, 0xaa, 0xaa, 0xa6, 0x0, 0x0, 0x0,
    0x26, 0x30, 0xcf, 0x20, 0x66, 0x0, 0x0, 0x0,
    0x3, 0x55, 0x55, 0x9f, 0x70, 0xcf, 0x20, 0xff,
    0x0, 0x4b, 0x90, 0xc, 0xff, 0xff, 0xff, 0x70,
    0xcf, 0x20, 0xff, 0x7d, 0xff, 0xc1, 0x4, 0x55,
    0x55, 0xaf, 0x70, 0xcf, 0x20, 0xff, 0xff, 0xa3,
    0x0, 0x0, 0x0, 0x1, 0x9f, 0x70, 0xcf, 0x20,
    0xff, 0x40, 0x1, 0xb5, 0x1, 0x59, 0xdf, 0xff,
    0x70, 0xcf, 0x20, 0xff, 0x42, 0x29, 0xfa, 0xe,
    0xff, 0xea, 0xaf, 0x72, 0xef, 0x70, 0xcf, 0xff,
    0xff, 0xf4, 0x8, 0x83, 0x0, 0x13, 0x4e, 0xff,
    0xf8, 0x27, 0x88, 0x87, 0x30, 0x0, 0x0, 0x0,
    0x5, 0xff, 0xef, 0xbf, 0xa0, 0x0, 0x0, 0x0,
    0x0, 0x0, 0x1, 0xaf, 0xe2, 0xcf, 0x29, 0xfe,
    0x40, 0x0, 0x0, 0x0, 0x0, 0x7e, 0xfb, 0x10,
    0xcf, 0x20, 0x6f, 0xfb, 0x30, 0x0, 0x1, 0x7d,
    0xff, 0x60, 0x0, 0xcf, 0x20, 0x2, 0xcf, 0xfb,
    0x50, 0x6f, 0xff, 0x81, 0x0, 0x0, 0xcf, 0x20,
    0x0, 0x5, 0xef, 0xfc, 0x1d, 0x71, 0x0, 0x0,
    0x0, 0xcf, 0x20, 0x0, 0x0, 0x5, 0xc4, 0x0,
    0x0, 0x0, 0x0, 0x0, 0xcf, 0x20, 0x0, 0x0,
    0x0, 0x0,

    /* U+4E86 "了" */
    0x0, 0x0, 0x0, 0x0, 0x0, 0x0, 0x0, 0x0,
    0x0, 0x0, 0xaf, 0xff, 0xff, 0xff, 0xff, 0xff,
    0xff, 0xff, 0xff, 0xf1, 0x7b, 0xbb, 0xbb, 0xbb,
    0xbb, 0xbb, 0xbb, 0xbb, 0xff, 0xf1, 0x0, 0x0,
    0x0, 0x0, 0x0, 0x0, 0x0, 0x2b, 0xff, 0x50,
    0x0, 0x0, 0x0, 0x0, 0x0, 0x0, 0x7, 0xff,
    0xc1, 0x0, 0x0, 0x0, 0x0, 0x0, 0x0, 0x3,
    0xdf, 0xf8, 0x0, 0x0, 0x0, 0x0, 0x0, 0x0,
    0x0, 0x9f, 0xfb, 0x20, 0x0, 0x0, 0x0, 0x0,
    0x0, 0x0, 0xb, 0xfd, 0x50, 0x0, 0x0, 0x0,
    0x0, 0x0, 0x0, 0x0, 0xc, 0xf2, 0x0, 0x0,
    0x0, 0x0, 0x0, 0x0, 0x0, 0x0, 0xc, 0xf1,
    0x0, 0x0, 0x0, 0x0, 0x0, 0x0, 0x0, 0x0,
    0xc, 0xf1, 0x0, 0x0, 0x0, 0x0, 0x0, 0x0,
    0x0, 0x0, 0xc, 0xf1, 0x0, 0x0, 0x0, 0x0,
    0x0, 0x0, 0x0, 0x0, 0xc, 0xf1, 0x0, 0x0,
    0x0, 0x0, 0x0, 0x0, 0x0, 0x0, 0xc, 0xf1,
    0x0, 0x0, 0x0, 0x0, 0x0, 0x0, 0x0, 0x0,
    0xc, 0xf1, 0x0, 0x0, 0x0, 0x0, 0x0, 0x0,
    0x0, 0x0, 0xc, 0xf1, 0x0, 0x0, 0x0, 0x0,
    0x0, 0x0, 0x0, 0x0, 0xc, 0xf1, 0x0, 0x0,
    0x0, 0x0, 0x0, 0x0, 0x0, 0x0, 0xc, 0xf1,
    0x0, 0x0, 0x0, 0x0, 0x0, 0x0, 0x2, 0x0,
    0xc, 0xf1, 0x0, 0x0, 0x0, 0x0, 0x0, 0x0,
    0xf, 0xfe, 0xef, 0xf0, 0x0, 0x0, 0x0, 0x0,
    0x0, 0x0, 0x9, 0xce, 0xfe, 0x60, 0x0, 0x0,
    0x0, 0x0,

    /* U+4E8B "事" */
    0x0, 0x0, 0x0, 0x0, 0x2, 0x95, 0x0, 0x0,
    0x0, 0x0, 0x0, 0x47, 0x77, 0x77, 0x77, 0x79,
    0xfc, 0x77, 0x77, 0x77, 0x77, 0x70, 0x9f, 0xff,
    0xff, 0xff, 0xff, 0xff, 0xff, 0xff, 0xff, 0xff,
    0xf1, 0x24, 0x44, 0x44, 0x44, 0x47, 0xfb, 0x44,
    0x44, 0x44, 0x44, 0x40, 0x0, 0x8b, 0xbb, 0xbb,
    0xbc, 0xfd, 0xbb, 0xbb, 0xbb, 0xb2, 0x0, 0x0,
    0xdf, 0xff, 0xff, 0xff, 0xff, 0xff, 0xff, 0xff,
    0xf3, 0x0, 0x0, 0xdf, 0x21, 0x11, 0x15, 0xf9,
    0x11, 0x11, 0x1a, 0xf3, 0x0, 0x0, 0xdf, 0xaa,
    0xaa, 0xac, 0xfd, 0xaa, 0xaa, 0xae, 0xf3, 0x0,
    0x0, 0xdf, 0xff, 0xff, 0xff, 0xff, 0xff, 0xff,
    0xff, 0xf3, 0x0, 0x0, 0x12, 0x22, 0x22, 0x25,
    0xfa, 0x22, 0x22, 0x22, 0x20, 0x0, 0x8, 0xbb,
    0xbb, 0xbb, 0xbc, 0xfe, 0xbb, 0xbb, 0xbb, 0xb5,
    0x0, 0xc, 0xff, 0xff, 0xff, 0xff, 0xff, 0xff,
    0xff, 0xff, 0xf8, 0x0, 0x0, 0x0, 0x0, 0x0,
    0x5, 0xf9, 0x0, 0x0, 0x6, 0xf8, 0x0, 0xab,
    0xbb, 0xbb, 0xbb, 0xbc, 0xfd, 0xbb, 0xbb, 0xbc,
    0xfd, 0xb7, 0xef, 0xff, 0xff, 0xff, 0xff, 0xff,
    0xff, 0xff, 0xff, 0xff, 0xfa, 0x11, 0x11, 0x11,
    0x11, 0x15, 0xf9, 0x11, 0x11, 0x16, 0xf8, 0x10,
    0x0, 0x11, 0x11, 0x11, 0x15, 0xf9, 0x11, 0x11,
    0x16, 0xf8, 0x0, 0xc, 0xff, 0xff, 0xff, 0xff,
    0xff, 0xff, 0xff, 0xff, 0xf8, 0x0, 0x8, 0xbb,
    0xbb, 0xbb, 0xbc, 0xfe, 0xbb, 0xbb, 0xbd, 0xf8,
    0x0, 0x0, 0x0, 0x0, 0x0, 0x5, 0xf9, 0x0,
    0x0, 0x0, 0x10, 0x0, 0x0, 0x0, 0x8, 0xcc,
    0xbe, 0xf7, 0x0, 0x0, 0x0, 0x0, 0x0, 0x0,
    0x0, 0x6, 0xff, 0xff, 0xc1, 0x0, 0x0, 0x0,
    0x0, 0x0, 0x0, 0x0, 0x0, 0x0, 0x10, 0x0,
    0x0, 0x0, 0x0, 0x0, 0x0,

    /* U+4E8C "二" */
    0x0, 0x9b, 0xbb, 0xbb, 0xbb, 0xbb, 0xbb, 0xbb,
    0xbb, 0xb3, 0x0, 0x0, 0xdf, 0xff, 0xff, 0xff,
    0xff, 0xff, 0xff, 0xff, 0xf5, 0x0, 0x0, 0x0,
    0x0, 0x0, 0x0, 0x0, 0x0, 0x0, 0x0, 0x0,
    0x0, 0x0, 0x0, 0x0, 0x0, 0x0, 0x0, 0x0,
    0x0, 0x0, 0x0, 0x0, 0x0, 0x0, 0x0, 0x0,
    0x0, 0x0, 0x0, 0x0, 0x0, 0x0, 0x0, 0x0,
    0x0, 0x0, 0x0, 0x0, 0x0, 0x0, 0x0, 0x0,
    0x0, 0x0, 0x0, 0x0, 0x0, 0x0, 0x0, 0x0,
    0x0, 0x0, 0x0, 0x0, 0x0, 0x0, 0x0, 0x0,
    0x0, 0x0, 0x0, 0x0, 0x0, 0x0, 0x0, 0x0,
    0x0, 0x0, 0x0, 0x0, 0x0, 0x0, 0x0, 0x0,
    0x0, 0x0, 0x0, 0x0, 0x0, 0x0, 0x0, 0x0,
    0x0, 0x0, 0x0, 0x0, 0x0, 0x0, 0x0, 0x0,
    0x0, 0x0, 0x0, 0x0, 0x0, 0x0, 0x0, 0x0,
    0x0, 0x0, 0x0, 0x0, 0x0, 0x0, 0x0, 0x0,
    0x0, 0x0, 0x0, 0x0, 0x0, 0x0, 0x0, 0x0,
    0x0, 0x0, 0x0, 0x0, 0x0, 0x0, 0x0, 0x0,
    0x0, 0x0, 0x0, 0x0, 0x0, 0x0, 0x0, 0x0,
    0x0, 0x0, 0x0, 0x0, 0x0, 0x0, 0x0, 0x0,
    0x0, 0x0, 0x0, 0x0, 0x0, 0xbc, 0xcc, 0xcc,
    0xcc, 0xcc, 0xcc, 0xcc, 0xcc, 0xcc, 0xcc, 0xc4,
    0xef, 0xff, 0xff, 0xff, 0xff, 0xff, 0xff, 0xff,
    0xff, 0xff, 0xf6,

    /* U+4E8E "于" */
    0x2, 0xff, 0xff, 0xff, 0xff, 0xff, 0xff, 0xff,
    0xff, 0xf9, 0x0, 0x1, 0xcc, 0xcc, 0xcc, 0xcc,
    0xff, 0xcc, 0xcc, 0xcc, 0xc7, 0x0, 0x0, 0x0,
    0x0, 0x0, 0x0, 0xef, 0x0, 0x0, 0x0, 0x0,
    0x0, 0x0, 0x0, 0x0, 0x0, 0x0, 0xef, 0x0,
    0x0, 0x0, 0x0, 0x0, 0x0, 0x0, 0x0, 0x0,
    0x0, 0xef, 0x0, 0x0, 0x0, 0x0, 0x0, 0x0,
    0x0, 0x0, 0x0, 0x0, 0xef, 0x0, 0x0, 0x0,
    0x0, 0x0, 0x0, 0x0, 0x0, 0x0, 0x0, 0xef,
    0x0, 0x0, 0x0, 0x0, 0x0, 0x0, 0x0, 0x0,
    0x0, 0x0, 0xef, 0x0, 0x0, 0x0, 0x0, 0x0,
    0xbf, 0xff, 0xff, 0xff, 0xff, 0xff, 0xff, 0xff,
    0xff, 0xff, 0xf4, 0x8b, 0xbb, 0xbb, 0xbb, 0xbb,
    0xff, 0xbb, 0xbb, 0xbb, 0xbb, 0xb3, 0x0, 0x0,
    0x0, 0x0, 0x0, 0xef, 0x0, 0x0, 0x0, 0x0,
    0x0, 0x0, 0x0, 0x0, 0x0, 0x0, 0xef, 0x0,
    0x0, 0x0, 0x0, 0x0, 0x0, 0x0, 0x0, 0x0,
    0x0, 0xef, 0x0, 0x0, 0x0, 0x0, 0x0, 0x0,
    0x0, 0x0, 0x0, 0x0, 0xef, 0x0, 0x0, 0x0,
    0x0, 0x0, 0x0, 0x0, 0x0, 0x0, 0x0, 0xef,
    0x0, 0x0, 0x0, 0x0, 0x0, 0x0, 0x0, 0x0,
    0x0, 0x0, 0xef, 0x0, 0x0, 0x0, 0x0, 0x0,
    0x0, 0x0, 0x0, 0x0, 0x0, 0xef, 0x0, 0x0,
    0x0, 0x0, 0x0, 0x0, 0x0, 0x0, 0x0, 0x0,
    0xef, 0x0, 0x0, 0x0, 0x0, 0x0, 0x0, 0x0,
    0x1, 0xfe, 0xde, 0xfd, 0x0, 0x0, 0x0, 0x0,
    0x0, 0x0, 0x0, 0x0, 0xad, 0xef, 0xd4, 0x0,
    0x0, 0x0, 0x0, 0x0,

    /* U+4E9B "些" */
    0x0, 0x0, 0x2, 0x63, 0x0, 0x0, 0x46, 0x0,
    0x0, 0x0, 0x0, 0x0, 0x0, 0x6, 0xf7, 0x0,
    0x0, 0xbf, 0x20, 0x0, 0x0, 0x0, 0x0, 0x0,
    0x6, 0xf7, 0x0, 0x0, 0xbf, 0x20, 0x0, 0x5,
    0x0, 0x9, 0xf4, 0x6, 0xf7, 0x0, 0x0, 0xbf,
    0x20, 0x5, 0xef, 0x60, 0x9, 0xf5, 0x6, 0xff,
    0xff, 0xf2, 0xbf, 0x37, 0xdf, 0xfa, 0x20, 0x9,
    0xf5, 0x6, 0xfe, 0xdd, 0xd2, 0xbf, 0xff, 0xfa,
    0x20, 0x0, 0x9, 0xf5, 0x6, 0xf7, 0x0, 0x0,
    0xbf, 0xd7, 0x10, 0x0, 0x0, 0x9, 0xf5, 0x6,
    0xf7, 0x0, 0x0, 0xbf, 0x20, 0x0, 0x0, 0x0,
    0x9, 0xf5, 0x6, 0xf7, 0x0, 0x0, 0xbf, 0x20,
    0x0, 0x0, 0xc5, 0x9, 0xf5, 0x6, 0xf7, 0x0,
    0x0, 0xbf, 0x20, 0x0, 0x2, 0xfa, 0x9, 0xf5,
    0x6, 0xf8, 0x46, 0x92, 0xbf, 0x20, 0x0, 0x6,
    0xf7, 0x1b, 0xfa, 0xad, 0xff, 0xff, 0xf6, 0xaf,
    0xca, 0xaa, 0xcf, 0xf3, 0x9f, 0xff, 0xff, 0xc9,
    0x63, 0x0, 0x3e, 0xff, 0xff, 0xfe, 0x70, 0x3a,
    0x74, 0x20, 0x0, 0x0, 0x0, 0x0, 0x12, 0x21,
    0x0, 0x0, 0x0, 0x0, 0x0, 0x0, 0x0, 0x0,
    0x0, 0x0, 0x0, 0x0, 0x0, 0x0, 0x5f, 0xff,
    0xff, 0xff, 0xff, 0xff, 0xff, 0xff, 0xd0, 0x0,
    0x0, 0x4d, 0xdd, 0xdd, 0xdd, 0xdd, 0xdd, 0xdd,
    0xdd, 0xb0, 0x0, 0x0, 0x0, 0x0, 0x0, 0x0,
    0x0, 0x0, 0x0, 0x0, 0x0, 0x0, 0x0, 0x0,
    0x0, 0x0, 0x0, 0x0, 0x0, 0x0, 0x0, 0x0,
    0x0, 0x22, 0x22, 0x22, 0x22, 0x22, 0x22, 0x22,
    0x22, 0x22, 0x22, 0x21, 0xef, 0xff, 0xff, 0xff,
    0xff, 0xff, 0xff, 0xff, 0xff, 0xff, 0xf8, 0x9a,
    0xaa, 0xaa, 0xaa, 0xaa, 0xaa, 0xaa, 0xaa, 0xaa,
    0xaa, 0xa5,

    /* U+4EAE "亮" */
    0x0, 0x0, 0x0, 0x0, 0x0, 0x32, 0x0, 0x0,
    0x0, 0x0, 0x0, 0x0, 0x0, 0x0, 0x0, 0x7,
    0xfc, 0x0, 0x0, 0x0, 0x0, 0x0, 0x9a, 0xaa,
    0xaa, 0xaa, 0xaa, 0xff, 0xba, 0xaa, 0xaa, 0xaa,
    0xa4, 0xdf, 0xff, 0xff, 0xff, 0xff, 0xff, 0xff,
    0xff, 0xff, 0xff, 0xf7, 0x0, 0x0, 0x0, 0x0,
    0x0, 0x0, 0x0, 0x0, 0x0, 0x0, 0x0, 0x0,
    0x5, 0xff, 0xff, 0xff, 0xff, 0xff, 0xff, 0xff,
    0x0, 0x0, 0x0, 0x5, 0xfb, 0x99, 0x99, 0x99,
    0x99, 0x99, 0xef, 0x0, 0x0, 0x0, 0x5, 0xf5,
    0x0, 0x0, 0x0, 0x0, 0x0, 0xcf, 0x0, 0x0,
    0x0, 0x5, 0xff, 0xff, 0xff, 0xff, 0xff, 0xff,
    0xff, 0x0, 0x0, 0x0, 0x3, 0x88, 0x88, 0x88,
    0x88, 0x88, 0x88, 0x88, 0x0, 0x0, 0x0, 0x11,
    0x11, 0x11, 0x11, 0x11, 0x11, 0x11, 0x11, 0x11,
    0x0, 0xc, 0xff, 0xff, 0xff, 0xff, 0xff, 0xff,
    0xff, 0xff, 0xff, 0x50, 0xc, 0xfa, 0xaa, 0xaa,
    0xaa, 0xaa, 0xaa, 0xaa, 0xaa, 0xcf, 0x50, 0xc,
    0xf0, 0x0, 0x0, 0x0, 0x0, 0x0, 0x0, 0x0,
    0x5f, 0x50, 0xc, 0xf0, 0x0, 0xef, 0xff, 0xff,
    0xff, 0xf3, 0x0, 0x5f, 0x50, 0x7, 0xa0, 0x0,
    0xef, 0xaa, 0xaa, 0xad, 0xf3, 0x0, 0x27, 0x20,
    0x0, 0x0, 0x0, 0xfe, 0x0, 0x0, 0x9, 0xf3,
    0x0, 0x0, 0x0, 0x0, 0x0, 0x1, 0xfd, 0x0,
    0x0, 0x9, 0xf3, 0x0, 0x1, 0x0, 0x0, 0x0,
    0x8, 0xf9, 0x0, 0x0, 0x9, 0xf3, 0x0, 0x6,
    0xe4, 0x0, 0x1, 0x8f, 0xf3, 0x0, 0x0, 0x9,
    0xf4, 0x0, 0xb, 0xf5, 0x59, 0xcf, 0xff, 0x70,
    0x0, 0x0, 0x8, 0xff, 0xcc, 0xef, 0xf1, 0x6f,
    0xfe, 0x92, 0x0, 0x0, 0x0, 0x2, 0xcf, 0xff,
    0xeb, 0x40, 0x5, 0x30, 0x0, 0x0, 0x0, 0x0,
    0x0, 0x0, 0x0, 0x0, 0x0,

    /* U+4EC0 "什" */
    0x0, 0x0, 0x0, 0x47, 0x20, 0x0, 0x0, 0x6c,
    0x40, 0x0, 0x0, 0x0, 0x0, 0x0, 0xb, 0xf5,
    0x0, 0x0, 0x8, 0xf5, 0x0, 0x0, 0x0, 0x0,
    0x0, 0x1, 0xfe, 0x0, 0x0, 0x0, 0x8f, 0x50,
    0x0, 0x0, 0x0, 0x0, 0x0, 0x9f, 0x70, 0x0,
    0x0, 0x8, 0xf5, 0x0, 0x0, 0x0, 0x0, 0x0,
    0x1f, 0xe0, 0x0, 0x0, 0x0, 0x8f, 0x50, 0x0,
    0x0, 0x0, 0x0, 0x9, 0xf8, 0x0, 0x0, 0x0,
    0x8, 0xf5, 0x0, 0x0, 0x0, 0x0, 0x4, 0xff,
    0x20, 0x0, 0x0, 0x0, 0x8f, 0x50, 0x0, 0x0,
    0x0, 0x0, 0xdf, 0xf1, 0x0, 0x0, 0x0, 0x8,
    0xf6, 0x0, 0x0, 0x0, 0x0, 0x9f, 0xff, 0x12,
    0xff, 0xff, 0xff, 0xff, 0xff, 0xff, 0xff, 0xe0,
    0x6f, 0xfe, 0xf1, 0x2b, 0xbb, 0xbb, 0xbd, 0xfd,
    0xbb, 0xbb, 0xba, 0xe, 0xf6, 0xcf, 0x10, 0x0,
    0x0, 0x0, 0x8f, 0x50, 0x0, 0x0, 0x0, 0x88,
    0xc, 0xf1, 0x0, 0x0, 0x0, 0x8, 0xf5, 0x0,
    0x0, 0x0, 0x0, 0x0, 0xcf, 0x10, 0x0, 0x0,
    0x0, 0x8f, 0x50, 0x0, 0x0, 0x0, 0x0, 0xc,
    0xf1, 0x0, 0x0, 0x0, 0x8, 0xf5, 0x0, 0x0,
    0x0, 0x0, 0x0, 0xcf, 0x10, 0x0, 0x0, 0x0,
    0x8f, 0x50, 0x0, 0x0, 0x0, 0x0, 0xc, 0xf1,
    0x0, 0x0, 0x0, 0x8, 0xf5, 0x0, 0x0, 0x0,
    0x0, 0x0, 0xcf, 0x10, 0x0, 0x0, 0x0, 0x8f,
    0x50, 0x0, 0x0, 0x0, 0x0, 0xc, 0xf1, 0x0,
    0x0, 0x0, 0x8, 0xf5, 0x0, 0x0, 0x0, 0x0,
    0x0, 0xcf, 0x10, 0x0, 0x0, 0x0, 0x8f, 0x50,
    0x0, 0x0, 0x0, 0x0, 0xc, 0xf1, 0x0, 0x0,
    0x0, 0x8, 0xf5, 0x0, 0x0, 0x0, 0x0, 0x0,
    0xcf, 0x10, 0x0, 0x0, 0x0, 0x8f, 0x50, 0x0,
    0x0, 0x0, 0x0, 0xa, 0xd1, 0x0, 0x0, 0x0,
    0x8, 0xf5, 0x0, 0x0, 0x0,

    /* U+4ECD "仍" */
    0x0, 0x0, 0x0, 0x10, 0x0, 0x0, 0x0, 0x0,
    0x0, 0x0, 0x0, 0x0, 0x0, 0x0, 0x6f, 0x80,
    0x0, 0x0, 0x0, 0x0, 0x0, 0x0, 0x0, 0x0,
    0x0, 0xb, 0xf4, 0x4f, 0xff, 0xff, 0xff, 0xff,
    0xf6, 0x0, 0x0, 0x0, 0x1, 0xfe, 0x3, 0xbb,
    0xff, 0xbb, 0xbb, 0xff, 0x40, 0x0, 0x0, 0x0,
    0x8f, 0x80, 0x0, 0x1f, 0xe0, 0x0, 0xd, 0xf2,
    0x0, 0x0, 0x0, 0xe, 0xf2, 0x0, 0x1, 0xfd,
    0x0, 0x0, 0xff, 0x0, 0x0, 0x0, 0x8, 0xff,
    0x10, 0x0, 0x2f, 0xc0, 0x0, 0x1f, 0xd0, 0x0,
    0x0, 0x1, 0xff, 0xf1, 0x0, 0x3, 0xfb, 0x0,
    0x3, 0xfb, 0x0, 0x0, 0x0, 0xaf, 0xff, 0x10,
    0x0, 0x4f, 0xa0, 0x0, 0x5f, 0xa0, 0x0, 0x0,
    0x5f, 0xed, 0xf1, 0x0, 0x6, 0xf9, 0x0, 0x7,
    0xff, 0xff, 0xf8, 0xe, 0xf4, 0xcf, 0x10, 0x0,
    0x7f, 0x80, 0x0, 0x6b, 0xbb, 0xef, 0x80, 0x98,
    0xc, 0xf1, 0x0, 0x9, 0xf6, 0x0, 0x0, 0x0,
    0x9, 0xf7, 0x1, 0x0, 0xcf, 0x10, 0x0, 0xbf,
    0x40, 0x0, 0x0, 0x0, 0xaf, 0x60, 0x0, 0xc,
    0xf1, 0x0, 0xd, 0xf2, 0x0, 0x0, 0x0, 0xb,
    0xf4, 0x0, 0x0, 0xcf, 0x10, 0x1, 0xff, 0x0,
    0x0, 0x0, 0x0, 0xcf, 0x30, 0x0, 0xc, 0xf1,
    0x0, 0x5f, 0xb0, 0x0, 0x0, 0x0, 0xe, 0xf1,
    0x0, 0x0, 0xcf, 0x10, 0xa, 0xf7, 0x0, 0x0,
    0x0, 0x0, 0xff, 0x0, 0x0, 0xc, 0xf1, 0x2,
    0xff, 0x10, 0x0, 0x0, 0x0, 0x2f, 0xc0, 0x0,
    0x0, 0xcf, 0x10, 0xbf, 0xa0, 0x0, 0x0, 0x0,
    0x6, 0xf9, 0x0, 0x0, 0xc, 0xf1, 0x5f, 0xf2,
    0x0, 0x0, 0x15, 0x35, 0xef, 0x30, 0x0, 0x0,
    0xcf, 0x2f, 0xf8, 0x0, 0x0, 0x2, 0xff, 0xff,
    0xa0, 0x0, 0x0, 0xc, 0xf1, 0x4b, 0x0, 0x0,
    0x0, 0xa, 0xcb, 0x70, 0x0,

    /* U+4ECE "从" */
    0x0, 0x0, 0x8, 0x60, 0x0, 0x0, 0x4, 0x62,
    0x0, 0x0, 0x0, 0x0, 0x0, 0x1f, 0xc0, 0x0,
    0x0, 0xa, 0xf4, 0x0, 0x0, 0x0, 0x0, 0x0,
    0x1f, 0xc0, 0x0, 0x0, 0xa, 0xf4, 0x0, 0x0,
    0x0, 0x0, 0x0, 0x1f, 0xc0, 0x0, 0x0, 0xa,
    0xf4, 0x0, 0x0, 0x0, 0x0, 0x0, 0x1f, 0xc0,
    0x0, 0x0, 0xb, 0xf4, 0x0, 0x0, 0x0, 0x0,
    0x0, 0x1f, 0xc0, 0x0, 0x0, 0xc, 0xf3, 0x0,
    0x0, 0x0, 0x0, 0x0, 0x1f, 0xc0, 0x0, 0x0,
    0xd, 0xf3, 0x0, 0x0, 0x0, 0x0, 0x0, 0x2f,
    0xb0, 0x0, 0x0, 0xe, 0xf1, 0x0, 0x0, 0x0,
    0x0, 0x0, 0x2f, 0x90, 0x0, 0x0, 0xf, 0xf1,
    0x0, 0x0, 0x0, 0x0, 0x0, 0x4f, 0x80, 0x0,
    0x0, 0x1f, 0xf3, 0x0, 0x0, 0x0, 0x0, 0x0,
    0x6f, 0x70, 0x0, 0x0, 0x3f, 0xf8, 0x0, 0x0,
    0x0, 0x0, 0x0, 0x9f, 0xc1, 0x0, 0x0, 0x5f,
    0xfd, 0x0, 0x0, 0x0, 0x0, 0x0, 0xcf, 0xfe,
    0x20, 0x0, 0x9f, 0xef, 0x30, 0x0, 0x0, 0x0,
    0x1, 0xfe, 0x9f, 0xe2, 0x0, 0xdf, 0x6f, 0x90,
    0x0, 0x0, 0x0, 0x6, 0xfa, 0x8, 0xfd, 0x12,
    0xff, 0xb, 0xf1, 0x0, 0x0, 0x0, 0xc, 0xf5,
    0x0, 0xad, 0xa, 0xfa, 0x5, 0xf8, 0x0, 0x0,
    0x0, 0x3f, 0xe0, 0x0, 0x2, 0x2f, 0xf3, 0x0,
    0xdf, 0x30, 0x0, 0x0, 0xbf, 0x80, 0x0, 0x0,
    0xcf, 0xa0, 0x0, 0x4f, 0xd0, 0x0, 0x4, 0xff,
    0x10, 0x0, 0x9, 0xfe, 0x10, 0x0, 0xa, 0xfb,
    0x0, 0x1e, 0xf8, 0x0, 0x0, 0x7f, 0xf3, 0x0,
    0x0, 0x1, 0xef, 0xa0, 0x9f, 0xd0, 0x0, 0x9,
    0xff, 0x40, 0x0, 0x0, 0x0, 0x3f, 0xf9, 0x2c,
    0x20, 0x0, 0x7, 0xf4, 0x0, 0x0, 0x0, 0x0,
    0x4, 0xc1, 0x0, 0x0, 0x0, 0x0, 0x10, 0x0,
    0x0, 0x0, 0x0, 0x0, 0x0,

    /* U+4EE3 "代" */
    0x0, 0x0, 0x0, 0x34, 0x0, 0x6, 0x91, 0x0,
    0x0, 0x0, 0x0, 0x0, 0x0, 0x0, 0xc, 0xf4,
    0x0, 0xaf, 0x30, 0x3d, 0x90, 0x0, 0x0, 0x0,
    0x0, 0x2, 0xfd, 0x0, 0x8, 0xf5, 0x2, 0xef,
    0x60, 0x0, 0x0, 0x0, 0x0, 0x9f, 0x50, 0x0,
    0x6f, 0x70, 0x2, 0xff, 0x20, 0x0, 0x0, 0x0,
    0x2f, 0xe0, 0x0, 0x5, 0xf9, 0x0, 0x6, 0xf6,
    0x0, 0x0, 0x0, 0xa, 0xf7, 0x0, 0x0, 0x3f,
    0xa0, 0x0, 0x1, 0x0, 0x0, 0x0, 0x4, 0xff,
    0x10, 0x0, 0x1, 0xfc, 0x1, 0x35, 0x79, 0xbd,
    0x30, 0x0, 0xef, 0xf1, 0x4, 0x68, 0xaf, 0xff,
    0xff, 0xff, 0xff, 0xf4, 0x0, 0xaf, 0xff, 0x12,
    0xff, 0xff, 0xff, 0xdb, 0x97, 0x53, 0x10, 0x0,
    0x7f, 0xee, 0xf1, 0x9, 0x75, 0x3b, 0xf4, 0x0,
    0x0, 0x0, 0x0, 0xe, 0xf4, 0xcf, 0x10, 0x0,
    0x0, 0x7f, 0x70, 0x0, 0x0, 0x0, 0x0, 0x76,
    0xc, 0xf1, 0x0, 0x0, 0x4, 0xfa, 0x0, 0x0,
    0x0, 0x0, 0x0, 0x0, 0xcf, 0x10, 0x0, 0x0,
    0x1f, 0xe0, 0x0, 0x0, 0x0, 0x0, 0x0, 0xc,
    0xf1, 0x0, 0x0, 0x0, 0xcf, 0x30, 0x0, 0x0,
    0x0, 0x0, 0x0, 0xcf, 0x10, 0x0, 0x0, 0x7,
    0xf9, 0x0, 0x0, 0x0, 0x0, 0x0, 0xc, 0xf1,
    0x0, 0x0, 0x0, 0x2f, 0xe0, 0x0, 0x0, 0x0,
    0x0, 0x0, 0xcf, 0x10, 0x0, 0x0, 0x0, 0xbf,
    0x80, 0x0, 0x6, 0x20, 0x0, 0xc, 0xf1, 0x0,
    0x0, 0x0, 0x3, 0xff, 0x30, 0x0, 0xfc, 0x0,
    0x0, 0xcf, 0x10, 0x0, 0x0, 0x0, 0x9, 0xfe,
    0x10, 0x4f, 0xa0, 0x0, 0xc, 0xf1, 0x0, 0x0,
    0x0, 0x0, 0xc, 0xfd, 0x6d, 0xf6, 0x0, 0x0,
    0xcf, 0x10, 0x0, 0x0, 0x0, 0x0, 0x1c, 0xff,
    0xff, 0x10, 0x0, 0xc, 0xf1, 0x0, 0x0, 0x0,
    0x0, 0x0, 0x7, 0xca, 0x30,

    /* U+4EE5 "以" */
    0x0, 0x0, 0x0, 0x0, 0x0, 0x0, 0x0, 0x65,
    0x0, 0x0, 0x67, 0x0, 0x0, 0x0, 0x0, 0x0,
    0x1, 0xfc, 0x0, 0x0, 0xef, 0x0, 0x0, 0x0,
    0x0, 0x0, 0x1, 0xfc, 0x0, 0x0, 0xef, 0x0,
    0x3d, 0x60, 0x0, 0x0, 0x1, 0xfc, 0x0, 0x0,
    0xef, 0x0, 0x4f, 0xf2, 0x0, 0x0, 0x1, 0xfb,
    0x0, 0x0, 0xef, 0x0, 0x9, 0xfc, 0x0, 0x0,
    0x1, 0xfb, 0x0, 0x0, 0xef, 0x0, 0x0, 0xdf,
    0x60, 0x0, 0x1, 0xfb, 0x0, 0x0, 0xef, 0x0,
    0x0, 0x5f, 0xe0, 0x0, 0x1, 0xfa, 0x0, 0x0,
    0xef, 0x0, 0x0, 0xd, 0xf7, 0x0, 0x5, 0xf9,
    0x0, 0x0, 0xef, 0x0, 0x0, 0x5, 0xf7, 0x0,
    0x8, 0xf8, 0x0, 0x0, 0xef, 0x0, 0x0, 0x0,
    0x10, 0x0, 0xb, 0xf6, 0x0, 0x0, 0xef, 0x0,
    0x0, 0x0, 0x0, 0x0, 0xf, 0xf4, 0x0, 0x0,
    0xef, 0x0, 0x0, 0x0, 0x0, 0x0, 0x4f, 0xf2,
    0x0, 0x0, 0xef, 0x0, 0x0, 0x19, 0x10, 0x0,
    0x9f, 0xf0, 0x0, 0x0, 0xef, 0x0, 0x18, 0xff,
    0x80, 0x0, 0xef, 0xf7, 0x0, 0x0, 0xef, 0x7,
    0xff, 0xe6, 0x0, 0x7, 0xff, 0xff, 0x40, 0x0,
    0xef, 0xef, 0xf8, 0x0, 0x0, 0x1e, 0xf7, 0x6f,
    0xf2, 0x0, 0xcf, 0xf9, 0x10, 0x0, 0x1, 0xcf,
    0xc0, 0xa, 0xfd, 0x0, 0x19, 0x20, 0x0, 0x0,
    0x2d, 0xfd, 0x10, 0x0, 0xdf, 0x80, 0x0, 0x0,
    0x0, 0x8, 0xff, 0xc1, 0x0, 0x0, 0x4f, 0xf3,
    0x0, 0x0, 0x4, 0xef, 0xf8, 0x0, 0x0, 0x0,
    0xa, 0xf9, 0x0, 0x0, 0x0, 0xda, 0x20, 0x0,
    0x0, 0x0, 0x1, 0xa0, 0x0, 0x0, 0x0, 0x0,
    0x0, 0x0, 0x0, 0x0, 0x0, 0x0,

    /* U+4EEA "仪" */
    0x0, 0x0, 0x1, 0x61, 0x0, 0x0, 0x37, 0x0,
    0x0, 0x0, 0x0, 0x0, 0x0, 0x0, 0x7f, 0x90,
    0x0, 0xa, 0xf8, 0x0, 0x0, 0x0, 0x0, 0x0,
    0x0, 0xd, 0xf2, 0x0, 0x0, 0x1f, 0xf2, 0x0,
    0x0, 0x0, 0x0, 0x0, 0x3, 0xfc, 0x0, 0x0,
    0x0, 0x9f, 0x90, 0x0, 0x24, 0x10, 0x0, 0x0,
    0xaf, 0x60, 0x6e, 0x50, 0x3, 0xff, 0x0, 0x8,
    0xf5, 0x0, 0x0, 0x2f, 0xf1, 0x3, 0xfa, 0x0,
    0xd, 0xb1, 0x0, 0xbf, 0x20, 0x0, 0xa, 0xff,
    0x10, 0xf, 0xe0, 0x0, 0x0, 0x0, 0xe, 0xf0,
    0x0, 0x3, 0xff, 0xf1, 0x0, 0xaf, 0x30, 0x0,
    0x0, 0x2, 0xfc, 0x0, 0x0, 0xdf, 0xff, 0x10,
    0x4, 0xf9, 0x0, 0x0, 0x0, 0x7f, 0x70, 0x0,
    0x8f, 0xbc, 0xf1, 0x0, 0xe, 0xf1, 0x0, 0x0,
    0xc, 0xf1, 0x0, 0xe, 0xe1, 0xcf, 0x10, 0x0,
    0x7f, 0x80, 0x0, 0x3, 0xfc, 0x0, 0x0, 0x75,
    0xc, 0xf1, 0x0, 0x0, 0xdf, 0x20, 0x0, 0xcf,
    0x40, 0x0, 0x0, 0x0, 0xcf, 0x10, 0x0, 0x5,
    0xfb, 0x0, 0x5f, 0xc0, 0x0, 0x0, 0x0, 0xc,
    0xf1, 0x0, 0x0, 0xa, 0xf7, 0x2f, 0xf3, 0x0,
    0x0, 0x0, 0x0, 0xcf, 0x10, 0x0, 0x0, 0xd,
    0xfe, 0xf7, 0x0, 0x0, 0x0, 0x0, 0xc, 0xf1,
    0x0, 0x0, 0x0, 0x4f, 0xfb, 0x0, 0x0, 0x0,
    0x0, 0x0, 0xcf, 0x10, 0x0, 0x0, 0x3e, 0xff,
    0xf4, 0x0, 0x0, 0x0, 0x0, 0xc, 0xf1, 0x0,
    0x0, 0x6f, 0xfc, 0x6f, 0xf6, 0x0, 0x0, 0x0,
    0x0, 0xcf, 0x10, 0x2, 0xbf, 0xf9, 0x0, 0x4f,
    0xfa, 0x10, 0x0, 0x0, 0xc, 0xf1, 0x29, 0xff,
    0xe4, 0x0, 0x0, 0x2e, 0xfe, 0x50, 0x0, 0x0,
    0xcf, 0x3f, 0xff, 0x80, 0x0, 0x0, 0x0, 0x19,
    0xff, 0xa0, 0x0, 0xc, 0xf1, 0xb8, 0x10, 0x0,
    0x0, 0x0, 0x0, 0x4, 0xd3, 0x0, 0x0, 0x0,
    0x0, 0x0, 0x0, 0x0, 0x0, 0x0, 0x0, 0x0,
    0x0,

    /* U+4EF6 "件" */
    0x0, 0x0, 0x25, 0x0, 0x0, 0x0, 0x2, 0x95,
    0x0, 0x0, 0x0, 0x0, 0x0, 0x8, 0xf8, 0x0,
    0x37, 0x10, 0x4f, 0x90, 0x0, 0x0, 0x0, 0x0,
    0x0, 0xdf, 0x20, 0x9, 0xf5, 0x4, 0xf9, 0x0,
    0x0, 0x0, 0x0, 0x0, 0x3f, 0xc0, 0x0, 0xef,
    0x0, 0x4f, 0x90, 0x0, 0x0, 0x0, 0x0, 0xa,
    0xf6, 0x0, 0x5f, 0xa0, 0x4, 0xf9, 0x0, 0x0,
    0x0, 0x0, 0x1, 0xff, 0x10, 0xc, 0xff, 0xff,
    0xff, 0xff, 0xff, 0xff, 0x30, 0x0, 0x9f, 0xc0,
    0x5, 0xff, 0xdd, 0xdd, 0xfe, 0xdd, 0xdd, 0xd3,
    0x0, 0x2f, 0xfc, 0x0, 0xdf, 0x50, 0x0, 0x4f,
    0x90, 0x0, 0x0, 0x0, 0xb, 0xff, 0xc0, 0x8f,
    0xc0, 0x0, 0x4, 0xf9, 0x0, 0x0, 0x0, 0x5,
    0xff, 0xfc, 0xe, 0xf3, 0x0, 0x0, 0x4f, 0x90,
    0x0, 0x0, 0x0, 0xbf, 0x7f, 0xc0, 0x15, 0x0,
    0x0, 0x4, 0xf9, 0x0, 0x0, 0x0, 0x3, 0x92,
    0xfc, 0x0, 0x0, 0x0, 0x0, 0x4f, 0x90, 0x0,
    0x0, 0x0, 0x0, 0x2f, 0xc0, 0x7b, 0xbb, 0xbb,
    0xbc, 0xfe, 0xbb, 0xbb, 0xbb, 0x0, 0x2, 0xfc,
    0xa, 0xff, 0xff, 0xff, 0xff, 0xff, 0xff, 0xff,
    0xf1, 0x0, 0x2f, 0xc0, 0x0, 0x0, 0x0, 0x4,
    0xfa, 0x0, 0x0, 0x0, 0x0, 0x2, 0xfc, 0x0,
    0x0, 0x0, 0x0, 0x4f, 0x90, 0x0, 0x0, 0x0,
    0x0, 0x2f, 0xc0, 0x0, 0x0, 0x0, 0x4, 0xf9,
    0x0, 0x0, 0x0, 0x0, 0x2, 0xfc, 0x0, 0x0,
    0x0, 0x0, 0x4f, 0x90, 0x0, 0x0, 0x0, 0x0,
    0x2f, 0xc0, 0x0, 0x0, 0x0, 0x4, 0xf9, 0x0,
    0x0, 0x0, 0x0, 0x2, 0xfc, 0x0, 0x0, 0x0,
    0x0, 0x4f, 0x90, 0x0, 0x0, 0x0, 0x0, 0x2f,
    0xc0, 0x0, 0x0, 0x0, 0x4, 0xf9, 0x0, 0x0,
    0x0, 0x0, 0x2, 0xfc, 0x0, 0x0, 0x0, 0x0,
    0x4f, 0x90, 0x0, 0x0, 0x0,

    /* U+4F1A "会" */
    0x0, 0x0, 0x0, 0x0, 0x0, 0x37, 0x10, 0x0,
    0x0, 0x0, 0x0, 0x0, 0x0, 0x0, 0x0, 0x1,
    0xef, 0x70, 0x0, 0x0, 0x0, 0x0, 0x0, 0x0,
    0x0, 0x0, 0x1d, 0xff, 0x90, 0x0, 0x0, 0x0,
    0x0, 0x0, 0x0, 0x0, 0x2, 0xef, 0xac, 0xfb,
    0x0, 0x0, 0x0, 0x0, 0x0, 0x0, 0x0, 0x4f,
    0xf9, 0x0, 0xbf, 0xd3, 0x0, 0x0, 0x0, 0x0,
    0x0, 0x8, 0xff, 0x80, 0x0, 0xa, 0xff, 0x70,
    0x0, 0x0, 0x0, 0x3, 0xdf, 0xf5, 0x0, 0x0,
    0x0, 0x7f, 0xfc, 0x30, 0x0, 0x1, 0x9f, 0xfc,
    0x20, 0x0, 0x0, 0x0, 0x3, 0xef, 0xfa, 0x20,
    0x6f, 0xff, 0x60, 0xef, 0xff, 0xff, 0xff, 0xfd,
    0x9, 0xff, 0xf7, 0x6f, 0x91, 0x0, 0xcd, 0xdd,
    0xdd, 0xdd, 0xdb, 0x0, 0x3b, 0xf3, 0x2, 0x0,
    0x0, 0x0, 0x0, 0x0, 0x0, 0x0, 0x0, 0x0,
    0x20, 0x0, 0x0, 0x0, 0x0, 0x0, 0x0, 0x0,
    0x0, 0x0, 0x0, 0x0, 0xa, 0xbb, 0xbb, 0xbb,
    0xbb, 0xbb, 0xbb, 0xbb, 0xbb, 0xbb, 0x80, 0xe,
    0xff, 0xff, 0xff, 0xff, 0xff, 0xff, 0xff, 0xff,
    0xff, 0xc0, 0x0, 0x11, 0x11, 0x19, 0xfc, 0x11,
    0x11, 0x11, 0x11, 0x11, 0x0, 0x0, 0x0, 0x0,
    0x3f, 0xf3, 0x0, 0x1, 0xbc, 0x0, 0x0, 0x0,
    0x0, 0x0, 0x1, 0xef, 0x80, 0x0, 0x1, 0xdf,
    0xc0, 0x0, 0x0, 0x0, 0x0, 0x1c, 0xfc, 0x0,
    0x0, 0x0, 0x1d, 0xfc, 0x0, 0x0, 0x0, 0x1,
    0xcf, 0xc1, 0x0, 0x13, 0x58, 0xbe, 0xff, 0xa0,
    0x0, 0x0, 0x2e, 0xff, 0xbc, 0xef, 0xff, 0xff,
    0xfd, 0xbf, 0xf7, 0x0, 0x0, 0x1f, 0xff, 0xff,
    0xec, 0xa8, 0x53, 0x0, 0x6, 0xff, 0x10, 0x0,
    0x3, 0x32, 0x0, 0x0, 0x0, 0x0, 0x0, 0x0,
    0x94, 0x0,

    /* U+4F20 "传" */
    0x0, 0x0, 0x0, 0x23, 0x0, 0x0, 0x0, 0x75,
    0x0, 0x0, 0x0, 0x0, 0x0, 0x0, 0x9, 0xf8,
    0x0, 0x0, 0x3f, 0xd0, 0x0, 0x0, 0x0, 0x0,
    0x0, 0x0, 0xff, 0x10, 0x0, 0x5, 0xf9, 0x0,
    0x0, 0x0, 0x0, 0x0, 0x0, 0x7f, 0x92, 0xbb,
    0xbb, 0xdf, 0xdb, 0xbb, 0xbb, 0xb0, 0x0, 0x0,
    0xe, 0xf1, 0x3f, 0xff, 0xff, 0xff, 0xff, 0xff,
    0xff, 0x0, 0x0, 0x7, 0xf9, 0x0, 0x0, 0x2,
    0xfe, 0x0, 0x0, 0x0, 0x0, 0x0, 0x2, 0xff,
    0x20, 0x0, 0x0, 0x5f, 0x90, 0x0, 0x0, 0x0,
    0x0, 0x0, 0xcf, 0xf1, 0x1, 0x11, 0x1a, 0xf6,
    0x11, 0x11, 0x11, 0x10, 0x0, 0x8f, 0xff, 0x16,
    0xff, 0xff, 0xff, 0xff, 0xff, 0xff, 0xff, 0xe0,
    0x4f, 0xff, 0xf1, 0x4b, 0xbb, 0xdf, 0xeb, 0xbb,
    0xbb, 0xbb, 0xba, 0xe, 0xf8, 0xcf, 0x10, 0x0,
    0xb, 0xf6, 0x0, 0x0, 0x0, 0x0, 0x0, 0x99,
    0xc, 0xf1, 0x0, 0x4, 0xfe, 0x0, 0x0, 0x0,
    0x0, 0x0, 0x1, 0x0, 0xcf, 0x10, 0x0, 0x7f,
    0xfd, 0xdd, 0xdd, 0xdd, 0xd4, 0x0, 0x0, 0xc,
    0xf1, 0x0, 0x1, 0xef, 0xff, 0xff, 0xff, 0xff,
    0x50, 0x0, 0x0, 0xcf, 0x10, 0x0, 0x0, 0x0,
    0x0, 0x0, 0x5f, 0xe1, 0x0, 0x0, 0xc, 0xf1,
    0x0, 0x3, 0x20, 0x0, 0x0, 0x2f, 0xf3, 0x0,
    0x0, 0x0, 0xcf, 0x10, 0x0, 0xdf, 0xb4, 0x0,
    0x2e, 0xf7, 0x0, 0x0, 0x0, 0xc, 0xf1, 0x0,
    0x7, 0xdf, 0xfd, 0x7e, 0xf8, 0x0, 0x0, 0x0,
    0x0, 0xcf, 0x10, 0x0, 0x0, 0x4c, 0xff, 0xfc,
    0x0, 0x0, 0x0, 0x0, 0xc, 0xf1, 0x0, 0x0,
    0x0, 0x3, 0xcf, 0xfc, 0x20, 0x0, 0x0, 0x0,
    0xcf, 0x10, 0x0, 0x0, 0x0, 0x0, 0x5e, 0xfd,
    0x0, 0x0, 0x0, 0xc, 0xf1, 0x0, 0x0, 0x0,
    0x0, 0x0, 0x9, 0x30, 0x0,

    /* U+4F3C "似" */
    0x0, 0x0, 0x35, 0x0, 0x0, 0x0, 0x0, 0x0,
    0x0, 0x0, 0x0, 0x0, 0x0, 0x9f, 0x60, 0x0,
    0x3c, 0x30, 0x0, 0x9, 0xe3, 0x0, 0x0, 0x0,
    0xef, 0x11, 0x20, 0x4f, 0xb0, 0x0, 0xa, 0xf3,
    0x0, 0x0, 0x5, 0xfa, 0xc, 0xf2, 0xc, 0xf3,
    0x0, 0xa, 0xf3, 0x0, 0x0, 0xb, 0xf5, 0xc,
    0xf2, 0x5, 0xfb, 0x0, 0xb, 0xf2, 0x0, 0x0,
    0x2f, 0xf0, 0xc, 0xf2, 0x0, 0xef, 0x10, 0xb,
    0xf2, 0x0, 0x0, 0xaf, 0xc0, 0xc, 0xf2, 0x0,
    0x8f, 0x70, 0xc, 0xf1, 0x0, 0x2, 0xff, 0xc0,
    0xc, 0xf2, 0x0, 0x3f, 0xd0, 0xe, 0xf0, 0x0,
    0xb, 0xff, 0xc0, 0xc, 0xf2, 0x0, 0x9, 0x40,
    0xf, 0xf0, 0x0, 0x5f, 0xff, 0xc0, 0xc, 0xf2,
    0x0, 0x0, 0x0, 0x1f, 0xe0, 0x0, 0xbf, 0x6f,
    0xc0, 0xc, 0xf2, 0x0, 0x0, 0x0, 0x3f, 0xc0,
    0x0, 0x39, 0x2f, 0xc0, 0xc, 0xf2, 0x0, 0x0,
    0x0, 0x6f, 0x90, 0x0, 0x0, 0x2f, 0xc0, 0xc,
    0xf2, 0x0, 0x0, 0x0, 0xaf, 0x70, 0x0, 0x0,
    0x2f, 0xc0, 0xc, 0xf2, 0x0, 0x0, 0x0, 0xef,
    0x30, 0x0, 0x0, 0x2f, 0xc0, 0xc, 0xf2, 0x0,
    0x0, 0x4, 0xff, 0x10, 0x0, 0x0, 0x2f, 0xc0,
    0xc, 0xf2, 0x19, 0xb0, 0xc, 0xff, 0xb0, 0x0,
    0x0, 0x2f, 0xc0, 0xc, 0xf7, 0xef, 0xa0, 0x6f,
    0xfc, 0xf7, 0x0, 0x0, 0x2f, 0xc0, 0xb, 0xff,
    0xd4, 0x3, 0xff, 0x71, 0xff, 0x20, 0x0, 0x2f,
    0xc0, 0x3, 0xe7, 0x0, 0x3e, 0xfb, 0x0, 0x5f,
    0xc0, 0x0, 0x2f, 0xc0, 0x0, 0x0, 0x5, 0xff,
    0xb0, 0x0, 0xc, 0xf5, 0x0, 0x2f, 0xc0, 0x0,
    0x0, 0x2f, 0xf9, 0x0, 0x0, 0x3, 0xf9, 0x0,
    0x2f, 0xc0, 0x0, 0x0, 0x8, 0x50, 0x0, 0x0,
    0x0, 0x70,

    /* U+4F4D "位" */
    0x0, 0x0, 0x0, 0x0, 0x0, 0x0, 0x0, 0x20,
    0x0, 0x0, 0x0, 0x0, 0x0, 0x0, 0x8, 0xf6,
    0x0, 0x0, 0xcf, 0x30, 0x0, 0x0, 0x0, 0x0,
    0x0, 0x0, 0xef, 0x20, 0x0, 0xa, 0xf9, 0x0,
    0x0, 0x0, 0x0, 0x0, 0x0, 0x5f, 0xa0, 0x0,
    0x0, 0x4f, 0xe0, 0x0, 0x0, 0x0, 0x0, 0x0,
    0xd, 0xf2, 0x12, 0x22, 0x22, 0xef, 0x52, 0x22,
    0x22, 0x0, 0x0, 0x6, 0xfa, 0xb, 0xff, 0xff,
    0xff, 0xff, 0xff, 0xff, 0xf4, 0x0, 0x1, 0xff,
    0x30, 0x7a, 0xaa, 0xaa, 0xaa, 0xaa, 0xaa, 0xaa,
    0x20, 0x0, 0xbf, 0xf1, 0x0, 0x0, 0x0, 0x0,
    0x0, 0x0, 0x61, 0x0, 0x0, 0x7f, 0xff, 0x10,
    0x5, 0xda, 0x0, 0x0, 0x0, 0x4f, 0xf0, 0x0,
    0x4f, 0xff, 0xf1, 0x0, 0x4f, 0xe0, 0x0, 0x0,
    0x8, 0xfc, 0x0, 0xe, 0xf7, 0xcf, 0x10, 0x0,
    0xff, 0x30, 0x0, 0x0, 0xcf, 0x70, 0x0, 0x99,
    0xc, 0xf1, 0x0, 0xb, 0xf7, 0x0, 0x0, 0x1f,
    0xf3, 0x0, 0x1, 0x0, 0xcf, 0x10, 0x0, 0x7f,
    0xa0, 0x0, 0x5, 0xfe, 0x0, 0x0, 0x0, 0xc,
    0xf1, 0x0, 0x4, 0xfd, 0x0, 0x0, 0x9f, 0x90,
    0x0, 0x0, 0x0, 0xcf, 0x10, 0x0, 0x1f, 0xf0,
    0x0, 0xe, 0xf4, 0x0, 0x0, 0x0, 0xc, 0xf1,
    0x0, 0x0, 0xef, 0x30, 0x3, 0xff, 0x0, 0x0,
    0x0, 0x0, 0xcf, 0x10, 0x0, 0xc, 0xf5, 0x0,
    0x8f, 0xa0, 0x0, 0x0, 0x0, 0xc, 0xf1, 0x0,
    0x0, 0xbe, 0x40, 0xd, 0xf4, 0x0, 0x0, 0x0,
    0x0, 0xcf, 0x10, 0x0, 0x0, 0x0, 0x2, 0xfe,
    0x0, 0x0, 0x0, 0x0, 0xc, 0xf1, 0x5b, 0xbb,
    0xbb, 0xbb, 0xdf, 0xeb, 0xbb, 0xba, 0x0, 0x0,
    0xcf, 0x17, 0xff, 0xff, 0xff, 0xff, 0xff, 0xff,
    0xff, 0xe0, 0x0, 0xc, 0xf1, 0x0, 0x0, 0x0,
    0x0, 0x0, 0x0, 0x0, 0x0,

    /* U+4F4E "低" */
    0x0, 0x0, 0x0, 0x30, 0x0, 0x0, 0x0, 0x0,
    0x0, 0x3, 0x0, 0x0, 0x0, 0x0, 0x5f, 0xa0,
    0x0, 0x12, 0x35, 0x79, 0xcf, 0xfa, 0x0, 0x0,
    0x0, 0xb, 0xf4, 0x1f, 0xff, 0xff, 0xff, 0xff,
    0xda, 0x61, 0x0, 0x0, 0x1, 0xfe, 0x1, 0xff,
    0xb9, 0x87, 0xff, 0x0, 0x0, 0x0, 0x0, 0x0,
    0x9f, 0x70, 0x1f, 0xc0, 0x0, 0xd, 0xf0, 0x0,
    0x0, 0x0, 0x0, 0x1f, 0xf1, 0x1, 0xfc, 0x0,
    0x0, 0xcf, 0x10, 0x0, 0x0, 0x0, 0x9, 0xff,
    0x10, 0x1f, 0xc0, 0x0, 0xb, 0xf2, 0x0, 0x0,
    0x0, 0x2, 0xff, 0xf1, 0x1, 0xfc, 0x0, 0x0,
    0xaf, 0x30, 0x0, 0x0, 0x0, 0xcf, 0xff, 0x10,
    0x1f, 0xfb, 0xbb, 0xbe, 0xfc, 0xbb, 0xbb, 0x30,
    0x7f, 0xcc, 0xf1, 0x1, 0xff, 0xff, 0xff, 0xff,
    0xff, 0xff, 0xf5, 0xe, 0xf2, 0xcf, 0x10, 0x1f,
    0xc0, 0x0, 0x8, 0xf8, 0x0, 0x0, 0x0, 0x75,
    0xc, 0xf1, 0x1, 0xfc, 0x0, 0x0, 0x5f, 0x90,
    0x0, 0x0, 0x0, 0x0, 0xcf, 0x10, 0x1f, 0xc0,
    0x0, 0x3, 0xfb, 0x0, 0x0, 0x0, 0x0, 0xc,
    0xf1, 0x1, 0xfc, 0x0, 0x0, 0x1f, 0xd0, 0x0,
    0x0, 0x0, 0x0, 0xcf, 0x10, 0x1f, 0xc0, 0x0,
    0x0, 0xef, 0x0, 0x0, 0x0, 0x0, 0xc, 0xf1,
    0x1, 0xfc, 0x0, 0x0, 0xa, 0xf4, 0x0, 0x10,
    0x0, 0x0, 0xcf, 0x10, 0x1f, 0xc0, 0x0, 0x0,
    0x6f, 0x80, 0xa, 0xe0, 0x0, 0xc, 0xf1, 0x1,
    0xfc, 0x0, 0x4, 0x31, 0xfe, 0x0, 0xcd, 0x0,
    0x0, 0xcf, 0x10, 0x1f, 0xc0, 0x1, 0xfd, 0xb,
    0xf5, 0xd, 0xb0, 0x0, 0xc, 0xf1, 0x1, 0xfd,
    0x8d, 0x9, 0xf4, 0x4f, 0xd3, 0xf9, 0x0, 0x0,
    0xcf, 0x10, 0xf, 0xff, 0xe3, 0x3f, 0xa0, 0xaf,
    0xff, 0x40, 0x0, 0xc, 0xf1, 0x0, 0x58, 0x30,
    0x0, 0x73, 0x0, 0xbf, 0xb0, 0x0, 0x0, 0x0,
    0x0, 0x0, 0x0, 0x0, 0x0, 0x0, 0x0, 0x0,
    0x0,

    /* U+4F4F "住" */
    0x0, 0x0, 0x0, 0x50, 0x0, 0x0, 0x0, 0x30,
    0x0, 0x0, 0x0, 0x0, 0x0, 0x0, 0x4f, 0xc0,
    0x0, 0x0, 0xdf, 0x40, 0x0, 0x0, 0x0, 0x0,
    0x0, 0xa, 0xf5, 0x0, 0x0, 0x6, 0xfe, 0x10,
    0x0, 0x0, 0x0, 0x0, 0x1, 0xfe, 0x0, 0x0,
    0x0, 0x9, 0xf5, 0x0, 0x0, 0x0, 0x0, 0x0,
    0x8f, 0x70, 0x0, 0x0, 0x0, 0x2, 0x0, 0x0,
    0x0, 0x0, 0x0, 0xe, 0xf1, 0x1f, 0xff, 0xff,
    0xff, 0xff, 0xff, 0xff, 0xf9, 0x0, 0x8, 0xff,
    0x11, 0xdd, 0xdd, 0xdd, 0xff, 0xdd, 0xdd, 0xdd,
    0x80, 0x2, 0xff, 0xf1, 0x0, 0x0, 0x0, 0xb,
    0xf2, 0x0, 0x0, 0x0, 0x0, 0xbf, 0xff, 0x10,
    0x0, 0x0, 0x0, 0xbf, 0x20, 0x0, 0x0, 0x0,
    0x7f, 0xdd, 0xf1, 0x0, 0x0, 0x0, 0xb, 0xf2,
    0x0, 0x0, 0x0, 0xe, 0xf2, 0xcf, 0x10, 0x0,
    0x0, 0x0, 0xbf, 0x20, 0x0, 0x0, 0x0, 0x86,
    0xc, 0xf1, 0x0, 0x0, 0x0, 0xb, 0xf2, 0x0,
    0x0, 0x0, 0x0, 0x0, 0xcf, 0x10, 0x3b, 0xbb,
    0xbb, 0xef, 0xbb, 0xbb, 0xb8, 0x0, 0x0, 0xc,
    0xf1, 0x5, 0xff, 0xff, 0xff, 0xff, 0xff, 0xff,
    0xc0, 0x0, 0x0, 0xcf, 0x10, 0x0, 0x0, 0x0,
    0xbf, 0x20, 0x0, 0x0, 0x0, 0x0, 0xc, 0xf1,
    0x0, 0x0, 0x0, 0xb, 0xf2, 0x0, 0x0, 0x0,
    0x0, 0x0, 0xcf, 0x10, 0x0, 0x0, 0x0, 0xbf,
    0x20, 0x0, 0x0, 0x0, 0x0, 0xc, 0xf1, 0x0,
    0x0, 0x0, 0xb, 0xf2, 0x0, 0x0, 0x0, 0x0,
    0x0, 0xcf, 0x10, 0x0, 0x0, 0x0, 0xbf, 0x20,
    0x0, 0x0, 0x0, 0x0, 0xc, 0xf1, 0xab, 0xbb,
    0xbb, 0xbe, 0xfc, 0xbb, 0xbb, 0xbb, 0x0, 0x0,
    0xcf, 0x1d, 0xff, 0xff, 0xff, 0xff, 0xff, 0xff,
    0xff, 0xf0, 0x0, 0xc, 0xf1, 0x0, 0x0, 0x0,
    0x0, 0x0, 0x0, 0x0, 0x0,

    /* U+4F55 "何" */
    0x0, 0x0, 0x0, 0x20, 0x0, 0x0, 0x0, 0x0,
    0x0, 0x0, 0x0, 0x0, 0x0, 0x0, 0x6f, 0x90,
    0x0, 0x0, 0x0, 0x0, 0x0, 0x0, 0x0, 0x0,
    0x0, 0xc, 0xf4, 0xff, 0xff, 0xff, 0xff, 0xff,
    0xff, 0xff, 0xa0, 0x0, 0x2, 0xfd, 0xb, 0xbb,
    0xbb, 0xbb, 0xbb, 0xbc, 0xff, 0xb7, 0x0, 0x0,
    0x9f, 0x70, 0x0, 0x0, 0x0, 0x0, 0x0, 0x1f,
    0xc0, 0x0, 0x0, 0x1f, 0xf2, 0x0, 0x0, 0x0,
    0x0, 0x0, 0x1, 0xfc, 0x0, 0x0, 0x9, 0xff,
    0x10, 0x0, 0x0, 0x0, 0x0, 0x0, 0x1f, 0xc0,
    0x0, 0x2, 0xff, 0xf1, 0x0, 0x9a, 0xaa, 0xaa,
    0xa2, 0x1, 0xfc, 0x0, 0x0, 0xbf, 0xff, 0x10,
    0xe, 0xff, 0xff, 0xff, 0x30, 0x1f, 0xc0, 0x0,
    0x6f, 0xdd, 0xf1, 0x0, 0xed, 0x0, 0x9, 0xf3,
    0x1, 0xfc, 0x0, 0xe, 0xf3, 0xcf, 0x10, 0xe,
    0xd0, 0x0, 0x9f, 0x30, 0x1f, 0xc0, 0x0, 0x97,
    0xc, 0xf1, 0x0, 0xed, 0x0, 0x9, 0xf3, 0x1,
    0xfc, 0x0, 0x1, 0x0, 0xcf, 0x10, 0xe, 0xd0,
    0x0, 0x9f, 0x30, 0x1f, 0xc0, 0x0, 0x0, 0xc,
    0xf1, 0x0, 0xed, 0x0, 0x9, 0xf3, 0x1, 0xfc,
    0x0, 0x0, 0x0, 0xcf, 0x10, 0xe, 0xff, 0xff,
    0xff, 0x30, 0x1f, 0xc0, 0x0, 0x0, 0xc, 0xf1,
    0x0, 0xef, 0xaa, 0xaa, 0xa2, 0x1, 0xfc, 0x0,
    0x0, 0x0, 0xcf, 0x10, 0xd, 0xc0, 0x0, 0x0,
    0x0, 0x1f, 0xc0, 0x0, 0x0, 0xc, 0xf1, 0x0,
    0x0, 0x0, 0x0, 0x0, 0x1, 0xfc, 0x0, 0x0,
    0x0, 0xcf, 0x10, 0x0, 0x0, 0x0, 0x0, 0x0,
    0x1f, 0xc0, 0x0, 0x0, 0xc, 0xf1, 0x0, 0x0,
    0x0, 0x0, 0x0, 0x2, 0xfc, 0x0, 0x0, 0x0,
    0xcf, 0x10, 0x0, 0x0, 0x0, 0x0, 0xdd, 0xef,
    0xa0, 0x0, 0x0, 0xc, 0xf1, 0x0, 0x0, 0x0,
    0x0, 0x8, 0xdf, 0xd2, 0x0,

    /* U+4F5C "作" */
    0x0, 0x0, 0x0, 0x20, 0x0, 0x3, 0x0, 0x0,
    0x0, 0x0, 0x0, 0x0, 0x0, 0x0, 0x5f, 0x90,
    0x4, 0xfd, 0x0, 0x0, 0x0, 0x0, 0x0, 0x0,
    0x0, 0xb, 0xf5, 0x0, 0x9f, 0x90, 0x0, 0x0,
    0x0, 0x0, 0x0, 0x0, 0x1, 0xfe, 0x0, 0xf,
    0xf4, 0x0, 0x0, 0x0, 0x0, 0x0, 0x0, 0x0,
    0x8f, 0x80, 0x7, 0xff, 0xff, 0xff, 0xff, 0xff,
    0xff, 0xf0, 0x0, 0xe, 0xf2, 0x0, 0xef, 0xcc,
    0xfe, 0xbb, 0xbb, 0xbb, 0xbb, 0x0, 0x8, 0xff,
    0x10, 0x7f, 0xd0, 0x2f, 0xb0, 0x0, 0x0, 0x0,
    0x0, 0x1, 0xff, 0xf1, 0x1f, 0xf5, 0x2, 0xfb,
    0x0, 0x0, 0x0, 0x0, 0x0, 0xbf, 0xff, 0x1c,
    0xfc, 0x0, 0x2f, 0xb0, 0x0, 0x0, 0x0, 0x0,
    0x6f, 0xdd, 0xf4, 0xfe, 0x10, 0x2, 0xfe, 0xbb,
    0xbb, 0xbb, 0x50, 0xe, 0xf3, 0xcf, 0x17, 0x40,
    0x0, 0x2f, 0xff, 0xff, 0xff, 0xf7, 0x0, 0x97,
    0xc, 0xf1, 0x0, 0x0, 0x2, 0xfb, 0x0, 0x0,
    0x0, 0x0, 0x1, 0x0, 0xcf, 0x10, 0x0, 0x0,
    0x2f, 0xb0, 0x0, 0x0, 0x0, 0x0, 0x0, 0xc,
    0xf1, 0x0, 0x0, 0x2, 0xfb, 0x0, 0x0, 0x0,
    0x0, 0x0, 0x0, 0xcf, 0x10, 0x0, 0x0, 0x2f,
    0xc2, 0x22, 0x22, 0x21, 0x0, 0x0, 0xc, 0xf1,
    0x0, 0x0, 0x2, 0xff, 0xff, 0xff, 0xff, 0xc0,
    0x0, 0x0, 0xcf, 0x10, 0x0, 0x0, 0x2f, 0xea,
    0xaa, 0xaa, 0xa8, 0x0, 0x0, 0xc, 0xf1, 0x0,
    0x0, 0x2, 0xfb, 0x0, 0x0, 0x0, 0x0, 0x0,
    0x0, 0xcf, 0x10, 0x0, 0x0, 0x2f, 0xb0, 0x0,
    0x0, 0x0, 0x0, 0x0, 0xc, 0xf1, 0x0, 0x0,
    0x2, 0xfb, 0x0, 0x0, 0x0, 0x0, 0x0, 0x0,
    0xcf, 0x10, 0x0, 0x0, 0x2f, 0xb0, 0x0, 0x0,
    0x0, 0x0, 0x0, 0xc, 0xf1, 0x0, 0x0, 0x2,
    0xfb, 0x0, 0x0, 0x0, 0x0,

    /* U+4F60 "你" */
    0x0, 0x0, 0x0, 0x22, 0x0, 0x2, 0x10, 0x0,
    0x0, 0x0, 0x0, 0x0, 0x0, 0x0, 0xa, 0xf5,
    0x0, 0xbf, 0x30, 0x0, 0x0, 0x0, 0x0, 0x0,
    0x0, 0x1, 0xfe, 0x0, 0xf, 0xe0, 0x0, 0x0,
    0x0, 0x0, 0x0, 0x0, 0x0, 0x8f, 0x70, 0x5,
    0xfa, 0x0, 0x0, 0x0, 0x0, 0x0, 0x0, 0x0,
    0x1f, 0xf0, 0x0, 0xcf, 0xed, 0xdd, 0xdd, 0xdd,
    0xdd, 0x90, 0x0, 0x9, 0xf8, 0x0, 0x3f, 0xff,
    0xff, 0xff, 0xff, 0xff, 0xfb, 0x0, 0x3, 0xff,
    0x20, 0xb, 0xf7, 0x0, 0x0, 0x0, 0x0, 0xbf,
    0x60, 0x0, 0xdf, 0xf1, 0x4, 0xff, 0x10, 0x0,
    0x86, 0x0, 0x4f, 0xc0, 0x0, 0x9f, 0xff, 0x10,
    0xdf, 0x80, 0x0, 0x1f, 0xc0, 0x6, 0xf3, 0x0,
    0x6f, 0xee, 0xf1, 0x1b, 0xd0, 0x0, 0x1, 0xfc,
    0x0, 0x1, 0x0, 0xe, 0xf4, 0xcf, 0x10, 0x2,
    0x4, 0x0, 0x1f, 0xc0, 0x3, 0x20, 0x0, 0x76,
    0xc, 0xf1, 0x0, 0x3, 0xfb, 0x1, 0xfc, 0x4,
    0xfb, 0x0, 0x0, 0x0, 0xcf, 0x10, 0x0, 0x7f,
    0x80, 0x1f, 0xc0, 0xe, 0xf2, 0x0, 0x0, 0xc,
    0xf1, 0x0, 0xc, 0xf4, 0x1, 0xfc, 0x0, 0x9f,
    0x70, 0x0, 0x0, 0xcf, 0x10, 0x1, 0xff, 0x0,
    0x1f, 0xc0, 0x4, 0xfc, 0x0, 0x0, 0xc, 0xf1,
    0x0, 0x8f, 0xa0, 0x1, 0xfc, 0x0, 0xf, 0xf0,
    0x0, 0x0, 0xcf, 0x10, 0x1f, 0xf3, 0x0, 0x1f,
    0xc0, 0x0, 0xdf, 0x40, 0x0, 0xc, 0xf1, 0x9,
    0xfb, 0x0, 0x1, 0xfc, 0x0, 0xa, 0xf7, 0x0,
    0x0, 0xcf, 0x10, 0x8f, 0x20, 0x0, 0x1f, 0xc0,
    0x0, 0x7c, 0x40, 0x0, 0xc, 0xf1, 0x0, 0x0,
    0x0, 0x1, 0xfc, 0x0, 0x0, 0x0, 0x0, 0x0,
    0xcf, 0x10, 0x0, 0xc, 0xdc, 0xcf, 0xa0, 0x0,
    0x0, 0x0, 0x0, 0xc, 0xf1, 0x0, 0x0, 0x9f,
    0xff, 0xe3, 0x0, 0x0, 0x0, 0x0, 0x0, 0x0,
    0x0, 0x0, 0x0, 0x0, 0x10, 0x0, 0x0, 0x0,
    0x0,

    /* U+4F7F "使" */
    0x0, 0x0, 0x0, 0x0, 0x0, 0x0, 0x2, 0x41,
    0x0, 0x0, 0x0, 0x0, 0x0, 0x6f, 0x70, 0x0,
    0x0, 0xa, 0xf4, 0x0, 0x0, 0x0, 0x0, 0x0,
    0xbf, 0x42, 0x22, 0x22, 0x2a, 0xf5, 0x22, 0x22,
    0x22, 0x0, 0x1, 0xfd, 0x3f, 0xff, 0xff, 0xff,
    0xff, 0xff, 0xff, 0xff, 0x0, 0x8, 0xf6, 0x1a,
    0xaa, 0xaa, 0xad, 0xfb, 0xaa, 0xaa, 0xaa, 0x0,
    0xe, 0xf0, 0x0, 0x0, 0x0, 0xa, 0xf4, 0x0,
    0x0, 0x0, 0x0, 0x6f, 0xc0, 0x6, 0xaa, 0xaa,
    0xad, 0xfb, 0xaa, 0xaa, 0xa1, 0x0, 0xef, 0xc0,
    0xa, 0xff, 0xff, 0xff, 0xff, 0xff, 0xff, 0xf2,
    0x8, 0xff, 0xc0, 0xa, 0xf5, 0x22, 0x2b, 0xf5,
    0x22, 0x2c, 0xf2, 0x2f, 0xff, 0xc0, 0xa, 0xf4,
    0x0, 0xa, 0xf4, 0x0, 0xb, 0xf2, 0xaf, 0x8f,
    0xc0, 0xa, 0xf4, 0x0, 0xa, 0xf4, 0x0, 0xb,
    0xf2, 0x6c, 0x2f, 0xc0, 0xa, 0xf4, 0x0, 0xb,
    0xf4, 0x0, 0xb, 0xf2, 0x2, 0x2f, 0xc0, 0xa,
    0xff, 0xff, 0xff, 0xff, 0xff, 0xff, 0xf2, 0x0,
    0x2f, 0xc0, 0x7, 0xbb, 0xbb, 0xbf, 0xfb, 0xbb,
    0xbb, 0xb1, 0x0, 0x2f, 0xc0, 0x0, 0x73, 0x0,
    0x2f, 0xd0, 0x0, 0x0, 0x0, 0x0, 0x2f, 0xc0,
    0x1, 0xff, 0x50, 0x7f, 0xa0, 0x0, 0x0, 0x0,
    0x0, 0x2f, 0xc0, 0x0, 0x3e, 0xfa, 0xef, 0x30,
    0x0, 0x0, 0x0, 0x0, 0x2f, 0xc0, 0x0, 0x1,
    0xcf, 0xfd, 0x0, 0x0, 0x0, 0x0, 0x0, 0x2f,
    0xc0, 0x0, 0x3, 0xdf, 0xff, 0xe8, 0x30, 0x0,
    0x0, 0x0, 0x2f, 0xc0, 0x15, 0xbf, 0xfe, 0x49,
    0xff, 0xfe, 0xa6, 0x41, 0x0, 0x2f, 0xc2, 0xff,
    0xff, 0x91, 0x0, 0x16, 0xcf, 0xff, 0xfc, 0x0,
    0x2f, 0xc0, 0x9a, 0x61, 0x0, 0x0, 0x0, 0x1,
    0x59, 0xc4,

    /* U+4F8B "例" */
    0x0, 0x0, 0x52, 0x0, 0x0, 0x0, 0x0, 0x0,
    0x0, 0x5, 0x91, 0x0, 0x1, 0xfe, 0x25, 0x55,
    0x55, 0x55, 0x50, 0x0, 0xa, 0xf2, 0x0, 0x5,
    0xf9, 0x6f, 0xff, 0xff, 0xff, 0xe0, 0x0, 0xa,
    0xf2, 0x0, 0xa, 0xf4, 0x38, 0x8e, 0xf8, 0x88,
    0x72, 0xf7, 0xa, 0xf2, 0x0, 0x1f, 0xe0, 0x0,
    0xf, 0xc0, 0x0, 0x3, 0xf7, 0xa, 0xf2, 0x0,
    0x6f, 0xa0, 0x0, 0x4f, 0x90, 0x0, 0x3, 0xf7,
    0xa, 0xf2, 0x0, 0xdf, 0xa0, 0x0, 0x8f, 0x50,
    0x0, 0x3, 0xf7, 0xa, 0xf2, 0x4, 0xff, 0xa0,
    0x0, 0xdf, 0xff, 0xff, 0x53, 0xf7, 0xa, 0xf2,
    0xc, 0xff, 0xa0, 0x2, 0xfe, 0xcc, 0xef, 0x43,
    0xf7, 0xa, 0xf2, 0x5f, 0xdf, 0xa0, 0x9, 0xf5,
    0x0, 0xbf, 0x23, 0xf7, 0xa, 0xf2, 0xbf, 0x4f,
    0xa0, 0xf, 0xe0, 0x0, 0xef, 0x3, 0xf7, 0xa,
    0xf2, 0x49, 0x2f, 0xa0, 0x7f, 0xd1, 0x2, 0xfb,
    0x3, 0xf7, 0xa, 0xf2, 0x0, 0x2f, 0xa1, 0xff,
    0xfe, 0x47, 0xf6, 0x3, 0xf7, 0xa, 0xf2, 0x0,
    0x2f, 0xa0, 0xd7, 0x8f, 0x5c, 0xf1, 0x3, 0xf7,
    0xa, 0xf2, 0x0, 0x2f, 0xa0, 0x20, 0x3, 0x3f,
    0xb0, 0x3, 0xf7, 0xa, 0xf2, 0x0, 0x2f, 0xa0,
    0x0, 0x0, 0xbf, 0x40, 0x3, 0xf7, 0xa, 0xf2,
    0x0, 0x2f, 0xa0, 0x0, 0x4, 0xfc, 0x0, 0x2,
    0xb5, 0xa, 0xf2, 0x0, 0x2f, 0xa0, 0x0, 0xe,
    0xf3, 0x0, 0x0, 0x0, 0xa, 0xf2, 0x0, 0x2f,
    0xa0, 0x0, 0xaf, 0x90, 0x0, 0x0, 0x0, 0xa,
    0xf2, 0x0, 0x2f, 0xa0, 0x6, 0xfd, 0x0, 0x0,
    0x0, 0x20, 0xb, 0xf1, 0x0, 0x2f, 0xa0, 0x4f,
    0xf2, 0x0, 0x0, 0x0, 0xaf, 0xef, 0xf0, 0x0,
    0x2f, 0xa0, 0x3e, 0x40, 0x0, 0x0, 0x0, 0x5d,
    0xfe, 0x60, 0x0, 0x0, 0x0, 0x0, 0x0, 0x0,
    0x0, 0x0, 0x0, 0x0, 0x0,

    /* U+4F9D "依" */
    0x0, 0x0, 0x3, 0x0, 0x0, 0x0, 0x13, 0x0,
    0x0, 0x0, 0x0, 0x0, 0x0, 0x6, 0xfa, 0x0,
    0x0, 0x2f, 0xf1, 0x0, 0x0, 0x0, 0x0, 0x0,
    0x0, 0xbf, 0x40, 0x0, 0x0, 0xbf, 0x80, 0x0,
    0x0, 0x0, 0x0, 0x0, 0x2f, 0xd0, 0x0, 0x0,
    0x4, 0xfe, 0x0, 0x0, 0x0, 0x0, 0x0, 0x8,
    0xf7, 0x4c, 0xcc, 0xcc, 0xcf, 0xfc, 0xcc, 0xcc,
    0xcb, 0x0, 0x0, 0xff, 0x15, 0xff, 0xff, 0xff,
    0xff, 0xff, 0xff, 0xff, 0xe0, 0x0, 0x8f, 0xc0,
    0x0, 0x0, 0xa, 0xf6, 0xfb, 0x0, 0x0, 0x0,
    0x0, 0x1f, 0xfc, 0x0, 0x0, 0x3, 0xfd, 0xe,
    0xd0, 0x0, 0x0, 0x0, 0xa, 0xff, 0xc0, 0x0,
    0x0, 0xdf, 0x50, 0xcf, 0x0, 0x0, 0x10, 0x4,
    0xff, 0xfc, 0x0, 0x0, 0x9f, 0xb0, 0x9, 0xf3,
    0x0, 0x9e, 0x10, 0xbf, 0x8f, 0xc0, 0x0, 0x6f,
    0xf1, 0x0, 0x6f, 0x70, 0x8f, 0xf5, 0x4, 0xa2,
    0xfc, 0x0, 0x5f, 0xff, 0x0, 0x2, 0xfc, 0xcf,
    0xf5, 0x0, 0x0, 0x2f, 0xc0, 0x6f, 0xff, 0xf0,
    0x0, 0xe, 0xff, 0xd3, 0x0, 0x0, 0x2, 0xfc,
    0x8f, 0xf6, 0xef, 0x0, 0x0, 0xaf, 0xb0, 0x0,
    0x0, 0x0, 0x2f, 0xc3, 0xe4, 0xe, 0xf0, 0x0,
    0x4, 0xfd, 0x0, 0x0, 0x0, 0x2, 0xfc, 0x0,
    0x0, 0xef, 0x0, 0x0, 0xd, 0xf6, 0x0, 0x0,
    0x0, 0x2f, 0xc0, 0x0, 0xe, 0xf0, 0x0, 0x0,
    0x5f, 0xf1, 0x0, 0x0, 0x2, 0xfc, 0x0, 0x0,
    0xef, 0x0, 0x0, 0x0, 0xcf, 0xc0, 0x0, 0x0,
    0x2f, 0xc0, 0x0, 0xe, 0xf0, 0x5, 0xca, 0x2,
    0xff, 0xa0, 0x0, 0x2, 0xfc, 0x0, 0x0, 0xef,
    0x8e, 0xff, 0x80, 0x5, 0xff, 0xa0, 0x0, 0x2f,
    0xc0, 0x0, 0xe, 0xff, 0xe7, 0x10, 0x0, 0x7,
    0xfc, 0x0, 0x2, 0xfc, 0x0, 0x0, 0x7c, 0x50,
    0x0, 0x0, 0x0, 0x7, 0x10,

    /* U+4FA7 "侧" */
    0x0, 0x0, 0x44, 0x0, 0x0, 0x0, 0x0, 0x0,
    0x0, 0x0, 0x69, 0x0, 0x0, 0xb, 0xf4, 0x33,
    0x33, 0x33, 0x33, 0x0, 0x0, 0xc, 0xf0, 0x0,
    0x0, 0xff, 0x1f, 0xff, 0xff, 0xff, 0xf1, 0x0,
    0x0, 0xcf, 0x0, 0x0, 0x4f, 0xa1, 0xfd, 0x66,
    0x66, 0xdf, 0x10, 0xeb, 0xc, 0xf0, 0x0, 0x9,
    0xf5, 0x1f, 0xb0, 0x0, 0xb, 0xf1, 0xf, 0xc0,
    0xcf, 0x0, 0x0, 0xef, 0x1, 0xfb, 0x7, 0x70,
    0xbf, 0x10, 0xfc, 0xc, 0xf0, 0x0, 0x5f, 0xf0,
    0x1f, 0xb0, 0xee, 0xb, 0xf1, 0xf, 0xc0, 0xcf,
    0x0, 0xb, 0xff, 0x1, 0xfb, 0xe, 0xe0, 0xbf,
    0x10, 0xfc, 0xc, 0xf0, 0x2, 0xff, 0xf0, 0x1f,
    0xb0, 0xfd, 0xb, 0xf1, 0xf, 0xc0, 0xcf, 0x0,
    0xaf, 0xff, 0x1, 0xfb, 0xf, 0xd0, 0xbf, 0x10,
    0xfc, 0xc, 0xf0, 0xe, 0xdd, 0xf0, 0x1f, 0xb0,
    0xfd, 0xb, 0xf1, 0xf, 0xc0, 0xcf, 0x0, 0x85,
    0xdf, 0x1, 0xfb, 0xf, 0xc0, 0xbf, 0x10, 0xfc,
    0xc, 0xf0, 0x0, 0xd, 0xf0, 0x1f, 0xb0, 0xfb,
    0xb, 0xf1, 0xf, 0xc0, 0xcf, 0x0, 0x0, 0xdf,
    0x1, 0xfb, 0x1f, 0xa0, 0xbf, 0x10, 0xfc, 0xc,
    0xf0, 0x0, 0xd, 0xf0, 0x1f, 0xb3, 0xf8, 0xb,
    0xf1, 0xf, 0xc0, 0xcf, 0x0, 0x0, 0xdf, 0x1,
    0xfb, 0x6f, 0x50, 0xbf, 0x10, 0xfc, 0xc, 0xf0,
    0x0, 0xd, 0xf0, 0x7, 0x4c, 0xf1, 0x3, 0x50,
    0x9, 0x70, 0xcf, 0x0, 0x0, 0xdf, 0x0, 0x2,
    0xfb, 0x3d, 0x40, 0x0, 0x0, 0xc, 0xf0, 0x0,
    0xd, 0xf0, 0x0, 0xcf, 0x41, 0xee, 0x20, 0x0,
    0x0, 0xcf, 0x0, 0x0, 0xdf, 0x0, 0x9f, 0xb0,
    0x5, 0xfb, 0x0, 0x0, 0xd, 0xf0, 0x0, 0xd,
    0xf0, 0x8f, 0xe1, 0x0, 0xc, 0xf4, 0xc, 0xdd,
    0xfe, 0x0, 0x0, 0xdf, 0x1, 0xc2, 0x0, 0x0,
    0x49, 0x10, 0x7d, 0xfe, 0x60,

    /* U+4FDD "保" */
    0x0, 0x0, 0x1, 0x20, 0x0, 0x0, 0x0, 0x0,
    0x0, 0x0, 0x0, 0x0, 0x0, 0x0, 0x9f, 0x60,
    0xaa, 0xaa, 0xaa, 0xaa, 0xaa, 0xa3, 0x0, 0x0,
    0x0, 0xe, 0xf1, 0xf, 0xff, 0xff, 0xff, 0xff,
    0xff, 0x40, 0x0, 0x0, 0x4, 0xfb, 0x0, 0xfd,
    0x0, 0x0, 0x0, 0x8, 0xf4, 0x0, 0x0, 0x0,
    0xaf, 0x60, 0xf, 0xd0, 0x0, 0x0, 0x0, 0x7f,
    0x40, 0x0, 0x0, 0x2f, 0xf1, 0x0, 0xfd, 0x0,
    0x0, 0x0, 0x7, 0xf4, 0x0, 0x0, 0xa, 0xff,
    0x10, 0xf, 0xd0, 0x0, 0x0, 0x0, 0x8f, 0x40,
    0x0, 0x3, 0xff, 0xf1, 0x0, 0xff, 0xff, 0xff,
    0xff, 0xff, 0xf4, 0x0, 0x0, 0xcf, 0xff, 0x10,
    0xa, 0xaa, 0xab, 0xfd, 0xaa, 0xaa, 0x30, 0x0,
    0x6f, 0xdd, 0xf1, 0x0, 0x0, 0x0, 0x4f, 0x90,
    0x0, 0x0, 0x0, 0xe, 0xf3, 0xcf, 0x10, 0x0,
    0x0, 0x4, 0xf9, 0x0, 0x0, 0x0, 0x0, 0x97,
    0xc, 0xf1, 0x9b, 0xbb, 0xbb, 0xcf, 0xeb, 0xbb,
    0xbb, 0xb0, 0x1, 0x0, 0xcf, 0x1c, 0xff, 0xff,
    0xff, 0xff, 0xff, 0xff, 0xff, 0x10, 0x0, 0xc,
    0xf1, 0x0, 0x0, 0x8, 0xff, 0xfd, 0x0, 0x0,
    0x0, 0x0, 0x0, 0xcf, 0x10, 0x0, 0x3, 0xff,
    0xff, 0xf9, 0x0, 0x0, 0x0, 0x0, 0xc, 0xf1,
    0x0, 0x1, 0xef, 0x7f, 0xac, 0xf6, 0x0, 0x0,
    0x0, 0x0, 0xcf, 0x10, 0x1, 0xcf, 0x74, 0xf9,
    0x1e, 0xf7, 0x0, 0x0, 0x0, 0xc, 0xf1, 0x1,
    0xdf, 0xa0, 0x4f, 0x90, 0x2e, 0xfa, 0x0, 0x0,
    0x0, 0xcf, 0x14, 0xef, 0xa0, 0x4, 0xf9, 0x0,
    0x2d, 0xfe, 0x50, 0x0, 0xc, 0xf2, 0xff, 0x90,
    0x0, 0x4f, 0x90, 0x0, 0x1b, 0xf7, 0x0, 0x0,
    0xcf, 0x15, 0x50, 0x0, 0x4, 0xf9, 0x0, 0x0,
    0x5, 0x0, 0x0, 0xc, 0xf1, 0x0, 0x0, 0x0,
    0x4f, 0x90, 0x0, 0x0, 0x0,

    /* U+4FE1 "信" */
    0x0, 0x0, 0x1, 0x40, 0x0, 0x0, 0x0, 0x13,
    0x0, 0x0, 0x0, 0x0, 0x0, 0x0, 0x6f, 0xa0,
    0x0, 0x0, 0x3f, 0xe0, 0x0, 0x0, 0x0, 0x0,
    0x0, 0xb, 0xf4, 0x0, 0x0, 0x0, 0xcf, 0x60,
    0x0, 0x0, 0x0, 0x0, 0x2, 0xfd, 0xb, 0xbb,
    0xbb, 0xbd, 0xfe, 0xbb, 0xbb, 0xb9, 0x0, 0x0,
    0x9f, 0x71, 0xff, 0xff, 0xff, 0xff, 0xff, 0xff,
    0xff, 0xd0, 0x0, 0x1f, 0xf1, 0x0, 0x0, 0x0,
    0x0, 0x0, 0x0, 0x0, 0x0, 0x0, 0xa, 0xff,
    0x10, 0x0, 0x0, 0x0, 0x0, 0x0, 0x0, 0x0,
    0x0, 0x3, 0xff, 0xf1, 0x0, 0xdf, 0xff, 0xff,
    0xff, 0xff, 0xff, 0x80, 0x0, 0xdf, 0xff, 0x10,
    0x9, 0xaa, 0xaa, 0xaa, 0xaa, 0xaa, 0xa5, 0x0,
    0x8f, 0xcd, 0xf1, 0x0, 0x0, 0x0, 0x0, 0x0,
    0x0, 0x0, 0x0, 0xe, 0xf2, 0xcf, 0x10, 0x8,
    0xaa, 0xaa, 0xaa, 0xaa, 0xaa, 0xa5, 0x0, 0x75,
    0xc, 0xf1, 0x0, 0xdf, 0xff, 0xff, 0xff, 0xff,
    0xff, 0x80, 0x0, 0x0, 0xcf, 0x10, 0x0, 0x0,
    0x0, 0x0, 0x0, 0x0, 0x0, 0x0, 0x0, 0xc,
    0xf1, 0x0, 0x0, 0x0, 0x0, 0x0, 0x0, 0x0,
    0x0, 0x0, 0x0, 0xcf, 0x10, 0xa, 0xff, 0xff,
    0xff, 0xff, 0xff, 0xf5, 0x0, 0x0, 0xc, 0xf1,
    0x0, 0xaf, 0xcb, 0xbb, 0xbb, 0xbb, 0xef, 0x50,
    0x0, 0x0, 0xcf, 0x10, 0xa, 0xf3, 0x0, 0x0,
    0x0, 0x8, 0xf5, 0x0, 0x0, 0xc, 0xf1, 0x0,
    0xaf, 0x30, 0x0, 0x0, 0x0, 0x8f, 0x50, 0x0,
    0x0, 0xcf, 0x10, 0xa, 0xf3, 0x0, 0x0, 0x0,
    0x8, 0xf5, 0x0, 0x0, 0xc, 0xf1, 0x0, 0xaf,
    0xcb, 0xbb, 0xbb, 0xbb, 0xef, 0x50, 0x0, 0x0,
    0xcf, 0x10, 0xa, 0xff, 0xff, 0xff, 0xff, 0xff,
    0xf5, 0x0, 0x0, 0xc, 0xf1, 0x0, 0x9e, 0x20,
    0x0, 0x0, 0x0, 0x7d, 0x40,

    /* U+503C "值" */
    0x0, 0x0, 0x2, 0x50, 0x0, 0x0, 0x0, 0x78,
    0x0, 0x0, 0x0, 0x0, 0x0, 0x0, 0x8f, 0x70,
    0x0, 0x0, 0xe, 0xf0, 0x0, 0x0, 0x0, 0x0,
    0x0, 0xd, 0xf1, 0x0, 0x0, 0x0, 0xef, 0x0,
    0x0, 0x0, 0x0, 0x0, 0x3, 0xfc, 0xb, 0xff,
    0xff, 0xff, 0xff, 0xff, 0xff, 0xe0, 0x0, 0x0,
    0xaf, 0x60, 0x7a, 0xaa, 0xaa, 0xff, 0xaa, 0xaa,
    0xa9, 0x0, 0x0, 0x2f, 0xf1, 0x0, 0x0, 0x0,
    0xe, 0xf0, 0x0, 0x0, 0x0, 0x0, 0xa, 0xff,
    0x10, 0x2, 0x88, 0x88, 0xff, 0x88, 0x88, 0x60,
    0x0, 0x3, 0xff, 0xf1, 0x0, 0x4f, 0xff, 0xff,
    0xff, 0xff, 0xfc, 0x0, 0x0, 0xcf, 0xff, 0x10,
    0x4, 0xf9, 0x11, 0x11, 0x11, 0x2f, 0xc0, 0x0,
    0x6f, 0xcc, 0xf1, 0x0, 0x4f, 0x90, 0x0, 0x0,
    0x1, 0xfc, 0x0, 0xe, 0xf2, 0xcf, 0x10, 0x4,
    0xff, 0xff, 0xff, 0xff, 0xff, 0xc0, 0x0, 0x97,
    0xc, 0xf1, 0x0, 0x4f, 0xc7, 0x77, 0x77, 0x78,
    0xfc, 0x0, 0x1, 0x0, 0xcf, 0x10, 0x4, 0xf9,
    0x0, 0x0, 0x0, 0x1f, 0xc0, 0x0, 0x0, 0xc,
    0xf1, 0x0, 0x4f, 0xc7, 0x77, 0x77, 0x78, 0xfc,
    0x0, 0x0, 0x0, 0xcf, 0x10, 0x4, 0xff, 0xff,
    0xff, 0xff, 0xff, 0xc0, 0x0, 0x0, 0xc, 0xf1,
    0x0, 0x4f, 0x90, 0x0, 0x0, 0x1, 0xfc, 0x0,
    0x0, 0x0, 0xcf, 0x10, 0x4, 0xfc, 0x77, 0x77,
    0x77, 0x8f, 0xc0, 0x0, 0x0, 0xc, 0xf1, 0x0,
    0x4f, 0xff, 0xff, 0xff, 0xff, 0xfc, 0x0, 0x0,
    0x0, 0xcf, 0x10, 0x4, 0xf9, 0x0, 0x0, 0x0,
    0x1f, 0xc0, 0x0, 0x0, 0xc, 0xf1, 0x1, 0x5f,
    0x91, 0x11, 0x11, 0x12, 0xfc, 0x10, 0x0, 0x0,
    0xcf, 0x1e, 0xff, 0xff, 0xff, 0xff, 0xff, 0xff,
    0xff, 0x80, 0x0, 0xc, 0xf1, 0x78, 0x88, 0x88,
    0x88, 0x88, 0x88, 0x88, 0x84,

    /* U+503E "倾" */
    0x0, 0x0, 0x40, 0x0, 0x0, 0x0, 0x0, 0x0,
    0x0, 0x0, 0x0, 0x0, 0x0, 0x1f, 0xc1, 0x30,
    0x0, 0x3a, 0xaa, 0xaa, 0xaa, 0xaa, 0x80, 0x0,
    0x6, 0xf8, 0x9f, 0x10, 0x6, 0xff, 0xff, 0xff,
    0xff, 0xfd, 0x0, 0x0, 0xbf, 0x39, 0xf1, 0x0,
    0x0, 0x0, 0xaf, 0x50, 0x0, 0x0, 0x0, 0x1f,
    0xe0, 0x9f, 0x10, 0x0, 0x11, 0x1c, 0xf3, 0x11,
    0x10, 0x0, 0x6, 0xfa, 0x9, 0xf1, 0x0, 0xf,
    0xff, 0xff, 0xff, 0xff, 0x20, 0x0, 0xdf, 0xa0,
    0x9f, 0x10, 0x0, 0xff, 0x99, 0x99, 0x9d, 0xf2,
    0x0, 0x4f, 0xfa, 0x9, 0xff, 0xff, 0x5f, 0xf0,
    0x0, 0x0, 0xbf, 0x20, 0xc, 0xff, 0xa0, 0x9f,
    0xcb, 0xb4, 0xff, 0x2, 0x74, 0xb, 0xf2, 0x5,
    0xfd, 0xfa, 0x9, 0xf1, 0x0, 0xf, 0xf0, 0x5f,
    0x80, 0xbf, 0x20, 0xbf, 0x4f, 0xa0, 0x9f, 0x10,
    0x0, 0xff, 0x5, 0xf8, 0xb, 0xf2, 0x4, 0x92,
    0xfa, 0x9, 0xf1, 0x0, 0xf, 0xf0, 0x6f, 0x70,
    0xbf, 0x20, 0x0, 0x2f, 0xa0, 0x9f, 0x10, 0x0,
    0xff, 0x6, 0xf7, 0xb, 0xf2, 0x0, 0x2, 0xfa,
    0x9, 0xf1, 0x0, 0xf, 0xf0, 0x7f, 0x60, 0xbf,
    0x20, 0x0, 0x2f, 0xa0, 0x9f, 0x10, 0x0, 0xff,
    0x8, 0xf5, 0xb, 0xf2, 0x0, 0x2, 0xfa, 0x9,
    0xf1, 0x0, 0xf, 0xf0, 0xbf, 0x30, 0xbf, 0x20,
    0x0, 0x2f, 0xa0, 0x9f, 0x17, 0xd0, 0xff, 0x2f,
    0xf0, 0xb, 0xf2, 0x0, 0x2, 0xfa, 0x9, 0xfd,
    0xfd, 0x22, 0x3b, 0xfa, 0x8d, 0x31, 0x0, 0x0,
    0x2f, 0xa0, 0x7f, 0xf7, 0x0, 0x8, 0xfe, 0x19,
    0xfe, 0x20, 0x0, 0x2, 0xfa, 0x0, 0x61, 0x0,
    0x1b, 0xff, 0x40, 0xa, 0xfe, 0x30, 0x0, 0x2f,
    0xa0, 0x0, 0x0, 0x4f, 0xfe, 0x30, 0x0, 0xa,
    0xfe, 0x0, 0x2, 0xfa, 0x0, 0x0, 0x0, 0xc8,
    0x0, 0x0, 0x0, 0xa, 0x40,

    /* U+504F "偏" */
    0x0, 0x0, 0x12, 0x0, 0x0, 0x0, 0x5, 0x10,
    0x0, 0x0, 0x0, 0x0, 0x0, 0x8f, 0x60, 0x0,
    0x0, 0x8f, 0x90, 0x0, 0x0, 0x0, 0x0, 0x0,
    0xdf, 0x10, 0x0, 0x0, 0xe, 0xf1, 0x0, 0x0,
    0x0, 0x0, 0x3, 0xfc, 0xc, 0xff, 0xff, 0xff,
    0xff, 0xff, 0xff, 0xf1, 0x0, 0x9, 0xf6, 0xc,
    0xfb, 0xbb, 0xbb, 0xbb, 0xbb, 0xbe, 0xf1, 0x0,
    0x1f, 0xf1, 0xc, 0xf1, 0x0, 0x0, 0x0, 0x0,
    0xb, 0xf1, 0x0, 0x8f, 0xc0, 0xc, 0xf1, 0x0,
    0x0, 0x0, 0x0, 0xb, 0xf1, 0x1, 0xff, 0xc0,
    0xc, 0xfc, 0xbb, 0xbb, 0xbb, 0xbb, 0xbe, 0xf1,
    0x8, 0xff, 0xc0, 0xc, 0xff, 0xff, 0xff, 0xff,
    0xff, 0xff, 0xf1, 0x2f, 0xff, 0xc0, 0xc, 0xf1,
    0x0, 0x0, 0x0, 0x0, 0x0, 0x0, 0xbf, 0xaf,
    0xc0, 0xc, 0xf1, 0x11, 0x11, 0x11, 0x11, 0x11,
    0x10, 0x6c, 0x2f, 0xc0, 0xc, 0xf2, 0xff, 0xff,
    0xff, 0xff, 0xff, 0xf5, 0x2, 0x2f, 0xc0, 0xd,
    0xf1, 0xfe, 0xad, 0xfa, 0xcf, 0xac, 0xf5, 0x0,
    0x2f, 0xc0, 0xd, 0xf0, 0xfb, 0x8, 0xf0, 0x6f,
    0x16, 0xf5, 0x0, 0x2f, 0xc0, 0xe, 0xf0, 0xfb,
    0x8, 0xf0, 0x6f, 0x16, 0xf5, 0x0, 0x2f, 0xc0,
    0xf, 0xd0, 0xff, 0xff, 0xff, 0xff, 0xff, 0xf5,
    0x0, 0x2f, 0xc0, 0x3f, 0xa0, 0xfe, 0xad, 0xfa,
    0xcf, 0xac, 0xf5, 0x0, 0x2f, 0xc0, 0x7f, 0x70,
    0xfb, 0x8, 0xf0, 0x6f, 0x16, 0xf5, 0x0, 0x2f,
    0xc0, 0xbf, 0x20, 0xfb, 0x8, 0xf0, 0x6f, 0x16,
    0xf5, 0x0, 0x2f, 0xc1, 0xfe, 0x0, 0xfb, 0x8,
    0xf0, 0x6f, 0x17, 0xf5, 0x0, 0x2f, 0xc6, 0xf8,
    0x0, 0xfb, 0x1, 0x10, 0x7, 0xbe, 0xf4, 0x0,
    0x2f, 0xc0, 0xa2, 0x0, 0xfb, 0x0, 0x0, 0x4,
    0xef, 0xa0, 0x0, 0x0, 0x0, 0x0, 0x0, 0x11,
    0x0, 0x0, 0x0, 0x0, 0x0,

    /* U+505A "做" */
    0x0, 0x0, 0x13, 0x0, 0x3, 0x20, 0x0, 0x0,
    0x20, 0x0, 0x0, 0x0, 0x0, 0x7f, 0x80, 0xf,
    0xc0, 0x0, 0x1, 0xf8, 0x0, 0x0, 0x0, 0x0,
    0xcf, 0x30, 0xf, 0xc0, 0x0, 0x4, 0xf6, 0x0,
    0x0, 0x0, 0x2, 0xfd, 0x0, 0xf, 0xc0, 0x0,
    0x7, 0xf3, 0x0, 0x0, 0x0, 0x9, 0xf7, 0x0,
    0xf, 0xc0, 0x0, 0xa, 0xf8, 0x77, 0x75, 0x0,
    0x1f, 0xf1, 0xff, 0xff, 0xff, 0xfc, 0xe, 0xff,
    0xff, 0xfc, 0x0, 0x8f, 0xc0, 0xbb, 0xbf, 0xeb,
    0xb8, 0x2f, 0xa5, 0x5f, 0xd3, 0x1, 0xff, 0xc0,
    0x0, 0xf, 0xc0, 0x0, 0x7f, 0x70, 0xf, 0xa0,
    0xa, 0xff, 0xc0, 0x0, 0xf, 0xc0, 0x0, 0xcf,
    0xa0, 0x2f, 0x80, 0x4f, 0xff, 0xc0, 0x0, 0xf,
    0xc0, 0x2, 0xff, 0xd0, 0x4f, 0x60, 0xbf, 0x8f,
    0xc0, 0x0, 0xf, 0xc0, 0x5, 0xfc, 0xf1, 0x6f,
    0x40, 0x5a, 0x2f, 0xc0, 0x9f, 0xff, 0xff, 0xf6,
    0x53, 0xf6, 0x9f, 0x20, 0x0, 0x2f, 0xc0, 0x9f,
    0xcb, 0xbd, 0xf6, 0x0, 0xea, 0xdf, 0x0, 0x0,
    0x2f, 0xc0, 0x9f, 0x50, 0x8, 0xf6, 0x0, 0x9f,
    0xfb, 0x0, 0x0, 0x2f, 0xc0, 0x9f, 0x50, 0x8,
    0xf6, 0x0, 0x4f, 0xf6, 0x0, 0x0, 0x2f, 0xc0,
    0x9f, 0x50, 0x8, 0xf6, 0x0, 0xf, 0xf2, 0x0,
    0x0, 0x2f, 0xc0, 0x9f, 0xb8, 0x8c, 0xf6, 0x0,
    0x3f, 0xf5, 0x0, 0x0, 0x2f, 0xc0, 0x9f, 0xff,
    0xff, 0xf6, 0x0, 0xbf, 0xfd, 0x0, 0x0, 0x2f,
    0xc0, 0x9f, 0x50, 0x8, 0xf6, 0x4, 0xfc, 0x9f,
    0x70, 0x0, 0x2f, 0xc0, 0x9f, 0x50, 0x1, 0x20,
    0x2e, 0xf3, 0x1f, 0xf3, 0x0, 0x2f, 0xc0, 0x1,
    0x0, 0x0, 0x0, 0xcf, 0x70, 0x6, 0xfa, 0x0,
    0x2f, 0xc0, 0x0, 0x0, 0x0, 0x0, 0x28, 0x0,
    0x0, 0x81,

    /* U+505C "停" */
    0x0, 0x0, 0x4, 0x0, 0x0, 0x0, 0x5, 0x40,
    0x0, 0x0, 0x0, 0x0, 0x0, 0x3, 0xfb, 0x0,
    0x0, 0x2, 0xfe, 0x0, 0x0, 0x0, 0x0, 0x0,
    0x0, 0x8f, 0x66, 0xbb, 0xbb, 0xbf, 0xfc, 0xbb,
    0xbb, 0xb7, 0x0, 0x0, 0xd, 0xf0, 0x8f, 0xff,
    0xff, 0xff, 0xff, 0xff, 0xff, 0xa0, 0x0, 0x3,
    0xfa, 0x0, 0x0, 0x0, 0x0, 0x0, 0x0, 0x0,
    0x0, 0x0, 0x0, 0x9f, 0x40, 0x7, 0xff, 0xff,
    0xff, 0xff, 0xff, 0xfd, 0x0, 0x0, 0x1f, 0xf0,
    0x0, 0x7f, 0xb9, 0x99, 0x99, 0x99, 0x9f, 0xd0,
    0x0, 0x7, 0xff, 0x0, 0x7, 0xf4, 0x0, 0x0,
    0x0, 0x0, 0xfd, 0x0, 0x0, 0xef, 0xf0, 0x0,
    0x7f, 0xa8, 0x88, 0x88, 0x88, 0x8f, 0xd0, 0x0,
    0x8f, 0xff, 0x0, 0x6, 0xff, 0xff, 0xff, 0xff,
    0xff, 0xfc, 0x0, 0xe, 0xfe, 0xf0, 0x0, 0x0,
    0x0, 0x0, 0x0, 0x0, 0x0, 0x0, 0x0, 0x86,
    0xdf, 0x2, 0xff, 0xff, 0xff, 0xff, 0xff, 0xff,
    0xff, 0xf6, 0x1, 0xd, 0xf0, 0x2f, 0xea, 0xaa,
    0xaa, 0xaa, 0xaa, 0xaa, 0xcf, 0x60, 0x0, 0xdf,
    0x2, 0xfa, 0x0, 0x0, 0x0, 0x0, 0x0, 0x6,
    0xf6, 0x0, 0xd, 0xf0, 0x2f, 0xaa, 0xff, 0xff,
    0xff, 0xff, 0xfe, 0x6f, 0x60, 0x0, 0xdf, 0x0,
    0x53, 0x7a, 0xaa, 0xaf, 0xea, 0xaa, 0x93, 0x83,
    0x0, 0xd, 0xf0, 0x0, 0x0, 0x0, 0x0, 0xfa,
    0x0, 0x0, 0x0, 0x0, 0x0, 0xdf, 0x0, 0x0,
    0x0, 0x0, 0xf, 0xa0, 0x0, 0x0, 0x0, 0x0,
    0xd, 0xf0, 0x0, 0x0, 0x0, 0x0, 0xfa, 0x0,
    0x0, 0x0, 0x0, 0x0, 0xdf, 0x0, 0x0, 0x1,
    0x0, 0x1f, 0xa0, 0x0, 0x0, 0x0, 0x0, 0xd,
    0xf0, 0x0, 0x0, 0x9f, 0xed, 0xf9, 0x0, 0x0,
    0x0, 0x0, 0x0, 0xdf, 0x0, 0x0, 0x5, 0xce,
    0xfc, 0x20, 0x0, 0x0, 0x0,

    /* U+5148 "先" */
    0x0, 0x0, 0x1, 0x0, 0x0, 0x47, 0x20, 0x0,
    0x0, 0x0, 0x0, 0x0, 0x0, 0xd, 0xe2, 0x0,
    0x9f, 0x40, 0x0, 0x0, 0x0, 0x0, 0x0, 0x0,
    0x2f, 0xd0, 0x0, 0x9f, 0x40, 0x0, 0x0, 0x0,
    0x0, 0x0, 0x0, 0x9f, 0x70, 0x0, 0x9f, 0x40,
    0x0, 0x0, 0x0, 0x0, 0x0, 0x1, 0xff, 0xcb,
    0xbb, 0xef, 0xcb, 0xbb, 0xbb, 0xba, 0x0, 0x0,
    0x9, 0xff, 0xff, 0xff, 0xff, 0xff, 0xff, 0xff,
    0xff, 0x0, 0x0, 0x3f, 0xf3, 0x11, 0x11, 0xaf,
    0x51, 0x11, 0x11, 0x11, 0x0, 0x0, 0xdf, 0x90,
    0x0, 0x0, 0x9f, 0x40, 0x0, 0x0, 0x0, 0x0,
    0x2, 0xee, 0x10, 0x0, 0x0, 0x9f, 0x40, 0x0,
    0x0, 0x0, 0x0, 0x0, 0x13, 0x0, 0x0, 0x0,
    0x9f, 0x40, 0x0, 0x0, 0x0, 0x0, 0xb, 0xbb,
    0xbb, 0xbb, 0xbb, 0xef, 0xcb, 0xbb, 0xbb, 0xbb,
    0xb5, 0x1f, 0xff, 0xff, 0xff, 0xff, 0xff, 0xff,
    0xff, 0xff, 0xff, 0xf7, 0x0, 0x0, 0x0, 0x1f,
    0xf0, 0x0, 0x6f, 0xa0, 0x0, 0x0, 0x0, 0x0,
    0x0, 0x0, 0x2f, 0xd0, 0x0, 0x5f, 0x90, 0x0,
    0x0, 0x0, 0x0, 0x0, 0x0, 0x6f, 0xb0, 0x0,
    0x5f, 0x90, 0x0, 0x0, 0x0, 0x0, 0x0, 0x0,
    0xbf, 0x70, 0x0, 0x5f, 0x90, 0x0, 0x0, 0x0,
    0x0, 0x0, 0x2, 0xff, 0x20, 0x0, 0x5f, 0x90,
    0x0, 0x2, 0xd7, 0x0, 0x0, 0xb, 0xfb, 0x0,
    0x0, 0x5f, 0x90, 0x0, 0x3, 0xfc, 0x0, 0x0,
    0x9f, 0xf3, 0x0, 0x0, 0x5f, 0x90, 0x0, 0x5,
    0xfa, 0x0, 0x2c, 0xff, 0x70, 0x0, 0x0, 0x5f,
    0xb0, 0x0, 0xa, 0xf7, 0xb, 0xff, 0xf7, 0x0,
    0x0, 0x0, 0x4f, 0xff, 0xee, 0xff, 0xf3, 0x7,
    0xfb, 0x20, 0x0, 0x0, 0x0, 0x9, 0xef, 0xff,
    0xec, 0x60, 0x0, 0x10, 0x0, 0x0, 0x0, 0x0,
    0x0, 0x0, 0x0, 0x0, 0x0,

    /* U+5149 "光" */
    0x0, 0x0, 0x0, 0x0, 0x0, 0x76, 0x0, 0x0,
    0x0, 0x0, 0x0, 0x0, 0x0, 0x0, 0x0, 0x0,
    0xff, 0x0, 0x0, 0x0, 0x0, 0x0, 0x0, 0x1,
    0x40, 0x0, 0x0, 0xff, 0x0, 0x0, 0x3, 0x70,
    0x0, 0x0, 0x2e, 0xf2, 0x0, 0x0, 0xff, 0x0,
    0x0, 0xd, 0xf7, 0x0, 0x0, 0xc, 0xfd, 0x0,
    0x0, 0xff, 0x0, 0x0, 0x7f, 0xe0, 0x0, 0x0,
    0x1, 0xef, 0xa0, 0x0, 0xff, 0x0, 0x4, 0xff,
    0x30, 0x0, 0x0, 0x0, 0x4f, 0xf6, 0x0, 0xff,
    0x0, 0x1e, 0xf6, 0x0, 0x0, 0x0, 0x0, 0x8,
    0xd2, 0x0, 0xff, 0x0, 0x9, 0x80, 0x0, 0x0,
    0x0, 0x0, 0x0, 0x0, 0x0, 0xff, 0x0, 0x0,
    0x0, 0x0, 0x0, 0xb, 0xbb, 0xbb, 0xbb, 0xbb,
    0xff, 0xbb, 0xbb, 0xbb, 0xbb, 0xb0, 0xf, 0xff,
    0xff, 0xff, 0xff, 0xff, 0xff, 0xff, 0xff, 0xff,
    0xf0, 0x0, 0x0, 0x0, 0xe, 0xf1, 0x0, 0xcf,
    0x30, 0x0, 0x0, 0x0, 0x0, 0x0, 0x0, 0x2f,
    0xd0, 0x0, 0xcf, 0x30, 0x0, 0x0, 0x0, 0x0,
    0x0, 0x0, 0x6f, 0xa0, 0x0, 0xcf, 0x30, 0x0,
    0x0, 0x0, 0x0, 0x0, 0x0, 0xcf, 0x50, 0x0,
    0xcf, 0x30, 0x0, 0x0, 0x0, 0x0, 0x0, 0x3,
    0xfe, 0x0, 0x0, 0xcf, 0x30, 0x0, 0x0, 0x0,
    0x0, 0x0, 0xc, 0xf8, 0x0, 0x0, 0xcf, 0x30,
    0x0, 0x0, 0x0, 0x0, 0x0, 0x8f, 0xe0, 0x0,
    0x0, 0xcf, 0x30, 0x0, 0x4, 0x71, 0x0, 0x7,
    0xff, 0x40, 0x0, 0x0, 0xcf, 0x30, 0x0, 0x7,
    0xf8, 0x1, 0xaf, 0xf6, 0x0, 0x0, 0x0, 0xcf,
    0x50, 0x0, 0xa, 0xf6, 0x5e, 0xff, 0x50, 0x0,
    0x0, 0x0, 0xaf, 0xfe, 0xcc, 0xdf, 0xf3, 0x2f,
    0xb2, 0x0, 0x0, 0x0, 0x0, 0x1a, 0xdf, 0xff,
    0xfd, 0x80, 0x1, 0x0, 0x0, 0x0, 0x0, 0x0,
    0x0, 0x0, 0x0, 0x0, 0x0,

    /* U+514B "克" */
    0x0, 0x0, 0x0, 0x0, 0x0, 0x34, 0x0, 0x0,
    0x0, 0x0, 0x0, 0x0, 0x0, 0x0, 0x0, 0x0,
    0xd, 0xf1, 0x0, 0x0, 0x0, 0x0, 0x0, 0x0,
    0x0, 0x0, 0x0, 0x0, 0xdf, 0x10, 0x0, 0x0,
    0x0, 0x0, 0x3, 0xff, 0xff, 0xff, 0xff, 0xff,
    0xff, 0xff, 0xff, 0xff, 0xff, 0xa0, 0x2b, 0xbb,
    0xbb, 0xbb, 0xbb, 0xff, 0xcb, 0xbb, 0xbb, 0xbb,
    0xb7, 0x0, 0x0, 0x0, 0x0, 0x0, 0xd, 0xf1,
    0x0, 0x0, 0x0, 0x0, 0x0, 0x0, 0x0, 0x0,
    0x0, 0x0, 0xdf, 0x10, 0x0, 0x0, 0x0, 0x0,
    0x0, 0x0, 0xbb, 0xbb, 0xbb, 0xbf, 0xfc, 0xbb,
    0xbb, 0xbb, 0x20, 0x0, 0x0, 0xf, 0xff, 0xff,
    0xff, 0xff, 0xff, 0xff, 0xff, 0xf3, 0x0, 0x0,
    0x0, 0xfd, 0x0, 0x0, 0x0, 0x0, 0x0, 0x0,
    0xbf, 0x30, 0x0, 0x0, 0xf, 0xd0, 0x0, 0x0,
    0x0, 0x0, 0x0, 0xb, 0xf3, 0x0, 0x0, 0x0,
    0xfd, 0x0, 0x0, 0x0, 0x0, 0x0, 0x0, 0xbf,
    0x30, 0x0, 0x0, 0xf, 0xfb, 0xbb, 0xbb, 0xbb,
    0xbb, 0xbb, 0xbe, 0xf3, 0x0, 0x0, 0x0, 0xff,
    0xff, 0xff, 0xff, 0xff, 0xff, 0xff, 0xff, 0x30,
    0x0, 0x0, 0x0, 0x0, 0xb, 0xf2, 0x0, 0xcf,
    0x20, 0x0, 0x0, 0x0, 0x0, 0x0, 0x0, 0x0,
    0xfe, 0x0, 0xc, 0xf2, 0x0, 0x0, 0x0, 0x0,
    0x0, 0x0, 0x0, 0x5f, 0x90, 0x0, 0xcf, 0x20,
    0x0, 0x0, 0x0, 0x0, 0x0, 0x0, 0xd, 0xf3,
    0x0, 0xc, 0xf2, 0x0, 0x0, 0x3, 0x0, 0x0,
    0x0, 0xa, 0xfb, 0x0, 0x0, 0xcf, 0x20, 0x0,
    0x0, 0xcd, 0x10, 0x0, 0x4c, 0xfe, 0x10, 0x0,
    0xb, 0xf2, 0x0, 0x0, 0xe, 0xf0, 0x28, 0xdf,
    0xfd, 0x20, 0x0, 0x0, 0xaf, 0xec, 0xcc, 0xce,
    0xfd, 0x3, 0xff, 0xd6, 0x0, 0x0, 0x0, 0x4,
    0xdf, 0xff, 0xff, 0xed, 0x50, 0x5, 0x20, 0x0,
    0x0, 0x0, 0x0, 0x0, 0x0, 0x0, 0x0, 0x0,
    0x0,

    /* U+5165 "入" */
    0x0, 0x0, 0x0, 0x0, 0x2, 0x0, 0x0, 0x0,
    0x0, 0x0, 0x0, 0x0, 0x0, 0x0, 0x0, 0xa,
    0xf4, 0x0, 0x0, 0x0, 0x0, 0x0, 0x0, 0x0,
    0x0, 0x0, 0x0, 0x9f, 0xe0, 0x0, 0x0, 0x0,
    0x0, 0x0, 0x0, 0x0, 0x0, 0x0, 0x1, 0xef,
    0x80, 0x0, 0x0, 0x0, 0x0, 0x0, 0x0, 0x0,
    0x0, 0x0, 0x6, 0xff, 0x10, 0x0, 0x0, 0x0,
    0x0, 0x0, 0x0, 0x0, 0x0, 0x0, 0xf, 0xf8,
    0x0, 0x0, 0x0, 0x0, 0x0, 0x0, 0x0, 0x0,
    0x0, 0x3, 0xff, 0xe0, 0x0, 0x0, 0x0, 0x0,
    0x0, 0x0, 0x0, 0x0, 0x0, 0x9f, 0xff, 0x60,
    0x0, 0x0, 0x0, 0x0, 0x0, 0x0, 0x0, 0x0,
    0xe, 0xf8, 0xfc, 0x0, 0x0, 0x0, 0x0, 0x0,
    0x0, 0x0, 0x0, 0x6, 0xfc, 0xf, 0xf2, 0x0,
    0x0, 0x0, 0x0, 0x0, 0x0, 0x0, 0x0, 0xdf,
    0x50, 0x9f, 0x80, 0x0, 0x0, 0x0, 0x0, 0x0,
    0x0, 0x0, 0x5f, 0xd0, 0x3, 0xfe, 0x0, 0x0,
    0x0, 0x0, 0x0, 0x0, 0x0, 0xd, 0xf6, 0x0,
    0xc, 0xf5, 0x0, 0x0, 0x0, 0x0, 0x0, 0x0,
    0x6, 0xfd, 0x0, 0x0, 0x6f, 0xd0, 0x0, 0x0,
    0x0, 0x0, 0x0, 0x2, 0xff, 0x40, 0x0, 0x0,
    0xef, 0x50, 0x0, 0x0, 0x0, 0x0, 0x0, 0xcf,
    0xa0, 0x0, 0x0, 0x6, 0xfe, 0x0, 0x0, 0x0,
    0x0, 0x0, 0xaf, 0xe1, 0x0, 0x0, 0x0, 0xd,
    0xf9, 0x0, 0x0, 0x0, 0x0, 0x9f, 0xf3, 0x0,
    0x0, 0x0, 0x0, 0x4f, 0xf6, 0x0, 0x0, 0x0,
    0x9f, 0xf5, 0x0, 0x0, 0x0, 0x0, 0x0, 0x8f,
    0xf5, 0x0, 0x1, 0xbf, 0xf6, 0x0, 0x0, 0x0,
    0x0, 0x0, 0x0, 0xbf, 0xf8, 0x0, 0x9f, 0xf5,
    0x0, 0x0, 0x0, 0x0, 0x0, 0x0, 0x0, 0xaf,
    0xfb, 0x2, 0xd3, 0x0, 0x0, 0x0, 0x0, 0x0,
    0x0, 0x0, 0x0, 0x6d, 0x20, 0x0, 0x0, 0x0,
    0x0, 0x0, 0x0, 0x0, 0x0, 0x0, 0x0, 0x0,
    0x0,

    /* U+5168 "全" */
    0x0, 0x0, 0x0, 0x0, 0x0, 0x8, 0x61, 0x0,
    0x0, 0x0, 0x0, 0x0, 0x0, 0x0, 0x0, 0x0,
    0x8, 0xff, 0x20, 0x0, 0x0, 0x0, 0x0, 0x0,
    0x0, 0x0, 0x0, 0x7, 0xff, 0xfd, 0x10, 0x0,
    0x0, 0x0, 0x0, 0x0, 0x0, 0x0, 0x7, 0xff,
    0x49, 0xfe, 0x20, 0x0, 0x0, 0x0, 0x0, 0x0,
    0x0, 0x9, 0xff, 0x30, 0x9, 0xff, 0x50, 0x0,
    0x0, 0x0, 0x0, 0x0, 0x2c, 0xfe, 0x30, 0x0,
    0x8, 0xff, 0x80, 0x0, 0x0, 0x0, 0x0, 0x6f,
    0xfd, 0x20, 0x0, 0x0, 0x5, 0xff, 0xc2, 0x0,
    0x0, 0x2, 0xbf, 0xfa, 0x0, 0x0, 0x0, 0x0,
    0x3, 0xef, 0xf8, 0x0, 0x8, 0xff, 0xff, 0xbb,
    0xbb, 0xbb, 0xbb, 0xbb, 0xbc, 0xff, 0xfe, 0x60,
    0xdf, 0xbb, 0xff, 0xff, 0xff, 0xff, 0xff, 0xff,
    0xff, 0x6e, 0xf6, 0x4, 0x40, 0x0, 0x0, 0x0,
    0x3f, 0xd0, 0x0, 0x0, 0x0, 0x18, 0x0, 0x0,
    0x0, 0x0, 0x0, 0x2, 0xfd, 0x0, 0x0, 0x0,
    0x0, 0x0, 0x0, 0x0, 0x0, 0x0, 0x0, 0x2f,
    0xd0, 0x0, 0x0, 0x0, 0x0, 0x0, 0x0, 0x0,
    0x0, 0x0, 0x3, 0xfd, 0x0, 0x0, 0x0, 0x0,
    0x0, 0x0, 0x0, 0xdf, 0xff, 0xff, 0xff, 0xff,
    0xff, 0xff, 0xf7, 0x0, 0x0, 0x0, 0x9, 0xbb,
    0xbb, 0xbc, 0xff, 0xbb, 0xbb, 0xbb, 0x50, 0x0,
    0x0, 0x0, 0x0, 0x0, 0x0, 0x2f, 0xd0, 0x0,
    0x0, 0x0, 0x0, 0x0, 0x0, 0x0, 0x0, 0x0,
    0x2, 0xfd, 0x0, 0x0, 0x0, 0x0, 0x0, 0x0,
    0x0, 0x0, 0x0, 0x0, 0x2f, 0xd0, 0x0, 0x0,
    0x0, 0x0, 0x0, 0xa, 0xbb, 0xbb, 0xbb, 0xbc,
    0xff, 0xbb, 0xbb, 0xbb, 0xbb, 0x40, 0x0, 0xef,
    0xff, 0xff, 0xff, 0xff, 0xff, 0xff, 0xff, 0xff,
    0xf5, 0x0, 0x0, 0x0, 0x0, 0x0, 0x0, 0x0,
    0x0, 0x0, 0x0, 0x0, 0x0,

    /* U+516C "公" */
    0x0, 0x0, 0x0, 0x25, 0x0, 0x0, 0x0, 0x44,
    0x0, 0x0, 0x0, 0x0, 0x0, 0x0, 0x9f, 0x90,
    0x0, 0x5, 0xfe, 0x0, 0x0, 0x0, 0x0, 0x0,
    0x0, 0xff, 0x20, 0x0, 0x0, 0xcf, 0x60, 0x0,
    0x0, 0x0, 0x0, 0x7, 0xfb, 0x0, 0x0, 0x0,
    0x4f, 0xe1, 0x0, 0x0, 0x0, 0x0, 0x1e, 0xf4,
    0x0, 0x0, 0x0, 0xb, 0xf9, 0x0, 0x0, 0x0,
    0x0, 0x8f, 0xc0, 0x0, 0x0, 0x0, 0x2, 0xff,
    0x40, 0x0, 0x0, 0x3, 0xff, 0x30, 0x0, 0x0,
    0x0, 0x0, 0x8f, 0xe2, 0x0, 0x0, 0xd, 0xfa,
    0x0, 0x7, 0xc4, 0x0, 0x0, 0xc, 0xfd, 0x0,
    0x0, 0xaf, 0xe1, 0x0, 0xd, 0xf4, 0x0, 0x0,
    0x2, 0xef, 0xc1, 0x8, 0xff, 0x40, 0x0, 0x4f,
    0xd0, 0x0, 0x0, 0x0, 0x4f, 0xfa, 0x1e, 0xf6,
    0x0, 0x0, 0xbf, 0x70, 0x0, 0x0, 0x0, 0x5,
    0xf4, 0x1, 0x60, 0x0, 0x4, 0xfe, 0x0, 0x0,
    0x0, 0x0, 0x0, 0x40, 0x0, 0x0, 0x0, 0xc,
    0xf7, 0x0, 0x2, 0xc5, 0x0, 0x0, 0x0, 0x0,
    0x0, 0x0, 0x6f, 0xe0, 0x0, 0x4, 0xff, 0x20,
    0x0, 0x0, 0x0, 0x0, 0x2, 0xff, 0x60, 0x0,
    0x0, 0x9f, 0xc0, 0x0, 0x0, 0x0, 0x0, 0xc,
    0xfc, 0x0, 0x0, 0x0, 0xd, 0xf7, 0x0, 0x0,
    0x0, 0x0, 0x8f, 0xf2, 0x0, 0x0, 0x0, 0x4,
    0xff, 0x10, 0x0, 0x0, 0x6, 0xff, 0x50, 0x0,
    0x12, 0x46, 0x8a, 0xff, 0xa0, 0x0, 0x0, 0xe,
    0xff, 0xcd, 0xef, 0xff, 0xff, 0xff, 0xff, 0xf2,
    0x0, 0x0, 0x8, 0xff, 0xff, 0xfe, 0xca, 0x86,
    0x42, 0x9, 0xfa, 0x0, 0x0, 0x0, 0x32, 0x10,
    0x0, 0x0, 0x0, 0x0, 0x2, 0xd4, 0x0, 0x0,
    0x0, 0x0, 0x0, 0x0, 0x0, 0x0, 0x0, 0x0,
    0x0, 0x0,

    /* U+5171 "共" */
    0x0, 0x0, 0x2, 0x52, 0x0, 0x0, 0x0, 0x54,
    0x0, 0x0, 0x0, 0x0, 0x0, 0x7, 0xf6, 0x0,
    0x0, 0x0, 0xfd, 0x0, 0x0, 0x0, 0x0, 0x0,
    0x7, 0xf6, 0x0, 0x0, 0x0, 0xfd, 0x0, 0x0,
    0x0, 0x0, 0x0, 0x7, 0xf6, 0x0, 0x0, 0x0,
    0xfd, 0x0, 0x0, 0x0, 0x0, 0x0, 0x7, 0xf6,
    0x0, 0x0, 0x0, 0xfd, 0x0, 0x0, 0x0, 0xa,
    0xff, 0xff, 0xff, 0xff, 0xff, 0xff, 0xff, 0xff,
    0xff, 0x20, 0x9, 0xdd, 0xde, 0xfe, 0xdd, 0xdd,
    0xdd, 0xff, 0xdd, 0xdd, 0x20, 0x0, 0x0, 0x7,
    0xf6, 0x0, 0x0, 0x0, 0xfd, 0x0, 0x0, 0x0,
    0x0, 0x0, 0x7, 0xf6, 0x0, 0x0, 0x0, 0xfd,
    0x0, 0x0, 0x0, 0x0, 0x0, 0x7, 0xf6, 0x0,
    0x0, 0x0, 0xfd, 0x0, 0x0, 0x0, 0x0, 0x0,
    0x7, 0xf6, 0x0, 0x0, 0x0, 0xfd, 0x0, 0x0,
    0x0, 0x0, 0x0, 0x7, 0xf6, 0x0, 0x0, 0x0,
    0xfd, 0x0, 0x0, 0x0, 0x0, 0x0, 0x7, 0xf6,
    0x0, 0x0, 0x0, 0xfd, 0x0, 0x0, 0x0, 0xaf,
    0xff, 0xff, 0xff, 0xff, 0xff, 0xff, 0xff, 0xff,
    0xff, 0xf1, 0x7c, 0xcc, 0xcc, 0xcc, 0xcc, 0xcc,
    0xcc, 0xcc, 0xcc, 0xcc, 0xc1, 0x0, 0x0, 0x0,
    0x21, 0x0, 0x0, 0x0, 0x30, 0x0, 0x0, 0x0,
    0x0, 0x0, 0x1, 0xef, 0x40, 0x0, 0x8, 0xfc,
    0x10, 0x0, 0x0, 0x0, 0x0, 0x2e, 0xfc, 0x0,
    0x0, 0x2, 0xdf, 0xe4, 0x0, 0x0, 0x0, 0x4,
    0xef, 0xd1, 0x0, 0x0, 0x0, 0x1c, 0xff, 0x60,
    0x0, 0x0, 0x8f, 0xfc, 0x10, 0x0, 0x0, 0x0,
    0x0, 0xaf, 0xf8, 0x0, 0xd, 0xff, 0xa0, 0x0,
    0x0, 0x0, 0x0, 0x0, 0xa, 0xff, 0x70, 0x5,
    0xe6, 0x0, 0x0, 0x0, 0x0, 0x0, 0x0, 0x0,
    0xbb, 0x0, 0x0, 0x0, 0x0, 0x0, 0x0, 0x0,
    0x0, 0x0, 0x0, 0x0, 0x0,

    /* U+5173 "关" */
    0x0, 0x0, 0x0, 0x10, 0x0, 0x0, 0x0, 0x15,
    0x0, 0x0, 0x0, 0x0, 0x0, 0x1d, 0xc0, 0x0,
    0x0, 0x0, 0x7f, 0xc0, 0x0, 0x0, 0x0, 0x0,
    0xa, 0xf8, 0x0, 0x0, 0x0, 0xdf, 0x60, 0x0,
    0x0, 0x0, 0x0, 0x1, 0xff, 0x10, 0x0, 0x5,
    0xfe, 0x0, 0x0, 0x0, 0x0, 0x0, 0x0, 0x76,
    0x0, 0x0, 0xd, 0xf5, 0x0, 0x0, 0x0, 0x0,
    0x9b, 0xbb, 0xbb, 0xbb, 0xbb, 0xcf, 0xfb, 0xbb,
    0xb8, 0x0, 0x0, 0xcf, 0xff, 0xff, 0xff, 0xff,
    0xff, 0xff, 0xff, 0xfb, 0x0, 0x0, 0x0, 0x0,
    0x0, 0x6, 0xf7, 0x0, 0x0, 0x0, 0x0, 0x0,
    0x0, 0x0, 0x0, 0x0, 0x6, 0xf7, 0x0, 0x0,
    0x0, 0x0, 0x0, 0x0, 0x0, 0x0, 0x0, 0x7,
    0xf6, 0x0, 0x0, 0x0, 0x0, 0x0, 0x0, 0x0,
    0x0, 0x0, 0x7, 0xf6, 0x0, 0x0, 0x0, 0x0,
    0x0, 0xa, 0xbb, 0xbb, 0xbb, 0xbd, 0xfd, 0xbb,
    0xbb, 0xbb, 0xbb, 0x60, 0xe, 0xff, 0xff, 0xff,
    0xff, 0xff, 0xff, 0xff, 0xff, 0xff, 0x90, 0x0,
    0x0, 0x0, 0x0, 0xe, 0xff, 0x90, 0x0, 0x0,
    0x0, 0x0, 0x0, 0x0, 0x0, 0x0, 0x4f, 0xed,
    0xf3, 0x0, 0x0, 0x0, 0x0, 0x0, 0x0, 0x0,
    0x0, 0xcf, 0x93, 0xfd, 0x10, 0x0, 0x0, 0x0,
    0x0, 0x0, 0x0, 0x9, 0xff, 0x10, 0x8f, 0xd1,
    0x0, 0x0, 0x0, 0x0, 0x0, 0x0, 0xaf, 0xf5,
    0x0, 0xb, 0xfe, 0x50, 0x0, 0x0, 0x0, 0x0,
    0x5d, 0xff, 0x70, 0x0, 0x0, 0xbf, 0xfb, 0x30,
    0x0, 0x1, 0x6d, 0xff, 0xe4, 0x0, 0x0, 0x0,
    0x8, 0xff, 0xfd, 0x72, 0x6f, 0xff, 0xf9, 0x10,
    0x0, 0x0, 0x0, 0x0, 0x3d, 0xff, 0xf5, 0xd,
    0xd7, 0x10, 0x0, 0x0, 0x0, 0x0, 0x0, 0x0,
    0x4b, 0xd0, 0x0, 0x0, 0x0, 0x0, 0x0, 0x0,
    0x0, 0x0, 0x0, 0x0, 0x0,

    /* U+5177 "具" */
    0x0, 0x4, 0xcc, 0xcc, 0xcc, 0xcc, 0xcc, 0xcc,
    0xcc, 0x30, 0x0, 0x0, 0x5, 0xff, 0xff, 0xff,
    0xff, 0xff, 0xff, 0xff, 0x40, 0x0, 0x0, 0x5,
    0xf8, 0x0, 0x0, 0x0, 0x0, 0x0, 0x9f, 0x40,
    0x0, 0x0, 0x5, 0xf8, 0x0, 0x0, 0x0, 0x0,
    0x0, 0x9f, 0x40, 0x0, 0x0, 0x5, 0xff, 0xff,
    0xff, 0xff, 0xff, 0xff, 0xff, 0x40, 0x0, 0x0,
    0x5, 0xfd, 0xaa, 0xaa, 0xaa, 0xaa, 0xaa, 0xdf,
    0x40, 0x0, 0x0, 0x5, 0xf8, 0x0, 0x0, 0x0,
    0x0, 0x0, 0x9f, 0x40, 0x0, 0x0, 0x5, 0xfc,
    0x88, 0x88, 0x88, 0x88, 0x88, 0xdf, 0x40, 0x0,
    0x0, 0x5, 0xff, 0xff, 0xff, 0xff, 0xff, 0xff,
    0xff, 0x40, 0x0, 0x0, 0x5, 0xf8, 0x0, 0x0,
    0x0, 0x0, 0x0, 0xaf, 0x40, 0x0, 0x0, 0x5,
    0xf8, 0x0, 0x0, 0x0, 0x0, 0x0, 0x9f, 0x40,
    0x0, 0x0, 0x5, 0xfd, 0xaa, 0xaa, 0xaa, 0xaa,
    0xaa, 0xdf, 0x40, 0x0, 0x0, 0x5, 0xff, 0xff,
    0xff, 0xff, 0xff, 0xff, 0xff, 0x40, 0x0, 0x0,
    0x5, 0xf8, 0x0, 0x0, 0x0, 0x0, 0x0, 0x9f,
    0x40, 0x0, 0x0, 0x6, 0xf8, 0x0, 0x0, 0x0,
    0x0, 0x0, 0xaf, 0x40, 0x0, 0xef, 0xff, 0xff,
    0xff, 0xff, 0xff, 0xff, 0xff, 0xff, 0xff, 0xfb,
    0xab, 0xbb, 0xbb, 0xbb, 0xbb, 0xbb, 0xbb, 0xbb,
    0xbb, 0xbb, 0xb8, 0x0, 0x0, 0x0, 0x7d, 0x20,
    0x0, 0xc, 0xb6, 0x20, 0x0, 0x0, 0x0, 0x2,
    0x8e, 0xff, 0x60, 0x0, 0x5e, 0xff, 0xfd, 0x71,
    0x0, 0x19, 0xdf, 0xff, 0xa2, 0x0, 0x0, 0x0,
    0x38, 0xdf, 0xff, 0xa0, 0xe, 0xfd, 0x71, 0x0,
    0x0, 0x0, 0x0, 0x0, 0x4, 0xbf, 0x50, 0x3,
    0x10, 0x0, 0x0, 0x0, 0x0, 0x0, 0x0, 0x0,
    0x2, 0x0,

    /* U+5185 "内" */
    0x0, 0x0, 0x0, 0x0, 0x4, 0x40, 0x0, 0x0,
    0x0, 0x0, 0x0, 0x0, 0x0, 0x0, 0xe, 0xf0,
    0x0, 0x0, 0x0, 0x0, 0x0, 0x0, 0x0, 0x0,
    0xe, 0xf0, 0x0, 0x0, 0x0, 0x0, 0x0, 0x0,
    0x0, 0x0, 0xe, 0xf0, 0x0, 0x0, 0x0, 0x0,
    0x1, 0x11, 0x11, 0x11, 0x1e, 0xf1, 0x11, 0x11,
    0x11, 0x10, 0x1f, 0xff, 0xff, 0xff, 0xff, 0xff,
    0xff, 0xff, 0xff, 0xf2, 0x1f, 0xfb, 0xbb, 0xbb,
    0xbf, 0xfb, 0xbb, 0xbb, 0xbe, 0xf2, 0x1f, 0xc0,
    0x0, 0x0, 0xf, 0xb0, 0x0, 0x0, 0xb, 0xf2,
    0x1f, 0xc0, 0x0, 0x0, 0x3f, 0x90, 0x0, 0x0,
    0xb, 0xf2, 0x1f, 0xc0, 0x0, 0x0, 0x8f, 0xd2,
    0x0, 0x0, 0xb, 0xf2, 0x1f, 0xc0, 0x0, 0x0,
    0xef, 0xfe, 0x20, 0x0, 0xb, 0xf2, 0x1f, 0xc0,
    0x0, 0x7, 0xfa, 0x4f, 0xe3, 0x0, 0xb, 0xf2,
    0x1f, 0xc0, 0x0, 0x2f, 0xf2, 0x4, 0xff, 0x20,
    0xb, 0xf2, 0x1f, 0xc0, 0x1, 0xdf, 0x70, 0x0,
    0x5f, 0xe1, 0xb, 0xf2, 0x1f, 0xc0, 0x1d, 0xfb,
    0x0, 0x0, 0x8, 0xfd, 0xb, 0xf2, 0x1f, 0xc2,
    0xef, 0xc0, 0x0, 0x0, 0x0, 0xbf, 0x7b, 0xf2,
    0x1f, 0xc1, 0xfb, 0x0, 0x0, 0x0, 0x0, 0x1a,
    0xb, 0xf2, 0x1f, 0xc0, 0x30, 0x0, 0x0, 0x0,
    0x0, 0x0, 0xb, 0xf2, 0x1f, 0xc0, 0x0, 0x0,
    0x0, 0x0, 0x0, 0x0, 0xb, 0xf2, 0x1f, 0xc0,
    0x0, 0x0, 0x0, 0x0, 0x14, 0x20, 0xd, 0xf2,
    0x1f, 0xc0, 0x0, 0x0, 0x0, 0x0, 0xf, 0xff,
    0xff, 0xf0, 0x1f, 0xc0, 0x0, 0x0, 0x0, 0x0,
    0x9, 0xce, 0xfd, 0x40, 0x3, 0x20, 0x0, 0x0,
    0x0, 0x0, 0x0, 0x0, 0x0, 0x0,

    /* U+518D "再" */
    0x2, 0x22, 0x22, 0x22, 0x22, 0x22, 0x22, 0x22,
    0x22, 0x22, 0x20, 0x1f, 0xff, 0xff, 0xff, 0xff,
    0xff, 0xff, 0xff, 0xff, 0xff, 0xf0, 0xa, 0xaa,
    0xaa, 0xaa, 0xaa, 0xff, 0xaa, 0xaa, 0xaa, 0xaa,
    0x90, 0x0, 0x0, 0x0, 0x0, 0x1, 0xfe, 0x0,
    0x0, 0x0, 0x0, 0x0, 0x0, 0x0, 0x0, 0x0,
    0x1, 0xfe, 0x0, 0x0, 0x0, 0x0, 0x0, 0x0,
    0x9f, 0xff, 0xff, 0xff, 0xff, 0xff, 0xff, 0xff,
    0xf6, 0x0, 0x0, 0x9f, 0xdb, 0xbb, 0xbc, 0xff,
    0xbb, 0xbb, 0xbd, 0xf6, 0x0, 0x0, 0x9f, 0x40,
    0x0, 0x1, 0xfe, 0x0, 0x0, 0x7, 0xf6, 0x0,
    0x0, 0x9f, 0x40, 0x0, 0x1, 0xfe, 0x0, 0x0,
    0x7, 0xf6, 0x0, 0x0, 0x9f, 0xdb, 0xbb, 0xbc,
    0xff, 0xbb, 0xbb, 0xbd, 0xf6, 0x0, 0x0, 0x9f,
    0xff, 0xff, 0xff, 0xff, 0xff, 0xff, 0xff, 0xf6,
    0x0, 0x0, 0x9f, 0x40, 0x0, 0x1, 0xfe, 0x0,
    0x0, 0x7, 0xf6, 0x0, 0x0, 0x9f, 0x40, 0x0,
    0x1, 0xfe, 0x0, 0x0, 0x7, 0xf6, 0x0, 0x9a,
    0xdf, 0xca, 0xaa, 0xaa, 0xff, 0xaa, 0xaa, 0xad,
    0xfc, 0xa8, 0xef, 0xff, 0xff, 0xff, 0xff, 0xff,
    0xff, 0xff, 0xff, 0xff, 0xfd, 0x12, 0xaf, 0x62,
    0x22, 0x22, 0x22, 0x22, 0x22, 0x28, 0xf7, 0x21,
    0x0, 0x9f, 0x40, 0x0, 0x0, 0x0, 0x0, 0x0,
    0x7, 0xf6, 0x0, 0x0, 0x9f, 0x40, 0x0, 0x0,
    0x0, 0x0, 0x0, 0x7, 0xf6, 0x0, 0x0, 0x9f,
    0x40, 0x0, 0x0, 0x0, 0x1, 0x0, 0x8, 0xf6,
    0x0, 0x0, 0x9f, 0x40, 0x0, 0x0, 0x0, 0xd,
    0xfe, 0xdf, 0xf3, 0x0, 0x0, 0x9f, 0x40, 0x0,
    0x0, 0x0, 0x6, 0xce, 0xfe, 0x70, 0x0,

    /* U+5199 "写" */
    0x19, 0x99, 0x99, 0x99, 0x99, 0x99, 0x99, 0x99,
    0x99, 0x99, 0x93, 0x3f, 0xff, 0xff, 0xff, 0xff,
    0xff, 0xff, 0xff, 0xff, 0xff, 0xf5, 0x3f, 0xa0,
    0x0, 0x0, 0x0, 0x0, 0x0, 0x0, 0x0, 0x8,
    0xf5, 0x3f, 0xa0, 0x8, 0x60, 0x0, 0x0, 0x0,
    0x0, 0x0, 0x8, 0xf5, 0x3f, 0xa0, 0x2f, 0xd0,
    0x0, 0x0, 0x0, 0x0, 0x0, 0x8, 0xf5, 0x16,
    0x40, 0x4f, 0xa0, 0x0, 0x0, 0x0, 0x0, 0x0,
    0x3, 0x62, 0x0, 0x0, 0x6f, 0xff, 0xff, 0xff,
    0xff, 0xff, 0xff, 0xd0, 0x0, 0x0, 0x0, 0x9f,
    0xcb, 0xbb, 0xbb, 0xbb, 0xbb, 0xbb, 0x90, 0x0,
    0x0, 0x0, 0xbf, 0x30, 0x0, 0x0, 0x0, 0x0,
    0x0, 0x0, 0x0, 0x0, 0x0, 0xdf, 0x0, 0x0,
    0x0, 0x0, 0x0, 0x0, 0x0, 0x0, 0x0, 0x0,
    0xff, 0xbb, 0xbb, 0xbb, 0xbb, 0xbb, 0xbb, 0xbb,
    0x0, 0x0, 0x2, 0xff, 0xff, 0xff, 0xff, 0xff,
    0xff, 0xff, 0xff, 0x0, 0x0, 0x0, 0x0, 0x0,
    0x0, 0x0, 0x0, 0x0, 0x4, 0xfe, 0x0, 0x0,
    0x0, 0x0, 0x0, 0x0, 0x0, 0x0, 0x0, 0x4,
    0xfc, 0x0, 0x5c, 0xcc, 0xcc, 0xcc, 0xcc, 0xcc,
    0xcc, 0xcc, 0x5, 0xfa, 0x0, 0x6f, 0xff, 0xff,
    0xff, 0xff, 0xff, 0xff, 0xff, 0x7, 0xf9, 0x0,
    0x0, 0x0, 0x0, 0x0, 0x0, 0x0, 0x0, 0x0,
    0x9, 0xf6, 0x0, 0x0, 0x0, 0x0, 0x0, 0x0,
    0x0, 0x0, 0x0, 0xd, 0xf3, 0x0, 0x0, 0x0,
    0x0, 0x0, 0x0, 0x2, 0x10, 0x0, 0x5f, 0xf0,
    0x0, 0x0, 0x0, 0x0, 0x0, 0x0, 0xd, 0xff,
    0xdd, 0xff, 0x70, 0x0, 0x0, 0x0, 0x0, 0x0,
    0x0, 0x7, 0xbd, 0xff, 0xd6, 0x0, 0x0,

    /* U+51B2 "冲" */
    0x0, 0x0, 0x0, 0x0, 0x0, 0x0, 0x8, 0x80,
    0x0, 0x0, 0x0, 0x66, 0x0, 0x0, 0x0, 0x0,
    0x0, 0xef, 0x0, 0x0, 0x0, 0x3f, 0xf3, 0x0,
    0x0, 0x0, 0x0, 0xe, 0xf0, 0x0, 0x0, 0x0,
    0x8f, 0xd0, 0x0, 0x0, 0x0, 0x0, 0xef, 0x0,
    0x0, 0x0, 0x0, 0xdf, 0x60, 0x0, 0x0, 0x0,
    0xe, 0xf0, 0x0, 0x0, 0x0, 0x5, 0xfe, 0x0,
    0xcf, 0xff, 0xff, 0xff, 0xff, 0xff, 0xfe, 0x0,
    0xc, 0x80, 0xc, 0xfc, 0xbb, 0xbf, 0xfb, 0xbb,
    0xbf, 0xe0, 0x0, 0x0, 0x0, 0xcf, 0x10, 0x0,
    0xef, 0x0, 0x0, 0xfe, 0x0, 0x0, 0x0, 0xc,
    0xf1, 0x0, 0xe, 0xf0, 0x0, 0xf, 0xe0, 0x0,
    0x0, 0x0, 0xcf, 0x10, 0x0, 0xef, 0x0, 0x0,
    0xfe, 0x0, 0x0, 0x0, 0xc, 0xf1, 0x0, 0xe,
    0xf0, 0x0, 0xf, 0xe0, 0x0, 0x0, 0x0, 0xcf,
    0x10, 0x0, 0xef, 0x0, 0x0, 0xfe, 0x0, 0x9,
    0xa0, 0xc, 0xfc, 0xbb, 0xbf, 0xfb, 0xbb, 0xbf,
    0xe0, 0x0, 0xef, 0x0, 0xcf, 0xff, 0xff, 0xff,
    0xff, 0xff, 0xfe, 0x0, 0x5f, 0xb0, 0xc, 0xf1,
    0x0, 0xe, 0xf0, 0x0, 0xf, 0xe0, 0xa, 0xf6,
    0x0, 0xad, 0x10, 0x0, 0xef, 0x0, 0x0, 0xdb,
    0x1, 0xff, 0x10, 0x0, 0x0, 0x0, 0xe, 0xf0,
    0x0, 0x0, 0x0, 0x8f, 0xc0, 0x0, 0x0, 0x0,
    0x0, 0xef, 0x0, 0x0, 0x0, 0x1f, 0xf5, 0x0,
    0x0, 0x0, 0x0, 0xe, 0xf0, 0x0, 0x0, 0x8,
    0xfe, 0x0, 0x0, 0x0, 0x0, 0x0, 0xef, 0x0,
    0x0, 0x0, 0x6f, 0x70, 0x0, 0x0, 0x0, 0x0,
    0xe, 0xf0, 0x0, 0x0, 0x0, 0x21, 0x0, 0x0,
    0x0, 0x0, 0x0, 0xef, 0x0, 0x0, 0x0,

    /* U+51C6 "准" */
    0x0, 0x0, 0x0, 0x0, 0x5, 0x50, 0x1, 0x61,
    0x0, 0x0, 0x0, 0x6, 0x80, 0x0, 0x0, 0xc,
    0xf5, 0xa, 0xf8, 0x0, 0x0, 0x0, 0x2f, 0xf5,
    0x0, 0x0, 0x2f, 0xe0, 0x2, 0xff, 0x0, 0x0,
    0x0, 0x6, 0xfe, 0x10, 0x0, 0x9f, 0x70, 0x0,
    0xbf, 0x50, 0x0, 0x0, 0x0, 0xbf, 0x80, 0x1,
    0xff, 0xcb, 0xbb, 0xdf, 0xeb, 0xbb, 0xb8, 0x0,
    0x3f, 0xf1, 0x8, 0xff, 0xff, 0xff, 0xff, 0xff,
    0xff, 0xfb, 0x0, 0x9, 0x50, 0x1f, 0xfc, 0x0,
    0x0, 0x1f, 0xb0, 0x0, 0x0, 0x0, 0x0, 0x0,
    0xbf, 0xfc, 0x0, 0x0, 0x1f, 0xb0, 0x0, 0x0,
    0x0, 0x0, 0x6, 0xff, 0xfc, 0x0, 0x0, 0x1f,
    0xb0, 0x0, 0x0, 0x0, 0x0, 0xe, 0xf5, 0xfe,
    0xaa, 0xaa, 0xaf, 0xea, 0xaa, 0xa0, 0x0, 0x0,
    0x9, 0x81, 0xff, 0xff, 0xff, 0xff, 0xff, 0xff,
    0xf0, 0x0, 0x0, 0x1, 0x1, 0xfc, 0x0, 0x0,
    0x1f, 0xb0, 0x0, 0x0, 0x0, 0x8, 0xa1, 0x1,
    0xfc, 0x0, 0x0, 0x1f, 0xb0, 0x0, 0x0, 0x0,
    0xe, 0xf1, 0x1, 0xfc, 0x0, 0x0, 0x1f, 0xb0,
    0x0, 0x0, 0x0, 0x3f, 0xc0, 0x1, 0xff, 0xff,
    0xff, 0xff, 0xff, 0xff, 0xf0, 0x0, 0x9f, 0x70,
    0x1, 0xff, 0xbb, 0xbb, 0xcf, 0xeb, 0xbb, 0xb0,
    0x0, 0xef, 0x20, 0x1, 0xfc, 0x0, 0x0, 0x1f,
    0xb0, 0x0, 0x0, 0x6, 0xfd, 0x0, 0x1, 0xfc,
    0x0, 0x0, 0x1f, 0xb0, 0x0, 0x0, 0xe, 0xf6,
    0x0, 0x1, 0xfc, 0x0, 0x0, 0x1f, 0xb0, 0x0,
    0x0, 0x5f, 0xf0, 0x0, 0x1, 0xff, 0xff, 0xff,
    0xff, 0xff, 0xff, 0xfe, 0x7f, 0x90, 0x0, 0x1,
    0xfe, 0xaa, 0xaa, 0xaa, 0xaa, 0xaa, 0xa9, 0x3,
    0x20, 0x0, 0x1, 0xfc, 0x0, 0x0, 0x0, 0x0,
    0x0, 0x0,

    /* U+51CF "减" */
    0x0, 0x0, 0x0, 0x0, 0x0, 0x0, 0x0, 0x4,
    0x40, 0x12, 0x0, 0x2, 0x50, 0x0, 0x0, 0x0,
    0x0, 0x0, 0xd, 0xf1, 0xee, 0x10, 0xf, 0xf1,
    0x0, 0x0, 0x0, 0x0, 0x0, 0xc, 0xf0, 0x7f,
    0x90, 0x9, 0xfa, 0x0, 0x0, 0x0, 0x0, 0x0,
    0xc, 0xf0, 0x5, 0x0, 0x1, 0xff, 0x20, 0xef,
    0xff, 0xff, 0xff, 0xff, 0xff, 0xff, 0xf5, 0x0,
    0x9f, 0x80, 0xef, 0xaa, 0xaa, 0xaa, 0xae, 0xfa,
    0xaa, 0xa3, 0x0, 0x3c, 0x40, 0xef, 0x0, 0x0,
    0x0, 0xa, 0xf2, 0x0, 0x0, 0x0, 0x0, 0x0,
    0xef, 0xb, 0xbb, 0xbb, 0x49, 0xf3, 0x2, 0x0,
    0x0, 0x0, 0x0, 0xef, 0xf, 0xff, 0xff, 0x58,
    0xf5, 0xc, 0xe0, 0x0, 0x0, 0x0, 0xef, 0x0,
    0x0, 0x0, 0x7, 0xf6, 0x1f, 0xa0, 0x0, 0x0,
    0x0, 0xef, 0x0, 0x11, 0x11, 0x6, 0xf7, 0x5f,
    0x50, 0x0, 0x0, 0x0, 0xef, 0xe, 0xff, 0xff,
    0x64, 0xf8, 0xaf, 0x10, 0x0, 0xb, 0x20, 0xef,
    0xe, 0xd8, 0xaf, 0x62, 0xfa, 0xfa, 0x0, 0x0,
    0x3f, 0xb0, 0xef, 0xe, 0xb0, 0x3f, 0x60, 0xff,
    0xf4, 0x0, 0x0, 0x8f, 0x70, 0xfe, 0xe, 0xb0,
    0x3f, 0x60, 0xdf, 0xd0, 0x0, 0x0, 0xcf, 0x32,
    0xfc, 0xe, 0xd8, 0xaf, 0x60, 0xbf, 0x50, 0x0,
    0x2, 0xff, 0x4, 0xfa, 0xe, 0xff, 0xff, 0x62,
    0xff, 0x30, 0x0, 0x8, 0xfb, 0x8, 0xf7, 0x0,
    0x0, 0x0, 0xd, 0xff, 0x70, 0xbc, 0xe, 0xf5,
    0xc, 0xf3, 0x0, 0x0, 0x0, 0xaf, 0x8e, 0xc0,
    0xcc, 0x5f, 0xf0, 0x2f, 0xe0, 0x0, 0x0, 0xa,
    0xfa, 0x8, 0xf5, 0xf9, 0x3e, 0xa0, 0x8f, 0x90,
    0x0, 0x0, 0x8f, 0xb0, 0x1, 0xff, 0xf4, 0x1,
    0x20, 0x19, 0x20, 0x0, 0x0, 0x29, 0x0, 0x0,
    0x5e, 0xa0,

    /* U+51ED "凭" */
    0x0, 0x0, 0x6, 0x10, 0x0, 0x0, 0x0, 0x0,
    0x0, 0x0, 0x0, 0x0, 0x0, 0x7f, 0x90, 0x0,
    0x1, 0x23, 0x57, 0x9b, 0xe5, 0x0, 0x0, 0x2,
    0xfe, 0x10, 0xef, 0xff, 0xff, 0xff, 0xff, 0xd9,
    0x0, 0x0, 0xc, 0xf6, 0x0, 0x7a, 0x98, 0x7f,
    0xf4, 0x20, 0x0, 0x0, 0x0, 0xaf, 0xe0, 0x0,
    0x0, 0x0, 0xf, 0xf0, 0x0, 0x0, 0x0, 0x9,
    0xff, 0xe0, 0x0, 0x0, 0x0, 0xf, 0xf0, 0x0,
    0x0, 0x0, 0x8f, 0xdf, 0xe0, 0x2f, 0xff, 0xff,
    0xff, 0xff, 0xff, 0xff, 0xf5, 0x19, 0x1f, 0xe0,
    0x1a, 0xaa, 0xaa, 0xaf, 0xfa, 0xaa, 0xaa, 0xa3,
    0x0, 0xf, 0xe0, 0x0, 0x0, 0x0, 0xf, 0xf0,
    0x0, 0x0, 0x0, 0x0, 0xf, 0xe0, 0x0, 0x0,
    0x0, 0xf, 0xf0, 0x0, 0x0, 0x0, 0x0, 0xf,
    0xe0, 0x0, 0xbb, 0xbb, 0xbf, 0xfb, 0xbb, 0xbb,
    0x80, 0x0, 0xf, 0xe0, 0x0, 0xff, 0xff, 0xff,
    0xff, 0xff, 0xff, 0xb0, 0x0, 0x3, 0x20, 0x0,
    0x0, 0x0, 0x0, 0x0, 0x0, 0x0, 0x0, 0x0,
    0x0, 0x7, 0xdd, 0xdd, 0xdd, 0xdd, 0xdb, 0x0,
    0x0, 0x0, 0x0, 0x0, 0x9, 0xff, 0xff, 0xff,
    0xff, 0xfe, 0x0, 0x0, 0x0, 0x0, 0x0, 0xa,
    0xf6, 0x0, 0x0, 0x2, 0xfe, 0x0, 0x0, 0x0,
    0x0, 0x0, 0xc, 0xf4, 0x0, 0x0, 0x1, 0xfe,
    0x0, 0x0, 0x0, 0x0, 0x0, 0xf, 0xf1, 0x0,
    0x0, 0x1, 0xfe, 0x0, 0x4, 0x50, 0x0, 0x0,
    0x8f, 0xc0, 0x0, 0x0, 0x1, 0xfe, 0x0, 0x9,
    0xf6, 0x0, 0x7, 0xff, 0x50, 0x0, 0x0, 0x1,
    0xfe, 0x0, 0x1d, 0xf4, 0x5, 0xdf, 0xf8, 0x0,
    0x0, 0x0, 0x0, 0xff, 0xfe, 0xff, 0xe0, 0x7,
    0xfd, 0x40, 0x0, 0x0, 0x0, 0x0, 0x7e, 0xff,
    0xea, 0x20, 0x0, 0x30, 0x0, 0x0, 0x0, 0x0,
    0x0, 0x0, 0x0, 0x0, 0x0,

    /* U+51FA "出" */
    0x0, 0x0, 0x0, 0x0, 0x7, 0x60, 0x0, 0x0,
    0x0, 0x0, 0x0, 0x0, 0x0, 0x0, 0x1f, 0xc0,
    0x0, 0x0, 0x0, 0x0, 0x3, 0x50, 0x0, 0x0,
    0x1f, 0xc0, 0x0, 0x0, 0x45, 0x0, 0xc, 0xf2,
    0x0, 0x0, 0x1f, 0xc0, 0x0, 0x0, 0xdf, 0x0,
    0xc, 0xf2, 0x0, 0x0, 0x1f, 0xc0, 0x0, 0x0,
    0xdf, 0x0, 0xc, 0xf2, 0x0, 0x0, 0x1f, 0xc0,
    0x0, 0x0, 0xdf, 0x0, 0xc, 0xf2, 0x0, 0x0,
    0x1f, 0xc0, 0x0, 0x0, 0xdf, 0x0, 0xc, 0xf2,
    0x0, 0x0, 0x1f, 0xc0, 0x0, 0x0, 0xdf, 0x0,
    0xc, 0xf9, 0x88, 0x88, 0x8f, 0xe8, 0x88, 0x88,
    0xef, 0x0, 0xc, 0xff, 0xff, 0xff, 0xff, 0xff,
    0xff, 0xff, 0xff, 0x0, 0x3, 0x44, 0x44, 0x44,
    0x5f, 0xd4, 0x44, 0x44, 0xdf, 0x0, 0x0, 0x0,
    0x0, 0x0, 0x1f, 0xc0, 0x0, 0x0, 0x0, 0x0,
    0xaf, 0x20, 0x0, 0x0, 0x1f, 0xc0, 0x0, 0x0,
    0xc, 0xf0, 0xbf, 0x30, 0x0, 0x0, 0x1f, 0xc0,
    0x0, 0x0, 0xd, 0xf1, 0xbf, 0x30, 0x0, 0x0,
    0x1f, 0xc0, 0x0, 0x0, 0xd, 0xf1, 0xbf, 0x30,
    0x0, 0x0, 0x1f, 0xc0, 0x0, 0x0, 0xd, 0xf1,
    0xbf, 0x30, 0x0, 0x0, 0x1f, 0xc0, 0x0, 0x0,
    0xd, 0xf1, 0xbf, 0x30, 0x0, 0x0, 0x1f, 0xc0,
    0x0, 0x0, 0xd, 0xf1, 0xbf, 0x30, 0x0, 0x0,
    0x1f, 0xc0, 0x0, 0x0, 0xd, 0xf1, 0xbf, 0xcb,
    0xbb, 0xbb, 0xcf, 0xfb, 0xbb, 0xbb, 0xbf, 0xf1,
    0xbf, 0xff, 0xff, 0xff, 0xff, 0xff, 0xff, 0xff,
    0xff, 0xf1, 0x0, 0x0, 0x0, 0x0, 0x0, 0x0,
    0x0, 0x0, 0xd, 0xf1,

    /* U+5206 "分" */
    0x0, 0x0, 0x0, 0x0, 0x0, 0x0, 0x0, 0x0,
    0x0, 0x0, 0x0, 0x0, 0x0, 0x0, 0xc, 0x70,
    0x0, 0x4, 0xd1, 0x0, 0x0, 0x0, 0x0, 0x0,
    0x0, 0x6f, 0xb0, 0x0, 0xb, 0xfa, 0x0, 0x0,
    0x0, 0x0, 0x0, 0x2, 0xff, 0x20, 0x0, 0x2,
    0xff, 0x60, 0x0, 0x0, 0x0, 0x0, 0xd, 0xf7,
    0x0, 0x0, 0x0, 0x6f, 0xf3, 0x0, 0x0, 0x0,
    0x0, 0xaf, 0xc0, 0x0, 0x0, 0x0, 0xb, 0xfe,
    0x20, 0x0, 0x0, 0x8, 0xfe, 0x10, 0x0, 0x0,
    0x0, 0x0, 0xdf, 0xd1, 0x0, 0x0, 0x7f, 0xf4,
    0x0, 0x0, 0x0, 0x0, 0x0, 0x2e, 0xfd, 0x20,
    0x8, 0xff, 0x60, 0x0, 0x0, 0x0, 0x0, 0x0,
    0x3, 0xff, 0xf4, 0x7f, 0xf7, 0x0, 0x0, 0x0,
    0x0, 0x0, 0x0, 0x0, 0x3e, 0xf9, 0x1d, 0x60,
    0xff, 0xff, 0xff, 0xff, 0xff, 0xff, 0xfe, 0x2,
    0xc1, 0x1, 0x0, 0xbb, 0xbb, 0xff, 0xbb, 0xbb,
    0xbc, 0xfe, 0x0, 0x0, 0x0, 0x0, 0x0, 0x0,
    0xff, 0x0, 0x0, 0x2, 0xfe, 0x0, 0x0, 0x0,
    0x0, 0x0, 0x4, 0xfd, 0x0, 0x0, 0x2, 0xfe,
    0x0, 0x0, 0x0, 0x0, 0x0, 0x9, 0xf9, 0x0,
    0x0, 0x3, 0xfd, 0x0, 0x0, 0x0, 0x0, 0x0,
    0xf, 0xf5, 0x0, 0x0, 0x4, 0xfd, 0x0, 0x0,
    0x0, 0x0, 0x0, 0x9f, 0xe0, 0x0, 0x0, 0x5,
    0xfc, 0x0, 0x0, 0x0, 0x0, 0x5, 0xff, 0x60,
    0x0, 0x0, 0x6, 0xfb, 0x0, 0x0, 0x0, 0x0,
    0x7f, 0xfa, 0x0, 0x0, 0x0, 0x8, 0xfa, 0x0,
    0x0, 0x0, 0x3c, 0xff, 0xa0, 0x0, 0x0, 0x10,
    0x1d, 0xf7, 0x0, 0x0, 0xa, 0xff, 0xf6, 0x0,
    0x0, 0x5, 0xff, 0xff, 0xf2, 0x0, 0x0, 0x4,
    0xf9, 0x10, 0x0, 0x0, 0x1, 0xde, 0xfd, 0x50,
    0x0, 0x0, 0x0, 0x0, 0x0, 0x0, 0x0, 0x0,
    0x0, 0x0, 0x0, 0x0, 0x0,

    /* U+5207 "切" */
    0x0, 0x2, 0x20, 0x0, 0x0, 0x0, 0x0, 0x0,
    0x0, 0x0, 0x0, 0x0, 0xec, 0x0, 0x0, 0x0,
    0x11, 0x11, 0x11, 0x11, 0x10, 0x0, 0xe, 0xc0,
    0x0, 0x0, 0x6f, 0xff, 0xff, 0xff, 0xff, 0xf0,
    0x0, 0xec, 0x0, 0x0, 0x4, 0xbb, 0xff, 0xbb,
    0xbb, 0xff, 0x0, 0xe, 0xc0, 0x0, 0x0, 0x0,
    0xf, 0xe0, 0x0, 0xc, 0xf0, 0x0, 0xec, 0x0,
    0x4, 0x40, 0x0, 0xfe, 0x0, 0x0, 0xcf, 0x0,
    0xe, 0xd8, 0xcf, 0xfa, 0x0, 0xf, 0xd0, 0x0,
    0xc, 0xe3, 0x7b, 0xff, 0xff, 0xb7, 0x20, 0x0,
    0xfd, 0x0, 0x0, 0xde, 0xbf, 0xef, 0xd3, 0x0,
    0x0, 0x0, 0x1f, 0xc0, 0x0, 0xd, 0xe4, 0x30,
    0xec, 0x0, 0x0, 0x0, 0x2, 0xfc, 0x0, 0x0,
    0xdd, 0x0, 0xe, 0xc0, 0x0, 0x0, 0x0, 0x3f,
    0xb0, 0x0, 0xe, 0xd0, 0x0, 0xec, 0x0, 0x0,
    0x0, 0x4, 0xf9, 0x0, 0x0, 0xed, 0x0, 0xe,
    0xc0, 0x0, 0x0, 0x0, 0x6f, 0x80, 0x0, 0xf,
    0xc0, 0x0, 0xec, 0x0, 0x0, 0x0, 0x8, 0xf6,
    0x0, 0x0, 0xfb, 0x0, 0xe, 0xc0, 0x0, 0x0,
    0x0, 0xbf, 0x30, 0x0, 0xf, 0xb0, 0x0, 0xec,
    0x0, 0x2, 0x50, 0xe, 0xf0, 0x0, 0x1, 0xfa,
    0x0, 0xe, 0xc0, 0x3b, 0xfd, 0x5, 0xfb, 0x0,
    0x0, 0x3f, 0x90, 0x0, 0xee, 0xcf, 0xfb, 0x30,
    0xcf, 0x60, 0x0, 0x4, 0xf7, 0x0, 0xe, 0xff,
    0xa3, 0x0, 0x4f, 0xe0, 0x0, 0x0, 0x6f, 0x60,
    0x0, 0x47, 0x10, 0x0, 0xd, 0xf6, 0x0, 0x10,
    0xa, 0xf3, 0x0, 0x0, 0x0, 0x0, 0xa, 0xfc,
    0x0, 0x2f, 0xed, 0xfe, 0x0, 0x0, 0x0, 0x0,
    0x0, 0x4e, 0x10, 0x0, 0xbd, 0xfd, 0x30, 0x0,
    0x0, 0x0, 0x0, 0x0, 0x10, 0x0, 0x0, 0x0,
    0x0, 0x0,

    /* U+5212 "划" */
    0x0, 0x1, 0x43, 0x0, 0x0, 0x0, 0x0, 0x0,
    0x0, 0x5, 0x70, 0x0, 0x3, 0xfb, 0x0, 0x32,
    0x0, 0x0, 0x0, 0x0, 0xc, 0xf1, 0x0, 0x2,
    0xfc, 0x1, 0xfe, 0x10, 0x0, 0x0, 0x0, 0xc,
    0xf1, 0x0, 0x1, 0xfd, 0x0, 0x5f, 0xd1, 0x0,
    0xc, 0xf0, 0xc, 0xf1, 0x0, 0x0, 0xfd, 0x0,
    0x6, 0xc1, 0x0, 0xd, 0xf0, 0xc, 0xf1, 0x0,
    0x0, 0xfe, 0x0, 0x0, 0x0, 0x0, 0xd, 0xf0,
    0xc, 0xf1, 0x0, 0x0, 0xff, 0x0, 0x35, 0x8a,
    0x90, 0xd, 0xf0, 0xc, 0xf1, 0x1, 0x47, 0xff,
    0xef, 0xff, 0xff, 0xd0, 0xd, 0xf0, 0xc, 0xf1,
    0x4f, 0xff, 0xff, 0xfd, 0xb8, 0x63, 0x10, 0xd,
    0xf0, 0xc, 0xf1, 0x2c, 0xa7, 0xbf, 0x40, 0x0,
    0x0, 0x0, 0xd, 0xf0, 0xc, 0xf1, 0x0, 0x0,
    0x5f, 0x80, 0x0, 0xc7, 0x0, 0xd, 0xf0, 0xc,
    0xf1, 0x0, 0x0, 0x2f, 0xc0, 0x7, 0xf9, 0x0,
    0xd, 0xf0, 0xc, 0xf1, 0x0, 0x0, 0xe, 0xf1,
    0x1e, 0xf1, 0x0, 0xd, 0xf0, 0xc, 0xf1, 0x0,
    0x0, 0x9, 0xf5, 0xbf, 0x70, 0x0, 0xd, 0xf0,
    0xc, 0xf1, 0x0, 0x0, 0x4, 0xfe, 0xfc, 0x0,
    0x0, 0xd, 0xf0, 0xc, 0xf1, 0x0, 0x0, 0x0,
    0xff, 0xf2, 0x0, 0x0, 0xd, 0xf0, 0xc, 0xf1,
    0x0, 0x0, 0x9, 0xff, 0x70, 0x0, 0x0, 0x8,
    0xa0, 0xc, 0xf1, 0x0, 0x3, 0xcf, 0xef, 0xd0,
    0x0, 0x50, 0x0, 0x0, 0xc, 0xf1, 0x2, 0x9f,
    0xfb, 0x1a, 0xf5, 0x3, 0xf7, 0x0, 0x0, 0xc,
    0xf1, 0xe, 0xfe, 0x60, 0x2, 0xfe, 0x26, 0xf4,
    0x1, 0x0, 0xd, 0xf1, 0x7, 0x70, 0x0, 0x0,
    0x5f, 0xff, 0xe0, 0x8, 0xfd, 0xdf, 0xe0, 0x0,
    0x0, 0x0, 0x0, 0x5, 0xee, 0x40, 0x3, 0xbd,
    0xfe, 0x50,

    /* U+5217 "列" */
    0x0, 0x0, 0x0, 0x0, 0x0, 0x0, 0x0, 0x0,
    0x0, 0x9, 0x70, 0x66, 0x66, 0x66, 0x66, 0x66,
    0x65, 0x0, 0x0, 0x1, 0xfc, 0x1f, 0xff, 0xff,
    0xff, 0xff, 0xff, 0xe0, 0x0, 0x0, 0x1f, 0xc0,
    0x66, 0x66, 0xfe, 0x66, 0x66, 0x66, 0x3f, 0xa0,
    0x1, 0xfc, 0x0, 0x0, 0x3f, 0x90, 0x0, 0x0,
    0x3, 0xfb, 0x0, 0x1f, 0xc0, 0x0, 0x8, 0xf4,
    0x0, 0x0, 0x0, 0x3f, 0xb0, 0x1, 0xfc, 0x0,
    0x0, 0xdf, 0x21, 0x11, 0x10, 0x3, 0xfb, 0x0,
    0x1f, 0xc0, 0x0, 0x4f, 0xff, 0xff, 0xff, 0x50,
    0x3f, 0xb0, 0x1, 0xfc, 0x0, 0xb, 0xfb, 0xaa,
    0xad, 0xf3, 0x3, 0xfb, 0x0, 0x1f, 0xc0, 0x3,
    0xfd, 0x0, 0x0, 0xbf, 0x0, 0x3f, 0xb0, 0x1,
    0xfc, 0x0, 0xcf, 0x50, 0x0, 0xe, 0xd0, 0x3,
    0xfb, 0x0, 0x1f, 0xc0, 0x6f, 0xfb, 0x0, 0x3,
    0xf9, 0x0, 0x3f, 0xb0, 0x1, 0xfc, 0x2f, 0xfd,
    0xfb, 0x0, 0x9f, 0x40, 0x3, 0xfb, 0x0, 0x1f,
    0xc1, 0xe7, 0x1d, 0xfb, 0x1f, 0xe0, 0x0, 0x3f,
    0xb0, 0x1, 0xfc, 0x2, 0x0, 0x1d, 0x58, 0xf7,
    0x0, 0x3, 0xfb, 0x0, 0x1f, 0xc0, 0x0, 0x0,
    0x2, 0xfe, 0x0, 0x0, 0x3f, 0xb0, 0x1, 0xfc,
    0x0, 0x0, 0x0, 0xdf, 0x40, 0x0, 0x2, 0xa7,
    0x0, 0x1f, 0xc0, 0x0, 0x0, 0xbf, 0x90, 0x0,
    0x0, 0x0, 0x0, 0x1, 0xfc, 0x0, 0x1, 0xcf,
    0xb0, 0x0, 0x0, 0x0, 0x0, 0x0, 0x1f, 0xc0,
    0x6, 0xff, 0xa0, 0x0, 0x0, 0x0, 0x1, 0x30,
    0x3, 0xfc, 0xc, 0xff, 0x70, 0x0, 0x0, 0x0,
    0x0, 0x1f, 0xfe, 0xff, 0xa0, 0x5b, 0x20, 0x0,
    0x0, 0x0, 0x0, 0x0, 0x9d, 0xff, 0xd3,

    /* U+521D "初" */
    0x0, 0x0, 0x15, 0x0, 0x0, 0x0, 0x0, 0x0,
    0x0, 0x0, 0x0, 0x0, 0x0, 0xcf, 0x40, 0x0,
    0x38, 0x88, 0x88, 0x88, 0x88, 0x86, 0x0, 0x0,
    0x3f, 0xd0, 0x0, 0x6f, 0xff, 0xff, 0xff, 0xff,
    0xfc, 0x0, 0xaa, 0xae, 0xfb, 0xa6, 0x14, 0x5f,
    0xd4, 0x44, 0x46, 0xfc, 0x0, 0xff, 0xff, 0xff,
    0xfa, 0x0, 0x1f, 0xd0, 0x0, 0x3, 0xfc, 0x0,
    0x11, 0x11, 0x19, 0xf6, 0x0, 0x1f, 0xd0, 0x0,
    0x3, 0xfb, 0x0, 0x0, 0x0, 0x2f, 0xc0, 0x0,
    0x1f, 0xd0, 0x0, 0x3, 0xfb, 0x0, 0x0, 0x0,
    0xcf, 0x30, 0x0, 0x1f, 0xd0, 0x0, 0x3, 0xfb,
    0x0, 0x0, 0x9, 0xf9, 0x2, 0x0, 0x1f, 0xd0,
    0x0, 0x3, 0xfb, 0x0, 0x0, 0x6f, 0xf1, 0x1f,
    0xb0, 0x1f, 0xc0, 0x0, 0x4, 0xfa, 0x0, 0x6,
    0xff, 0xe2, 0xbf, 0x60, 0x2f, 0xc0, 0x0, 0x4,
    0xfa, 0x0, 0x9f, 0xff, 0xff, 0xfa, 0x0, 0x3f,
    0xa0, 0x0, 0x4, 0xf9, 0xd, 0xff, 0x5f, 0xef,
    0xf3, 0x0, 0x6f, 0x80, 0x0, 0x5, 0xf9, 0x8,
    0xd3, 0xf, 0xd5, 0xfe, 0x20, 0xaf, 0x50, 0x0,
    0x5, 0xf8, 0x0, 0x0, 0xf, 0xd0, 0x9f, 0xd0,
    0xef, 0x10, 0x0, 0x6, 0xf7, 0x0, 0x0, 0xf,
    0xd0, 0xc, 0x75, 0xfb, 0x0, 0x0, 0x7, 0xf6,
    0x0, 0x0, 0xf, 0xd0, 0x1, 0xd, 0xf5, 0x0,
    0x0, 0x8, 0xf5, 0x0, 0x0, 0xf, 0xd0, 0x0,
    0x6f, 0xd0, 0x0, 0x0, 0xa, 0xf3, 0x0, 0x0,
    0xf, 0xd0, 0x2, 0xff, 0x30, 0x0, 0x0, 0xd,
    0xf1, 0x0, 0x0, 0xf, 0xd0, 0x1d, 0xf8, 0x0,
    0x2, 0x21, 0x6f, 0xe0, 0x0, 0x0, 0xf, 0xd1,
    0xdf, 0xa0, 0x0, 0x8, 0xff, 0xff, 0x70, 0x0,
    0x0, 0xf, 0xd0, 0x8a, 0x0, 0x0, 0x4, 0xef,
    0xd7, 0x0,

    /* U+5224 "判" */
    0x0, 0x0, 0x2, 0x63, 0x0, 0x0, 0x0, 0x0,
    0x0, 0x5, 0x40, 0x1, 0x0, 0x5f, 0x80, 0x2,
    0x10, 0x0, 0x0, 0x0, 0xfd, 0xc, 0xd0, 0x5,
    0xf8, 0x0, 0xbf, 0x40, 0x0, 0x0, 0xf, 0xd0,
    0x9f, 0x70, 0x5f, 0x80, 0x1f, 0xf0, 0x1, 0xfc,
    0x0, 0xfd, 0x1, 0xfe, 0x5, 0xf8, 0x6, 0xf9,
    0x0, 0x1f, 0xc0, 0xf, 0xd0, 0xb, 0xf5, 0x5f,
    0x80, 0xcf, 0x40, 0x1, 0xfc, 0x0, 0xfd, 0x0,
    0x47, 0x5, 0xf8, 0x4, 0xb0, 0x0, 0x1f, 0xc0,
    0xf, 0xd0, 0x44, 0x44, 0x8f, 0xa4, 0x44, 0x42,
    0x1, 0xfc, 0x0, 0xfd, 0xf, 0xff, 0xff, 0xff,
    0xff, 0xff, 0x90, 0x1f, 0xc0, 0xf, 0xd0, 0x88,
    0x88, 0xaf, 0xc8, 0x88, 0x85, 0x1, 0xfc, 0x0,
    0xfd, 0x0, 0x0, 0x5, 0xf8, 0x0, 0x0, 0x0,
    0x1f, 0xc0, 0xf, 0xd0, 0x0, 0x0, 0x5f, 0x80,
    0x0, 0x0, 0x1, 0xfc, 0x0, 0xfd, 0x0, 0x0,
    0x5, 0xf8, 0x0, 0x0, 0x0, 0x1f, 0xc0, 0xf,
    0xd4, 0x88, 0x88, 0xbf, 0xc8, 0x88, 0x88, 0x1,
    0xfc, 0x0, 0xfd, 0x7f, 0xff, 0xff, 0xff, 0xff,
    0xff, 0xf1, 0x1f, 0xc0, 0xf, 0xd1, 0x33, 0x33,
    0xbf, 0x73, 0x33, 0x33, 0x1, 0xfc, 0x0, 0xfd,
    0x0, 0x0, 0xe, 0xf1, 0x0, 0x0, 0x0, 0xa,
    0x80, 0xf, 0xd0, 0x0, 0x5, 0xfc, 0x0, 0x0,
    0x0, 0x0, 0x0, 0x0, 0xfd, 0x0, 0x0, 0xdf,
    0x50, 0x0, 0x0, 0x0, 0x0, 0x0, 0xf, 0xd0,
    0x0, 0xaf, 0xc0, 0x0, 0x0, 0x0, 0x0, 0x10,
    0x1, 0xfd, 0x0, 0xaf, 0xe2, 0x0, 0x0, 0x0,
    0x0, 0xb, 0xfd, 0xdf, 0xb0, 0x5, 0xd3, 0x0,
    0x0, 0x0, 0x0, 0x0, 0x6b, 0xdf, 0xd3, 0x0,
    0x0, 0x0, 0x0, 0x0, 0x0, 0x0, 0x0, 0x0,
    0x0, 0x0,

    /* U+5229 "利" */
    0x0, 0x0, 0x0, 0x0, 0x2, 0x64, 0x0, 0x0,
    0x0, 0x9, 0x70, 0x0, 0x3, 0x58, 0xbf, 0xff,
    0xe0, 0x0, 0x0, 0x1, 0xfc, 0x2b, 0xef, 0xff,
    0xff, 0xfc, 0x84, 0x0, 0x0, 0x0, 0x1f, 0xc0,
    0xdf, 0xeb, 0xaf, 0xc0, 0x0, 0x0, 0x2f, 0xa0,
    0x1, 0xfc, 0x2, 0x10, 0x2, 0xfb, 0x0, 0x0,
    0x2, 0xfb, 0x0, 0x1f, 0xc0, 0x0, 0x0, 0x2f,
    0xb0, 0x0, 0x0, 0x2f, 0xb0, 0x1, 0xfc, 0x0,
    0x0, 0x2, 0xfb, 0x0, 0x0, 0x2, 0xfb, 0x0,
    0x1f, 0xc0, 0xff, 0xff, 0xff, 0xff, 0xff, 0xf3,
    0x2f, 0xb0, 0x1, 0xfc, 0xc, 0xcc, 0xcd, 0xfe,
    0xcc, 0xcc, 0x22, 0xfb, 0x0, 0x1f, 0xc0, 0x0,
    0x0, 0xbf, 0xb0, 0x0, 0x0, 0x2f, 0xb0, 0x1,
    0xfc, 0x0, 0x0, 0x2f, 0xfe, 0x20, 0x0, 0x2,
    0xfb, 0x0, 0x1f, 0xc0, 0x0, 0xb, 0xff, 0xfe,
    0x10, 0x0, 0x2f, 0xb0, 0x1, 0xfc, 0x0, 0x5,
    0xfe, 0xff, 0xfd, 0x10, 0x2, 0xfb, 0x0, 0x1f,
    0xc0, 0x2, 0xff, 0x5f, 0xba, 0xfc, 0x0, 0x2f,
    0xb0, 0x1, 0xfc, 0x0, 0xdf, 0x72, 0xfb, 0xc,
    0xfa, 0x2, 0xfb, 0x0, 0x1f, 0xc0, 0xcf, 0xc0,
    0x2f, 0xb0, 0x2e, 0xf6, 0x2f, 0xb0, 0x1, 0xfc,
    0xaf, 0xd1, 0x2, 0xfb, 0x0, 0x4e, 0x31, 0xa7,
    0x0, 0x1f, 0xc2, 0xd2, 0x0, 0x2f, 0xb0, 0x0,
    0x10, 0x0, 0x0, 0x1, 0xfc, 0x0, 0x0, 0x2,
    0xfb, 0x0, 0x0, 0x0, 0x0, 0x0, 0x1f, 0xc0,
    0x0, 0x0, 0x2f, 0xb0, 0x0, 0x0, 0x1, 0x30,
    0x3, 0xfc, 0x0, 0x0, 0x2, 0xfb, 0x0, 0x0,
    0x0, 0xf, 0xfe, 0xff, 0xa0, 0x0, 0x0, 0x2f,
    0xb0, 0x0, 0x0, 0x0, 0x9d, 0xff, 0xd3,

    /* U+522B "别" */
    0x0, 0x0, 0x0, 0x0, 0x0, 0x0, 0x0, 0x0,
    0x0, 0x6, 0x70, 0x0, 0xce, 0xee, 0xee, 0xee,
    0xec, 0x0, 0x0, 0x0, 0xd, 0xf0, 0x0, 0xef,
    0xff, 0xff, 0xff, 0xfd, 0x0, 0x0, 0x0, 0xd,
    0xf0, 0x0, 0xef, 0x0, 0x0, 0x0, 0xfd, 0x0,
    0xe, 0xd0, 0xd, 0xf0, 0x0, 0xef, 0x0, 0x0,
    0x0, 0xfd, 0x0, 0xf, 0xe0, 0xd, 0xf0, 0x0,
    0xef, 0x0, 0x0, 0x0, 0xfd, 0x0, 0xf, 0xe0,
    0xd, 0xf0, 0x0, 0xef, 0x22, 0x22, 0x22, 0xfd,
    0x0, 0xf, 0xe0, 0xd, 0xf0, 0x0, 0xef, 0xff,
    0xff, 0xff, 0xfd, 0x0, 0xf, 0xe0, 0xd, 0xf0,
    0x0, 0x9a, 0xaa, 0xaa, 0xaa, 0xa8, 0x0, 0xf,
    0xe0, 0xd, 0xf0, 0x0, 0x0, 0x8, 0x60, 0x0,
    0x0, 0x0, 0xf, 0xe0, 0xd, 0xf0, 0x0, 0x0,
    0x1f, 0xb0, 0x0, 0x0, 0x0, 0xf, 0xe0, 0xd,
    0xf0, 0x5, 0x55, 0x6f, 0xc5, 0x55, 0x55, 0x10,
    0xf, 0xe0, 0xd, 0xf0, 0xf, 0xff, 0xff, 0xff,
    0xff, 0xff, 0x30, 0xf, 0xe0, 0xd, 0xf0, 0x4,
    0x44, 0x7f, 0xb4, 0x44, 0xdf, 0x30, 0xf, 0xe0,
    0xd, 0xf0, 0x0, 0x0, 0x6f, 0x70, 0x0, 0xcf,
    0x20, 0xf, 0xe0, 0xd, 0xf0, 0x0, 0x0, 0x8f,
    0x50, 0x0, 0xcf, 0x20, 0xf, 0xe0, 0xd, 0xf0,
    0x0, 0x0, 0xef, 0x10, 0x0, 0xdf, 0x10, 0x9,
    0x90, 0xd, 0xf0, 0x0, 0x5, 0xfc, 0x0, 0x0,
    0xdf, 0x10, 0x0, 0x0, 0xd, 0xf0, 0x0, 0x1e,
    0xf5, 0x0, 0x0, 0xff, 0x0, 0x0, 0x0, 0xd,
    0xf0, 0x1, 0xcf, 0xb0, 0x10, 0x4, 0xfd, 0x0,
    0x0, 0x0, 0xe, 0xf0, 0x2e, 0xfc, 0x0, 0x8f,
    0xef, 0xf9, 0x0, 0xa, 0xed, 0xdf, 0xe0, 0xa,
    0xa0, 0x0, 0x3d, 0xfe, 0xa1, 0x0, 0x5, 0xcd,
    0xfe, 0x40, 0x0, 0x0, 0x0, 0x0, 0x0, 0x0,
    0x0, 0x0, 0x0, 0x0, 0x0,

    /* U+5230 "到" */
    0x0, 0x0, 0x0, 0x0, 0x0, 0x0, 0x0, 0x0,
    0x0, 0x6, 0x91, 0x5, 0x88, 0x88, 0x88, 0x88,
    0x88, 0x80, 0x0, 0x0, 0xc, 0xf2, 0xb, 0xff,
    0xff, 0xff, 0xff, 0xff, 0xf1, 0x0, 0x0, 0xc,
    0xf2, 0x3, 0x55, 0x5e, 0xf8, 0x55, 0x55, 0x50,
    0x1f, 0xc0, 0xc, 0xf2, 0x0, 0x0, 0x3f, 0xe0,
    0x2, 0x10, 0x0, 0x1f, 0xc0, 0xc, 0xf2, 0x0,
    0x0, 0xbf, 0x70, 0x5f, 0x90, 0x0, 0x1f, 0xc0,
    0xc, 0xf2, 0x0, 0x5, 0xfe, 0x0, 0xe, 0xf2,
    0x0, 0x1f, 0xc0, 0xc, 0xf2, 0x0, 0x1e, 0xf6,
    0x0, 0x7, 0xfa, 0x0, 0x1f, 0xc0, 0xc, 0xf2,
    0x0, 0xcf, 0xc4, 0x79, 0xcf, 0xff, 0x10, 0x1f,
    0xc0, 0xc, 0xf2, 0x4, 0xff, 0xff, 0xff, 0xfd,
    0xdf, 0x80, 0x1f, 0xc0, 0xc, 0xf2, 0x0, 0xdc,
    0xa8, 0x63, 0x0, 0x3f, 0xc0, 0x1f, 0xc0, 0xc,
    0xf2, 0x0, 0x0, 0x0, 0x99, 0x0, 0x5, 0x0,
    0x1f, 0xc0, 0xc, 0xf2, 0x0, 0x0, 0x0, 0xff,
    0x0, 0x0, 0x0, 0x1f, 0xc0, 0xc, 0xf2, 0x0,
    0x0, 0x0, 0xff, 0x0, 0x0, 0x0, 0x1f, 0xc0,
    0xc, 0xf2, 0x4, 0xdd, 0xdd, 0xff, 0xdd, 0xdd,
    0x60, 0x1f, 0xc0, 0xc, 0xf2, 0x4, 0xdd, 0xdd,
    0xff, 0xdd, 0xdd, 0x50, 0x1f, 0xc0, 0xc, 0xf2,
    0x0, 0x0, 0x0, 0xff, 0x0, 0x0, 0x0, 0xa,
    0x80, 0xc, 0xf2, 0x0, 0x0, 0x0, 0xff, 0x0,
    0x0, 0x0, 0x0, 0x0, 0xc, 0xf2, 0x0, 0x0,
    0x0, 0xff, 0x57, 0xac, 0xe2, 0x0, 0x0, 0xc,
    0xf2, 0x7, 0x9b, 0xce, 0xff, 0xff, 0xff, 0xd3,
    0x0, 0x10, 0xd, 0xf1, 0xb, 0xff, 0xfe, 0xc9,
    0x74, 0x20, 0x0, 0x0, 0xef, 0xef, 0xf0, 0x3,
    0x63, 0x10, 0x0, 0x0, 0x0, 0x0, 0x0, 0x9e,
    0xfe, 0x70,

    /* U+524D "前" */
    0x0, 0x0, 0x0, 0x72, 0x0, 0x0, 0x0, 0x3,
    0x20, 0x0, 0x0, 0x0, 0x0, 0x7, 0xfd, 0x0,
    0x0, 0x0, 0x1f, 0xf6, 0x0, 0x0, 0x0, 0x0,
    0x0, 0xdf, 0x60, 0x0, 0x0, 0xaf, 0xb0, 0x0,
    0x0, 0x0, 0x0, 0x0, 0x38, 0x10, 0x0, 0x4,
    0xfe, 0x10, 0x0, 0x0, 0x2f, 0xff, 0xff, 0xff,
    0xff, 0xff, 0xff, 0xff, 0xff, 0xff, 0xfa, 0x2b,
    0xbb, 0xbb, 0xbb, 0xbb, 0xbb, 0xbb, 0xbb, 0xbb,
    0xbb, 0xb8, 0x0, 0x0, 0x0, 0x0, 0x0, 0x0,
    0x0, 0x0, 0x0, 0x1, 0x0, 0x0, 0x56, 0x66,
    0x66, 0x66, 0x40, 0x0, 0x0, 0x0, 0x6f, 0x60,
    0x0, 0xef, 0xff, 0xff, 0xff, 0xc0, 0x2, 0xf9,
    0x0, 0x6f, 0x60, 0x0, 0xed, 0x44, 0x44, 0x4f,
    0xc0, 0x2, 0xfa, 0x0, 0x6f, 0x60, 0x0, 0xed,
    0x0, 0x0, 0xf, 0xc0, 0x2, 0xfa, 0x0, 0x6f,
    0x60, 0x0, 0xee, 0x77, 0x77, 0x7f, 0xc0, 0x2,
    0xfa, 0x0, 0x6f, 0x60, 0x0, 0xef, 0xff, 0xff,
    0xff, 0xc0, 0x2, 0xfa, 0x0, 0x6f, 0x60, 0x0,
    0xed, 0x11, 0x11, 0x1f, 0xc0, 0x2, 0xfa, 0x0,
    0x6f, 0x60, 0x0, 0xed, 0x0, 0x0, 0xf, 0xc0,
    0x2, 0xfa, 0x0, 0x6f, 0x60, 0x0, 0xee, 0xaa,
    0xaa, 0xaf, 0xc0, 0x2, 0xfa, 0x0, 0x6f, 0x60,
    0x0, 0xef, 0xff, 0xff, 0xff, 0xc0, 0x2, 0xfa,
    0x0, 0x6f, 0x60, 0x0, 0xed, 0x0, 0x0, 0xf,
    0xc0, 0x2, 0xfa, 0x0, 0x6f, 0x60, 0x0, 0xed,
    0x0, 0x0, 0xf, 0xc0, 0x0, 0x21, 0x0, 0x6f,
    0x60, 0x0, 0xed, 0x0, 0x0, 0xf, 0xb0, 0x0,
    0x1, 0x0, 0x6f, 0x60, 0x0, 0xed, 0x0, 0xbd,
    0xef, 0x90, 0x0, 0xb, 0xfd, 0xff, 0x40, 0x0,
    0xed, 0x0, 0x7e, 0xfc, 0x20, 0x0, 0x6, 0xde,
    0xfb, 0x0, 0x0, 0x22, 0x0, 0x0, 0x0, 0x0,
    0x0, 0x0, 0x0, 0x0, 0x0,

    /* U+529B "力" */
    0x0, 0x0, 0x0, 0x0, 0x12, 0x0, 0x0, 0x0,
    0x0, 0x0, 0x0, 0x0, 0x0, 0x0, 0xb, 0xf2,
    0x0, 0x0, 0x0, 0x0, 0x0, 0x0, 0x0, 0x0,
    0x0, 0xbf, 0x20, 0x0, 0x0, 0x0, 0x0, 0x0,
    0x0, 0x0, 0x0, 0xb, 0xf2, 0x0, 0x0, 0x0,
    0x0, 0x0, 0x0, 0x0, 0x0, 0x0, 0xbf, 0x30,
    0x0, 0x0, 0x0, 0x0, 0x0, 0x4f, 0xff, 0xff,
    0xff, 0xff, 0xff, 0xff, 0xff, 0xff, 0xf1, 0x3,
    0xbb, 0xbb, 0xbb, 0xef, 0xcb, 0xbb, 0xbb, 0xbb,
    0xff, 0x10, 0x0, 0x0, 0x0, 0xc, 0xf1, 0x0,
    0x0, 0x0, 0xe, 0xf1, 0x0, 0x0, 0x0, 0x0,
    0xdf, 0x0, 0x0, 0x0, 0x0, 0xef, 0x10, 0x0,
    0x0, 0x0, 0xf, 0xf0, 0x0, 0x0, 0x0, 0xe,
    0xf0, 0x0, 0x0, 0x0, 0x2, 0xfc, 0x0, 0x0,
    0x0, 0x0, 0xef, 0x0, 0x0, 0x0, 0x0, 0x6f,
    0x90, 0x0, 0x0, 0x0, 0xe, 0xf0, 0x0, 0x0,
    0x0, 0xb, 0xf4, 0x0, 0x0, 0x0, 0x0, 0xff,
    0x0, 0x0, 0x0, 0x2, 0xfe, 0x0, 0x0, 0x0,
    0x0, 0xf, 0xf0, 0x0, 0x0, 0x0, 0xaf, 0x80,
    0x0, 0x0, 0x0, 0x0, 0xfe, 0x0, 0x0, 0x0,
    0x4f, 0xf1, 0x0, 0x0, 0x0, 0x0, 0x1f, 0xd0,
    0x0, 0x0, 0x1d, 0xf7, 0x0, 0x0, 0x0, 0x0,
    0x2, 0xfc, 0x0, 0x0, 0xb, 0xfc, 0x0, 0x0,
    0x0, 0x0, 0x0, 0x3f, 0xb0, 0x0, 0xa, 0xfe,
    0x10, 0x0, 0x0, 0x0, 0x0, 0x6, 0xf9, 0x0,
    0xb, 0xfe, 0x30, 0x0, 0x0, 0x0, 0x0, 0x0,
    0xbf, 0x50, 0x2d, 0xfe, 0x20, 0x0, 0x0, 0x0,
    0x7e, 0xdc, 0xef, 0xe0, 0x2, 0xfc, 0x10, 0x0,
    0x0, 0x0, 0x3, 0xff, 0xff, 0xc2, 0x0, 0x4,
    0x0, 0x0, 0x0, 0x0, 0x0, 0x0, 0x1, 0x0,
    0x0, 0x0,

    /* U+52A0 "加" */
    0x0, 0x0, 0x4, 0x20, 0x0, 0x0, 0x0, 0x0,
    0x0, 0x0, 0x0, 0x0, 0x0, 0x3f, 0xa0, 0x0,
    0x0, 0x0, 0x0, 0x0, 0x0, 0x0, 0x0, 0x0,
    0x3f, 0xa0, 0x0, 0x0, 0x3, 0x44, 0x44, 0x44,
    0x44, 0x0, 0x0, 0x3f, 0xa0, 0x0, 0x0, 0xb,
    0xff, 0xff, 0xff, 0xff, 0x0, 0x0, 0x4f, 0xa0,
    0x0, 0x0, 0xb, 0xf7, 0x66, 0x66, 0xef, 0x7,
    0xff, 0xff, 0xff, 0xff, 0xfb, 0xb, 0xf1, 0x0,
    0x0, 0xdf, 0x5, 0xbb, 0xcf, 0xeb, 0xbb, 0xfb,
    0xb, 0xf1, 0x0, 0x0, 0xdf, 0x0, 0x0, 0x3f,
    0xa0, 0x0, 0xfb, 0xb, 0xf1, 0x0, 0x0, 0xdf,
    0x0, 0x0, 0x4f, 0x90, 0x0, 0xfb, 0xb, 0xf1,
    0x0, 0x0, 0xdf, 0x0, 0x0, 0x5f, 0x80, 0x1,
    0xfb, 0xb, 0xf1, 0x0, 0x0, 0xdf, 0x0, 0x0,
    0x6f, 0x70, 0x1, 0xfb, 0xb, 0xf1, 0x0, 0x0,
    0xdf, 0x0, 0x0, 0x8f, 0x60, 0x1, 0xfa, 0xb,
    0xf1, 0x0, 0x0, 0xdf, 0x0, 0x0, 0xaf, 0x40,
    0x1, 0xfa, 0xb, 0xf1, 0x0, 0x0, 0xdf, 0x0,
    0x0, 0xcf, 0x10, 0x2, 0xf9, 0xb, 0xf1, 0x0,
    0x0, 0xdf, 0x0, 0x0, 0xfe, 0x0, 0x2, 0xf9,
    0xb, 0xf1, 0x0, 0x0, 0xdf, 0x0, 0x3, 0xfb,
    0x0, 0x3, 0xf8, 0xb, 0xf1, 0x0, 0x0, 0xdf,
    0x0, 0x8, 0xf7, 0x0, 0x4, 0xf7, 0xb, 0xf1,
    0x0, 0x0, 0xdf, 0x0, 0xe, 0xf1, 0x0, 0x5,
    0xf6, 0xb, 0xfa, 0xaa, 0xaa, 0xff, 0x0, 0x5f,
    0xb0, 0x0, 0x8, 0xf4, 0xb, 0xff, 0xff, 0xff,
    0xff, 0x0, 0xef, 0x40, 0x0, 0xc, 0xf1, 0xb,
    0xf1, 0x0, 0x0, 0xdf, 0xa, 0xfb, 0x6, 0xed,
    0xef, 0xb0, 0xa, 0xf1, 0x0, 0x0, 0xbc, 0x9,
    0xe1, 0x2, 0xdf, 0xea, 0x10, 0x0, 0x0, 0x0,
    0x0, 0x0, 0x0, 0x10, 0x0, 0x0, 0x0, 0x0,
    0x0, 0x0, 0x0, 0x0, 0x0,

    /* U+52A8 "动" */
    0x0, 0x0, 0x0, 0x0, 0x0, 0x0, 0x0, 0x32,
    0x0, 0x0, 0x0, 0x0, 0x0, 0x0, 0x0, 0x0,
    0x0, 0x2, 0xfb, 0x0, 0x0, 0x0, 0x6, 0x88,
    0x88, 0x88, 0x81, 0x0, 0x2, 0xfb, 0x0, 0x0,
    0x0, 0xc, 0xff, 0xff, 0xff, 0xf2, 0x0, 0x2,
    0xfb, 0x0, 0x0, 0x0, 0x2, 0x33, 0x33, 0x33,
    0x30, 0x1, 0x13, 0xfc, 0x11, 0x11, 0x10, 0x0,
    0x0, 0x0, 0x0, 0x0, 0xf, 0xff, 0xff, 0xff,
    0xff, 0xf4, 0x0, 0x0, 0x0, 0x0, 0x0, 0xb,
    0xbc, 0xfe, 0xbb, 0xbd, 0xf3, 0x1, 0x11, 0x11,
    0x11, 0x10, 0x0, 0x2, 0xfb, 0x0, 0x8, 0xf3,
    0x8f, 0xff, 0xff, 0xff, 0xfe, 0x0, 0x3, 0xfa,
    0x0, 0x8, 0xf3, 0x6b, 0xbc, 0xfe, 0xbb, 0xba,
    0x0, 0x4, 0xf9, 0x0, 0x8, 0xf3, 0x0, 0x8,
    0xf8, 0x0, 0x0, 0x0, 0x6, 0xf8, 0x0, 0x8,
    0xf3, 0x0, 0xc, 0xf3, 0x0, 0x0, 0x0, 0x7,
    0xf6, 0x0, 0x9, 0xf2, 0x0, 0x2f, 0xd0, 0x4,
    0x50, 0x0, 0xa, 0xf4, 0x0, 0x9, 0xf2, 0x0,
    0x8f, 0x70, 0xe, 0xf0, 0x0, 0xe, 0xf1, 0x0,
    0xa, 0xf1, 0x0, 0xef, 0x10, 0x8, 0xf7, 0x0,
    0x2f, 0xd0, 0x0, 0xb, 0xf1, 0x6, 0xf9, 0x0,
    0x1, 0xfd, 0x0, 0x7f, 0x80, 0x0, 0xc, 0xf0,
    0xe, 0xf1, 0x0, 0x38, 0xff, 0x20, 0xdf, 0x30,
    0x0, 0xd, 0xf0, 0x8f, 0xc9, 0xcf, 0xff, 0xff,
    0x75, 0xfd, 0x0, 0x0, 0xf, 0xe0, 0x7f, 0xff,
    0xfb, 0x73, 0x1d, 0x7d, 0xf5, 0x0, 0x0, 0x1f,
    0xc0, 0x16, 0x31, 0x0, 0x0, 0x0, 0x9f, 0xc0,
    0x1, 0x0, 0x4f, 0xa0, 0x0, 0x0, 0x0, 0x0,
    0x8, 0xff, 0x20, 0xb, 0xff, 0xff, 0x50, 0x0,
    0x0, 0x0, 0x0, 0x8, 0xf4, 0x0, 0x7, 0xde,
    0xf8, 0x0, 0x0, 0x0, 0x0, 0x0, 0x0, 0x20,
    0x0, 0x0, 0x0, 0x0, 0x0,

    /* U+52A9 "助" */
    0x0, 0x0, 0x0, 0x0, 0x0, 0x0, 0x0, 0x4,
    0x20, 0x0, 0x0, 0x0, 0x0, 0x0, 0x0, 0x0,
    0x0, 0x0, 0x3, 0xfa, 0x0, 0x0, 0x0, 0x0,
    0xcf, 0xff, 0xff, 0xff, 0xa0, 0x0, 0x3f, 0xa0,
    0x0, 0x0, 0x0, 0xc, 0xfc, 0xbb, 0xbc, 0xfa,
    0x0, 0x3, 0xfa, 0x0, 0x0, 0x0, 0x0, 0xcf,
    0x10, 0x0, 0x3f, 0xa0, 0x33, 0x6f, 0xb3, 0x33,
    0x33, 0x0, 0xc, 0xf1, 0x0, 0x3, 0xfa, 0x2f,
    0xff, 0xff, 0xff, 0xff, 0xf2, 0x0, 0xcf, 0x10,
    0x0, 0x3f, 0xa1, 0x88, 0xaf, 0xd8, 0x88, 0xdf,
    0x20, 0xc, 0xfc, 0xcc, 0xcc, 0xfa, 0x0, 0x4,
    0xf9, 0x0, 0x9, 0xf2, 0x0, 0xcf, 0xff, 0xff,
    0xff, 0xa0, 0x0, 0x4f, 0x90, 0x0, 0x9f, 0x20,
    0xc, 0xf1, 0x0, 0x3, 0xfa, 0x0, 0x6, 0xf8,
    0x0, 0xa, 0xf1, 0x0, 0xcf, 0x10, 0x0, 0x3f,
    0xa0, 0x0, 0x7f, 0x60, 0x0, 0xaf, 0x10, 0xc,
    0xf1, 0x0, 0x3, 0xfa, 0x0, 0x9, 0xf4, 0x0,
    0xa, 0xf1, 0x0, 0xcf, 0x21, 0x11, 0x4f, 0xa0,
    0x0, 0xcf, 0x20, 0x0, 0xbf, 0x0, 0xc, 0xff,
    0xff, 0xff, 0xfa, 0x0, 0xf, 0xf0, 0x0, 0xb,
    0xf0, 0x0, 0xcf, 0xbb, 0xbb, 0xcf, 0xa0, 0x3,
    0xfb, 0x0, 0x0, 0xcf, 0x0, 0xc, 0xf1, 0x0,
    0x3, 0xfa, 0x0, 0x8f, 0x70, 0x0, 0xd, 0xe0,
    0x0, 0xcf, 0x10, 0x0, 0x3f, 0xa0, 0xe, 0xf2,
    0x0, 0x0, 0xfd, 0x0, 0xc, 0xf1, 0x0, 0x5,
    0xfe, 0x45, 0xfc, 0x0, 0x0, 0xf, 0xc0, 0x0,
    0xcf, 0x7a, 0xcf, 0xff, 0xf7, 0xdf, 0x40, 0x0,
    0x2, 0xfb, 0x0, 0xef, 0xff, 0xff, 0xd9, 0x51,
    0x9f, 0xb0, 0x1, 0x0, 0x6f, 0x80, 0xa, 0xc9,
    0x74, 0x0, 0x0, 0x7f, 0xe1, 0x0, 0xdf, 0xef,
    0xf3, 0x0, 0x0, 0x0, 0x0, 0x0, 0x7, 0xf3,
    0x0, 0x8, 0xde, 0xf7, 0x0, 0x0, 0x0, 0x0,
    0x0, 0x0, 0x2, 0x0, 0x0, 0x0, 0x0, 0x0,
    0x0,

    /* U+52D2 "勒" */
    0x0, 0x55, 0x0, 0x0, 0x63, 0x0, 0x0, 0x46,
    0x0, 0x0, 0x0, 0x0, 0xdd, 0x0, 0x2, 0xf8,
    0x0, 0x0, 0xcf, 0x10, 0x0, 0x0, 0x9a, 0xff,
    0xaa, 0xab, 0xfd, 0xa6, 0x0, 0xcf, 0x10, 0x0,
    0x0, 0xef, 0xff, 0xff, 0xff, 0xff, 0xf9, 0x0,
    0xcf, 0x10, 0x0, 0x0, 0x0, 0xdd, 0x0, 0x2,
    0xf9, 0x1, 0x55, 0xdf, 0x65, 0x55, 0x50, 0x0,
    0xdd, 0x0, 0x2, 0xf8, 0x1, 0xff, 0xff, 0xff,
    0xff, 0xf2, 0x0, 0xdf, 0xff, 0xff, 0xf8, 0x0,
    0x88, 0xef, 0x98, 0x8d, 0xf2, 0x0, 0x78, 0x9f,
    0xe8, 0x84, 0x0, 0x0, 0xcf, 0x10, 0xb, 0xf2,
    0x0, 0x0, 0xf, 0xb0, 0x0, 0x0, 0x0, 0xdf,
    0x0, 0xb, 0xf2, 0x3a, 0xaa, 0xaf, 0xea, 0xaa,
    0xa0, 0x0, 0xef, 0x0, 0xc, 0xf2, 0x5f, 0xff,
    0xff, 0xff, 0xff, 0xf0, 0x0, 0xfe, 0x0, 0xc,
    0xf1, 0x5f, 0x50, 0xf, 0xb0, 0xa, 0xf0, 0x1,
    0xfd, 0x0, 0xc, 0xf1, 0x5f, 0x50, 0xf, 0xb0,
    0xa, 0xf0, 0x3, 0xfb, 0x0, 0xd, 0xf1, 0x5f,
    0xca, 0xaf, 0xea, 0xad, 0xf0, 0x6, 0xf8, 0x0,
    0xd, 0xf0, 0x5f, 0xff, 0xff, 0xff, 0xff, 0xf0,
    0xa, 0xf5, 0x0, 0xe, 0xf0, 0x0, 0x0, 0xf,
    0xb0, 0x0, 0x0, 0xe, 0xf1, 0x0, 0xe, 0xf0,
    0x1, 0x11, 0x1f, 0xc1, 0x11, 0x10, 0x3f, 0xc0,
    0x0, 0xf, 0xe0, 0xef, 0xff, 0xff, 0xff, 0xff,
    0xf8, 0x9f, 0x70, 0x0, 0xf, 0xc0, 0x9a, 0xaa,
    0xaf, 0xea, 0xaa, 0xa7, 0xff, 0x10, 0x0, 0x1f,
    0xa0, 0x0, 0x0, 0xf, 0xb0, 0x0, 0xb, 0xf8,
    0x1, 0x0, 0x5f, 0x80, 0x0, 0x0, 0xf, 0xb0,
    0x0, 0x7f, 0xd0, 0xf, 0xfd, 0xff, 0x30, 0x0,
    0x0, 0xf, 0xb0, 0x0, 0x2c, 0x20, 0x8, 0xce,
    0xf8, 0x0,

    /* U+5316 "化" */
    0x0, 0x0, 0x0, 0x0, 0x0, 0x0, 0x0, 0x0,
    0x0, 0x0, 0x0, 0x0, 0x0, 0x0, 0xa, 0xe4,
    0x0, 0xb, 0xa0, 0x0, 0x0, 0x0, 0x0, 0x0,
    0x0, 0x0, 0xff, 0x0, 0x0, 0xff, 0x0, 0x0,
    0x0, 0x0, 0x0, 0x0, 0x0, 0x6f, 0x80, 0x0,
    0xf, 0xf0, 0x0, 0x0, 0x19, 0x0, 0x0, 0x0,
    0xe, 0xf1, 0x0, 0x0, 0xff, 0x0, 0x0, 0x1d,
    0xf7, 0x0, 0x0, 0x7, 0xfa, 0x0, 0x0, 0xf,
    0xf0, 0x0, 0xc, 0xfb, 0x0, 0x0, 0x1, 0xff,
    0x30, 0x0, 0x0, 0xff, 0x0, 0xb, 0xfc, 0x0,
    0x0, 0x0, 0xbf, 0xf1, 0x0, 0x0, 0xf, 0xf0,
    0x2d, 0xfd, 0x10, 0x0, 0x0, 0x6f, 0xff, 0x10,
    0x0, 0x0, 0xff, 0x3e, 0xfc, 0x10, 0x0, 0x0,
    0x3f, 0xff, 0xf1, 0x0, 0x0, 0xf, 0xff, 0xfb,
    0x0, 0x0, 0x0, 0xd, 0xf8, 0xcf, 0x10, 0x0,
    0x1, 0xff, 0xf8, 0x0, 0x0, 0x0, 0x0, 0xab,
    0xc, 0xf1, 0x0, 0x7, 0xff, 0xf4, 0x0, 0x0,
    0x0, 0x0, 0x2, 0x0, 0xcf, 0x10, 0x2d, 0xff,
    0xff, 0x0, 0x0, 0x0, 0x0, 0x0, 0x0, 0xc,
    0xf1, 0x0, 0xdb, 0x3f, 0xf0, 0x0, 0x0, 0x0,
    0x0, 0x0, 0x0, 0xcf, 0x10, 0x0, 0x0, 0xff,
    0x0, 0x0, 0x0, 0x0, 0x0, 0x0, 0xc, 0xf1,
    0x0, 0x0, 0xf, 0xf0, 0x0, 0x0, 0x1, 0x20,
    0x0, 0x0, 0xcf, 0x10, 0x0, 0x0, 0xff, 0x0,
    0x0, 0x0, 0x4f, 0x90, 0x0, 0xc, 0xf1, 0x0,
    0x0, 0xf, 0xf0, 0x0, 0x0, 0x5, 0xfa, 0x0,
    0x0, 0xcf, 0x10, 0x0, 0x0, 0xff, 0x0, 0x0,
    0x0, 0x7f, 0x70, 0x0, 0xc, 0xf1, 0x0, 0x0,
    0xf, 0xf1, 0x0, 0x0, 0x2d, 0xf4, 0x0, 0x0,
    0xcf, 0x10, 0x0, 0x0, 0xef, 0xfe, 0xee, 0xff,
    0xff, 0x0, 0x0, 0xc, 0xf1, 0x0, 0x0, 0x5,
    0xdf, 0xff, 0xfe, 0xda, 0x40,

    /* U+5339 "匹" */
    0x9c, 0xcc, 0xcc, 0xcc, 0xcc, 0xcc, 0xcc, 0xcc,
    0xcc, 0xc1, 0xc, 0xff, 0xff, 0xff, 0xff, 0xff,
    0xff, 0xff, 0xff, 0xff, 0x20, 0xcf, 0x10, 0x0,
    0x8f, 0x30, 0x0, 0xde, 0x0, 0x0, 0x0, 0xc,
    0xf1, 0x0, 0x9, 0xf3, 0x0, 0xd, 0xe0, 0x0,
    0x0, 0x0, 0xcf, 0x10, 0x0, 0x9f, 0x20, 0x0,
    0xde, 0x0, 0x0, 0x0, 0xc, 0xf1, 0x0, 0xa,
    0xf2, 0x0, 0xd, 0xe0, 0x0, 0x0, 0x0, 0xcf,
    0x10, 0x0, 0xbf, 0x10, 0x0, 0xde, 0x0, 0x0,
    0x0, 0xc, 0xf1, 0x0, 0xc, 0xf0, 0x0, 0xd,
    0xe0, 0x0, 0x0, 0x0, 0xcf, 0x10, 0x0, 0xee,
    0x0, 0x0, 0xde, 0x0, 0x0, 0x0, 0xc, 0xf1,
    0x0, 0xf, 0xc0, 0x0, 0xd, 0xe0, 0x0, 0x44,
    0x0, 0xcf, 0x10, 0x4, 0xf9, 0x0, 0x0, 0xde,
    0x0, 0x8, 0xf3, 0xc, 0xf1, 0x0, 0x9f, 0x50,
    0x0, 0xd, 0xe0, 0x0, 0x9f, 0x30, 0xcf, 0x10,
    0x1f, 0xe0, 0x0, 0x0, 0xde, 0x0, 0xa, 0xf2,
    0xc, 0xf1, 0x9, 0xf7, 0x0, 0x0, 0xd, 0xf3,
    0x24, 0xef, 0x0, 0xcf, 0x16, 0xfd, 0x0, 0x0,
    0x0, 0xbf, 0xff, 0xff, 0x90, 0xc, 0xf1, 0xbe,
    0x20, 0x0, 0x0, 0x1, 0x89, 0x98, 0x50, 0x0,
    0xcf, 0x12, 0x20, 0x0, 0x0, 0x0, 0x0, 0x0,
    0x0, 0x0, 0xc, 0xf1, 0x0, 0x0, 0x0, 0x0,
    0x0, 0x0, 0x0, 0x0, 0x0, 0xcf, 0xbb, 0xbb,
    0xbb, 0xbb, 0xbb, 0xbb, 0xbb, 0xbb, 0xbb, 0x1c,
    0xff, 0xff, 0xff, 0xff, 0xff, 0xff, 0xff, 0xff,
    0xff, 0xf1, 0x11, 0x11, 0x11, 0x11, 0x11, 0x11,
    0x11, 0x11, 0x11, 0x11, 0x0,

    /* U+533A "区" */
    0x9b, 0xbb, 0xbb, 0xbb, 0xbb, 0xbb, 0xbb, 0xbb,
    0xbb, 0xb4, 0xc, 0xff, 0xff, 0xff, 0xff, 0xff,
    0xff, 0xff, 0xff, 0xff, 0x50, 0xcf, 0x20, 0x0,
    0x0, 0x0, 0x0, 0x0, 0x0, 0x0, 0x0, 0xc,
    0xf1, 0x0, 0x10, 0x0, 0x0, 0x0, 0x4, 0x40,
    0x0, 0x0, 0xcf, 0x10, 0x8f, 0x60, 0x0, 0x0,
    0x1, 0xef, 0x40, 0x0, 0xc, 0xf1, 0x5, 0xff,
    0x80, 0x0, 0x0, 0xaf, 0xa0, 0x0, 0x0, 0xcf,
    0x10, 0x3, 0xef, 0xa0, 0x0, 0x6f, 0xe1, 0x0,
    0x0, 0xc, 0xf1, 0x0, 0x2, 0xef, 0xb0, 0x3f,
    0xf4, 0x0, 0x0, 0x0, 0xcf, 0x10, 0x0, 0x1,
    0xdf, 0xde, 0xf8, 0x0, 0x0, 0x0, 0xc, 0xf1,
    0x0, 0x0, 0x1, 0xcf, 0xfc, 0x0, 0x0, 0x0,
    0x0, 0xcf, 0x10, 0x0, 0x0, 0xa, 0xff, 0xe1,
    0x0, 0x0, 0x0, 0xc, 0xf1, 0x0, 0x0, 0x9,
    0xff, 0xcf, 0xd1, 0x0, 0x0, 0x0, 0xcf, 0x10,
    0x0, 0xa, 0xff, 0x40, 0xdf, 0xc0, 0x0, 0x0,
    0xc, 0xf1, 0x0, 0x1b, 0xff, 0x40, 0x1, 0xef,
    0xb0, 0x0, 0x0, 0xcf, 0x10, 0x3d, 0xfe, 0x30,
    0x0, 0x2, 0xff, 0xa0, 0x0, 0xc, 0xf1, 0xf,
    0xfc, 0x10, 0x0, 0x0, 0x4, 0xfd, 0x10, 0x0,
    0xcf, 0x10, 0x79, 0x0, 0x0, 0x0, 0x0, 0x4,
    0x10, 0x0, 0xc, 0xf1, 0x0, 0x0, 0x0, 0x0,
    0x0, 0x0, 0x0, 0x0, 0x0, 0xcf, 0xbb, 0xbb,
    0xbb, 0xbb, 0xbb, 0xbb, 0xbb, 0xbb, 0xbb, 0x1c,
    0xff, 0xff, 0xff, 0xff, 0xff, 0xff, 0xff, 0xff,
    0xff, 0xf1, 0x11, 0x11, 0x11, 0x11, 0x11, 0x11,
    0x11, 0x11, 0x11, 0x11, 0x0,

    /* U+5347 "升" */
    0x0, 0x0, 0x0, 0x0, 0x0, 0x1, 0x0, 0x29,
    0x50, 0x0, 0x0, 0x0, 0x0, 0x0, 0x0, 0x59,
    0xed, 0x0, 0x4f, 0x90, 0x0, 0x0, 0x0, 0x2,
    0x58, 0xcf, 0xff, 0xfb, 0x20, 0x4f, 0x90, 0x0,
    0x0, 0xc, 0xff, 0xff, 0xff, 0x94, 0x0, 0x0,
    0x4f, 0x90, 0x0, 0x0, 0xb, 0xeb, 0x87, 0xfc,
    0x0, 0x0, 0x0, 0x4f, 0x90, 0x0, 0x0, 0x0,
    0x0, 0x3, 0xfc, 0x0, 0x0, 0x0, 0x4f, 0x90,
    0x0, 0x0, 0x0, 0x0, 0x3, 0xfc, 0x0, 0x0,
    0x0, 0x4f, 0x90, 0x0, 0x0, 0x0, 0x0, 0x3,
    0xfc, 0x0, 0x0, 0x0, 0x4f, 0x90, 0x0, 0x0,
    0x0, 0x0, 0x3, 0xfc, 0x0, 0x0, 0x0, 0x4f,
    0x90, 0x0, 0x0, 0x7a, 0xaa, 0xab, 0xfe, 0xaa,
    0xaa, 0xaa, 0xbf, 0xda, 0xaa, 0xa2, 0xbf, 0xff,
    0xff, 0xff, 0xff, 0xff, 0xff, 0xff, 0xff, 0xff,
    0xf4, 0x12, 0x22, 0x25, 0xfc, 0x22, 0x22, 0x22,
    0x6f, 0xa2, 0x22, 0x20, 0x0, 0x0, 0x4, 0xfb,
    0x0, 0x0, 0x0, 0x4f, 0x90, 0x0, 0x0, 0x0,
    0x0, 0x7, 0xf9, 0x0, 0x0, 0x0, 0x4f, 0x90,
    0x0, 0x0, 0x0, 0x0, 0xb, 0xf5, 0x0, 0x0,
    0x0, 0x4f, 0x90, 0x0, 0x0, 0x0, 0x0, 0x2f,
    0xf1, 0x0, 0x0, 0x0, 0x4f, 0x90, 0x0, 0x0,
    0x0, 0x0, 0xaf, 0xa0, 0x0, 0x0, 0x0, 0x4f,
    0x90, 0x0, 0x0, 0x0, 0x5, 0xff, 0x20, 0x0,
    0x0, 0x0, 0x4f, 0x90, 0x0, 0x0, 0x0, 0x4f,
    0xf7, 0x0, 0x0, 0x0, 0x0, 0x4f, 0x90, 0x0,
    0x0, 0x5, 0xff, 0xa0, 0x0, 0x0, 0x0, 0x0,
    0x4f, 0x90, 0x0, 0x0, 0x1f, 0xfa, 0x0, 0x0,
    0x0, 0x0, 0x0, 0x4f, 0x90, 0x0, 0x0, 0x6,
    0x70, 0x0, 0x0, 0x0, 0x0, 0x0, 0x4f, 0x90,
    0x0, 0x0,

    /* U+534A "半" */
    0x0, 0x0, 0x0, 0x0, 0x1, 0xc9, 0x0, 0x0,
    0x0, 0x0, 0x0, 0x0, 0x1, 0x30, 0x0, 0x2,
    0xfd, 0x0, 0x0, 0x5, 0x20, 0x0, 0x0, 0x1e,
    0xf3, 0x0, 0x2, 0xfd, 0x0, 0x0, 0x2f, 0xf0,
    0x0, 0x0, 0x7, 0xfe, 0x10, 0x2, 0xfd, 0x0,
    0x0, 0xcf, 0x80, 0x0, 0x0, 0x0, 0xcf, 0x90,
    0x2, 0xfd, 0x0, 0x9, 0xfe, 0x0, 0x0, 0x0,
    0x0, 0x3f, 0xf1, 0x2, 0xfd, 0x0, 0x3f, 0xf3,
    0x0, 0x0, 0x0, 0x0, 0x8, 0x40, 0x2, 0xfd,
    0x0, 0x8, 0x60, 0x0, 0x0, 0x0, 0x0, 0x0,
    0x0, 0x3, 0xfd, 0x0, 0x0, 0x0, 0x0, 0x0,
    0xb, 0xff, 0xff, 0xff, 0xff, 0xff, 0xff, 0xff,
    0xff, 0xff, 0x40, 0x8, 0xbb, 0xbb, 0xbb, 0xbc,
    0xff, 0xbb, 0xbb, 0xbb, 0xbb, 0x20, 0x0, 0x0,
    0x0, 0x0, 0x2, 0xfd, 0x0, 0x0, 0x0, 0x0,
    0x0, 0x0, 0x0, 0x0, 0x0, 0x2, 0xfd, 0x0,
    0x0, 0x0, 0x0, 0x0, 0x0, 0x0, 0x0, 0x0,
    0x2, 0xfd, 0x0, 0x0, 0x0, 0x0, 0x0, 0x8b,
    0xbb, 0xbb, 0xbb, 0xbb, 0xff, 0xbb, 0xbb, 0xbb,
    0xbb, 0xb4, 0xdf, 0xff, 0xff, 0xff, 0xff, 0xff,
    0xff, 0xff, 0xff, 0xff, 0xf6, 0x11, 0x11, 0x11,
    0x11, 0x13, 0xfd, 0x11, 0x11, 0x11, 0x11, 0x10,
    0x0, 0x0, 0x0, 0x0, 0x2, 0xfd, 0x0, 0x0,
    0x0, 0x0, 0x0, 0x0, 0x0, 0x0, 0x0, 0x2,
    0xfd, 0x0, 0x0, 0x0, 0x0, 0x0, 0x0, 0x0,
    0x0, 0x0, 0x2, 0xfd, 0x0, 0x0, 0x0, 0x0,
    0x0, 0x0, 0x0, 0x0, 0x0, 0x2, 0xfd, 0x0,
    0x0, 0x0, 0x0, 0x0, 0x0, 0x0, 0x0, 0x0,
    0x2, 0xfd, 0x0, 0x0, 0x0, 0x0, 0x0, 0x0,
    0x0, 0x0, 0x0, 0x2, 0xfd, 0x0, 0x0, 0x0,
    0x0, 0x0,

    /* U+5355 "单" */
    0x0, 0x0, 0x0, 0x60, 0x0, 0x0, 0x0, 0x17,
    0x30, 0x0, 0x0, 0x0, 0x0, 0x8, 0xfa, 0x0,
    0x0, 0x0, 0x7f, 0xa0, 0x0, 0x0, 0x0, 0x0,
    0x0, 0xcf, 0x40, 0x0, 0x1, 0xef, 0x30, 0x0,
    0x0, 0x0, 0x0, 0x0, 0x23, 0x0, 0x0, 0x9,
    0xf9, 0x0, 0x0, 0x0, 0x0, 0x6f, 0xff, 0xff,
    0xff, 0xff, 0xff, 0xff, 0xff, 0xd0, 0x0, 0x0,
    0x6f, 0xec, 0xcc, 0xcd, 0xfe, 0xcc, 0xcc, 0xcf,
    0xd0, 0x0, 0x0, 0x6f, 0x80, 0x0, 0x4, 0xfb,
    0x0, 0x0, 0xf, 0xd0, 0x0, 0x0, 0x6f, 0x80,
    0x0, 0x4, 0xfb, 0x0, 0x0, 0xf, 0xd0, 0x0,
    0x0, 0x6f, 0xed, 0xdd, 0xdd, 0xff, 0xdd, 0xdd,
    0xdf, 0xd0, 0x0, 0x0, 0x6f, 0xff, 0xff, 0xff,
    0xff, 0xff, 0xff, 0xff, 0xd0, 0x0, 0x0, 0x6f,
    0x80, 0x0, 0x4, 0xfb, 0x0, 0x0, 0xf, 0xd0,
    0x0, 0x0, 0x6f, 0x80, 0x0, 0x4, 0xfb, 0x0,
    0x0, 0xf, 0xd0, 0x0, 0x0, 0x6f, 0xdb, 0xbb,
    0xbc, 0xfe, 0xbb, 0xbb, 0xbf, 0xd0, 0x0, 0x0,
    0x6f, 0xff, 0xff, 0xff, 0xff, 0xff, 0xff, 0xff,
    0xd0, 0x0, 0x0, 0x0, 0x0, 0x0, 0x4, 0xfb,
    0x0, 0x0, 0x0, 0x0, 0x0, 0x0, 0x0, 0x0,
    0x0, 0x4, 0xfb, 0x0, 0x0, 0x0, 0x0, 0x0,
    0x6a, 0xaa, 0xaa, 0xaa, 0xab, 0xfe, 0xaa, 0xaa,
    0xaa, 0xaa, 0xa0, 0xaf, 0xff, 0xff, 0xff, 0xff,
    0xff, 0xff, 0xff, 0xff, 0xff, 0xf1, 0x0, 0x0,
    0x0, 0x0, 0x4, 0xfb, 0x0, 0x0, 0x0, 0x0,
    0x0, 0x0, 0x0, 0x0, 0x0, 0x4, 0xfb, 0x0,
    0x0, 0x0, 0x0, 0x0, 0x0, 0x0, 0x0, 0x0,
    0x4, 0xfb, 0x0, 0x0, 0x0, 0x0, 0x0, 0x0,
    0x0, 0x0, 0x0, 0x4, 0xfb, 0x0, 0x0, 0x0,
    0x0, 0x0,

    /* U+5360 "占" */
    0x0, 0x0, 0x0, 0x4, 0x50, 0x0, 0x0, 0x0,
    0x0, 0x0, 0x0, 0x0, 0x0, 0xcf, 0x10, 0x0,
    0x0, 0x0, 0x0, 0x0, 0x0, 0x0, 0xc, 0xf1,
    0x0, 0x0, 0x0, 0x0, 0x0, 0x0, 0x0, 0x0,
    0xcf, 0x10, 0x0, 0x0, 0x0, 0x0, 0x0, 0x0,
    0x0, 0xc, 0xf2, 0x11, 0x11, 0x11, 0x11, 0x0,
    0x0, 0x0, 0x0, 0xcf, 0xff, 0xff, 0xff, 0xff,
    0xfa, 0x0, 0x0, 0x0, 0xc, 0xfb, 0xbb, 0xbb,
    0xbb, 0xbb, 0x70, 0x0, 0x0, 0x0, 0xcf, 0x10,
    0x0, 0x0, 0x0, 0x0, 0x0, 0x0, 0x0, 0xc,
    0xf1, 0x0, 0x0, 0x0, 0x0, 0x0, 0x0, 0x0,
    0x0, 0xcf, 0x10, 0x0, 0x0, 0x0, 0x0, 0x0,
    0x0, 0x0, 0xc, 0xf1, 0x0, 0x0, 0x0, 0x0,
    0x3, 0xff, 0xff, 0xff, 0xff, 0xff, 0xff, 0xff,
    0xff, 0xb0, 0x3f, 0xeb, 0xbb, 0xbb, 0xbb, 0xbb,
    0xbb, 0xbc, 0xfb, 0x3, 0xfa, 0x0, 0x0, 0x0,
    0x0, 0x0, 0x0, 0x3f, 0xb0, 0x3f, 0xa0, 0x0,
    0x0, 0x0, 0x0, 0x0, 0x3, 0xfb, 0x3, 0xfa,
    0x0, 0x0, 0x0, 0x0, 0x0, 0x0, 0x3f, 0xb0,
    0x3f, 0xa0, 0x0, 0x0, 0x0, 0x0, 0x0, 0x3,
    0xfb, 0x3, 0xfa, 0x0, 0x0, 0x0, 0x0, 0x0,
    0x0, 0x3f, 0xb0, 0x3f, 0xa0, 0x0, 0x0, 0x0,
    0x0, 0x0, 0x3, 0xfb, 0x3, 0xff, 0xff, 0xff,
    0xff, 0xff, 0xff, 0xff, 0xff, 0xb0, 0x3f, 0xeb,
    0xbb, 0xbb, 0xbb, 0xbb, 0xbb, 0xbc, 0xfb, 0x3,
    0xfa, 0x0, 0x0, 0x0, 0x0, 0x0, 0x0, 0x3f,
    0xb0,

    /* U+5361 "卡" */
    0x0, 0x0, 0x0, 0x0, 0x3, 0xa5, 0x0, 0x0,
    0x0, 0x0, 0x0, 0x0, 0x0, 0x0, 0x0, 0x5,
    0xf8, 0x0, 0x0, 0x0, 0x0, 0x0, 0x0, 0x0,
    0x0, 0x0, 0x5, 0xf8, 0x0, 0x0, 0x0, 0x0,
    0x0, 0x0, 0x0, 0x0, 0x0, 0x5, 0xf8, 0x0,
    0x0, 0x0, 0x0, 0x0, 0x0, 0x0, 0x0, 0x0,
    0x5, 0xff, 0xff, 0xff, 0xff, 0xe0, 0x0, 0x0,
    0x0, 0x0, 0x0, 0x5, 0xfe, 0xbb, 0xbb, 0xbb,
    0xa0, 0x0, 0x0, 0x0, 0x0, 0x0, 0x5, 0xf8,
    0x0, 0x0, 0x0, 0x0, 0x0, 0x0, 0x0, 0x0,
    0x0, 0x5, 0xf8, 0x0, 0x0, 0x0, 0x0, 0x0,
    0xc, 0xcc, 0xcc, 0xcc, 0xcd, 0xfe, 0xcc, 0xcc,
    0xcc, 0xcc, 0xc6, 0x1f, 0xff, 0xff, 0xff, 0xff,
    0xff, 0xff, 0xff, 0xff, 0xff, 0xf8, 0x2, 0x22,
    0x22, 0x22, 0x22, 0x22, 0x22, 0x22, 0x22, 0x22,
    0x21, 0x0, 0x0, 0x0, 0x0, 0x4, 0xc6, 0x0,
    0x0, 0x0, 0x0, 0x0, 0x0, 0x0, 0x0, 0x0,
    0x5, 0xf8, 0x0, 0x0, 0x0, 0x0, 0x0, 0x0,
    0x0, 0x0, 0x0, 0x5, 0xfa, 0x0, 0x0, 0x0,
    0x0, 0x0, 0x0, 0x0, 0x0, 0x0, 0x5, 0xff,
    0xd5, 0x0, 0x0, 0x0, 0x0, 0x0, 0x0, 0x0,
    0x0, 0x5, 0xfe, 0xff, 0xd5, 0x0, 0x0, 0x0,
    0x0, 0x0, 0x0, 0x0, 0x5, 0xf8, 0x2b, 0xff,
    0xd6, 0x0, 0x0, 0x0, 0x0, 0x0, 0x0, 0x5,
    0xf8, 0x0, 0x4d, 0xff, 0xc0, 0x0, 0x0, 0x0,
    0x0, 0x0, 0x5, 0xf8, 0x0, 0x0, 0x6e, 0x50,
    0x0, 0x0, 0x0, 0x0, 0x0, 0x5, 0xf8, 0x0,
    0x0, 0x0, 0x0, 0x0, 0x0, 0x0, 0x0, 0x0,
    0x5, 0xf8, 0x0, 0x0, 0x0, 0x0, 0x0, 0x0,
    0x0, 0x0, 0x0, 0x5, 0xf8, 0x0, 0x0, 0x0,
    0x0, 0x0,

    /* U+5373 "即" */
    0xbf, 0xff, 0xff, 0xff, 0xf2, 0x1f, 0xff, 0xff,
    0xff, 0xfc, 0xbf, 0xbb, 0xbb, 0xbe, 0xf2, 0x1f,
    0xfc, 0xcc, 0xcc, 0xfc, 0xbf, 0x10, 0x0, 0xb,
    0xf2, 0x1f, 0xc0, 0x0, 0x1, 0xfc, 0xbf, 0x10,
    0x0, 0xb, 0xf2, 0x1f, 0xc0, 0x0, 0x1, 0xfc,
    0xbf, 0xaa, 0xaa, 0xae, 0xf2, 0x1f, 0xc0, 0x0,
    0x1, 0xfc, 0xbf, 0xff, 0xff, 0xff, 0xf2, 0x1f,
    0xc0, 0x0, 0x1, 0xfc, 0xbf, 0x10, 0x0, 0xb,
    0xf2, 0x1f, 0xc0, 0x0, 0x1, 0xfc, 0xbf, 0x10,
    0x0, 0xb, 0xf2, 0x1f, 0xc0, 0x0, 0x1, 0xfc,
    0xbf, 0x10, 0x0, 0xb, 0xf2, 0x1f, 0xc0, 0x0,
    0x1, 0xfc, 0xbf, 0xff, 0xff, 0xff, 0xf2, 0x1f,
    0xc0, 0x0, 0x1, 0xfc, 0xbf, 0xcb, 0xbb, 0xbb,
    0xb2, 0x1f, 0xc0, 0x0, 0x1, 0xfc, 0xbf, 0x10,
    0x0, 0x20, 0x0, 0x1f, 0xc0, 0x0, 0x1, 0xfc,
    0xbf, 0x10, 0x7, 0xf5, 0x0, 0x1f, 0xc0, 0x0,
    0x1, 0xfc, 0xbf, 0x10, 0x2, 0xfe, 0x10, 0x1f,
    0xc0, 0x0, 0x1, 0xfc, 0xbf, 0x10, 0x0, 0x9f,
    0x90, 0x1f, 0xc0, 0x0, 0x1, 0xfc, 0xbf, 0x10,
    0x29, 0xff, 0xf1, 0x1f, 0xc0, 0x7e, 0xcc, 0xfb,
    0xbf, 0x5b, 0xff, 0xed, 0xf9, 0x1f, 0xc0, 0x4d,
    0xff, 0xf4, 0xbf, 0xff, 0xc5, 0x4, 0xd6, 0x1f,
    0xc0, 0x0, 0x0, 0x0, 0x6e, 0x92, 0x0, 0x0,
    0x0, 0x1f, 0xc0, 0x0, 0x0, 0x0, 0x0, 0x0,
    0x0, 0x0, 0x0, 0x1f, 0xc0, 0x0, 0x0, 0x0,

    /* U+5386 "历" */
    0x0, 0xbb, 0xbb, 0xbb, 0xbb, 0xbb, 0xbb, 0xbb,
    0xbb, 0xbb, 0xb6, 0x1, 0xff, 0xff, 0xff, 0xff,
    0xff, 0xff, 0xff, 0xff, 0xff, 0xf8, 0x1, 0xfc,
    0x0, 0x0, 0x0, 0x0, 0x0, 0x0, 0x0, 0x0,
    0x0, 0x1, 0xfc, 0x0, 0x0, 0x0, 0x9, 0x70,
    0x0, 0x0, 0x0, 0x0, 0x1, 0xfc, 0x0, 0x0,
    0x0, 0x2f, 0xb0, 0x0, 0x0, 0x0, 0x0, 0x1,
    0xfc, 0x0, 0x0, 0x0, 0x3f, 0xa0, 0x0, 0x0,
    0x0, 0x0, 0x1, 0xfc, 0x0, 0x0, 0x0, 0x4f,
    0x90, 0x0, 0x0, 0x0, 0x0, 0x1, 0xfc, 0x0,
    0x9b, 0xbb, 0xdf, 0xeb, 0xbb, 0xbb, 0xbb, 0x20,
    0x1, 0xfc, 0x0, 0xdf, 0xff, 0xff, 0xff, 0xff,
    0xff, 0xff, 0x30, 0x1, 0xfc, 0x0, 0x0, 0x0,
    0x9f, 0x50, 0x0, 0x0, 0xcf, 0x30, 0x2, 0xfc,
    0x0, 0x0, 0x0, 0xbf, 0x20, 0x0, 0x0, 0xbf,
    0x30, 0x2, 0xfb, 0x0, 0x0, 0x0, 0xff, 0x0,
    0x0, 0x0, 0xcf, 0x30, 0x3, 0xfa, 0x0, 0x0,
    0x3, 0xfb, 0x0, 0x0, 0x0, 0xcf, 0x20, 0x5,
    0xf9, 0x0, 0x0, 0x8, 0xf6, 0x0, 0x0, 0x0,
    0xcf, 0x20, 0x7, 0xf7, 0x0, 0x0, 0xe, 0xf1,
    0x0, 0x0, 0x0, 0xdf, 0x10, 0xa, 0xf5, 0x0,
    0x0, 0x7f, 0xa0, 0x0, 0x0, 0x0, 0xdf, 0x0,
    0xe, 0xf1, 0x0, 0x2, 0xff, 0x20, 0x0, 0x0,
    0x0, 0xef, 0x0, 0x1f, 0xe0, 0x0, 0x1d, 0xf7,
    0x0, 0x0, 0x0, 0x0, 0xfd, 0x0, 0x6f, 0xa0,
    0x1, 0xdf, 0xb0, 0x0, 0x0, 0x20, 0x5, 0xfb,
    0x0, 0xbf, 0x50, 0xc, 0xfc, 0x0, 0x0, 0x0,
    0xdf, 0xef, 0xf6, 0x0, 0x3b, 0x0, 0x1, 0x70,
    0x0, 0x0, 0x0, 0x7d, 0xfe, 0x90, 0x0,

    /* U+539F "原" */
    0x0, 0xbb, 0xbb, 0xbb, 0xbb, 0xbb, 0xbb, 0xbb,
    0xbb, 0xbb, 0xb6, 0x1, 0xff, 0xff, 0xff, 0xff,
    0xff, 0xff, 0xff, 0xff, 0xff, 0xf8, 0x1, 0xfc,
    0x0, 0x0, 0x0, 0x8, 0x60, 0x0, 0x0, 0x0,
    0x0, 0x1, 0xfc, 0x0, 0x0, 0x0, 0x1f, 0xc0,
    0x0, 0x0, 0x0, 0x0, 0x1, 0xfc, 0x0, 0x9a,
    0xaa, 0xcf, 0xda, 0xaa, 0xaa, 0xaa, 0x0, 0x1,
    0xfc, 0x0, 0xff, 0xff, 0xff, 0xff, 0xff, 0xff,
    0xff, 0x0, 0x1, 0xfc, 0x0, 0xfb, 0x0, 0x0,
    0x0, 0x0, 0x0, 0xcf, 0x0, 0x1, 0xfc, 0x0,
    0xfb, 0x0, 0x0, 0x0, 0x0, 0x0, 0xcf, 0x0,
    0x1, 0xfc, 0x0, 0xff, 0xff, 0xff, 0xff, 0xff,
    0xff, 0xff, 0x0, 0x1, 0xfc, 0x0, 0xfe, 0xaa,
    0xaa, 0xaa, 0xaa, 0xaa, 0xef, 0x0, 0x2, 0xfc,
    0x0, 0xfb, 0x0, 0x0, 0x0, 0x0, 0x0, 0xcf,
    0x0, 0x2, 0xfb, 0x0, 0xfb, 0x0, 0x0, 0x0,
    0x0, 0x0, 0xcf, 0x0, 0x3, 0xfa, 0x0, 0xff,
    0xff, 0xff, 0xff, 0xff, 0xff, 0xff, 0x0, 0x5,
    0xf9, 0x0, 0x9a, 0xaa, 0xaa, 0xef, 0xba, 0xaa,
    0xaa, 0x0, 0x7, 0xf7, 0x0, 0x0, 0x80, 0x0,
    0xbf, 0x20, 0x2, 0x0, 0x0, 0xa, 0xf5, 0x0,
    0x9, 0xf8, 0x0, 0xbf, 0x20, 0x9f, 0x80, 0x0,
    0xd, 0xf2, 0x0, 0x6f, 0xe1, 0x0, 0xbf, 0x20,
    0x4f, 0xfa, 0x0, 0x1f, 0xe0, 0x5, 0xff, 0x40,
    0x0, 0xbf, 0x20, 0x4, 0xff, 0xa0, 0x6f, 0xa0,
    0x6f, 0xf6, 0x1, 0x0, 0xbf, 0x20, 0x0, 0x5f,
    0xf8, 0xbf, 0x50, 0xbf, 0x60, 0xf, 0xec, 0xff,
    0x10, 0x0, 0x5, 0xa0, 0x4d, 0x0, 0x4, 0x0,
    0x9, 0xef, 0xf7, 0x0, 0x0, 0x0, 0x0, 0x0,
    0x0, 0x0, 0x0, 0x0, 0x0, 0x0, 0x0, 0x0,
    0x0, 0x0,

    /* U+53BB "去" */
    0x0, 0x0, 0x0, 0x0, 0x0, 0x98, 0x0, 0x0,
    0x0, 0x0, 0x0, 0x0, 0x0, 0x0, 0x0, 0x0,
    0xfe, 0x0, 0x0, 0x0, 0x0, 0x0, 0x0, 0x0,
    0x0, 0x0, 0x0, 0xfe, 0x0, 0x0, 0x0, 0x0,
    0x0, 0x0, 0x0, 0x0, 0x0, 0x0, 0xfe, 0x0,
    0x0, 0x0, 0x0, 0x0, 0x3, 0xff, 0xff, 0xff,
    0xff, 0xff, 0xff, 0xff, 0xff, 0xff, 0x0, 0x2,
    0xbb, 0xbb, 0xbb, 0xbb, 0xff, 0xbb, 0xbb, 0xbb,
    0xbb, 0x0, 0x0, 0x0, 0x0, 0x0, 0x0, 0xfe,
    0x0, 0x0, 0x0, 0x0, 0x0, 0x0, 0x0, 0x0,
    0x0, 0x0, 0xfe, 0x0, 0x0, 0x0, 0x0, 0x0,
    0x0, 0x0, 0x0, 0x0, 0x0, 0xfe, 0x0, 0x0,
    0x0, 0x0, 0x0, 0x0, 0x0, 0x0, 0x0, 0x0,
    0xfe, 0x0, 0x0, 0x0, 0x0, 0x0, 0x9c, 0xcc,
    0xcc, 0xcc, 0xcc, 0xff, 0xcc, 0xcc, 0xcc, 0xcc,
    0xcb, 0xbf, 0xff, 0xff, 0xff, 0xff, 0xff, 0xff,
    0xff, 0xff, 0xff, 0xfe, 0x11, 0x11, 0x11, 0x11,
    0x7f, 0xd1, 0x11, 0x11, 0x11, 0x11, 0x11, 0x0,
    0x0, 0x0, 0x1, 0xef, 0x40, 0x0, 0x2, 0x0,
    0x0, 0x0, 0x0, 0x0, 0x0, 0xb, 0xf9, 0x0,
    0x0, 0xee, 0x10, 0x0, 0x0, 0x0, 0x0, 0x0,
    0x9f, 0xd0, 0x0, 0x0, 0x7f, 0xb0, 0x0, 0x0,
    0x0, 0x0, 0x7, 0xff, 0x30, 0x0, 0x0, 0xc,
    0xf6, 0x0, 0x0, 0x0, 0x0, 0x8f, 0xf5, 0x0,
    0x0, 0x0, 0x7, 0xff, 0x20, 0x0, 0x0, 0xa,
    0xff, 0x60, 0x2, 0x47, 0xad, 0xff, 0xff, 0xa0,
    0x0, 0x0, 0x9f, 0xff, 0xde, 0xff, 0xff, 0xff,
    0xfb, 0x8f, 0xf3, 0x0, 0x0, 0x4f, 0xff, 0xff,
    0xec, 0xa7, 0x52, 0x0, 0x9, 0xfc, 0x0, 0x0,
    0x4, 0x32, 0x10, 0x0, 0x0, 0x0, 0x0, 0x2,
    0xe8, 0x0, 0x0, 0x0, 0x0, 0x0, 0x0, 0x0,
    0x0, 0x0, 0x0, 0x0, 0x0,

    /* U+53C2 "参" */
    0x0, 0x0, 0x0, 0x0, 0x2, 0x10, 0x0, 0x0,
    0x0, 0x0, 0x0, 0x0, 0x0, 0x0, 0x0, 0x4,
    0xfe, 0x10, 0x0, 0x12, 0x0, 0x0, 0x0, 0x0,
    0x0, 0x0, 0x6, 0xff, 0x30, 0x0, 0x2e, 0xe3,
    0x0, 0x0, 0x0, 0x0, 0x0, 0x1a, 0xfe, 0x30,
    0x0, 0x0, 0x6f, 0xf5, 0x0, 0x0, 0x0, 0x1,
    0x8f, 0xfe, 0x54, 0x67, 0x9a, 0xbd, 0xff, 0xf8,
    0x0, 0x0, 0x0, 0x8f, 0xff, 0xff, 0xff, 0xff,
    0xfd, 0xca, 0x9f, 0xf6, 0x0, 0x0, 0x2, 0x98,
    0x76, 0x57, 0x62, 0x10, 0x0, 0x0, 0x3b, 0x0,
    0x0, 0x0, 0x0, 0x0, 0x1, 0xdf, 0x40, 0x0,
    0x0, 0x0, 0x0, 0x0, 0xe, 0xff, 0xff, 0xff,
    0xff, 0xff, 0xff, 0xff, 0xff, 0xff, 0xff, 0x70,
    0xab, 0xbb, 0xbb, 0xff, 0xeb, 0xbb, 0xbf, 0xfe,
    0xbb, 0xbb, 0xb5, 0x0, 0x0, 0x1, 0xbf, 0xe2,
    0x0, 0x2, 0x4e, 0xf8, 0x0, 0x0, 0x0, 0x0,
    0x28, 0xff, 0xc2, 0x0, 0x29, 0xf8, 0x2d, 0xfd,
    0x50, 0x0, 0x8, 0xcf, 0xfe, 0x70, 0x5, 0xbf,
    0xfe, 0x60, 0xa, 0xff, 0xc5, 0x0, 0xaf, 0xc6,
    0x26, 0xaf, 0xff, 0xd6, 0x0, 0x47, 0x5, 0xef,
    0xf8, 0x1, 0x10, 0x5f, 0xff, 0xd8, 0x30, 0x5,
    0xcf, 0xf4, 0x0, 0x7d, 0x0, 0x0, 0x0, 0x85,
    0x10, 0x3, 0x9e, 0xff, 0xc4, 0x0, 0x10, 0x0,
    0x0, 0x0, 0x0, 0x15, 0xae, 0xff, 0xfa, 0x40,
    0x5, 0xed, 0x10, 0x0, 0x0, 0x9, 0xdf, 0xff,
    0xfb, 0x61, 0x0, 0x5d, 0xff, 0x70, 0x0, 0x0,
    0x0, 0x7f, 0xc8, 0x40, 0x0, 0x49, 0xef, 0xfa,
    0x20, 0x0, 0x0, 0x0, 0x0, 0x0, 0x3, 0x7b,
    0xff, 0xff, 0x92, 0x0, 0x0, 0x0, 0x0, 0x5,
    0x7a, 0xdf, 0xff, 0xfe, 0xa5, 0x0, 0x0, 0x0,
    0x0, 0x0, 0x0, 0xdf, 0xff, 0xda, 0x63, 0x0,
    0x0, 0x0, 0x0, 0x0, 0x0, 0x0, 0x2, 0x42,
    0x0, 0x0, 0x0, 0x0, 0x0, 0x0, 0x0, 0x0,
    0x0,

    /* U+53CA "及" */
    0x1, 0xbb, 0xbb, 0xbb, 0xbb, 0xbb, 0xbb, 0xbb,
    0x10, 0x0, 0x0, 0x1, 0xff, 0xff, 0xff, 0xff,
    0xff, 0xff, 0xff, 0x20, 0x0, 0x0, 0x0, 0x0,
    0x0, 0xff, 0x0, 0x0, 0x1, 0xfe, 0x0, 0x0,
    0x0, 0x0, 0x0, 0x1, 0xfe, 0x0, 0x0, 0x6,
    0xf9, 0x0, 0x0, 0x0, 0x0, 0x0, 0x2, 0xfc,
    0x0, 0x0, 0xb, 0xf4, 0x0, 0x0, 0x0, 0x0,
    0x0, 0x4, 0xfb, 0x0, 0x0, 0x1f, 0xe0, 0x0,
    0x0, 0x0, 0x0, 0x0, 0x6, 0xf9, 0x0, 0x0,
    0x6f, 0xa1, 0x11, 0x11, 0x0, 0x0, 0x0, 0x8,
    0xf7, 0x0, 0x0, 0x7f, 0xff, 0xff, 0xff, 0x30,
    0x0, 0x0, 0xa, 0xf4, 0x0, 0x0, 0x2b, 0xbb,
    0xbc, 0xfe, 0x0, 0x0, 0x0, 0xe, 0xf1, 0x0,
    0x0, 0x0, 0x0, 0x8, 0xf9, 0x0, 0x0, 0x0,
    0x1f, 0xe1, 0xc9, 0x0, 0x0, 0x0, 0xe, 0xf3,
    0x0, 0x0, 0x0, 0x5f, 0xa0, 0xdf, 0x40, 0x0,
    0x0, 0x7f, 0xc0, 0x0, 0x0, 0x0, 0x9f, 0x60,
    0x3f, 0xf2, 0x0, 0x1, 0xef, 0x40, 0x0, 0x0,
    0x0, 0xef, 0x10, 0x7, 0xfe, 0x10, 0xb, 0xfa,
    0x0, 0x0, 0x0, 0x5, 0xfb, 0x0, 0x0, 0x9f,
    0xd2, 0x9f, 0xe1, 0x0, 0x0, 0x0, 0xc, 0xf5,
    0x0, 0x0, 0x9, 0xff, 0xff, 0x20, 0x0, 0x0,
    0x0, 0x4f, 0xd0, 0x0, 0x0, 0x1, 0xef, 0xfa,
    0x0, 0x0, 0x0, 0x0, 0xdf, 0x50, 0x0, 0x0,
    0x7f, 0xfd, 0xff, 0xd4, 0x0, 0x0, 0xa, 0xfc,
    0x0, 0x1, 0x7e, 0xff, 0x70, 0x2b, 0xff, 0xc4,
    0x0, 0x7f, 0xf2, 0x4, 0xaf, 0xff, 0x91, 0x0,
    0x0, 0x6e, 0xff, 0xd6, 0x3f, 0x40, 0x9, 0xfe,
    0x81, 0x0, 0x0, 0x0, 0x0, 0x7e, 0xf3, 0x1,
    0x0, 0x0, 0x40, 0x0, 0x0, 0x0, 0x0, 0x0,
    0x0, 0x40,

    /* U+53CD "反" */
    0x0, 0x0, 0x0, 0x0, 0x0, 0x0, 0x0, 0x0,
    0x3, 0x30, 0x0, 0x0, 0x0, 0x0, 0x0, 0x0,
    0x13, 0x57, 0x9c, 0xff, 0xf2, 0x0, 0x0, 0xb,
    0xcc, 0xde, 0xff, 0xff, 0xff, 0xff, 0xeb, 0x72,
    0x0, 0x0, 0x1f, 0xfe, 0xed, 0xcb, 0x98, 0x64,
    0x20, 0x0, 0x0, 0x0, 0x0, 0x1f, 0xd0, 0x0,
    0x0, 0x0, 0x0, 0x0, 0x0, 0x0, 0x0, 0x0,
    0x1f, 0xd0, 0x0, 0x0, 0x0, 0x0, 0x0, 0x0,
    0x0, 0x0, 0x0, 0x1f, 0xd0, 0x0, 0x0, 0x0,
    0x0, 0x0, 0x0, 0x0, 0x0, 0x0, 0x1f, 0xd0,
    0x0, 0x0, 0x0, 0x0, 0x0, 0x0, 0x0, 0x0,
    0x0, 0x1f, 0xff, 0xff, 0xff, 0xff, 0xff, 0xff,
    0xff, 0xd0, 0x0, 0x0, 0x1f, 0xfe, 0xfd, 0xbb,
    0xbb, 0xbb, 0xbb, 0xdf, 0xa0, 0x0, 0x0, 0x1f,
    0xd5, 0xf9, 0x0, 0x0, 0x0, 0x0, 0xbf, 0x60,
    0x0, 0x0, 0x1f, 0xc0, 0xef, 0x10, 0x0, 0x0,
    0x0, 0xff, 0x10, 0x0, 0x0, 0x1f, 0xc0, 0x6f,
    0xa0, 0x0, 0x0, 0x7, 0xf9, 0x0, 0x0, 0x0,
    0x2f, 0xb0, 0xc, 0xf5, 0x0, 0x0, 0x2f, 0xf2,
    0x0, 0x0, 0x0, 0x4f, 0x90, 0x2, 0xff, 0x40,
    0x0, 0xcf, 0x70, 0x0, 0x0, 0x0, 0x8f, 0x70,
    0x0, 0x4f, 0xf4, 0xb, 0xfb, 0x0, 0x0, 0x0,
    0x0, 0xbf, 0x30, 0x0, 0x5, 0xff, 0xdf, 0xc0,
    0x0, 0x0, 0x0, 0x1, 0xfe, 0x0, 0x0, 0x0,
    0x8f, 0xff, 0x60, 0x0, 0x0, 0x0, 0x7, 0xf9,
    0x0, 0x0, 0x3b, 0xff, 0xcf, 0xfc, 0x50, 0x0,
    0x0, 0xe, 0xf2, 0x0, 0x5b, 0xff, 0xc3, 0x3,
    0xcf, 0xfd, 0x71, 0x0, 0x8f, 0xa0, 0x5e, 0xff,
    0xe6, 0x0, 0x0, 0x4, 0xbf, 0xff, 0xc2, 0x4e,
    0x10, 0x1f, 0xb5, 0x0, 0x0, 0x0, 0x0, 0x1,
    0x8e, 0xd0, 0x1, 0x0, 0x0, 0x0, 0x0, 0x0,
    0x0, 0x0, 0x0, 0x0, 0x10,

    /* U+53D1 "发" */
    0x0, 0x0, 0x0, 0x0, 0x0, 0x32, 0x0, 0x0,
    0x0, 0x0, 0x0, 0x0, 0x0, 0x0, 0x0, 0x0,
    0xd, 0xf1, 0x0, 0x3c, 0x40, 0x0, 0x0, 0x0,
    0x0, 0x8e, 0x30, 0x0, 0xfd, 0x0, 0x5, 0xff,
    0x40, 0x0, 0x0, 0x0, 0xf, 0xf0, 0x0, 0x4f,
    0xa0, 0x0, 0x5, 0xff, 0x50, 0x0, 0x0, 0x6,
    0xf9, 0x0, 0x8, 0xf6, 0x0, 0x0, 0x5, 0xf9,
    0x0, 0x0, 0x0, 0xdf, 0x20, 0x0, 0xcf, 0x30,
    0x0, 0x0, 0x2, 0x0, 0x0, 0x0, 0x2f, 0xfd,
    0xdd, 0xdf, 0xfd, 0xdd, 0xdd, 0xdd, 0xdd, 0xd6,
    0x0, 0x0, 0xef, 0xff, 0xff, 0xff, 0xff, 0xff,
    0xff, 0xff, 0xff, 0x70, 0x0, 0x0, 0x0, 0x0,
    0xaf, 0x60, 0x0, 0x0, 0x0, 0x0, 0x0, 0x0,
    0x0, 0x0, 0x0, 0x1f, 0xf0, 0x0, 0x0, 0x0,
    0x0, 0x0, 0x0, 0x0, 0x0, 0x0, 0x7, 0xfb,
    0x0, 0x0, 0x0, 0x0, 0x0, 0x0, 0x0, 0x0,
    0x0, 0x0, 0xef, 0xff, 0xff, 0xff, 0xff, 0xff,
    0xf4, 0x0, 0x0, 0x0, 0x0, 0x8f, 0xff, 0xbb,
    0xbb, 0xbb, 0xbc, 0xff, 0x20, 0x0, 0x0, 0x0,
    0x2f, 0xfc, 0xf9, 0x0, 0x0, 0x0, 0x9f, 0x90,
    0x0, 0x0, 0x0, 0x1d, 0xfa, 0xd, 0xf6, 0x0,
    0x0, 0x5f, 0xe1, 0x0, 0x0, 0x0, 0xb, 0xfe,
    0x10, 0x2f, 0xf7, 0x0, 0x5f, 0xf4, 0x0, 0x0,
    0x0, 0x9, 0xff, 0x30, 0x0, 0x3f, 0xf9, 0x7f,
    0xf6, 0x0, 0x0, 0x0, 0xa, 0xff, 0x40, 0x0,
    0x0, 0x3e, 0xff, 0xf6, 0x0, 0x0, 0x0, 0xa,
    0xff, 0x40, 0x0, 0x0, 0x29, 0xff, 0xff, 0xb3,
    0x0, 0x0, 0x0, 0x6d, 0x20, 0x0, 0x27, 0xcf,
    0xfe, 0x65, 0xdf, 0xfc, 0x61, 0x0, 0x0, 0x0,
    0x8, 0xef, 0xff, 0xe7, 0x0, 0x0, 0x6e, 0xff,
    0xfb, 0x0, 0x0, 0x0, 0x6f, 0xe9, 0x40, 0x0,
    0x0, 0x0, 0x4, 0xaf, 0xa0, 0x0, 0x0, 0x0,
    0x20, 0x0, 0x0, 0x0, 0x0, 0x0, 0x0, 0x1,
    0x0,

    /* U+53D6 "取" */
    0x37, 0x77, 0x77, 0x77, 0x77, 0x71, 0x11, 0x11,
    0x11, 0x11, 0x10, 0x8f, 0xff, 0xff, 0xff, 0xff,
    0xf8, 0xff, 0xff, 0xff, 0xff, 0xf0, 0x26, 0xfd,
    0x55, 0x55, 0xff, 0x55, 0xcf, 0xdb, 0xbb, 0xbf,
    0xd0, 0x1, 0xfc, 0x0, 0x0, 0xef, 0x0, 0x3f,
    0x70, 0x0, 0x2f, 0xb0, 0x1, 0xfc, 0x0, 0x0,
    0xef, 0x0, 0x1f, 0x90, 0x0, 0x4f, 0x90, 0x1,
    0xff, 0xff, 0xff, 0xff, 0x0, 0xe, 0xb0, 0x0,
    0x6f, 0x60, 0x1, 0xff, 0xbb, 0xbb, 0xff, 0x0,
    0xc, 0xe0, 0x0, 0x9f, 0x30, 0x1, 0xfc, 0x0,
    0x0, 0xef, 0x0, 0x9, 0xf2, 0x0, 0xdf, 0x0,
    0x1, 0xfc, 0x0, 0x0, 0xef, 0x0, 0x5, 0xf5,
    0x1, 0xfc, 0x0, 0x1, 0xfc, 0x0, 0x0, 0xef,
    0x0, 0x1, 0xfa, 0x5, 0xf7, 0x0, 0x1, 0xff,
    0xff, 0xff, 0xff, 0x0, 0x0, 0xde, 0xb, 0xf2,
    0x0, 0x1, 0xfe, 0xaa, 0xaa, 0xff, 0x0, 0x0,
    0x8f, 0x5f, 0xd0, 0x0, 0x1, 0xfc, 0x0, 0x0,
    0xef, 0x0, 0x0, 0x3f, 0xff, 0x60, 0x0, 0x1,
    0xfc, 0x0, 0x0, 0xef, 0x0, 0x0, 0xc, 0xff,
    0x0, 0x0, 0x1, 0xfc, 0x0, 0x0, 0xef, 0x63,
    0x0, 0x9, 0xfc, 0x0, 0x0, 0x26, 0xfe, 0xac,
    0xef, 0xff, 0xf8, 0x0, 0x3f, 0xff, 0x70, 0x0,
    0xaf, 0xff, 0xff, 0xdb, 0xff, 0x41, 0x1, 0xdf,
    0x8f, 0xf3, 0x0, 0x48, 0x64, 0x10, 0x0, 0xef,
    0x0, 0x1c, 0xf9, 0x5, 0xfe, 0x20, 0x0, 0x0,
    0x0, 0x0, 0xef, 0x2, 0xdf, 0xb0, 0x0, 0x9f,
    0xe2, 0x0, 0x0, 0x0, 0x0, 0xef, 0xc, 0xfa,
    0x0, 0x0, 0xa, 0xfb, 0x0, 0x0, 0x0, 0x0,
    0xef, 0x2, 0x60, 0x0, 0x0, 0x0, 0x92,

    /* U+53D8 "变" */
    0x0, 0x0, 0x0, 0x0, 0x0, 0x21, 0x0, 0x0,
    0x0, 0x0, 0x0, 0x0, 0x0, 0x0, 0x0, 0x7,
    0xf9, 0x0, 0x0, 0x0, 0x0, 0x0, 0x0, 0x0,
    0x0, 0x0, 0x2, 0xff, 0x10, 0x0, 0x0, 0x0,
    0x0, 0xf, 0xff, 0xff, 0xff, 0xff, 0xff, 0xff,
    0xff, 0xff, 0xff, 0xf3, 0xb, 0xbb, 0xbb, 0xbc,
    0xfe, 0xbb, 0xef, 0xcb, 0xbb, 0xbb, 0xb2, 0x0,
    0x0, 0x0, 0x4, 0xf9, 0x0, 0xbf, 0x30, 0x0,
    0x0, 0x0, 0x0, 0x1, 0xd7, 0x4, 0xf9, 0x0,
    0xbf, 0x31, 0xb9, 0x0, 0x0, 0x0, 0xa, 0xf9,
    0x4, 0xf9, 0x0, 0xbf, 0x32, 0xef, 0xa0, 0x0,
    0x0, 0x6f, 0xe1, 0x4, 0xf9, 0x0, 0xbf, 0x30,
    0x1d, 0xf9, 0x0, 0x5, 0xff, 0x50, 0x4, 0xf9,
    0x0, 0xbf, 0x30, 0x2, 0xef, 0x60, 0xc, 0xf8,
    0x0, 0x4, 0xf9, 0x0, 0xbf, 0x30, 0x0, 0x4f,
    0xf1, 0x0, 0x60, 0x0, 0x0, 0x11, 0x0, 0x11,
    0x0, 0x0, 0x6, 0x20, 0x0, 0x4b, 0xbb, 0xbb,
    0xbb, 0xbb, 0xbb, 0xbb, 0xbb, 0xb0, 0x0, 0x0,
    0x5f, 0xff, 0xff, 0xff, 0xff, 0xff, 0xff, 0xff,
    0xf0, 0x0, 0x0, 0x0, 0xbf, 0x60, 0x0, 0x0,
    0x0, 0x1, 0xcf, 0x80, 0x0, 0x0, 0x0, 0x1d,
    0xf6, 0x0, 0x0, 0x0, 0xa, 0xfc, 0x0, 0x0,
    0x0, 0x0, 0x1, 0xdf, 0x90, 0x0, 0x2, 0xcf,
    0xd1, 0x0, 0x0, 0x0, 0x0, 0x0, 0x1b, 0xfd,
    0x51, 0x8f, 0xfc, 0x10, 0x0, 0x0, 0x0, 0x0,
    0x0, 0x0, 0x6f, 0xff, 0xff, 0x60, 0x0, 0x0,
    0x0, 0x0, 0x0, 0x2, 0x48, 0xdf, 0xff, 0xff,
    0xd9, 0x63, 0x0, 0x0, 0x8, 0xbd, 0xff, 0xff,
    0xfa, 0x40, 0x5b, 0xff, 0xff, 0xfd, 0xb3, 0xc,
    0xff, 0xda, 0x73, 0x0, 0x0, 0x0, 0x4, 0x8b,
    0xef, 0xf1, 0x1, 0x10, 0x0, 0x0, 0x0, 0x0,
    0x0, 0x0, 0x0, 0x0, 0x20,

    /* U+53E3 "口" */
    0xb, 0xbb, 0xbb, 0xbb, 0xbb, 0xbb, 0xbb, 0xbb,
    0xb1, 0x1f, 0xff, 0xff, 0xff, 0xff, 0xff, 0xff,
    0xff, 0xf1, 0x1f, 0xb0, 0x0, 0x0, 0x0, 0x0,
    0x0, 0xc, 0xf1, 0x1f, 0xb0, 0x0, 0x0, 0x0,
    0x0, 0x0, 0xc, 0xf1, 0x1f, 0xb0, 0x0, 0x0,
    0x0, 0x0, 0x0, 0xc, 0xf1, 0x1f, 0xb0, 0x0,
    0x0, 0x0, 0x0, 0x0, 0xc, 0xf1, 0x1f, 0xb0,
    0x0, 0x0, 0x0, 0x0, 0x0, 0xc, 0xf1, 0x1f,
    0xb0, 0x0, 0x0, 0x0, 0x0, 0x0, 0xc, 0xf1,
    0x1f, 0xb0, 0x0, 0x0, 0x0, 0x0, 0x0, 0xc,
    0xf1, 0x1f, 0xb0, 0x0, 0x0, 0x0, 0x0, 0x0,
    0xc, 0xf1, 0x1f, 0xb0, 0x0, 0x0, 0x0, 0x0,
    0x0, 0xc, 0xf1, 0x1f, 0xb0, 0x0, 0x0, 0x0,
    0x0, 0x0, 0xc, 0xf1, 0x1f, 0xb0, 0x0, 0x0,
    0x0, 0x0, 0x0, 0xc, 0xf1, 0x1f, 0xb0, 0x0,
    0x0, 0x0, 0x0, 0x0, 0xc, 0xf1, 0x1f, 0xb0,
    0x0, 0x0, 0x0, 0x0, 0x0, 0xc, 0xf1, 0x1f,
    0xb0, 0x0, 0x0, 0x0, 0x0, 0x0, 0xc, 0xf1,
    0x1f, 0xff, 0xff, 0xff, 0xff, 0xff, 0xff, 0xff,
    0xf1, 0x1f, 0xfd, 0xdd, 0xdd, 0xdd, 0xdd, 0xdd,
    0xdf, 0xf1, 0x1f, 0xb0, 0x0, 0x0, 0x0, 0x0,
    0x0, 0xc, 0xf1, 0x1f, 0xb0, 0x0, 0x0, 0x0,
    0x0, 0x0, 0xc, 0xf1,

    /* U+53E5 "句" */
    0x0, 0x0, 0x0, 0x40, 0x0, 0x0, 0x0, 0x0,
    0x0, 0x0, 0x0, 0x0, 0x0, 0x8f, 0x80, 0x0,
    0x0, 0x0, 0x0, 0x0, 0x0, 0x0, 0x0, 0x1f,
    0xe1, 0x0, 0x0, 0x0, 0x0, 0x0, 0x0, 0x0,
    0x0, 0xb, 0xf7, 0x0, 0x0, 0x0, 0x0, 0x0,
    0x0, 0x0, 0x0, 0x8, 0xff, 0xff, 0xff, 0xff,
    0xff, 0xff, 0xff, 0xff, 0xc0, 0x6, 0xff, 0xbb,
    0xbb, 0xbb, 0xbb, 0xbb, 0xbb, 0xbc, 0xfc, 0x6,
    0xff, 0x40, 0x0, 0x0, 0x0, 0x0, 0x0, 0x0,
    0x3f, 0xc5, 0xff, 0x60, 0x0, 0x0, 0x0, 0x0,
    0x0, 0x0, 0x3, 0xfb, 0x2f, 0x50, 0x0, 0x0,
    0x0, 0x0, 0x0, 0x0, 0x0, 0x4f, 0xb0, 0x20,
    0xcf, 0xff, 0xff, 0xff, 0xff, 0xb0, 0x0, 0x4,
    0xfb, 0x0, 0xc, 0xfb, 0xbb, 0xbb, 0xbc, 0xfb,
    0x0, 0x0, 0x4f, 0xb0, 0x0, 0xcf, 0x10, 0x0,
    0x0, 0x2f, 0xb0, 0x0, 0x5, 0xfa, 0x0, 0xc,
    0xf1, 0x0, 0x0, 0x2, 0xfb, 0x0, 0x0, 0x6f,
    0xa0, 0x0, 0xcf, 0x10, 0x0, 0x0, 0x2f, 0xb0,
    0x0, 0x6, 0xf9, 0x0, 0xc, 0xf1, 0x0, 0x0,
    0x2, 0xfb, 0x0, 0x0, 0x7f, 0x90, 0x0, 0xcf,
    0xff, 0xff, 0xff, 0xff, 0xb0, 0x0, 0x8, 0xf8,
    0x0, 0xc, 0xfc, 0xbb, 0xbb, 0xbc, 0xfb, 0x0,
    0x0, 0x9f, 0x70, 0x0, 0xcf, 0x10, 0x0, 0x0,
    0x2f, 0xb0, 0x0, 0xa, 0xf5, 0x0, 0x7, 0x90,
    0x0, 0x0, 0x0, 0x0, 0x0, 0x0, 0xdf, 0x30,
    0x0, 0x0, 0x0, 0x0, 0x0, 0x0, 0x10, 0x0,
    0x4f, 0xf0, 0x0, 0x0, 0x0, 0x0, 0x0, 0x0,
    0xc, 0xff, 0xef, 0xf8, 0x0, 0x0, 0x0, 0x0,
    0x0, 0x0, 0x0, 0x7c, 0xef, 0xe9, 0x0,

    /* U+53E6 "另" */
    0x0, 0x9, 0xbb, 0xbb, 0xbb, 0xbb, 0xbb, 0xbb,
    0xb7, 0x0, 0x0, 0xd, 0xff, 0xff, 0xff, 0xff,
    0xff, 0xff, 0xfb, 0x0, 0x0, 0xd, 0xf1, 0x11,
    0x11, 0x11, 0x11, 0x13, 0xfb, 0x0, 0x0, 0xd,
    0xf0, 0x0, 0x0, 0x0, 0x0, 0x2, 0xfb, 0x0,
    0x0, 0xd, 0xf0, 0x0, 0x0, 0x0, 0x0, 0x2,
    0xfb, 0x0, 0x0, 0xd, 0xf0, 0x0, 0x0, 0x0,
    0x0, 0x2, 0xfb, 0x0, 0x0, 0xd, 0xfd, 0xdd,
    0xdd, 0xdd, 0xdd, 0xdd, 0xfb, 0x0, 0x0, 0xc,
    0xff, 0xff, 0xff, 0xff, 0xff, 0xff, 0xfa, 0x0,
    0x0, 0x0, 0x0, 0x0, 0x12, 0x0, 0x0, 0x0,
    0x0, 0x0, 0x0, 0x0, 0x0, 0x0, 0x7f, 0x80,
    0x0, 0x0, 0x0, 0x0, 0x0, 0x0, 0x0, 0x0,
    0x9f, 0x60, 0x0, 0x0, 0x0, 0x0, 0xd, 0xdd,
    0xdd, 0xdd, 0xff, 0xed, 0xdd, 0xdd, 0xdd, 0xd7,
    0xf, 0xff, 0xff, 0xff, 0xff, 0xff, 0xff, 0xff,
    0xff, 0xf8, 0x0, 0x0, 0x0, 0x6, 0xf9, 0x0,
    0x0, 0x0, 0x9, 0xf7, 0x0, 0x0, 0x0, 0xd,
    0xf4, 0x0, 0x0, 0x0, 0xa, 0xf6, 0x0, 0x0,
    0x0, 0x8f, 0xc0, 0x0, 0x0, 0x0, 0xb, 0xf5,
    0x0, 0x0, 0x7, 0xff, 0x20, 0x0, 0x0, 0x0,
    0xd, 0xf3, 0x0, 0x1, 0xaf, 0xf5, 0x0, 0x0,
    0x0, 0x0, 0xf, 0xf0, 0x3, 0x9f, 0xfe, 0x40,
    0x0, 0x1, 0x31, 0x0, 0x8f, 0xc0, 0xbf, 0xff,
    0xa1, 0x0, 0x0, 0x3, 0xff, 0xfe, 0xff, 0x40,
    0x4d, 0x82, 0x0, 0x0, 0x0, 0x0, 0x8b, 0xef,
    0xc4, 0x0,

    /* U+53EA "只" */
    0x0, 0x0, 0x0, 0x0, 0x0, 0x0, 0x0, 0x0,
    0x0, 0x0, 0x0, 0x0, 0xc, 0xff, 0xff, 0xff,
    0xff, 0xff, 0xff, 0xff, 0xc0, 0x0, 0x0, 0xc,
    0xfc, 0xbb, 0xbb, 0xbb, 0xbb, 0xbb, 0xcf, 0xc0,
    0x0, 0x0, 0xc, 0xf1, 0x0, 0x0, 0x0, 0x0,
    0x0, 0x1f, 0xc0, 0x0, 0x0, 0xc, 0xf1, 0x0,
    0x0, 0x0, 0x0, 0x0, 0x1f, 0xc0, 0x0, 0x0,
    0xc, 0xf1, 0x0, 0x0, 0x0, 0x0, 0x0, 0x1f,
    0xc0, 0x0, 0x0, 0xc, 0xf1, 0x0, 0x0, 0x0,
    0x0, 0x0, 0x1f, 0xc0, 0x0, 0x0, 0xc, 0xf1,
    0x0, 0x0, 0x0, 0x0, 0x0, 0x1f, 0xc0, 0x0,
    0x0, 0xc, 0xf1, 0x0, 0x0, 0x0, 0x0, 0x0,
    0x1f, 0xc0, 0x0, 0x0, 0xc, 0xf1, 0x0, 0x0,
    0x0, 0x0, 0x0, 0x1f, 0xc0, 0x0, 0x0, 0xc,
    0xfc, 0xbb, 0xbb, 0xbb, 0xbb, 0xbb, 0xcf, 0xc0,
    0x0, 0x0, 0xc, 0xff, 0xff, 0xff, 0xff, 0xff,
    0xff, 0xff, 0xc0, 0x0, 0x0, 0x0, 0x0, 0x0,
    0x0, 0x0, 0x0, 0x0, 0x0, 0x0, 0x0, 0x0,
    0x0, 0x0, 0x5, 0x0, 0x0, 0x0, 0x50, 0x0,
    0x0, 0x0, 0x0, 0x0, 0x0, 0x9f, 0x90, 0x0,
    0xb, 0xfc, 0x20, 0x0, 0x0, 0x0, 0x0, 0x8,
    0xff, 0x20, 0x0, 0x1, 0xbf, 0xe4, 0x0, 0x0,
    0x0, 0x0, 0x9f, 0xf4, 0x0, 0x0, 0x0, 0x8,
    0xff, 0x70, 0x0, 0x0, 0x1c, 0xff, 0x40, 0x0,
    0x0, 0x0, 0x0, 0x6f, 0xfa, 0x0, 0x5, 0xef,
    0xe4, 0x0, 0x0, 0x0, 0x0, 0x0, 0x5, 0xff,
    0xb0, 0x6f, 0xfc, 0x10, 0x0, 0x0, 0x0, 0x0,
    0x0, 0x0, 0x5f, 0xf3, 0xb, 0x60, 0x0, 0x0,
    0x0, 0x0, 0x0, 0x0, 0x0, 0x6, 0x40,

    /* U+53ED "叭" */
    0x0, 0x0, 0x0, 0x0, 0x0, 0x3, 0x50, 0x2,
    0x83, 0x0, 0x0, 0x0, 0x22, 0x22, 0x22, 0x10,
    0x0, 0xaf, 0x20, 0x7f, 0x60, 0x0, 0x0, 0x1f,
    0xff, 0xff, 0xfb, 0x0, 0xb, 0xf1, 0x6, 0xf8,
    0x0, 0x0, 0x1, 0xfe, 0xaa, 0xaf, 0xb0, 0x0,
    0xbf, 0x0, 0x4f, 0x90, 0x0, 0x0, 0x1f, 0xb0,
    0x1, 0xfb, 0x0, 0xd, 0xf0, 0x2, 0xfb, 0x0,
    0x0, 0x1, 0xfb, 0x0, 0x1f, 0xb0, 0x0, 0xfe,
    0x0, 0xf, 0xd0, 0x0, 0x0, 0x1f, 0xb0, 0x1,
    0xfb, 0x0, 0xf, 0xc0, 0x0, 0xef, 0x0, 0x0,
    0x1, 0xfb, 0x0, 0x1f, 0xb0, 0x3, 0xfa, 0x0,
    0xc, 0xf2, 0x0, 0x0, 0x1f, 0xb0, 0x1, 0xfb,
    0x0, 0x5f, 0x80, 0x0, 0x9f, 0x40, 0x0, 0x1,
    0xfb, 0x0, 0x1f, 0xb0, 0x8, 0xf5, 0x0, 0x6,
    0xf7, 0x0, 0x0, 0x1f, 0xb0, 0x1, 0xfb, 0x0,
    0xbf, 0x20, 0x0, 0x3f, 0xb0, 0x0, 0x1, 0xfb,
    0x0, 0x1f, 0xb0, 0xe, 0xf0, 0x0, 0x0, 0xfe,
    0x0, 0x0, 0x1f, 0xb0, 0x1, 0xfb, 0x2, 0xfc,
    0x0, 0x0, 0xc, 0xf2, 0x0, 0x1, 0xff, 0xdd,
    0xdf, 0xb0, 0x7f, 0x70, 0x0, 0x0, 0x8f, 0x70,
    0x0, 0x1f, 0xff, 0xff, 0xfb, 0xc, 0xf3, 0x0,
    0x0, 0x3, 0xfc, 0x0, 0x1, 0xfb, 0x0, 0x1f,
    0xb2, 0xfe, 0x0, 0x0, 0x0, 0xe, 0xf2, 0x0,
    0x1f, 0xb0, 0x0, 0xb7, 0x8f, 0x80, 0x0, 0x0,
    0x0, 0x8f, 0x80, 0x0, 0x85, 0x0, 0x0, 0xf,
    0xf2, 0x0, 0x0, 0x0, 0x2, 0xff, 0x10, 0x0,
    0x0, 0x0, 0x8, 0xfb, 0x0, 0x0, 0x0, 0x0,
    0xb, 0xf9, 0x0, 0x0, 0x0, 0x1, 0xff, 0x30,
    0x0, 0x0, 0x0, 0x0, 0x3f, 0xf0, 0x0, 0x0,
    0x0, 0xa, 0xa0, 0x0, 0x0, 0x0, 0x0, 0x0,
    0xa8, 0x0, 0x0, 0x0, 0x0, 0x1, 0x0, 0x0,
    0x0, 0x0, 0x0, 0x1, 0x0,

    /* U+53EF "可" */
    0x0, 0x0, 0x0, 0x0, 0x0, 0x0, 0x0, 0x0,
    0x0, 0x0, 0x0, 0xbf, 0xff, 0xff, 0xff, 0xff,
    0xff, 0xff, 0xff, 0xff, 0xff, 0xfe, 0x8b, 0xbb,
    0xbb, 0xbb, 0xbb, 0xbb, 0xbb, 0xbb, 0xdf, 0xdb,
    0xba, 0x0, 0x0, 0x0, 0x0, 0x0, 0x0, 0x0,
    0x0, 0x8f, 0x50, 0x0, 0x0, 0x0, 0x0, 0x0,
    0x0, 0x0, 0x0, 0x0, 0x8f, 0x50, 0x0, 0x0,
    0x0, 0x0, 0x0, 0x0, 0x0, 0x0, 0x0, 0x8f,
    0x50, 0x0, 0x0, 0x1b, 0xbb, 0xbb, 0xbb, 0xba,
    0x0, 0x0, 0x8f, 0x50, 0x0, 0x0, 0x1f, 0xff,
    0xff, 0xff, 0xfe, 0x0, 0x0, 0x8f, 0x50, 0x0,
    0x0, 0x1f, 0xc0, 0x0, 0x0, 0xfe, 0x0, 0x0,
    0x8f, 0x50, 0x0, 0x0, 0x1f, 0xc0, 0x0, 0x0,
    0xfe, 0x0, 0x0, 0x8f, 0x50, 0x0, 0x0, 0x1f,
    0xc0, 0x0, 0x0, 0xfe, 0x0, 0x0, 0x8f, 0x50,
    0x0, 0x0, 0x1f, 0xc0, 0x0, 0x0, 0xfe, 0x0,
    0x0, 0x8f, 0x50, 0x0, 0x0, 0x1f, 0xc0, 0x0,
    0x0, 0xfe, 0x0, 0x0, 0x8f, 0x50, 0x0, 0x0,
    0x1f, 0xff, 0xff, 0xff, 0xfe, 0x0, 0x0, 0x8f,
    0x50, 0x0, 0x0, 0x1f, 0xfb, 0xbb, 0xbb, 0xba,
    0x0, 0x0, 0x8f, 0x50, 0x0, 0x0, 0x1d, 0xa0,
    0x0, 0x0, 0x0, 0x0, 0x0, 0x8f, 0x50, 0x0,
    0x0, 0x0, 0x0, 0x0, 0x0, 0x0, 0x0, 0x0,
    0x8f, 0x50, 0x0, 0x0, 0x0, 0x0, 0x0, 0x0,
    0x0, 0x0, 0x0, 0x8f, 0x50, 0x0, 0x0, 0x0,
    0x0, 0x0, 0x0, 0x0, 0x0, 0x0, 0xaf, 0x50,
    0x0, 0x0, 0x0, 0x0, 0x0, 0x0, 0x0, 0x1e,
    0xcd, 0xff, 0x20, 0x0, 0x0, 0x0, 0x0, 0x0,
    0x0, 0x0, 0xb, 0xff, 0xd6, 0x0, 0x0,

    /* U+53F0 "台" */
    0x0, 0x0, 0x0, 0x3, 0x50, 0x0, 0x0, 0x0,
    0x0, 0x0, 0x0, 0x0, 0x0, 0x0, 0xdf, 0x60,
    0x0, 0x0, 0x0, 0x0, 0x0, 0x0, 0x0, 0x0,
    0x8f, 0xc0, 0x0, 0x0, 0x0, 0x0, 0x0, 0x0,
    0x0, 0x0, 0x5f, 0xf2, 0x0, 0x0, 0x1a, 0x30,
    0x0, 0x0, 0x0, 0x0, 0x3f, 0xf5, 0x0, 0x0,
    0x7, 0xff, 0x40, 0x0, 0x0, 0x0, 0x3e, 0xf9,
    0x0, 0x0, 0x0, 0x8, 0xff, 0x30, 0x0, 0x0,
    0x4f, 0xfa, 0x0, 0x0, 0x0, 0x0, 0x8, 0xfe,
    0x10, 0x0, 0x8f, 0xf9, 0x0, 0x0, 0x2, 0x45,
    0x8a, 0xcf, 0xfc, 0x0, 0xaf, 0xff, 0xab, 0xcd,
    0xff, 0xff, 0xff, 0xff, 0xde, 0xf8, 0x5, 0xff,
    0xff, 0xff, 0xed, 0xb9, 0x86, 0x42, 0x0, 0x3f,
    0xd0, 0x3, 0x22, 0x10, 0x0, 0x0, 0x0, 0x0,
    0x0, 0x0, 0x40, 0x0, 0x0, 0x0, 0x0, 0x0,
    0x0, 0x0, 0x0, 0x0, 0x0, 0x0, 0x0, 0xbb,
    0xbb, 0xbb, 0xbb, 0xbb, 0xbb, 0xbb, 0xbb, 0x0,
    0x0, 0x1f, 0xff, 0xff, 0xff, 0xff, 0xff, 0xff,
    0xff, 0xf0, 0x0, 0x1, 0xfc, 0x0, 0x0, 0x0,
    0x0, 0x0, 0x0, 0xdf, 0x0, 0x0, 0x1f, 0xc0,
    0x0, 0x0, 0x0, 0x0, 0x0, 0xd, 0xf0, 0x0,
    0x1, 0xfc, 0x0, 0x0, 0x0, 0x0, 0x0, 0x0,
    0xdf, 0x0, 0x0, 0x1f, 0xc0, 0x0, 0x0, 0x0,
    0x0, 0x0, 0xd, 0xf0, 0x0, 0x1, 0xfc, 0x0,
    0x0, 0x0, 0x0, 0x0, 0x0, 0xdf, 0x0, 0x0,
    0x1f, 0xff, 0xff, 0xff, 0xff, 0xff, 0xff, 0xff,
    0xf0, 0x0, 0x1, 0xfe, 0xaa, 0xaa, 0xaa, 0xaa,
    0xaa, 0xaa, 0xff, 0x0, 0x0, 0x1f, 0xc0, 0x0,
    0x0, 0x0, 0x0, 0x0, 0xd, 0xf0, 0x0,

    /* U+53F2 "史" */
    0x0, 0x0, 0x0, 0x0, 0x0, 0x56, 0x0, 0x0,
    0x0, 0x0, 0x0, 0x0, 0x0, 0x0, 0x0, 0x0,
    0xff, 0x0, 0x0, 0x0, 0x0, 0x0, 0x0, 0x0,
    0x0, 0x0, 0x0, 0xff, 0x0, 0x0, 0x0, 0x0,
    0x0, 0x0, 0xbb, 0xbb, 0xbb, 0xbb, 0xff, 0xbb,
    0xbb, 0xbb, 0xbb, 0x10, 0x0, 0xff, 0xff, 0xff,
    0xff, 0xff, 0xff, 0xff, 0xff, 0xff, 0x10, 0x0,
    0xfe, 0x0, 0x0, 0x0, 0xff, 0x10, 0x0, 0x0,
    0xef, 0x10, 0x0, 0xfe, 0x0, 0x0, 0x0, 0xff,
    0x0, 0x0, 0x0, 0xef, 0x10, 0x0, 0xfe, 0x0,
    0x0, 0x0, 0xff, 0x0, 0x0, 0x0, 0xef, 0x10,
    0x0, 0xfe, 0x0, 0x0, 0x0, 0xff, 0x0, 0x0,
    0x0, 0xef, 0x10, 0x0, 0xfe, 0x0, 0x0, 0x0,
    0xff, 0x0, 0x0, 0x0, 0xef, 0x10, 0x0, 0xff,
    0xdd, 0xdd, 0xdd, 0xff, 0xdd, 0xdd, 0xdd, 0xff,
    0x10, 0x0, 0xff, 0xff, 0xff, 0xff, 0xff, 0xff,
    0xff, 0xff, 0xff, 0x10, 0x0, 0x0, 0x0, 0x0,
    0x0, 0xfd, 0x0, 0x0, 0x0, 0x0, 0x0, 0x0,
    0x4, 0x40, 0x0, 0x2, 0xfb, 0x0, 0x0, 0x0,
    0x0, 0x0, 0x0, 0x2f, 0xf4, 0x0, 0x7, 0xf7,
    0x0, 0x0, 0x0, 0x0, 0x0, 0x0, 0x5, 0xff,
    0x60, 0xd, 0xf2, 0x0, 0x0, 0x0, 0x0, 0x0,
    0x0, 0x0, 0x5f, 0xfb, 0x9f, 0xb0, 0x0, 0x0,
    0x0, 0x0, 0x0, 0x0, 0x0, 0x2, 0xdf, 0xff,
    0x30, 0x0, 0x0, 0x0, 0x0, 0x0, 0x0, 0x0,
    0x4, 0xcf, 0xff, 0xfb, 0x51, 0x0, 0x0, 0x0,
    0x0, 0x0, 0x48, 0xdf, 0xfd, 0x59, 0xff, 0xff,
    0xc9, 0x64, 0x20, 0x0, 0xaf, 0xff, 0xfd, 0x60,
    0x0, 0x16, 0xbf, 0xff, 0xff, 0xff, 0xfc, 0x5f,
    0xc8, 0x30, 0x0, 0x0, 0x0, 0x0, 0x36, 0x9c,
    0xdf, 0xf9, 0x0, 0x0, 0x0, 0x0, 0x0, 0x0,
    0x0, 0x0, 0x0, 0x0, 0x0,

    /* U+53F7 "号" */
    0x0, 0x2b, 0xbb, 0xbb, 0xbb, 0xbb, 0xbb, 0xbb,
    0xbb, 0x40, 0x0, 0x0, 0x3f, 0xff, 0xff, 0xff,
    0xff, 0xff, 0xff, 0xff, 0x50, 0x0, 0x0, 0x3f,
    0xa0, 0x0, 0x0, 0x0, 0x0, 0x0, 0x8f, 0x50,
    0x0, 0x0, 0x3f, 0xa0, 0x0, 0x0, 0x0, 0x0,
    0x0, 0x8f, 0x50, 0x0, 0x0, 0x3f, 0xa0, 0x0,
    0x0, 0x0, 0x0, 0x0, 0x8f, 0x50, 0x0, 0x0,
    0x3f, 0xfd, 0xdd, 0xdd, 0xdd, 0xdd, 0xdd, 0xef,
    0x50, 0x0, 0x0, 0x3f, 0xff, 0xff, 0xff, 0xff,
    0xff, 0xff, 0xff, 0x50, 0x0, 0x0, 0x0, 0x0,
    0x0, 0x0, 0x0, 0x0, 0x0, 0x0, 0x0, 0x0,
    0x9a, 0xaa, 0xaa, 0xaa, 0xaa, 0xaa, 0xaa, 0xaa,
    0xaa, 0xaa, 0xa6, 0xef, 0xff, 0xff, 0xff, 0xff,
    0xff, 0xff, 0xff, 0xff, 0xff, 0xfa, 0x22, 0x22,
    0xaf, 0x72, 0x22, 0x22, 0x22, 0x22, 0x22, 0x22,
    0x21, 0x0, 0x0, 0xef, 0x20, 0x0, 0x0, 0x0,
    0x0, 0x0, 0x0, 0x0, 0x0, 0x2, 0xfe, 0x0,
    0x0, 0x0, 0x0, 0x0, 0x0, 0x0, 0x0, 0x0,
    0x6, 0xfe, 0xbb, 0xbb, 0xbb, 0xbb, 0xbb, 0xbb,
    0xa0, 0x0, 0x0, 0xa, 0xff, 0xff, 0xff, 0xff,
    0xff, 0xff, 0xff, 0xd0, 0x0, 0x0, 0x0, 0x0,
    0x0, 0x0, 0x0, 0x0, 0x0, 0x3f, 0xc0, 0x0,
    0x0, 0x0, 0x0, 0x0, 0x0, 0x0, 0x0, 0x0,
    0x4f, 0xa0, 0x0, 0x0, 0x0, 0x0, 0x0, 0x0,
    0x0, 0x0, 0x0, 0x6f, 0x80, 0x0, 0x0, 0x0,
    0x0, 0x0, 0x0, 0x0, 0x0, 0x0, 0xaf, 0x50,
    0x0, 0x0, 0x0, 0x0, 0x0, 0x0, 0xae, 0xed,
    0xcd, 0xff, 0x0, 0x0, 0x0, 0x0, 0x0, 0x0,
    0x0, 0x7f, 0xff, 0xff, 0xe4, 0x0, 0x0, 0x0,
    0x0, 0x0, 0x0, 0x0, 0x0, 0x0, 0x1, 0x0,
    0x0, 0x0,

    /* U+5408 "合" */
    0x0, 0x0, 0x0, 0x0, 0x0, 0x8, 0xb4, 0x0,
    0x0, 0x0, 0x0, 0x0, 0x0, 0x0, 0x0, 0x0,
    0x8, 0xff, 0x60, 0x0, 0x0, 0x0, 0x0, 0x0,
    0x0, 0x0, 0x0, 0x9, 0xfe, 0xef, 0x80, 0x0,
    0x0, 0x0, 0x0, 0x0, 0x0, 0x0, 0x2c, 0xfd,
    0x22, 0xdf, 0xc2, 0x0, 0x0, 0x0, 0x0, 0x0,
    0x0, 0x6f, 0xfb, 0x10, 0x0, 0xbf, 0xf8, 0x0,
    0x0, 0x0, 0x0, 0x3, 0xcf, 0xf7, 0x0, 0x0,
    0x0, 0x6f, 0xfe, 0x60, 0x0, 0x0, 0x2a, 0xff,
    0xd3, 0x0, 0x0, 0x0, 0x0, 0x2c, 0xff, 0xd6,
    0x0, 0xaf, 0xff, 0x70, 0x0, 0x0, 0x0, 0x0,
    0x0, 0x6, 0xef, 0xfb, 0x8, 0xf8, 0x2d, 0xdd,
    0xdd, 0xdd, 0xdd, 0xdd, 0xdd, 0xd1, 0x7e, 0x30,
    0x1, 0x2, 0xff, 0xff, 0xff, 0xff, 0xff, 0xff,
    0xff, 0x0, 0x0, 0x0, 0x0, 0x0, 0x0, 0x0,
    0x0, 0x0, 0x0, 0x0, 0x0, 0x0, 0x0, 0x0,
    0x0, 0x0, 0x0, 0x0, 0x0, 0x0, 0x0, 0x0,
    0x0, 0x0, 0x0, 0x0, 0x0, 0x0, 0x0, 0x0,
    0x0, 0x0, 0x0, 0x0, 0x0, 0x0, 0x0, 0x1f,
    0xff, 0xff, 0xff, 0xff, 0xff, 0xff, 0xff, 0xe0,
    0x0, 0x0, 0x1, 0xff, 0xbb, 0xbb, 0xbb, 0xbb,
    0xbb, 0xbb, 0xfe, 0x0, 0x0, 0x0, 0x1f, 0xd0,
    0x0, 0x0, 0x0, 0x0, 0x0, 0xf, 0xe0, 0x0,
    0x0, 0x1, 0xfd, 0x0, 0x0, 0x0, 0x0, 0x0,
    0x0, 0xfe, 0x0, 0x0, 0x0, 0x1f, 0xd0, 0x0,
    0x0, 0x0, 0x0, 0x0, 0xf, 0xe0, 0x0, 0x0,
    0x1, 0xfd, 0x0, 0x0, 0x0, 0x0, 0x0, 0x0,
    0xfe, 0x0, 0x0, 0x0, 0x1f, 0xff, 0xff, 0xff,
    0xff, 0xff, 0xff, 0xff, 0xe0, 0x0, 0x0, 0x1,
    0xff, 0xbb, 0xbb, 0xbb, 0xbb, 0xbb, 0xbb, 0xfe,
    0x0, 0x0, 0x0, 0x1f, 0xd0, 0x0, 0x0, 0x0,
    0x0, 0x0, 0xf, 0xe0, 0x0,

    /* U+540C "同" */
    0x9b, 0xbb, 0xbb, 0xbb, 0xbb, 0xbb, 0xbb, 0xbb,
    0xbb, 0xb8, 0xcf, 0xff, 0xff, 0xff, 0xff, 0xff,
    0xff, 0xff, 0xff, 0xfb, 0xcf, 0x10, 0x0, 0x0,
    0x0, 0x0, 0x0, 0x0, 0x2, 0xfb, 0xcf, 0x10,
    0x0, 0x0, 0x0, 0x0, 0x0, 0x0, 0x2, 0xfb,
    0xcf, 0x10, 0x0, 0x0, 0x0, 0x0, 0x0, 0x0,
    0x2, 0xfb, 0xcf, 0x13, 0xff, 0xff, 0xff, 0xff,
    0xff, 0xff, 0x2, 0xfb, 0xcf, 0x12, 0xbb, 0xbb,
    0xbb, 0xbb, 0xbb, 0xbb, 0x2, 0xfb, 0xcf, 0x10,
    0x0, 0x0, 0x0, 0x0, 0x0, 0x0, 0x2, 0xfb,
    0xcf, 0x10, 0x0, 0x0, 0x0, 0x0, 0x0, 0x0,
    0x2, 0xfb, 0xcf, 0x10, 0xd, 0xdd, 0xdd, 0xdd,
    0xdd, 0xa0, 0x2, 0xfb, 0xcf, 0x10, 0xf, 0xff,
    0xff, 0xff, 0xff, 0xd0, 0x2, 0xfb, 0xcf, 0x10,
    0xf, 0xd0, 0x0, 0x0, 0xf, 0xd0, 0x2, 0xfb,
    0xcf, 0x10, 0xf, 0xd0, 0x0, 0x0, 0xf, 0xd0,
    0x2, 0xfb, 0xcf, 0x10, 0xf, 0xd0, 0x0, 0x0,
    0xf, 0xd0, 0x2, 0xfb, 0xcf, 0x10, 0xf, 0xd1,
    0x11, 0x11, 0x2f, 0xd0, 0x2, 0xfb, 0xcf, 0x10,
    0xf, 0xff, 0xff, 0xff, 0xff, 0xd0, 0x2, 0xfb,
    0xcf, 0x10, 0xb, 0xbb, 0xbb, 0xbb, 0xbb, 0x90,
    0x2, 0xfb, 0xcf, 0x10, 0x0, 0x0, 0x0, 0x0,
    0x0, 0x0, 0x2, 0xfb, 0xcf, 0x10, 0x0, 0x0,
    0x0, 0x0, 0x0, 0x0, 0x3, 0xfb, 0xcf, 0x10,
    0x0, 0x0, 0x0, 0x0, 0x0, 0xff, 0xef, 0xf8,
    0xcf, 0x10, 0x0, 0x0, 0x0, 0x0, 0x0, 0xae,
    0xff, 0xa1, 0x23, 0x0, 0x0, 0x0, 0x0, 0x0,
    0x0, 0x0, 0x0, 0x0,

    /* U+540D "名" */
    0x0, 0x0, 0x0, 0x0, 0x64, 0x0, 0x0, 0x0,
    0x0, 0x0, 0x0, 0x0, 0x0, 0x0, 0x5f, 0xe2,
    0x0, 0x0, 0x0, 0x0, 0x0, 0x0, 0x0, 0x0,
    0x4f, 0xfd, 0xaa, 0xaa, 0xaa, 0xaa, 0xaa, 0x0,
    0x0, 0x0, 0x4f, 0xff, 0xff, 0xff, 0xff, 0xff,
    0xff, 0xf1, 0x0, 0x0, 0x7f, 0xf8, 0x22, 0x22,
    0x22, 0x22, 0x2c, 0xfa, 0x0, 0x1, 0xbf, 0xfc,
    0x0, 0x0, 0x0, 0x0, 0x9, 0xfd, 0x10, 0x6,
    0xff, 0xee, 0xfb, 0x10, 0x0, 0x0, 0xa, 0xfe,
    0x20, 0x0, 0x7f, 0xa1, 0x1c, 0xfe, 0x30, 0x0,
    0x3d, 0xfe, 0x20, 0x0, 0x0, 0x10, 0x0, 0x9,
    0xe2, 0x2, 0x9f, 0xfb, 0x10, 0x0, 0x0, 0x0,
    0x0, 0x0, 0x1, 0x3a, 0xff, 0xf6, 0x0, 0x0,
    0x0, 0x0, 0x0, 0x0, 0x38, 0xdf, 0xff, 0x91,
    0x0, 0x0, 0x0, 0x0, 0x25, 0x8b, 0xff, 0xff,
    0xe8, 0x10, 0x0, 0x0, 0x0, 0x0, 0x9f, 0xff,
    0xff, 0xff, 0xfc, 0xbb, 0xbb, 0xbb, 0xbb, 0xbb,
    0x31, 0xee, 0xa7, 0xdf, 0xff, 0xff, 0xff, 0xff,
    0xff, 0xff, 0xf4, 0x0, 0x0, 0xd, 0xf1, 0x0,
    0x0, 0x0, 0x0, 0x0, 0xaf, 0x40, 0x0, 0x0,
    0xdf, 0x10, 0x0, 0x0, 0x0, 0x0, 0x9, 0xf4,
    0x0, 0x0, 0xd, 0xf1, 0x0, 0x0, 0x0, 0x0,
    0x0, 0x9f, 0x40, 0x0, 0x0, 0xdf, 0x10, 0x0,
    0x0, 0x0, 0x0, 0x9, 0xf4, 0x0, 0x0, 0xd,
    0xf1, 0x0, 0x0, 0x0, 0x0, 0x0, 0x9f, 0x40,
    0x0, 0x0, 0xdf, 0xff, 0xff, 0xff, 0xff, 0xff,
    0xff, 0xf4, 0x0, 0x0, 0xd, 0xfc, 0xcc, 0xcc,
    0xcc, 0xcc, 0xcc, 0xef, 0x40, 0x0, 0x0, 0xdf,
    0x10, 0x0, 0x0, 0x0, 0x0, 0x9, 0xf4,

    /* U+540E "后" */
    0x0, 0x0, 0x0, 0x0, 0x0, 0x0, 0x0, 0x0,
    0x0, 0x20, 0x0, 0x0, 0x0, 0x0, 0x0, 0x12,
    0x45, 0x68, 0xab, 0xdf, 0xf8, 0x0, 0x0, 0x2c,
    0xde, 0xff, 0xff, 0xff, 0xff, 0xff, 0xec, 0xa8,
    0x0, 0x0, 0x3f, 0xfd, 0xcb, 0xa9, 0x76, 0x53,
    0x20, 0x0, 0x0, 0x0, 0x0, 0x3f, 0xb0, 0x0,
    0x0, 0x0, 0x0, 0x0, 0x0, 0x0, 0x0, 0x0,
    0x4f, 0xb0, 0x0, 0x0, 0x0, 0x0, 0x0, 0x0,
    0x0, 0x0, 0x0, 0x4f, 0xb0, 0x0, 0x0, 0x0,
    0x0, 0x0, 0x0, 0x0, 0x0, 0x0, 0x4f, 0xff,
    0xff, 0xff, 0xff, 0xff, 0xff, 0xff, 0xff, 0xf5,
    0x0, 0x4f, 0xeb, 0xbb, 0xbb, 0xbb, 0xbb, 0xbb,
    0xbb, 0xbb, 0xb3, 0x0, 0x5f, 0xb0, 0x0, 0x0,
    0x0, 0x0, 0x0, 0x0, 0x0, 0x0, 0x0, 0x5f,
    0xb0, 0x0, 0x0, 0x0, 0x0, 0x0, 0x0, 0x0,
    0x0, 0x0, 0x6f, 0xb0, 0x0, 0x0, 0x0, 0x0,
    0x0, 0x0, 0x0, 0x0, 0x0, 0x6f, 0xa0, 0x2f,
    0xff, 0xff, 0xff, 0xff, 0xff, 0xfc, 0x0, 0x0,
    0x7f, 0x90, 0x2f, 0xeb, 0xbb, 0xbb, 0xbb, 0xbc,
    0xfc, 0x0, 0x0, 0x8f, 0x80, 0x2f, 0xb0, 0x0,
    0x0, 0x0, 0x1, 0xfc, 0x0, 0x0, 0xaf, 0x60,
    0x2f, 0xb0, 0x0, 0x0, 0x0, 0x1, 0xfc, 0x0,
    0x0, 0xdf, 0x30, 0x2f, 0xb0, 0x0, 0x0, 0x0,
    0x1, 0xfc, 0x0, 0x2, 0xff, 0x0, 0x2f, 0xb0,
    0x0, 0x0, 0x0, 0x1, 0xfc, 0x0, 0x8, 0xfb,
    0x0, 0x2f, 0xb1, 0x11, 0x11, 0x11, 0x12, 0xfc,
    0x0, 0x1f, 0xf4, 0x0, 0x2f, 0xff, 0xff, 0xff,
    0xff, 0xff, 0xfc, 0x0, 0xbf, 0xc0, 0x0, 0x2f,
    0xeb, 0xbb, 0xbb, 0xbb, 0xbb, 0xfc, 0x0, 0x2c,
    0x20, 0x0, 0x2f, 0xb0, 0x0, 0x0, 0x0, 0x1,
    0xfc, 0x0, 0x0, 0x0, 0x0, 0x1, 0x10, 0x0,
    0x0, 0x0, 0x0, 0x0, 0x0,

    /* U+5411 "向" */
    0x0, 0x0, 0x0, 0x2, 0x20, 0x0, 0x0, 0x0,
    0x0, 0x0, 0x0, 0x0, 0x0, 0xc, 0xf9, 0x0,
    0x0, 0x0, 0x0, 0x0, 0x0, 0x0, 0x0, 0x3f,
    0xf2, 0x0, 0x0, 0x0, 0x0, 0x0, 0x0, 0x0,
    0x0, 0xcf, 0x80, 0x0, 0x0, 0x0, 0x0, 0x0,
    0x2f, 0xff, 0xff, 0xff, 0xff, 0xff, 0xff, 0xff,
    0xff, 0xfd, 0x2f, 0xfb, 0xbb, 0xbb, 0xbb, 0xbb,
    0xbb, 0xbb, 0xbc, 0xfd, 0x2f, 0xd0, 0x0, 0x0,
    0x0, 0x0, 0x0, 0x0, 0x2, 0xfd, 0x2f, 0xd0,
    0x0, 0x0, 0x0, 0x0, 0x0, 0x0, 0x2, 0xfd,
    0x2f, 0xd0, 0x0, 0x0, 0x0, 0x0, 0x0, 0x0,
    0x2, 0xfd, 0x2f, 0xd0, 0xb, 0xff, 0xff, 0xff,
    0xff, 0xc0, 0x2, 0xfd, 0x2f, 0xd0, 0xb, 0xfa,
    0xaa, 0xaa, 0xaf, 0xc0, 0x2, 0xfd, 0x2f, 0xd0,
    0xb, 0xf1, 0x0, 0x0, 0xe, 0xc0, 0x2, 0xfd,
    0x2f, 0xd0, 0xb, 0xf1, 0x0, 0x0, 0xe, 0xc0,
    0x2, 0xfd, 0x2f, 0xd0, 0xb, 0xf1, 0x0, 0x0,
    0xe, 0xc0, 0x2, 0xfd, 0x2f, 0xd0, 0xb, 0xf1,
    0x0, 0x0, 0xe, 0xc0, 0x2, 0xfd, 0x2f, 0xd0,
    0xb, 0xff, 0xff, 0xff, 0xff, 0xc0, 0x2, 0xfd,
    0x2f, 0xd0, 0x8, 0xbb, 0xbb, 0xbb, 0xbb, 0x80,
    0x2, 0xfd, 0x2f, 0xd0, 0x0, 0x0, 0x0, 0x0,
    0x0, 0x0, 0x2, 0xfd, 0x2f, 0xd0, 0x0, 0x0,
    0x0, 0x0, 0x0, 0x0, 0x2, 0xfd, 0x2f, 0xd0,
    0x0, 0x0, 0x0, 0x0, 0x0, 0x10, 0x4, 0xfc,
    0x2f, 0xd0, 0x0, 0x0, 0x0, 0x0, 0x0, 0xff,
    0xef, 0xfa, 0x2f, 0xd0, 0x0, 0x0, 0x0, 0x0,
    0x0, 0xad, 0xef, 0xc2, 0x1, 0x10, 0x0, 0x0,
    0x0, 0x0, 0x0, 0x0, 0x0, 0x0,

    /* U+5426 "否" */
    0xb, 0xbb, 0xbb, 0xbb, 0xbb, 0xbb, 0xbb, 0xbb,
    0xbb, 0xbb, 0xb0, 0xf, 0xff, 0xff, 0xff, 0xff,
    0xff, 0xff, 0xff, 0xff, 0xff, 0xf0, 0x0, 0x0,
    0x0, 0x0, 0x8, 0xfe, 0x10, 0x0, 0x0, 0x0,
    0x0, 0x0, 0x0, 0x0, 0x0, 0x8f, 0xfc, 0x0,
    0x50, 0x0, 0x0, 0x0, 0x0, 0x0, 0x0, 0x1b,
    0xff, 0xfc, 0x9, 0xfe, 0x50, 0x0, 0x0, 0x0,
    0x0, 0x4, 0xef, 0xd4, 0xfc, 0x0, 0x8f, 0xfa,
    0x10, 0x0, 0x0, 0x2, 0xaf, 0xfb, 0x12, 0xfc,
    0x0, 0x3, 0xdf, 0xe4, 0x0, 0x2, 0x9f, 0xff,
    0x60, 0x2, 0xfc, 0x0, 0x0, 0x9, 0xff, 0x80,
    0x8f, 0xff, 0x91, 0x0, 0x2, 0xfc, 0x0, 0x0,
    0x0, 0x6f, 0xf8, 0x1e, 0x92, 0x0, 0x0, 0x2,
    0xfc, 0x0, 0x0, 0x0, 0x4, 0xb0, 0x0, 0x0,
    0x0, 0x0, 0x2, 0xfc, 0x0, 0x0, 0x0, 0x0,
    0x0, 0x0, 0x3e, 0xee, 0xee, 0xef, 0xff, 0xee,
    0xee, 0xee, 0xe2, 0x0, 0x0, 0x4f, 0xfe, 0xee,
    0xee, 0xee, 0xee, 0xee, 0xef, 0xf2, 0x0, 0x0,
    0x4f, 0xa0, 0x0, 0x0, 0x0, 0x0, 0x0, 0xb,
    0xf2, 0x0, 0x0, 0x4f, 0xa0, 0x0, 0x0, 0x0,
    0x0, 0x0, 0xb, 0xf2, 0x0, 0x0, 0x4f, 0xa0,
    0x0, 0x0, 0x0, 0x0, 0x0, 0xb, 0xf2, 0x0,
    0x0, 0x4f, 0xa0, 0x0, 0x0, 0x0, 0x0, 0x0,
    0xb, 0xf2, 0x0, 0x0, 0x4f, 0xa0, 0x0, 0x0,
    0x0, 0x0, 0x0, 0xb, 0xf2, 0x0, 0x0, 0x4f,
    0xff, 0xff, 0xff, 0xff, 0xff, 0xff, 0xff, 0xf2,
    0x0, 0x0, 0x4f, 0xec, 0xcc, 0xcc, 0xcc, 0xcc,
    0xcc, 0xce, 0xf2, 0x0, 0x0, 0x4f, 0xa0, 0x0,
    0x0, 0x0, 0x0, 0x0, 0xb, 0xf2, 0x0,

    /* U+542B "含" */
    0x0, 0x0, 0x0, 0x0, 0x0, 0x58, 0x20, 0x0,
    0x0, 0x0, 0x0, 0x0, 0x0, 0x0, 0x0, 0x0,
    0x5f, 0xfa, 0x0, 0x0, 0x0, 0x0, 0x0, 0x0,
    0x0, 0x0, 0x0, 0x6f, 0xfe, 0xfc, 0x10, 0x0,
    0x0, 0x0, 0x0, 0x0, 0x0, 0x0, 0x9f, 0xe3,
    0x1b, 0xff, 0x60, 0x0, 0x0, 0x0, 0x0, 0x0,
    0x3, 0xdf, 0xd2, 0x13, 0x8, 0xff, 0xc2, 0x0,
    0x0, 0x0, 0x0, 0x19, 0xff, 0xb1, 0x1f, 0xe1,
    0x3, 0xdf, 0xfa, 0x20, 0x0, 0x0, 0x7e, 0xff,
    0x70, 0x0, 0x7f, 0x90, 0x0, 0x8f, 0xff, 0xa3,
    0x4, 0xef, 0xfb, 0x20, 0x0, 0x0, 0xd8, 0x0,
    0x0, 0x2b, 0xff, 0xf1, 0x4f, 0xd5, 0x9a, 0xaa,
    0xaa, 0xaa, 0xaa, 0xaa, 0xaa, 0x3, 0xa7, 0x0,
    0x40, 0xf, 0xff, 0xff, 0xff, 0xff, 0xff, 0xff,
    0xf1, 0x0, 0x0, 0x0, 0x0, 0x12, 0x22, 0x22,
    0x22, 0x22, 0x5f, 0xfb, 0x0, 0x0, 0x0, 0x0,
    0x0, 0x0, 0x0, 0x0, 0x0, 0x3e, 0xfc, 0x0,
    0x0, 0x0, 0x0, 0x0, 0x0, 0x0, 0x0, 0x0,
    0xe, 0xfc, 0x10, 0x0, 0x0, 0x0, 0x0, 0x0,
    0x0, 0x0, 0x0, 0x0, 0x39, 0x10, 0x0, 0x0,
    0x0, 0x0, 0xf, 0xff, 0xff, 0xff, 0xff, 0xff,
    0xff, 0xff, 0xfa, 0x0, 0x0, 0x0, 0xff, 0xbb,
    0xbb, 0xbb, 0xbb, 0xbb, 0xbb, 0xcf, 0xa0, 0x0,
    0x0, 0xf, 0xe0, 0x0, 0x0, 0x0, 0x0, 0x0,
    0x3, 0xfa, 0x0, 0x0, 0x0, 0xfe, 0x0, 0x0,
    0x0, 0x0, 0x0, 0x0, 0x3f, 0xa0, 0x0, 0x0,
    0xf, 0xe0, 0x0, 0x0, 0x0, 0x0, 0x0, 0x3,
    0xfa, 0x0, 0x0, 0x0, 0xff, 0xcc, 0xcc, 0xcc,
    0xcc, 0xcc, 0xcc, 0xcf, 0xa0, 0x0, 0x0, 0xf,
    0xff, 0xff, 0xff, 0xff, 0xff, 0xff, 0xff, 0xfa,
    0x0, 0x0, 0x0, 0xfe, 0x0, 0x0, 0x0, 0x0,
    0x0, 0x0, 0x3f, 0xa0, 0x0,

    /* U+542F "启" */
    0x0, 0x0, 0x0, 0x0, 0x0, 0x1, 0x30, 0x0,
    0x0, 0x0, 0x0, 0x0, 0x0, 0x0, 0x0, 0x0,
    0x1f, 0xe0, 0x0, 0x0, 0x0, 0x0, 0x0, 0x0,
    0x0, 0x0, 0x0, 0xb, 0xf3, 0x0, 0x0, 0x0,
    0x0, 0x0, 0x0, 0xad, 0xdd, 0xdd, 0xde, 0xfe,
    0xdd, 0xdd, 0xdd, 0xd0, 0x0, 0x0, 0xcf, 0xff,
    0xff, 0xff, 0xff, 0xff, 0xff, 0xff, 0xf0, 0x0,
    0x0, 0xcf, 0x10, 0x0, 0x0, 0x0, 0x0, 0x0,
    0xe, 0xf0, 0x0, 0x0, 0xcf, 0x10, 0x0, 0x0,
    0x0, 0x0, 0x0, 0xe, 0xf0, 0x0, 0x0, 0xcf,
    0x10, 0x0, 0x0, 0x0, 0x0, 0x0, 0xe, 0xf0,
    0x0, 0x0, 0xcf, 0x32, 0x22, 0x22, 0x22, 0x22,
    0x22, 0x2e, 0xf0, 0x0, 0x0, 0xcf, 0xff, 0xff,
    0xff, 0xff, 0xff, 0xff, 0xff, 0xf0, 0x0, 0x0,
    0xcf, 0xaa, 0xaa, 0xaa, 0xaa, 0xaa, 0xaa, 0xaa,
    0xa0, 0x0, 0x0, 0xdf, 0x0, 0x0, 0x0, 0x0,
    0x0, 0x0, 0x0, 0x0, 0x0, 0x0, 0xef, 0x0,
    0x0, 0x0, 0x0, 0x0, 0x0, 0x0, 0x0, 0x0,
    0x0, 0xff, 0x8, 0xbb, 0xbb, 0xbb, 0xbb, 0xbb,
    0xbb, 0xb5, 0x0, 0x2, 0xfd, 0xb, 0xff, 0xff,
    0xff, 0xff, 0xff, 0xff, 0xf7, 0x0, 0x5, 0xfb,
    0xb, 0xf2, 0x0, 0x0, 0x0, 0x0, 0x6, 0xf7,
    0x0, 0x9, 0xf8, 0xb, 0xf2, 0x0, 0x0, 0x0,
    0x0, 0x6, 0xf7, 0x0, 0xe, 0xf3, 0xb, 0xf2,
    0x0, 0x0, 0x0, 0x0, 0x6, 0xf7, 0x0, 0x6f,
    0xc0, 0xb, 0xf2, 0x0, 0x0, 0x0, 0x0, 0x7,
    0xf7, 0x1, 0xef, 0x40, 0xb, 0xff, 0xff, 0xff,
    0xff, 0xff, 0xff, 0xf7, 0xc, 0xf9, 0x0, 0xb,
    0xfc, 0xbb, 0xbb, 0xbb, 0xbb, 0xbd, 0xf7, 0x5,
    0xb0, 0x0, 0xb, 0xf2, 0x0, 0x0, 0x0, 0x0,
    0x6, 0xf7, 0x0, 0x0, 0x0, 0x1, 0x10, 0x0,
    0x0, 0x0, 0x0, 0x0, 0x0,

    /* U+5439 "吹" */
    0x0, 0x0, 0x0, 0x0, 0x0, 0x0, 0x45, 0x0,
    0x0, 0x0, 0x0, 0x0, 0x0, 0x0, 0x0, 0x0,
    0x0, 0xc, 0xf2, 0x0, 0x0, 0x0, 0x0, 0x5,
    0x55, 0x55, 0x54, 0x0, 0x1, 0xfd, 0x0, 0x0,
    0x0, 0x0, 0x1, 0xff, 0xff, 0xff, 0xb0, 0x0,
    0x7f, 0x80, 0x0, 0x0, 0x0, 0x0, 0x1f, 0xd6,
    0x67, 0xfb, 0x0, 0xd, 0xff, 0xff, 0xff, 0xff,
    0xf0, 0x1, 0xfb, 0x0, 0x1f, 0xb0, 0x4, 0xff,
    0xdd, 0xdd, 0xdd, 0xff, 0x0, 0x1f, 0xb0, 0x1,
    0xfb, 0x0, 0xcf, 0x60, 0x0, 0x0, 0x5f, 0xa0,
    0x1, 0xfb, 0x0, 0x1f, 0xb0, 0x5f, 0xe0, 0x7,
    0x80, 0xc, 0xf3, 0x0, 0x1f, 0xb0, 0x1, 0xfb,
    0xe, 0xf6, 0x0, 0xdf, 0x2, 0xfc, 0x0, 0x1,
    0xfb, 0x0, 0x1f, 0xb3, 0xfc, 0x0, 0xd, 0xf0,
    0x2b, 0x50, 0x0, 0x1f, 0xb0, 0x1, 0xfb, 0x5,
    0x20, 0x0, 0xfe, 0x0, 0x0, 0x0, 0x1, 0xfb,
    0x0, 0x1f, 0xb0, 0x0, 0x0, 0x1f, 0xf0, 0x0,
    0x0, 0x0, 0x1f, 0xb0, 0x1, 0xfb, 0x0, 0x0,
    0x3, 0xff, 0x50, 0x0, 0x0, 0x1, 0xfb, 0x0,
    0x1f, 0xb0, 0x0, 0x0, 0x7f, 0xfb, 0x0, 0x0,
    0x0, 0x1f, 0xfd, 0xdd, 0xfb, 0x0, 0x0, 0xb,
    0xfd, 0xf1, 0x0, 0x0, 0x1, 0xff, 0xff, 0xff,
    0xb0, 0x0, 0x1, 0xfe, 0x3f, 0x90, 0x0, 0x0,
    0x1f, 0xb0, 0x1, 0xfb, 0x0, 0x0, 0x9f, 0x90,
    0xcf, 0x20, 0x0, 0x1, 0xfb, 0x0, 0x7, 0x50,
    0x0, 0x3f, 0xf1, 0x4, 0xfc, 0x0, 0x0, 0x5,
    0x30, 0x0, 0x0, 0x0, 0x2e, 0xf7, 0x0, 0xb,
    0xf9, 0x0, 0x0, 0x0, 0x0, 0x0, 0x0, 0x2d,
    0xfb, 0x0, 0x0, 0x1e, 0xf9, 0x0, 0x0, 0x0,
    0x0, 0x0, 0x1e, 0xfc, 0x0, 0x0, 0x0, 0x4f,
    0xfb, 0x0, 0x0, 0x0, 0x0, 0x0, 0x9b, 0x0,
    0x0, 0x0, 0x0, 0x4e, 0x30, 0x0, 0x0, 0x0,
    0x0, 0x0, 0x0, 0x0, 0x0, 0x0, 0x0, 0x0,
    0x0,

    /* U+544A "告" */
    0x0, 0x0, 0x10, 0x0, 0x0, 0x55, 0x0, 0x0,
    0x0, 0x0, 0x0, 0x0, 0x0, 0x8f, 0x60, 0x0,
    0xfe, 0x0, 0x0, 0x0, 0x0, 0x0, 0x0, 0x0,
    0xef, 0x20, 0x0, 0xfe, 0x0, 0x0, 0x0, 0x0,
    0x0, 0x0, 0x7, 0xfb, 0x0, 0x0, 0xfe, 0x0,
    0x0, 0x0, 0x0, 0x0, 0x0, 0x1f, 0xff, 0xff,
    0xff, 0xff, 0xff, 0xff, 0xff, 0xff, 0x0, 0x0,
    0xbf, 0xdc, 0xcc, 0xcc, 0xff, 0xcc, 0xcc, 0xcc,
    0xcc, 0x0, 0x6, 0xfe, 0x10, 0x0, 0x0, 0xfe,
    0x0, 0x0, 0x0, 0x0, 0x0, 0x1, 0xb4, 0x0,
    0x0, 0x0, 0xfe, 0x0, 0x0, 0x0, 0x0, 0x0,
    0x0, 0x0, 0x0, 0x0, 0x0, 0xfe, 0x0, 0x0,
    0x0, 0x0, 0x0, 0xcd, 0xdd, 0xdd, 0xdd, 0xdd,
    0xff, 0xdd, 0xdd, 0xdd, 0xdd, 0xd8, 0xef, 0xff,
    0xff, 0xff, 0xff, 0xff, 0xff, 0xff, 0xff, 0xff,
    0xf9, 0x0, 0x0, 0x0, 0x0, 0x0, 0x0, 0x0,
    0x0, 0x0, 0x0, 0x0, 0x0, 0x0, 0x0, 0x0,
    0x0, 0x0, 0x0, 0x0, 0x0, 0x0, 0x0, 0x0,
    0x1f, 0xff, 0xff, 0xff, 0xff, 0xff, 0xff, 0xff,
    0xf1, 0x0, 0x0, 0x1f, 0xfc, 0xcc, 0xcc, 0xcc,
    0xcc, 0xcc, 0xcf, 0xf1, 0x0, 0x0, 0x1f, 0xc0,
    0x0, 0x0, 0x0, 0x0, 0x0, 0xc, 0xf1, 0x0,
    0x0, 0x1f, 0xc0, 0x0, 0x0, 0x0, 0x0, 0x0,
    0xc, 0xf1, 0x0, 0x0, 0x1f, 0xc0, 0x0, 0x0,
    0x0, 0x0, 0x0, 0xc, 0xf1, 0x0, 0x0, 0x1f,
    0xc0, 0x0, 0x0, 0x0, 0x0, 0x0, 0xc, 0xf1,
    0x0, 0x0, 0x1f, 0xff, 0xff, 0xff, 0xff, 0xff,
    0xff, 0xff, 0xf1, 0x0, 0x0, 0x1f, 0xfc, 0xcc,
    0xcc, 0xcc, 0xcc, 0xcc, 0xcf, 0xf1, 0x0, 0x0,
    0x1f, 0xc0, 0x0, 0x0, 0x0, 0x0, 0x0, 0xc,
    0xf1, 0x0,

    /* U+5468 "周" */
    0x0, 0x9, 0xcc, 0xcc, 0xcc, 0xcc, 0xcc, 0xcc,
    0xcc, 0xcc, 0xc0, 0x0, 0xc, 0xff, 0xff, 0xff,
    0xff, 0xff, 0xff, 0xff, 0xff, 0xf1, 0x0, 0xc,
    0xf1, 0x0, 0x0, 0x3, 0x30, 0x0, 0x0, 0xc,
    0xf1, 0x0, 0xc, 0xf1, 0x0, 0x0, 0xf, 0xe0,
    0x0, 0x0, 0xc, 0xf1, 0x0, 0xc, 0xf1, 0x0,
    0x0, 0xf, 0xe0, 0x0, 0x0, 0xc, 0xf1, 0x0,
    0xc, 0xf1, 0x5f, 0xff, 0xff, 0xff, 0xff, 0xf6,
    0xc, 0xf1, 0x0, 0xc, 0xf1, 0x3a, 0xaa, 0xaf,
    0xfa, 0xaa, 0xa4, 0xc, 0xf1, 0x0, 0xc, 0xf1,
    0x0, 0x0, 0xf, 0xe0, 0x0, 0x0, 0xc, 0xf1,
    0x0, 0xc, 0xf1, 0x7a, 0xaa, 0xaf, 0xfa, 0xaa,
    0xaa, 0xc, 0xf1, 0x0, 0xc, 0xf1, 0xbf, 0xff,
    0xff, 0xff, 0xff, 0xff, 0x1c, 0xf1, 0x0, 0xd,
    0xf0, 0x0, 0x0, 0x0, 0x0, 0x0, 0x0, 0xc,
    0xf1, 0x0, 0xe, 0xf0, 0x3, 0x88, 0x88, 0x88,
    0x88, 0x50, 0xc, 0xf1, 0x0, 0xf, 0xf0, 0x6,
    0xff, 0xff, 0xff, 0xff, 0xa0, 0xc, 0xf1, 0x0,
    0x1f, 0xd0, 0x6, 0xf6, 0x0, 0x0, 0x2f, 0xa0,
    0xc, 0xf1, 0x0, 0x4f, 0xa0, 0x6, 0xf5, 0x0,
    0x0, 0x1f, 0xa0, 0xc, 0xf1, 0x0, 0x8f, 0x80,
    0x6, 0xf6, 0x11, 0x11, 0x2f, 0xa0, 0xc, 0xf1,
    0x0, 0xdf, 0x40, 0x6, 0xff, 0xff, 0xff, 0xff,
    0xa0, 0xc, 0xf1, 0x1, 0xff, 0x0, 0x3, 0x88,
    0x88, 0x88, 0x88, 0x50, 0xc, 0xf1, 0x8, 0xfb,
    0x0, 0x0, 0x0, 0x0, 0x0, 0x0, 0x0, 0xd,
    0xf1, 0xe, 0xf5, 0x0, 0x0, 0x0, 0x0, 0x0,
    0x9, 0xba, 0xaf, 0xf0, 0x7, 0xd0, 0x0, 0x0,
    0x0, 0x0, 0x0, 0x8, 0xff, 0xff, 0x70, 0x0,
    0x0, 0x0, 0x0, 0x0, 0x0, 0x0, 0x0, 0x0,
    0x10, 0x0,

    /* U+548C "和" */
    0x0, 0x0, 0x0, 0x0, 0x15, 0x91, 0x0, 0x0,
    0x0, 0x0, 0x0, 0x0, 0x1, 0x46, 0x9d, 0xff,
    0xf9, 0x0, 0x0, 0x0, 0x0, 0x0, 0xa, 0xff,
    0xff, 0xff, 0xc8, 0x41, 0x7, 0xaa, 0xaa, 0xaa,
    0xa9, 0x7, 0xeb, 0x96, 0xfe, 0x0, 0x0, 0xb,
    0xff, 0xff, 0xff, 0xff, 0x0, 0x0, 0x0, 0xfe,
    0x0, 0x0, 0xb, 0xf1, 0x0, 0x0, 0xdf, 0x0,
    0x0, 0x0, 0xfe, 0x0, 0x0, 0xb, 0xf1, 0x0,
    0x0, 0xdf, 0x0, 0x0, 0x0, 0xfe, 0x0, 0x0,
    0xb, 0xf1, 0x0, 0x0, 0xdf, 0xa, 0xff, 0xff,
    0xff, 0xff, 0xfe, 0xb, 0xf1, 0x0, 0x0, 0xdf,
    0x8, 0xdd, 0xdd, 0xff, 0xdd, 0xdc, 0xb, 0xf1,
    0x0, 0x0, 0xdf, 0x0, 0x0, 0x7, 0xff, 0x10,
    0x0, 0xb, 0xf1, 0x0, 0x0, 0xdf, 0x0, 0x0,
    0xd, 0xff, 0xd1, 0x0, 0xb, 0xf1, 0x0, 0x0,
    0xdf, 0x0, 0x0, 0x6f, 0xff, 0xfd, 0x20, 0xb,
    0xf1, 0x0, 0x0, 0xdf, 0x0, 0x0, 0xed, 0xfe,
    0x6f, 0xe2, 0xb, 0xf1, 0x0, 0x0, 0xdf, 0x0,
    0x9, 0xf4, 0xfe, 0x7, 0xfd, 0xb, 0xf1, 0x0,
    0x0, 0xdf, 0x0, 0x5f, 0xa0, 0xfe, 0x0, 0x96,
    0xb, 0xf1, 0x0, 0x0, 0xdf, 0x3, 0xfe, 0x10,
    0xfe, 0x0, 0x0, 0xb, 0xf1, 0x0, 0x0, 0xdf,
    0xe, 0xf3, 0x0, 0xfe, 0x0, 0x0, 0xb, 0xf1,
    0x0, 0x0, 0xdf, 0x6, 0x60, 0x0, 0xfe, 0x0,
    0x0, 0xb, 0xfa, 0xaa, 0xaa, 0xff, 0x0, 0x0,
    0x0, 0xfe, 0x0, 0x0, 0xb, 0xff, 0xff, 0xff,
    0xff, 0x0, 0x0, 0x0, 0xfe, 0x0, 0x0, 0xb,
    0xf1, 0x0, 0x0, 0xdf, 0x0, 0x0, 0x0, 0xfe,
    0x0, 0x0, 0x8, 0xb0, 0x0, 0x0, 0x89, 0x0,
    0x0, 0x0, 0xfe, 0x0, 0x0, 0x0, 0x0, 0x0,
    0x0, 0x0,

    /* U+54CD "响" */
    0x0, 0x0, 0x0, 0x0, 0x0, 0x0, 0x6, 0x50,
    0x0, 0x0, 0x0, 0x0, 0x0, 0x0, 0x0, 0x0,
    0x0, 0xe, 0xf1, 0x0, 0x0, 0x0, 0x4, 0x44,
    0x44, 0x42, 0x0, 0x0, 0x4f, 0xc0, 0x0, 0x0,
    0x0, 0x1f, 0xff, 0xff, 0xfb, 0x0, 0x0, 0xbf,
    0x60, 0x0, 0x0, 0x0, 0x1f, 0xd8, 0x88, 0xfb,
    0x1f, 0xff, 0xff, 0xff, 0xff, 0xff, 0xf1, 0x1f,
    0xb0, 0x1, 0xfb, 0x1f, 0xeb, 0xbb, 0xbb, 0xbb,
    0xbe, 0xf1, 0x1f, 0xb0, 0x1, 0xfb, 0x1f, 0x90,
    0x0, 0x0, 0x0, 0x9, 0xf1, 0x1f, 0xb0, 0x1,
    0xfb, 0x1f, 0x90, 0x47, 0x77, 0x76, 0x9, 0xf1,
    0x1f, 0xb0, 0x1, 0xfb, 0x1f, 0x90, 0xaf, 0xff,
    0xfd, 0x9, 0xf1, 0x1f, 0xb0, 0x1, 0xfb, 0x1f,
    0x90, 0xaf, 0x10, 0xed, 0x9, 0xf1, 0x1f, 0xb0,
    0x1, 0xfb, 0x1f, 0x90, 0xaf, 0x0, 0xed, 0x9,
    0xf1, 0x1f, 0xb0, 0x1, 0xfb, 0x1f, 0x90, 0xaf,
    0x0, 0xed, 0x9, 0xf1, 0x1f, 0xb0, 0x1, 0xfb,
    0x1f, 0x90, 0xaf, 0x0, 0xed, 0x9, 0xf1, 0x1f,
    0xb0, 0x1, 0xfb, 0x1f, 0x90, 0xaf, 0x0, 0xed,
    0x9, 0xf1, 0x1f, 0xfd, 0xdd, 0xfb, 0x1f, 0x90,
    0xaf, 0x0, 0xed, 0x9, 0xf1, 0x1f, 0xff, 0xff,
    0xfb, 0x1f, 0x90, 0xaf, 0x0, 0xed, 0x9, 0xf1,
    0x1f, 0xb0, 0x1, 0xfb, 0x1f, 0x90, 0xaf, 0x98,
    0xfd, 0x9, 0xf1, 0x1f, 0xb0, 0x0, 0x75, 0x1f,
    0x90, 0x9f, 0xff, 0xfd, 0x9, 0xf1, 0x5, 0x30,
    0x0, 0x0, 0x1f, 0x90, 0x0, 0x0, 0x0, 0x9,
    0xf1, 0x0, 0x0, 0x0, 0x0, 0x1f, 0x90, 0x0,
    0x0, 0x0, 0xb, 0xf1, 0x0, 0x0, 0x0, 0x0,
    0x1f, 0x90, 0x0, 0x1, 0xfe, 0xef, 0xe0, 0x0,
    0x0, 0x0, 0x0, 0x1f, 0x90, 0x0, 0x0, 0xbe,
    0xfd, 0x40,

    /* U+54E8 "哨" */
    0x0, 0x0, 0x0, 0x0, 0x0, 0x0, 0x0, 0x65,
    0x0, 0x0, 0x0, 0x0, 0x0, 0x0, 0x0, 0x75,
    0x0, 0xf, 0xb0, 0x1, 0xd7, 0x2, 0x22, 0x22,
    0x20, 0x3f, 0xe1, 0x0, 0xfb, 0x0, 0x8f, 0x81,
    0xff, 0xff, 0xff, 0x10, 0x6f, 0xb0, 0xf, 0xb0,
    0x2f, 0xf1, 0x1f, 0xea, 0xae, 0xf1, 0x0, 0x9f,
    0x30, 0xfb, 0x7, 0xf6, 0x1, 0xfb, 0x0, 0xcf,
    0x10, 0x0, 0x20, 0xf, 0xb0, 0x2, 0x0, 0x1f,
    0xb0, 0xc, 0xf1, 0x8, 0xbb, 0xbb, 0xfe, 0xbb,
    0xbb, 0xa1, 0xfb, 0x0, 0xcf, 0x10, 0xbf, 0xff,
    0xff, 0xff, 0xff, 0xfe, 0x1f, 0xb0, 0xc, 0xf1,
    0xb, 0xf0, 0x0, 0x0, 0x0, 0xf, 0xe1, 0xfb,
    0x0, 0xcf, 0x10, 0xbf, 0x0, 0x0, 0x0, 0x0,
    0xfe, 0x1f, 0xb0, 0xc, 0xf1, 0xb, 0xf7, 0x77,
    0x77, 0x77, 0x7f, 0xe1, 0xfb, 0x0, 0xcf, 0x10,
    0xbf, 0xff, 0xff, 0xff, 0xff, 0xfe, 0x1f, 0xb0,
    0xc, 0xf1, 0xb, 0xf1, 0x0, 0x0, 0x0, 0xf,
    0xe1, 0xfb, 0x0, 0xcf, 0x10, 0xbf, 0x0, 0x0,
    0x0, 0x0, 0xfe, 0x1f, 0xfd, 0xdf, 0xf1, 0xb,
    0xf0, 0x0, 0x0, 0x0, 0xf, 0xe1, 0xff, 0xff,
    0xff, 0x10, 0xbf, 0xff, 0xff, 0xff, 0xff, 0xfe,
    0x1f, 0xb0, 0xc, 0xf1, 0xb, 0xfa, 0xaa, 0xaa,
    0xaa, 0xaf, 0xe1, 0xfb, 0x0, 0x8b, 0x0, 0xbf,
    0x0, 0x0, 0x0, 0x0, 0xfe, 0x8, 0x50, 0x0,
    0x0, 0xb, 0xf0, 0x0, 0x0, 0x0, 0xf, 0xe0,
    0x0, 0x0, 0x0, 0x0, 0xbf, 0x0, 0x0, 0x0,
    0x0, 0xfe, 0x0, 0x0, 0x0, 0x0, 0xb, 0xf0,
    0x0, 0x6, 0xed, 0xdf, 0xc0, 0x0, 0x0, 0x0,
    0x0, 0xbf, 0x0, 0x0, 0x2c, 0xef, 0xd3,

    /* U+54EA "哪" */
    0x0, 0x0, 0x0, 0x4, 0x44, 0x44, 0x44, 0x0,
    0x11, 0x11, 0x10, 0x0, 0x0, 0x0, 0xf, 0xff,
    0xff, 0xff, 0x2b, 0xff, 0xff, 0xf8, 0x1f, 0xff,
    0xfe, 0x6, 0x6f, 0xd6, 0xcf, 0x1b, 0xf8, 0x89,
    0xf8, 0x1f, 0xd8, 0xee, 0x0, 0xf, 0xa0, 0xaf,
    0x1b, 0xf0, 0x5, 0xf3, 0x1f, 0x90, 0xce, 0x0,
    0xf, 0xa0, 0xaf, 0x1b, 0xf0, 0xb, 0xe0, 0x1f,
    0x90, 0xce, 0x0, 0x1f, 0x90, 0xaf, 0x1b, 0xf0,
    0xf, 0x90, 0x1f, 0x90, 0xce, 0xa, 0xff, 0xff,
    0xff, 0x1b, 0xf0, 0x5f, 0x40, 0x1f, 0x90, 0xce,
    0x7, 0xaf, 0xda, 0xef, 0xb, 0xf0, 0xbf, 0x0,
    0x1f, 0x90, 0xce, 0x0, 0x2f, 0x80, 0xcf, 0xb,
    0xf0, 0xec, 0x0, 0x1f, 0x90, 0xce, 0x0, 0x4f,
    0x70, 0xcf, 0xb, 0xf0, 0x8f, 0x30, 0x1f, 0x90,
    0xce, 0x0, 0x5f, 0x60, 0xcf, 0xb, 0xf0, 0x1f,
    0xa0, 0x1f, 0x90, 0xce, 0x18, 0xbf, 0xb8, 0xef,
    0xb, 0xf0, 0xa, 0xf1, 0x1f, 0x90, 0xce, 0x2f,
    0xff, 0xff, 0xfe, 0xb, 0xf0, 0x5, 0xf5, 0x1f,
    0xda, 0xee, 0x1, 0xee, 0x11, 0xde, 0xb, 0xf0,
    0x1, 0xf8, 0x1f, 0xff, 0xfe, 0x2, 0xfa, 0x0,
    0xed, 0xb, 0xf0, 0x0, 0xf9, 0x1f, 0x90, 0xce,
    0x7, 0xf6, 0x0, 0xfc, 0xb, 0xf0, 0x0, 0xf8,
    0x1f, 0x90, 0x89, 0xe, 0xe0, 0x1, 0xfa, 0xb,
    0xf2, 0x8a, 0xf4, 0x8, 0x50, 0x0, 0x7f, 0x80,
    0x3, 0xf8, 0xb, 0xf2, 0xff, 0x90, 0x0, 0x0,
    0x4, 0xfd, 0x9, 0xde, 0xf4, 0xb, 0xf0, 0x0,
    0x0, 0x0, 0x0, 0x9, 0xf3, 0x8, 0xff, 0xa0,
    0xb, 0xf0, 0x0, 0x0, 0x0, 0x0, 0x1, 0x30,
    0x0, 0x1, 0x0, 0xb, 0xf0, 0x0, 0x0,

    /* U+54FC "哼" */
    0x0, 0x0, 0x0, 0x0, 0x0, 0x0, 0x0, 0x10,
    0x0, 0x0, 0x0, 0x0, 0x0, 0x0, 0x0, 0x0,
    0x0, 0x9, 0xf7, 0x0, 0x0, 0x0, 0x3, 0x33,
    0x33, 0x32, 0x0, 0x0, 0x4, 0xfd, 0x0, 0x0,
    0x0, 0x1f, 0xff, 0xff, 0xfb, 0x9f, 0xff, 0xff,
    0xff, 0xff, 0xff, 0xff, 0x1f, 0xd8, 0x89, 0xfb,
    0x6b, 0xbb, 0xbb, 0xbb, 0xbb, 0xbb, 0xbb, 0x1f,
    0xb0, 0x1, 0xfb, 0x0, 0x0, 0x0, 0x0, 0x0,
    0x0, 0x0, 0x1f, 0xb0, 0x1, 0xfb, 0x3, 0xff,
    0xff, 0xff, 0xff, 0xff, 0x20, 0x1f, 0xb0, 0x1,
    0xfb, 0x3, 0xfd, 0xaa, 0xaa, 0xaa, 0xef, 0x20,
    0x1f, 0xb0, 0x1, 0xfb, 0x3, 0xfa, 0x0, 0x0,
    0x0, 0xbf, 0x20, 0x1f, 0xb0, 0x1, 0xfb, 0x3,
    0xfa, 0x0, 0x0, 0x0, 0xbf, 0x20, 0x1f, 0xb0,
    0x1, 0xfb, 0x3, 0xff, 0xff, 0xff, 0xff, 0xff,
    0x20, 0x1f, 0xb0, 0x1, 0xfb, 0x2, 0xaa, 0xaa,
    0xaa, 0xaa, 0xaa, 0x10, 0x1f, 0xb0, 0x1, 0xfb,
    0x2, 0x22, 0x22, 0x22, 0x22, 0x22, 0x10, 0x1f,
    0xb0, 0x1, 0xfb, 0x1f, 0xff, 0xff, 0xff, 0xff,
    0xff, 0xa0, 0x1f, 0xfd, 0xdd, 0xfb, 0x7, 0x77,
    0x77, 0x77, 0x7c, 0xff, 0x80, 0x1f, 0xff, 0xff,
    0xfb, 0x0, 0x0, 0x0, 0x2, 0xbf, 0xf8, 0x0,
    0x1f, 0xb0, 0x1, 0xfb, 0x0, 0x0, 0x0, 0x6f,
    0xfd, 0x40, 0x0, 0x1f, 0xb0, 0x0, 0x96, 0x0,
    0x0, 0x0, 0xaf, 0x90, 0x0, 0x0, 0x6, 0x40,
    0x0, 0x0, 0x0, 0x0, 0x0, 0xaf, 0x30, 0x0,
    0x0, 0x0, 0x0, 0x0, 0x0, 0x0, 0x0, 0x0,
    0xaf, 0x30, 0x0, 0x0, 0x0, 0x0, 0x0, 0x0,
    0x0, 0x2, 0xdc, 0xff, 0x30, 0x0, 0x0, 0x0,
    0x0, 0x0, 0x0, 0x0, 0x0, 0xdf, 0xfa, 0x0,
    0x0, 0x0,

    /* U+5531 "唱" */
    0x0, 0x0, 0x0, 0x0, 0x7, 0x88, 0x88, 0x88,
    0x88, 0x88, 0x0, 0x9, 0x99, 0x99, 0x70, 0xf,
    0xff, 0xff, 0xff, 0xff, 0xff, 0x10, 0x1f, 0xff,
    0xff, 0xd0, 0xf, 0xe3, 0x33, 0x33, 0x33, 0xcf,
    0x10, 0x1f, 0xb2, 0x2f, 0xd0, 0xf, 0xe0, 0x0,
    0x0, 0x0, 0xcf, 0x10, 0x1f, 0xb0, 0xf, 0xd0,
    0xf, 0xf8, 0x88, 0x88, 0x88, 0xef, 0x10, 0x1f,
    0xb0, 0xf, 0xd0, 0xf, 0xff, 0xff, 0xff, 0xff,
    0xff, 0x10, 0x1f, 0xb0, 0xf, 0xd0, 0xf, 0xe0,
    0x0, 0x0, 0x0, 0xcf, 0x10, 0x1f, 0xb0, 0xf,
    0xd0, 0xf, 0xe0, 0x0, 0x0, 0x0, 0xcf, 0x10,
    0x1f, 0xb0, 0xf, 0xd0, 0xf, 0xff, 0xff, 0xff,
    0xff, 0xff, 0x10, 0x1f, 0xb0, 0xf, 0xd0, 0x9,
    0xaa, 0xaa, 0xaa, 0xaa, 0xaa, 0x10, 0x1f, 0xb0,
    0xf, 0xd0, 0x0, 0x0, 0x0, 0x0, 0x0, 0x0,
    0x0, 0x1f, 0xb0, 0xf, 0xd0, 0xcf, 0xff, 0xff,
    0xff, 0xff, 0xff, 0xf0, 0x1f, 0xb0, 0xf, 0xd0,
    0xcf, 0xaa, 0xaa, 0xaa, 0xaa, 0xaf, 0xf0, 0x1f,
    0xec, 0xcf, 0xd0, 0xcf, 0x10, 0x0, 0x0, 0x0,
    0xd, 0xf0, 0x1f, 0xfd, 0xdd, 0xa0, 0xcf, 0x98,
    0x88, 0x88, 0x88, 0x8e, 0xf0, 0x1f, 0xb0, 0x0,
    0x0, 0xcf, 0xff, 0xff, 0xff, 0xff, 0xff, 0xf0,
    0x1f, 0xb0, 0x0, 0x0, 0xcf, 0x10, 0x0, 0x0,
    0x0, 0xd, 0xf0, 0x1, 0x10, 0x0, 0x0, 0xcf,
    0x10, 0x0, 0x0, 0x0, 0xd, 0xf0, 0x0, 0x0,
    0x0, 0x0, 0xcf, 0xcb, 0xbb, 0xbb, 0xbb, 0xbf,
    0xf0, 0x0, 0x0, 0x0, 0x0, 0xcf, 0xff, 0xff,
    0xff, 0xff, 0xff, 0xf0, 0x0, 0x0, 0x0, 0x0,
    0xcf, 0x10, 0x0, 0x0, 0x0, 0xd, 0xf0,

    /* U+5587 "喇" */
    0x0, 0x0, 0x0, 0x0, 0x0, 0x59, 0x0, 0x0,
    0x0, 0x6, 0x90, 0x0, 0x0, 0x0, 0x0, 0x0,
    0x9f, 0x10, 0x0, 0x0, 0xb, 0xf1, 0x7, 0x77,
    0x77, 0x27, 0x77, 0xcf, 0x77, 0x73, 0x0, 0xb,
    0xf1, 0x1f, 0xff, 0xff, 0x6f, 0xff, 0xff, 0xff,
    0xf7, 0xdc, 0xb, 0xf1, 0x1f, 0xc4, 0xbf, 0x34,
    0x44, 0xbf, 0x54, 0x41, 0xec, 0xb, 0xf1, 0x1f,
    0xb0, 0xaf, 0x20, 0x0, 0x9f, 0x10, 0x0, 0xec,
    0xb, 0xf1, 0x1f, 0xb0, 0xaf, 0x27, 0xaa, 0xdf,
    0xba, 0xa0, 0xec, 0xb, 0xf1, 0x1f, 0xb0, 0xaf,
    0x2a, 0xfe, 0xff, 0xef, 0xf1, 0xec, 0xb, 0xf1,
    0x1f, 0xb0, 0xaf, 0x2a, 0xe0, 0x9f, 0x19, 0xf1,
    0xec, 0xb, 0xf1, 0x1f, 0xb0, 0xaf, 0x2a, 0xe0,
    0x9f, 0x19, 0xf1, 0xec, 0xb, 0xf1, 0x1f, 0xb0,
    0xaf, 0x2a, 0xe0, 0x9f, 0x19, 0xf1, 0xec, 0xb,
    0xf1, 0x1f, 0xb0, 0xaf, 0x2a, 0xfb, 0xef, 0xbe,
    0xf1, 0xec, 0xb, 0xf1, 0x1f, 0xb0, 0xaf, 0x28,
    0xcd, 0xff, 0xdc, 0xc0, 0xec, 0xb, 0xf1, 0x1f,
    0xb0, 0xaf, 0x20, 0x8, 0xff, 0x40, 0x0, 0xec,
    0xb, 0xf1, 0x1f, 0xfc, 0xef, 0x20, 0x1f, 0xff,
    0xf3, 0x0, 0xec, 0xb, 0xf1, 0x1f, 0xfc, 0xcc,
    0x10, 0xaf, 0xef, 0xef, 0x20, 0xec, 0xb, 0xf1,
    0x1f, 0xb0, 0x0, 0x6, 0xfc, 0x9f, 0x4f, 0xe1,
    0x98, 0xb, 0xf1, 0x1f, 0xb0, 0x0, 0x4f, 0xf2,
    0x9f, 0x19, 0xf6, 0x0, 0xb, 0xf1, 0x5, 0x30,
    0x5, 0xff, 0x60, 0x9f, 0x10, 0xa0, 0x0, 0xb,
    0xf1, 0x0, 0x0, 0x2, 0xe7, 0x0, 0x9f, 0x10,
    0x0, 0x0, 0xc, 0xf1, 0x0, 0x0, 0x0, 0x10,
    0x0, 0x9f, 0x10, 0x0, 0xcd, 0xdf, 0xf0, 0x0,
    0x0, 0x0, 0x0, 0x0, 0x9f, 0x10, 0x0, 0x7d,
    0xfe, 0x60,

    /* U+5668 "器" */
    0x0, 0xbb, 0xbb, 0xbb, 0xb6, 0x0, 0x9b, 0xbb,
    0xbb, 0xbb, 0x0, 0x0, 0xff, 0xff, 0xff, 0xf9,
    0x0, 0xcf, 0xff, 0xff, 0xff, 0x0, 0x0, 0xfb,
    0x0, 0x1, 0xf9, 0x0, 0xcf, 0x0, 0x0, 0xef,
    0x0, 0x0, 0xfb, 0x0, 0x1, 0xf9, 0x0, 0xcf,
    0x0, 0x0, 0xef, 0x0, 0x0, 0xfe, 0xaa, 0xaa,
    0xf9, 0x0, 0xcf, 0xaa, 0xaa, 0xff, 0x0, 0x0,
    0xff, 0xff, 0xff, 0xf9, 0x0, 0xcf, 0xff, 0xff,
    0xff, 0x0, 0x0, 0x0, 0x0, 0x0, 0x4, 0xb4,
    0x0, 0x2, 0x70, 0x0, 0x0, 0x0, 0x0, 0x0,
    0x0, 0x8, 0xf5, 0x0, 0xc, 0xf7, 0x0, 0x0,
    0x7, 0xff, 0xff, 0xff, 0xff, 0xff, 0xff, 0xff,
    0xff, 0xff, 0xf0, 0x5, 0xbb, 0xbb, 0xbd, 0xff,
    0xdb, 0xff, 0xcb, 0xbb, 0xbb, 0xb0, 0x0, 0x0,
    0x1, 0x8f, 0xfc, 0x0, 0x7f, 0xd5, 0x0, 0x0,
    0x0, 0x2, 0x48, 0xcf, 0xff, 0x90, 0x0, 0x5,
    0xef, 0xe9, 0x52, 0x0, 0xaf, 0xff, 0xfe, 0x92,
    0x0, 0x0, 0x0, 0x7, 0xdf, 0xff, 0xf8, 0x1a,
    0x97, 0x30, 0x0, 0x0, 0x0, 0x0, 0x0, 0x3,
    0x7a, 0xc3, 0x0, 0x8f, 0xff, 0xff, 0xff, 0x0,
    0xff, 0xff, 0xff, 0xfe, 0x0, 0x0, 0x8f, 0xba,
    0xaa, 0xff, 0x0, 0xff, 0xaa, 0xaa, 0xfe, 0x0,
    0x0, 0x8f, 0x40, 0x0, 0xef, 0x0, 0xfe, 0x0,
    0x0, 0xfe, 0x0, 0x0, 0x8f, 0x40, 0x0, 0xef,
    0x0, 0xfe, 0x0, 0x0, 0xfe, 0x0, 0x0, 0x8f,
    0xb9, 0x99, 0xff, 0x0, 0xff, 0x99, 0x99, 0xfe,
    0x0, 0x0, 0x8f, 0xff, 0xff, 0xff, 0x0, 0xff,
    0xff, 0xff, 0xfe, 0x0, 0x0, 0x8f, 0x51, 0x11,
    0xef, 0x0, 0xfe, 0x11, 0x11, 0xfe, 0x0,

    /* U+566A "噪" */
    0x0, 0x0, 0x0, 0x0, 0xe, 0xff, 0xff, 0xff,
    0xff, 0xf1, 0x0, 0x0, 0x44, 0x44, 0x40, 0x0,
    0xff, 0xaa, 0xaa, 0xaa, 0xef, 0x10, 0x0, 0xf,
    0xff, 0xff, 0x10, 0xf, 0xe0, 0x0, 0x0, 0xc,
    0xf1, 0x0, 0x0, 0xfc, 0x5b, 0xf1, 0x0, 0xff,
    0xaa, 0xaa, 0xaa, 0xef, 0x10, 0x0, 0xf, 0xa0,
    0x9f, 0x10, 0xe, 0xff, 0xff, 0xff, 0xff, 0xf1,
    0x0, 0x0, 0xfa, 0x9, 0xf1, 0x0, 0x0, 0x0,
    0x0, 0x0, 0x0, 0x0, 0x0, 0xf, 0xa0, 0x9f,
    0x16, 0x88, 0x88, 0x83, 0x18, 0x88, 0x88, 0x80,
    0x0, 0xfa, 0x9, 0xf1, 0xbf, 0xff, 0xff, 0x52,
    0xff, 0xff, 0xff, 0x0, 0xf, 0xa0, 0x9f, 0x1b,
    0xf0, 0x6, 0xf5, 0x2f, 0xa0, 0xd, 0xf0, 0x0,
    0xfa, 0x9, 0xf1, 0xbf, 0x10, 0x7f, 0x52, 0xfa,
    0x0, 0xdf, 0x0, 0xf, 0xa0, 0x9f, 0x1b, 0xff,
    0xff, 0xf5, 0x2f, 0xff, 0xff, 0xf0, 0x0, 0xfa,
    0x9, 0xf1, 0x68, 0x88, 0x88, 0x42, 0x88, 0x88,
    0x88, 0x0, 0xf, 0xa0, 0x9f, 0x10, 0x0, 0x0,
    0xa, 0xf2, 0x0, 0x0, 0x0, 0x0, 0xff, 0xdf,
    0xf1, 0xef, 0xff, 0xff, 0xff, 0xff, 0xff, 0xff,
    0xa0, 0xf, 0xeb, 0xef, 0x19, 0xaa, 0xaa, 0xff,
    0xff, 0xca, 0xaa, 0xa7, 0x0, 0xfa, 0x9, 0xf1,
    0x0, 0x0, 0x9f, 0xff, 0xfe, 0x10, 0x0, 0x0,
    0xf, 0xa0, 0x47, 0x0, 0x1, 0xcf, 0xba, 0xf5,
    0xfe, 0x30, 0x0, 0x0, 0x53, 0x0, 0x0, 0x7,
    0xff, 0x90, 0xaf, 0x23, 0xef, 0x91, 0x0, 0x0,
    0x0, 0x0, 0x6e, 0xfe, 0x60, 0xa, 0xf2, 0x2,
    0xdf, 0xf9, 0x0, 0x0, 0x0, 0x4, 0xf9, 0x10,
    0x0, 0xaf, 0x20, 0x0, 0x7f, 0x90, 0x0, 0x0,
    0x0, 0x0, 0x0, 0x0, 0xa, 0xf2, 0x0, 0x0,
    0x11, 0x0,

    /* U+56DE "回" */
    0x0, 0x0, 0x0, 0x0, 0x0, 0x0, 0x0, 0x0,
    0x0, 0x0, 0x2f, 0xff, 0xff, 0xff, 0xff, 0xff,
    0xff, 0xff, 0xff, 0xfc, 0x2f, 0xeb, 0xbb, 0xbb,
    0xbb, 0xbb, 0xbb, 0xbb, 0xbc, 0xfc, 0x2f, 0xb0,
    0x0, 0x0, 0x0, 0x0, 0x0, 0x0, 0x1, 0xfc,
    0x2f, 0xb0, 0x0, 0x0, 0x0, 0x0, 0x0, 0x0,
    0x1, 0xfc, 0x2f, 0xb0, 0x0, 0xaa, 0xaa, 0xaa,
    0xaa, 0x70, 0x1, 0xfc, 0x2f, 0xb0, 0x1, 0xff,
    0xff, 0xff, 0xff, 0xc0, 0x1, 0xfc, 0x2f, 0xb0,
    0x1, 0xfd, 0x22, 0x22, 0x3f, 0xc0, 0x1, 0xfc,
    0x2f, 0xb0, 0x1, 0xfc, 0x0, 0x0, 0x1f, 0xc0,
    0x1, 0xfc, 0x2f, 0xb0, 0x1, 0xfc, 0x0, 0x0,
    0x1f, 0xc0, 0x1, 0xfc, 0x2f, 0xb0, 0x1, 0xfc,
    0x0, 0x0, 0x1f, 0xc0, 0x1, 0xfc, 0x2f, 0xb0,
    0x1, 0xfc, 0x0, 0x0, 0x1f, 0xc0, 0x1, 0xfc,
    0x2f, 0xb0, 0x1, 0xfc, 0x0, 0x0, 0x1f, 0xc0,
    0x1, 0xfc, 0x2f, 0xb0, 0x1, 0xff, 0xff, 0xff,
    0xff, 0xc0, 0x1, 0xfc, 0x2f, 0xb0, 0x0, 0xcc,
    0xcc, 0xcc, 0xcc, 0x90, 0x1, 0xfc, 0x2f, 0xb0,
    0x0, 0x0, 0x0, 0x0, 0x0, 0x0, 0x1, 0xfc,
    0x2f, 0xb0, 0x0, 0x0, 0x0, 0x0, 0x0, 0x0,
    0x1, 0xfc, 0x2f, 0xb1, 0x11, 0x11, 0x11, 0x11,
    0x11, 0x11, 0x12, 0xfc, 0x2f, 0xff, 0xff, 0xff,
    0xff, 0xff, 0xff, 0xff, 0xff, 0xfc, 0x2f, 0xeb,
    0xbb, 0xbb, 0xbb, 0xbb, 0xbb, 0xbb, 0xbb, 0xfc,
    0x2f, 0xb0, 0x0, 0x0, 0x0, 0x0, 0x0, 0x0,
    0x1, 0xfc,

    /* U+56E0 "因" */
    0x9b, 0xbb, 0xbb, 0xbb, 0xbb, 0xbb, 0xbb, 0xbb,
    0xbb, 0xb9, 0xdf, 0xff, 0xff, 0xff, 0xff, 0xff,
    0xff, 0xff, 0xff, 0xfd, 0xdf, 0x10, 0x0, 0x0,
    0x0, 0x0, 0x0, 0x0, 0x1, 0xfd, 0xdf, 0x0,
    0x0, 0x0, 0x9, 0x80, 0x0, 0x0, 0x0, 0xfd,
    0xdf, 0x0, 0x0, 0x0, 0xf, 0xd0, 0x0, 0x0,
    0x0, 0xfd, 0xdf, 0x0, 0x0, 0x0, 0xf, 0xd0,
    0x0, 0x0, 0x0, 0xfd, 0xdf, 0x1, 0x22, 0x22,
    0x2f, 0xd2, 0x22, 0x22, 0x20, 0xfd, 0xdf, 0x9,
    0xff, 0xff, 0xff, 0xff, 0xff, 0xff, 0xe0, 0xfd,
    0xdf, 0x5, 0xaa, 0xaa, 0xbf, 0xda, 0xaa, 0xaa,
    0x90, 0xfd, 0xdf, 0x0, 0x0, 0x0, 0x8f, 0x60,
    0x0, 0x0, 0x0, 0xfd, 0xdf, 0x0, 0x0, 0x0,
    0xef, 0xc1, 0x0, 0x0, 0x0, 0xfd, 0xdf, 0x0,
    0x0, 0x9, 0xfe, 0xff, 0x60, 0x0, 0x0, 0xfd,
    0xdf, 0x0, 0x0, 0x5f, 0xe1, 0x7f, 0xfb, 0x10,
    0x0, 0xfd, 0xdf, 0x0, 0x6, 0xff, 0x40, 0x3,
    0xdf, 0xd2, 0x0, 0xfd, 0xdf, 0x1, 0xaf, 0xf5,
    0x0, 0x0, 0xb, 0xff, 0x50, 0xfd, 0xdf, 0x8,
    0xfe, 0x40, 0x0, 0x0, 0x0, 0xaf, 0x90, 0xfd,
    0xdf, 0x0, 0x81, 0x0, 0x0, 0x0, 0x0, 0x6,
    0x0, 0xfd, 0xdf, 0x0, 0x0, 0x0, 0x0, 0x0,
    0x0, 0x0, 0x0, 0xfd, 0xdf, 0xff, 0xff, 0xff,
    0xff, 0xff, 0xff, 0xff, 0xff, 0xfd, 0xdf, 0xdd,
    0xdd, 0xdd, 0xdd, 0xdd, 0xdd, 0xdd, 0xdd, 0xfd,
    0xdf, 0x0, 0x0, 0x0, 0x0, 0x0, 0x0, 0x0,
    0x0, 0xfd,

    /* U+56F4 "围" */
    0x9b, 0xbb, 0xbb, 0xbb, 0xbb, 0xbb, 0xbb, 0xbb,
    0xbb, 0xb9, 0xdf, 0xff, 0xff, 0xff, 0xff, 0xff,
    0xff, 0xff, 0xff, 0xfd, 0xdf, 0x10, 0x0, 0x0,
    0x23, 0x10, 0x0, 0x0, 0x1, 0xfd, 0xdf, 0x0,
    0x0, 0x0, 0x7f, 0x60, 0x0, 0x0, 0x0, 0xfd,
    0xdf, 0x2, 0xaa, 0xaa, 0xdf, 0xca, 0xaa, 0xa9,
    0x0, 0xfd, 0xdf, 0x4, 0xff, 0xff, 0xff, 0xff,
    0xff, 0xfe, 0x0, 0xfd, 0xdf, 0x0, 0x0, 0x0,
    0x8f, 0x60, 0x0, 0x0, 0x0, 0xfd, 0xdf, 0x0,
    0x7a, 0xaa, 0xdf, 0xca, 0xaa, 0xa1, 0x0, 0xfd,
    0xdf, 0x0, 0xbf, 0xff, 0xff, 0xff, 0xff, 0xf2,
    0x0, 0xfd, 0xdf, 0x0, 0x12, 0x22, 0x8f, 0x72,
    0x22, 0x20, 0x0, 0xfd, 0xdf, 0x0, 0x0, 0x0,
    0x8f, 0x60, 0x0, 0x0, 0x0, 0xfd, 0xdf, 0x7,
    0xff, 0xff, 0xff, 0xff, 0xff, 0xff, 0x0, 0xfd,
    0xdf, 0x5, 0xbb, 0xbb, 0xdf, 0xdb, 0xbb, 0xfe,
    0x0, 0xfd, 0xdf, 0x0, 0x0, 0x0, 0x7f, 0x60,
    0x0, 0xed, 0x0, 0xfd, 0xdf, 0x0, 0x0, 0x0,
    0x7f, 0x63, 0x44, 0xfa, 0x0, 0xfd, 0xdf, 0x0,
    0x0, 0x0, 0x7f, 0x66, 0xff, 0xf4, 0x0, 0xfd,
    0xdf, 0x0, 0x0, 0x0, 0x7f, 0x61, 0x67, 0x30,
    0x0, 0xfd, 0xdf, 0x0, 0x0, 0x0, 0x37, 0x20,
    0x0, 0x0, 0x0, 0xfd, 0xdf, 0xff, 0xff, 0xff,
    0xff, 0xff, 0xff, 0xff, 0xff, 0xfd, 0xdf, 0xdd,
    0xdd, 0xdd, 0xdd, 0xdd, 0xdd, 0xdd, 0xdd, 0xfd,
    0xdf, 0x0, 0x0, 0x0, 0x0, 0x0, 0x0, 0x0,
    0x0, 0xfd,

    /* U+56FA "固" */
    0x9b, 0xbb, 0xbb, 0xbb, 0xbb, 0xbb, 0xbb, 0xbb,
    0xbb, 0xb9, 0xdf, 0xff, 0xff, 0xff, 0xff, 0xff,
    0xff, 0xff, 0xff, 0xfd, 0xdf, 0x10, 0x0, 0x0,
    0x0, 0x0, 0x0, 0x0, 0x1, 0xfd, 0xdf, 0x0,
    0x0, 0x0, 0xe, 0xe0, 0x0, 0x0, 0x0, 0xfd,
    0xdf, 0x0, 0x0, 0x0, 0xf, 0xf0, 0x0, 0x0,
    0x0, 0xfd, 0xdf, 0x1, 0x11, 0x11, 0x1f, 0xf1,
    0x11, 0x11, 0x10, 0xfd, 0xdf, 0xf, 0xff, 0xff,
    0xff, 0xff, 0xff, 0xff, 0xf0, 0xfd, 0xdf, 0xa,
    0xbb, 0xbb, 0xbf, 0xfb, 0xbb, 0xbb, 0xa0, 0xfd,
    0xdf, 0x0, 0x0, 0x0, 0xf, 0xf0, 0x0, 0x0,
    0x0, 0xfd, 0xdf, 0x0, 0x0, 0x0, 0xf, 0xf0,
    0x0, 0x0, 0x0, 0xfd, 0xdf, 0x0, 0x1b, 0xbb,
    0xbf, 0xfb, 0xbb, 0xb4, 0x0, 0xfd, 0xdf, 0x0,
    0x2f, 0xff, 0xff, 0xff, 0xff, 0xf5, 0x0, 0xfd,
    0xdf, 0x0, 0x2f, 0xa0, 0x0, 0x0, 0x8, 0xf5,
    0x0, 0xfd, 0xdf, 0x0, 0x2f, 0xa0, 0x0, 0x0,
    0x8, 0xf5, 0x0, 0xfd, 0xdf, 0x0, 0x2f, 0xa0,
    0x0, 0x0, 0x8, 0xf5, 0x0, 0xfd, 0xdf, 0x0,
    0x2f, 0xff, 0xff, 0xff, 0xff, 0xf5, 0x0, 0xfd,
    0xdf, 0x0, 0x1c, 0xcc, 0xcc, 0xcc, 0xcc, 0xc4,
    0x0, 0xfd, 0xdf, 0x0, 0x0, 0x0, 0x0, 0x0,
    0x0, 0x0, 0x0, 0xfd, 0xdf, 0xff, 0xff, 0xff,
    0xff, 0xff, 0xff, 0xff, 0xff, 0xfd, 0xdf, 0xdd,
    0xdd, 0xdd, 0xdd, 0xdd, 0xdd, 0xdd, 0xdd, 0xfd,
    0xdf, 0x0, 0x0, 0x0, 0x0, 0x0, 0x0, 0x0,
    0x0, 0xfd,

    /* U+56FE "图" */
    0x9b, 0xbb, 0xbb, 0xbb, 0xbb, 0xbb, 0xbb, 0xbb,
    0xbb, 0xb9, 0xdf, 0xff, 0xff, 0xff, 0xff, 0xff,
    0xff, 0xff, 0xff, 0xfd, 0xdf, 0x10, 0x0, 0x4,
    0x10, 0x0, 0x0, 0x0, 0x1, 0xfd, 0xdf, 0x0,
    0x0, 0x5f, 0x91, 0x11, 0x11, 0x0, 0x0, 0xfd,
    0xdf, 0x0, 0x1, 0xef, 0xff, 0xff, 0xff, 0x60,
    0x0, 0xfd, 0xdf, 0x0, 0xb, 0xfc, 0x88, 0x88,
    0xff, 0x40, 0x0, 0xfd, 0xdf, 0x0, 0xbf, 0xff,
    0x60, 0x9, 0xfa, 0x0, 0x0, 0xfd, 0xdf, 0x8,
    0xf8, 0x2d, 0xfa, 0xaf, 0xc0, 0x0, 0x0, 0xfd,
    0xdf, 0x0, 0x30, 0x2, 0xff, 0xfe, 0x20, 0x0,
    0x0, 0xfd, 0xdf, 0x0, 0x26, 0xbf, 0xfe, 0xdf,
    0xfb, 0x51, 0x0, 0xfd, 0xdf, 0x1e, 0xff, 0xfb,
    0x60, 0x4, 0xaf, 0xff, 0xc0, 0xfd, 0xdf, 0x6,
    0x84, 0x0, 0x9a, 0x50, 0x1, 0x5a, 0x60, 0xfd,
    0xdf, 0x0, 0x0, 0x1, 0xdf, 0xff, 0xa3, 0x0,
    0x0, 0xfd, 0xdf, 0x0, 0x0, 0x33, 0x3, 0x9e,
    0xf3, 0x0, 0x0, 0xfd, 0xdf, 0x0, 0x0, 0xdf,
    0xfa, 0x40, 0x30, 0x0, 0x0, 0xfd, 0xdf, 0x0,
    0x0, 0x38, 0xdf, 0xfe, 0x81, 0x0, 0x0, 0xfd,
    0xdf, 0x0, 0x0, 0x0, 0x2, 0x9e, 0xfc, 0x0,
    0x0, 0xfd, 0xdf, 0x0, 0x0, 0x0, 0x0, 0x0,
    0x72, 0x0, 0x0, 0xfd, 0xdf, 0xff, 0xff, 0xff,
    0xff, 0xff, 0xff, 0xff, 0xff, 0xfd, 0xdf, 0xdd,
    0xdd, 0xdd, 0xdd, 0xdd, 0xdd, 0xdd, 0xdd, 0xfd,
    0xdf, 0x0, 0x0, 0x0, 0x0, 0x0, 0x0, 0x0,
    0x0, 0xfd,

    /* U+5706 "圆" */
    0x7a, 0xaa, 0xaa, 0xaa, 0xaa, 0xaa, 0xaa, 0xaa,
    0xaa, 0xa7, 0xcf, 0xff, 0xff, 0xff, 0xff, 0xff,
    0xff, 0xff, 0xff, 0xfc, 0xcf, 0x0, 0x0, 0x0,
    0x0, 0x0, 0x0, 0x0, 0x0, 0xfc, 0xcf, 0x0,
    0x6, 0xff, 0xff, 0xff, 0xff, 0xa0, 0x0, 0xfc,
    0xcf, 0x0, 0x6, 0xfb, 0xaa, 0xaa, 0xaf, 0xb0,
    0x0, 0xfc, 0xcf, 0x0, 0x6, 0xf4, 0x0, 0x0,
    0xf, 0xb0, 0x0, 0xfc, 0xcf, 0x0, 0x6, 0xfb,
    0xaa, 0xaa, 0xaf, 0xb0, 0x0, 0xfc, 0xcf, 0x0,
    0x6, 0xff, 0xff, 0xff, 0xff, 0xa0, 0x0, 0xfc,
    0xcf, 0x0, 0x0, 0x0, 0x0, 0x0, 0x0, 0x0,
    0x0, 0xfc, 0xcf, 0x0, 0x1f, 0xff, 0xff, 0xff,
    0xff, 0xf5, 0x0, 0xfc, 0xcf, 0x0, 0x1f, 0xd8,
    0x8b, 0xb8, 0x8b, 0xf5, 0x0, 0xfc, 0xcf, 0x0,
    0x1f, 0x90, 0xf, 0xe0, 0x5, 0xf5, 0x0, 0xfc,
    0xcf, 0x0, 0x1f, 0x90, 0xf, 0xd0, 0x5, 0xf5,
    0x0, 0xfc, 0xcf, 0x0, 0x1f, 0x90, 0x2f, 0xc0,
    0x5, 0xf5, 0x0, 0xfc, 0xcf, 0x0, 0xc, 0x72,
    0xdf, 0x70, 0x24, 0xc4, 0x0, 0xfc, 0xcf, 0x0,
    0x3, 0x9f, 0xf9, 0xb, 0xfd, 0x71, 0x0, 0xfc,
    0xcf, 0x9, 0xff, 0xfb, 0x40, 0x0, 0x5c, 0xff,
    0x70, 0xfc, 0xcf, 0x1, 0x85, 0x10, 0x0, 0x0,
    0x0, 0x27, 0x0, 0xfc, 0xcf, 0x99, 0x99, 0x99,
    0x99, 0x99, 0x99, 0x99, 0x99, 0xfc, 0xcf, 0xff,
    0xff, 0xff, 0xff, 0xff, 0xff, 0xff, 0xff, 0xfc,
    0xcf, 0x11, 0x11, 0x11, 0x11, 0x11, 0x11, 0x11,
    0x11, 0xfc,

    /* U+5708 "圈" */
    0x7a, 0xaa, 0xaa, 0xaa, 0xaa, 0xaa, 0xaa, 0xaa,
    0xaa, 0xa7, 0xcf, 0xff, 0xff, 0xff, 0xff, 0xff,
    0xff, 0xff, 0xff, 0xfc, 0xcf, 0x0, 0x0, 0x0,
    0x4, 0x40, 0x1, 0x0, 0x0, 0xfc, 0xcf, 0x0,
    0x7, 0xc0, 0xe, 0xd0, 0x2f, 0x90, 0x0, 0xfc,
    0xcf, 0x0, 0x6, 0xf4, 0x2f, 0x90, 0xbf, 0x20,
    0x0, 0xfc, 0xcf, 0x2, 0x88, 0xa8, 0xaf, 0xba,
    0xfd, 0x88, 0x60, 0xfc, 0xcf, 0x4, 0xff, 0xff,
    0xff, 0xff, 0xff, 0xff, 0xc0, 0xfc, 0xcf, 0x0,
    0x11, 0x13, 0xfa, 0x11, 0x11, 0x11, 0x0, 0xfc,
    0xcf, 0x9, 0x99, 0x9c, 0xfb, 0x99, 0x99, 0x99,
    0x93, 0xfc, 0xcf, 0xf, 0xff, 0xff, 0xff, 0xff,
    0xff, 0xff, 0xf5, 0xfc, 0xcf, 0x0, 0x5, 0xfd,
    0x10, 0x0, 0xc, 0xf3, 0x0, 0xfc, 0xcf, 0x0,
    0x7f, 0xff, 0xff, 0xff, 0xfd, 0xdf, 0x70, 0xfc,
    0xcf, 0x2c, 0xfe, 0xee, 0x77, 0x77, 0xdc, 0x1d,
    0xf7, 0xfc, 0xcf, 0x1e, 0xc1, 0xdc, 0x2, 0x20,
    0xdb, 0x1, 0x90, 0xfc, 0xcf, 0x3, 0x0, 0xdc,
    0x6, 0xff, 0xf7, 0x20, 0x0, 0xfc, 0xcf, 0x0,
    0x0, 0xdc, 0x0, 0x46, 0x40, 0xde, 0x20, 0xfc,
    0xcf, 0x0, 0x0, 0xcf, 0xa9, 0x99, 0xac, 0xfd,
    0x0, 0xfc, 0xcf, 0x0, 0x0, 0x39, 0xab, 0xbb,
    0xa9, 0x82, 0x0, 0xfc, 0xcf, 0x99, 0x99, 0x99,
    0x99, 0x99, 0x99, 0x99, 0x99, 0xfc, 0xcf, 0xff,
    0xff, 0xff, 0xff, 0xff, 0xff, 0xff, 0xff, 0xfc,
    0xcf, 0x11, 0x11, 0x11, 0x11, 0x11, 0x11, 0x11,
    0x11, 0xfc,

    /* U+5728 "在" */
    0x0, 0x0, 0x0, 0x0, 0x9, 0x60, 0x0, 0x0,
    0x0, 0x0, 0x0, 0x0, 0x0, 0x0, 0x0, 0x5,
    0xfb, 0x0, 0x0, 0x0, 0x0, 0x0, 0x0, 0x0,
    0x0, 0x0, 0x0, 0xbf, 0x50, 0x0, 0x0, 0x0,
    0x0, 0x0, 0x0, 0x8b, 0xbb, 0xbb, 0xbf, 0xfc,
    0xbb, 0xbb, 0xbb, 0xbb, 0xbb, 0xb3, 0xb, 0xff,
    0xff, 0xff, 0xff, 0xff, 0xff, 0xff, 0xff, 0xff,
    0xff, 0x40, 0x1, 0x11, 0x13, 0xff, 0x21, 0x11,
    0x11, 0x11, 0x11, 0x11, 0x10, 0x0, 0x0, 0x0,
    0xbf, 0x80, 0x0, 0x4, 0xa4, 0x0, 0x0, 0x0,
    0x0, 0x0, 0x0, 0x3f, 0xf1, 0x0, 0x0, 0x7f,
    0x70, 0x0, 0x0, 0x0, 0x0, 0x0, 0x8d, 0xf7,
    0x0, 0x0, 0x7, 0xf7, 0x0, 0x0, 0x0, 0x0,
    0x0, 0xf, 0xfd, 0x0, 0x0, 0x0, 0x7f, 0x70,
    0x0, 0x0, 0x0, 0x0, 0x5, 0xff, 0x30, 0x0,
    0x0, 0x7, 0xf7, 0x0, 0x0, 0x0, 0x0, 0x4,
    0xff, 0xe0, 0x1f, 0xff, 0xff, 0xff, 0xff, 0xff,
    0xff, 0x40, 0x2, 0xff, 0xfe, 0x0, 0xcc, 0xcc,
    0xce, 0xfe, 0xcc, 0xcc, 0xc3, 0x2, 0xef, 0xcf,
    0xe0, 0x0, 0x0, 0x0, 0x7f, 0x70, 0x0, 0x0,
    0x0, 0x1e, 0xc0, 0xfe, 0x0, 0x0, 0x0, 0x7,
    0xf7, 0x0, 0x0, 0x0, 0x0, 0x20, 0xf, 0xe0,
    0x0, 0x0, 0x0, 0x7f, 0x70, 0x0, 0x0, 0x0,
    0x0, 0x0, 0xfe, 0x0, 0x0, 0x0, 0x7, 0xf7,
    0x0, 0x0, 0x0, 0x0, 0x0, 0xf, 0xe0, 0x0,
    0x0, 0x0, 0x7f, 0x70, 0x0, 0x0, 0x0, 0x0,
    0x0, 0xfe, 0x0, 0x0, 0x0, 0x7, 0xf7, 0x0,
    0x0, 0x0, 0x0, 0x0, 0xf, 0xe2, 0xbb, 0xbb,
    0xbb, 0xdf, 0xdb, 0xbb, 0xbb, 0xb1, 0x0, 0x0,
    0xfe, 0x3f, 0xff, 0xff, 0xff, 0xff, 0xff, 0xff,
    0xff, 0x10, 0x0, 0xf, 0xe0, 0x0, 0x0, 0x0,
    0x0, 0x0, 0x0, 0x0, 0x0,

    /* U+5730 "地" */
    0x0, 0x0, 0x10, 0x0, 0x0, 0x0, 0x0, 0x18,
    0x60, 0x0, 0x0, 0x0, 0x0, 0x3f, 0x90, 0x0,
    0x0, 0x0, 0x3, 0xfb, 0x0, 0x0, 0x0, 0x0,
    0x3, 0xf9, 0x0, 0x0, 0x18, 0x50, 0x3f, 0xb0,
    0x0, 0x0, 0x0, 0x0, 0x3f, 0x90, 0x0, 0x3,
    0xfa, 0x3, 0xfb, 0x0, 0x0, 0x0, 0x0, 0x3,
    0xf9, 0x0, 0x0, 0x3f, 0xa0, 0x3f, 0xb0, 0x0,
    0x0, 0x0, 0x0, 0x3f, 0x90, 0x0, 0x3, 0xfa,
    0x3, 0xfb, 0x2, 0x7d, 0x40, 0x9, 0xbb, 0xfd,
    0xbb, 0x30, 0x3f, 0xa0, 0x3f, 0xdc, 0xff, 0xf4,
    0x0, 0xef, 0xff, 0xff, 0xf5, 0x3, 0xfb, 0x5c,
    0xff, 0xfa, 0xcf, 0x40, 0x0, 0x3, 0xf9, 0x0,
    0x0, 0x7f, 0xff, 0xff, 0xc1, 0xb, 0xf3, 0x0,
    0x0, 0x3f, 0x90, 0x2, 0xff, 0xfe, 0x75, 0xfb,
    0x0, 0xbf, 0x30, 0x0, 0x3, 0xf9, 0x0, 0xa,
    0xbf, 0xa0, 0x3f, 0xb0, 0xc, 0xf2, 0x0, 0x0,
    0x3f, 0x90, 0x0, 0x3, 0xfa, 0x3, 0xfb, 0x0,
    0xdf, 0x10, 0x0, 0x3, 0xf9, 0x0, 0x0, 0x3f,
    0xa0, 0x3f, 0xb0, 0xf, 0xf0, 0x0, 0x0, 0x3f,
    0x90, 0x0, 0x3, 0xfa, 0x3, 0xfb, 0x13, 0xfd,
    0x0, 0x0, 0x3, 0xf9, 0x28, 0x0, 0x3f, 0xa0,
    0x3f, 0xb9, 0xff, 0x80, 0x0, 0x0, 0x4f, 0xff,
    0xf2, 0x3, 0xfa, 0x3, 0xfb, 0x6d, 0xa0, 0x0,
    0x19, 0xdf, 0xff, 0xb4, 0x0, 0x3f, 0xa0, 0x3f,
    0xb0, 0x0, 0x34, 0x0, 0xff, 0xe9, 0x20, 0x0,
    0x3, 0xfa, 0x0, 0x0, 0x0, 0x7, 0xf7, 0x7,
    0x30, 0x0, 0x0, 0x0, 0x3f, 0xa0, 0x0, 0x0,
    0x0, 0x9f, 0x50, 0x0, 0x0, 0x0, 0x0, 0x3,
    0xfb, 0x0, 0x0, 0x0, 0x1d, 0xf2, 0x0, 0x0,
    0x0, 0x0, 0x0, 0x2f, 0xfd, 0xcc, 0xcd, 0xef,
    0xfd, 0x0, 0x0, 0x0, 0x0, 0x0, 0x0, 0x8e,
    0xef, 0xff, 0xff, 0xda, 0x20,

    /* U+573A "场" */
    0x0, 0x0, 0x31, 0x0, 0x0, 0x0, 0x0, 0x0,
    0x0, 0x0, 0x0, 0x0, 0x3, 0xf9, 0x0, 0xa,
    0xdd, 0xdd, 0xdd, 0xdd, 0xdd, 0x10, 0x0, 0x3,
    0xf9, 0x0, 0xc, 0xff, 0xff, 0xff, 0xff, 0xff,
    0x10, 0x0, 0x3, 0xf9, 0x0, 0x0, 0x0, 0x0,
    0x0, 0x6f, 0xf6, 0x0, 0x0, 0x3, 0xf9, 0x0,
    0x0, 0x0, 0x0, 0x7, 0xff, 0x50, 0x0, 0x0,
    0x3, 0xf9, 0x0, 0x0, 0x0, 0x0, 0xaf, 0xe3,
    0x0, 0x0, 0xc, 0xdd, 0xfe, 0xdd, 0x40, 0x0,
    0x3d, 0xfc, 0x20, 0x0, 0x0, 0xd, 0xff, 0xff,
    0xff, 0x40, 0x19, 0xff, 0x80, 0x0, 0x0, 0x0,
    0x0, 0x3, 0xf9, 0x0, 0x7, 0xef, 0xc3, 0x0,
    0x0, 0x0, 0x0, 0x0, 0x3, 0xf9, 0x0, 0x3f,
    0xff, 0xff, 0xff, 0xff, 0xff, 0xf9, 0x0, 0x3,
    0xf9, 0x0, 0x9, 0xaa, 0xcf, 0xca, 0xdf, 0xcc,
    0xf9, 0x0, 0x3, 0xf9, 0x0, 0x0, 0x0, 0xbf,
    0x20, 0xaf, 0x36, 0xf8, 0x0, 0x3, 0xf9, 0x0,
    0x0, 0x1, 0xfd, 0x0, 0xef, 0x6, 0xf8, 0x0,
    0x3, 0xf9, 0x0, 0x0, 0xa, 0xf6, 0x4, 0xfa,
    0x6, 0xf8, 0x0, 0x3, 0xf9, 0x17, 0x0, 0x4f,
    0xd0, 0xb, 0xf5, 0x6, 0xf7, 0x0, 0x3, 0xfe,
    0xff, 0x21, 0xef, 0x40, 0x3f, 0xe0, 0x7, 0xf6,
    0x8, 0xcf, 0xff, 0xc5, 0x1d, 0xf7, 0x0, 0xcf,
    0x50, 0x8, 0xf6, 0xf, 0xfd, 0x82, 0x1, 0xdf,
    0x90, 0x9, 0xfc, 0x0, 0x9, 0xf4, 0x6, 0x20,
    0x0, 0x0, 0xb8, 0x0, 0x7f, 0xf2, 0x0, 0xb,
    0xf3, 0x0, 0x0, 0x0, 0x0, 0x0, 0x7, 0xff,
    0x40, 0x0, 0xf, 0xf1, 0x0, 0x0, 0x0, 0x0,
    0x0, 0x8f, 0xf5, 0x0, 0xed, 0xdf, 0xc0, 0x0,
    0x0, 0x0, 0x0, 0x0, 0x1d, 0x40, 0x0, 0xde,
    0xfc, 0x20, 0x0, 0x0, 0x0, 0x0, 0x0, 0x0,
    0x0, 0x0, 0x0, 0x0, 0x0,

    /* U+5747 "均" */
    0x0, 0x0, 0x0, 0x0, 0x0, 0x1, 0x51, 0x0,
    0x0, 0x0, 0x0, 0x0, 0x2, 0xf9, 0x0, 0x0,
    0x6, 0xf9, 0x0, 0x0, 0x0, 0x0, 0x0, 0x3,
    0xf9, 0x0, 0x0, 0xa, 0xf5, 0x0, 0x0, 0x0,
    0x0, 0x0, 0x3, 0xf9, 0x0, 0x0, 0xf, 0xf5,
    0x44, 0x44, 0x44, 0x43, 0x0, 0x3, 0xf9, 0x0,
    0x0, 0x5f, 0xff, 0xff, 0xff, 0xff, 0xfe, 0x0,
    0x3, 0xf9, 0x0, 0x0, 0xcf, 0x98, 0x88, 0x88,
    0x88, 0xfe, 0xc, 0xdd, 0xfe, 0xdd, 0x44, 0xfe,
    0x0, 0x0, 0x0, 0x1, 0xfe, 0xd, 0xff, 0xff,
    0xff, 0x4c, 0xf6, 0x2, 0x20, 0x0, 0x1, 0xfe,
    0x0, 0x3, 0xf9, 0x0, 0x6f, 0xd0, 0x2f, 0xe2,
    0x0, 0x1, 0xfd, 0x0, 0x3, 0xf9, 0x0, 0x2d,
    0x30, 0x7, 0xfd, 0x0, 0x1, 0xfd, 0x0, 0x3,
    0xf9, 0x0, 0x0, 0x0, 0x0, 0xaf, 0xa0, 0x1,
    0xfd, 0x0, 0x3, 0xf9, 0x0, 0x0, 0x0, 0x0,
    0x1d, 0x50, 0x1, 0xfc, 0x0, 0x3, 0xf9, 0x0,
    0x0, 0x0, 0x0, 0x0, 0x0, 0x2, 0xfc, 0x0,
    0x3, 0xf9, 0x0, 0x0, 0x0, 0x0, 0x2, 0x8d,
    0x2, 0xfb, 0x0, 0x3, 0xf9, 0x6, 0x0, 0x0,
    0x38, 0xdf, 0xff, 0x23, 0xfa, 0x0, 0x3, 0xfe,
    0xff, 0x10, 0xae, 0xff, 0xfc, 0x60, 0x3, 0xf9,
    0x7, 0xbf, 0xff, 0xc6, 0x0, 0xdf, 0xc7, 0x20,
    0x0, 0x4, 0xf8, 0xf, 0xfe, 0x93, 0x0, 0x0,
    0x31, 0x0, 0x0, 0x0, 0x6, 0xf6, 0x7, 0x30,
    0x0, 0x0, 0x0, 0x0, 0x0, 0x0, 0x0, 0x9,
    0xf4, 0x0, 0x0, 0x0, 0x0, 0x0, 0x0, 0x0,
    0x0, 0x0, 0x1e, 0xf0, 0x0, 0x0, 0x0, 0x0,
    0x0, 0x0, 0x3, 0xff, 0xed, 0xef, 0x90, 0x0,
    0x0, 0x0, 0x0, 0x0, 0x0, 0x0, 0xde, 0xff,
    0xfb, 0x0, 0x0, 0x0, 0x0, 0x0, 0x0, 0x0,
    0x0, 0x0, 0x0, 0x0, 0x0,

    /* U+574A "坊" */
    0x0, 0x0, 0x11, 0x0, 0x0, 0x0, 0x0, 0x12,
    0x0, 0x0, 0x0, 0x0, 0x0, 0xfe, 0x0, 0x0,
    0x0, 0x2, 0xfe, 0x0, 0x0, 0x0, 0x0, 0x0,
    0xfe, 0x0, 0x0, 0x0, 0x0, 0xcf, 0x50, 0x0,
    0x0, 0x0, 0x0, 0xfe, 0x0, 0x0, 0x0, 0x0,
    0x6f, 0xa0, 0x0, 0x0, 0x0, 0x0, 0xfe, 0x0,
    0x4, 0x55, 0x55, 0x6f, 0xe5, 0x55, 0x54, 0x0,
    0x0, 0xfe, 0x0, 0xe, 0xff, 0xff, 0xff, 0xff,
    0xff, 0xfc, 0x3d, 0xdd, 0xff, 0xdd, 0xc6, 0x77,
    0xfe, 0x77, 0x77, 0x77, 0x75, 0x3f, 0xff, 0xff,
    0xff, 0xe0, 0x0, 0xfd, 0x0, 0x0, 0x0, 0x0,
    0x0, 0x0, 0xfe, 0x0, 0x0, 0x0, 0xfd, 0x0,
    0x0, 0x0, 0x0, 0x0, 0x0, 0xfe, 0x0, 0x0,
    0x1, 0xfe, 0xaa, 0xaa, 0xaa, 0x90, 0x0, 0x0,
    0xfe, 0x0, 0x0, 0x2, 0xff, 0xff, 0xff, 0xff,
    0xe0, 0x0, 0x0, 0xfe, 0x0, 0x0, 0x4, 0xfa,
    0x0, 0x0, 0x4f, 0xe0, 0x0, 0x0, 0xfe, 0x0,
    0x0, 0x6, 0xf8, 0x0, 0x0, 0x4f, 0xd0, 0x0,
    0x0, 0xfe, 0x0, 0x45, 0x9, 0xf5, 0x0, 0x0,
    0x4f, 0xd0, 0x0, 0x0, 0xff, 0x7e, 0xfa, 0xc,
    0xf1, 0x0, 0x0, 0x5f, 0xc0, 0x0, 0x27, 0xff,
    0xff, 0x92, 0x2f, 0xc0, 0x0, 0x0, 0x6f, 0xb0,
    0x5d, 0xff, 0xfd, 0x71, 0x0, 0x9f, 0x50, 0x0,
    0x0, 0x7f, 0xa0, 0x6f, 0xe9, 0x30, 0x0, 0x3,
    0xfe, 0x0, 0x0, 0x0, 0x9f, 0x90, 0x24, 0x0,
    0x0, 0x0, 0x1e, 0xf5, 0x0, 0x0, 0x0, 0xbf,
    0x70, 0x0, 0x0, 0x0, 0x2, 0xdf, 0x90, 0x0,
    0x22, 0x2, 0xff, 0x50, 0x0, 0x0, 0x0, 0x2f,
    0xfb, 0x0, 0x0, 0xaf, 0xff, 0xfe, 0x0, 0x0,
    0x0, 0x0, 0xa, 0xa0, 0x0, 0x0, 0x7d, 0xef,
    0xc3, 0x0, 0x0, 0x0, 0x0, 0x0, 0x0, 0x0,
    0x0, 0x0, 0x0, 0x0, 0x0,

    /* U+5757 "块" */
    0x0, 0x0, 0x0, 0x0, 0x0, 0x0, 0x4, 0x50,
    0x0, 0x0, 0x0, 0x0, 0x0, 0x2, 0xf9, 0x0,
    0x0, 0x0, 0xc, 0xf2, 0x0, 0x0, 0x0, 0x0,
    0x0, 0x3, 0xf9, 0x0, 0x0, 0x0, 0xc, 0xf2,
    0x0, 0x0, 0x0, 0x0, 0x0, 0x3, 0xf9, 0x0,
    0x0, 0x0, 0xc, 0xf2, 0x0, 0x0, 0x0, 0x0,
    0x0, 0x3, 0xf9, 0x0, 0x0, 0x88, 0x8e, 0xf9,
    0x88, 0x88, 0x50, 0x0, 0x0, 0x3, 0xf9, 0x0,
    0x1, 0xff, 0xff, 0xff, 0xff, 0xff, 0xb0, 0x0,
    0xc, 0xdd, 0xfe, 0xdd, 0x40, 0x44, 0x4d, 0xf5,
    0x44, 0x6f, 0xb0, 0x0, 0xd, 0xff, 0xff, 0xff,
    0x40, 0x0, 0xc, 0xf1, 0x0, 0x2f, 0xb0, 0x0,
    0x0, 0x3, 0xf9, 0x0, 0x0, 0x0, 0xc, 0xf1,
    0x0, 0x2f, 0xb0, 0x0, 0x0, 0x3, 0xf9, 0x0,
    0x0, 0x0, 0xd, 0xf0, 0x0, 0x2f, 0xb0, 0x0,
    0x0, 0x3, 0xf9, 0x0, 0x0, 0x0, 0xd, 0xf0,
    0x0, 0x2f, 0xb0, 0x0, 0x0, 0x3, 0xf9, 0x0,
    0xdd, 0xdd, 0xdf, 0xfd, 0xdd, 0xdf, 0xfd, 0xa0,
    0x0, 0x3, 0xf9, 0x1, 0xff, 0xff, 0xff, 0xff,
    0xff, 0xff, 0xff, 0xc0, 0x0, 0x3, 0xf9, 0x0,
    0x0, 0x0, 0x6f, 0xff, 0x60, 0x0, 0x0, 0x0,
    0x0, 0x3, 0xf9, 0x28, 0x0, 0x0, 0xbf, 0x9f,
    0xd0, 0x0, 0x0, 0x0, 0x0, 0x4, 0xff, 0xff,
    0x20, 0x3, 0xfe, 0xb, 0xf8, 0x0, 0x0, 0x0,
    0x19, 0xdf, 0xff, 0xa4, 0x0, 0xc, 0xf7, 0x2,
    0xff, 0x50, 0x0, 0x0, 0xf, 0xfc, 0x71, 0x0,
    0x0, 0x8f, 0xd0, 0x0, 0x5f, 0xf4, 0x0, 0x0,
    0x5, 0x10, 0x0, 0x0, 0x7, 0xff, 0x40, 0x0,
    0x8, 0xff, 0x60, 0x0, 0x0, 0x0, 0x0, 0x0,
    0x8f, 0xf6, 0x0, 0x0, 0x0, 0x8f, 0xfb, 0x10,
    0x0, 0x0, 0x0, 0xb, 0xff, 0x70, 0x0, 0x0,
    0x0, 0x7, 0xff, 0xc0, 0x0, 0x0, 0x0, 0x3,
    0xd5, 0x0, 0x0, 0x0, 0x0, 0x0, 0x3d, 0x20,
    0x0, 0x0, 0x0, 0x0, 0x0, 0x0, 0x0, 0x0,
    0x0, 0x0, 0x0, 0x0,

    /* U+5761 "坡" */
    0x0, 0x0, 0x0, 0x0, 0x0, 0x0, 0x0, 0x46,
    0x10, 0x0, 0x0, 0x0, 0x0, 0x3f, 0x90, 0x0,
    0x0, 0x0, 0xb, 0xf2, 0x0, 0x0, 0x0, 0x0,
    0x3, 0xf9, 0x0, 0x0, 0x0, 0x0, 0xbf, 0x20,
    0x0, 0x0, 0x0, 0x0, 0x3f, 0x90, 0x0, 0x6,
    0x66, 0x6d, 0xf7, 0x66, 0x66, 0x61, 0x0, 0x3,
    0xf9, 0x0, 0x1, 0xff, 0xff, 0xff, 0xff, 0xff,
    0xff, 0x30, 0x0, 0x3f, 0x90, 0x0, 0x1f, 0xc6,
    0x6d, 0xf8, 0x66, 0x7f, 0xf2, 0xc, 0xdd, 0xfe,
    0xdd, 0x41, 0xfa, 0x0, 0xbf, 0x20, 0x7, 0xfb,
    0x0, 0xdf, 0xff, 0xff, 0xf4, 0x1f, 0xa0, 0xb,
    0xf2, 0x0, 0xdf, 0x50, 0x0, 0x3, 0xf9, 0x0,
    0x1, 0xfa, 0x0, 0xbf, 0x20, 0x19, 0xc0, 0x0,
    0x0, 0x3f, 0x90, 0x0, 0x1f, 0xa0, 0xb, 0xf2,
    0x0, 0x0, 0x0, 0x0, 0x3, 0xf9, 0x0, 0x1,
    0xff, 0xff, 0xff, 0xff, 0xff, 0xf4, 0x0, 0x0,
    0x3f, 0x90, 0x0, 0x1f, 0xda, 0xaa, 0xaa, 0xaa,
    0xff, 0x10, 0x0, 0x3, 0xf9, 0x0, 0x1, 0xf8,
    0x1, 0x0, 0x0, 0x4f, 0xd0, 0x0, 0x0, 0x3f,
    0x90, 0x0, 0x3f, 0x7b, 0xa0, 0x0, 0xa, 0xf7,
    0x0, 0x0, 0x3, 0xf9, 0x16, 0x5, 0xf6, 0x9f,
    0x40, 0x3, 0xfe, 0x10, 0x0, 0x0, 0x3f, 0xef,
    0xf1, 0xaf, 0x31, 0xfe, 0x21, 0xdf, 0x60, 0x0,
    0x7, 0xcf, 0xff, 0xc5, 0xe, 0xf0, 0x6, 0xfd,
    0xcf, 0xb0, 0x0, 0x0, 0xff, 0xd8, 0x20, 0x5,
    0xfb, 0x0, 0xa, 0xff, 0xd0, 0x0, 0x0, 0x6,
    0x30, 0x0, 0x0, 0xdf, 0x40, 0x5, 0xef, 0xff,
    0x91, 0x0, 0x0, 0x0, 0x0, 0x0, 0x6f, 0xd0,
    0x4b, 0xff, 0x97, 0xff, 0xf8, 0x10, 0x0, 0x0,
    0x0, 0x1f, 0xf4, 0x7f, 0xfe, 0x40, 0x2, 0xcf,
    0xff, 0x80, 0x0, 0x0, 0x1, 0xba, 0x1, 0xd7,
    0x0, 0x0, 0x0, 0x4c, 0xe1, 0x0, 0x0, 0x0,
    0x0, 0x0, 0x0, 0x0, 0x0, 0x0, 0x0, 0x1,
    0x0,

    /* U+5782 "垂" */
    0x0, 0x11, 0x22, 0x23, 0x34, 0x45, 0x68, 0x9a,
    0xbc, 0xd1, 0x0, 0x0, 0xff, 0xff, 0xff, 0xff,
    0xff, 0xff, 0xff, 0xff, 0xd7, 0x0, 0x0, 0x79,
    0x98, 0x87, 0x79, 0xfb, 0x43, 0x21, 0x0, 0x0,
    0x0, 0x0, 0x0, 0x0, 0x0, 0x4, 0xfa, 0x0,
    0x0, 0x0, 0x0, 0x0, 0x1b, 0xbb, 0xbb, 0xbb,
    0xbc, 0xfe, 0xbb, 0xbb, 0xbb, 0xbb, 0x90, 0x2f,
    0xff, 0xff, 0xff, 0xff, 0xff, 0xff, 0xff, 0xff,
    0xff, 0xc0, 0x0, 0x0, 0xcf, 0x0, 0x4, 0xfa,
    0x0, 0x5, 0xf5, 0x0, 0x0, 0x0, 0x0, 0xcf,
    0x0, 0x4, 0xfa, 0x0, 0x5, 0xf5, 0x0, 0x0,
    0x0, 0x0, 0xcf, 0x0, 0x4, 0xfa, 0x0, 0x5,
    0xf5, 0x0, 0x0, 0x8c, 0xcc, 0xff, 0xcc, 0xcd,
    0xfe, 0xcc, 0xcd, 0xfd, 0xcc, 0xc3, 0xbf, 0xff,
    0xff, 0xff, 0xff, 0xff, 0xff, 0xff, 0xff, 0xff,
    0xf4, 0x0, 0x0, 0xcf, 0x0, 0x4, 0xfa, 0x0,
    0x5, 0xf5, 0x0, 0x0, 0x0, 0x0, 0xcf, 0x0,
    0x4, 0xfa, 0x0, 0x5, 0xf5, 0x0, 0x0, 0x0,
    0x0, 0xcf, 0x0, 0x4, 0xfa, 0x0, 0x5, 0xf5,
    0x0, 0x0, 0x9, 0xaa, 0xef, 0xaa, 0xab, 0xfd,
    0xaa, 0xac, 0xfc, 0xaa, 0x60, 0xf, 0xff, 0xff,
    0xff, 0xff, 0xff, 0xff, 0xff, 0xff, 0xff, 0xa0,
    0x0, 0x0, 0x0, 0x0, 0x4, 0xfa, 0x0, 0x0,
    0x0, 0x0, 0x0, 0x0, 0x0, 0x0, 0x0, 0x4,
    0xfa, 0x0, 0x0, 0x0, 0x0, 0x0, 0x6, 0x99,
    0x99, 0x99, 0x9b, 0xfd, 0x99, 0x99, 0x99, 0x99,
    0x40, 0xb, 0xff, 0xff, 0xff, 0xff, 0xff, 0xff,
    0xff, 0xff, 0xff, 0x70, 0x1, 0x11, 0x11, 0x11,
    0x11, 0x11, 0x11, 0x11, 0x11, 0x11, 0x0,

    /* U+578B "型" */
    0x0, 0x0, 0x0, 0x0, 0x0, 0x0, 0x0, 0x0,
    0x0, 0x22, 0x0, 0x9, 0xaa, 0xaa, 0xaa, 0xaa,
    0xaa, 0x10, 0x0, 0x0, 0xbf, 0x0, 0xe, 0xff,
    0xff, 0xff, 0xff, 0xff, 0x20, 0xa8, 0x0, 0xbf,
    0x0, 0x2, 0x2b, 0xf4, 0x22, 0xee, 0x22, 0x0,
    0xfd, 0x0, 0xbf, 0x0, 0x0, 0xa, 0xf2, 0x0,
    0xde, 0x0, 0x0, 0xfd, 0x0, 0xbf, 0x0, 0x0,
    0xa, 0xf2, 0x0, 0xde, 0x0, 0x0, 0xfd, 0x0,
    0xbf, 0x0, 0x47, 0x7c, 0xf8, 0x77, 0xef, 0x77,
    0x50, 0xfd, 0x0, 0xbf, 0x0, 0xaf, 0xff, 0xff,
    0xff, 0xff, 0xff, 0xb0, 0xfd, 0x0, 0xbf, 0x0,
    0x23, 0x3c, 0xf4, 0x33, 0xef, 0x33, 0x20, 0xfd,
    0x0, 0xbf, 0x0, 0x0, 0x1f, 0xe0, 0x0, 0xde,
    0x0, 0x0, 0xfd, 0x0, 0xbf, 0x0, 0x0, 0xaf,
    0x90, 0x0, 0xde, 0x0, 0x0, 0xfc, 0x0, 0xbf,
    0x0, 0xa, 0xff, 0x20, 0x0, 0xde, 0x0, 0x0,
    0x0, 0x0, 0xcf, 0x0, 0x2f, 0xf7, 0x0, 0x0,
    0xde, 0x0, 0x0, 0xd, 0xcc, 0xff, 0x0, 0xa,
    0x70, 0x0, 0x0, 0x77, 0x0, 0x0, 0xa, 0xff,
    0xf8, 0x0, 0x0, 0x0, 0x0, 0x0, 0x0, 0xcb,
    0x0, 0x0, 0x1, 0x0, 0x0, 0x0, 0x0, 0x0,
    0x0, 0x1, 0xfe, 0x0, 0x0, 0x0, 0x0, 0x0,
    0x2, 0xff, 0xff, 0xff, 0xff, 0xff, 0xff, 0xff,
    0xff, 0xff, 0x0, 0x1, 0xaa, 0xaa, 0xaa, 0xaa,
    0xff, 0xaa, 0xaa, 0xaa, 0xa9, 0x0, 0x0, 0x0,
    0x0, 0x0, 0x1, 0xfe, 0x0, 0x0, 0x0, 0x0,
    0x0, 0x0, 0x0, 0x0, 0x0, 0x1, 0xfe, 0x0,
    0x0, 0x0, 0x0, 0x0, 0xbc, 0xcc, 0xcc, 0xcc,
    0xcc, 0xff, 0xcc, 0xcc, 0xcc, 0xcc, 0xc6, 0xef,
    0xff, 0xff, 0xff, 0xff, 0xff, 0xff, 0xff, 0xff,
    0xff, 0xf8,

    /* U+57FA "基" */
    0x0, 0x0, 0x0, 0x31, 0x0, 0x0, 0x0, 0x0,
    0x13, 0x0, 0x0, 0x0, 0x0, 0x0, 0x3, 0xf8,
    0x0, 0x0, 0x0, 0x0, 0x9f, 0x30, 0x0, 0x0,
    0x0, 0xbb, 0xbc, 0xfd, 0xbb, 0xbb, 0xbb, 0xbb,
    0xef, 0xcb, 0xbb, 0x10, 0x0, 0xff, 0xff, 0xff,
    0xff, 0xff, 0xff, 0xff, 0xff, 0xff, 0xff, 0x10,
    0x0, 0x0, 0x3, 0xf8, 0x0, 0x0, 0x0, 0x0,
    0x9f, 0x30, 0x0, 0x0, 0x0, 0x0, 0x3, 0xfd,
    0xaa, 0xaa, 0xaa, 0xaa, 0xdf, 0x30, 0x0, 0x0,
    0x0, 0x0, 0x3, 0xff, 0xff, 0xff, 0xff, 0xff,
    0xff, 0x30, 0x0, 0x0, 0x0, 0x0, 0x3, 0xf8,
    0x0, 0x0, 0x0, 0x0, 0x9f, 0x30, 0x0, 0x0,
    0x0, 0x0, 0x3, 0xfc, 0x88, 0x88, 0x88, 0x88,
    0xdf, 0x30, 0x0, 0x0, 0x0, 0x0, 0x3, 0xff,
    0xff, 0xff, 0xff, 0xff, 0xff, 0x30, 0x0, 0x0,
    0x0, 0x0, 0x3, 0xf8, 0x0, 0x0, 0x0, 0x0,
    0x9f, 0x30, 0x0, 0x0, 0x0, 0x0, 0x3, 0xf8,
    0x0, 0x0, 0x0, 0x0, 0x9f, 0x30, 0x0, 0x0,
    0xc, 0xff, 0xff, 0xff, 0xff, 0xff, 0xff, 0xff,
    0xff, 0xff, 0xff, 0xf0, 0x8, 0xaa, 0xaa, 0xdf,
    0xfa, 0xaa, 0xaa, 0xae, 0xfe, 0xaa, 0xaa, 0x90,
    0x0, 0x0, 0x7, 0xff, 0x30, 0x6, 0x50, 0x2,
    0xff, 0x80, 0x0, 0x0, 0x0, 0x4, 0xcf, 0xe3,
    0x0, 0xf, 0xd0, 0x0, 0x3e, 0xfe, 0x60, 0x0,
    0x5, 0xcf, 0xfb, 0x7b, 0xbb, 0xbf, 0xfb, 0xbb,
    0xb5, 0xcf, 0xff, 0x90, 0xb, 0xfd, 0x50, 0x8f,
    0xff, 0xff, 0xff, 0xff, 0xf5, 0x6, 0xef, 0x90,
    0x2, 0x50, 0x0, 0x0, 0x0, 0xf, 0xd0, 0x0,
    0x0, 0x0, 0x6, 0x10, 0x0, 0x0, 0x0, 0x0,
    0x0, 0xf, 0xd0, 0x0, 0x0, 0x0, 0x0, 0x0,
    0x0, 0x9, 0xbb, 0xbb, 0xbb, 0xbf, 0xfb, 0xbb,
    0xbb, 0xbb, 0xb1, 0x0, 0x0, 0xe, 0xff, 0xff,
    0xff, 0xff, 0xff, 0xff, 0xff, 0xff, 0xf1, 0x0,

    /* U+586B "填" */
    0x0, 0x0, 0x21, 0x0, 0x0, 0x0, 0x0, 0x8,
    0x60, 0x0, 0x0, 0x0, 0x0, 0x3f, 0x90, 0x0,
    0x0, 0x0, 0x0, 0xfd, 0x0, 0x0, 0x0, 0x0,
    0x3, 0xf9, 0x0, 0xc, 0xff, 0xff, 0xff, 0xff,
    0xff, 0xfe, 0x0, 0x0, 0x3f, 0x90, 0x0, 0x8a,
    0xaa, 0xad, 0xfc, 0xaa, 0xaa, 0x90, 0x0, 0x3,
    0xf9, 0x0, 0x0, 0x0, 0x0, 0xaf, 0x40, 0x0,
    0x0, 0x0, 0x0, 0x3f, 0x90, 0x0, 0xa, 0xaa,
    0xae, 0xfb, 0xaa, 0xaa, 0x0, 0xb, 0xcd, 0xfe,
    0xcc, 0x31, 0xff, 0xff, 0xff, 0xff, 0xff, 0xf1,
    0x0, 0xbd, 0xdf, 0xed, 0xd4, 0x1f, 0xc0, 0x0,
    0x0, 0x0, 0xcf, 0x10, 0x0, 0x3, 0xf9, 0x0,
    0x1, 0xff, 0xff, 0xff, 0xff, 0xff, 0xf1, 0x0,
    0x0, 0x3f, 0x90, 0x0, 0x1f, 0xe7, 0x77, 0x77,
    0x77, 0xef, 0x10, 0x0, 0x3, 0xf9, 0x0, 0x1,
    0xfd, 0x11, 0x11, 0x11, 0x1d, 0xf1, 0x0, 0x0,
    0x3f, 0x90, 0x0, 0x1f, 0xff, 0xff, 0xff, 0xff,
    0xff, 0x10, 0x0, 0x3, 0xf9, 0x0, 0x1, 0xfd,
    0x55, 0x55, 0x55, 0x5d, 0xf1, 0x0, 0x0, 0x3f,
    0x90, 0x0, 0x1f, 0xe7, 0x77, 0x77, 0x77, 0xef,
    0x10, 0x0, 0x3, 0xf9, 0x28, 0x1, 0xff, 0xff,
    0xff, 0xff, 0xff, 0xf1, 0x0, 0x0, 0x3f, 0xef,
    0xf2, 0x1f, 0xc0, 0x0, 0x0, 0x0, 0xcf, 0x10,
    0x7, 0xcf, 0xff, 0xc5, 0x59, 0xfe, 0x99, 0x99,
    0x99, 0x9e, 0xf9, 0x40, 0xff, 0xd8, 0x20, 0x9,
    0xff, 0xff, 0xff, 0xff, 0xff, 0xff, 0xf7, 0x6,
    0x20, 0x0, 0x0, 0x0, 0x1, 0x50, 0x0, 0x5,
    0x20, 0x0, 0x0, 0x0, 0x0, 0x0, 0x0, 0x17,
    0xef, 0xa0, 0x4, 0xff, 0xb4, 0x0, 0x0, 0x0,
    0x0, 0x4, 0xbf, 0xff, 0x91, 0x0, 0x5, 0xcf,
    0xfb, 0x0, 0x0, 0x0, 0x0, 0x2f, 0xe8, 0x10,
    0x0, 0x0, 0x0, 0x4e, 0xa0, 0x0, 0x0, 0x0,
    0x0, 0x10, 0x0, 0x0, 0x0, 0x0, 0x0, 0x1,
    0x0,

    /* U+5883 "境" */
    0x0, 0x0, 0x0, 0x0, 0x0, 0x0, 0x1, 0x50,
    0x0, 0x0, 0x0, 0x0, 0x1, 0xfa, 0x0, 0x0,
    0x0, 0x0, 0xbf, 0x30, 0x0, 0x0, 0x0, 0x0,
    0x2f, 0xa0, 0x0, 0x8a, 0xaa, 0xad, 0xfc, 0xaa,
    0xaa, 0xa3, 0x0, 0x2, 0xfa, 0x0, 0xb, 0xff,
    0xff, 0xff, 0xff, 0xff, 0xff, 0x50, 0x0, 0x2f,
    0xa0, 0x0, 0x0, 0x3f, 0xb0, 0x0, 0x4f, 0x90,
    0x0, 0x0, 0x2, 0xfa, 0x0, 0x0, 0x0, 0xdf,
    0x10, 0x9, 0xf4, 0x0, 0x0, 0x6d, 0xdf, 0xfd,
    0xd7, 0xee, 0xef, 0xff, 0xee, 0xff, 0xee, 0xee,
    0x17, 0xff, 0xff, 0xff, 0x7c, 0xcc, 0xcc, 0xcc,
    0xcc, 0xcc, 0xcc, 0xc1, 0x0, 0x2f, 0xa0, 0x0,
    0x0, 0x0, 0x0, 0x0, 0x0, 0x0, 0x0, 0x0,
    0x2, 0xfa, 0x0, 0x3, 0xff, 0xff, 0xff, 0xff,
    0xff, 0xf8, 0x0, 0x0, 0x2f, 0xa0, 0x0, 0x3f,
    0xda, 0xaa, 0xaa, 0xaa, 0xbf, 0x80, 0x0, 0x2,
    0xfa, 0x0, 0x3, 0xf9, 0x0, 0x0, 0x0, 0x5,
    0xf8, 0x0, 0x0, 0x2f, 0xa0, 0x0, 0x3f, 0xff,
    0xff, 0xff, 0xff, 0xff, 0x80, 0x0, 0x2, 0xfa,
    0x0, 0x3, 0xfc, 0x88, 0x88, 0x88, 0x8a, 0xf8,
    0x0, 0x0, 0x2f, 0xa0, 0x40, 0x3f, 0x90, 0x0,
    0x0, 0x0, 0x5f, 0x80, 0x0, 0x2, 0xfe, 0xef,
    0x3, 0xff, 0xff, 0xff, 0xff, 0xff, 0xf8, 0x0,
    0x39, 0xef, 0xfd, 0x60, 0x2a, 0xad, 0xfc, 0xac,
    0xfc, 0xaa, 0x50, 0x9, 0xff, 0xb5, 0x0, 0x0,
    0x0, 0xdf, 0x30, 0x7f, 0x50, 0x0, 0x0, 0x45,
    0x0, 0x0, 0x0, 0x0, 0x8f, 0xd0, 0x7, 0xf5,
    0x0, 0x7e, 0x20, 0x0, 0x0, 0x0, 0x2, 0xaf,
    0xf3, 0x0, 0x7f, 0x50, 0xa, 0xf2, 0x0, 0x0,
    0x0, 0x4c, 0xff, 0xf4, 0x0, 0x6, 0xfe, 0xbc,
    0xfe, 0x0, 0x0, 0x0, 0x1, 0xef, 0x91, 0x0,
    0x0, 0x1c, 0xff, 0xfd, 0x50, 0x0, 0x0, 0x0,
    0x2, 0x0, 0x0, 0x0, 0x0, 0x0, 0x0, 0x0,
    0x0,

    /* U+589E "增" */
    0x0, 0x0, 0x0, 0x0, 0x0, 0x4, 0x0, 0x0,
    0x2, 0x30, 0x0, 0x0, 0x1e, 0x90, 0x0, 0x0,
    0xaf, 0x50, 0x0, 0x9, 0xf7, 0x0, 0x0, 0x2f,
    0xa0, 0x0, 0x0, 0x3f, 0xe0, 0x0, 0x2f, 0xe0,
    0x0, 0x0, 0x2f, 0xa0, 0x0, 0x9a, 0xae, 0xfc,
    0xaa, 0xdf, 0xda, 0xa4, 0x0, 0x2f, 0xa0, 0x0,
    0xff, 0xff, 0xff, 0xff, 0xff, 0xff, 0xf7, 0x0,
    0x2f, 0xa0, 0x0, 0xfd, 0x3, 0x1, 0xfb, 0x3,
    0x25, 0xf7, 0x6d, 0xdf, 0xfd, 0xd2, 0xfd, 0x7f,
    0x81, 0xfb, 0xc, 0xe5, 0xf7, 0x7f, 0xff, 0xff,
    0xf2, 0xfd, 0x1f, 0xf2, 0xfb, 0x2f, 0xa5, 0xf7,
    0x0, 0x2f, 0xa0, 0x0, 0xfd, 0x9, 0xf6, 0xfb,
    0xaf, 0x25, 0xf7, 0x0, 0x2f, 0xa0, 0x0, 0xfd,
    0x2, 0x31, 0xfb, 0x15, 0x5, 0xf7, 0x0, 0x2f,
    0xa0, 0x0, 0xff, 0xff, 0xff, 0xff, 0xff, 0xff,
    0xf7, 0x0, 0x2f, 0xa0, 0x0, 0x88, 0x88, 0x88,
    0x88, 0x88, 0x88, 0x83, 0x0, 0x2f, 0xa0, 0x0,
    0x18, 0x88, 0x88, 0x88, 0x88, 0x88, 0x50, 0x0,
    0x2f, 0xa0, 0x0, 0x3f, 0xff, 0xff, 0xff, 0xff,
    0xff, 0xb0, 0x0, 0x2f, 0xa3, 0x90, 0x3f, 0x91,
    0x11, 0x11, 0x11, 0x2f, 0xb0, 0x0, 0x2f, 0xff,
    0xf0, 0x3f, 0x90, 0x0, 0x0, 0x0, 0x1f, 0xb0,
    0x4b, 0xff, 0xfc, 0x40, 0x3f, 0xff, 0xff, 0xff,
    0xff, 0xff, 0xb0, 0x9f, 0xe9, 0x30, 0x0, 0x3f,
    0xc7, 0x77, 0x77, 0x77, 0x7f, 0xb0, 0x33, 0x0,
    0x0, 0x0, 0x3f, 0x90, 0x0, 0x0, 0x0, 0x1f,
    0xb0, 0x0, 0x0, 0x0, 0x0, 0x3f, 0xff, 0xff,
    0xff, 0xff, 0xff, 0xb0, 0x0, 0x0, 0x0, 0x0,
    0x3f, 0xda, 0xaa, 0xaa, 0xaa, 0xaf, 0xb0, 0x0,
    0x0, 0x0, 0x0, 0x3f, 0x90, 0x0, 0x0, 0x0,
    0x1f, 0xb0,

    /* U+58F0 "声" */
    0x0, 0x0, 0x0, 0x0, 0x0, 0x86, 0x0, 0x0,
    0x0, 0x0, 0x0, 0x0, 0x0, 0x0, 0x0, 0x1,
    0xfd, 0x0, 0x0, 0x0, 0x0, 0x0, 0x8b, 0xbb,
    0xbb, 0xbb, 0xbc, 0xff, 0xbb, 0xbb, 0xbb, 0xbb,
    0xb3, 0xbf, 0xff, 0xff, 0xff, 0xff, 0xff, 0xff,
    0xff, 0xff, 0xff, 0xf4, 0x0, 0x0, 0x0, 0x0,
    0x1, 0xfd, 0x0, 0x0, 0x0, 0x0, 0x0, 0x0,
    0x0, 0x0, 0x0, 0x1, 0xfd, 0x0, 0x0, 0x0,
    0x0, 0x0, 0x0, 0xff, 0xff, 0xff, 0xff, 0xff,
    0xff, 0xff, 0xff, 0xfc, 0x0, 0x0, 0xdd, 0xdd,
    0xdd, 0xdd, 0xdd, 0xdd, 0xdd, 0xdd, 0xda, 0x0,
    0x0, 0x0, 0x0, 0x0, 0x0, 0x0, 0x0, 0x0,
    0x0, 0x0, 0x0, 0x0, 0x9b, 0xbb, 0xbb, 0xbb,
    0xbb, 0xbb, 0xbb, 0xbb, 0xbb, 0x0, 0x0, 0xdf,
    0xff, 0xff, 0xff, 0xff, 0xff, 0xff, 0xff, 0xff,
    0x10, 0x0, 0xdf, 0x10, 0x0, 0x0, 0xcf, 0x20,
    0x0, 0x0, 0xdf, 0x10, 0x0, 0xdf, 0x0, 0x0,
    0x0, 0xcf, 0x10, 0x0, 0x0, 0xdf, 0x10, 0x0,
    0xdf, 0x0, 0x0, 0x0, 0xcf, 0x10, 0x0, 0x0,
    0xdf, 0x10, 0x0, 0xef, 0xff, 0xff, 0xff, 0xff,
    0xff, 0xff, 0xff, 0xff, 0x10, 0x0, 0xff, 0xdd,
    0xdd, 0xdd, 0xdd, 0xdd, 0xdd, 0xdd, 0xff, 0x10,
    0x1, 0xff, 0x0, 0x0, 0x0, 0x0, 0x0, 0x0,
    0x0, 0xdf, 0x10, 0x4, 0xfd, 0x0, 0x0, 0x0,
    0x0, 0x0, 0x0, 0x0, 0x68, 0x0, 0x9, 0xf9,
    0x0, 0x0, 0x0, 0x0, 0x0, 0x0, 0x0, 0x0,
    0x0, 0x2f, 0xf3, 0x0, 0x0, 0x0, 0x0, 0x0,
    0x0, 0x0, 0x0, 0x0, 0xcf, 0xb0, 0x0, 0x0,
    0x0, 0x0, 0x0, 0x0, 0x0, 0x0, 0x0, 0x5e,
    0x10, 0x0, 0x0, 0x0, 0x0, 0x0, 0x0, 0x0,
    0x0, 0x0, 0x1, 0x0, 0x0, 0x0, 0x0, 0x0,
    0x0, 0x0, 0x0, 0x0, 0x0,

    /* U+5904 "处" */
    0x0, 0x0, 0x14, 0x0, 0x0, 0x0, 0x0, 0x56,
    0x0, 0x0, 0x0, 0x0, 0x0, 0x7f, 0x70, 0x0,
    0x0, 0x0, 0xdf, 0x10, 0x0, 0x0, 0x0, 0x0,
    0xbf, 0x30, 0x0, 0x0, 0x0, 0xdf, 0x10, 0x0,
    0x0, 0x0, 0x0, 0xff, 0x0, 0x0, 0x0, 0x0,
    0xdf, 0x10, 0x0, 0x0, 0x0, 0x4, 0xfd, 0x44,
    0x44, 0x41, 0x0, 0xdf, 0x10, 0x0, 0x0, 0x0,
    0xa, 0xff, 0xff, 0xff, 0xf6, 0x0, 0xdf, 0x10,
    0x0, 0x0, 0x0, 0xf, 0xf9, 0x99, 0x9c, 0xf5,
    0x0, 0xdf, 0x10, 0x0, 0x0, 0x0, 0x5f, 0xf0,
    0x0, 0xa, 0xf3, 0x0, 0xdf, 0x70, 0x0, 0x0,
    0x0, 0xcf, 0xf5, 0x0, 0xd, 0xf0, 0x0, 0xdf,
    0xfe, 0x50, 0x0, 0x3, 0xff, 0xfa, 0x0, 0x1f,
    0xb0, 0x0, 0xdf, 0xbf, 0xfb, 0x10, 0xa, 0xf8,
    0xcf, 0x0, 0x5f, 0x60, 0x0, 0xdf, 0x15, 0xef,
    0xe3, 0x3f, 0xe0, 0x7f, 0x60, 0xaf, 0x20, 0x0,
    0xdf, 0x10, 0x1b, 0xfb, 0x7f, 0x50, 0x2f, 0xd1,
    0xfc, 0x0, 0x0, 0xdf, 0x10, 0x0, 0x82, 0x7,
    0x0, 0xb, 0xfc, 0xf6, 0x0, 0x0, 0xdf, 0x10,
    0x0, 0x0, 0x0, 0x0, 0x4, 0xff, 0xe0, 0x0,
    0x0, 0xdf, 0x10, 0x0, 0x0, 0x0, 0x0, 0x0,
    0xdf, 0xc0, 0x0, 0x0, 0xdf, 0x10, 0x0, 0x0,
    0x0, 0x0, 0x6, 0xff, 0xfb, 0x0, 0x0, 0xdf,
    0x10, 0x0, 0x0, 0x0, 0x0, 0x4f, 0xe4, 0xef,
    0xd2, 0x0, 0xdf, 0x10, 0x0, 0x0, 0x0, 0x6,
    0xff, 0x40, 0x2d, 0xff, 0x92, 0x0, 0x0, 0x0,
    0x0, 0x2, 0xbf, 0xf4, 0x0, 0x1, 0xaf, 0xff,
    0xd9, 0x64, 0x21, 0x0, 0x1f, 0xfe, 0x30, 0x0,
    0x0, 0x3, 0xaf, 0xff, 0xff, 0xff, 0xfa, 0xa,
    0x91, 0x0, 0x0, 0x0, 0x0, 0x0, 0x48, 0xac,
    0xee, 0xf3, 0x0, 0x0, 0x0, 0x0, 0x0, 0x0,
    0x0, 0x0, 0x0, 0x0, 0x0,

    /* U+590D "复" */
    0x0, 0x0, 0x3, 0x30, 0x0, 0x0, 0x0, 0x0,
    0x0, 0x0, 0x0, 0x0, 0x0, 0xef, 0x10, 0x0,
    0x0, 0x0, 0x0, 0x0, 0x0, 0x0, 0x0, 0x6f,
    0xfb, 0xbb, 0xbb, 0xbb, 0xbb, 0xbb, 0xb7, 0x0,
    0x0, 0x1f, 0xff, 0xff, 0xff, 0xff, 0xff, 0xff,
    0xff, 0xa0, 0x0, 0xc, 0xf8, 0x0, 0x0, 0x0,
    0x0, 0x0, 0x0, 0x0, 0x0, 0xa, 0xff, 0xaa,
    0xaa, 0xaa, 0xaa, 0xaa, 0xaa, 0xa0, 0x0, 0xb,
    0xfd, 0xff, 0xff, 0xff, 0xff, 0xff, 0xff, 0xff,
    0x10, 0x0, 0x7c, 0x1f, 0xf0, 0x0, 0x0, 0x0,
    0x0, 0xb, 0xf1, 0x0, 0x0, 0x0, 0xff, 0xff,
    0xff, 0xff, 0xff, 0xff, 0xff, 0x10, 0x0, 0x0,
    0xf, 0xf8, 0x88, 0x88, 0x88, 0x88, 0x8d, 0xf1,
    0x0, 0x0, 0x0, 0xff, 0x0, 0x0, 0x0, 0x0,
    0x0, 0xbf, 0x10, 0x0, 0x0, 0xf, 0xff, 0xff,
    0xff, 0xff, 0xff, 0xff, 0xf1, 0x0, 0x0, 0x0,
    0x9a, 0xaf, 0xfa, 0xaa, 0xaa, 0xaa, 0xaa, 0x0,
    0x0, 0x0, 0x0, 0xb, 0xf7, 0x0, 0x0, 0x0,
    0x0, 0x0, 0x0, 0x0, 0x0, 0x3d, 0xff, 0xff,
    0xff, 0xff, 0xff, 0xfe, 0x0, 0x0, 0x2, 0xaf,
    0xff, 0xfb, 0xbb, 0xbb, 0xbb, 0xff, 0xd0, 0x0,
    0x4, 0xff, 0xe5, 0xaf, 0xa0, 0x0, 0x2, 0xcf,
    0xe3, 0x0, 0x0, 0x9, 0x91, 0x0, 0xaf, 0xd5,
    0x29, 0xff, 0xc2, 0x0, 0x0, 0x0, 0x0, 0x0,
    0x0, 0x9f, 0xff, 0xfe, 0x70, 0x0, 0x0, 0x0,
    0x0, 0x1, 0x58, 0xdf, 0xff, 0xff, 0xfc, 0x85,
    0x20, 0x0, 0x5, 0xbe, 0xff, 0xff, 0xd8, 0x22,
    0x9e, 0xff, 0xff, 0xfe, 0x90, 0x1e, 0xfd, 0x95,
    0x10, 0x0, 0x0, 0x3, 0x7a, 0xef, 0xf6, 0x0,
    0x20, 0x0, 0x0, 0x0, 0x0, 0x0, 0x0, 0x0,
    0x2, 0x0,

    /* U+5916 "外" */
    0x0, 0x0, 0x2, 0x0, 0x0, 0x0, 0x5, 0x70,
    0x0, 0x0, 0x0, 0x0, 0x4, 0xf9, 0x0, 0x0,
    0x0, 0xcf, 0x10, 0x0, 0x0, 0x0, 0x0, 0x9f,
    0x50, 0x0, 0x0, 0xc, 0xf1, 0x0, 0x0, 0x0,
    0x0, 0xe, 0xf1, 0x0, 0x0, 0x0, 0xcf, 0x10,
    0x0, 0x0, 0x0, 0x3, 0xff, 0xcc, 0xcc, 0xc1,
    0xc, 0xf1, 0x0, 0x0, 0x0, 0x0, 0xaf, 0xff,
    0xff, 0xff, 0x20, 0xcf, 0x10, 0x0, 0x0, 0x0,
    0x1f, 0xf1, 0x0, 0xe, 0xf1, 0xc, 0xf1, 0x0,
    0x0, 0x0, 0x8, 0xf9, 0x0, 0x2, 0xfd, 0x0,
    0xcf, 0x10, 0x0, 0x0, 0x0, 0xef, 0x20, 0x0,
    0x5f, 0x90, 0xc, 0xf9, 0x0, 0x0, 0x0, 0x8f,
    0xf5, 0x0, 0x9, 0xf5, 0x0, 0xcf, 0xfa, 0x0,
    0x0, 0x2f, 0xff, 0xf7, 0x0, 0xef, 0x0, 0xc,
    0xfc, 0xfb, 0x0, 0x7, 0xf9, 0x3e, 0xf7, 0x4f,
    0xa0, 0x0, 0xcf, 0x2c, 0xfb, 0x0, 0x5, 0x0,
    0x3d, 0x1b, 0xf4, 0x0, 0xc, 0xf1, 0x1d, 0xfa,
    0x0, 0x0, 0x0, 0x3, 0xfc, 0x0, 0x0, 0xcf,
    0x10, 0x2f, 0xf9, 0x0, 0x0, 0x0, 0xcf, 0x50,
    0x0, 0xc, 0xf1, 0x0, 0x5f, 0x60, 0x0, 0x0,
    0x7f, 0xb0, 0x0, 0x0, 0xcf, 0x10, 0x0, 0x50,
    0x0, 0x0, 0x5f, 0xf2, 0x0, 0x0, 0xc, 0xf1,
    0x0, 0x0, 0x0, 0x0, 0x5f, 0xf5, 0x0, 0x0,
    0x0, 0xcf, 0x10, 0x0, 0x0, 0x1, 0xaf, 0xf6,
    0x0, 0x0, 0x0, 0xc, 0xf1, 0x0, 0x0, 0x4,
    0xff, 0xf6, 0x0, 0x0, 0x0, 0x0, 0xcf, 0x10,
    0x0, 0x0, 0x1f, 0xc2, 0x0, 0x0, 0x0, 0x0,
    0xc, 0xf1, 0x0, 0x0, 0x0, 0x30, 0x0, 0x0,
    0x0, 0x0, 0x0, 0xcf, 0x10, 0x0, 0x0,

    /* U+591A "多" */
    0x0, 0x0, 0x0, 0x0, 0x0, 0x49, 0x50, 0x0,
    0x0, 0x0, 0x0, 0x0, 0x0, 0x0, 0x7, 0xfe,
    0x30, 0x0, 0x0, 0x0, 0x0, 0x0, 0x0, 0x1,
    0xbf, 0xfc, 0xaa, 0xaa, 0xaa, 0xa0, 0x0, 0x0,
    0x1, 0x8f, 0xff, 0xff, 0xff, 0xff, 0xff, 0xf1,
    0x0, 0x3, 0x9f, 0xfe, 0x40, 0x0, 0x0, 0x0,
    0x8f, 0xb0, 0x0, 0x7f, 0xfc, 0xff, 0x80, 0x0,
    0x0, 0x8, 0xfc, 0x0, 0x0, 0x6, 0x20, 0x3e,
    0xf6, 0x0, 0x3, 0xcf, 0xb0, 0x0, 0x0, 0x0,
    0x0, 0x1, 0x60, 0x5, 0xcf, 0xe6, 0x0, 0x0,
    0x0, 0x0, 0x0, 0x3, 0x7b, 0xff, 0xe8, 0x0,
    0x0, 0x0, 0x2, 0x68, 0xad, 0xff, 0xff, 0xb5,
    0x30, 0x0, 0x0, 0x0, 0x2, 0xff, 0xff, 0xc8,
    0x40, 0x1c, 0xf7, 0x0, 0x0, 0x0, 0x0, 0x65,
    0x20, 0x0, 0x5, 0xef, 0xf9, 0x99, 0x99, 0x98,
    0x0, 0x0, 0x0, 0x2, 0xbf, 0xff, 0xff, 0xff,
    0xff, 0xfe, 0x0, 0x0, 0x2, 0xaf, 0xfa, 0x22,
    0x22, 0x22, 0x2a, 0xf9, 0x0, 0x5, 0xbf, 0xff,
    0x50, 0x0, 0x0, 0x0, 0x6f, 0xd0, 0x0, 0x5f,
    0xfd, 0xdf, 0xd3, 0x0, 0x0, 0x8, 0xfd, 0x10,
    0x0, 0x7, 0x40, 0xb, 0xfe, 0x0, 0x4, 0xdf,
    0xb1, 0x0, 0x0, 0x0, 0x0, 0x0, 0x83, 0x5,
    0xcf, 0xe6, 0x0, 0x0, 0x0, 0x0, 0x0, 0x1,
    0x5a, 0xff, 0xf8, 0x10, 0x0, 0x0, 0x0, 0x14,
    0x7a, 0xdf, 0xff, 0xd6, 0x0, 0x0, 0x0, 0x0,
    0x4f, 0xff, 0xff, 0xfc, 0x72, 0x0, 0x0, 0x0,
    0x0, 0x0, 0xe, 0xda, 0x73, 0x0, 0x0, 0x0,
    0x0, 0x0, 0x0, 0x0, 0x0, 0x0, 0x0, 0x0,
    0x0, 0x0, 0x0, 0x0, 0x0, 0x0,

    /* U+591F "够" */
    0x0, 0x0, 0x10, 0x0, 0x0, 0x0, 0x0, 0x0,
    0x12, 0x0, 0x0, 0x0, 0x0, 0xd, 0xd0, 0x0,
    0x0, 0x0, 0x0, 0xb, 0xf4, 0x0, 0x0, 0x0,
    0x2, 0xfa, 0x0, 0x0, 0x0, 0x0, 0x4, 0xff,
    0x55, 0x55, 0x0, 0x0, 0x8f, 0x60, 0x0, 0x0,
    0x0, 0x1, 0xef, 0xff, 0xff, 0xf0, 0x0, 0xe,
    0xff, 0xff, 0xff, 0xff, 0x0, 0xcf, 0x83, 0x34,
    0xfe, 0x0, 0x5, 0xfd, 0xbb, 0xbb, 0xbe, 0xf2,
    0xcf, 0xe0, 0x0, 0x6f, 0x80, 0x0, 0xdf, 0x30,
    0x0, 0x0, 0xcf, 0x4f, 0xcf, 0xa0, 0x2f, 0xe1,
    0x0, 0x6f, 0xc0, 0x0, 0x0, 0xc, 0xf0, 0x10,
    0x96, 0x3e, 0xf5, 0x0, 0xe, 0xf3, 0x0, 0x0,
    0x0, 0xcf, 0x0, 0x0, 0x8f, 0xf7, 0x0, 0x0,
    0x47, 0xcf, 0xff, 0xfc, 0xc, 0xf0, 0x49, 0xef,
    0xe4, 0x0, 0x0, 0x0, 0xc, 0xf7, 0x7f, 0xc0,
    0xdf, 0x4f, 0xff, 0x87, 0x60, 0x0, 0x0, 0x0,
    0xce, 0x0, 0xec, 0xd, 0xf0, 0x95, 0x3, 0xfe,
    0x10, 0x0, 0x0, 0xc, 0xe0, 0xe, 0xc0, 0xef,
    0x0, 0x1, 0xef, 0xff, 0xff, 0x70, 0x0, 0xce,
    0x0, 0xec, 0xe, 0xe0, 0x1, 0xdf, 0xa8, 0x8b,
    0xf6, 0x0, 0xc, 0xe0, 0xe, 0xc0, 0xee, 0x2,
    0xdf, 0xb0, 0x0, 0xbf, 0x20, 0x0, 0xcf, 0x88,
    0xfc, 0xf, 0xd1, 0xff, 0xef, 0x40, 0x4f, 0xa0,
    0x0, 0xc, 0xff, 0xff, 0xc0, 0xfc, 0x8, 0x53,
    0xf8, 0x1e, 0xf1, 0x0, 0x0, 0xce, 0x0, 0x0,
    0x1f, 0xb0, 0x0, 0x2, 0x1d, 0xf5, 0x0, 0x0,
    0x6, 0x70, 0x0, 0x2, 0xfa, 0x0, 0x0, 0x5e,
    0xf7, 0x0, 0x0, 0x0, 0x0, 0x0, 0x0, 0x6f,
    0x70, 0x5, 0xcf, 0xf6, 0x0, 0x0, 0x0, 0x0,
    0x0, 0x1f, 0xdf, 0xf2, 0x9f, 0xff, 0xb2, 0x0,
    0x0, 0x0, 0x0, 0x0, 0x0, 0xbe, 0xf6, 0x7,
    0xfa, 0x30, 0x0, 0x0, 0x0, 0x0, 0x0, 0x0,
    0x0, 0x0, 0x0, 0x0, 0x0, 0x0, 0x0, 0x0,
    0x0,

    /* U+5927 "大" */
    0x0, 0x0, 0x0, 0x0, 0x1, 0x54, 0x0, 0x0,
    0x0, 0x0, 0x0, 0x0, 0x0, 0x0, 0x0, 0x0,
    0x3f, 0xd0, 0x0, 0x0, 0x0, 0x0, 0x0, 0x0,
    0x0, 0x0, 0x0, 0x3, 0xfd, 0x0, 0x0, 0x0,
    0x0, 0x0, 0x0, 0x0, 0x0, 0x0, 0x0, 0x3f,
    0xd0, 0x0, 0x0, 0x0, 0x0, 0x0, 0x0, 0x0,
    0x0, 0x0, 0x3, 0xfd, 0x0, 0x0, 0x0, 0x0,
    0x0, 0x0, 0x0, 0x0, 0x0, 0x0, 0x3f, 0xd0,
    0x0, 0x0, 0x0, 0x0, 0x0, 0xd, 0xee, 0xee,
    0xee, 0xee, 0xff, 0xee, 0xee, 0xee, 0xee, 0xe0,
    0x0, 0xff, 0xff, 0xff, 0xff, 0xff, 0xff, 0xff,
    0xff, 0xff, 0xff, 0x0, 0x0, 0x0, 0x0, 0x0,
    0x6, 0xff, 0x60, 0x0, 0x0, 0x0, 0x0, 0x0,
    0x0, 0x0, 0x0, 0x0, 0x8f, 0xfb, 0x0, 0x0,
    0x0, 0x0, 0x0, 0x0, 0x0, 0x0, 0x0, 0xd,
    0xff, 0xf1, 0x0, 0x0, 0x0, 0x0, 0x0, 0x0,
    0x0, 0x0, 0x2, 0xff, 0x8f, 0x80, 0x0, 0x0,
    0x0, 0x0, 0x0, 0x0, 0x0, 0x0, 0xaf, 0xa1,
    0xfe, 0x10, 0x0, 0x0, 0x0, 0x0, 0x0, 0x0,
    0x0, 0x3f, 0xf3, 0x9, 0xf9, 0x0, 0x0, 0x0,
    0x0, 0x0, 0x0, 0x0, 0xd, 0xfa, 0x0, 0x1f,
    0xf3, 0x0, 0x0, 0x0, 0x0, 0x0, 0x0, 0xb,
    0xfe, 0x10, 0x0, 0x6f, 0xe1, 0x0, 0x0, 0x0,
    0x0, 0x0, 0xa, 0xff, 0x30, 0x0, 0x0, 0xbf,
    0xd1, 0x0, 0x0, 0x0, 0x0, 0xb, 0xff, 0x50,
    0x0, 0x0, 0x1, 0xef, 0xd1, 0x0, 0x0, 0x0,
    0x3d, 0xff, 0x50, 0x0, 0x0, 0x0, 0x2, 0xef,
    0xe5, 0x0, 0x0, 0x8f, 0xfe, 0x30, 0x0, 0x0,
    0x0, 0x0, 0x2, 0xdf, 0xfb, 0x30, 0xbf, 0xfa,
    0x10, 0x0, 0x0, 0x0, 0x0, 0x0, 0x1, 0xaf,
    0xfd, 0x5, 0xd5, 0x0, 0x0, 0x0, 0x0, 0x0,
    0x0, 0x0, 0x0, 0x5d, 0x50, 0x0, 0x0, 0x0,
    0x0, 0x0, 0x0, 0x0, 0x0, 0x0, 0x0, 0x0,
    0x0,

    /* U+5929 "天" */
    0x0, 0x1, 0x11, 0x11, 0x11, 0x11, 0x11, 0x11,
    0x11, 0x10, 0x0, 0x0, 0xef, 0xff, 0xff, 0xff,
    0xff, 0xff, 0xff, 0xff, 0xfb, 0x0, 0x0, 0xab,
    0xbb, 0xbb, 0xbc, 0xfe, 0xbb, 0xbb, 0xbb, 0xb8,
    0x0, 0x0, 0x0, 0x0, 0x0, 0x2, 0xfb, 0x0,
    0x0, 0x0, 0x0, 0x0, 0x0, 0x0, 0x0, 0x0,
    0x2, 0xfb, 0x0, 0x0, 0x0, 0x0, 0x0, 0x0,
    0x0, 0x0, 0x0, 0x2, 0xfb, 0x0, 0x0, 0x0,
    0x0, 0x0, 0x0, 0x0, 0x0, 0x0, 0x3, 0xfa,
    0x0, 0x0, 0x0, 0x0, 0x0, 0x0, 0x0, 0x0,
    0x0, 0x3, 0xfa, 0x0, 0x0, 0x0, 0x0, 0x0,
    0x3f, 0xff, 0xff, 0xff, 0xff, 0xff, 0xff, 0xff,
    0xff, 0xff, 0xf0, 0x2b, 0xbb, 0xbb, 0xbb, 0xbd,
    0xff, 0xbb, 0xbb, 0xbb, 0xbb, 0xb0, 0x0, 0x0,
    0x0, 0x0, 0x8, 0xff, 0x30, 0x0, 0x0, 0x0,
    0x0, 0x0, 0x0, 0x0, 0x0, 0xc, 0xff, 0xa0,
    0x0, 0x0, 0x0, 0x0, 0x0, 0x0, 0x0, 0x0,
    0x2f, 0xfe, 0xf4, 0x0, 0x0, 0x0, 0x0, 0x0,
    0x0, 0x0, 0x0, 0xaf, 0xb5, 0xfe, 0x10, 0x0,
    0x0, 0x0, 0x0, 0x0, 0x0, 0x4, 0xff, 0x30,
    0xbf, 0xb0, 0x0, 0x0, 0x0, 0x0, 0x0, 0x0,
    0x3f, 0xfa, 0x0, 0x1e, 0xfa, 0x0, 0x0, 0x0,
    0x0, 0x0, 0x4, 0xff, 0xd0, 0x0, 0x3, 0xff,
    0xc1, 0x0, 0x0, 0x0, 0x1, 0x9f, 0xfd, 0x10,
    0x0, 0x0, 0x4f, 0xfe, 0x50, 0x0, 0x1, 0x8f,
    0xff, 0xa0, 0x0, 0x0, 0x0, 0x2, 0xdf, 0xfc,
    0x40, 0x6f, 0xff, 0xd5, 0x0, 0x0, 0x0, 0x0,
    0x0, 0x9, 0xff, 0xf8, 0x1e, 0xd6, 0x0, 0x0,
    0x0, 0x0, 0x0, 0x0, 0x0, 0x3c, 0xe1, 0x1,
    0x0, 0x0, 0x0, 0x0, 0x0, 0x0, 0x0, 0x0,
    0x0, 0x10,

    /* U+592A "太" */
    0x0, 0x0, 0x0, 0x0, 0x0, 0xab, 0x0, 0x0,
    0x0, 0x0, 0x0, 0x0, 0x0, 0x0, 0x0, 0x0,
    0xff, 0x0, 0x0, 0x0, 0x0, 0x0, 0x0, 0x0,
    0x0, 0x0, 0x0, 0xff, 0x0, 0x0, 0x0, 0x0,
    0x0, 0x0, 0x0, 0x0, 0x0, 0x0, 0xff, 0x0,
    0x0, 0x0, 0x0, 0x0, 0x0, 0x0, 0x0, 0x0,
    0x0, 0xff, 0x0, 0x0, 0x0, 0x0, 0x0, 0x1a,
    0xaa, 0xaa, 0xaa, 0xaa, 0xff, 0xaa, 0xaa, 0xaa,
    0xaa, 0xa0, 0x2f, 0xff, 0xff, 0xff, 0xff, 0xff,
    0xff, 0xff, 0xff, 0xff, 0xf0, 0x2, 0x22, 0x22,
    0x22, 0x26, 0xff, 0x32, 0x22, 0x22, 0x22, 0x20,
    0x0, 0x0, 0x0, 0x0, 0x8, 0xff, 0x80, 0x0,
    0x0, 0x0, 0x0, 0x0, 0x0, 0x0, 0x0, 0xd,
    0xff, 0xe1, 0x0, 0x0, 0x0, 0x0, 0x0, 0x0,
    0x0, 0x0, 0x3f, 0xd8, 0xf8, 0x0, 0x0, 0x0,
    0x0, 0x0, 0x0, 0x0, 0x0, 0xbf, 0x61, 0xff,
    0x20, 0x0, 0x0, 0x0, 0x0, 0x0, 0x0, 0x3,
    0xfe, 0x0, 0x7f, 0xb0, 0x0, 0x0, 0x0, 0x0,
    0x0, 0x0, 0xd, 0xf7, 0x0, 0xe, 0xf6, 0x0,
    0x0, 0x0, 0x0, 0x0, 0x0, 0x9f, 0xd0, 0x0,
    0x4, 0xff, 0x20, 0x0, 0x0, 0x0, 0x0, 0x6,
    0xff, 0x30, 0x0, 0x0, 0x9f, 0xd1, 0x0, 0x0,
    0x0, 0x0, 0x5f, 0xf6, 0x0, 0x50, 0x0, 0xd,
    0xfc, 0x0, 0x0, 0x0, 0x6, 0xff, 0x80, 0xc,
    0xfb, 0x10, 0x2, 0xef, 0xc0, 0x0, 0x0, 0x8f,
    0xf8, 0x0, 0x3, 0xdf, 0xd1, 0x0, 0x3f, 0xfd,
    0x20, 0x2c, 0xff, 0x60, 0x0, 0x0, 0x1d, 0xf3,
    0x0, 0x3, 0xff, 0xf5, 0xcf, 0xe3, 0x0, 0x0,
    0x0, 0x1, 0x40, 0x0, 0x0, 0x2e, 0xf8, 0x3a,
    0x10, 0x0, 0x0, 0x0, 0x0, 0x0, 0x0, 0x0,
    0x1, 0xa1,

    /* U+5931 "失" */
    0x0, 0x0, 0x0, 0x0, 0x0, 0x13, 0x0, 0x0,
    0x0, 0x0, 0x0, 0x0, 0x0, 0x0, 0x51, 0x0,
    0x9, 0xf4, 0x0, 0x0, 0x0, 0x0, 0x0, 0x0,
    0x0, 0x5f, 0x90, 0x0, 0x9f, 0x40, 0x0, 0x0,
    0x0, 0x0, 0x0, 0x0, 0xa, 0xf4, 0x0, 0x9,
    0xf4, 0x0, 0x0, 0x0, 0x0, 0x0, 0x0, 0x1,
    0xff, 0x11, 0x11, 0xaf, 0x41, 0x11, 0x11, 0x10,
    0x0, 0x0, 0x0, 0x7f, 0xff, 0xff, 0xff, 0xff,
    0xff, 0xff, 0xff, 0xc0, 0x0, 0x0, 0x1e, 0xfb,
    0xbb, 0xbb, 0xef, 0xcb, 0xbb, 0xbb, 0xb8, 0x0,
    0x0, 0x9, 0xf9, 0x0, 0x0, 0xa, 0xf3, 0x0,
    0x0, 0x0, 0x0, 0x0, 0x4, 0xff, 0x10, 0x0,
    0x0, 0xaf, 0x30, 0x0, 0x0, 0x0, 0x0, 0x0,
    0xbf, 0x50, 0x0, 0x0, 0xb, 0xf2, 0x0, 0x0,
    0x0, 0x0, 0x0, 0x0, 0x50, 0x0, 0x0, 0x0,
    0xcf, 0x10, 0x0, 0x0, 0x0, 0x0, 0x0, 0x9b,
    0xbb, 0xbb, 0xbb, 0xbf, 0xfc, 0xbb, 0xbb, 0xbb,
    0xbb, 0x0, 0xc, 0xff, 0xff, 0xff, 0xff, 0xff,
    0xff, 0xff, 0xff, 0xff, 0xf1, 0x0, 0x0, 0x0,
    0x0, 0x0, 0xdf, 0xfb, 0x0, 0x0, 0x0, 0x0,
    0x0, 0x0, 0x0, 0x0, 0x0, 0x7f, 0xcb, 0xf6,
    0x0, 0x0, 0x0, 0x0, 0x0, 0x0, 0x0, 0x0,
    0x4f, 0xf3, 0x2f, 0xf4, 0x0, 0x0, 0x0, 0x0,
    0x0, 0x0, 0x0, 0x5f, 0xf6, 0x0, 0x5f, 0xf5,
    0x0, 0x0, 0x0, 0x0, 0x0, 0x0, 0x8f, 0xf8,
    0x0, 0x0, 0x7f, 0xf8, 0x0, 0x0, 0x0, 0x0,
    0x3, 0xdf, 0xf6, 0x0, 0x0, 0x0, 0x5f, 0xfe,
    0x40, 0x0, 0x0, 0x2a, 0xff, 0xe3, 0x0, 0x0,
    0x0, 0x0, 0x2d, 0xff, 0xd6, 0x10, 0x8f, 0xff,
    0x80, 0x0, 0x0, 0x0, 0x0, 0x0, 0x7, 0xef,
    0xfc, 0x3, 0xf9, 0x20, 0x0, 0x0, 0x0, 0x0,
    0x0, 0x0, 0x0, 0x7d, 0x20, 0x1, 0x0, 0x0,
    0x0, 0x0, 0x0, 0x0, 0x0, 0x0, 0x0, 0x0,
    0x0,

    /* U+5939 "夹" */
    0x0, 0x0, 0x0, 0x0, 0x0, 0x8a, 0x0, 0x0,
    0x0, 0x0, 0x0, 0x0, 0x0, 0x0, 0x0, 0x0,
    0xdf, 0x0, 0x0, 0x0, 0x0, 0x0, 0x0, 0x0,
    0x0, 0x0, 0x0, 0xdf, 0x0, 0x0, 0x0, 0x0,
    0x0, 0x0, 0x7a, 0xaa, 0xaa, 0xaa, 0xff, 0xaa,
    0xaa, 0xaa, 0xaa, 0x0, 0x0, 0xbf, 0xff, 0xff,
    0xff, 0xff, 0xff, 0xff, 0xff, 0xff, 0x0, 0x0,
    0x12, 0x22, 0x22, 0x22, 0xef, 0x22, 0x22, 0x22,
    0x22, 0x0, 0x0, 0x0, 0x20, 0x0, 0x0, 0xef,
    0x0, 0x0, 0x7, 0x0, 0x0, 0x0, 0x6, 0xf8,
    0x0, 0x0, 0xff, 0x0, 0x0, 0x6f, 0xc0, 0x0,
    0x0, 0x3, 0xff, 0x30, 0x0, 0xfe, 0x0, 0x1,
    0xef, 0x40, 0x0, 0x0, 0x0, 0x9f, 0xb0, 0x1,
    0xfd, 0x0, 0xc, 0xfa, 0x0, 0x0, 0x0, 0x0,
    0x1f, 0xe1, 0x4, 0xfb, 0x0, 0x1d, 0xe1, 0x0,
    0x0, 0x0, 0x0, 0x4, 0x0, 0x7, 0xf8, 0x0,
    0x1, 0x30, 0x0, 0x0, 0xb, 0xcc, 0xcc, 0xcc,
    0xce, 0xfd, 0xcc, 0xcc, 0xcc, 0xcc, 0xc1, 0xf,
    0xff, 0xff, 0xff, 0xff, 0xff, 0xff, 0xff, 0xff,
    0xff, 0xf2, 0x0, 0x0, 0x0, 0x0, 0xaf, 0x9a,
    0xf6, 0x0, 0x0, 0x0, 0x0, 0x0, 0x0, 0x0,
    0x4, 0xff, 0x22, 0xff, 0x20, 0x0, 0x0, 0x0,
    0x0, 0x0, 0x0, 0x3f, 0xf7, 0x0, 0x8f, 0xd1,
    0x0, 0x0, 0x0, 0x0, 0x0, 0x4, 0xff, 0xb0,
    0x0, 0xb, 0xfe, 0x30, 0x0, 0x0, 0x0, 0x0,
    0x8f, 0xfc, 0x0, 0x0, 0x0, 0xaf, 0xf8, 0x0,
    0x0, 0x0, 0x5e, 0xff, 0xa0, 0x0, 0x0, 0x0,
    0x7, 0xff, 0xe8, 0x10, 0x4d, 0xff, 0xe5, 0x0,
    0x0, 0x0, 0x0, 0x0, 0x2c, 0xff, 0xf9, 0x2f,
    0xe8, 0x0, 0x0, 0x0, 0x0, 0x0, 0x0, 0x0,
    0x4c, 0xf3, 0x3, 0x0, 0x0, 0x0, 0x0, 0x0,
    0x0, 0x0, 0x0, 0x0, 0x10,

    /* U+5982 "如" */
    0x0, 0x0, 0x10, 0x0, 0x0, 0x0, 0x0, 0x0,
    0x0, 0x0, 0x0, 0x0, 0xc, 0xe1, 0x0, 0x0,
    0x0, 0x0, 0x0, 0x0, 0x0, 0x0, 0x0, 0xfe,
    0x0, 0x0, 0x0, 0x77, 0x77, 0x77, 0x77, 0x60,
    0x0, 0x3f, 0xa0, 0x0, 0x0, 0xf, 0xff, 0xff,
    0xff, 0xfc, 0x0, 0x7, 0xf7, 0x0, 0x0, 0x0,
    0xfe, 0x44, 0x44, 0x5f, 0xce, 0xff, 0xff, 0xff,
    0xff, 0xf4, 0xf, 0xd0, 0x0, 0x1, 0xfc, 0xab,
    0xbf, 0xfb, 0xbb, 0xef, 0x30, 0xfd, 0x0, 0x0,
    0x1f, 0xc0, 0x2, 0xfb, 0x0, 0xa, 0xf2, 0xf,
    0xd0, 0x0, 0x1, 0xfc, 0x0, 0x7f, 0x70, 0x0,
    0xcf, 0x10, 0xfd, 0x0, 0x0, 0x1f, 0xc0, 0xb,
    0xf2, 0x0, 0xe, 0xf0, 0xf, 0xd0, 0x0, 0x1,
    0xfc, 0x1, 0xfe, 0x0, 0x1, 0xfc, 0x0, 0xfd,
    0x0, 0x0, 0x1f, 0xc0, 0x5f, 0x90, 0x0, 0x5f,
    0x90, 0xf, 0xd0, 0x0, 0x1, 0xfc, 0xa, 0xf6,
    0x0, 0x9, 0xf5, 0x0, 0xfd, 0x0, 0x0, 0x1f,
    0xc0, 0xaf, 0xe2, 0x0, 0xef, 0x10, 0xf, 0xd0,
    0x0, 0x1, 0xfc, 0x0, 0x8f, 0xf4, 0x5f, 0xb0,
    0x0, 0xfd, 0x0, 0x0, 0x1f, 0xc0, 0x0, 0x6f,
    0xfe, 0xf4, 0x0, 0xf, 0xd0, 0x0, 0x1, 0xfc,
    0x0, 0x0, 0x4f, 0xfd, 0x0, 0x0, 0xfd, 0x0,
    0x0, 0x1f, 0xc0, 0x0, 0x4, 0xff, 0xf6, 0x0,
    0xf, 0xe2, 0x22, 0x23, 0xfc, 0x0, 0x4, 0xff,
    0x8f, 0xf6, 0x0, 0xff, 0xff, 0xff, 0xff, 0xc0,
    0x7, 0xff, 0x70, 0x5f, 0xf3, 0xf, 0xfa, 0xaa,
    0xaa, 0xfc, 0x2b, 0xff, 0x80, 0x0, 0x85, 0x0,
    0xfd, 0x0, 0x0, 0x1f, 0xc2, 0xff, 0x60, 0x0,
    0x0, 0x0, 0xf, 0xd0, 0x0, 0x1, 0xfc, 0x5,
    0x30, 0x0, 0x0, 0x0, 0x0, 0x32, 0x0, 0x0,
    0x0, 0x0,

    /* U+59CB "始" */
    0x0, 0x0, 0x20, 0x0, 0x0, 0x0, 0x1, 0x20,
    0x0, 0x0, 0x0, 0x0, 0x2, 0xf9, 0x0, 0x0,
    0x0, 0x8, 0xf7, 0x0, 0x0, 0x0, 0x0, 0x6,
    0xf6, 0x0, 0x0, 0x0, 0xe, 0xf1, 0x0, 0x0,
    0x0, 0x0, 0x9, 0xf3, 0x0, 0x0, 0x0, 0x6f,
    0xa0, 0x0, 0x0, 0x0, 0x0, 0xd, 0xf1, 0x0,
    0x0, 0x0, 0xdf, 0x30, 0x4e, 0x50, 0x0, 0xef,
    0xff, 0xff, 0xff, 0xc0, 0x6, 0xfb, 0x0, 0x1f,
    0xe0, 0x0, 0xab, 0xdf, 0xeb, 0xcf, 0xa0, 0x2f,
    0xf2, 0x0, 0x8, 0xf9, 0x0, 0x0, 0x8f, 0x50,
    0x4f, 0x90, 0xcf, 0x60, 0x1, 0x36, 0xff, 0x10,
    0x0, 0xcf, 0x10, 0x5f, 0x79, 0xff, 0xbd, 0xff,
    0xff, 0xff, 0x80, 0x1, 0xfd, 0x0, 0x8f, 0x56,
    0xff, 0xfd, 0xb9, 0x63, 0x1e, 0xf1, 0x5, 0xf8,
    0x0, 0xbf, 0x20, 0x20, 0x0, 0x0, 0x0, 0x7,
    0xa1, 0xa, 0xf4, 0x0, 0xef, 0x0, 0x0, 0x0,
    0x0, 0x0, 0x0, 0x0, 0xe, 0xf2, 0x2, 0xfb,
    0x0, 0x7a, 0xaa, 0xaa, 0xaa, 0xaa, 0x0, 0xa,
    0xfd, 0x18, 0xf7, 0x0, 0xbf, 0xff, 0xff, 0xff,
    0xff, 0x10, 0x0, 0x9f, 0xde, 0xf2, 0x0, 0xbf,
    0x10, 0x0, 0x0, 0xbf, 0x10, 0x0, 0x8, 0xff,
    0xb0, 0x0, 0xbf, 0x10, 0x0, 0x0, 0xbf, 0x10,
    0x0, 0x1, 0xff, 0xb0, 0x0, 0xbf, 0x10, 0x0,
    0x0, 0xbf, 0x10, 0x0, 0xb, 0xff, 0xf9, 0x0,
    0xbf, 0x10, 0x0, 0x0, 0xbf, 0x10, 0x0, 0x8f,
    0xe2, 0xdf, 0x80, 0xbf, 0x10, 0x0, 0x0, 0xbf,
    0x10, 0x8, 0xff, 0x40, 0x2f, 0xd1, 0xbf, 0xff,
    0xff, 0xff, 0xff, 0x10, 0x9f, 0xf4, 0x0, 0x4,
    0x10, 0xbf, 0xaa, 0xaa, 0xaa, 0xef, 0x10, 0x4d,
    0x30, 0x0, 0x0, 0x0, 0xbf, 0x10, 0x0, 0x0,
    0xbf, 0x10, 0x0, 0x0, 0x0, 0x0, 0x0, 0x0,
    0x0, 0x0, 0x0, 0x0, 0x0,

    /* U+59FF "姿" */
    0x0, 0x0, 0x0, 0x0, 0x0, 0x40, 0x0, 0x0,
    0x0, 0x0, 0x0, 0x0, 0x82, 0x0, 0x0, 0x5,
    0xfa, 0x0, 0x0, 0x0, 0x0, 0x0, 0x8, 0xff,
    0x91, 0x0, 0xd, 0xfd, 0xbb, 0xbb, 0xbb, 0xbb,
    0x60, 0x0, 0x6e, 0xfe, 0x0, 0x7f, 0xff, 0xff,
    0xff, 0xff, 0xff, 0x80, 0x0, 0x1, 0xb5, 0x4,
    0xff, 0x20, 0xf, 0xd0, 0x0, 0xef, 0x30, 0x0,
    0x0, 0x0, 0x1f, 0xf6, 0x0, 0x4f, 0xe1, 0x8,
    0xfa, 0x0, 0x0, 0x0, 0x0, 0x3, 0x70, 0x0,
    0xbf, 0xfc, 0x15, 0x91, 0x0, 0x0, 0x0, 0x5,
    0x40, 0x0, 0x8, 0xfd, 0x8f, 0xe4, 0x0, 0x0,
    0x0, 0x17, 0xef, 0xb0, 0x4, 0xcf, 0xd2, 0x6,
    0xff, 0xb4, 0x0, 0x6c, 0xff, 0xfa, 0x29, 0xef,
    0xfa, 0x10, 0x0, 0x2c, 0xff, 0xe5, 0x8f, 0xf9,
    0x20, 0x8, 0xf9, 0x20, 0x0, 0x0, 0x0, 0x4b,
    0xf1, 0x17, 0x10, 0x0, 0x0, 0x28, 0x50, 0x0,
    0x0, 0x0, 0x0, 0x0, 0x0, 0x0, 0x0, 0x0,
    0xcf, 0x80, 0x0, 0x0, 0x0, 0x0, 0x0, 0xff,
    0xff, 0xff, 0xff, 0xff, 0xff, 0xff, 0xff, 0xff,
    0xff, 0xfb, 0xaa, 0xaa, 0xaa, 0xef, 0xea, 0xaa,
    0xaa, 0xaf, 0xfb, 0xaa, 0xa7, 0x0, 0x0, 0x6,
    0xfe, 0x20, 0x0, 0x0, 0x5f, 0xd0, 0x0, 0x0,
    0x0, 0x0, 0x8f, 0xf3, 0x0, 0x0, 0x4, 0xff,
    0x30, 0x0, 0x0, 0x0, 0x7, 0xff, 0xfb, 0x74,
    0x1, 0x9f, 0xf5, 0x0, 0x0, 0x0, 0x0, 0x0,
    0x15, 0x8c, 0xff, 0xff, 0xff, 0x60, 0x0, 0x0,
    0x0, 0x0, 0x0, 0x13, 0x6a, 0xef, 0xfe, 0xff,
    0xfd, 0x95, 0x0, 0x0, 0x5b, 0xdf, 0xff, 0xff,
    0xea, 0x40, 0x15, 0xaf, 0xff, 0xfc, 0x70, 0x1f,
    0xff, 0xda, 0x73, 0x0, 0x0, 0x0, 0x0, 0x49,
    0xef, 0x40, 0x2, 0x10, 0x0, 0x0, 0x0, 0x0,
    0x0, 0x0, 0x0, 0x1, 0x0,

    /* U+5B50 "子" */
    0x0, 0x5c, 0xcc, 0xcc, 0xcc, 0xcc, 0xcc, 0xcc,
    0xcc, 0xc3, 0x0, 0x0, 0x7f, 0xff, 0xff, 0xff,
    0xff, 0xff, 0xff, 0xff, 0xf5, 0x0, 0x0, 0x1,
    0x11, 0x11, 0x11, 0x11, 0x11, 0x13, 0xcf, 0xd2,
    0x0, 0x0, 0x0, 0x0, 0x0, 0x0, 0x0, 0x0,
    0x6f, 0xfb, 0x0, 0x0, 0x0, 0x0, 0x0, 0x0,
    0x0, 0x0, 0x1b, 0xff, 0x70, 0x0, 0x0, 0x0,
    0x0, 0x0, 0x0, 0x0, 0x6, 0xff, 0xd3, 0x0,
    0x0, 0x0, 0x0, 0x0, 0x0, 0x0, 0x0, 0xbf,
    0xf8, 0x0, 0x0, 0x0, 0x0, 0x0, 0x0, 0x0,
    0x0, 0x2, 0xfe, 0x30, 0x0, 0x0, 0x0, 0x0,
    0x0, 0x0, 0x0, 0x0, 0x2, 0xfd, 0x0, 0x0,
    0x0, 0x0, 0x0, 0x9b, 0xbb, 0xbb, 0xbb, 0xbc,
    0xff, 0xbb, 0xbb, 0xbb, 0xbb, 0xb4, 0xdf, 0xff,
    0xff, 0xff, 0xff, 0xff, 0xff, 0xff, 0xff, 0xff,
    0xf6, 0x0, 0x0, 0x0, 0x0, 0x3, 0xfd, 0x0,
    0x0, 0x0, 0x0, 0x0, 0x0, 0x0, 0x0, 0x0,
    0x2, 0xfd, 0x0, 0x0, 0x0, 0x0, 0x0, 0x0,
    0x0, 0x0, 0x0, 0x2, 0xfd, 0x0, 0x0, 0x0,
    0x0, 0x0, 0x0, 0x0, 0x0, 0x0, 0x2, 0xfd,
    0x0, 0x0, 0x0, 0x0, 0x0, 0x0, 0x0, 0x0,
    0x0, 0x2, 0xfd, 0x0, 0x0, 0x0, 0x0, 0x0,
    0x0, 0x0, 0x0, 0x0, 0x2, 0xfd, 0x0, 0x0,
    0x0, 0x0, 0x0, 0x0, 0x0, 0x0, 0x0, 0x2,
    0xfd, 0x0, 0x0, 0x0, 0x0, 0x0, 0x0, 0x0,
    0x0, 0x0, 0x2, 0xfd, 0x0, 0x0, 0x0, 0x0,
    0x0, 0x0, 0x0, 0x4, 0xfd, 0xce, 0xfb, 0x0,
    0x0, 0x0, 0x0, 0x0, 0x0, 0x0, 0x1, 0xbc,
    0xef, 0xc3, 0x0, 0x0, 0x0, 0x0, 0x0,

    /* U+5B57 "字" */
    0x0, 0x0, 0x0, 0x0, 0x2, 0x87, 0x0, 0x0,
    0x0, 0x0, 0x0, 0x0, 0x0, 0x0, 0x0, 0x2,
    0xff, 0x0, 0x0, 0x0, 0x0, 0x0, 0x9, 0x99,
    0x99, 0x99, 0x99, 0xef, 0xb9, 0x99, 0x99, 0x99,
    0x93, 0xf, 0xff, 0xff, 0xff, 0xff, 0xff, 0xff,
    0xff, 0xff, 0xff, 0xf7, 0xf, 0xe2, 0x22, 0x22,
    0x22, 0x22, 0x22, 0x22, 0x22, 0x28, 0xf7, 0xf,
    0xe0, 0x0, 0x0, 0x0, 0x0, 0x0, 0x0, 0x0,
    0x7, 0xf7, 0xc, 0xa0, 0x11, 0x11, 0x11, 0x11,
    0x11, 0x11, 0x11, 0x5, 0xc5, 0x0, 0x1, 0xff,
    0xff, 0xff, 0xff, 0xff, 0xff, 0xff, 0x40, 0x0,
    0x0, 0x1, 0xbb, 0xbb, 0xbb, 0xbb, 0xbb, 0xbf,
    0xff, 0x30, 0x0, 0x0, 0x0, 0x0, 0x0, 0x0,
    0x0, 0x6, 0xef, 0xe5, 0x0, 0x0, 0x0, 0x0,
    0x0, 0x0, 0x0, 0x5, 0xef, 0xf9, 0x10, 0x0,
    0x0, 0x0, 0x0, 0x0, 0x0, 0x0, 0xcf, 0xfb,
    0x20, 0x0, 0x0, 0x0, 0x0, 0x0, 0x0, 0x0,
    0x0, 0xef, 0x50, 0x0, 0x0, 0x0, 0x0, 0x2d,
    0xdd, 0xdd, 0xdd, 0xdd, 0xff, 0xed, 0xdd, 0xdd,
    0xdd, 0xd8, 0x3f, 0xff, 0xff, 0xff, 0xff, 0xff,
    0xff, 0xff, 0xff, 0xff, 0xfa, 0x0, 0x0, 0x0,
    0x0, 0x0, 0xef, 0x40, 0x0, 0x0, 0x0, 0x0,
    0x0, 0x0, 0x0, 0x0, 0x0, 0xef, 0x40, 0x0,
    0x0, 0x0, 0x0, 0x0, 0x0, 0x0, 0x0, 0x0,
    0xef, 0x40, 0x0, 0x0, 0x0, 0x0, 0x0, 0x0,
    0x0, 0x0, 0x0, 0xef, 0x40, 0x0, 0x0, 0x0,
    0x0, 0x0, 0x0, 0x1, 0x0, 0x0, 0xef, 0x40,
    0x0, 0x0, 0x0, 0x0, 0x0, 0x0, 0x7, 0xff,
    0xdd, 0xff, 0x20, 0x0, 0x0, 0x0, 0x0, 0x0,
    0x0, 0x3, 0xbc, 0xef, 0xe8, 0x0, 0x0, 0x0,
    0x0, 0x0,

    /* U+5B58 "存" */
    0x0, 0x0, 0x0, 0x0, 0x42, 0x0, 0x0, 0x0,
    0x0, 0x0, 0x0, 0x0, 0x0, 0x0, 0x0, 0xef,
    0x10, 0x0, 0x0, 0x0, 0x0, 0x0, 0x0, 0x0,
    0x0, 0x5, 0xfb, 0x0, 0x0, 0x0, 0x0, 0x0,
    0x0, 0x3f, 0xff, 0xff, 0xff, 0xff, 0xff, 0xff,
    0xff, 0xff, 0xff, 0xfa, 0x2b, 0xbb, 0xbb, 0xef,
    0xeb, 0xbb, 0xbb, 0xbb, 0xbb, 0xbb, 0xb7, 0x0,
    0x0, 0x0, 0xef, 0x40, 0x0, 0x0, 0x0, 0x0,
    0x0, 0x0, 0x0, 0x0, 0x8, 0xfc, 0x0, 0x0,
    0x0, 0x0, 0x0, 0x0, 0x0, 0x0, 0x2, 0x6f,
    0xf3, 0x9, 0xdd, 0xdd, 0xdd, 0xdd, 0xd6, 0x0,
    0x0, 0x6, 0xff, 0x90, 0xb, 0xff, 0xff, 0xff,
    0xff, 0xf7, 0x0, 0x0, 0x9, 0xfd, 0x0, 0x0,
    0x0, 0x0, 0x0, 0x7f, 0xe3, 0x0, 0x0, 0x7f,
    0xf8, 0x0, 0x0, 0x0, 0x0, 0x9, 0xfd, 0x20,
    0x0, 0x5, 0xff, 0xf8, 0x0, 0x0, 0x0, 0x0,
    0xaf, 0xc1, 0x0, 0x0, 0x4f, 0xfa, 0xf8, 0x0,
    0x0, 0x0, 0x0, 0xce, 0x0, 0x0, 0x0, 0x5f,
    0x46, 0xf8, 0x8, 0xbb, 0xbb, 0xbb, 0xef, 0xbb,
    0xbb, 0xbb, 0x1, 0x6, 0xf8, 0xd, 0xff, 0xff,
    0xff, 0xff, 0xff, 0xff, 0xff, 0x0, 0x6, 0xf8,
    0x1, 0x11, 0x11, 0x11, 0xce, 0x11, 0x11, 0x11,
    0x0, 0x6, 0xf8, 0x0, 0x0, 0x0, 0x0, 0xce,
    0x0, 0x0, 0x0, 0x0, 0x6, 0xf8, 0x0, 0x0,
    0x0, 0x0, 0xce, 0x0, 0x0, 0x0, 0x0, 0x6,
    0xf8, 0x0, 0x0, 0x0, 0x0, 0xce, 0x0, 0x0,
    0x0, 0x0, 0x6, 0xf8, 0x0, 0x0, 0x0, 0x0,
    0xce, 0x0, 0x0, 0x0, 0x0, 0x6, 0xf8, 0x0,
    0x0, 0x5, 0xcc, 0xfd, 0x0, 0x0, 0x0, 0x0,
    0x6, 0xf8, 0x0, 0x0, 0x4, 0xff, 0xd4, 0x0,
    0x0, 0x0,

    /* U+5B66 "学" */
    0x0, 0x0, 0x20, 0x0, 0x5, 0xb1, 0x0, 0x0,
    0x55, 0x0, 0x0, 0x0, 0x8, 0xf7, 0x0, 0x6,
    0xfa, 0x0, 0x1, 0xff, 0x60, 0x0, 0x0, 0x2,
    0xff, 0x30, 0x0, 0xef, 0x10, 0xa, 0xfb, 0x0,
    0x0, 0x0, 0x0, 0x6c, 0x20, 0x0, 0x87, 0x10,
    0x6f, 0xc0, 0x0, 0x0, 0x29, 0x99, 0x99, 0x99,
    0x99, 0x99, 0x99, 0xff, 0xa9, 0x99, 0x80, 0x4f,
    0xff, 0xff, 0xff, 0xff, 0xff, 0xff, 0xff, 0xff,
    0xff, 0xe0, 0x4f, 0x81, 0x11, 0x11, 0x11, 0x11,
    0x11, 0x11, 0x11, 0x1e, 0xe0, 0x4f, 0x80, 0x0,
    0x0, 0x0, 0x0, 0x0, 0x0, 0x0, 0xe, 0xe0,
    0x3e, 0x70, 0x0, 0x0, 0x0, 0x0, 0x0, 0x0,
    0x0, 0xe, 0xe0, 0x0, 0x0, 0xff, 0xff, 0xff,
    0xff, 0xff, 0xff, 0xf6, 0x0, 0x0, 0x0, 0x0,
    0xaa, 0xaa, 0xaa, 0xaa, 0xaa, 0xff, 0xf6, 0x0,
    0x0, 0x0, 0x0, 0x0, 0x0, 0x0, 0x0, 0x6e,
    0xfc, 0x40, 0x0, 0x0, 0x0, 0x0, 0x0, 0x0,
    0x0, 0x7e, 0xfc, 0x40, 0x0, 0x0, 0x0, 0x0,
    0x0, 0x0, 0x0, 0x0, 0xef, 0x50, 0x0, 0x0,
    0x0, 0x0, 0xab, 0xbb, 0xbb, 0xbb, 0xbb, 0xff,
    0xbb, 0xbb, 0xbb, 0xbb, 0xb7, 0xef, 0xff, 0xff,
    0xff, 0xff, 0xff, 0xff, 0xff, 0xff, 0xff, 0xfa,
    0x0, 0x0, 0x0, 0x0, 0x0, 0xee, 0x0, 0x0,
    0x0, 0x0, 0x0, 0x0, 0x0, 0x0, 0x0, 0x0,
    0xee, 0x0, 0x0, 0x0, 0x0, 0x0, 0x0, 0x0,
    0x0, 0x0, 0x0, 0xee, 0x0, 0x0, 0x0, 0x0,
    0x0, 0x0, 0x0, 0x0, 0x0, 0x0, 0xee, 0x0,
    0x0, 0x0, 0x0, 0x0, 0x0, 0x0, 0x0, 0x4f,
    0xdd, 0xfd, 0x0, 0x0, 0x0, 0x0, 0x0, 0x0,
    0x0, 0x0, 0x1c, 0xef, 0xd4, 0x0, 0x0, 0x0,
    0x0, 0x0,

    /* U+5B83 "它" */
    0x0, 0x0, 0x0, 0x0, 0x3, 0x96, 0x0, 0x0,
    0x0, 0x0, 0x0, 0x0, 0x0, 0x0, 0x0, 0x5,
    0xff, 0x10, 0x0, 0x0, 0x0, 0x0, 0x0, 0x0,
    0x0, 0x0, 0x0, 0xbf, 0x80, 0x0, 0x0, 0x0,
    0x0, 0xb, 0xbb, 0xbb, 0xbb, 0xbb, 0xdf, 0xfb,
    0xbb, 0xbb, 0xbb, 0xb4, 0x1f, 0xff, 0xff, 0xff,
    0xff, 0xff, 0xff, 0xff, 0xff, 0xff, 0xf6, 0x1f,
    0xe1, 0x11, 0x11, 0x11, 0x11, 0x11, 0x11, 0x11,
    0x19, 0xf6, 0x1f, 0xe0, 0x0, 0x0, 0x0, 0x0,
    0x0, 0x0, 0x0, 0x8, 0xf6, 0xb, 0x90, 0x1c,
    0xb0, 0x0, 0x0, 0x0, 0x0, 0x0, 0x6, 0xb4,
    0x0, 0x0, 0x2f, 0xe0, 0x0, 0x0, 0x0, 0x0,
    0x0, 0x0, 0x0, 0x0, 0x0, 0x2f, 0xe0, 0x0,
    0x0, 0x0, 0x0, 0x36, 0x0, 0x0, 0x0, 0x0,
    0x2f, 0xe0, 0x0, 0x0, 0x2, 0x7d, 0xff, 0x70,
    0x0, 0x0, 0x0, 0x2f, 0xe0, 0x1, 0x59, 0xdf,
    0xff, 0xb5, 0x0, 0x0, 0x0, 0x0, 0x2f, 0xfa,
    0xef, 0xff, 0xfb, 0x61, 0x0, 0x0, 0x0, 0x0,
    0x0, 0x2f, 0xff, 0xeb, 0x74, 0x0, 0x0, 0x0,
    0x0, 0x0, 0x0, 0x0, 0x2f, 0xe1, 0x0, 0x0,
    0x0, 0x0, 0x0, 0x0, 0x0, 0x0, 0x0, 0x2f,
    0xe0, 0x0, 0x0, 0x0, 0x0, 0x0, 0x13, 0x0,
    0x0, 0x0, 0x2f, 0xe0, 0x0, 0x0, 0x0, 0x0,
    0x0, 0x4f, 0xb0, 0x0, 0x0, 0x2f, 0xe0, 0x0,
    0x0, 0x0, 0x0, 0x0, 0x7f, 0xb0, 0x0, 0x0,
    0x2f, 0xf2, 0x0, 0x0, 0x0, 0x0, 0x4, 0xef,
    0x70, 0x0, 0x0, 0x1f, 0xff, 0xfe, 0xdd, 0xdd,
    0xef, 0xff, 0xff, 0x10, 0x0, 0x0, 0x5, 0xdf,
    0xff, 0xff, 0xff, 0xff, 0xfe, 0xa3, 0x0, 0x0,
    0x0, 0x0, 0x0, 0x12, 0x23, 0x33, 0x21, 0x0,
    0x0, 0x0,

    /* U+5B9A "定" */
    0x0, 0x0, 0x0, 0x0, 0x2, 0x75, 0x0, 0x0,
    0x0, 0x0, 0x0, 0x0, 0x0, 0x0, 0x0, 0x4,
    0xfe, 0x0, 0x0, 0x0, 0x0, 0x0, 0xa, 0xaa,
    0xaa, 0xaa, 0xaa, 0xff, 0xba, 0xaa, 0xaa, 0xaa,
    0xa0, 0xf, 0xff, 0xff, 0xff, 0xff, 0xff, 0xff,
    0xff, 0xff, 0xff, 0xf0, 0xf, 0xd0, 0x0, 0x0,
    0x0, 0x0, 0x0, 0x0, 0x0, 0xf, 0xf0, 0xf,
    0xd0, 0x0, 0x0, 0x0, 0x0, 0x0, 0x0, 0x0,
    0xf, 0xf0, 0x6, 0x50, 0x0, 0x0, 0x0, 0x0,
    0x0, 0x0, 0x0, 0x7, 0x70, 0x0, 0x6, 0xbb,
    0xbb, 0xbb, 0xbb, 0xbb, 0xbb, 0xbb, 0x60, 0x0,
    0x0, 0x9, 0xff, 0xff, 0xff, 0xff, 0xff, 0xff,
    0xff, 0x90, 0x0, 0x0, 0x0, 0x0, 0x0, 0x0,
    0xef, 0x10, 0x0, 0x0, 0x0, 0x0, 0x0, 0x0,
    0x0, 0x0, 0x0, 0xef, 0x10, 0x0, 0x0, 0x0,
    0x0, 0x0, 0x0, 0x3f, 0x80, 0x0, 0xef, 0x10,
    0x0, 0x0, 0x0, 0x0, 0x0, 0x0, 0x6f, 0x80,
    0x0, 0xef, 0x10, 0x0, 0x0, 0x0, 0x0, 0x0,
    0x0, 0x9f, 0x50, 0x0, 0xef, 0xcb, 0xbb, 0xbb,
    0x50, 0x0, 0x0, 0x0, 0xef, 0x10, 0x0, 0xef,
    0xff, 0xff, 0xff, 0x70, 0x0, 0x0, 0x4, 0xfd,
    0x0, 0x0, 0xef, 0x10, 0x0, 0x0, 0x0, 0x0,
    0x0, 0xa, 0xff, 0x50, 0x0, 0xef, 0x10, 0x0,
    0x0, 0x0, 0x0, 0x0, 0x3f, 0xff, 0xe2, 0x0,
    0xef, 0x10, 0x0, 0x0, 0x0, 0x0, 0x0, 0xcf,
    0x85, 0xfe, 0x30, 0xef, 0x10, 0x0, 0x0, 0x0,
    0x0, 0x7, 0xfe, 0x10, 0x7f, 0xfb, 0xff, 0x32,
    0x11, 0x10, 0x0, 0x0, 0x3f, 0xf6, 0x0, 0x5,
    0xef, 0xff, 0xff, 0xff, 0xff, 0xff, 0xfb, 0x5f,
    0xa0, 0x0, 0x0, 0x5, 0x8b, 0xde, 0xff, 0xff,
    0xff, 0xf6, 0x4, 0x0, 0x0, 0x0, 0x0, 0x0,
    0x0, 0x0, 0x0, 0x0, 0x0,

    /* U+5B9E "实" */
    0x0, 0x0, 0x0, 0x0, 0x6, 0xa2, 0x0, 0x0,
    0x0, 0x0, 0x0, 0x0, 0x0, 0x0, 0x0, 0x9,
    0xf9, 0x0, 0x0, 0x0, 0x0, 0x0, 0x39, 0x99,
    0x99, 0x99, 0x9a, 0xff, 0x99, 0x99, 0x99, 0x99,
    0x90, 0x7f, 0xff, 0xff, 0xff, 0xff, 0xff, 0xff,
    0xff, 0xff, 0xff, 0xf0, 0x7f, 0x82, 0x22, 0x22,
    0x22, 0x22, 0x22, 0x22, 0x22, 0x2e, 0xf0, 0x7f,
    0x70, 0x0, 0x0, 0x0, 0x0, 0xa9, 0x0, 0x0,
    0xe, 0xf0, 0x5c, 0x50, 0x7, 0x60, 0x0, 0x0,
    0xff, 0x0, 0x0, 0xa, 0xc0, 0x0, 0x0, 0x2f,
    0xfd, 0x50, 0x0, 0xfe, 0x0, 0x0, 0x0, 0x0,
    0x0, 0x0, 0x2, 0xaf, 0xfb, 0x11, 0xfe, 0x0,
    0x0, 0x0, 0x0, 0x0, 0x6, 0x10, 0x3, 0xdf,
    0x31, 0xfe, 0x0, 0x0, 0x0, 0x0, 0x0, 0x5f,
    0xf8, 0x0, 0x2, 0x2, 0xfe, 0x0, 0x0, 0x0,
    0x0, 0x0, 0x8, 0xff, 0xe4, 0x0, 0x3, 0xfd,
    0x0, 0x0, 0x0, 0x0, 0x0, 0x0, 0x1a, 0xfd,
    0x0, 0x6, 0xfb, 0x0, 0x0, 0x0, 0x0, 0x0,
    0x0, 0x0, 0x52, 0x0, 0xb, 0xf7, 0x0, 0x0,
    0x0, 0x0, 0x8d, 0xdd, 0xdd, 0xdd, 0xdd, 0xdf,
    0xfe, 0xdd, 0xdd, 0xdd, 0xd1, 0xaf, 0xff, 0xff,
    0xff, 0xff, 0xff, 0xff, 0xff, 0xff, 0xff, 0xf1,
    0x0, 0x0, 0x0, 0x0, 0x1b, 0xfe, 0x20, 0x2,
    0x0, 0x0, 0x0, 0x0, 0x0, 0x0, 0x3, 0xdf,
    0xf3, 0x0, 0x9f, 0x70, 0x0, 0x0, 0x0, 0x0,
    0x3, 0xaf, 0xfd, 0x20, 0x0, 0x7f, 0xfe, 0x50,
    0x0, 0x0, 0x27, 0xdf, 0xff, 0x80, 0x0, 0x0,
    0x1, 0xaf, 0xfc, 0x30, 0x7, 0xff, 0xfe, 0x81,
    0x0, 0x0, 0x0, 0x0, 0x3, 0xcf, 0xf2, 0x0,
    0xc9, 0x40, 0x0, 0x0, 0x0, 0x0, 0x0, 0x0,
    0x6, 0x50,

    /* U+5BA4 "室" */
    0x0, 0x0, 0x0, 0x0, 0x6, 0xa2, 0x0, 0x0,
    0x0, 0x0, 0x0, 0x0, 0x0, 0x0, 0x0, 0x9,
    0xf9, 0x0, 0x0, 0x0, 0x0, 0x0, 0x39, 0x99,
    0x99, 0x99, 0x9a, 0xff, 0x99, 0x99, 0x99, 0x99,
    0x90, 0x7f, 0xff, 0xff, 0xff, 0xff, 0xff, 0xff,
    0xff, 0xff, 0xff, 0xf0, 0x7f, 0x82, 0x22, 0x22,
    0x22, 0x22, 0x22, 0x22, 0x22, 0x2e, 0xf0, 0x7f,
    0x70, 0x0, 0x0, 0x0, 0x0, 0x0, 0x0, 0x0,
    0xe, 0xf0, 0x5c, 0x54, 0xaa, 0xaa, 0xaa, 0xaa,
    0xaa, 0xaa, 0xaa, 0xa, 0xc0, 0x0, 0x7, 0xff,
    0xff, 0xff, 0xff, 0xff, 0xff, 0xff, 0x0, 0x0,
    0x0, 0x0, 0x11, 0x6f, 0xf2, 0x11, 0x11, 0x14,
    0x11, 0x0, 0x0, 0x0, 0x0, 0x3, 0xff, 0x60,
    0x0, 0x0, 0xaf, 0x60, 0x0, 0x0, 0x0, 0x0,
    0x4f, 0xf9, 0x0, 0x0, 0x0, 0x4f, 0xf5, 0x0,
    0x0, 0x0, 0x8, 0xff, 0xc6, 0x79, 0xac, 0xef,
    0xff, 0xff, 0x20, 0x0, 0x0, 0x3f, 0xff, 0xff,
    0xff, 0xff, 0xfe, 0xca, 0xbf, 0xc0, 0x0, 0x0,
    0xb, 0xba, 0x98, 0x68, 0xfb, 0x0, 0x0, 0xd,
    0xf3, 0x0, 0x0, 0x0, 0x0, 0x0, 0x4, 0xfb,
    0x0, 0x0, 0x3, 0x20, 0x0, 0x0, 0x11, 0x11,
    0x11, 0x15, 0xfb, 0x11, 0x11, 0x11, 0x10, 0x0,
    0x2, 0xff, 0xff, 0xff, 0xff, 0xff, 0xff, 0xff,
    0xff, 0xf9, 0x0, 0x1, 0xbb, 0xbb, 0xbb, 0xbc,
    0xfe, 0xbb, 0xbb, 0xbb, 0xb6, 0x0, 0x0, 0x0,
    0x0, 0x0, 0x4, 0xfb, 0x0, 0x0, 0x0, 0x0,
    0x0, 0x0, 0x0, 0x0, 0x0, 0x4, 0xfb, 0x0,
    0x0, 0x0, 0x0, 0x0, 0xbc, 0xcc, 0xcc, 0xcc,
    0xcd, 0xff, 0xcc, 0xcc, 0xcc, 0xcc, 0xc5, 0xef,
    0xff, 0xff, 0xff, 0xff, 0xff, 0xff, 0xff, 0xff,
    0xff, 0xf7,

    /* U+5BDF "察" */
    0x0, 0x0, 0x0, 0x0, 0x1, 0x63, 0x0, 0x0,
    0x0, 0x0, 0x0, 0x0, 0x0, 0x0, 0x0, 0x4,
    0xfc, 0x0, 0x0, 0x0, 0x0, 0x0, 0x1f, 0xff,
    0xff, 0xff, 0xff, 0xff, 0xff, 0xff, 0xff, 0xff,
    0xf1, 0x1f, 0xeb, 0xbb, 0xbb, 0xbb, 0xbb, 0xbb,
    0xbb, 0xbb, 0xbe, 0xf1, 0x1f, 0x90, 0x37, 0x20,
    0x0, 0x3, 0x40, 0x0, 0x0, 0xb, 0xf1, 0x1f,
    0x90, 0xcf, 0xb8, 0x88, 0x5e, 0xe7, 0x77, 0x77,
    0x6b, 0xf1, 0x3, 0x28, 0xff, 0xff, 0xff, 0x96,
    0xff, 0xff, 0xff, 0xe2, 0x30, 0x0, 0x6f, 0xf9,
    0x0, 0xcf, 0x40, 0xcf, 0x80, 0x6f, 0x90, 0x0,
    0x7, 0xfe, 0x8f, 0x69, 0xf8, 0x0, 0x1e, 0xf9,
    0xfd, 0x0, 0x0, 0x6f, 0xff, 0x54, 0x9f, 0xb0,
    0x0, 0x3, 0xff, 0xf3, 0x0, 0x0, 0x7, 0x1b,
    0x6c, 0xfa, 0x0, 0x0, 0x0, 0x3e, 0xfd, 0x30,
    0x0, 0x0, 0x8, 0xff, 0x88, 0xff, 0xff, 0xff,
    0xe1, 0xcf, 0xfa, 0x30, 0x18, 0xef, 0xc2, 0x5,
    0xaa, 0xaa, 0xaa, 0x90, 0x6, 0xef, 0xf6, 0x9f,
    0xc5, 0x0, 0x0, 0x0, 0x0, 0x0, 0x0, 0x0,
    0x5, 0xb1, 0x4, 0x6a, 0xaa, 0xaa, 0xaa, 0xaa,
    0xaa, 0xaa, 0xaa, 0xaa, 0x0, 0x0, 0xaf, 0xff,
    0xff, 0xff, 0xff, 0xff, 0xff, 0xff, 0xff, 0x0,
    0x0, 0x0, 0x0, 0x10, 0x0, 0xcf, 0x0, 0x10,
    0x0, 0x0, 0x0, 0x0, 0x0, 0x5, 0xe7, 0x0,
    0xcf, 0x0, 0xdc, 0x60, 0x0, 0x0, 0x0, 0x5,
    0xcf, 0xf7, 0x0, 0xcf, 0x1, 0x9f, 0xfe, 0x50,
    0x0, 0x8, 0xef, 0xfb, 0x20, 0x0, 0xdf, 0x0,
    0x1, 0x9f, 0xfb, 0x10, 0xc, 0xfa, 0x30, 0x8,
    0xcb, 0xfe, 0x0, 0x0, 0x3, 0xdf, 0x40, 0x2,
    0x10, 0x0, 0x6, 0xef, 0xe5, 0x0, 0x0, 0x0,
    0x5, 0x0,

    /* U+5BF9 "对" */
    0x0, 0x0, 0x0, 0x0, 0x0, 0x0, 0x0, 0x0,
    0x17, 0x40, 0x0, 0x1, 0x11, 0x11, 0x11, 0x0,
    0x0, 0x0, 0x0, 0x3f, 0xa0, 0x0, 0x8f, 0xff,
    0xff, 0xff, 0x30, 0x0, 0x0, 0x0, 0x3f, 0xa0,
    0x0, 0x6d, 0xdd, 0xdd, 0xff, 0x20, 0x0, 0x0,
    0x0, 0x3f, 0xa0, 0x0, 0x0, 0x0, 0x0, 0xdf,
    0x10, 0x0, 0x0, 0x0, 0x3f, 0xa0, 0x0, 0x4,
    0x20, 0x0, 0xef, 0xa, 0xbb, 0xbb, 0xbb, 0xcf,
    0xeb, 0xb5, 0x3f, 0xc0, 0x0, 0xfd, 0xe, 0xff,
    0xff, 0xff, 0xff, 0xff, 0xf7, 0xb, 0xf7, 0x2,
    0xfa, 0x0, 0x0, 0x0, 0x0, 0x4f, 0xa0, 0x0,
    0x1, 0xff, 0x25, 0xf8, 0x0, 0x2, 0x0, 0x0,
    0x3f, 0xa0, 0x0, 0x0, 0x7f, 0xc9, 0xf4, 0x0,
    0x9f, 0x40, 0x0, 0x3f, 0xa0, 0x0, 0x0, 0xc,
    0xff, 0xf1, 0x0, 0x5f, 0xc0, 0x0, 0x3f, 0xa0,
    0x0, 0x0, 0x3, 0xff, 0xd0, 0x0, 0xc, 0xf5,
    0x0, 0x3f, 0xa0, 0x0, 0x0, 0x0, 0x9f, 0xb0,
    0x0, 0x5, 0xfc, 0x0, 0x3f, 0xa0, 0x0, 0x0,
    0x0, 0xcf, 0xf1, 0x0, 0x0, 0xef, 0x30, 0x3f,
    0xa0, 0x0, 0x0, 0x2, 0xff, 0xf9, 0x0, 0x0,
    0x9f, 0x90, 0x3f, 0xa0, 0x0, 0x0, 0x9, 0xf8,
    0xef, 0x10, 0x0, 0x39, 0x20, 0x3f, 0xa0, 0x0,
    0x0, 0x1f, 0xf1, 0x7f, 0x80, 0x0, 0x0, 0x0,
    0x3f, 0xa0, 0x0, 0x0, 0xbf, 0x70, 0xf, 0x80,
    0x0, 0x0, 0x0, 0x3f, 0xa0, 0x0, 0x7, 0xfd,
    0x0, 0x4, 0x0, 0x0, 0x0, 0x0, 0x3f, 0xa0,
    0x0, 0x5f, 0xf3, 0x0, 0x0, 0x0, 0x0, 0x3,
    0x0, 0x5f, 0xa0, 0x0, 0x6f, 0x50, 0x0, 0x0,
    0x0, 0x0, 0xc, 0xfe, 0xff, 0x80, 0x0, 0x3,
    0x0, 0x0, 0x0, 0x0, 0x0, 0x6, 0xce, 0xfb,
    0x10, 0x0,

    /* U+5C06 "将" */
    0x0, 0x0, 0x7, 0x90, 0x0, 0x0, 0xa, 0x90,
    0x0, 0x0, 0x0, 0x0, 0x0, 0x0, 0xcf, 0x10,
    0x0, 0x6, 0xfc, 0x0, 0x0, 0x0, 0x0, 0x0,
    0x0, 0xc, 0xf1, 0x0, 0x2, 0xff, 0xff, 0xff,
    0xff, 0xf7, 0x0, 0x3, 0x0, 0xcf, 0x10, 0x2,
    0xdf, 0xb8, 0x88, 0x89, 0xff, 0x50, 0xb, 0xf1,
    0xc, 0xf1, 0x3, 0xef, 0xf2, 0x0, 0x0, 0x8f,
    0xc0, 0x0, 0x9f, 0x50, 0xcf, 0x12, 0xff, 0xbf,
    0xf4, 0x0, 0x7f, 0xf2, 0x0, 0x4, 0xfa, 0xc,
    0xf1, 0x6, 0x30, 0x6e, 0x21, 0xaf, 0xf4, 0x0,
    0x0, 0xf, 0xf0, 0xcf, 0x10, 0x0, 0x0, 0x16,
    0xef, 0xe3, 0x0, 0x0, 0x0, 0xbf, 0x3c, 0xf1,
    0x0, 0x4, 0x9e, 0xff, 0xa1, 0x0, 0x0, 0x0,
    0x4, 0x30, 0xcf, 0x11, 0xbf, 0xff, 0xfb, 0x30,
    0x5f, 0x80, 0x0, 0x0, 0x0, 0xc, 0xf1, 0xb,
    0xfc, 0x72, 0x0, 0x5, 0xf8, 0x0, 0x0, 0x0,
    0x0, 0xdf, 0x10, 0x21, 0x0, 0x0, 0x0, 0x6f,
    0x90, 0x0, 0x0, 0x3, 0xdf, 0xf1, 0xef, 0xff,
    0xff, 0xff, 0xff, 0xff, 0xff, 0x60, 0x7, 0xff,
    0xff, 0x19, 0xaa, 0xaa, 0xaa, 0xaa, 0xcf, 0xda,
    0xa4, 0x1e, 0xfe, 0x5c, 0xf1, 0x0, 0x3, 0x0,
    0x0, 0x5, 0xf8, 0x0, 0x0, 0xdb, 0x10, 0xcf,
    0x10, 0x9, 0xf6, 0x0, 0x0, 0x5f, 0x80, 0x0,
    0x1, 0x0, 0xc, 0xf1, 0x0, 0x3f, 0xf3, 0x0,
    0x5, 0xf8, 0x0, 0x0, 0x0, 0x0, 0xcf, 0x10,
    0x0, 0x6f, 0xd0, 0x0, 0x5f, 0x80, 0x0, 0x0,
    0x0, 0xc, 0xf1, 0x0, 0x0, 0x94, 0x0, 0x5,
    0xf8, 0x0, 0x0, 0x0, 0x0, 0xcf, 0x10, 0x0,
    0x0, 0x1, 0x0, 0x7f, 0x80, 0x0, 0x0, 0x0,
    0xc, 0xf1, 0x0, 0x0, 0x3, 0xff, 0xef, 0xf6,
    0x0, 0x0, 0x0, 0x0, 0xcf, 0x10, 0x0, 0x0,
    0xc, 0xdf, 0xfa, 0x0, 0x0,

    /* U+5C0F "小" */
    0x0, 0x0, 0x0, 0x0, 0x0, 0x79, 0x0, 0x0,
    0x0, 0x0, 0x0, 0x0, 0x0, 0x0, 0x0, 0x0,
    0xcf, 0x10, 0x0, 0x0, 0x0, 0x0, 0x0, 0x0,
    0x0, 0x0, 0x0, 0xcf, 0x10, 0x0, 0x0, 0x0,
    0x0, 0x0, 0x0, 0x0, 0x0, 0x0, 0xcf, 0x10,
    0x0, 0x0, 0x0, 0x0, 0x0, 0x0, 0x0, 0x0,
    0x0, 0xcf, 0x10, 0x0, 0x0, 0x0, 0x0, 0x0,
    0x0, 0x5b, 0x30, 0x0, 0xcf, 0x10, 0x4, 0xb4,
    0x0, 0x0, 0x0, 0x0, 0xaf, 0x50, 0x0, 0xcf,
    0x10, 0x6, 0xfb, 0x0, 0x0, 0x0, 0x0, 0xef,
    0x10, 0x0, 0xcf, 0x10, 0x0, 0xef, 0x20, 0x0,
    0x0, 0x3, 0xfc, 0x0, 0x0, 0xcf, 0x10, 0x0,
    0x7f, 0x90, 0x0, 0x0, 0x8, 0xf8, 0x0, 0x0,
    0xcf, 0x10, 0x0, 0x1f, 0xf1, 0x0, 0x0, 0xe,
    0xf2, 0x0, 0x0, 0xcf, 0x10, 0x0, 0xa, 0xf7,
    0x0, 0x0, 0x4f, 0xd0, 0x0, 0x0, 0xcf, 0x10,
    0x0, 0x4, 0xfd, 0x0, 0x0, 0xbf, 0x80, 0x0,
    0x0, 0xcf, 0x10, 0x0, 0x0, 0xef, 0x30, 0x2,
    0xff, 0x10, 0x0, 0x0, 0xcf, 0x10, 0x0, 0x0,
    0xaf, 0x80, 0x9, 0xfb, 0x0, 0x0, 0x0, 0xcf,
    0x10, 0x0, 0x0, 0x4f, 0xe0, 0x2f, 0xf4, 0x0,
    0x0, 0x0, 0xcf, 0x10, 0x0, 0x0, 0xf, 0xf3,
    0x6f, 0xc0, 0x0, 0x0, 0x0, 0xcf, 0x10, 0x0,
    0x0, 0xb, 0xf7, 0x3, 0x40, 0x0, 0x0, 0x0,
    0xcf, 0x10, 0x0, 0x0, 0x4, 0x20, 0x0, 0x0,
    0x0, 0x0, 0x0, 0xcf, 0x10, 0x0, 0x0, 0x0,
    0x0, 0x0, 0x0, 0x1, 0x0, 0x0, 0xdf, 0x10,
    0x0, 0x0, 0x0, 0x0, 0x0, 0x0, 0x8, 0xfe,
    0xdd, 0xff, 0x0, 0x0, 0x0, 0x0, 0x0, 0x0,
    0x0, 0x3, 0xbc, 0xef, 0xe7, 0x0, 0x0, 0x0,
    0x0, 0x0,

    /* U+5C31 "就" */
    0x0, 0x0, 0x3, 0x0, 0x0, 0x0, 0x0, 0x46,
    0x0, 0x0, 0x0, 0x0, 0x0, 0xdf, 0x10, 0x0,
    0x0, 0x0, 0xbf, 0x10, 0x30, 0x0, 0x0, 0x0,
    0x8f, 0x80, 0x0, 0x0, 0x0, 0xbf, 0x15, 0xfa,
    0x0, 0x5d, 0xdd, 0xef, 0xfd, 0xdd, 0xd0, 0x0,
    0xbf, 0x10, 0xcf, 0x50, 0x6f, 0xff, 0xff, 0xff,
    0xff, 0xf0, 0x0, 0xbf, 0x10, 0x2c, 0x30, 0x0,
    0x0, 0x0, 0x0, 0x0, 0x0, 0x0, 0xbf, 0x10,
    0x0, 0x0, 0x0, 0x0, 0x0, 0x0, 0x0, 0xd,
    0xee, 0xff, 0xee, 0xee, 0xe7, 0xa, 0xff, 0xff,
    0xff, 0xff, 0x2c, 0xee, 0xff, 0xee, 0xee, 0xe7,
    0xa, 0xfa, 0xaa, 0xaa, 0xdf, 0x20, 0x0, 0xde,
    0x0, 0x0, 0x0, 0xa, 0xf2, 0x0, 0x0, 0xaf,
    0x20, 0x0, 0xed, 0x0, 0x0, 0x0, 0xa, 0xf2,
    0x0, 0x0, 0xaf, 0x20, 0x0, 0xfc, 0x7f, 0x50,
    0x0, 0xa, 0xf2, 0x0, 0x0, 0xaf, 0x20, 0x1,
    0xfa, 0x7f, 0x50, 0x0, 0xa, 0xff, 0xff, 0xff,
    0xff, 0x20, 0x4, 0xf8, 0x7f, 0x50, 0x0, 0x6,
    0xaa, 0xbf, 0xda, 0xaa, 0x10, 0x7, 0xf5, 0x7f,
    0x50, 0x0, 0x0, 0x0, 0x3f, 0x90, 0x0, 0x0,
    0xb, 0xf2, 0x7f, 0x50, 0x0, 0x0, 0xe6, 0x3f,
    0x93, 0xd5, 0x0, 0x1f, 0xd0, 0x7f, 0x50, 0x0,
    0x6, 0xf8, 0x3f, 0x92, 0xfe, 0x0, 0x6f, 0x80,
    0x7f, 0x50, 0x0, 0xe, 0xf1, 0x3f, 0x90, 0x9f,
    0x60, 0xdf, 0x20, 0x7f, 0x50, 0x64, 0x8f, 0x80,
    0x3f, 0x90, 0x2f, 0x87, 0xfa, 0x0, 0x7f, 0x50,
    0xce, 0x9d, 0x0, 0x4f, 0x90, 0x2, 0x3f, 0xf2,
    0x0, 0x7f, 0x50, 0xeb, 0x0, 0x6e, 0xff, 0x70,
    0x0, 0xdf, 0x60, 0x0, 0x6f, 0xee, 0xf7, 0x0,
    0x2d, 0xfc, 0x10, 0x0, 0x69, 0x0, 0x0, 0xa,
    0xff, 0xb1, 0x0, 0x0, 0x0, 0x0, 0x0, 0x0,
    0x0, 0x0, 0x0, 0x0, 0x0,

    /* U+5C3A "尺" */
    0x0, 0x0, 0x11, 0x11, 0x11, 0x11, 0x11, 0x11,
    0x11, 0x10, 0x0, 0x0, 0xc, 0xff, 0xff, 0xff,
    0xff, 0xff, 0xff, 0xff, 0xfc, 0x0, 0x0, 0xc,
    0xfb, 0xbb, 0xbb, 0xbb, 0xbb, 0xbb, 0xbb, 0xfc,
    0x0, 0x0, 0xc, 0xf1, 0x0, 0x0, 0x0, 0x0,
    0x0, 0x1, 0xfc, 0x0, 0x0, 0xc, 0xf1, 0x0,
    0x0, 0x0, 0x0, 0x0, 0x1, 0xfc, 0x0, 0x0,
    0xc, 0xf1, 0x0, 0x0, 0x0, 0x0, 0x0, 0x1,
    0xfc, 0x0, 0x0, 0xc, 0xf1, 0x0, 0x0, 0x0,
    0x0, 0x0, 0x1, 0xfc, 0x0, 0x0, 0xc, 0xfc,
    0xbb, 0xbb, 0xbb, 0xbb, 0xbb, 0xbc, 0xfc, 0x0,
    0x0, 0xc, 0xff, 0xff, 0xff, 0xff, 0xff, 0xff,
    0xff, 0xfc, 0x0, 0x0, 0xc, 0xf1, 0x0, 0x0,
    0x1f, 0xe0, 0x0, 0x1, 0xfc, 0x0, 0x0, 0xd,
    0xf0, 0x0, 0x0, 0xb, 0xf4, 0x0, 0x0, 0xb8,
    0x0, 0x0, 0xe, 0xe0, 0x0, 0x0, 0x5, 0xfa,
    0x0, 0x0, 0x0, 0x0, 0x0, 0xf, 0xd0, 0x0,
    0x0, 0x0, 0xef, 0x30, 0x0, 0x0, 0x0, 0x0,
    0x2f, 0xb0, 0x0, 0x0, 0x0, 0x5f, 0xc0, 0x0,
    0x0, 0x0, 0x0, 0x6f, 0x80, 0x0, 0x0, 0x0,
    0xc, 0xf9, 0x0, 0x0, 0x0, 0x0, 0xbf, 0x50,
    0x0, 0x0, 0x0, 0x2, 0xff, 0x70, 0x0, 0x0,
    0x1, 0xff, 0x0, 0x0, 0x0, 0x0, 0x0, 0x4f,
    0xf8, 0x0, 0x0, 0x7, 0xfa, 0x0, 0x0, 0x0,
    0x0, 0x0, 0x6, 0xff, 0xa1, 0x0, 0x1e, 0xf5,
    0x0, 0x0, 0x0, 0x0, 0x0, 0x0, 0x5f, 0xfe,
    0x50, 0x9f, 0xd0, 0x0, 0x0, 0x0, 0x0, 0x0,
    0x0, 0x3, 0xef, 0xfa, 0x8f, 0x40, 0x0, 0x0,
    0x0, 0x0, 0x0, 0x0, 0x0, 0x19, 0xf3, 0x2,
    0x0, 0x0, 0x0, 0x0, 0x0, 0x0, 0x0, 0x0,
    0x0, 0x10,

    /* U+5C40 "局" */
    0x0, 0xc, 0xff, 0xff, 0xff, 0xff, 0xff, 0xff,
    0xff, 0xff, 0xff, 0x0, 0x0, 0xdf, 0xaa, 0xaa,
    0xaa, 0xaa, 0xaa, 0xaa, 0xaa, 0xaf, 0xf0, 0x0,
    0xd, 0xf1, 0x0, 0x0, 0x0, 0x0, 0x0, 0x0,
    0x0, 0xdf, 0x0, 0x0, 0xdf, 0x10, 0x0, 0x0,
    0x0, 0x0, 0x0, 0x0, 0xd, 0xf0, 0x0, 0xd,
    0xfa, 0xaa, 0xaa, 0xaa, 0xaa, 0xaa, 0xaa, 0xaa,
    0xff, 0x0, 0x0, 0xdf, 0xff, 0xff, 0xff, 0xff,
    0xff, 0xff, 0xff, 0xff, 0xf0, 0x0, 0xd, 0xf1,
    0x0, 0x0, 0x0, 0x0, 0x0, 0x0, 0x0, 0x0,
    0x0, 0x0, 0xdf, 0x10, 0x0, 0x0, 0x0, 0x0,
    0x0, 0x0, 0x0, 0x0, 0x0, 0xd, 0xfb, 0xaa,
    0xaa, 0xaa, 0xaa, 0xaa, 0xaa, 0xaa, 0xaa, 0x10,
    0x0, 0xdf, 0xff, 0xff, 0xff, 0xff, 0xff, 0xff,
    0xff, 0xff, 0xf1, 0x0, 0xd, 0xf0, 0x0, 0x0,
    0x0, 0x0, 0x0, 0x0, 0x0, 0xaf, 0x10, 0x0,
    0xef, 0x0, 0x11, 0x11, 0x11, 0x11, 0x11, 0x0,
    0xb, 0xf1, 0x0, 0xf, 0xe0, 0x2f, 0xff, 0xff,
    0xff, 0xff, 0xf1, 0x0, 0xbf, 0x10, 0x2, 0xfc,
    0x2, 0xfd, 0x99, 0x99, 0x99, 0xef, 0x10, 0xc,
    0xf0, 0x0, 0x5f, 0xa0, 0x2f, 0xa0, 0x0, 0x0,
    0xb, 0xf1, 0x0, 0xdf, 0x0, 0x8, 0xf7, 0x2,
    0xfa, 0x0, 0x0, 0x0, 0xbf, 0x10, 0xd, 0xf0,
    0x0, 0xdf, 0x40, 0x2f, 0xea, 0xaa, 0xaa, 0xae,
    0xf1, 0x0, 0xee, 0x0, 0x1f, 0xf0, 0x2, 0xff,
    0xff, 0xff, 0xff, 0xff, 0x10, 0xf, 0xd0, 0x7,
    0xfb, 0x0, 0x0, 0x0, 0x0, 0x0, 0x0, 0x0,
    0x4, 0xfa, 0x0, 0xdf, 0x50, 0x0, 0x0, 0x0,
    0x0, 0x0, 0x7c, 0xcb, 0xff, 0x60, 0x6, 0xe0,
    0x0, 0x0, 0x0, 0x0, 0x0, 0x5, 0xff, 0xff,
    0x90, 0x0, 0x0, 0x0, 0x0, 0x0, 0x0, 0x0,
    0x0, 0x0, 0x1, 0x0, 0x0,

    /* U+5C4F "屏" */
    0x0, 0xc, 0xff, 0xff, 0xff, 0xff, 0xff, 0xff,
    0xff, 0xff, 0xff, 0x0, 0x0, 0xdf, 0xaa, 0xaa,
    0xaa, 0xaa, 0xaa, 0xaa, 0xaa, 0xaf, 0xf0, 0x0,
    0xd, 0xf1, 0x0, 0x0, 0x0, 0x0, 0x0, 0x0,
    0x0, 0xdf, 0x0, 0x0, 0xdf, 0x10, 0x0, 0x0,
    0x0, 0x0, 0x0, 0x0, 0xd, 0xf0, 0x0, 0xd,
    0xff, 0xff, 0xff, 0xff, 0xff, 0xff, 0xff, 0xff,
    0xff, 0x0, 0x0, 0xdf, 0xaa, 0xaa, 0xaa, 0xaa,
    0xaa, 0xaa, 0xaa, 0xaa, 0xa0, 0x0, 0xd, 0xf1,
    0x0, 0x7, 0x50, 0x0, 0x0, 0x7, 0x82, 0x0,
    0x0, 0x0, 0xdf, 0x10, 0x3, 0xff, 0x20, 0x0,
    0x0, 0xff, 0x30, 0x0, 0x0, 0xd, 0xf1, 0x0,
    0x7, 0xfc, 0x0, 0x0, 0x7f, 0xa0, 0x0, 0x0,
    0x0, 0xdf, 0x8, 0xff, 0xff, 0xff, 0xff, 0xff,
    0xff, 0xff, 0xf0, 0x0, 0xd, 0xf0, 0x5a, 0xaa,
    0xef, 0xaa, 0xaa, 0xef, 0xba, 0xa9, 0x0, 0x0,
    0xef, 0x0, 0x0, 0xc, 0xf0, 0x0, 0xb, 0xf3,
    0x0, 0x0, 0x0, 0xf, 0xe0, 0x0, 0x0, 0xdf,
    0x0, 0x0, 0xbf, 0x30, 0x0, 0x0, 0x2, 0xfc,
    0x0, 0x0, 0xd, 0xf0, 0x0, 0xb, 0xf3, 0x0,
    0x0, 0x0, 0x5f, 0xa0, 0xff, 0xff, 0xff, 0xff,
    0xff, 0xff, 0xff, 0xff, 0x90, 0x8, 0xf8, 0xb,
    0xbb, 0xdf, 0xeb, 0xbb, 0xbe, 0xfc, 0xbb, 0xb6,
    0x0, 0xdf, 0x40, 0x0, 0xa, 0xf7, 0x0, 0x0,
    0xbf, 0x30, 0x0, 0x0, 0x1f, 0xf0, 0x0, 0x6,
    0xff, 0x10, 0x0, 0xb, 0xf3, 0x0, 0x0, 0x7,
    0xfb, 0x0, 0x4b, 0xff, 0x60, 0x0, 0x0, 0xbf,
    0x30, 0x0, 0x0, 0xdf, 0x50, 0x5f, 0xff, 0x60,
    0x0, 0x0, 0xb, 0xf3, 0x0, 0x0, 0x5, 0xd0,
    0x0, 0xa7, 0x10, 0x0, 0x0, 0x0, 0xbf, 0x30,
    0x0, 0x0, 0x0, 0x0, 0x0, 0x0, 0x0, 0x0,
    0x0, 0x0, 0x0, 0x0, 0x0,

    /* U+5C5E "属" */
    0x0, 0xc, 0xff, 0xff, 0xff, 0xff, 0xff, 0xff,
    0xff, 0xff, 0xff, 0x0, 0x0, 0xdf, 0xaa, 0xaa,
    0xaa, 0xaa, 0xaa, 0xaa, 0xaa, 0xaf, 0xf0, 0x0,
    0xd, 0xf1, 0x0, 0x0, 0x0, 0x0, 0x0, 0x0,
    0x0, 0xdf, 0x0, 0x0, 0xdf, 0xdd, 0xdd, 0xdd,
    0xdd, 0xdd, 0xdd, 0xdd, 0xdf, 0xf0, 0x0, 0xd,
    0xfe, 0xee, 0xee, 0xee, 0xee, 0xee, 0xee, 0xee,
    0xee, 0x0, 0x0, 0xdf, 0x10, 0x11, 0x22, 0x33,
    0x44, 0x55, 0x66, 0x77, 0x0, 0x0, 0xd, 0xf6,
    0xff, 0xff, 0xff, 0xff, 0xff, 0xff, 0xff, 0xf6,
    0x0, 0x0, 0xdf, 0x15, 0x55, 0x54, 0x4c, 0xf4,
    0x21, 0x10, 0x0, 0x0, 0x0, 0xd, 0xf1, 0x57,
    0x77, 0x77, 0xcf, 0x87, 0x77, 0x77, 0x50, 0x0,
    0x0, 0xdf, 0xb, 0xff, 0xff, 0xff, 0xff, 0xff,
    0xff, 0xfd, 0x0, 0x0, 0xd, 0xf0, 0xbf, 0x10,
    0x0, 0xaf, 0x20, 0x0, 0xf, 0xd0, 0x0, 0x0,
    0xef, 0xb, 0xf7, 0x77, 0x7c, 0xf8, 0x77, 0x77,
    0xfd, 0x0, 0x0, 0xf, 0xe0, 0xaf, 0xff, 0xff,
    0xff, 0xff, 0xff, 0xff, 0xc0, 0x0, 0x2, 0xfc,
    0x0, 0x0, 0x0, 0xa, 0xf2, 0x0, 0x0, 0x0,
    0x0, 0x0, 0x5f, 0xa8, 0xff, 0xff, 0xff, 0xff,
    0xff, 0xff, 0xff, 0xfe, 0x0, 0x8, 0xf8, 0x9f,
    0x87, 0x77, 0x7c, 0xf8, 0x77, 0x97, 0x7f, 0xf0,
    0x0, 0xdf, 0x49, 0xf2, 0x0, 0x0, 0xaf, 0x20,
    0x7f, 0x40, 0xff, 0x0, 0x2f, 0xf0, 0x9f, 0x28,
    0x9a, 0xbe, 0xff, 0xff, 0xfe, 0x1f, 0xf0, 0x8,
    0xfb, 0x9, 0xf2, 0xee, 0xdb, 0x98, 0x65, 0x34,
    0xc2, 0xff, 0x0, 0xef, 0x50, 0x9f, 0x20, 0x0,
    0x0, 0x0, 0x5, 0xa9, 0xbf, 0xd0, 0x5, 0xd0,
    0x9, 0xf2, 0x0, 0x0, 0x0, 0x0, 0x4f, 0xff,
    0xc3, 0x0, 0x0, 0x0, 0x0, 0x0, 0x0, 0x0,
    0x0, 0x0, 0x0, 0x0, 0x0,

    /* U+5CF0 "峰" */
    0x0, 0x0, 0x0, 0x0, 0x0, 0x0, 0x3, 0x10,
    0x0, 0x0, 0x0, 0x0, 0x0, 0x1f, 0x90, 0x0,
    0x0, 0x4, 0xfa, 0x0, 0x0, 0x0, 0x0, 0x0,
    0x1, 0xf9, 0x0, 0x0, 0x0, 0xdf, 0xca, 0xaa,
    0xaa, 0x50, 0x0, 0x0, 0x1f, 0x90, 0x0, 0x0,
    0xaf, 0xdd, 0xdd, 0xde, 0xf8, 0x0, 0x8, 0x41,
    0xf9, 0x18, 0x40, 0x9f, 0xf5, 0x0, 0x1, 0xef,
    0x10, 0x1, 0xf9, 0x1f, 0x92, 0xf9, 0x8f, 0xce,
    0xf7, 0x1, 0xcf, 0x50, 0x0, 0x1f, 0x91, 0xf9,
    0x2f, 0x91, 0x70, 0x1c, 0xfb, 0xef, 0x60, 0x0,
    0x1, 0xf9, 0x1f, 0x92, 0xf9, 0x0, 0x0, 0x6f,
    0xff, 0xd6, 0x10, 0x0, 0x1f, 0x91, 0xf9, 0x2f,
    0x90, 0x39, 0xff, 0xf8, 0xaf, 0xff, 0xb6, 0x1,
    0xf9, 0x1f, 0x92, 0xf9, 0x2f, 0xfd, 0x71, 0x96,
    0x28, 0xef, 0xc0, 0x1f, 0x91, 0xf9, 0x2f, 0x90,
    0x53, 0x0, 0xf, 0xc0, 0x0, 0x32, 0x1, 0xf9,
    0x1f, 0x92, 0xf9, 0x6, 0xdd, 0xdd, 0xff, 0xdd,
    0xdd, 0x10, 0x1f, 0x91, 0xf9, 0x2f, 0x90, 0x6c,
    0xcc, 0xcf, 0xfc, 0xcc, 0xc0, 0x1, 0xf9, 0x1f,
    0x92, 0xf9, 0x0, 0x0, 0x0, 0xfc, 0x0, 0x0,
    0x0, 0x1f, 0x91, 0xf9, 0x2f, 0x90, 0x7, 0x88,
    0x8f, 0xe8, 0x88, 0x50, 0x1, 0xf9, 0x1f, 0x92,
    0xf9, 0x0, 0xff, 0xff, 0xff, 0xff, 0xfb, 0x0,
    0x1f, 0x91, 0xf9, 0x2f, 0x90, 0x0, 0x0, 0xf,
    0xc0, 0x0, 0x0, 0x1, 0xf9, 0x1f, 0xcb, 0xf9,
    0x14, 0x44, 0x44, 0xfd, 0x44, 0x44, 0x30, 0x1f,
    0xb9, 0xff, 0xff, 0x97, 0xff, 0xff, 0xff, 0xff,
    0xff, 0xfe, 0x1, 0xff, 0xfb, 0x52, 0xf9, 0x37,
    0x77, 0x77, 0xfe, 0x77, 0x77, 0x60, 0x6, 0x50,
    0x0, 0x0, 0x0, 0x0, 0x0, 0xf, 0xc0, 0x0,
    0x0, 0x0, 0x0, 0x0, 0x0, 0x0, 0x0, 0x0,
    0x0, 0xfc, 0x0, 0x0, 0x0,

    /* U+5DE1 "巡" */
    0x7, 0x40, 0x0, 0x0, 0x2, 0x20, 0x0, 0x31,
    0x0, 0x4, 0x0, 0x3f, 0xf8, 0x0, 0x0, 0xa,
    0xf4, 0x0, 0xef, 0x0, 0x3f, 0xc0, 0x6, 0xff,
    0x90, 0x0, 0xf, 0xf0, 0x5, 0xfb, 0x0, 0x8f,
    0x70, 0x0, 0x4f, 0xc0, 0x0, 0x6f, 0xa0, 0xb,
    0xf6, 0x0, 0xef, 0x20, 0x0, 0x4, 0x10, 0x0,
    0xcf, 0x40, 0x1f, 0xf0, 0x4, 0xfb, 0x0, 0x0,
    0x0, 0x0, 0x3, 0xfd, 0x0, 0x7f, 0x90, 0xb,
    0xf5, 0x0, 0x0, 0x0, 0x0, 0xa, 0xf6, 0x0,
    0xef, 0x20, 0x2f, 0xe0, 0x0, 0x0, 0x0, 0x0,
    0x2f, 0xe0, 0x5, 0xfa, 0x0, 0x9f, 0x70, 0x0,
    0xcf, 0xff, 0xe0, 0x8f, 0x80, 0xc, 0xf4, 0x0,
    0xff, 0x10, 0x0, 0x9b, 0xbf, 0xe0, 0x5f, 0xc0,
    0x8, 0xfa, 0x0, 0xbf, 0x50, 0x0, 0x0, 0xf,
    0xe0, 0xd, 0xf3, 0x1, 0xff, 0x20, 0x4f, 0xd0,
    0x0, 0x0, 0xf, 0xe0, 0x6, 0xfa, 0x0, 0x8f,
    0x90, 0xc, 0xf5, 0x0, 0x0, 0xf, 0xe0, 0x0,
    0xef, 0x10, 0x1f, 0xf1, 0x4, 0xfc, 0x0, 0x0,
    0xf, 0xe0, 0x0, 0x9f, 0x60, 0x9, 0xf7, 0x0,
    0xef, 0x30, 0x0, 0xf, 0xe0, 0x0, 0x4f, 0xc0,
    0x3, 0xfd, 0x0, 0x8f, 0x90, 0x0, 0xf, 0xe0,
    0x0, 0xe, 0xf2, 0x0, 0xdf, 0x40, 0x2f, 0xe0,
    0x0, 0xf, 0xe0, 0x0, 0x9, 0xe3, 0x0, 0x8c,
    0x20, 0xc, 0xd1, 0x0, 0x2f, 0xf6, 0x0, 0x1,
    0x0, 0x0, 0x0, 0x0, 0x2, 0x0, 0x7, 0xff,
    0xdf, 0xd9, 0x54, 0x32, 0x21, 0x11, 0x11, 0x11,
    0x10, 0xaf, 0xf5, 0x8, 0xef, 0xff, 0xff, 0xff,
    0xff, 0xff, 0xff, 0xf9, 0x2f, 0x50, 0x0, 0x4,
    0x8b, 0xde, 0xff, 0xff, 0xff, 0xff, 0xf2, 0x1,
    0x0, 0x0, 0x0, 0x0, 0x0, 0x0, 0x0, 0x0,
    0x0, 0x0,

    /* U+5DE5 "工" */
    0x0, 0x0, 0x0, 0x0, 0x0, 0x0, 0x0, 0x0,
    0x0, 0x0, 0x0, 0xe, 0xff, 0xff, 0xff, 0xff,
    0xff, 0xff, 0xff, 0xff, 0xff, 0x70, 0xa, 0xbb,
    0xbb, 0xbb, 0xbc, 0xfe, 0xbb, 0xbb, 0xbb, 0xbb,
    0x50, 0x0, 0x0, 0x0, 0x0, 0x4, 0xfa, 0x0,
    0x0, 0x0, 0x0, 0x0, 0x0, 0x0, 0x0, 0x0,
    0x4, 0xfa, 0x0, 0x0, 0x0, 0x0, 0x0, 0x0,
    0x0, 0x0, 0x0, 0x4, 0xfa, 0x0, 0x0, 0x0,
    0x0, 0x0, 0x0, 0x0, 0x0, 0x0, 0x4, 0xfa,
    0x0, 0x0, 0x0, 0x0, 0x0, 0x0, 0x0, 0x0,
    0x0, 0x4, 0xfa, 0x0, 0x0, 0x0, 0x0, 0x0,
    0x0, 0x0, 0x0, 0x0, 0x4, 0xfa, 0x0, 0x0,
    0x0, 0x0, 0x0, 0x0, 0x0, 0x0, 0x0, 0x4,
    0xfa, 0x0, 0x0, 0x0, 0x0, 0x0, 0x0, 0x0,
    0x0, 0x0, 0x4, 0xfa, 0x0, 0x0, 0x0, 0x0,
    0x0, 0x0, 0x0, 0x0, 0x0, 0x4, 0xfa, 0x0,
    0x0, 0x0, 0x0, 0x0, 0x0, 0x0, 0x0, 0x0,
    0x4, 0xfa, 0x0, 0x0, 0x0, 0x0, 0x0, 0x0,
    0x0, 0x0, 0x0, 0x4, 0xfa, 0x0, 0x0, 0x0,
    0x0, 0x0, 0x0, 0x0, 0x0, 0x0, 0x4, 0xfa,
    0x0, 0x0, 0x0, 0x0, 0x0, 0x0, 0x0, 0x0,
    0x0, 0x4, 0xfa, 0x0, 0x0, 0x0, 0x0, 0x0,
    0x0, 0x0, 0x0, 0x0, 0x4, 0xfa, 0x0, 0x0,
    0x0, 0x0, 0x0, 0x0, 0x0, 0x0, 0x0, 0x4,
    0xfa, 0x0, 0x0, 0x0, 0x0, 0x0, 0x22, 0x22,
    0x22, 0x22, 0x25, 0xfa, 0x22, 0x22, 0x22, 0x22,
    0x20, 0xdf, 0xff, 0xff, 0xff, 0xff, 0xff, 0xff,
    0xff, 0xff, 0xff, 0xf6, 0x8a, 0xaa, 0xaa, 0xaa,
    0xaa, 0xaa, 0xaa, 0xaa, 0xaa, 0xaa, 0xa3,

    /* U+5DEE "差" */
    0x0, 0x0, 0x0, 0x62, 0x0, 0x0, 0x0, 0x28,
    0x30, 0x0, 0x0, 0x0, 0x0, 0x8, 0xfc, 0x0,
    0x0, 0x0, 0xbf, 0xb0, 0x0, 0x0, 0x0, 0x0,
    0x1, 0xdf, 0x70, 0x0, 0x5, 0xfe, 0x20, 0x0,
    0x0, 0x6, 0xff, 0xff, 0xff, 0xff, 0xff, 0xff,
    0xff, 0xff, 0xff, 0xb0, 0x4, 0xbb, 0xbb, 0xbb,
    0xbb, 0xff, 0xcb, 0xbb, 0xbb, 0xbb, 0x80, 0x0,
    0x0, 0x0, 0x0, 0x0, 0xff, 0x0, 0x0, 0x0,
    0x0, 0x0, 0x0, 0x0, 0x0, 0x0, 0x4, 0xfc,
    0x0, 0x0, 0x0, 0x0, 0x0, 0x0, 0xdf, 0xff,
    0xff, 0xff, 0xff, 0xff, 0xff, 0xff, 0xff, 0x0,
    0x0, 0x8a, 0xaa, 0xaa, 0xaf, 0xfa, 0xaa, 0xaa,
    0xaa, 0xa9, 0x0, 0x0, 0x0, 0x0, 0x0, 0x6f,
    0xb0, 0x0, 0x0, 0x0, 0x0, 0x0, 0xb, 0xbb,
    0xbb, 0xbb, 0xef, 0xcb, 0xbb, 0xbb, 0xbb, 0xbb,
    0xb4, 0x1f, 0xff, 0xff, 0xff, 0xff, 0xff, 0xff,
    0xff, 0xff, 0xff, 0xf7, 0x1, 0x11, 0x11, 0x6f,
    0xf3, 0x11, 0x11, 0x11, 0x11, 0x11, 0x10, 0x0,
    0x0, 0x1, 0xef, 0x80, 0x0, 0x0, 0x0, 0x0,
    0x0, 0x0, 0x0, 0x0, 0x1d, 0xff, 0x22, 0x22,
    0x22, 0x22, 0x22, 0x22, 0x0, 0x0, 0x2, 0xdf,
    0xff, 0xff, 0xff, 0xff, 0xff, 0xff, 0xff, 0x20,
    0x0, 0x5e, 0xff, 0xaa, 0xaa, 0xaf, 0xfa, 0xaa,
    0xaa, 0xaa, 0x10, 0x2b, 0xff, 0xd2, 0x0, 0x0,
    0xd, 0xf0, 0x0, 0x0, 0x0, 0x0, 0x4f, 0xf8,
    0x0, 0x0, 0x0, 0xd, 0xf0, 0x0, 0x0, 0x0,
    0x0, 0x5, 0x22, 0x22, 0x22, 0x22, 0x2e, 0xf2,
    0x22, 0x22, 0x22, 0x20, 0x0, 0x3f, 0xff, 0xff,
    0xff, 0xff, 0xff, 0xff, 0xff, 0xff, 0xf5, 0x0,
    0x2a, 0xaa, 0xaa, 0xaa, 0xaa, 0xaa, 0xaa, 0xaa,
    0xaa, 0xa3,

    /* U+5DF1 "己" */
    0x22, 0x22, 0x22, 0x22, 0x22, 0x22, 0x22, 0x22,
    0x10, 0x0, 0xdf, 0xff, 0xff, 0xff, 0xff, 0xff,
    0xff, 0xff, 0xc0, 0x0, 0x8a, 0xaa, 0xaa, 0xaa,
    0xaa, 0xaa, 0xaa, 0xaf, 0xc0, 0x0, 0x0, 0x0,
    0x0, 0x0, 0x0, 0x0, 0x0, 0x1f, 0xc0, 0x0,
    0x0, 0x0, 0x0, 0x0, 0x0, 0x0, 0x0, 0x1f,
    0xc0, 0x0, 0x0, 0x0, 0x0, 0x0, 0x0, 0x0,
    0x0, 0x1f, 0xc0, 0x0, 0x0, 0x0, 0x0, 0x0,
    0x0, 0x0, 0x0, 0x1f, 0xc0, 0x0, 0x0, 0x0,
    0x0, 0x0, 0x0, 0x0, 0x0, 0x2f, 0xc0, 0x0,
    0xcf, 0xff, 0xff, 0xff, 0xff, 0xff, 0xff, 0xff,
    0xc0, 0x0, 0xcf, 0xcb, 0xbb, 0xbb, 0xbb, 0xbb,
    0xbb, 0xcf, 0xc0, 0x0, 0xcf, 0x20, 0x0, 0x0,
    0x0, 0x0, 0x0, 0x1f, 0xc0, 0x0, 0xcf, 0x20,
    0x0, 0x0, 0x0, 0x0, 0x0, 0x4, 0x30, 0x0,
    0xcf, 0x20, 0x0, 0x0, 0x0, 0x0, 0x0, 0x0,
    0x0, 0x0, 0xcf, 0x20, 0x0, 0x0, 0x0, 0x0,
    0x0, 0x0, 0x0, 0x0, 0xcf, 0x20, 0x0, 0x0,
    0x0, 0x0, 0x0, 0x0, 0x0, 0x0, 0xcf, 0x20,
    0x0, 0x0, 0x0, 0x0, 0x0, 0x0, 0x7, 0xa1,
    0xcf, 0x20, 0x0, 0x0, 0x0, 0x0, 0x0, 0x0,
    0x8, 0xf6, 0xcf, 0x20, 0x0, 0x0, 0x0, 0x0,
    0x0, 0x0, 0xb, 0xf3, 0xbf, 0x50, 0x0, 0x0,
    0x0, 0x0, 0x0, 0x0, 0x3f, 0xf0, 0x9f, 0xfe,
    0xdd, 0xcc, 0xcc, 0xcd, 0xde, 0xff, 0xff, 0x90,
    0x8, 0xcd, 0xef, 0xff, 0xff, 0xff, 0xff, 0xed,
    0xc9, 0x10,

    /* U+5DF2 "已" */
    0x0, 0x0, 0x0, 0x0, 0x0, 0x0, 0x0, 0x0,
    0x0, 0x0, 0x2, 0xff, 0xff, 0xff, 0xff, 0xff,
    0xff, 0xff, 0xff, 0xf1, 0x0, 0x2b, 0xbb, 0xbb,
    0xbb, 0xbb, 0xbb, 0xbb, 0xbb, 0xff, 0x10, 0x0,
    0x0, 0x0, 0x0, 0x0, 0x0, 0x0, 0x0, 0xc,
    0xf1, 0x0, 0x0, 0x0, 0x0, 0x0, 0x0, 0x0,
    0x0, 0x0, 0xcf, 0x10, 0x0, 0x9, 0xc1, 0x0,
    0x0, 0x0, 0x0, 0x0, 0xc, 0xf1, 0x0, 0x0,
    0xcf, 0x20, 0x0, 0x0, 0x0, 0x0, 0x0, 0xcf,
    0x10, 0x0, 0xc, 0xf2, 0x0, 0x0, 0x0, 0x0,
    0x0, 0xc, 0xf1, 0x0, 0x0, 0xcf, 0xcb, 0xbb,
    0xbb, 0xbb, 0xbb, 0xbb, 0xff, 0x10, 0x0, 0xc,
    0xff, 0xff, 0xff, 0xff, 0xff, 0xff, 0xff, 0xf1,
    0x0, 0x0, 0xcf, 0x20, 0x0, 0x0, 0x0, 0x0,
    0x0, 0xcf, 0x10, 0x0, 0xc, 0xf2, 0x0, 0x0,
    0x0, 0x0, 0x0, 0x8, 0xa0, 0x0, 0x0, 0xcf,
    0x20, 0x0, 0x0, 0x0, 0x0, 0x0, 0x0, 0x0,
    0x0, 0xc, 0xf2, 0x0, 0x0, 0x0, 0x0, 0x0,
    0x0, 0x0, 0x0, 0x0, 0xcf, 0x20, 0x0, 0x0,
    0x0, 0x0, 0x0, 0x0, 0x7, 0x10, 0xc, 0xf2,
    0x0, 0x0, 0x0, 0x0, 0x0, 0x0, 0x0, 0xfe,
    0x0, 0xcf, 0x20, 0x0, 0x0, 0x0, 0x0, 0x0,
    0x0, 0x2f, 0xb0, 0xc, 0xf2, 0x0, 0x0, 0x0,
    0x0, 0x0, 0x0, 0x6, 0xf7, 0x0, 0xbf, 0x70,
    0x0, 0x0, 0x0, 0x0, 0x0, 0x24, 0xef, 0x20,
    0x8, 0xff, 0xff, 0xee, 0xee, 0xee, 0xee, 0xff,
    0xff, 0xb0, 0x0, 0x7, 0xce, 0xff, 0xff, 0xff,
    0xfe, 0xed, 0xca, 0x70, 0x0,

    /* U+5E26 "带" */
    0x0, 0x0, 0x6, 0x40, 0x0, 0x68, 0x0, 0x0,
    0x86, 0x0, 0x0, 0x0, 0x0, 0x2f, 0xc0, 0x0,
    0xcf, 0x10, 0x1, 0xfc, 0x0, 0x0, 0x2, 0x22,
    0x4f, 0xc2, 0x22, 0xdf, 0x32, 0x23, 0xfd, 0x22,
    0x21, 0xf, 0xff, 0xff, 0xff, 0xff, 0xff, 0xff,
    0xff, 0xff, 0xff, 0xfa, 0xa, 0xaa, 0xaf, 0xea,
    0xaa, 0xef, 0xaa, 0xaa, 0xfe, 0xaa, 0xa6, 0x0,
    0x0, 0x2f, 0xc0, 0x0, 0xcf, 0x10, 0x1, 0xfc,
    0x0, 0x0, 0x0, 0x0, 0x2f, 0xc0, 0x0, 0xcf,
    0x10, 0x1, 0xfc, 0x0, 0x0, 0x0, 0x0, 0x18,
    0x60, 0x0, 0x57, 0x0, 0x0, 0x86, 0x0, 0x0,
    0x1b, 0xbb, 0xbb, 0xbb, 0xbb, 0xbb, 0xbb, 0xbb,
    0xbb, 0xbb, 0xb7, 0x1f, 0xff, 0xff, 0xff, 0xff,
    0xff, 0xff, 0xff, 0xff, 0xff, 0xfa, 0x1f, 0xc0,
    0x0, 0x0, 0x0, 0x89, 0x0, 0x0, 0x0, 0x3,
    0xfa, 0x1f, 0xc0, 0x0, 0x0, 0x0, 0xef, 0x0,
    0x0, 0x0, 0x3, 0xfa, 0x1b, 0x80, 0x0, 0x0,
    0x0, 0xef, 0x0, 0x0, 0x0, 0x2, 0x96, 0x0,
    0x9, 0xff, 0xff, 0xff, 0xff, 0xff, 0xff, 0xff,
    0xe0, 0x0, 0x0, 0x9, 0xfc, 0xaa, 0xaa, 0xff,
    0xaa, 0xaa, 0xaf, 0xe0, 0x0, 0x0, 0x9, 0xf7,
    0x0, 0x0, 0xef, 0x0, 0x0, 0xd, 0xe0, 0x0,
    0x0, 0x9, 0xf7, 0x0, 0x0, 0xef, 0x0, 0x0,
    0xd, 0xe0, 0x0, 0x0, 0x9, 0xf7, 0x0, 0x0,
    0xef, 0x0, 0x0, 0xd, 0xe0, 0x0, 0x0, 0x9,
    0xf7, 0x0, 0x0, 0xef, 0x2, 0x32, 0x3f, 0xd0,
    0x0, 0x0, 0x9, 0xf7, 0x0, 0x0, 0xef, 0x5,
    0xff, 0xff, 0xa0, 0x0, 0x0, 0x7, 0xc5, 0x0,
    0x0, 0xef, 0x1, 0x89, 0xa8, 0x0, 0x0, 0x0,
    0x0, 0x0, 0x0, 0x0, 0xef, 0x0, 0x0, 0x0,
    0x0, 0x0,

    /* U+5E2E "帮" */
    0x0, 0x0, 0x2, 0x51, 0x0, 0x0, 0x13, 0x33,
    0x33, 0x33, 0x30, 0x0, 0x0, 0x9, 0xf3, 0x0,
    0x0, 0x5f, 0xff, 0xff, 0xff, 0xf0, 0xc, 0xff,
    0xff, 0xff, 0xff, 0xf9, 0x5f, 0xa6, 0x66, 0x9f,
    0xd0, 0x8, 0xbb, 0xbd, 0xfc, 0xbb, 0xb6, 0x5f,
    0x60, 0x0, 0xdf, 0x30, 0x0, 0x0, 0x9, 0xf3,
    0x0, 0x0, 0x5f, 0x60, 0xa, 0xf7, 0x0, 0x2,
    0xff, 0xff, 0xff, 0xff, 0xf2, 0x5f, 0x60, 0x5f,
    0xd0, 0x0, 0x1, 0xaa, 0xaf, 0xfa, 0xaa, 0xa1,
    0x5f, 0x60, 0x8, 0xfb, 0x0, 0x4, 0x44, 0x5f,
    0xd4, 0x44, 0x43, 0x5f, 0x60, 0x0, 0x6f, 0x90,
    0x1f, 0xff, 0xff, 0xff, 0xff, 0xfe, 0x5f, 0x60,
    0x0, 0xd, 0xf0, 0x4, 0x4d, 0xfe, 0x44, 0x44,
    0x44, 0x5f, 0x61, 0xa9, 0x9f, 0xe0, 0x2, 0xbf,
    0xf4, 0x0, 0x0, 0x0, 0x5f, 0x60, 0xff, 0xfd,
    0x40, 0x4f, 0xfe, 0x40, 0x0, 0x0, 0x89, 0x6f,
    0x60, 0x0, 0x0, 0x0, 0xb, 0xa1, 0x0, 0x0,
    0x0, 0xef, 0x10, 0x0, 0x0, 0x0, 0x0, 0x0,
    0x9c, 0xcc, 0xcc, 0xcc, 0xff, 0xcc, 0xcc, 0xcc,
    0xcb, 0x0, 0x0, 0xcf, 0xff, 0xff, 0xff, 0xff,
    0xff, 0xff, 0xff, 0xff, 0x0, 0x0, 0xcf, 0x20,
    0x0, 0x0, 0xef, 0x10, 0x0, 0x0, 0xef, 0x0,
    0x0, 0xcf, 0x10, 0x0, 0x0, 0xef, 0x10, 0x0,
    0x0, 0xef, 0x0, 0x0, 0xcf, 0x10, 0x0, 0x0,
    0xef, 0x10, 0x0, 0x0, 0xef, 0x0, 0x0, 0xcf,
    0x10, 0x0, 0x0, 0xef, 0x10, 0x0, 0x12, 0xfe,
    0x0, 0x0, 0xcf, 0x10, 0x0, 0x0, 0xef, 0x10,
    0x4, 0xff, 0xfb, 0x0, 0x0, 0xad, 0x10, 0x0,
    0x0, 0xef, 0x10, 0x0, 0xbc, 0xa1, 0x0, 0x0,
    0x0, 0x0, 0x0, 0x0, 0xef, 0x10, 0x0, 0x0,
    0x0, 0x0,

    /* U+5E38 "常" */
    0x0, 0x0, 0x0, 0x0, 0x0, 0x65, 0x0, 0x0,
    0x0, 0x0, 0x0, 0x0, 0x0, 0x8e, 0x20, 0x0,
    0xfe, 0x0, 0x0, 0x9a, 0x20, 0x0, 0x0, 0x0,
    0x6f, 0xc0, 0x0, 0xfe, 0x0, 0x3, 0xfd, 0x0,
    0x0, 0x0, 0x0, 0xd, 0xf4, 0x0, 0xfe, 0x0,
    0xc, 0xf5, 0x0, 0x0, 0x1f, 0xff, 0xff, 0xff,
    0xff, 0xff, 0xff, 0xff, 0xff, 0xff, 0xf1, 0x1f,
    0xe9, 0x99, 0x99, 0x99, 0x99, 0x99, 0x99, 0x99,
    0x9e, 0xf1, 0x1f, 0xc0, 0x0, 0x0, 0x0, 0x0,
    0x0, 0x0, 0x0, 0xc, 0xf1, 0x1e, 0xb0, 0x8,
    0x88, 0x88, 0x88, 0x88, 0x88, 0x85, 0xb, 0xe1,
    0x0, 0x0, 0x1f, 0xff, 0xff, 0xff, 0xff, 0xff,
    0xfa, 0x0, 0x0, 0x0, 0x0, 0x1f, 0xa0, 0x0,
    0x0, 0x0, 0x2, 0xfa, 0x0, 0x0, 0x0, 0x0,
    0x1f, 0xa0, 0x0, 0x0, 0x0, 0x2, 0xfa, 0x0,
    0x0, 0x0, 0x0, 0x1f, 0xff, 0xff, 0xff, 0xff,
    0xff, 0xfa, 0x0, 0x0, 0x0, 0x0, 0x8, 0x88,
    0x88, 0xef, 0x98, 0x88, 0x85, 0x0, 0x0, 0x0,
    0x0, 0x0, 0x0, 0x0, 0xcf, 0x10, 0x0, 0x0,
    0x0, 0x0, 0x0, 0x4a, 0xaa, 0xaa, 0xaa, 0xef,
    0xaa, 0xaa, 0xaa, 0xa4, 0x0, 0x0, 0x6f, 0xff,
    0xff, 0xff, 0xff, 0xff, 0xff, 0xff, 0xf7, 0x0,
    0x0, 0x6f, 0xb0, 0x0, 0x0, 0xcf, 0x10, 0x0,
    0x1, 0xf7, 0x0, 0x0, 0x6f, 0xb0, 0x0, 0x0,
    0xcf, 0x10, 0x0, 0x1, 0xf7, 0x0, 0x0, 0x6f,
    0xb0, 0x0, 0x0, 0xcf, 0x10, 0x0, 0x2, 0xf7,
    0x0, 0x0, 0x6f, 0xb0, 0x0, 0x0, 0xcf, 0x10,
    0x1f, 0xee, 0xf5, 0x0, 0x0, 0x5d, 0x90, 0x0,
    0x0, 0xcf, 0x10, 0xa, 0xcd, 0x80, 0x0, 0x0,
    0x0, 0x0, 0x0, 0x0, 0xcf, 0x10, 0x0, 0x0,
    0x0, 0x0,

    /* U+5E45 "幅" */
    0x0, 0x4, 0x90, 0x0, 0x0, 0x0, 0x0, 0x0,
    0x0, 0x0, 0x0, 0x0, 0x8f, 0x10, 0x0, 0x5a,
    0xaa, 0xaa, 0xaa, 0xaa, 0xa8, 0x0, 0x8, 0xf1,
    0x0, 0x8, 0xff, 0xff, 0xff, 0xff, 0xff, 0xd0,
    0x0, 0x8f, 0x10, 0x0, 0x0, 0x0, 0x0, 0x0,
    0x0, 0x0, 0x6b, 0xbd, 0xfb, 0xbb, 0x60, 0x1,
    0x11, 0x11, 0x11, 0x11, 0x9, 0xff, 0xff, 0xff,
    0xf9, 0xd, 0xff, 0xff, 0xff, 0xff, 0xf1, 0x9f,
    0x39, 0xf3, 0x3f, 0x90, 0xdf, 0x88, 0x88, 0x88,
    0xdf, 0x19, 0xf1, 0x8f, 0x11, 0xf9, 0xd, 0xe0,
    0x0, 0x0, 0xb, 0xf1, 0x9f, 0x18, 0xf1, 0x1f,
    0x90, 0xdf, 0x88, 0x88, 0x88, 0xdf, 0x19, 0xf1,
    0x8f, 0x11, 0xf9, 0xd, 0xff, 0xff, 0xff, 0xff,
    0xf1, 0x9f, 0x18, 0xf1, 0x1f, 0x90, 0x0, 0x0,
    0x0, 0x0, 0x0, 0x9, 0xf1, 0x8f, 0x11, 0xf9,
    0x0, 0x0, 0x0, 0x0, 0x0, 0x0, 0x9f, 0x18,
    0xf1, 0x1f, 0x98, 0xff, 0xff, 0xff, 0xff, 0xff,
    0xe9, 0xf1, 0x8f, 0x11, 0xf9, 0x8f, 0xba, 0xad,
    0xfa, 0xaa, 0xfe, 0x9f, 0x18, 0xf1, 0x1f, 0x98,
    0xf2, 0x0, 0xaf, 0x0, 0xd, 0xe9, 0xf1, 0x8f,
    0x5c, 0xf8, 0x8f, 0x87, 0x7c, 0xf7, 0x77, 0xee,
    0x9f, 0x18, 0xf3, 0xeb, 0x18, 0xff, 0xff, 0xff,
    0xff, 0xff, 0xe1, 0x20, 0x8f, 0x10, 0x0, 0x8f,
    0x30, 0xa, 0xf1, 0x0, 0xde, 0x0, 0x8, 0xf1,
    0x0, 0x8, 0xf2, 0x0, 0xaf, 0x0, 0xd, 0xe0,
    0x0, 0x8f, 0x10, 0x0, 0x8f, 0xba, 0xad, 0xfa,
    0xaa, 0xfe, 0x0, 0x8, 0xf1, 0x0, 0x8, 0xff,
    0xff, 0xff, 0xff, 0xff, 0xe0, 0x0, 0x8f, 0x10,
    0x0, 0x8f, 0x20, 0x0, 0x0, 0x0, 0xde,

    /* U+5E55 "幕" */
    0x0, 0x0, 0x0, 0x46, 0x10, 0x0, 0x0, 0x46,
    0x10, 0x0, 0x0, 0x0, 0x11, 0x11, 0x1c, 0xf4,
    0x11, 0x11, 0x1b, 0xf3, 0x11, 0x11, 0x0, 0x4f,
    0xff, 0xff, 0xff, 0xff, 0xff, 0xff, 0xff, 0xff,
    0xff, 0xfd, 0x2, 0x88, 0x88, 0x8e, 0xfa, 0x88,
    0x88, 0x8d, 0xf9, 0x88, 0x88, 0x60, 0x0, 0x0,
    0x77, 0xff, 0xa7, 0x77, 0x77, 0xff, 0x97, 0x30,
    0x0, 0x0, 0x0, 0x1f, 0xff, 0xff, 0xff, 0xff,
    0xff, 0xff, 0xf8, 0x0, 0x0, 0x0, 0x1, 0xfb,
    0x22, 0x22, 0x22, 0x22, 0x22, 0x5f, 0x80, 0x0,
    0x0, 0x0, 0x1f, 0xff, 0xff, 0xff, 0xff, 0xff,
    0xff, 0xf8, 0x0, 0x0, 0x0, 0x1, 0xfd, 0x77,
    0x77, 0x77, 0x77, 0x77, 0x9f, 0x80, 0x0, 0x0,
    0x0, 0x1f, 0xb0, 0x0, 0x0, 0x0, 0x0, 0x4,
    0xf8, 0x0, 0x0, 0x0, 0x1, 0xff, 0xff, 0xff,
    0xff, 0xff, 0xff, 0xff, 0x80, 0x0, 0x0, 0x0,
    0x8, 0x88, 0xbf, 0xd8, 0x88, 0x88, 0x88, 0x84,
    0x0, 0x0, 0x27, 0x77, 0x77, 0x7e, 0xf9, 0x77,
    0x77, 0x77, 0x77, 0x77, 0x75, 0x4, 0xff, 0xff,
    0xff, 0xff, 0xff, 0xff, 0xff, 0xff, 0xff, 0xff,
    0xb0, 0x0, 0x0, 0x4f, 0xe3, 0x0, 0xaf, 0x20,
    0x2e, 0xf7, 0x0, 0x0, 0x0, 0x0, 0x8f, 0xfb,
    0x88, 0x8d, 0xf9, 0x88, 0xaf, 0xff, 0x40, 0x0,
    0x3, 0xdf, 0xff, 0xff, 0xff, 0xff, 0xff, 0xff,
    0xff, 0xff, 0xc4, 0x5, 0xff, 0x68, 0xf4, 0x0,
    0xa, 0xf2, 0x0, 0x5, 0xfa, 0xdf, 0xf2, 0x9,
    0x10, 0x8f, 0x40, 0x0, 0xaf, 0x20, 0x12, 0x8f,
    0x60, 0x64, 0x0, 0x0, 0x8, 0xf4, 0x0, 0xa,
    0xf2, 0x5, 0xff, 0xf3, 0x0, 0x0, 0x0, 0x0,
    0x8f, 0x40, 0x0, 0xaf, 0x20, 0x18, 0x84, 0x0,
    0x0, 0x0, 0x0, 0x1, 0x20, 0x0, 0xa, 0xf2,
    0x0, 0x0, 0x0, 0x0, 0x0,

    /* U+5E72 "干" */
    0x0, 0xdd, 0xdd, 0xdd, 0xdd, 0xdd, 0xdd, 0xdd,
    0xdd, 0xdd, 0x0, 0x0, 0xff, 0xff, 0xff, 0xff,
    0xff, 0xff, 0xff, 0xff, 0xff, 0x0, 0x0, 0x0,
    0x0, 0x0, 0x0, 0xff, 0x0, 0x0, 0x0, 0x0,
    0x0, 0x0, 0x0, 0x0, 0x0, 0x0, 0xff, 0x0,
    0x0, 0x0, 0x0, 0x0, 0x0, 0x0, 0x0, 0x0,
    0x0, 0xff, 0x0, 0x0, 0x0, 0x0, 0x0, 0x0,
    0x0, 0x0, 0x0, 0x0, 0xff, 0x0, 0x0, 0x0,
    0x0, 0x0, 0x0, 0x0, 0x0, 0x0, 0x0, 0xff,
    0x0, 0x0, 0x0, 0x0, 0x0, 0x0, 0x0, 0x0,
    0x0, 0x0, 0xff, 0x0, 0x0, 0x0, 0x0, 0x0,
    0x2b, 0xbb, 0xbb, 0xbb, 0xbb, 0xff, 0xbb, 0xbb,
    0xbb, 0xbb, 0xb2, 0x3f, 0xff, 0xff, 0xff, 0xff,
    0xff, 0xff, 0xff, 0xff, 0xff, 0xf3, 0x0, 0x0,
    0x0, 0x0, 0x0, 0xff, 0x0, 0x0, 0x0, 0x0,
    0x0, 0x0, 0x0, 0x0, 0x0, 0x0, 0xff, 0x0,
    0x0, 0x0, 0x0, 0x0, 0x0, 0x0, 0x0, 0x0,
    0x0, 0xff, 0x0, 0x0, 0x0, 0x0, 0x0, 0x0,
    0x0, 0x0, 0x0, 0x0, 0xff, 0x0, 0x0, 0x0,
    0x0, 0x0, 0x0, 0x0, 0x0, 0x0, 0x0, 0xff,
    0x0, 0x0, 0x0, 0x0, 0x0, 0x0, 0x0, 0x0,
    0x0, 0x0, 0xff, 0x0, 0x0, 0x0, 0x0, 0x0,
    0x0, 0x0, 0x0, 0x0, 0x0, 0xff, 0x0, 0x0,
    0x0, 0x0, 0x0, 0x0, 0x0, 0x0, 0x0, 0x0,
    0xff, 0x0, 0x0, 0x0, 0x0, 0x0, 0x0, 0x0,
    0x0, 0x0, 0x0, 0xff, 0x0, 0x0, 0x0, 0x0,
    0x0, 0x0, 0x0, 0x0, 0x0, 0x0, 0xff, 0x0,
    0x0, 0x0, 0x0, 0x0,

    /* U+5E73 "平" */
    0x6, 0xbb, 0xbb, 0xbb, 0xbb, 0xbb, 0xbb, 0xbb,
    0xbb, 0xbb, 0x0, 0x9, 0xff, 0xff, 0xff, 0xff,
    0xff, 0xff, 0xff, 0xff, 0xff, 0x10, 0x0, 0x11,
    0x11, 0x11, 0x12, 0xfd, 0x11, 0x11, 0x11, 0x11,
    0x0, 0x0, 0x1, 0x10, 0x0, 0x1, 0xfd, 0x0,
    0x0, 0x18, 0x30, 0x0, 0x0, 0x6f, 0x90, 0x0,
    0x1, 0xfd, 0x0, 0x0, 0x7f, 0xc0, 0x0, 0x0,
    0x2f, 0xf2, 0x0, 0x1, 0xfd, 0x0, 0x0, 0xdf,
    0x60, 0x0, 0x0, 0x9, 0xfb, 0x0, 0x1, 0xfd,
    0x0, 0x3, 0xff, 0x10, 0x0, 0x0, 0x1, 0xff,
    0x20, 0x1, 0xfd, 0x0, 0xa, 0xfb, 0x0, 0x0,
    0x0, 0x0, 0xbf, 0x80, 0x1, 0xfd, 0x0, 0x2f,
    0xf4, 0x0, 0x0, 0x0, 0x0, 0x5f, 0xe0, 0x1,
    0xfd, 0x0, 0x9f, 0xc0, 0x0, 0x0, 0x0, 0x0,
    0xa, 0x30, 0x1, 0xfd, 0x0, 0x7, 0x40, 0x0,
    0x0, 0x11, 0x11, 0x11, 0x11, 0x12, 0xfd, 0x11,
    0x11, 0x11, 0x11, 0x10, 0xbf, 0xff, 0xff, 0xff,
    0xff, 0xff, 0xff, 0xff, 0xff, 0xff, 0xf4, 0x7b,
    0xbb, 0xbb, 0xbb, 0xbb, 0xff, 0xbb, 0xbb, 0xbb,
    0xbb, 0xb3, 0x0, 0x0, 0x0, 0x0, 0x1, 0xfd,
    0x0, 0x0, 0x0, 0x0, 0x0, 0x0, 0x0, 0x0,
    0x0, 0x1, 0xfd, 0x0, 0x0, 0x0, 0x0, 0x0,
    0x0, 0x0, 0x0, 0x0, 0x1, 0xfd, 0x0, 0x0,
    0x0, 0x0, 0x0, 0x0, 0x0, 0x0, 0x0, 0x1,
    0xfd, 0x0, 0x0, 0x0, 0x0, 0x0, 0x0, 0x0,
    0x0, 0x0, 0x1, 0xfd, 0x0, 0x0, 0x0, 0x0,
    0x0, 0x0, 0x0, 0x0, 0x0, 0x1, 0xfd, 0x0,
    0x0, 0x0, 0x0, 0x0, 0x0, 0x0, 0x0, 0x0,
    0x1, 0xfd, 0x0, 0x0, 0x0, 0x0, 0x0,

    /* U+5E76 "并" */
    0x0, 0x0, 0x2, 0x30, 0x0, 0x0, 0x0, 0x4,
    0x20, 0x0, 0x0, 0x0, 0x0, 0x2f, 0xe2, 0x0,
    0x0, 0x0, 0x1f, 0xf4, 0x0, 0x0, 0x0, 0x0,
    0x9, 0xfd, 0x10, 0x0, 0x0, 0x9f, 0xb0, 0x0,
    0x0, 0x0, 0x0, 0x0, 0xbf, 0x60, 0x0, 0x2,
    0xff, 0x20, 0x0, 0x0, 0x0, 0x0, 0x0, 0x15,
    0x0, 0x0, 0xa, 0xf9, 0x0, 0x0, 0x0, 0x2,
    0xff, 0xff, 0xff, 0xff, 0xff, 0xff, 0xff, 0xff,
    0xff, 0xc0, 0x1, 0xbb, 0xbb, 0xef, 0xcb, 0xbb,
    0xbb, 0xef, 0xcb, 0xbb, 0x90, 0x0, 0x0, 0x0,
    0xbf, 0x20, 0x0, 0x0, 0xaf, 0x30, 0x0, 0x0,
    0x0, 0x0, 0x0, 0xbf, 0x20, 0x0, 0x0, 0xaf,
    0x30, 0x0, 0x0, 0x0, 0x0, 0x0, 0xbf, 0x20,
    0x0, 0x0, 0xaf, 0x30, 0x0, 0x0, 0x0, 0x0,
    0x0, 0xbf, 0x20, 0x0, 0x0, 0xaf, 0x30, 0x0,
    0x0, 0x0, 0x0, 0x0, 0xbf, 0x20, 0x0, 0x0,
    0xaf, 0x30, 0x0, 0x0, 0x8f, 0xff, 0xff, 0xff,
    0xff, 0xff, 0xff, 0xff, 0xff, 0xff, 0xfe, 0x7d,
    0xdd, 0xdd, 0xff, 0xdd, 0xdd, 0xdd, 0xff, 0xdd,
    0xdd, 0xdb, 0x0, 0x0, 0x0, 0xdf, 0x0, 0x0,
    0x0, 0xaf, 0x30, 0x0, 0x0, 0x0, 0x0, 0x1,
    0xfd, 0x0, 0x0, 0x0, 0xaf, 0x30, 0x0, 0x0,
    0x0, 0x0, 0x8, 0xf8, 0x0, 0x0, 0x0, 0xaf,
    0x30, 0x0, 0x0, 0x0, 0x0, 0x2f, 0xf2, 0x0,
    0x0, 0x0, 0xaf, 0x30, 0x0, 0x0, 0x0, 0x2,
    0xef, 0x70, 0x0, 0x0, 0x0, 0xaf, 0x30, 0x0,
    0x0, 0x0, 0x4e, 0xfa, 0x0, 0x0, 0x0, 0x0,
    0xaf, 0x30, 0x0, 0x0, 0x9, 0xff, 0x90, 0x0,
    0x0, 0x0, 0x0, 0xaf, 0x30, 0x0, 0x0, 0x9,
    0xf6, 0x0, 0x0, 0x0, 0x0, 0x0, 0xaf, 0x30,
    0x0, 0x0, 0x0, 0x10, 0x0, 0x0, 0x0, 0x0,
    0x0, 0x0, 0x0, 0x0, 0x0,

    /* U+5E8F "序" */
    0x0, 0x0, 0x0, 0x0, 0x0, 0x3, 0x70, 0x0,
    0x0, 0x0, 0x0, 0x0, 0x0, 0x0, 0x0, 0x0,
    0x0, 0xcf, 0x50, 0x0, 0x0, 0x0, 0x0, 0x0,
    0x8, 0xaa, 0xaa, 0xaa, 0xac, 0xfe, 0xaa, 0xaa,
    0xaa, 0xaa, 0x10, 0x0, 0xcf, 0xff, 0xff, 0xff,
    0xff, 0xff, 0xff, 0xff, 0xff, 0xf2, 0x0, 0xc,
    0xf1, 0x0, 0x0, 0x0, 0x0, 0x0, 0x0, 0x0,
    0x0, 0x0, 0x0, 0xcf, 0x10, 0x0, 0x0, 0x0,
    0x0, 0x0, 0x0, 0x0, 0x0, 0x0, 0xc, 0xf1,
    0xe, 0xff, 0xff, 0xff, 0xff, 0xff, 0xff, 0x50,
    0x0, 0x0, 0xcf, 0x10, 0xab, 0xbb, 0xbb, 0xbb,
    0xbb, 0xff, 0xf3, 0x0, 0x0, 0xc, 0xf1, 0x0,
    0x0, 0x3, 0x0, 0x5, 0xdf, 0xe3, 0x0, 0x0,
    0x0, 0xcf, 0x10, 0x0, 0xb, 0xfa, 0x6d, 0xff,
    0x91, 0x0, 0x0, 0x0, 0xc, 0xf1, 0x0, 0x0,
    0x7, 0xff, 0xfb, 0x20, 0x0, 0x0, 0x0, 0x0,
    0xcf, 0x18, 0x99, 0x99, 0x9b, 0xff, 0xa9, 0x99,
    0x99, 0x70, 0x0, 0xd, 0xf0, 0xef, 0xff, 0xff,
    0xff, 0xff, 0xff, 0xff, 0xfd, 0x0, 0x0, 0xff,
    0x1, 0x22, 0x22, 0x27, 0xf9, 0x22, 0x22, 0xaf,
    0x90, 0x0, 0x1f, 0xe0, 0x0, 0x0, 0x0, 0x5f,
    0x80, 0x0, 0x1f, 0xf2, 0x0, 0x4, 0xfb, 0x0,
    0x0, 0x0, 0x5, 0xf8, 0x0, 0x8, 0xfb, 0x0,
    0x0, 0x8f, 0x80, 0x0, 0x0, 0x0, 0x5f, 0x80,
    0x0, 0x7d, 0x40, 0x0, 0xd, 0xf5, 0x0, 0x0,
    0x0, 0x5, 0xf8, 0x0, 0x0, 0x0, 0x0, 0x2,
    0xff, 0x0, 0x0, 0x0, 0x0, 0x5f, 0x80, 0x0,
    0x0, 0x0, 0x0, 0x8f, 0xb0, 0x0, 0x0, 0x20,
    0x7, 0xf8, 0x0, 0x0, 0x0, 0x0, 0xe, 0xf4,
    0x0, 0x0, 0xc, 0xfe, 0xff, 0x50, 0x0, 0x0,
    0x0, 0x0, 0x4b, 0x0, 0x0, 0x0, 0x7d, 0xff,
    0xa0, 0x0, 0x0, 0x0, 0x0,

    /* U+5E94 "应" */
    0x0, 0x0, 0x0, 0x0, 0x0, 0x1, 0x60, 0x0,
    0x0, 0x0, 0x0, 0x0, 0x0, 0x0, 0x0, 0x0,
    0x0, 0xbf, 0x80, 0x0, 0x0, 0x0, 0x0, 0x0,
    0x0, 0x0, 0x0, 0x0, 0x4, 0xfe, 0x0, 0x0,
    0x0, 0x0, 0x0, 0x0, 0x9b, 0xbb, 0xbb, 0xbb,
    0xbf, 0xfc, 0xbb, 0xbb, 0xbb, 0xb1, 0x0, 0xc,
    0xff, 0xff, 0xff, 0xff, 0xff, 0xff, 0xff, 0xff,
    0xff, 0x20, 0x0, 0xcf, 0x10, 0x0, 0x0, 0x0,
    0x0, 0x0, 0x0, 0x0, 0x0, 0x0, 0xc, 0xf1,
    0x0, 0x0, 0x0, 0x0, 0x0, 0x0, 0x0, 0x0,
    0x0, 0x0, 0xcf, 0x10, 0x0, 0x0, 0x2a, 0x80,
    0x0, 0x0, 0x42, 0x0, 0x0, 0xc, 0xf1, 0x0,
    0x0, 0x1, 0xff, 0x0, 0x0, 0xd, 0xf4, 0x0,
    0x0, 0xcf, 0x11, 0xce, 0x0, 0xb, 0xf5, 0x0,
    0x1, 0xff, 0x0, 0x0, 0xc, 0xf1, 0xc, 0xf5,
    0x0, 0x6f, 0xa0, 0x0, 0x6f, 0xc0, 0x0, 0x0,
    0xcf, 0x10, 0x5f, 0xc0, 0x1, 0xff, 0x0, 0xa,
    0xf7, 0x0, 0x0, 0xd, 0xf0, 0x0, 0xef, 0x30,
    0xd, 0xf3, 0x0, 0xff, 0x20, 0x0, 0x0, 0xef,
    0x0, 0x8, 0xf8, 0x0, 0xaf, 0x60, 0x4f, 0xe0,
    0x0, 0x0, 0xf, 0xe0, 0x0, 0x3f, 0xd0, 0x8,
    0xf8, 0xa, 0xf8, 0x0, 0x0, 0x3, 0xfc, 0x0,
    0x0, 0xef, 0x20, 0x11, 0x0, 0xff, 0x30, 0x0,
    0x0, 0x7f, 0x90, 0x0, 0xa, 0xf4, 0x0, 0x0,
    0x5f, 0xd0, 0x0, 0x0, 0xc, 0xf6, 0x0, 0x0,
    0x10, 0x0, 0x0, 0xb, 0xf7, 0x0, 0x0, 0x1,
    0xff, 0x10, 0x0, 0x0, 0x0, 0x0, 0x2, 0xff,
    0x10, 0x0, 0x0, 0x8f, 0xc0, 0x2b, 0xbb, 0xbb,
    0xbb, 0xbb, 0xdf, 0xfb, 0xbb, 0xb8, 0xe, 0xf5,
    0x2, 0xff, 0xff, 0xff, 0xff, 0xff, 0xff, 0xff,
    0xff, 0xb0, 0x9d, 0x0, 0x0, 0x0, 0x0, 0x0,
    0x0, 0x0, 0x0, 0x0, 0x0, 0x0, 0x0, 0x0,
    0x0, 0x0, 0x0, 0x0, 0x0, 0x0, 0x0, 0x0,
    0x0,

    /* U+5EA6 "度" */
    0x0, 0x0, 0x0, 0x0, 0x0, 0x4, 0x60, 0x0,
    0x0, 0x0, 0x0, 0x0, 0x0, 0x0, 0x0, 0x0,
    0x0, 0xef, 0x20, 0x0, 0x0, 0x0, 0x0, 0x0,
    0x8, 0xaa, 0xaa, 0xaa, 0xad, 0xfd, 0xaa, 0xaa,
    0xaa, 0xa9, 0x0, 0x0, 0xcf, 0xff, 0xff, 0xff,
    0xff, 0xff, 0xff, 0xff, 0xff, 0xe0, 0x0, 0xc,
    0xf1, 0x0, 0x13, 0x20, 0x0, 0x0, 0x23, 0x10,
    0x0, 0x0, 0x0, 0xcf, 0x10, 0x1, 0xfa, 0x0,
    0x0, 0x9, 0xf2, 0x0, 0x0, 0x0, 0xc, 0xf5,
    0x88, 0x9f, 0xd8, 0x88, 0x88, 0xdf, 0x98, 0x86,
    0x0, 0x0, 0xcf, 0x9f, 0xff, 0xff, 0xff, 0xff,
    0xff, 0xff, 0xff, 0xb0, 0x0, 0xc, 0xf1, 0x0,
    0x2f, 0xa0, 0x0, 0x0, 0xaf, 0x30, 0x0, 0x0,
    0x0, 0xcf, 0x10, 0x1, 0xfa, 0x0, 0x0, 0x9,
    0xf2, 0x0, 0x0, 0x0, 0xc, 0xf1, 0x0, 0x1f,
    0xea, 0xaa, 0xaa, 0xdf, 0x20, 0x0, 0x0, 0x0,
    0xcf, 0x10, 0x1, 0xff, 0xff, 0xff, 0xff, 0xf2,
    0x0, 0x0, 0x0, 0xd, 0xf0, 0x0, 0x0, 0x0,
    0x0, 0x0, 0x0, 0x0, 0x0, 0x0, 0x0, 0xef,
    0x6, 0x88, 0x88, 0x88, 0x88, 0x88, 0x88, 0x82,
    0x0, 0x0, 0xf, 0xe0, 0xbf, 0xff, 0xff, 0xff,
    0xff, 0xff, 0xff, 0x30, 0x0, 0x4, 0xfb, 0x0,
    0x3f, 0xf5, 0x0, 0x0, 0x2, 0xef, 0xb0, 0x0,
    0x0, 0x7f, 0x90, 0x0, 0x5f, 0xf5, 0x0, 0x3,
    0xef, 0xc1, 0x0, 0x0, 0xc, 0xf5, 0x0, 0x0,
    0x6f, 0xf9, 0x28, 0xff, 0xb0, 0x0, 0x0, 0x1,
    0xff, 0x10, 0x0, 0x0, 0x4e, 0xff, 0xff, 0x60,
    0x0, 0x0, 0x0, 0x7f, 0xc0, 0x0, 0x2, 0x6b,
    0xff, 0xff, 0xfb, 0x73, 0x10, 0x0, 0xe, 0xf6,
    0x29, 0xbe, 0xff, 0xfc, 0x63, 0x9f, 0xff, 0xff,
    0xed, 0x50, 0x7d, 0x0, 0xef, 0xda, 0x61, 0x0,
    0x0, 0x4, 0x8b, 0xef, 0xf3, 0x0, 0x0, 0x2,
    0x10, 0x0, 0x0, 0x0, 0x0, 0x0, 0x0, 0x0,
    0x0,

    /* U+5EFA "建" */
    0x0, 0x0, 0x0, 0x0, 0x0, 0x0, 0x5, 0x60,
    0x0, 0x0, 0x0, 0x23, 0x33, 0x33, 0x30, 0x0,
    0x0, 0xd, 0xf0, 0x0, 0x0, 0x0, 0xaf, 0xff,
    0xff, 0xf1, 0xa, 0xbb, 0xbf, 0xfb, 0xbb, 0xbb,
    0x0, 0x7b, 0xbb, 0xbf, 0xf0, 0xc, 0xee, 0xef,
    0xfe, 0xee, 0xff, 0x0, 0x0, 0x0, 0xaf, 0x70,
    0x0, 0x0, 0xd, 0xf0, 0x0, 0xbf, 0x0, 0x0,
    0x5, 0xfd, 0x7, 0x88, 0x88, 0x8e, 0xf8, 0x88,
    0xef, 0x84, 0x0, 0x1e, 0xf3, 0xd, 0xff, 0xff,
    0xff, 0xff, 0xff, 0xff, 0xf8, 0x0, 0xbf, 0x80,
    0x2, 0x22, 0x22, 0x2d, 0xf2, 0x22, 0xcf, 0x21,
    0x5, 0xff, 0x88, 0x82, 0x3, 0x44, 0x4d, 0xf4,
    0x44, 0xcf, 0x0, 0x5, 0xff, 0xff, 0xf2, 0xf,
    0xff, 0xff, 0xff, 0xff, 0xff, 0x0, 0x0, 0x22,
    0x2a, 0xf1, 0x5, 0x55, 0x5e, 0xf5, 0x55, 0x55,
    0x0, 0x0, 0x0, 0xb, 0xf0, 0x1, 0x11, 0x1d,
    0xf1, 0x11, 0x11, 0x0, 0x6, 0x60, 0xf, 0xc0,
    0xff, 0xff, 0xff, 0xff, 0xff, 0xff, 0x30, 0xf,
    0xd0, 0x2f, 0xa0, 0x88, 0x88, 0x8e, 0xf8, 0x88,
    0x88, 0x10, 0xb, 0xf3, 0x7f, 0x50, 0x0, 0x0,
    0xd, 0xf0, 0x0, 0x0, 0x0, 0x5, 0xfb, 0xdf,
    0x2c, 0xcc, 0xcc, 0xcf, 0xfc, 0xcc, 0xcc, 0xc6,
    0x0, 0xdf, 0xfa, 0x1f, 0xff, 0xff, 0xff, 0xff,
    0xff, 0xff, 0xf8, 0x0, 0x4f, 0xf5, 0x0, 0x0,
    0x0, 0xd, 0xf0, 0x0, 0x0, 0x0, 0x0, 0x9f,
    0xfe, 0x50, 0x0, 0x0, 0xc, 0xe0, 0x0, 0x0,
    0x0, 0x5, 0xfe, 0x8f, 0xfe, 0x95, 0x20, 0x0,
    0x0, 0x0, 0x0, 0x0, 0x5f, 0xf3, 0x3, 0xbf,
    0xff, 0xff, 0xfe, 0xee, 0xee, 0xee, 0xea, 0x6f,
    0x40, 0x0, 0x1, 0x69, 0xbd, 0xef, 0xff, 0xff,
    0xff, 0xf6, 0x2, 0x0, 0x0, 0x0, 0x0, 0x0,
    0x0, 0x0, 0x0, 0x0, 0x0,

    /* U+5F00 "开" */
    0x0, 0x12, 0x22, 0x22, 0x22, 0x22, 0x22, 0x22,
    0x22, 0x22, 0x10, 0x0, 0x8f, 0xff, 0xff, 0xff,
    0xff, 0xff, 0xff, 0xff, 0xff, 0x80, 0x0, 0x5a,
    0xaa, 0xcf, 0xca, 0xaa, 0xaa, 0xaf, 0xfa, 0xaa,
    0x50, 0x0, 0x0, 0x0, 0x6f, 0x70, 0x0, 0x0,
    0xf, 0xd0, 0x0, 0x0, 0x0, 0x0, 0x0, 0x6f,
    0x70, 0x0, 0x0, 0xf, 0xd0, 0x0, 0x0, 0x0,
    0x0, 0x0, 0x6f, 0x70, 0x0, 0x0, 0xf, 0xd0,
    0x0, 0x0, 0x0, 0x0, 0x0, 0x6f, 0x70, 0x0,
    0x0, 0xf, 0xd0, 0x0, 0x0, 0x0, 0x0, 0x0,
    0x7f, 0x60, 0x0, 0x0, 0xf, 0xd0, 0x0, 0x0,
    0x0, 0x0, 0x0, 0x7f, 0x60, 0x0, 0x0, 0xf,
    0xd0, 0x0, 0x0, 0x6f, 0xff, 0xff, 0xff, 0xff,
    0xff, 0xff, 0xff, 0xff, 0xff, 0xfe, 0x4c, 0xcc,
    0xcc, 0xef, 0xcc, 0xcc, 0xcc, 0xcf, 0xfc, 0xcc,
    0xca, 0x0, 0x0, 0x0, 0xdf, 0x10, 0x0, 0x0,
    0xf, 0xd0, 0x0, 0x0, 0x0, 0x0, 0x1, 0xfe,
    0x0, 0x0, 0x0, 0xf, 0xd0, 0x0, 0x0, 0x0,
    0x0, 0x5, 0xfa, 0x0, 0x0, 0x0, 0xf, 0xd0,
    0x0, 0x0, 0x0, 0x0, 0xb, 0xf5, 0x0, 0x0,
    0x0, 0xf, 0xd0, 0x0, 0x0, 0x0, 0x0, 0x3f,
    0xe0, 0x0, 0x0, 0x0, 0xf, 0xd0, 0x0, 0x0,
    0x0, 0x0, 0xcf, 0x70, 0x0, 0x0, 0x0, 0xf,
    0xd0, 0x0, 0x0, 0x0, 0x9, 0xfd, 0x0, 0x0,
    0x0, 0x0, 0xf, 0xd0, 0x0, 0x0, 0x0, 0x8f,
    0xf3, 0x0, 0x0, 0x0, 0x0, 0xf, 0xd0, 0x0,
    0x0, 0xb, 0xff, 0x50, 0x0, 0x0, 0x0, 0x0,
    0xf, 0xd0, 0x0, 0x0, 0x7, 0xe4, 0x0, 0x0,
    0x0, 0x0, 0x0, 0xf, 0xd0, 0x0, 0x0, 0x0,
    0x0, 0x0, 0x0, 0x0, 0x0, 0x0, 0x0, 0x0,
    0x0, 0x0,

    /* U+5F02 "异" */
    0x0, 0x5c, 0xcc, 0xcc, 0xcc, 0xcc, 0xcc, 0xcc,
    0xcc, 0x60, 0x0, 0x0, 0x7f, 0xff, 0xff, 0xff,
    0xff, 0xff, 0xff, 0xff, 0x80, 0x0, 0x0, 0x7f,
    0x60, 0x0, 0x0, 0x0, 0x0, 0x0, 0x4f, 0x80,
    0x0, 0x0, 0x7f, 0x60, 0x0, 0x0, 0x0, 0x0,
    0x0, 0x3f, 0x80, 0x0, 0x0, 0x7f, 0xdc, 0xcc,
    0xcc, 0xcc, 0xcc, 0xcc, 0xcf, 0x80, 0x0, 0x0,
    0x7f, 0xff, 0xff, 0xff, 0xff, 0xff, 0xff, 0xff,
    0x80, 0x0, 0x0, 0x7f, 0x72, 0x22, 0x22, 0x22,
    0x22, 0x22, 0x22, 0x12, 0x0, 0x0, 0x7f, 0x60,
    0x0, 0x0, 0x0, 0x0, 0x0, 0x0, 0x1f, 0x80,
    0x0, 0x7f, 0xc5, 0x32, 0x22, 0x22, 0x22, 0x22,
    0x34, 0x9f, 0xa0, 0x0, 0x2f, 0xff, 0xff, 0xff,
    0xff, 0xff, 0xff, 0xff, 0xff, 0x40, 0x0, 0x1,
    0x57, 0x89, 0x9a, 0xaa, 0xaa, 0xa9, 0x98, 0x63,
    0x0, 0x0, 0x0, 0x0, 0x8f, 0x40, 0x0, 0x2,
    0xfb, 0x0, 0x0, 0x0, 0x0, 0x0, 0x0, 0x9f,
    0x40, 0x0, 0x2, 0xfb, 0x0, 0x0, 0x0, 0xab,
    0xbb, 0xbb, 0xef, 0xcb, 0xbb, 0xbc, 0xfe, 0xbb,
    0xbb, 0xb7, 0xef, 0xff, 0xff, 0xff, 0xff, 0xff,
    0xff, 0xff, 0xff, 0xff, 0xfa, 0x0, 0x0, 0x1,
    0xff, 0x0, 0x0, 0x2, 0xfb, 0x0, 0x0, 0x0,
    0x0, 0x0, 0x4, 0xfb, 0x0, 0x0, 0x2, 0xfb,
    0x0, 0x0, 0x0, 0x0, 0x0, 0x1d, 0xf6, 0x0,
    0x0, 0x2, 0xfb, 0x0, 0x0, 0x0, 0x0, 0x3,
    0xdf, 0xd0, 0x0, 0x0, 0x2, 0xfb, 0x0, 0x0,
    0x0, 0x5, 0xdf, 0xfd, 0x20, 0x0, 0x0, 0x2,
    0xfb, 0x0, 0x0, 0x0, 0x4, 0xfe, 0x81, 0x0,
    0x0, 0x0, 0x2, 0xfb, 0x0, 0x0, 0x0, 0x0,
    0x20, 0x0, 0x0, 0x0, 0x0, 0x0, 0x0, 0x0,
    0x0, 0x0,

    /* U+5F0F "式" */
    0x0, 0x0, 0x0, 0x0, 0x0, 0x0, 0x23, 0x0,
    0x0, 0x0, 0x0, 0x0, 0x0, 0x0, 0x0, 0x0,
    0x0, 0xbf, 0x40, 0x5f, 0x70, 0x0, 0x0, 0x0,
    0x0, 0x0, 0x0, 0x0, 0xaf, 0x50, 0x4e, 0xfb,
    0x0, 0x0, 0x0, 0x0, 0x0, 0x0, 0x0, 0xaf,
    0x50, 0x1, 0xdb, 0x0, 0x2, 0x22, 0x22, 0x22,
    0x22, 0x22, 0xaf, 0x72, 0x22, 0x33, 0x21, 0x1f,
    0xff, 0xff, 0xff, 0xff, 0xff, 0xff, 0xff, 0xff,
    0xff, 0xfa, 0xa, 0xaa, 0xaa, 0xaa, 0xaa, 0xaa,
    0xcf, 0xca, 0xaa, 0xaa, 0xa6, 0x0, 0x0, 0x0,
    0x0, 0x0, 0x0, 0x5f, 0x80, 0x0, 0x0, 0x0,
    0x0, 0x0, 0x0, 0x0, 0x0, 0x0, 0x3f, 0xa0,
    0x0, 0x0, 0x0, 0x0, 0x0, 0x0, 0x0, 0x0,
    0x0, 0x1f, 0xc0, 0x0, 0x0, 0x0, 0x4, 0xcc,
    0xcc, 0xcc, 0xcc, 0xc5, 0xf, 0xf0, 0x0, 0x0,
    0x0, 0x5, 0xff, 0xff, 0xff, 0xff, 0xf6, 0xc,
    0xf2, 0x0, 0x0, 0x0, 0x0, 0x0, 0x9, 0xf4,
    0x0, 0x0, 0x8, 0xf5, 0x0, 0x0, 0x0, 0x0,
    0x0, 0x9, 0xf4, 0x0, 0x0, 0x4, 0xf9, 0x0,
    0x0, 0x0, 0x0, 0x0, 0x9, 0xf4, 0x0, 0x0,
    0x0, 0xfe, 0x0, 0x0, 0x0, 0x0, 0x0, 0x9,
    0xf4, 0x0, 0x0, 0x0, 0xbf, 0x40, 0x0, 0x51,
    0x0, 0x0, 0x9, 0xf4, 0x0, 0x0, 0x0, 0x5f,
    0xa0, 0x0, 0xfd, 0x0, 0x0, 0x9, 0xf6, 0x47,
    0xad, 0x0, 0xe, 0xf1, 0x2, 0xfa, 0x4, 0x68,
    0xae, 0xff, 0xff, 0xff, 0x20, 0x8, 0xf9, 0x5,
    0xf7, 0xf, 0xff, 0xff, 0xfd, 0xa7, 0x30, 0x0,
    0x1, 0xef, 0x7c, 0xf2, 0x9, 0x97, 0x52, 0x0,
    0x0, 0x0, 0x0, 0x0, 0x5f, 0xff, 0xb0, 0x0,
    0x0, 0x0, 0x0, 0x0, 0x0, 0x0, 0x0, 0x6,
    0xed, 0x20,

    /* U+5F26 "弦" */
    0x0, 0x0, 0x0, 0x0, 0x0, 0x0, 0x0, 0x40,
    0x0, 0x0, 0x0, 0x19, 0x99, 0x99, 0x92, 0x0,
    0x0, 0xc, 0xf3, 0x0, 0x0, 0x0, 0x3f, 0xff,
    0xff, 0xf5, 0x0, 0x0, 0x5, 0xfa, 0x0, 0x0,
    0x0, 0x3, 0x33, 0x39, 0xf5, 0x9b, 0xbb, 0xbb,
    0xff, 0xbb, 0xbb, 0xb8, 0x0, 0x0, 0x7, 0xf5,
    0xdf, 0xff, 0xff, 0xff, 0xff, 0xff, 0xfc, 0x0,
    0x0, 0x7, 0xf5, 0x0, 0x0, 0x0, 0x0, 0x0,
    0x0, 0x0, 0x0, 0x0, 0x7, 0xf5, 0x0, 0x0,
    0xbe, 0x40, 0x0, 0x0, 0x0, 0xb, 0xff, 0xff,
    0xf5, 0x0, 0x3, 0xff, 0x10, 0x0, 0x0, 0x0,
    0xd, 0xfa, 0xaa, 0xa3, 0x0, 0xb, 0xf8, 0x0,
    0x9, 0xc2, 0x0, 0xe, 0xf0, 0x0, 0x0, 0x0,
    0x5f, 0xe0, 0x0, 0x2f, 0xe0, 0x0, 0xf, 0xd0,
    0x0, 0x0, 0x2, 0xef, 0x40, 0x0, 0xbf, 0x50,
    0x0, 0x2f, 0xb0, 0x0, 0x0, 0x1d, 0xfa, 0x57,
    0xad, 0xfc, 0x0, 0x0, 0x4f, 0xeb, 0xbb, 0xb2,
    0x8f, 0xff, 0xff, 0xff, 0xf2, 0x0, 0x0, 0x5f,
    0xff, 0xff, 0xf3, 0x2b, 0x86, 0x42, 0xdf, 0x70,
    0x0, 0x0, 0x0, 0x0, 0xa, 0xf3, 0x0, 0x0,
    0x9, 0xfc, 0x1, 0x60, 0x0, 0x0, 0x0, 0xa,
    0xf3, 0x0, 0x0, 0x7f, 0xe1, 0xd, 0xf3, 0x0,
    0x0, 0x0, 0xb, 0xf2, 0x0, 0x6, 0xff, 0x40,
    0x5, 0xfb, 0x0, 0x0, 0x0, 0xc, 0xf1, 0x0,
    0x7f, 0xf5, 0x0, 0x0, 0xdf, 0x30, 0x0, 0x0,
    0xd, 0xf0, 0x9, 0xff, 0x50, 0x1, 0x58, 0xdf,
    0xa0, 0x0, 0x0, 0x1f, 0xf0, 0xaf, 0xfc, 0xbd,
    0xff, 0xff, 0xff, 0xf1, 0x1, 0xfd, 0xef, 0xb0,
    0x8f, 0xff, 0xff, 0xda, 0x73, 0x8, 0xf7, 0x0,
    0xae, 0xfd, 0x20, 0x14, 0x32, 0x10, 0x0, 0x0,
    0x3, 0xd5, 0x0, 0x0, 0x0, 0x0, 0x0, 0x0,
    0x0, 0x0, 0x0, 0x0, 0x0,

    /* U+5F31 "弱" */
    0x7, 0xff, 0xff, 0xff, 0xff, 0x0, 0xbf, 0xff,
    0xff, 0xff, 0xc0, 0x6, 0xdd, 0xdd, 0xdd, 0xff,
    0x10, 0x9d, 0xdd, 0xdd, 0xdf, 0xc0, 0x0, 0x0,
    0x0, 0x0, 0xdf, 0x10, 0x0, 0x0, 0x0, 0x1f,
    0xc0, 0x0, 0x0, 0x0, 0x0, 0xdf, 0x10, 0x0,
    0x0, 0x0, 0x1f, 0xc0, 0x1, 0xbb, 0xbb, 0xbb,
    0xff, 0x10, 0x4b, 0xbb, 0xbb, 0xcf, 0xc0, 0x4,
    0xff, 0xff, 0xff, 0xff, 0x10, 0x8f, 0xff, 0xff,
    0xff, 0xc0, 0x6, 0xfa, 0x0, 0x0, 0x0, 0x0,
    0xaf, 0x60, 0x0, 0x0, 0x0, 0x8, 0xf8, 0x0,
    0x0, 0x0, 0x0, 0xbf, 0x40, 0x0, 0x0, 0x0,
    0xa, 0xf7, 0x0, 0x0, 0x0, 0x0, 0xdf, 0x30,
    0x0, 0x0, 0x0, 0xc, 0xff, 0xff, 0xff, 0xff,
    0x90, 0xff, 0xff, 0xff, 0xff, 0xf5, 0xa, 0xbb,
    0xbb, 0xbb, 0xdf, 0x80, 0xbb, 0xbb, 0xbb, 0xbe,
    0xf3, 0x0, 0x18, 0x0, 0x0, 0x8f, 0x60, 0x3,
    0x70, 0x0, 0xc, 0xf2, 0x0, 0x9f, 0xb0, 0x0,
    0x9f, 0x50, 0xd, 0xf7, 0x0, 0xd, 0xf1, 0x0,
    0xc, 0xf8, 0x0, 0xaf, 0x30, 0x2, 0xff, 0x40,
    0xe, 0xf0, 0x0, 0x1, 0xa1, 0x17, 0xff, 0x20,
    0x0, 0x49, 0x3, 0x9f, 0xe0, 0x0, 0x0, 0x5b,
    0xff, 0xff, 0x0, 0x0, 0x27, 0xdf, 0xff, 0xc0,
    0x27, 0xbf, 0xff, 0xc6, 0xfe, 0x4, 0x9d, 0xff,
    0xfa, 0x7f, 0x90, 0x7f, 0xfd, 0x82, 0x2, 0xfb,
    0xb, 0xff, 0xc7, 0x10, 0x6f, 0x70, 0x27, 0x20,
    0x0, 0x6, 0xf7, 0x5, 0x61, 0x0, 0x0, 0xbf,
    0x30, 0x0, 0x0, 0x8e, 0xdf, 0xf1, 0x0, 0x0,
    0xc, 0xdd, 0xfd, 0x0, 0x0, 0x0, 0x5e, 0xfe,
    0x50, 0x0, 0x0, 0x9, 0xef, 0xd2, 0x0,

    /* U+5F39 "弹" */
    0x0, 0x0, 0x0, 0x0, 0x0, 0x4, 0x0, 0x0,
    0x5, 0x20, 0x0, 0x2b, 0xbb, 0xbb, 0xb3, 0x0,
    0x9f, 0x70, 0x0, 0x3f, 0xe0, 0x0, 0x3f, 0xff,
    0xff, 0xf5, 0x0, 0x2f, 0xf2, 0x0, 0xaf, 0x70,
    0x0, 0x0, 0x0, 0x7, 0xf5, 0x0, 0x6, 0x81,
    0x4, 0xfd, 0x0, 0x0, 0x0, 0x0, 0x7, 0xf5,
    0xa, 0xaa, 0xaa, 0xae, 0xfc, 0xaa, 0x60, 0x0,
    0x0, 0x7, 0xf5, 0x1f, 0xff, 0xff, 0xff, 0xff,
    0xff, 0x90, 0x3, 0x44, 0x49, 0xf5, 0x1f, 0xb0,
    0x1, 0xfb, 0x0, 0x1f, 0x90, 0xb, 0xff, 0xff,
    0xf5, 0x1f, 0xb0, 0x1, 0xfb, 0x0, 0x1f, 0x90,
    0xd, 0xf7, 0x77, 0x72, 0x1f, 0xd8, 0x89, 0xfd,
    0x88, 0x9f, 0x90, 0xf, 0xe0, 0x0, 0x0, 0x1f,
    0xff, 0xff, 0xff, 0xff, 0xff, 0x90, 0xf, 0xd0,
    0x0, 0x0, 0x1f, 0xb0, 0x1, 0xfb, 0x0, 0x1f,
    0x90, 0x2f, 0xb0, 0x0, 0x0, 0x1f, 0xb0, 0x1,
    0xfb, 0x0, 0x1f, 0x90, 0x4f, 0xeb, 0xbb, 0xb2,
    0x1f, 0xd8, 0x89, 0xfd, 0x88, 0x9f, 0x90, 0x5f,
    0xff, 0xff, 0xf3, 0x1f, 0xff, 0xff, 0xff, 0xff,
    0xff, 0x90, 0x0, 0x0, 0xa, 0xf3, 0x2, 0x22,
    0x23, 0xfb, 0x22, 0x22, 0x10, 0x0, 0x0, 0xa,
    0xf3, 0x0, 0x0, 0x1, 0xfb, 0x0, 0x0, 0x0,
    0x0, 0x0, 0xb, 0xf9, 0xbb, 0xbb, 0xbc, 0xfe,
    0xbb, 0xbb, 0xba, 0x0, 0x0, 0xc, 0xfa, 0xff,
    0xff, 0xff, 0xff, 0xff, 0xff, 0xfe, 0x0, 0x0,
    0xd, 0xf0, 0x0, 0x0, 0x1, 0xfb, 0x0, 0x0,
    0x0, 0x0, 0x0, 0x1f, 0xf0, 0x0, 0x0, 0x1,
    0xfb, 0x0, 0x0, 0x0, 0x1, 0xfd, 0xef, 0xb0,
    0x0, 0x0, 0x1, 0xfb, 0x0, 0x0, 0x0, 0x0,
    0xae, 0xfd, 0x20, 0x0, 0x0, 0x1, 0xfb, 0x0,
    0x0, 0x0, 0x0, 0x0, 0x0, 0x0, 0x0, 0x0,
    0x0, 0x11, 0x0, 0x0, 0x0,

    /* U+5F3A "强" */
    0x2b, 0xbb, 0xbb, 0xb3, 0x6, 0xee, 0xee, 0xee,
    0xee, 0xe8, 0x0, 0x3f, 0xff, 0xff, 0xf5, 0x6,
    0xfd, 0xcc, 0xcc, 0xcc, 0xf9, 0x0, 0x0, 0x0,
    0x7, 0xf5, 0x6, 0xf6, 0x0, 0x0, 0x1, 0xf9,
    0x0, 0x0, 0x0, 0x7, 0xf5, 0x6, 0xf6, 0x0,
    0x0, 0x1, 0xf9, 0x0, 0x0, 0x0, 0x7, 0xf5,
    0x6, 0xf6, 0x0, 0x0, 0x1, 0xf9, 0x0, 0x0,
    0x0, 0x7, 0xf5, 0x6, 0xff, 0xff, 0xff, 0xff,
    0xf9, 0x0, 0xb, 0xff, 0xff, 0xf5, 0x4, 0xaa,
    0xab, 0xfd, 0xaa, 0xa6, 0x0, 0xd, 0xf8, 0x88,
    0x82, 0x0, 0x0, 0x2, 0xf9, 0x0, 0x0, 0x0,
    0xe, 0xe0, 0x0, 0x0, 0xa, 0xaa, 0xab, 0xfd,
    0xaa, 0xaa, 0x30, 0xf, 0xd0, 0x0, 0x0, 0x1f,
    0xff, 0xff, 0xff, 0xff, 0xff, 0x50, 0x2f, 0xb0,
    0x0, 0x0, 0x1f, 0xa0, 0x3, 0xfa, 0x0, 0x7f,
    0x50, 0x4f, 0xeb, 0xbb, 0xb2, 0x1f, 0x90, 0x2,
    0xf9, 0x0, 0x6f, 0x50, 0x5f, 0xff, 0xff, 0xf3,
    0x1f, 0x90, 0x2, 0xf9, 0x0, 0x6f, 0x50, 0x0,
    0x0, 0xa, 0xf3, 0x1f, 0xa0, 0x3, 0xfa, 0x0,
    0x7f, 0x50, 0x0, 0x0, 0xa, 0xf3, 0x1f, 0xff,
    0xff, 0xff, 0xff, 0xff, 0x50, 0x0, 0x0, 0xb,
    0xf2, 0xa, 0xaa, 0xab, 0xfd, 0xaa, 0xaa, 0x30,
    0x0, 0x0, 0xc, 0xf1, 0x0, 0x0, 0x2, 0xf9,
    0x1, 0x95, 0x0, 0x0, 0x0, 0xd, 0xf0, 0x0,
    0x0, 0x2, 0xf9, 0x1, 0xef, 0x20, 0x0, 0x0,
    0x1f, 0xf0, 0x0, 0x12, 0x36, 0xfc, 0x8a, 0xef,
    0xc0, 0x1, 0xfd, 0xef, 0xb0, 0xef, 0xff, 0xff,
    0xff, 0xfd, 0xbc, 0xf5, 0x0, 0xae, 0xfd, 0x20,
    0xcd, 0xb9, 0x75, 0x31, 0x0, 0x3, 0xe5, 0x0,
    0x0, 0x0, 0x0, 0x0, 0x0, 0x0, 0x0, 0x0,
    0x0, 0x0,

    /* U+5F52 "归" */
    0x0, 0x0, 0x56, 0x0, 0x0, 0x0, 0x0, 0x0,
    0x0, 0x0, 0x0, 0x0, 0xcf, 0x10, 0x0, 0x0,
    0x0, 0x0, 0x0, 0x0, 0x47, 0x10, 0xcf, 0x10,
    0x0, 0x0, 0x0, 0x0, 0x0, 0x0, 0xbf, 0x30,
    0xcf, 0x10, 0xdf, 0xff, 0xff, 0xff, 0xff, 0xfe,
    0xbf, 0x30, 0xcf, 0x10, 0xac, 0xcc, 0xcc, 0xcc,
    0xcd, 0xfe, 0xbf, 0x30, 0xcf, 0x10, 0x0, 0x0,
    0x0, 0x0, 0x1, 0xfe, 0xbf, 0x30, 0xcf, 0x10,
    0x0, 0x0, 0x0, 0x0, 0x1, 0xfe, 0xbf, 0x30,
    0xcf, 0x10, 0x0, 0x0, 0x0, 0x0, 0x1, 0xfe,
    0xbf, 0x30, 0xcf, 0x10, 0x0, 0x0, 0x0, 0x0,
    0x1, 0xfe, 0xbf, 0x30, 0xcf, 0x10, 0x0, 0x0,
    0x0, 0x0, 0x1, 0xfe, 0xbf, 0x30, 0xcf, 0x10,
    0x8f, 0xff, 0xff, 0xff, 0xff, 0xfe, 0xbf, 0x30,
    0xdf, 0x0, 0x7d, 0xdd, 0xdd, 0xdd, 0xdd, 0xfe,
    0xbf, 0x30, 0xef, 0x0, 0x0, 0x0, 0x0, 0x0,
    0x1, 0xfe, 0xbf, 0x30, 0xfe, 0x0, 0x0, 0x0,
    0x0, 0x0, 0x1, 0xfe, 0xbf, 0x32, 0xfc, 0x0,
    0x0, 0x0, 0x0, 0x0, 0x1, 0xfe, 0xbf, 0x36,
    0xf8, 0x0, 0x0, 0x0, 0x0, 0x0, 0x1, 0xfe,
    0x0, 0xb, 0xf4, 0x0, 0x0, 0x0, 0x0, 0x0,
    0x1, 0xfe, 0x0, 0x2f, 0xf0, 0x0, 0x0, 0x0,
    0x0, 0x0, 0x1, 0xfe, 0x0, 0xaf, 0x80, 0x4,
    0xff, 0xff, 0xff, 0xff, 0xff, 0xfe, 0x5, 0xff,
    0x10, 0x3, 0xbb, 0xbb, 0xbb, 0xbb, 0xbc, 0xfe,
    0x2f, 0xf5, 0x0, 0x0, 0x0, 0x0, 0x0, 0x0,
    0x1, 0xfe, 0xa, 0x90, 0x0, 0x0, 0x0, 0x0,
    0x0, 0x0, 0x0, 0x54, 0x0, 0x0, 0x0, 0x0,
    0x0, 0x0, 0x0, 0x0, 0x0, 0x0,

    /* U+5F53 "当" */
    0x0, 0x0, 0x0, 0x0, 0x77, 0x0, 0x0, 0x0,
    0x0, 0x0, 0x50, 0x0, 0x0, 0xf, 0xf0, 0x0,
    0x0, 0x5, 0x0, 0x8f, 0x90, 0x0, 0x0, 0xff,
    0x0, 0x0, 0x6, 0xfd, 0x2, 0xff, 0x50, 0x0,
    0xf, 0xf0, 0x0, 0x0, 0xdf, 0x80, 0x6, 0xfe,
    0x0, 0x0, 0xff, 0x0, 0x0, 0x7f, 0xf1, 0x0,
    0xc, 0xf7, 0x0, 0xf, 0xf0, 0x0, 0x2f, 0xf7,
    0x0, 0x0, 0x4f, 0x60, 0x0, 0xff, 0x0, 0x4,
    0xed, 0x0, 0x0, 0x0, 0x10, 0x0, 0xf, 0xf0,
    0x0, 0x0, 0x10, 0x0, 0x9d, 0xdd, 0xdd, 0xdd,
    0xff, 0xdd, 0xdd, 0xdd, 0xda, 0xb, 0xff, 0xff,
    0xff, 0xff, 0xff, 0xff, 0xff, 0xff, 0xc0, 0x0,
    0x0, 0x0, 0x0, 0x0, 0x0, 0x0, 0x1, 0xfc,
    0x0, 0x0, 0x0, 0x0, 0x0, 0x0, 0x0, 0x0,
    0x1f, 0xc0, 0x0, 0x0, 0x0, 0x0, 0x0, 0x0,
    0x0, 0x1, 0xfc, 0x0, 0x22, 0x22, 0x22, 0x22,
    0x22, 0x22, 0x22, 0x3f, 0xc0, 0x2f, 0xff, 0xff,
    0xff, 0xff, 0xff, 0xff, 0xff, 0xfc, 0x1, 0xaa,
    0xaa, 0xaa, 0xaa, 0xaa, 0xaa, 0xaa, 0xaf, 0xc0,
    0x0, 0x0, 0x0, 0x0, 0x0, 0x0, 0x0, 0x1,
    0xfc, 0x0, 0x0, 0x0, 0x0, 0x0, 0x0, 0x0,
    0x0, 0x1f, 0xc0, 0x0, 0x0, 0x0, 0x0, 0x0,
    0x0, 0x0, 0x1, 0xfc, 0xe, 0xff, 0xff, 0xff,
    0xff, 0xff, 0xff, 0xff, 0xff, 0xc0, 0xcd, 0xdd,
    0xdd, 0xdd, 0xdd, 0xdd, 0xdd, 0xdd, 0xfc, 0x0,
    0x0, 0x0, 0x0, 0x0, 0x0, 0x0, 0x0, 0x1f,
    0xc0,

    /* U+5F62 "形" */
    0x0, 0x0, 0x0, 0x0, 0x0, 0x0, 0x0, 0x0,
    0x0, 0x2, 0x10, 0x0, 0x2b, 0xbb, 0xbb, 0xbb,
    0xbb, 0xbb, 0x0, 0x0, 0x1, 0xee, 0x20, 0x4,
    0xff, 0xff, 0xff, 0xff, 0xff, 0xf1, 0x0, 0x0,
    0xcf, 0xb0, 0x0, 0x1, 0x3f, 0xc1, 0x12, 0xfd,
    0x11, 0x0, 0x1, 0xcf, 0xd1, 0x0, 0x0, 0x1,
    0xfc, 0x0, 0xf, 0xd0, 0x0, 0x2, 0xdf, 0xe2,
    0x0, 0x0, 0x0, 0x1f, 0xc0, 0x0, 0xfd, 0x0,
    0x6, 0xff, 0xd2, 0x0, 0x0, 0x0, 0x1, 0xfc,
    0x0, 0xf, 0xd0, 0x7, 0xff, 0xb1, 0x0, 0x0,
    0x0, 0x0, 0x1f, 0xc0, 0x0, 0xfd, 0x0, 0x1d,
    0x60, 0x0, 0x6d, 0x40, 0x0, 0x1, 0xfc, 0x0,
    0xf, 0xd0, 0x0, 0x0, 0x0, 0x4f, 0xf7, 0x0,
    0x0, 0x1f, 0xc0, 0x0, 0xfd, 0x0, 0x0, 0x0,
    0x4f, 0xfb, 0x0, 0xa, 0xbc, 0xff, 0xbb, 0xbf,
    0xfb, 0xb4, 0x0, 0x6f, 0xfb, 0x0, 0x0, 0xef,
    0xff, 0xff, 0xff, 0xff, 0xff, 0x51, 0xaf, 0xfa,
    0x0, 0x0, 0x0, 0x2, 0xfb, 0x0, 0x1f, 0xd0,
    0x1, 0xef, 0xf7, 0x0, 0x0, 0x0, 0x0, 0x3f,
    0xa0, 0x0, 0xfd, 0x0, 0x8, 0xc2, 0x0, 0x6,
    0xd4, 0x0, 0x4, 0xf9, 0x0, 0xf, 0xd0, 0x0,
    0x0, 0x0, 0x3, 0xff, 0x60, 0x0, 0x8f, 0x60,
    0x0, 0xfd, 0x0, 0x0, 0x0, 0x3, 0xef, 0xa0,
    0x0, 0xc, 0xf3, 0x0, 0xf, 0xd0, 0x0, 0x0,
    0x3, 0xff, 0xc0, 0x0, 0x2, 0xfe, 0x0, 0x0,
    0xfd, 0x0, 0x0, 0x6, 0xff, 0xc0, 0x0, 0x0,
    0x9f, 0x80, 0x0, 0xf, 0xd0, 0x0, 0x9, 0xff,
    0xa0, 0x0, 0x0, 0x3f, 0xf1, 0x0, 0x0, 0xfd,
    0x0, 0x4d, 0xff, 0x70, 0x0, 0x0, 0xd, 0xf7,
    0x0, 0x0, 0xf, 0xd0, 0x2f, 0xfd, 0x30, 0x0,
    0x0, 0x0, 0x3a, 0x0, 0x0, 0x0, 0xfd, 0x0,
    0x77, 0x0, 0x0, 0x0, 0x0,

    /* U+5F84 "径" */
    0x0, 0x0, 0x2, 0x0, 0x0, 0x0, 0x0, 0x0,
    0x0, 0x0, 0x0, 0x0, 0x0, 0x7f, 0x60, 0x0,
    0x0, 0x0, 0x0, 0x0, 0x0, 0x0, 0x0, 0x3,
    0xff, 0x10, 0x8, 0xbb, 0xbb, 0xbb, 0xbb, 0xb7,
    0x0, 0x0, 0x1e, 0xf6, 0x0, 0xc, 0xff, 0xff,
    0xff, 0xff, 0xf9, 0x0, 0x2, 0xdf, 0xa0, 0x0,
    0x0, 0x0, 0x0, 0x0, 0xd, 0xf3, 0x0, 0x3e,
    0xfa, 0x0, 0x0, 0x0, 0x0, 0x0, 0x0, 0x8f,
    0xa0, 0x0, 0x4f, 0x90, 0x6, 0xb2, 0x0, 0x0,
    0x0, 0x6, 0xfe, 0x10, 0x0, 0x3, 0x0, 0x1e,
    0xf2, 0x0, 0x0, 0x0, 0x7f, 0xf3, 0x0, 0x0,
    0x0, 0x0, 0xaf, 0x80, 0x0, 0x0, 0x2c, 0xff,
    0xe6, 0x0, 0x0, 0x0, 0x7, 0xfd, 0x0, 0x0,
    0x4a, 0xff, 0xda, 0xff, 0xe8, 0x10, 0x0, 0x5f,
    0xf2, 0x0, 0x8e, 0xff, 0xf8, 0x0, 0x18, 0xef,
    0xf9, 0x5, 0xff, 0xf0, 0x0, 0x3f, 0xd7, 0x10,
    0x0, 0x0, 0x7, 0xe8, 0x6f, 0xfe, 0xf0, 0x0,
    0x1, 0x0, 0x0, 0x0, 0x0, 0x0, 0x0, 0x6f,
    0x4c, 0xf0, 0x0, 0x4, 0xbb, 0xbb, 0xbb, 0xbb,
    0xbb, 0x60, 0x2, 0xc, 0xf0, 0x0, 0x6, 0xff,
    0xff, 0xff, 0xff, 0xff, 0x80, 0x0, 0xc, 0xf0,
    0x0, 0x0, 0x0, 0x1, 0xfc, 0x0, 0x0, 0x0,
    0x0, 0xc, 0xf0, 0x0, 0x0, 0x0, 0x1, 0xfc,
    0x0, 0x0, 0x0, 0x0, 0xc, 0xf0, 0x0, 0x0,
    0x0, 0x1, 0xfc, 0x0, 0x0, 0x0, 0x0, 0xc,
    0xf0, 0x0, 0x0, 0x0, 0x1, 0xfc, 0x0, 0x0,
    0x0, 0x0, 0xc, 0xf0, 0x0, 0x0, 0x0, 0x1,
    0xfc, 0x0, 0x0, 0x0, 0x0, 0xc, 0xf0, 0x1,
    0xbb, 0xbb, 0xbb, 0xfe, 0xbb, 0xbb, 0xb3, 0x0,
    0xc, 0xf0, 0x1, 0xff, 0xff, 0xff, 0xff, 0xff,
    0xff, 0xf5,

    /* U+5F85 "待" */
    0x0, 0x0, 0x2, 0x0, 0x0, 0x0, 0x0, 0x55,
    0x0, 0x0, 0x0, 0x0, 0x0, 0x5f, 0x70, 0x0,
    0x0, 0x0, 0xef, 0x0, 0x0, 0x0, 0x0, 0x1,
    0xef, 0x30, 0x0, 0x0, 0x0, 0xef, 0x0, 0x0,
    0x0, 0x0, 0x1d, 0xf9, 0x0, 0xa, 0xbb, 0xbb,
    0xff, 0xbb, 0xbb, 0xb0, 0x1, 0xdf, 0xc0, 0x0,
    0xf, 0xff, 0xff, 0xff, 0xff, 0xff, 0xf1, 0x3e,
    0xfc, 0x0, 0x0, 0x0, 0x0, 0x0, 0xef, 0x0,
    0x0, 0x0, 0x5f, 0xb0, 0x3, 0xc3, 0x0, 0x0,
    0x0, 0xef, 0x0, 0x0, 0x0, 0x4, 0x0, 0xd,
    0xf5, 0x0, 0x0, 0x0, 0xef, 0x0, 0x0, 0x0,
    0x0, 0x0, 0x9f, 0x92, 0xff, 0xff, 0xff, 0xff,
    0xff, 0xff, 0xfe, 0x0, 0x6, 0xfc, 0x1, 0xbb,
    0xbb, 0xbb, 0xbb, 0xbb, 0xbb, 0xba, 0x0, 0x5f,
    0xf1, 0x0, 0x0, 0x0, 0x0, 0x0, 0x8, 0xf6,
    0x0, 0x6, 0xff, 0xf0, 0x0, 0x0, 0x0, 0x0,
    0x0, 0x8, 0xf6, 0x0, 0x8f, 0xee, 0xf0, 0x0,
    0xbb, 0xbb, 0xbb, 0xbb, 0xbd, 0xfd, 0xbb, 0x4e,
    0x2c, 0xf0, 0x0, 0xff, 0xff, 0xff, 0xff, 0xff,
    0xff, 0xff, 0x0, 0xc, 0xf0, 0x0, 0x0, 0x0,
    0x0, 0x0, 0x8, 0xf6, 0x0, 0x0, 0xc, 0xf0,
    0x0, 0x0, 0x9d, 0x10, 0x0, 0x8, 0xf6, 0x0,
    0x0, 0xc, 0xf0, 0x0, 0x0, 0x8f, 0x90, 0x0,
    0x8, 0xf6, 0x0, 0x0, 0xc, 0xf0, 0x0, 0x0,
    0xe, 0xf2, 0x0, 0x8, 0xf6, 0x0, 0x0, 0xc,
    0xf0, 0x0, 0x0, 0x7, 0x91, 0x0, 0x8, 0xf6,
    0x0, 0x0, 0xc, 0xf0, 0x0, 0x0, 0x0, 0x1,
    0x31, 0xa, 0xf5, 0x0, 0x0, 0xc, 0xf0, 0x0,
    0x0, 0x0, 0x5, 0xff, 0xff, 0xf3, 0x0, 0x0,
    0xc, 0xf0, 0x0, 0x0, 0x0, 0x2, 0xbc, 0xec,
    0x60, 0x0,

    /* U+5F8B "律" */
    0x0, 0x0, 0x14, 0x0, 0x0, 0x0, 0x5, 0xa2,
    0x0, 0x0, 0x0, 0x0, 0x0, 0x8, 0xf6, 0x0,
    0x0, 0x0, 0x8f, 0x30, 0x0, 0x0, 0x0, 0x0,
    0x2, 0xff, 0x10, 0x8b, 0xbb, 0xbe, 0xfc, 0xbb,
    0xbb, 0xb0, 0x0, 0x0, 0xbf, 0x70, 0xc, 0xff,
    0xff, 0xff, 0xff, 0xff, 0xff, 0x0, 0x0, 0x8f,
    0xc0, 0x0, 0x0, 0x0, 0x9, 0xf4, 0x0, 0xc,
    0xf0, 0x0, 0x7f, 0xe2, 0x0, 0x0, 0x0, 0x0,
    0x8f, 0x30, 0x0, 0xcf, 0x0, 0xa, 0xf3, 0x0,
    0x4f, 0xff, 0xff, 0xff, 0xff, 0xff, 0xff, 0xff,
    0xb0, 0x3, 0x1, 0xea, 0xaa, 0xaa, 0xaa, 0xdf,
    0xba, 0xaa, 0xef, 0xa7, 0x0, 0x0, 0xaf, 0x60,
    0x0, 0x0, 0x8, 0xf3, 0x0, 0xc, 0xf0, 0x0,
    0x0, 0x5f, 0xb0, 0x8, 0xaa, 0xaa, 0xdf, 0xba,
    0xaa, 0xef, 0x0, 0x0, 0x3f, 0xf2, 0x0, 0xdf,
    0xff, 0xff, 0xff, 0xff, 0xff, 0xf0, 0x0, 0x3e,
    0xff, 0x20, 0x2, 0x22, 0x22, 0x9f, 0x52, 0x22,
    0x22, 0x0, 0xe, 0xff, 0xf2, 0x0, 0x0, 0x0,
    0x8, 0xf3, 0x0, 0x0, 0x0, 0x0, 0x78, 0xaf,
    0x20, 0xa, 0xaa, 0xaa, 0xdf, 0xba, 0xaa, 0xaa,
    0x80, 0x0, 0xa, 0xf2, 0x0, 0xff, 0xff, 0xff,
    0xff, 0xff, 0xff, 0xfc, 0x0, 0x0, 0xaf, 0x20,
    0x0, 0x0, 0x0, 0x8f, 0x30, 0x0, 0x0, 0x0,
    0x0, 0xa, 0xf2, 0x1, 0x11, 0x11, 0x19, 0xf4,
    0x11, 0x11, 0x11, 0x0, 0x0, 0xaf, 0x2a, 0xff,
    0xff, 0xff, 0xff, 0xff, 0xff, 0xff, 0xfe, 0x0,
    0xa, 0xf2, 0x6a, 0xaa, 0xaa, 0xad, 0xfb, 0xaa,
    0xaa, 0xaa, 0x90, 0x0, 0xaf, 0x20, 0x0, 0x0,
    0x0, 0x8f, 0x30, 0x0, 0x0, 0x0, 0x0, 0xa,
    0xf2, 0x0, 0x0, 0x0, 0x8, 0xf3, 0x0, 0x0,
    0x0, 0x0, 0x0, 0xaf, 0x20, 0x0, 0x0, 0x0,
    0x8f, 0x30, 0x0, 0x0, 0x0,

    /* U+5F97 "得" */
    0x0, 0x0, 0x3, 0x0, 0x0, 0x0, 0x0, 0x0,
    0x0, 0x0, 0x0, 0x0, 0x0, 0x5f, 0x80, 0x19,
    0x99, 0x99, 0x99, 0x99, 0x99, 0x10, 0x0, 0x2,
    0xff, 0x30, 0x3f, 0xff, 0xff, 0xff, 0xff, 0xff,
    0x20, 0x0, 0x1d, 0xf7, 0x0, 0x3f, 0x90, 0x0,
    0x0, 0x0, 0xaf, 0x20, 0x1, 0xdf, 0xa0, 0x0,
    0x3f, 0xc7, 0x77, 0x77, 0x77, 0xcf, 0x20, 0x3e,
    0xfb, 0x0, 0x0, 0x3f, 0xff, 0xff, 0xff, 0xff,
    0xff, 0x20, 0x4f, 0x90, 0x4, 0xd3, 0x3f, 0x90,
    0x0, 0x0, 0x0, 0xaf, 0x20, 0x3, 0x0, 0xd,
    0xf4, 0x3f, 0xc7, 0x77, 0x77, 0x77, 0xcf, 0x20,
    0x0, 0x0, 0x9f, 0xa0, 0x3f, 0xff, 0xff, 0xff,
    0xff, 0xff, 0x20, 0x0, 0x6, 0xfe, 0x10, 0x0,
    0x0, 0x0, 0x0, 0x0, 0x0, 0x0, 0x0, 0x4f,
    0xf4, 0x0, 0x11, 0x11, 0x11, 0x11, 0x11, 0x11,
    0x10, 0x4, 0xff, 0xf0, 0x9, 0xff, 0xff, 0xff,
    0xff, 0xff, 0xff, 0xf7, 0x6f, 0xff, 0xf0, 0x5,
    0x88, 0x88, 0x88, 0x88, 0x8f, 0xe8, 0x83, 0x6e,
    0x4c, 0xf0, 0x0, 0x0, 0x0, 0x0, 0x0, 0xf,
    0xd0, 0x0, 0x1, 0xc, 0xf0, 0x5f, 0xff, 0xff,
    0xff, 0xff, 0xff, 0xff, 0xfe, 0x0, 0xc, 0xf0,
    0x3b, 0xbb, 0xbb, 0xbb, 0xbb, 0xbf, 0xfb, 0xba,
    0x0, 0xc, 0xf0, 0x0, 0x4, 0x40, 0x0, 0x0,
    0xf, 0xd0, 0x0, 0x0, 0xc, 0xf0, 0x0, 0x2f,
    0xf3, 0x0, 0x0, 0xf, 0xd0, 0x0, 0x0, 0xc,
    0xf0, 0x0, 0x5, 0xfd, 0x0, 0x0, 0xf, 0xd0,
    0x0, 0x0, 0xc, 0xf0, 0x0, 0x0, 0x9d, 0x20,
    0x10, 0x1f, 0xd0, 0x0, 0x0, 0xc, 0xf0, 0x0,
    0x0, 0x0, 0x0, 0xdf, 0xef, 0xb0, 0x0, 0x0,
    0xc, 0xf0, 0x0, 0x0, 0x0, 0x0, 0x7c, 0xdc,
    0x30, 0x0,

    /* U+5FAE "微" */
    0x0, 0x0, 0x0, 0x0, 0x0, 0x11, 0x0, 0x0,
    0x0, 0x0, 0x0, 0x0, 0x0, 0x5, 0xe4, 0x0,
    0x1f, 0xc0, 0x0, 0x5, 0xd3, 0x0, 0x0, 0x0,
    0x0, 0xdf, 0x38, 0x41, 0xfc, 0x8, 0x40, 0x8f,
    0x30, 0x0, 0x0, 0x0, 0x8f, 0xa1, 0xf9, 0x1f,
    0xc1, 0xf9, 0xb, 0xf0, 0x0, 0x0, 0x0, 0x5f,
    0xe1, 0x1f, 0x91, 0xfc, 0x1f, 0x90, 0xfe, 0x44,
    0x44, 0x20, 0x4f, 0xf4, 0x1, 0xf9, 0x1f, 0xc1,
    0xf9, 0x3f, 0xff, 0xff, 0xfa, 0xc, 0xf6, 0x0,
    0x1f, 0xa2, 0xfd, 0x2f, 0x97, 0xfa, 0x89, 0xfd,
    0x50, 0x26, 0x1, 0xb5, 0xff, 0xff, 0xff, 0xf9,
    0xcf, 0x30, 0x3f, 0x80, 0x0, 0x0, 0x9f, 0x79,
    0x99, 0x99, 0x99, 0x7f, 0xf6, 0x5, 0xf6, 0x0,
    0x0, 0x5f, 0xb4, 0xaa, 0xaa, 0xaa, 0x98, 0xff,
    0xa0, 0x7f, 0x30, 0x0, 0x4f, 0xf2, 0x7f, 0xff,
    0xff, 0xff, 0x9e, 0xcd, 0xa, 0xf1, 0x0, 0x5f,
    0xff, 0x20, 0x11, 0x11, 0x11, 0x0, 0x26, 0xf2,
    0xdf, 0x0, 0xe, 0xfd, 0xf2, 0x2, 0xaa, 0xaa,
    0xa2, 0x0, 0x1f, 0x9f, 0xc0, 0x0, 0x44, 0xaf,
    0x20, 0x3f, 0xff, 0xff, 0x40, 0x0, 0xcf, 0xf8,
    0x0, 0x0, 0xa, 0xf2, 0x3, 0xfb, 0x16, 0xf4,
    0x0, 0x7, 0xff, 0x30, 0x0, 0x0, 0xaf, 0x20,
    0x4f, 0x90, 0x6f, 0x40, 0x0, 0x3f, 0xf0, 0x0,
    0x0, 0xa, 0xf2, 0x6, 0xf7, 0x6, 0xf4, 0x0,
    0x8, 0xff, 0x40, 0x0, 0x0, 0xaf, 0x20, 0xaf,
    0x30, 0x6f, 0x5c, 0x71, 0xff, 0xfc, 0x0, 0x0,
    0xa, 0xf2, 0x1f, 0xe0, 0x6, 0xfe, 0xf9, 0xaf,
    0x8b, 0xf7, 0x0, 0x0, 0xaf, 0x29, 0xf7, 0x0,
    0x5f, 0xf9, 0x8f, 0xe0, 0x2f, 0xf3, 0x0, 0xa,
    0xf3, 0xee, 0x0, 0x0, 0x76, 0x1f, 0xf3, 0x0,
    0x8f, 0x80, 0x0, 0xaf, 0x22, 0x30, 0x0, 0x0,
    0x0, 0x64, 0x0, 0x0, 0x90,

    /* U+5FC3 "心" */
    0x0, 0x0, 0x0, 0x0, 0x60, 0x0, 0x0, 0x0,
    0x0, 0x0, 0x0, 0x0, 0x0, 0x0, 0xa, 0xfd,
    0x20, 0x0, 0x0, 0x0, 0x0, 0x0, 0x0, 0x0,
    0x0, 0x2, 0xcf, 0xf7, 0x0, 0x0, 0x0, 0x0,
    0x0, 0x0, 0x0, 0x0, 0x0, 0xa, 0xff, 0x90,
    0x0, 0x0, 0x0, 0x0, 0x0, 0x0, 0x0, 0x0,
    0x0, 0x8f, 0xfa, 0x0, 0x0, 0x0, 0x0, 0x0,
    0x0, 0x0, 0x23, 0x0, 0x7, 0xff, 0x20, 0x0,
    0x0, 0x0, 0x0, 0x0, 0x0, 0xbf, 0x40, 0x0,
    0x75, 0x0, 0x0, 0x0, 0x0, 0x0, 0x76, 0x0,
    0xbf, 0x40, 0x0, 0x0, 0x0, 0x9, 0xe0, 0x0,
    0x0, 0xcf, 0x30, 0xbf, 0x40, 0x0, 0x0, 0x0,
    0xc, 0xf6, 0x0, 0x0, 0xff, 0x0, 0xbf, 0x40,
    0x0, 0x0, 0x0, 0x6, 0xfc, 0x0, 0x2, 0xfd,
    0x0, 0xbf, 0x40, 0x0, 0x0, 0x0, 0x1, 0xff,
    0x20, 0x5, 0xfa, 0x0, 0xbf, 0x40, 0x0, 0x0,
    0x0, 0x0, 0xbf, 0x80, 0x9, 0xf7, 0x0, 0xbf,
    0x40, 0x0, 0x0, 0x0, 0x0, 0x6f, 0xc0, 0xd,
    0xf3, 0x0, 0xbf, 0x40, 0x0, 0x0, 0x0, 0x0,
    0x1f, 0xf1, 0x1f, 0xf0, 0x0, 0xbf, 0x40, 0x0,
    0x0, 0x0, 0x83, 0xd, 0xf6, 0x6f, 0xc0, 0x0,
    0xbf, 0x40, 0x0, 0x0, 0x0, 0xff, 0x9, 0xfa,
    0xaf, 0x80, 0x0, 0xbf, 0x40, 0x0, 0x0, 0x1,
    0xfd, 0x5, 0xb4, 0x9f, 0x30, 0x0, 0xbf, 0x40,
    0x0, 0x0, 0x4, 0xfc, 0x0, 0x0, 0x3, 0x0,
    0x0, 0xbf, 0x70, 0x0, 0x0, 0x2c, 0xf9, 0x0,
    0x0, 0x0, 0x0, 0x0, 0x9f, 0xff, 0xee, 0xef,
    0xff, 0xf2, 0x0, 0x0, 0x0, 0x0, 0x0, 0x1a,
    0xdf, 0xff, 0xff, 0xeb, 0x40, 0x0, 0x0,

    /* U+5FC5 "必" */
    0x0, 0x0, 0x0, 0x0, 0x69, 0x0, 0x0, 0x0,
    0x0, 0x0, 0x0, 0x0, 0x0, 0x0, 0x1, 0xef,
    0x70, 0x0, 0x0, 0x1a, 0x30, 0x0, 0x0, 0x0,
    0x0, 0x0, 0x3f, 0xf5, 0x0, 0x0, 0x7f, 0xa0,
    0x0, 0x0, 0x0, 0x0, 0x0, 0x6, 0xfe, 0x10,
    0x0, 0xef, 0x20, 0x0, 0x0, 0x0, 0x0, 0x0,
    0x0, 0xbf, 0x90, 0x7, 0xfb, 0x0, 0x0, 0x0,
    0x0, 0x0, 0x2c, 0x70, 0x2f, 0xd0, 0xe, 0xf3,
    0x0, 0x0, 0x0, 0x7f, 0x50, 0x3f, 0xa0, 0x3,
    0x0, 0x7f, 0xa0, 0x50, 0x0, 0x0, 0x9f, 0x50,
    0x3f, 0xa0, 0x0, 0x1, 0xff, 0x2c, 0xf3, 0x0,
    0x0, 0xcf, 0x30, 0x3f, 0xa0, 0x0, 0xa, 0xf8,
    0x7, 0xf9, 0x0, 0x0, 0xff, 0x10, 0x3f, 0xa0,
    0x0, 0x5f, 0xe0, 0x1, 0xfe, 0x0, 0x3, 0xfd,
    0x0, 0x3f, 0xa0, 0x1, 0xef, 0x40, 0x0, 0xbf,
    0x50, 0x7, 0xfa, 0x0, 0x3f, 0xa0, 0xc, 0xf8,
    0x0, 0x0, 0x5f, 0xb0, 0xc, 0xf6, 0x0, 0x3f,
    0xa0, 0xaf, 0xc0, 0x0, 0x0, 0xf, 0xf0, 0x1f,
    0xf1, 0x0, 0x3f, 0xaa, 0xfe, 0x10, 0x0, 0x0,
    0xb, 0xf4, 0x7f, 0xc0, 0x0, 0x3f, 0xff, 0xe2,
    0x0, 0x0, 0xab, 0x27, 0xf9, 0x3c, 0x60, 0x0,
    0x4f, 0xfe, 0x20, 0x0, 0x0, 0xbf, 0x42, 0xf7,
    0x0, 0x0, 0x5, 0xff, 0xd2, 0x0, 0x0, 0x0,
    0xdf, 0x20, 0x0, 0x0, 0x1, 0xaf, 0xff, 0xa0,
    0x0, 0x0, 0x0, 0xff, 0x0, 0x0, 0x0, 0x6e,
    0xfe, 0x8f, 0xc1, 0x0, 0x0, 0x3a, 0xfd, 0x0,
    0x0, 0xc, 0xff, 0xa1, 0x1f, 0xff, 0xff, 0xff,
    0xff, 0xf6, 0x0, 0x0, 0xa, 0xc3, 0x0, 0x5,
    0xce, 0xff, 0xff, 0xec, 0x60, 0x0, 0x0, 0x0,
    0x0, 0x0, 0x0, 0x0, 0x0, 0x0, 0x0, 0x0,
    0x0, 0x0,

    /* U+5FC6 "忆" */
    0x0, 0x0, 0x9, 0x60, 0x0, 0x0, 0x0, 0x0,
    0x0, 0x0, 0x0, 0x0, 0x0, 0x1, 0xfb, 0x0,
    0x1, 0x11, 0x11, 0x11, 0x11, 0x11, 0x0, 0x0,
    0x0, 0x1f, 0xb0, 0x9, 0xff, 0xff, 0xff, 0xff,
    0xff, 0xf3, 0x0, 0x0, 0x1, 0xfb, 0x0, 0x6b,
    0xbb, 0xbb, 0xbb, 0xbd, 0xff, 0x20, 0x0, 0x0,
    0x1f, 0xd1, 0x0, 0x0, 0x0, 0x0, 0x0, 0xdf,
    0x60, 0x0, 0x6, 0x31, 0xff, 0xe2, 0x0, 0x0,
    0x0, 0x0, 0xaf, 0xa0, 0x0, 0x0, 0xfc, 0x1f,
    0xef, 0xf5, 0x0, 0x0, 0x0, 0x6f, 0xd0, 0x0,
    0x0, 0x2f, 0xa1, 0xfb, 0x5f, 0x80, 0x0, 0x0,
    0x3f, 0xf3, 0x0, 0x0, 0x4, 0xf8, 0x1f, 0xb0,
    0x50, 0x0, 0x0, 0x1d, 0xf6, 0x0, 0x0, 0x0,
    0x8f, 0x51, 0xfb, 0x0, 0x0, 0x0, 0xa, 0xfa,
    0x0, 0x0, 0x0, 0xc, 0xf2, 0x1f, 0xb0, 0x0,
    0x0, 0x7, 0xfd, 0x0, 0x0, 0x0, 0x0, 0xbe,
    0x1, 0xfb, 0x0, 0x0, 0x3, 0xff, 0x30, 0x0,
    0x0, 0x0, 0x0, 0x10, 0x1f, 0xb0, 0x0, 0x1,
    0xef, 0x60, 0x0, 0x0, 0x0, 0x0, 0x0, 0x1,
    0xfb, 0x0, 0x0, 0xbf, 0xa0, 0x0, 0x0, 0x0,
    0x0, 0x0, 0x0, 0x1f, 0xb0, 0x0, 0x6f, 0xd0,
    0x0, 0x0, 0x0, 0x0, 0x0, 0x0, 0x1, 0xfb,
    0x0, 0xe, 0xf3, 0x0, 0x0, 0x0, 0x1, 0x40,
    0x0, 0x0, 0x1f, 0xb0, 0x7, 0xfa, 0x0, 0x0,
    0x0, 0x0, 0x4f, 0xc0, 0x0, 0x1, 0xfb, 0x0,
    0xdf, 0x30, 0x0, 0x0, 0x0, 0x7, 0xf9, 0x0,
    0x0, 0x1f, 0xb0, 0xe, 0xf4, 0x0, 0x0, 0x0,
    0x0, 0xcf, 0x60, 0x0, 0x1, 0xfb, 0x0, 0xaf,
    0xfc, 0xba, 0xaa, 0xab, 0xef, 0xf1, 0x0, 0x0,
    0x1f, 0xb0, 0x0, 0x8d, 0xff, 0xff, 0xff, 0xfe,
    0xb4, 0x0, 0x0, 0x1, 0xfb, 0x0, 0x0, 0x0,
    0x12, 0x21, 0x10, 0x0, 0x0,

    /* U+5FEB "快" */
    0x0, 0x0, 0x9, 0x60, 0x0, 0x0, 0x2, 0x95,
    0x0, 0x0, 0x0, 0x0, 0x0, 0x0, 0x1f, 0xb0,
    0x0, 0x0, 0x4, 0xfa, 0x0, 0x0, 0x0, 0x0,
    0x0, 0x0, 0x1f, 0xb0, 0x0, 0x0, 0x4, 0xfa,
    0x0, 0x0, 0x0, 0x0, 0x0, 0x0, 0x1f, 0xb0,
    0x0, 0x0, 0x4, 0xfa, 0x0, 0x0, 0x0, 0x0,
    0x0, 0x0, 0x1f, 0xb0, 0x0, 0xbb, 0xbc, 0xfe,
    0xbb, 0xbb, 0x90, 0x0, 0x0, 0xc8, 0x1f, 0xf2,
    0x1, 0xff, 0xff, 0xff, 0xff, 0xff, 0xd0, 0x0,
    0x0, 0xfc, 0x1f, 0xfd, 0x0, 0x0, 0x4, 0xfa,
    0x0, 0x1f, 0xd0, 0x0, 0x2, 0xfa, 0x1f, 0xdf,
    0xb0, 0x0, 0x4, 0xf9, 0x0, 0x1f, 0xd0, 0x0,
    0x5, 0xf8, 0x1f, 0xb8, 0xf7, 0x0, 0x5, 0xf9,
    0x0, 0x1f, 0xd0, 0x0, 0x9, 0xf5, 0x1f, 0xb0,
    0xe4, 0x0, 0x5, 0xf8, 0x0, 0x1f, 0xd0, 0x0,
    0xc, 0xf1, 0x1f, 0xb0, 0x10, 0x0, 0x5, 0xf8,
    0x0, 0x1f, 0xd0, 0x0, 0x9, 0xd0, 0x1f, 0xb0,
    0x9d, 0xdd, 0xde, 0xfe, 0xdd, 0xdf, 0xfd, 0xc0,
    0x0, 0x0, 0x1f, 0xb0, 0xbf, 0xff, 0xff, 0xff,
    0xff, 0xff, 0xff, 0xe0, 0x0, 0x0, 0x1f, 0xb0,
    0x0, 0x0, 0xe, 0xff, 0xc0, 0x0, 0x0, 0x0,
    0x0, 0x0, 0x1f, 0xb0, 0x0, 0x0, 0x4f, 0xcc,
    0xf4, 0x0, 0x0, 0x0, 0x0, 0x0, 0x1f, 0xb0,
    0x0, 0x0, 0xcf, 0x64, 0xfd, 0x0, 0x0, 0x0,
    0x0, 0x0, 0x1f, 0xb0, 0x0, 0x6, 0xfe, 0x0,
    0xaf, 0xa0, 0x0, 0x0, 0x0, 0x0, 0x1f, 0xb0,
    0x0, 0x3f, 0xf5, 0x0, 0x1e, 0xf8, 0x0, 0x0,
    0x0, 0x0, 0x1f, 0xb0, 0x3, 0xff, 0xa0, 0x0,
    0x3, 0xff, 0xa0, 0x0, 0x0, 0x0, 0x1f, 0xb0,
    0x5f, 0xfb, 0x0, 0x0, 0x0, 0x4f, 0xfd, 0x30,
    0x0, 0x0, 0x1f, 0xb6, 0xff, 0xb0, 0x0, 0x0,
    0x0, 0x4, 0xef, 0xe0, 0x0, 0x0, 0x1f, 0xb0,
    0xa8, 0x0, 0x0, 0x0, 0x0, 0x0, 0x1b, 0x30,

    /* U+6000 "怀" */
    0x0, 0x0, 0x69, 0x0, 0x0, 0x0, 0x0, 0x0,
    0x0, 0x0, 0x0, 0x0, 0x0, 0xb, 0xf1, 0x0,
    0x11, 0x11, 0x11, 0x11, 0x11, 0x11, 0x10, 0x0,
    0x0, 0xbf, 0x10, 0x2f, 0xff, 0xff, 0xff, 0xff,
    0xff, 0xff, 0x90, 0x0, 0xb, 0xf1, 0x1, 0xbb,
    0xbb, 0xbd, 0xfe, 0xbb, 0xbb, 0xb7, 0x0, 0x0,
    0xbf, 0x10, 0x0, 0x0, 0x0, 0xbf, 0x50, 0x0,
    0x0, 0x0, 0x16, 0x1b, 0xf4, 0x0, 0x0, 0x0,
    0x2f, 0xf0, 0x0, 0x0, 0x0, 0x4, 0xf5, 0xbf,
    0xe2, 0x0, 0x0, 0x8, 0xff, 0x0, 0x0, 0x0,
    0x0, 0x6f, 0x3b, 0xfe, 0xe1, 0x0, 0x1, 0xff,
    0xf0, 0x0, 0x0, 0x0, 0x8, 0xf1, 0xbf, 0x5f,
    0xd1, 0x0, 0xaf, 0xff, 0x0, 0x30, 0x0, 0x0,
    0xce, 0xb, 0xf1, 0x9e, 0x10, 0x4f, 0xff, 0xf0,
    0x9f, 0x50, 0x0, 0xf, 0xb0, 0xbf, 0x11, 0x30,
    0x1e, 0xf7, 0xff, 0x4, 0xff, 0x10, 0x2, 0xe7,
    0xb, 0xf1, 0x0, 0xb, 0xfc, 0xf, 0xf0, 0x9,
    0xfc, 0x0, 0x0, 0x10, 0xbf, 0x10, 0x8, 0xff,
    0x20, 0xff, 0x0, 0xd, 0xf6, 0x0, 0x0, 0xb,
    0xf1, 0x8, 0xff, 0x40, 0xf, 0xf0, 0x0, 0x4f,
    0xf1, 0x0, 0x0, 0xbf, 0x17, 0xff, 0x60, 0x0,
    0xff, 0x0, 0x0, 0xaf, 0xa0, 0x0, 0xb, 0xf1,
    0x9f, 0x60, 0x0, 0xf, 0xf0, 0x0, 0x2, 0xf7,
    0x0, 0x0, 0xbf, 0x10, 0x40, 0x0, 0x0, 0xff,
    0x0, 0x0, 0x3, 0x0, 0x0, 0xb, 0xf1, 0x0,
    0x0, 0x0, 0xf, 0xf0, 0x0, 0x0, 0x0, 0x0,
    0x0, 0xbf, 0x10, 0x0, 0x0, 0x0, 0xff, 0x0,
    0x0, 0x0, 0x0, 0x0, 0xb, 0xf1, 0x0, 0x0,
    0x0, 0xf, 0xf0, 0x0, 0x0, 0x0, 0x0, 0x0,
    0xbf, 0x10, 0x0, 0x0, 0x0, 0xff, 0x0, 0x0,
    0x0, 0x0, 0x0, 0xb, 0xf1, 0x0, 0x0, 0x0,
    0xf, 0xf0, 0x0, 0x0, 0x0,

    /* U+6001 "态" */
    0x0, 0x0, 0x0, 0x0, 0x0, 0x2, 0x10, 0x0,
    0x0, 0x0, 0x0, 0x0, 0x0, 0x0, 0x0, 0x0,
    0x0, 0x1f, 0xb0, 0x0, 0x0, 0x0, 0x0, 0x0,
    0x0, 0x0, 0x0, 0x0, 0x0, 0x3f, 0x90, 0x0,
    0x0, 0x0, 0x0, 0x0, 0x0, 0x0, 0x0, 0x0,
    0x0, 0x5f, 0x80, 0x0, 0x0, 0x0, 0x0, 0x0,
    0x0, 0x1f, 0xff, 0xff, 0xff, 0xff, 0xff, 0xff,
    0xff, 0xff, 0xfa, 0x0, 0x0, 0xb, 0xbb, 0xbb,
    0xbb, 0xff, 0xcf, 0xfb, 0xbb, 0xbb, 0xb7, 0x0,
    0x0, 0x0, 0x0, 0x0, 0x5, 0xfb, 0xd, 0xf4,
    0x0, 0x0, 0x0, 0x0, 0x0, 0x0, 0x0, 0x0,
    0x1e, 0xf4, 0x4, 0xfe, 0x10, 0x0, 0x0, 0x0,
    0x0, 0x0, 0x0, 0x0, 0xcf, 0xa0, 0x0, 0x9f,
    0xc1, 0x0, 0x0, 0x0, 0x0, 0x0, 0x0, 0x2d,
    0xfd, 0x12, 0x0, 0xb, 0xfd, 0x20, 0x0, 0x0,
    0x0, 0x0, 0x18, 0xff, 0xd1, 0xaf, 0x91, 0x0,
    0xbf, 0xf8, 0x10, 0x0, 0x0, 0x6b, 0xff, 0xfa,
    0x0, 0x4e, 0xff, 0x60, 0x8, 0xff, 0xfa, 0x30,
    0x0, 0xdf, 0xfa, 0x30, 0x0, 0x1, 0xaf, 0x30,
    0x0, 0x3b, 0xff, 0x40, 0x0, 0x35, 0x10, 0x0,
    0x0, 0x0, 0x2, 0x0, 0x0, 0x0, 0x27, 0x0,
    0x0, 0x0, 0x0, 0x5, 0x30, 0x19, 0xc0, 0x0,
    0x0, 0x1, 0x10, 0x0, 0x0, 0x4, 0xa1, 0x2f,
    0xb0, 0xc, 0xf8, 0x0, 0x0, 0x5f, 0xb0, 0x0,
    0x0, 0xc, 0xf5, 0x2f, 0xb0, 0x2, 0xff, 0x10,
    0x0, 0x1e, 0xf5, 0x0, 0x0, 0x3f, 0xd0, 0x2f,
    0xb0, 0x0, 0x8f, 0x70, 0x35, 0x6, 0xfe, 0x0,
    0x0, 0xdf, 0x50, 0x2f, 0xb0, 0x0, 0x13, 0x0,
    0x7f, 0x70, 0xef, 0x50, 0x8, 0xfd, 0x0, 0x2f,
    0xc0, 0x0, 0x0, 0x0, 0xcf, 0x40, 0x7f, 0xc0,
    0xb, 0xf3, 0x0, 0xf, 0xfe, 0xcc, 0xdd, 0xef,
    0xfe, 0x0, 0x1c, 0x60, 0x0, 0x50, 0x0, 0x5,
    0xcf, 0xff, 0xff, 0xed, 0xa3, 0x0, 0x0, 0x0,

    /* U+601D "思" */
    0x0, 0x1, 0x22, 0x22, 0x22, 0x22, 0x22, 0x22,
    0x22, 0x22, 0x10, 0x0, 0x0, 0xcf, 0xff, 0xff,
    0xff, 0xff, 0xff, 0xff, 0xff, 0xfc, 0x0, 0x0,
    0xc, 0xfa, 0xaa, 0xaa, 0xaf, 0xea, 0xaa, 0xaa,
    0xaf, 0xc0, 0x0, 0x0, 0xcf, 0x20, 0x0, 0x0,
    0xfd, 0x0, 0x0, 0x1, 0xfc, 0x0, 0x0, 0xc,
    0xf2, 0x0, 0x0, 0xf, 0xd0, 0x0, 0x0, 0x1f,
    0xc0, 0x0, 0x0, 0xcf, 0xcb, 0xbb, 0xbb, 0xff,
    0xbb, 0xbb, 0xbc, 0xfc, 0x0, 0x0, 0xc, 0xff,
    0xff, 0xff, 0xff, 0xff, 0xff, 0xff, 0xff, 0xc0,
    0x0, 0x0, 0xcf, 0x20, 0x0, 0x0, 0xfd, 0x0,
    0x0, 0x1, 0xfc, 0x0, 0x0, 0xc, 0xf2, 0x0,
    0x0, 0xf, 0xd0, 0x0, 0x0, 0x1f, 0xc0, 0x0,
    0x0, 0xcf, 0x20, 0x0, 0x0, 0xfd, 0x0, 0x0,
    0x1, 0xfc, 0x0, 0x0, 0xc, 0xff, 0xff, 0xff,
    0xff, 0xff, 0xff, 0xff, 0xff, 0xc0, 0x0, 0x0,
    0x8b, 0xbb, 0xbb, 0xbb, 0xbb, 0xbb, 0xbb, 0xbb,
    0xb9, 0x0, 0x0, 0x0, 0x0, 0x0, 0x0, 0x0,
    0x0, 0x0, 0x0, 0x0, 0x0, 0x0, 0x0, 0x0,
    0x3, 0x50, 0x3, 0xc7, 0x0, 0x0, 0x0, 0x20,
    0x0, 0x0, 0x9, 0x70, 0xbf, 0x30, 0x2f, 0xf3,
    0x0, 0x0, 0x7f, 0x90, 0x0, 0x1, 0xfe, 0xb,
    0xf3, 0x0, 0x7f, 0xc0, 0x0, 0x2, 0xff, 0x30,
    0x0, 0x9f, 0x80, 0xbf, 0x30, 0x0, 0xdf, 0x30,
    0x54, 0x8, 0xfc, 0x0, 0x3f, 0xf1, 0xb, 0xf3,
    0x0, 0x3, 0x10, 0xb, 0xf5, 0x1f, 0xf3, 0xd,
    0xf7, 0x0, 0xbf, 0x40, 0x0, 0x0, 0x1, 0xff,
    0x10, 0x9f, 0xa2, 0xed, 0x0, 0x9, 0xff, 0xcc,
    0xcd, 0xde, 0xff, 0xb0, 0x3, 0xc4, 0x2, 0x30,
    0x0, 0x1a, 0xef, 0xff, 0xfe, 0xdc, 0x91, 0x0,
    0x0, 0x0,

    /* U+6027 "性" */
    0x0, 0x6, 0x90, 0x0, 0x0, 0x0, 0x0, 0x67,
    0x0, 0x0, 0x0, 0x0, 0xb, 0xf0, 0x0, 0x0,
    0x0, 0x0, 0xef, 0x0, 0x0, 0x0, 0x0, 0xb,
    0xf0, 0x0, 0x6, 0xd3, 0x0, 0xef, 0x0, 0x0,
    0x0, 0x0, 0xb, 0xf0, 0x0, 0x9, 0xf3, 0x0,
    0xef, 0x0, 0x0, 0x0, 0x0, 0xb, 0xf4, 0x0,
    0xd, 0xf0, 0x0, 0xef, 0x0, 0x0, 0x0, 0x15,
    0x1b, 0xff, 0x40, 0x1f, 0xc0, 0x0, 0xef, 0x0,
    0x0, 0x0, 0x4f, 0x6b, 0xff, 0xf3, 0x6f, 0xff,
    0xff, 0xff, 0xff, 0xff, 0xf5, 0x6f, 0x5b, 0xf5,
    0xf4, 0xcf, 0xcb, 0xbb, 0xff, 0xbb, 0xbb, 0xb3,
    0x8f, 0x3b, 0xf0, 0x32, 0xfd, 0x0, 0x0, 0xef,
    0x0, 0x0, 0x0, 0xaf, 0x2b, 0xf0, 0x9, 0xf8,
    0x0, 0x0, 0xef, 0x0, 0x0, 0x0, 0xcf, 0xb,
    0xf0, 0xe, 0xf2, 0x0, 0x0, 0xef, 0x0, 0x0,
    0x0, 0xec, 0xb, 0xf0, 0x2, 0x80, 0x0, 0x0,
    0xef, 0x0, 0x0, 0x0, 0x4, 0xb, 0xf0, 0x0,
    0x1, 0x11, 0x11, 0xef, 0x11, 0x11, 0x10, 0x0,
    0xb, 0xf0, 0x0, 0x1f, 0xff, 0xff, 0xff, 0xff,
    0xff, 0xf0, 0x0, 0xb, 0xf0, 0x0, 0x1b, 0xbb,
    0xbb, 0xff, 0xbb, 0xbb, 0xb0, 0x0, 0xb, 0xf0,
    0x0, 0x0, 0x0, 0x0, 0xef, 0x0, 0x0, 0x0,
    0x0, 0xb, 0xf0, 0x0, 0x0, 0x0, 0x0, 0xef,
    0x0, 0x0, 0x0, 0x0, 0xb, 0xf0, 0x0, 0x0,
    0x0, 0x0, 0xef, 0x0, 0x0, 0x0, 0x0, 0xb,
    0xf0, 0x0, 0x0, 0x0, 0x0, 0xef, 0x0, 0x0,
    0x0, 0x0, 0xb, 0xf0, 0x2, 0xbb, 0xbb, 0xbb,
    0xff, 0xbb, 0xbb, 0xba, 0x0, 0xb, 0xf0, 0x3,
    0xff, 0xff, 0xff, 0xff, 0xff, 0xff, 0xfe, 0x0,
    0xb, 0xf0, 0x0, 0x11, 0x11, 0x11, 0x11, 0x11,
    0x11, 0x11,

    /* U+603B "总" */
    0x0, 0x0, 0x0, 0x10, 0x0, 0x0, 0x0, 0x31,
    0x0, 0x0, 0x0, 0x0, 0x0, 0x6, 0xf8, 0x0,
    0x0, 0x1, 0xff, 0x40, 0x0, 0x0, 0x0, 0x0,
    0x4, 0xff, 0x40, 0x0, 0x9, 0xfc, 0x0, 0x0,
    0x0, 0x0, 0x0, 0x0, 0x6f, 0xd0, 0x0, 0x2f,
    0xf3, 0x0, 0x0, 0x0, 0x0, 0x0, 0x0, 0x7,
    0x10, 0x0, 0xbf, 0x80, 0x0, 0x0, 0x0, 0x0,
    0x0, 0xbb, 0xbb, 0xbb, 0xbc, 0xff, 0xcb, 0xbb,
    0x10, 0x0, 0x0, 0x1, 0xff, 0xff, 0xff, 0xff,
    0xff, 0xff, 0xff, 0x20, 0x0, 0x0, 0x1, 0xfb,
    0x0, 0x0, 0x0, 0x0, 0x0, 0xaf, 0x20, 0x0,
    0x0, 0x1, 0xfb, 0x0, 0x0, 0x0, 0x0, 0x0,
    0xaf, 0x20, 0x0, 0x0, 0x1, 0xfb, 0x0, 0x0,
    0x0, 0x0, 0x0, 0xaf, 0x20, 0x0, 0x0, 0x1,
    0xfb, 0x0, 0x0, 0x0, 0x0, 0x0, 0xaf, 0x20,
    0x0, 0x0, 0x1, 0xfe, 0xaa, 0xaa, 0xaa, 0xaa,
    0xaa, 0xdf, 0x20, 0x0, 0x0, 0x1, 0xff, 0xff,
    0xff, 0xff, 0xff, 0xff, 0xff, 0x20, 0x0, 0x0,
    0x0, 0x0, 0x0, 0x0, 0x0, 0x0, 0x0, 0x0,
    0x0, 0x0, 0x0, 0x0, 0x0, 0x0, 0x0, 0x10,
    0x0, 0x0, 0x0, 0x0, 0x0, 0x0, 0x15, 0x0,
    0x96, 0x6, 0xf9, 0x0, 0x0, 0x1, 0x50, 0x0,
    0x0, 0xaf, 0x61, 0xfb, 0x3, 0xef, 0xd2, 0x0,
    0xc, 0xf6, 0x0, 0x2, 0xff, 0x11, 0xfb, 0x0,
    0x2d, 0xfd, 0x0, 0x3, 0xff, 0x30, 0xc, 0xf8,
    0x1, 0xfb, 0x0, 0x1, 0xb3, 0x9, 0xb2, 0x8f,
    0xc0, 0x7f, 0xe1, 0x1, 0xfc, 0x0, 0x0, 0x0,
    0xd, 0xf2, 0xe, 0xf5, 0x7f, 0x60, 0x0, 0xff,
    0xcb, 0xbb, 0xcd, 0xff, 0xc0, 0x6, 0xf8, 0x4,
    0x0, 0x0, 0x5d, 0xff, 0xff, 0xfe, 0xdb, 0x20,
    0x0, 0x10,

    /* U+6052 "恒" */
    0x0, 0x0, 0x9, 0x60, 0x0, 0x0, 0x0, 0x0,
    0x0, 0x0, 0x0, 0x0, 0x0, 0x0, 0x1f, 0xb0,
    0xa, 0xbb, 0xbb, 0xbb, 0xbb, 0xbb, 0xbb, 0x30,
    0x0, 0x0, 0x1f, 0xb0, 0xf, 0xff, 0xff, 0xff,
    0xff, 0xff, 0xff, 0x50, 0x0, 0x0, 0x1f, 0xb0,
    0x1, 0x11, 0x11, 0x11, 0x11, 0x11, 0x11, 0x0,
    0x0, 0x0, 0x1f, 0xb0, 0x0, 0x0, 0x0, 0x0,
    0x0, 0x0, 0x0, 0x0, 0x0, 0xa6, 0x1f, 0xe1,
    0x0, 0x0, 0x0, 0x0, 0x0, 0x0, 0x0, 0x0,
    0x0, 0xfc, 0x1f, 0xfc, 0x0, 0xdf, 0xff, 0xff,
    0xff, 0xff, 0xf2, 0x0, 0x2, 0xfa, 0x1f, 0xef,
    0xa0, 0xdf, 0xaa, 0xaa, 0xaa, 0xae, 0xf2, 0x0,
    0x5, 0xf8, 0x1f, 0xb9, 0xf7, 0xdf, 0x0, 0x0,
    0x0, 0xb, 0xf2, 0x0, 0x9, 0xf5, 0x1f, 0xb0,
    0xe4, 0xdf, 0x0, 0x0, 0x0, 0xb, 0xf2, 0x0,
    0xd, 0xf1, 0x1f, 0xb0, 0x10, 0xdf, 0x99, 0x99,
    0x99, 0x9e, 0xf2, 0x0, 0x8, 0xc0, 0x1f, 0xb0,
    0x0, 0xdf, 0xff, 0xff, 0xff, 0xff, 0xf2, 0x0,
    0x0, 0x0, 0x1f, 0xb0, 0x0, 0xdf, 0x21, 0x11,
    0x11, 0x1c, 0xf2, 0x0, 0x0, 0x0, 0x1f, 0xb0,
    0x0, 0xdf, 0x0, 0x0, 0x0, 0xb, 0xf2, 0x0,
    0x0, 0x0, 0x1f, 0xb0, 0x0, 0xdf, 0x0, 0x0,
    0x0, 0xb, 0xf2, 0x0, 0x0, 0x0, 0x1f, 0xb0,
    0x0, 0xdf, 0xbb, 0xbb, 0xbb, 0xbe, 0xf2, 0x0,
    0x0, 0x0, 0x1f, 0xb0, 0x0, 0xcf, 0xff, 0xff,
    0xff, 0xff, 0xf2, 0x0, 0x0, 0x0, 0x1f, 0xb0,
    0x0, 0x0, 0x0, 0x0, 0x0, 0x0, 0x0, 0x0,
    0x0, 0x0, 0x1f, 0xb0, 0x0, 0x0, 0x0, 0x0,
    0x0, 0x0, 0x0, 0x0, 0x0, 0x0, 0x1f, 0xb0,
    0x9b, 0xbb, 0xbb, 0xbb, 0xbb, 0xbb, 0xbb, 0xb0,
    0x0, 0x0, 0x1f, 0xb0, 0xef, 0xff, 0xff, 0xff,
    0xff, 0xff, 0xff, 0xf0, 0x0, 0x0, 0x1f, 0xb0,
    0x11, 0x11, 0x11, 0x11, 0x11, 0x11, 0x11, 0x10,

    /* U+6062 "恢" */
    0x0, 0x6, 0x90, 0x0, 0x0, 0x27, 0x30, 0x0,
    0x0, 0x0, 0x0, 0x0, 0xb, 0xf0, 0x0, 0x0,
    0x5f, 0x70, 0x0, 0x0, 0x0, 0x0, 0x0, 0xb,
    0xf0, 0x0, 0x0, 0x7f, 0x60, 0x0, 0x0, 0x0,
    0x0, 0x0, 0xb, 0xf0, 0x8, 0xcc, 0xef, 0xdc,
    0xcc, 0xcc, 0xcc, 0xc0, 0x0, 0xb, 0xf5, 0xb,
    0xff, 0xff, 0xff, 0xff, 0xff, 0xff, 0xf1, 0x19,
    0x2b, 0xff, 0x40, 0x0, 0xcf, 0x10, 0x0, 0x0,
    0x0, 0x0, 0x4f, 0x6b, 0xfd, 0xf3, 0x0, 0xfe,
    0x0, 0x9, 0x80, 0x0, 0x0, 0x6f, 0x4b, 0xf3,
    0xe1, 0x2, 0xfb, 0x0, 0xf, 0xd0, 0x0, 0x0,
    0x9f, 0x3b, 0xf0, 0x10, 0x6, 0xf8, 0x0, 0xf,
    0xd0, 0x0, 0x0, 0xbf, 0x1b, 0xf0, 0x0, 0xb,
    0xf4, 0x73, 0xf, 0xd0, 0xc, 0x90, 0xde, 0xb,
    0xf0, 0x0, 0xf, 0xe1, 0xfa, 0xf, 0xe0, 0x1f,
    0xd0, 0xbc, 0xb, 0xf0, 0x0, 0x6f, 0x96, 0xf5,
    0xf, 0xe0, 0x6f, 0x90, 0x1, 0xb, 0xf0, 0x0,
    0xdf, 0x3d, 0xf0, 0x1f, 0xf1, 0xcf, 0x40, 0x0,
    0xb, 0xf0, 0x6, 0xfb, 0x5f, 0x80, 0x4f, 0xf6,
    0xfe, 0x0, 0x0, 0xb, 0xf0, 0xe, 0xf3, 0x5,
    0x10, 0x9f, 0xf8, 0x35, 0x0, 0x0, 0xb, 0xf0,
    0xaf, 0xa0, 0x0, 0x1, 0xfe, 0xce, 0x0, 0x0,
    0x0, 0xb, 0xf7, 0xfe, 0x10, 0x0, 0xb, 0xf7,
    0x5f, 0x70, 0x0, 0x0, 0xb, 0xf6, 0xf3, 0x0,
    0x0, 0x8f, 0xd0, 0xd, 0xf2, 0x0, 0x0, 0xb,
    0xf0, 0x30, 0x0, 0x8, 0xff, 0x20, 0x5, 0xfd,
    0x10, 0x0, 0xb, 0xf0, 0x0, 0x1, 0xbf, 0xe3,
    0x0, 0x0, 0xaf, 0xd2, 0x0, 0xb, 0xf0, 0x0,
    0xd, 0xfd, 0x20, 0x0, 0x0, 0xd, 0xfb, 0x0,
    0xb, 0xf0, 0x0, 0x5, 0x80, 0x0, 0x0, 0x0,
    0x1, 0xc2, 0x0, 0x0, 0x0, 0x0, 0x0, 0x0,
    0x0, 0x0, 0x0, 0x0, 0x0,

    /* U+606F "息" */
    0x0, 0x0, 0x0, 0x0, 0x2, 0x83, 0x0, 0x0,
    0x0, 0x0, 0x0, 0x0, 0x0, 0x0, 0x0, 0x0,
    0xaf, 0x90, 0x0, 0x0, 0x0, 0x0, 0x0, 0x0,
    0x0, 0xbb, 0xbb, 0xbf, 0xfc, 0xbb, 0xbb, 0xbb,
    0xbb, 0x0, 0x0, 0x0, 0x1f, 0xff, 0xff, 0xff,
    0xff, 0xff, 0xff, 0xff, 0xf1, 0x0, 0x0, 0x1,
    0xfd, 0x0, 0x0, 0x0, 0x0, 0x0, 0x0, 0xcf,
    0x10, 0x0, 0x0, 0x1f, 0xe7, 0x77, 0x77, 0x77,
    0x77, 0x77, 0x7e, 0xf1, 0x0, 0x0, 0x1, 0xff,
    0xff, 0xff, 0xff, 0xff, 0xff, 0xff, 0xff, 0x10,
    0x0, 0x0, 0x1f, 0xd0, 0x0, 0x0, 0x0, 0x0,
    0x0, 0xc, 0xf1, 0x0, 0x0, 0x1, 0xfd, 0x44,
    0x44, 0x44, 0x44, 0x44, 0x44, 0xdf, 0x10, 0x0,
    0x0, 0x1f, 0xff, 0xff, 0xff, 0xff, 0xff, 0xff,
    0xff, 0xf1, 0x0, 0x0, 0x1, 0xfd, 0x22, 0x22,
    0x22, 0x22, 0x22, 0x22, 0xdf, 0x10, 0x0, 0x0,
    0x1f, 0xd0, 0x0, 0x0, 0x0, 0x0, 0x0, 0xc,
    0xf1, 0x0, 0x0, 0x1, 0xff, 0xff, 0xff, 0xff,
    0xff, 0xff, 0xff, 0xff, 0x10, 0x0, 0x0, 0xb,
    0xbb, 0xbb, 0xbb, 0xbb, 0xbb, 0xbb, 0xbb, 0xb0,
    0x0, 0x0, 0x0, 0x0, 0x0, 0x0, 0x2, 0x0,
    0x0, 0x0, 0x0, 0x0, 0x0, 0x0, 0x34, 0x2,
    0x95, 0x7, 0xf8, 0x0, 0x0, 0x1, 0x50, 0x0,
    0x0, 0xc, 0xf4, 0x4f, 0x90, 0x4f, 0xfd, 0x10,
    0x0, 0xcf, 0x60, 0x0, 0x4, 0xfe, 0x4, 0xf9,
    0x0, 0x2d, 0xfc, 0x0, 0x3, 0xff, 0x30, 0x0,
    0xdf, 0x60, 0x4f, 0x90, 0x0, 0x1b, 0x20, 0x9b,
    0x28, 0xfc, 0x0, 0xaf, 0xd0, 0x4, 0xfa, 0x0,
    0x0, 0x0, 0xd, 0xf2, 0xe, 0xf5, 0x9, 0xf4,
    0x0, 0x2f, 0xfc, 0xbb, 0xbc, 0xdf, 0xfc, 0x0,
    0x6f, 0x80, 0x4, 0x0, 0x0, 0x7d, 0xff, 0xff,
    0xfe, 0xdb, 0x20, 0x0, 0x10,

    /* U+60AC "悬" */
    0x0, 0x0, 0xaa, 0xaa, 0xaa, 0xaa, 0xaa, 0xaa,
    0xa7, 0x0, 0x0, 0x0, 0x1, 0xff, 0xff, 0xff,
    0xff, 0xff, 0xff, 0xfb, 0x0, 0x0, 0x0, 0x1,
    0xfd, 0x0, 0x0, 0x0, 0x0, 0x2, 0xfb, 0x0,
    0x0, 0x0, 0x1, 0xfe, 0x88, 0x88, 0x88, 0x88,
    0x89, 0xfb, 0x0, 0x0, 0x0, 0x1, 0xff, 0xff,
    0xff, 0xff, 0xff, 0xff, 0xfb, 0x0, 0x0, 0x0,
    0x1, 0xfd, 0x0, 0x0, 0x0, 0x0, 0x2, 0xfb,
    0x0, 0x0, 0x0, 0x1, 0xff, 0xff, 0xff, 0xff,
    0xff, 0xff, 0xfb, 0x0, 0x0, 0x0, 0x1, 0xfe,
    0x88, 0x88, 0x88, 0x88, 0x89, 0xfb, 0x0, 0x0,
    0x0, 0x1, 0xfd, 0x0, 0x0, 0x0, 0x0, 0x2,
    0xfb, 0x0, 0x0, 0xdf, 0xff, 0xff, 0xff, 0xff,
    0xff, 0xff, 0xff, 0xff, 0xff, 0xf7, 0xab, 0xbb,
    0xbb, 0xef, 0xeb, 0xbb, 0xbb, 0xbb, 0xbb, 0xbb,
    0xb5, 0x0, 0x0, 0x7, 0xfe, 0x20, 0x0, 0x0,
    0x8, 0x50, 0x0, 0x0, 0x0, 0x1, 0xaf, 0xc2,
    0x0, 0x0, 0x0, 0x1e, 0xf5, 0x0, 0x0, 0x0,
    0x6f, 0xfc, 0x56, 0x78, 0x9a, 0xbc, 0xdf, 0xff,
    0x50, 0x0, 0x0, 0xbf, 0xff, 0xff, 0xfe, 0xdc,
    0xbb, 0xa9, 0x8e, 0xe0, 0x0, 0x0, 0x45, 0x33,
    0x20, 0x0, 0x52, 0x0, 0x0, 0x3, 0x62, 0x0,
    0x0, 0xbe, 0x1c, 0xf2, 0x5, 0xf9, 0x0, 0x0,
    0x5, 0xfc, 0x0, 0x5, 0xfc, 0xc, 0xf2, 0x0,
    0xdf, 0x0, 0x8, 0x70, 0xcf, 0x70, 0x3f, 0xf2,
    0xb, 0xf3, 0x0, 0x21, 0x0, 0xd, 0xf4, 0x3f,
    0xe0, 0xcf, 0x70, 0xa, 0xff, 0xdc, 0xcd, 0xde,
    0xff, 0xf0, 0xc, 0xf7, 0x18, 0x0, 0x2, 0xce,
    0xff, 0xff, 0xff, 0xed, 0x60, 0x4, 0x60,

    /* U+60F3 "想" */
    0x0, 0x0, 0x1, 0x62, 0x0, 0x0, 0x0, 0x0,
    0x0, 0x0, 0x0, 0x0, 0x0, 0x0, 0x4f, 0x60,
    0x0, 0x7, 0x77, 0x77, 0x77, 0x77, 0x0, 0x0,
    0x0, 0x4, 0xf6, 0x0, 0x0, 0xff, 0xff, 0xff,
    0xff, 0xf1, 0x0, 0x4b, 0xbb, 0xcf, 0xdb, 0xbb,
    0xf, 0xb3, 0x33, 0x33, 0xcf, 0x10, 0x6, 0xff,
    0xff, 0xff, 0xff, 0xf1, 0xfa, 0x0, 0x0, 0xb,
    0xf1, 0x0, 0x0, 0x0, 0xbf, 0x60, 0x0, 0xf,
    0xed, 0xdd, 0xdd, 0xff, 0x10, 0x0, 0x0, 0x4f,
    0xfe, 0x10, 0x0, 0xfe, 0xbb, 0xbb, 0xbe, 0xf1,
    0x0, 0x0, 0xd, 0xff, 0xfc, 0x0, 0xf, 0xa0,
    0x0, 0x0, 0xbf, 0x10, 0x0, 0xa, 0xf9, 0xfb,
    0xfb, 0x0, 0xfc, 0x55, 0x55, 0x5c, 0xf1, 0x0,
    0x8, 0xfa, 0x4f, 0x6a, 0xf9, 0xf, 0xff, 0xff,
    0xff, 0xff, 0x10, 0x8, 0xfd, 0x14, 0xf6, 0x1d,
    0x30, 0xfb, 0x22, 0x22, 0x2b, 0xf1, 0x0, 0xae,
    0x20, 0x4f, 0x60, 0x0, 0xf, 0xa0, 0x0, 0x0,
    0xbf, 0x10, 0x0, 0x20, 0x4, 0xf6, 0x0, 0x0,
    0xff, 0xff, 0xff, 0xff, 0xf1, 0x0, 0x0, 0x0,
    0x4f, 0x60, 0x0, 0xb, 0xbb, 0xbb, 0xbb, 0xbb,
    0x0, 0x0, 0x0, 0x0, 0x0, 0x0, 0x1, 0x0,
    0x0, 0x0, 0x0, 0x0, 0x0, 0x0, 0x34, 0x2,
    0x95, 0x7, 0xf9, 0x0, 0x0, 0x1, 0x50, 0x0,
    0x0, 0xc, 0xf4, 0x4f, 0xa0, 0x4e, 0xfd, 0x20,
    0x0, 0xdf, 0x60, 0x0, 0x4, 0xfe, 0x4, 0xfa,
    0x0, 0x2d, 0xfc, 0x0, 0x3, 0xff, 0x20, 0x0,
    0xdf, 0x60, 0x4f, 0xa0, 0x0, 0x1b, 0x30, 0x9b,
    0x28, 0xfc, 0x0, 0xaf, 0xd0, 0x4, 0xfa, 0x0,
    0x0, 0x0, 0xd, 0xf2, 0xe, 0xf5, 0x9, 0xf4,
    0x0, 0x2f, 0xfc, 0xbb, 0xbc, 0xdf, 0xfc, 0x0,
    0x7f, 0x70, 0x4, 0x0, 0x0, 0x7d, 0xff, 0xff,
    0xfe, 0xdb, 0x20, 0x0, 0x10,

    /* U+610F "意" */
    0x0, 0x0, 0x0, 0x0, 0x1, 0x78, 0x0, 0x0,
    0x0, 0x0, 0x0, 0x0, 0x0, 0x0, 0x0, 0x0,
    0x2f, 0xf4, 0x0, 0x0, 0x0, 0x0, 0x0, 0x0,
    0xef, 0xff, 0xff, 0xff, 0xff, 0xff, 0xff, 0xff,
    0xff, 0x40, 0x0, 0x9, 0xaa, 0xff, 0xca, 0xaa,
    0xaa, 0xaa, 0xff, 0xaa, 0xa3, 0x0, 0x0, 0x0,
    0x8, 0xfa, 0x0, 0x0, 0x0, 0x7f, 0xc0, 0x0,
    0x0, 0x0, 0x0, 0x0, 0x1f, 0xf2, 0x0, 0x0,
    0x1e, 0xf4, 0x0, 0x0, 0x0, 0x4f, 0xff, 0xff,
    0xff, 0xff, 0xff, 0xff, 0xff, 0xff, 0xff, 0xfd,
    0x2, 0x88, 0x88, 0x88, 0x88, 0x88, 0x88, 0x88,
    0x88, 0x88, 0x88, 0x70, 0x0, 0x0, 0x0, 0x0,
    0x0, 0x0, 0x0, 0x0, 0x0, 0x0, 0x0, 0x0,
    0x0, 0xdf, 0xff, 0xff, 0xff, 0xff, 0xff, 0xff,
    0xff, 0x0, 0x0, 0x0, 0xd, 0xf8, 0x88, 0x88,
    0x88, 0x88, 0x88, 0x8f, 0xf0, 0x0, 0x0, 0x0,
    0xdf, 0x44, 0x44, 0x44, 0x44, 0x44, 0x44, 0xef,
    0x0, 0x0, 0x0, 0xd, 0xff, 0xff, 0xff, 0xff,
    0xff, 0xff, 0xff, 0xf0, 0x0, 0x0, 0x0, 0xdf,
    0x0, 0x0, 0x0, 0x0, 0x0, 0x0, 0xef, 0x0,
    0x0, 0x0, 0xd, 0xf8, 0x88, 0x88, 0x88, 0x88,
    0x88, 0x8f, 0xf0, 0x0, 0x0, 0x0, 0xcf, 0xff,
    0xff, 0xff, 0xff, 0xff, 0xff, 0xff, 0x0, 0x0,
    0x0, 0x2, 0x0, 0x10, 0x0, 0x25, 0x0, 0x0,
    0x0, 0x15, 0x0, 0x0, 0x4, 0xf7, 0x5f, 0x90,
    0xd, 0xf1, 0x0, 0x0, 0xd, 0xf4, 0x0, 0x0,
    0xef, 0x35, 0xf9, 0x0, 0x6f, 0x60, 0x2, 0xb2,
    0x5f, 0xd0, 0x0, 0xbf, 0x90, 0x4f, 0xa0, 0x0,
    0x30, 0x0, 0x6f, 0xb0, 0xcf, 0x60, 0x5f, 0xd0,
    0x3, 0xff, 0xec, 0xcc, 0xde, 0xff, 0xf6, 0x5,
    0xfe, 0x0, 0x72, 0x0, 0x9, 0xdf, 0xff, 0xff,
    0xfe, 0xda, 0x0, 0x8, 0x20,

    /* U+611F "感" */
    0x0, 0x0, 0x0, 0x0, 0x0, 0x0, 0x29, 0x60,
    0x19, 0x10, 0x0, 0x0, 0x0, 0x0, 0x0, 0x0,
    0x0, 0x4f, 0xa0, 0x4f, 0xd2, 0x0, 0x0, 0xaa,
    0xaa, 0xaa, 0xaa, 0xaa, 0xbf, 0xea, 0xad, 0xfe,
    0xa1, 0x1, 0xff, 0xff, 0xff, 0xff, 0xff, 0xff,
    0xff, 0xff, 0xff, 0xf2, 0x1, 0xfb, 0x0, 0x0,
    0x0, 0x0, 0xf, 0xf0, 0x0, 0x0, 0x0, 0x1,
    0xfb, 0x0, 0x0, 0x0, 0x0, 0xc, 0xf1, 0x0,
    0x24, 0x0, 0x1, 0xfb, 0x8f, 0xff, 0xff, 0xff,
    0xc9, 0xf4, 0x0, 0xbf, 0x20, 0x1, 0xfb, 0x48,
    0x88, 0x88, 0x88, 0x66, 0xf8, 0x3, 0xfa, 0x0,
    0x2, 0xfb, 0x0, 0x0, 0x0, 0x0, 0x2, 0xfb,
    0xc, 0xf2, 0x0, 0x3, 0xfa, 0x1f, 0xff, 0xff,
    0xff, 0x10, 0xcf, 0x7f, 0x90, 0x0, 0x6, 0xf9,
    0x1f, 0xd8, 0x88, 0xcf, 0x10, 0x6f, 0xfe, 0x10,
    0x72, 0x9, 0xf6, 0x1f, 0x90, 0x0, 0x9f, 0x10,
    0x1f, 0xf5, 0x1, 0xfa, 0xe, 0xf2, 0x1f, 0xd9,
    0x99, 0xdf, 0x10, 0xaf, 0xfa, 0x3, 0xf8, 0x6f,
    0xc0, 0x1f, 0xff, 0xff, 0xff, 0x1a, 0xfd, 0xcf,
    0x99, 0xf5, 0x6f, 0x50, 0x0, 0x0, 0x0, 0x0,
    0x8f, 0xe2, 0x1d, 0xff, 0xe0, 0x1, 0x0, 0x2,
    0x41, 0x2, 0xa2, 0xa, 0x30, 0x1, 0xba, 0x20,
    0x0, 0x6b, 0x28, 0xf5, 0x9, 0xff, 0x50, 0x0,
    0x1d, 0xe2, 0x0, 0x0, 0xef, 0x38, 0xf5, 0x0,
    0x7f, 0xf2, 0x0, 0x9, 0xfd, 0x10, 0x9, 0xfb,
    0x8, 0xf5, 0x0, 0x6, 0x50, 0x5, 0xc5, 0xbf,
    0xc0, 0x5f, 0xf2, 0x8, 0xf6, 0x0, 0x0, 0x0,
    0x1b, 0xf7, 0x1d, 0xfa, 0x9f, 0x70, 0x6, 0xff,
    0xed, 0xcc, 0xde, 0xff, 0xf2, 0x2, 0xb2, 0x4,
    0x0, 0x0, 0x9d, 0xef, 0xff, 0xfe, 0xdb, 0x40,
    0x0, 0x0,

    /* U+6162 "慢" */
    0x0, 0x6, 0x90, 0x0, 0x0, 0x0, 0x0, 0x0,
    0x0, 0x0, 0x0, 0x0, 0xb, 0xf0, 0x0, 0xdf,
    0xff, 0xff, 0xff, 0xff, 0xff, 0x0, 0x0, 0xb,
    0xf0, 0x0, 0xdd, 0x77, 0x77, 0x77, 0x77, 0xdf,
    0x0, 0x0, 0xb, 0xf0, 0x0, 0xdd, 0x44, 0x44,
    0x44, 0x44, 0xcf, 0x0, 0x0, 0xb, 0xf5, 0x0,
    0xdf, 0xff, 0xff, 0xff, 0xff, 0xff, 0x0, 0x29,
    0x3b, 0xff, 0x70, 0xdc, 0x0, 0x0, 0x0, 0x0,
    0xbf, 0x0, 0x4f, 0x6b, 0xfc, 0xf7, 0xdf, 0xff,
    0xff, 0xff, 0xff, 0xff, 0x0, 0x6f, 0x4b, 0xf1,
    0xe3, 0x67, 0x77, 0x77, 0x77, 0x77, 0x77, 0x0,
    0x9f, 0x3b, 0xf0, 0x17, 0x77, 0x77, 0x77, 0x77,
    0x77, 0x77, 0x70, 0xbf, 0x1b, 0xf0, 0x1f, 0xff,
    0xff, 0xff, 0xff, 0xff, 0xff, 0xf2, 0xde, 0xb,
    0xf0, 0x1f, 0xb0, 0xf, 0xb0, 0xc, 0xe0, 0xa,
    0xf2, 0x9b, 0xb, 0xf0, 0x1f, 0xb0, 0xf, 0xb0,
    0xc, 0xe0, 0xa, 0xf2, 0x0, 0xb, 0xf0, 0x1f,
    0xff, 0xff, 0xff, 0xff, 0xff, 0xff, 0xf2, 0x0,
    0xb, 0xf0, 0x5, 0x55, 0x55, 0x55, 0x55, 0x55,
    0x55, 0x50, 0x0, 0xb, 0xf0, 0x7, 0x88, 0x88,
    0x88, 0x88, 0x88, 0x88, 0x40, 0x0, 0xb, 0xf0,
    0xe, 0xff, 0xff, 0xff, 0xff, 0xff, 0xff, 0x80,
    0x0, 0xb, 0xf0, 0x0, 0x8f, 0xb1, 0x0, 0x0,
    0x1a, 0xfe, 0x10, 0x0, 0xb, 0xf0, 0x0, 0xa,
    0xfc, 0x20, 0x3, 0xcf, 0xe2, 0x0, 0x0, 0xb,
    0xf0, 0x0, 0x0, 0x9f, 0xf9, 0xaf, 0xfb, 0x10,
    0x0, 0x0, 0xb, 0xf0, 0x0, 0x2, 0x5d, 0xff,
    0xff, 0xc2, 0x0, 0x0, 0x0, 0xb, 0xf0, 0x4b,
    0xff, 0xff, 0xfb, 0xdf, 0xff, 0xfd, 0xb7, 0x0,
    0xb, 0xf0, 0xd, 0xda, 0x84, 0x0, 0x3, 0x7b,
    0xdf, 0xf7, 0x0, 0x0, 0x0, 0x0, 0x0, 0x0,
    0x0, 0x0, 0x0, 0x0, 0x0,

    /* U+6210 "成" */
    0x0, 0x0, 0x0, 0x0, 0x0, 0x0, 0x4, 0x40,
    0x0, 0x10, 0x0, 0x0, 0x0, 0x0, 0x0, 0x0,
    0x0, 0x0, 0xef, 0x2, 0xed, 0x0, 0x0, 0x0,
    0x0, 0x0, 0x0, 0x0, 0x0, 0xe, 0xf0, 0xa,
    0xf9, 0x0, 0x0, 0x0, 0x0, 0x0, 0x0, 0x0,
    0x0, 0xdf, 0x10, 0xa, 0x40, 0x0, 0x0, 0xa,
    0xbb, 0xbb, 0xbb, 0xbb, 0xbf, 0xfc, 0xbb, 0xbb,
    0xb6, 0x0, 0x0, 0xef, 0xff, 0xff, 0xff, 0xff,
    0xff, 0xff, 0xff, 0xff, 0x80, 0x0, 0xe, 0xe0,
    0x0, 0x0, 0x0, 0xa, 0xf3, 0x0, 0x0, 0x0,
    0x0, 0x0, 0xee, 0x0, 0x0, 0x0, 0x0, 0x8f,
    0x40, 0x0, 0x0, 0x0, 0x0, 0xe, 0xe0, 0x0,
    0x0, 0x0, 0x7, 0xf6, 0x0, 0x2a, 0x30, 0x0,
    0x0, 0xee, 0x0, 0x0, 0x0, 0x0, 0x5f, 0x80,
    0x6, 0xfa, 0x0, 0x0, 0xe, 0xff, 0xff, 0xff,
    0xf3, 0x3, 0xfa, 0x0, 0xbf, 0x60, 0x0, 0x0,
    0xef, 0x88, 0x88, 0xef, 0x30, 0xf, 0xd0, 0xf,
    0xf1, 0x0, 0x0, 0xe, 0xd0, 0x0, 0xc, 0xf2,
    0x0, 0xdf, 0x16, 0xfc, 0x0, 0x0, 0x0, 0xfc,
    0x0, 0x0, 0xdf, 0x20, 0xa, 0xf5, 0xcf, 0x60,
    0x0, 0x0, 0x1f, 0xb0, 0x0, 0xe, 0xf1, 0x0,
    0x6f, 0xcf, 0xe0, 0x0, 0x0, 0x4, 0xf9, 0x0,
    0x0, 0xff, 0x0, 0x1, 0xff, 0xf8, 0x0, 0x0,
    0x0, 0x7f, 0x60, 0x0, 0xf, 0xe0, 0x0, 0xc,
    0xfe, 0x0, 0x0, 0x0, 0xc, 0xf3, 0x1, 0x2,
    0xfc, 0x0, 0x4, 0xff, 0xd0, 0x0, 0x50, 0x2,
    0xfe, 0x0, 0xbf, 0xff, 0x70, 0x5, 0xff, 0xff,
    0x60, 0x1f, 0xa0, 0x8f, 0x90, 0x6, 0xde, 0x90,
    0x9, 0xff, 0x93, 0xff, 0x37, 0xf6, 0xd, 0xf2,
    0x0, 0x0, 0x0, 0x5, 0xff, 0x80, 0x7, 0xff,
    0xfe, 0x0, 0x17, 0x0, 0x0, 0x0, 0x0, 0xb,
    0x40, 0x0, 0x6, 0xed, 0x30,

    /* U+6211 "我" */
    0x0, 0x0, 0x0, 0x0, 0x0, 0x0, 0x28, 0x60,
    0x0, 0x0, 0x0, 0x0, 0x0, 0x0, 0x36, 0x9c,
    0x10, 0x3f, 0xd0, 0x5c, 0x10, 0x0, 0x7, 0xac,
    0xef, 0xff, 0xff, 0x80, 0x2f, 0xd0, 0xcf, 0xc0,
    0x0, 0xb, 0xff, 0xff, 0xf8, 0x41, 0x0, 0x2f,
    0xe0, 0xc, 0xf9, 0x0, 0x2, 0x42, 0xd, 0xf1,
    0x0, 0x0, 0x1f, 0xe0, 0x2, 0xff, 0x30, 0x0,
    0x0, 0xd, 0xf1, 0x0, 0x0, 0xf, 0xf0, 0x0,
    0x69, 0x10, 0x0, 0x0, 0xd, 0xf2, 0x0, 0x0,
    0xf, 0xf0, 0x0, 0x0, 0x0, 0xef, 0xff, 0xff,
    0xff, 0xff, 0xff, 0xff, 0xff, 0xff, 0xff, 0xfa,
    0xcd, 0xdd, 0xdf, 0xfd, 0xdd, 0xdd, 0xdf, 0xfd,
    0xdd, 0xdd, 0xd8, 0x0, 0x0, 0xd, 0xf1, 0x0,
    0x0, 0xb, 0xf3, 0x0, 0x0, 0x0, 0x0, 0x0,
    0xd, 0xf1, 0x0, 0x0, 0x9, 0xf6, 0x0, 0x53,
    0x0, 0x0, 0x0, 0xd, 0xf1, 0x1, 0x50, 0x7,
    0xf9, 0x1, 0xff, 0x30, 0x0, 0x0, 0xd, 0xf9,
    0xdf, 0xf0, 0x4, 0xfc, 0x9, 0xfc, 0x0, 0x3,
    0x69, 0xcf, 0xff, 0xfe, 0x91, 0x1, 0xff, 0x3f,
    0xf4, 0x0, 0xdf, 0xff, 0xff, 0xf8, 0x20, 0x0,
    0x0, 0xdf, 0xdf, 0xa0, 0x0, 0xad, 0x96, 0x2d,
    0xf1, 0x0, 0x0, 0x0, 0x9f, 0xfe, 0x10, 0x0,
    0x0, 0x0, 0xd, 0xf1, 0x0, 0x0, 0x0, 0x8f,
    0xf4, 0x0, 0x0, 0x0, 0x0, 0xd, 0xf1, 0x0,
    0x0, 0x7, 0xff, 0xf3, 0x0, 0x0, 0x0, 0x0,
    0xd, 0xf1, 0x0, 0x1, 0xbf, 0xfa, 0xfb, 0x0,
    0xc6, 0x4, 0x20, 0xf, 0xf1, 0x0, 0x7f, 0xfd,
    0x30, 0xdf, 0x66, 0xf8, 0xa, 0xff, 0xff, 0xf0,
    0x6, 0xff, 0x90, 0x0, 0x3f, 0xff, 0xf2, 0x5,
    0xbd, 0xfe, 0x50, 0x0, 0x92, 0x0, 0x0, 0x4,
    0xed, 0x40,

    /* U+6216 "或" */
    0x0, 0x0, 0x0, 0x0, 0x0, 0x0, 0x68, 0x0,
    0x3, 0x20, 0x0, 0x0, 0x0, 0x0, 0x0, 0x0,
    0x0, 0xd, 0xf1, 0x2, 0xfd, 0x0, 0x0, 0x0,
    0x0, 0x0, 0x0, 0x0, 0x0, 0xdf, 0x10, 0x9,
    0xf9, 0x0, 0x0, 0x0, 0x0, 0x0, 0x0, 0x0,
    0xd, 0xf2, 0x0, 0x1a, 0x30, 0x0, 0xcf, 0xff,
    0xff, 0xff, 0xff, 0xff, 0xff, 0xff, 0xff, 0xff,
    0xf5, 0xa, 0xdd, 0xdd, 0xdd, 0xdd, 0xdd, 0xdf,
    0xfd, 0xdd, 0xdd, 0xdd, 0x40, 0x0, 0x0, 0x0,
    0x0, 0x0, 0x0, 0xaf, 0x50, 0x0, 0x0, 0x0,
    0x0, 0x0, 0x0, 0x0, 0x0, 0x0, 0x8, 0xf6,
    0x0, 0x0, 0x0, 0x0, 0x3, 0xff, 0xff, 0xff,
    0xfd, 0x0, 0x6f, 0x80, 0x0, 0x82, 0x0, 0x0,
    0x3f, 0xeb, 0xbb, 0xbf, 0xd0, 0x4, 0xfa, 0x0,
    0x5f, 0xb0, 0x0, 0x3, 0xfa, 0x0, 0x0, 0xfd,
    0x0, 0x1f, 0xd0, 0xb, 0xf5, 0x0, 0x0, 0x3f,
    0xa0, 0x0, 0xf, 0xd0, 0x0, 0xdf, 0x2, 0xfe,
    0x0, 0x0, 0x3, 0xfa, 0x0, 0x0, 0xfd, 0x0,
    0x9, 0xf4, 0xaf, 0x80, 0x0, 0x0, 0x3f, 0xfd,
    0xdd, 0xdf, 0xd0, 0x0, 0x5f, 0xaf, 0xf1, 0x0,
    0x0, 0x3, 0xff, 0xff, 0xff, 0xfc, 0x0, 0x0,
    0xff, 0xf9, 0x0, 0x0, 0x0, 0x0, 0x0, 0x0,
    0x0, 0x0, 0x0, 0xb, 0xfe, 0x10, 0x0, 0x0,
    0x0, 0x0, 0x0, 0x0, 0x2, 0x60, 0x2, 0xff,
    0xc0, 0x0, 0x43, 0x0, 0x0, 0x0, 0x36, 0xae,
    0xff, 0x2, 0xef, 0xff, 0x30, 0xa, 0xf2, 0x38,
    0xad, 0xff, 0xff, 0xfb, 0x63, 0xef, 0xb4, 0xfc,
    0x0, 0xcf, 0x7, 0xff, 0xfe, 0xb7, 0x30, 0x6,
    0xff, 0xb0, 0x9, 0xfa, 0x2f, 0xc0, 0x27, 0x41,
    0x0, 0x0, 0x3, 0xff, 0x80, 0x0, 0xa, 0xff,
    0xf7, 0x0, 0x0, 0x0, 0x0, 0x0, 0xa, 0x40,
    0x0, 0x0, 0x8, 0xfb, 0x0,

    /* U+6234 "戴" */
    0x0, 0x0, 0x0, 0x46, 0x0, 0x0, 0x0, 0x36,
    0x0, 0x20, 0x0, 0x0, 0x0, 0x0, 0xbf, 0x10,
    0x0, 0x0, 0x9f, 0x26, 0xf6, 0x0, 0xf, 0xff,
    0xff, 0xff, 0xff, 0xff, 0xf4, 0x9f, 0x20, 0xdf,
    0x0, 0x7, 0x77, 0x77, 0xdf, 0x77, 0x77, 0x72,
    0x9f, 0x20, 0x5f, 0x40, 0x56, 0x66, 0x66, 0xdf,
    0x66, 0x66, 0x66, 0xbf, 0x76, 0x67, 0x63, 0xef,
    0xff, 0xff, 0xff, 0xff, 0xff, 0xff, 0xff, 0xff,
    0xff, 0xfa, 0x22, 0x22, 0x22, 0x22, 0x22, 0x22,
    0x22, 0x8f, 0x52, 0x22, 0x21, 0xa, 0xff, 0xff,
    0xff, 0xff, 0xff, 0xf0, 0x6f, 0x40, 0x2, 0x0,
    0xb, 0xf7, 0x77, 0xcf, 0x77, 0x7d, 0xf0, 0x5f,
    0x40, 0x1f, 0x90, 0xb, 0xf5, 0x55, 0xbf, 0x55,
    0x5c, 0xf0, 0x4f, 0x60, 0x4f, 0x70, 0xb, 0xff,
    0xff, 0xff, 0xff, 0xff, 0xf0, 0x3f, 0x70, 0x7f,
    0x40, 0xb, 0xf0, 0x0, 0x8f, 0x0, 0xa, 0xf0,
    0x1f, 0x80, 0xbf, 0x0, 0xb, 0xff, 0xff, 0xff,
    0xff, 0xff, 0xf0, 0xf, 0xa1, 0xfc, 0x0, 0x4,
    0x79, 0xfa, 0x77, 0x7f, 0xc7, 0x70, 0xd, 0xc6,
    0xf6, 0x0, 0x5, 0x58, 0xfa, 0x55, 0x6f, 0xb5,
    0x52, 0xa, 0xfc, 0xf1, 0x0, 0xe, 0xff, 0xff,
    0xff, 0xff, 0xff, 0xf7, 0x6, 0xff, 0xa0, 0x0,
    0x1, 0x25, 0xf7, 0x22, 0x3f, 0xa2, 0x20, 0x2,
    0xff, 0x20, 0x20, 0x9f, 0xff, 0xff, 0xff, 0xff,
    0xff, 0xff, 0x55, 0xfe, 0x0, 0xdb, 0x47, 0x77,
    0x87, 0x77, 0x78, 0x77, 0x77, 0x3e, 0xff, 0x60,
    0xfc, 0x0, 0x5, 0xed, 0x0, 0x6f, 0x81, 0x0,
    0xbf, 0x5c, 0xe6, 0xf8, 0x6, 0xdf, 0xb1, 0x0,
    0x19, 0xff, 0x58, 0xf8, 0x3, 0xff, 0xf3, 0x1c,
    0xb4, 0x0, 0x0, 0x0, 0x3b, 0x15, 0xb0, 0x0,
    0x5e, 0x90, 0x0, 0x0, 0x0, 0x0, 0x0, 0x0,
    0x0, 0x0, 0x0, 0x0, 0x0,

    /* U+6237 "户" */
    0x0, 0x0, 0x0, 0x0, 0x0, 0x14, 0x0, 0x0,
    0x0, 0x0, 0x0, 0x0, 0x0, 0x0, 0x0, 0x1f,
    0xf1, 0x0, 0x0, 0x0, 0x0, 0x0, 0x0, 0x0,
    0x0, 0x0, 0xcf, 0x70, 0x0, 0x0, 0x0, 0x0,
    0x0, 0x0, 0x0, 0x0, 0x5, 0xfc, 0x0, 0x0,
    0x0, 0x0, 0x0, 0x7, 0xbb, 0xbb, 0xbb, 0xcf,
    0xfb, 0xbb, 0xbb, 0xbb, 0x0, 0x0, 0x9f, 0xff,
    0xff, 0xff, 0xff, 0xff, 0xff, 0xff, 0xf1, 0x0,
    0x9, 0xf4, 0x0, 0x0, 0x0, 0x0, 0x0, 0x0,
    0xcf, 0x10, 0x0, 0x9f, 0x40, 0x0, 0x0, 0x0,
    0x0, 0x0, 0xc, 0xf1, 0x0, 0x9, 0xf4, 0x0,
    0x0, 0x0, 0x0, 0x0, 0x0, 0xcf, 0x10, 0x0,
    0x9f, 0x40, 0x0, 0x0, 0x0, 0x0, 0x0, 0xc,
    0xf1, 0x0, 0x9, 0xfc, 0xbb, 0xbb, 0xbb, 0xbb,
    0xbb, 0xbb, 0xef, 0x10, 0x0, 0x9f, 0xff, 0xff,
    0xff, 0xff, 0xff, 0xff, 0xff, 0xf1, 0x0, 0xa,
    0xf4, 0x11, 0x11, 0x11, 0x11, 0x11, 0x11, 0x11,
    0x0, 0x0, 0xbf, 0x10, 0x0, 0x0, 0x0, 0x0,
    0x0, 0x0, 0x0, 0x0, 0xd, 0xf0, 0x0, 0x0,
    0x0, 0x0, 0x0, 0x0, 0x0, 0x0, 0x1, 0xfd,
    0x0, 0x0, 0x0, 0x0, 0x0, 0x0, 0x0, 0x0,
    0x0, 0x6f, 0x90, 0x0, 0x0, 0x0, 0x0, 0x0,
    0x0, 0x0, 0x0, 0xc, 0xf4, 0x0, 0x0, 0x0,
    0x0, 0x0, 0x0, 0x0, 0x0, 0x4, 0xfe, 0x0,
    0x0, 0x0, 0x0, 0x0, 0x0, 0x0, 0x0, 0x1,
    0xef, 0x70, 0x0, 0x0, 0x0, 0x0, 0x0, 0x0,
    0x0, 0x0, 0x9f, 0xd0, 0x0, 0x0, 0x0, 0x0,
    0x0, 0x0, 0x0, 0x0, 0x0, 0xa2, 0x0, 0x0,
    0x0, 0x0, 0x0, 0x0, 0x0, 0x0, 0x0,

    /* U+623F "房" */
    0x0, 0x0, 0x0, 0x0, 0x0, 0x0, 0x10, 0x0,
    0x0, 0x0, 0x0, 0x0, 0x0, 0x0, 0x0, 0x0,
    0x0, 0xdf, 0x10, 0x0, 0x0, 0x0, 0x0, 0x0,
    0x0, 0x0, 0x0, 0x0, 0x9, 0xfa, 0x0, 0x0,
    0x0, 0x0, 0x0, 0x0, 0xcf, 0xff, 0xff, 0xff,
    0xff, 0xff, 0xff, 0xff, 0xff, 0x10, 0x0, 0xc,
    0xfa, 0xaa, 0xaa, 0xaa, 0xaa, 0xaa, 0xaa, 0xae,
    0xf1, 0x0, 0x0, 0xcf, 0x10, 0x0, 0x0, 0x0,
    0x0, 0x0, 0x0, 0xcf, 0x10, 0x0, 0xc, 0xf1,
    0x0, 0x0, 0x0, 0x0, 0x0, 0x0, 0xc, 0xf1,
    0x0, 0x0, 0xcf, 0xff, 0xff, 0xff, 0xff, 0xff,
    0xff, 0xff, 0xff, 0x10, 0x0, 0xc, 0xfa, 0xaa,
    0xaa, 0xaa, 0xaa, 0xaa, 0xaa, 0xaa, 0xa1, 0x0,
    0x0, 0xcf, 0x10, 0x0, 0x0, 0x8, 0xc0, 0x0,
    0x0, 0x0, 0x0, 0x0, 0xc, 0xf1, 0x0, 0x0,
    0x0, 0x9f, 0x80, 0x0, 0x0, 0x0, 0x0, 0x0,
    0xdf, 0xff, 0xff, 0xff, 0xff, 0xff, 0xff, 0xff,
    0xff, 0xfb, 0x0, 0xd, 0xfa, 0xaa, 0xaa, 0xef,
    0xaa, 0xaa, 0xaa, 0xaa, 0xaa, 0x70, 0x0, 0xef,
    0x0, 0x0, 0xd, 0xf0, 0x0, 0x0, 0x0, 0x0,
    0x0, 0x0, 0xf, 0xe0, 0x0, 0x0, 0xff, 0x99,
    0x99, 0x99, 0x99, 0x90, 0x0, 0x3, 0xfb, 0x0,
    0x0, 0x4f, 0xff, 0xff, 0xff, 0xff, 0xff, 0x10,
    0x0, 0x6f, 0x80, 0x0, 0xb, 0xf5, 0x22, 0x22,
    0x22, 0x2c, 0xf1, 0x0, 0xa, 0xf5, 0x0, 0x6,
    0xfd, 0x0, 0x0, 0x0, 0x0, 0xcf, 0x0, 0x0,
    0xff, 0x10, 0x4, 0xff, 0x30, 0x0, 0x0, 0x0,
    0xd, 0xf0, 0x0, 0x6f, 0xb0, 0x6, 0xff, 0x50,
    0x0, 0x25, 0x20, 0x2, 0xfd, 0x0, 0xd, 0xf4,
    0xa, 0xff, 0x50, 0x0, 0x4, 0xff, 0xfe, 0xff,
    0xa0, 0x0, 0x4a, 0x0, 0x4d, 0x30, 0x0, 0x0,
    0x8, 0xce, 0xff, 0xa1, 0x0, 0x0, 0x0, 0x0,
    0x0, 0x0, 0x0, 0x0, 0x0, 0x0, 0x0, 0x0,
    0x0,

    /* U+624B "手" */
    0x0, 0x0, 0x0, 0x0, 0x0, 0x0, 0x0, 0x0,
    0x14, 0x72, 0x0, 0x0, 0x0, 0x0, 0x0, 0x1,
    0x25, 0x79, 0xbe, 0xff, 0xfb, 0x0, 0x8, 0xab,
    0xbc, 0xde, 0xff, 0xff, 0xff, 0xfe, 0xb8, 0x52,
    0x0, 0x8, 0xff, 0xff, 0xff, 0xed, 0xff, 0x73,
    0x0, 0x0, 0x0, 0x0, 0x1, 0x43, 0x21, 0x0,
    0x0, 0xcf, 0x10, 0x0, 0x0, 0x0, 0x0, 0x0,
    0x0, 0x0, 0x0, 0x0, 0xcf, 0x10, 0x0, 0x0,
    0x0, 0x0, 0x0, 0x0, 0x0, 0x0, 0x0, 0xcf,
    0x10, 0x0, 0x0, 0x0, 0x0, 0x4, 0xcc, 0xcc,
    0xcc, 0xcc, 0xff, 0xcc, 0xcc, 0xcc, 0xcc, 0x0,
    0x5, 0xff, 0xff, 0xff, 0xff, 0xff, 0xff, 0xff,
    0xff, 0xff, 0x0, 0x0, 0x11, 0x11, 0x11, 0x11,
    0xdf, 0x21, 0x11, 0x11, 0x11, 0x0, 0x0, 0x0,
    0x0, 0x0, 0x0, 0xcf, 0x10, 0x0, 0x0, 0x0,
    0x0, 0x0, 0x0, 0x0, 0x0, 0x0, 0xcf, 0x10,
    0x0, 0x0, 0x0, 0x0, 0x11, 0x11, 0x11, 0x11,
    0x11, 0xdf, 0x21, 0x11, 0x11, 0x11, 0x10, 0xef,
    0xff, 0xff, 0xff, 0xff, 0xff, 0xff, 0xff, 0xff,
    0xff, 0xfa, 0xbc, 0xcc, 0xcc, 0xcc, 0xcc, 0xff,
    0xcc, 0xcc, 0xcc, 0xcc, 0xc8, 0x0, 0x0, 0x0,
    0x0, 0x0, 0xcf, 0x10, 0x0, 0x0, 0x0, 0x0,
    0x0, 0x0, 0x0, 0x0, 0x0, 0xcf, 0x10, 0x0,
    0x0, 0x0, 0x0, 0x0, 0x0, 0x0, 0x0, 0x0,
    0xcf, 0x10, 0x0, 0x0, 0x0, 0x0, 0x0, 0x0,
    0x0, 0x0, 0x0, 0xcf, 0x10, 0x0, 0x0, 0x0,
    0x0, 0x0, 0x0, 0x0, 0x21, 0x0, 0xef, 0x10,
    0x0, 0x0, 0x0, 0x0, 0x0, 0x0, 0x0, 0xcf,
    0xfe, 0xfe, 0x0, 0x0, 0x0, 0x0, 0x0, 0x0,
    0x0, 0x0, 0x7d, 0xef, 0xd4, 0x0, 0x0, 0x0,
    0x0, 0x0,

    /* U+624D "才" */
    0x0, 0x0, 0x0, 0x0, 0x0, 0x0, 0x0, 0x37,
    0x30, 0x0, 0x0, 0x0, 0x0, 0x0, 0x0, 0x0,
    0x0, 0x0, 0x7f, 0x70, 0x0, 0x0, 0x0, 0x0,
    0x0, 0x0, 0x0, 0x0, 0x0, 0x7f, 0x70, 0x0,
    0x0, 0x0, 0x0, 0x0, 0x0, 0x0, 0x0, 0x0,
    0x7f, 0x70, 0x0, 0x0, 0x0, 0x0, 0x0, 0x0,
    0x0, 0x0, 0x0, 0x7f, 0x70, 0x0, 0x0, 0x2f,
    0xff, 0xff, 0xff, 0xff, 0xff, 0xff, 0xff, 0xff,
    0xff, 0xf3, 0x1b, 0xbb, 0xbb, 0xbb, 0xbb, 0xbb,
    0xbb, 0xff, 0xdb, 0xbb, 0xb2, 0x0, 0x0, 0x0,
    0x0, 0x0, 0x0, 0x7, 0xff, 0x70, 0x0, 0x0,
    0x0, 0x0, 0x0, 0x0, 0x0, 0x0, 0x6f, 0xff,
    0x70, 0x0, 0x0, 0x0, 0x0, 0x0, 0x0, 0x0,
    0x4, 0xff, 0xbf, 0x70, 0x0, 0x0, 0x0, 0x0,
    0x0, 0x0, 0x0, 0x5f, 0xf5, 0x7f, 0x70, 0x0,
    0x0, 0x0, 0x0, 0x0, 0x0, 0x6, 0xff, 0x60,
    0x7f, 0x70, 0x0, 0x0, 0x0, 0x0, 0x0, 0x0,
    0x7f, 0xf6, 0x0, 0x7f, 0x70, 0x0, 0x0, 0x0,
    0x0, 0x0, 0x1a, 0xff, 0x40, 0x0, 0x7f, 0x70,
    0x0, 0x0, 0x0, 0x0, 0x3, 0xef, 0xe2, 0x0,
    0x0, 0x7f, 0x70, 0x0, 0x0, 0x0, 0x0, 0x8f,
    0xfa, 0x10, 0x0, 0x0, 0x7f, 0x70, 0x0, 0x0,
    0x0, 0x5e, 0xff, 0x60, 0x0, 0x0, 0x0, 0x7f,
    0x70, 0x0, 0x0, 0x7, 0xff, 0xa1, 0x0, 0x0,
    0x0, 0x0, 0x7f, 0x70, 0x0, 0x0, 0x0, 0x93,
    0x0, 0x0, 0x0, 0x0, 0x0, 0x7f, 0x70, 0x0,
    0x0, 0x0, 0x0, 0x0, 0x0, 0x0, 0x0, 0x0,
    0x7f, 0x60, 0x0, 0x0, 0x0, 0x0, 0x0, 0x0,
    0x0, 0xcc, 0xbb, 0xff, 0x50, 0x0, 0x0, 0x0,
    0x0, 0x0, 0x0, 0x0, 0xbf, 0xff, 0xfa, 0x0,
    0x0, 0x0, 0x0, 0x0, 0x0, 0x0, 0x0, 0x0,
    0x1, 0x0, 0x0, 0x0, 0x0,

    /* U+6253 "打" */
    0x0, 0x0, 0x37, 0x30, 0x0, 0x0, 0x0, 0x0,
    0x0, 0x0, 0x0, 0x0, 0x0, 0x7, 0xf6, 0x0,
    0x1, 0x77, 0x77, 0x77, 0x77, 0x77, 0x76, 0x0,
    0x0, 0x7f, 0x60, 0x0, 0x3f, 0xff, 0xff, 0xff,
    0xff, 0xff, 0xd0, 0x0, 0x7, 0xf6, 0x0, 0x0,
    0x33, 0x33, 0x33, 0xff, 0x33, 0x33, 0xa, 0xbb,
    0xdf, 0xdb, 0xb3, 0x0, 0x0, 0x0, 0xf, 0xe0,
    0x0, 0x0, 0xef, 0xff, 0xff, 0xff, 0x50, 0x0,
    0x0, 0x0, 0xfe, 0x0, 0x0, 0x1, 0x11, 0x8f,
    0x71, 0x10, 0x0, 0x0, 0x0, 0xf, 0xe0, 0x0,
    0x0, 0x0, 0x7, 0xf6, 0x0, 0x0, 0x0, 0x0,
    0x0, 0xfe, 0x0, 0x0, 0x0, 0x0, 0x7f, 0x60,
    0x0, 0x0, 0x0, 0x0, 0xf, 0xe0, 0x0, 0x0,
    0x0, 0x7, 0xf6, 0x0, 0x0, 0x0, 0x0, 0x0,
    0xfe, 0x0, 0x0, 0x0, 0x0, 0x7f, 0x76, 0xd8,
    0x0, 0x0, 0x0, 0xf, 0xe0, 0x0, 0x0, 0x0,
    0x9, 0xff, 0xff, 0x70, 0x0, 0x0, 0x0, 0xfe,
    0x0, 0x0, 0x4, 0xaf, 0xff, 0xe8, 0x10, 0x0,
    0x0, 0x0, 0xf, 0xe0, 0x0, 0x0, 0xff, 0xfe,
    0xf6, 0x0, 0x0, 0x0, 0x0, 0x0, 0xfe, 0x0,
    0x0, 0x9, 0x82, 0x7f, 0x60, 0x0, 0x0, 0x0,
    0x0, 0xf, 0xe0, 0x0, 0x0, 0x0, 0x7, 0xf6,
    0x0, 0x0, 0x0, 0x0, 0x0, 0xfe, 0x0, 0x0,
    0x0, 0x0, 0x7f, 0x60, 0x0, 0x0, 0x0, 0x0,
    0xf, 0xe0, 0x0, 0x0, 0x0, 0x7, 0xf6, 0x0,
    0x0, 0x0, 0x0, 0x0, 0xfe, 0x0, 0x0, 0x0,
    0x0, 0x7f, 0x60, 0x0, 0x0, 0x0, 0x0, 0xf,
    0xe0, 0x0, 0x0, 0x10, 0x7, 0xf6, 0x0, 0x0,
    0x0, 0x0, 0x0, 0xfe, 0x0, 0x0, 0xb, 0xfd,
    0xff, 0x50, 0x0, 0x0, 0x3, 0xfe, 0xff, 0xc0,
    0x0, 0x0, 0x7e, 0xff, 0xc0, 0x0, 0x0, 0x0,
    0xd, 0xff, 0xb2, 0x0, 0x0, 0x0, 0x0, 0x0,
    0x0, 0x0, 0x0, 0x0, 0x0, 0x0, 0x0, 0x0,
    0x0,

    /* U+6263 "扣" */
    0x0, 0x0, 0x39, 0x40, 0x0, 0x0, 0x0, 0x0,
    0x0, 0x0, 0x0, 0x0, 0x5, 0xf8, 0x0, 0x0,
    0x0, 0x0, 0x0, 0x0, 0x0, 0x0, 0x0, 0x5f,
    0x80, 0x0, 0xa, 0xbb, 0xbb, 0xbb, 0xbb, 0xa0,
    0x0, 0x5, 0xf8, 0x0, 0x0, 0xef, 0xff, 0xff,
    0xff, 0xfe, 0x2b, 0xbb, 0xcf, 0xdb, 0xb7, 0xe,
    0xf0, 0x0, 0x0, 0xf, 0xe3, 0xff, 0xff, 0xff,
    0xff, 0xb0, 0xef, 0x0, 0x0, 0x0, 0xfe, 0x1,
    0x11, 0x6f, 0x91, 0x11, 0xe, 0xf0, 0x0, 0x0,
    0xf, 0xe0, 0x0, 0x5, 0xf8, 0x0, 0x0, 0xef,
    0x0, 0x0, 0x0, 0xfe, 0x0, 0x0, 0x5f, 0x80,
    0x0, 0xe, 0xf0, 0x0, 0x0, 0xf, 0xe0, 0x0,
    0x5, 0xf8, 0x0, 0x0, 0xef, 0x0, 0x0, 0x0,
    0xfe, 0x0, 0x0, 0x5f, 0x96, 0xca, 0xe, 0xf0,
    0x0, 0x0, 0xf, 0xe0, 0x0, 0x8, 0xff, 0xff,
    0x90, 0xef, 0x0, 0x0, 0x0, 0xfe, 0x16, 0xbf,
    0xff, 0xf9, 0x20, 0xe, 0xf0, 0x0, 0x0, 0xf,
    0xe9, 0xff, 0xfe, 0xf8, 0x0, 0x0, 0xef, 0x0,
    0x0, 0x0, 0xfe, 0x3c, 0x71, 0x5f, 0x80, 0x0,
    0xe, 0xf0, 0x0, 0x0, 0xf, 0xe0, 0x0, 0x5,
    0xf8, 0x0, 0x0, 0xef, 0x0, 0x0, 0x0, 0xfe,
    0x0, 0x0, 0x5f, 0x80, 0x0, 0xe, 0xf0, 0x0,
    0x0, 0xf, 0xe0, 0x0, 0x5, 0xf8, 0x0, 0x0,
    0xef, 0x0, 0x0, 0x0, 0xfe, 0x0, 0x0, 0x5f,
    0x80, 0x0, 0xe, 0xff, 0xff, 0xff, 0xff, 0xe0,
    0x0, 0x6, 0xf8, 0x0, 0x0, 0xef, 0xdd, 0xdd,
    0xdd, 0xfe, 0x6, 0xfe, 0xff, 0x60, 0x0, 0xe,
    0xf0, 0x0, 0x0, 0xf, 0xe0, 0x3e, 0xff, 0xa0,
    0x0, 0x0, 0x78, 0x0, 0x0, 0x0, 0x65,

    /* U+626B "扫" */
    0x0, 0x0, 0x49, 0x30, 0x0, 0x0, 0x0, 0x0,
    0x0, 0x0, 0x0, 0x0, 0x0, 0x7f, 0x60, 0x0,
    0x0, 0x0, 0x0, 0x0, 0x0, 0x0, 0x0, 0x0,
    0x7f, 0x60, 0x0, 0x22, 0x22, 0x22, 0x22, 0x22,
    0x22, 0x0, 0x0, 0x7f, 0x60, 0x0, 0xdf, 0xff,
    0xff, 0xff, 0xff, 0xfe, 0xa, 0xbb, 0xdf, 0xdb,
    0xb3, 0x79, 0x99, 0x99, 0x99, 0x9a, 0xfe, 0xe,
    0xff, 0xff, 0xff, 0xf5, 0x0, 0x0, 0x0, 0x0,
    0x1, 0xfe, 0x1, 0x11, 0x8f, 0x71, 0x10, 0x0,
    0x0, 0x0, 0x0, 0x1, 0xfe, 0x0, 0x0, 0x7f,
    0x60, 0x0, 0x0, 0x0, 0x0, 0x0, 0x1, 0xfe,
    0x0, 0x0, 0x7f, 0x60, 0x0, 0x0, 0x0, 0x0,
    0x0, 0x1, 0xfe, 0x0, 0x0, 0x7f, 0x60, 0x0,
    0x0, 0x0, 0x0, 0x0, 0x1, 0xfe, 0x0, 0x0,
    0x7f, 0x64, 0xb7, 0x8f, 0xff, 0xff, 0xff, 0xff,
    0xfe, 0x0, 0x0, 0x7f, 0xff, 0xf9, 0x7d, 0xdd,
    0xdd, 0xdd, 0xdd, 0xfe, 0x2, 0x8d, 0xff, 0xfa,
    0x30, 0x0, 0x0, 0x0, 0x0, 0x1, 0xfe, 0x1f,
    0xff, 0xff, 0x70, 0x0, 0x0, 0x0, 0x0, 0x0,
    0x1, 0xfe, 0xa, 0xa4, 0x7f, 0x60, 0x0, 0x0,
    0x0, 0x0, 0x0, 0x1, 0xfe, 0x0, 0x0, 0x7f,
    0x60, 0x0, 0x0, 0x0, 0x0, 0x0, 0x1, 0xfe,
    0x0, 0x0, 0x7f, 0x60, 0x0, 0x0, 0x0, 0x0,
    0x0, 0x1, 0xfe, 0x0, 0x0, 0x7f, 0x60, 0x0,
    0x0, 0x0, 0x0, 0x0, 0x1, 0xfe, 0x0, 0x0,
    0x7f, 0x60, 0x4, 0xff, 0xff, 0xff, 0xff, 0xff,
    0xfe, 0x1, 0x0, 0x8f, 0x60, 0x3, 0xbb, 0xbb,
    0xbb, 0xbb, 0xbc, 0xfe, 0xb, 0xfe, 0xff, 0x50,
    0x0, 0x0, 0x0, 0x0, 0x0, 0x1, 0xfe, 0x6,
    0xde, 0xfb, 0x0, 0x0, 0x0, 0x0, 0x0, 0x0,
    0x0, 0x54,

    /* U+626C "扬" */
    0x0, 0x5, 0x91, 0x0, 0x0, 0x0, 0x0, 0x0,
    0x0, 0x0, 0x0, 0x0, 0xa, 0xf3, 0x0, 0x1d,
    0xdd, 0xdd, 0xdd, 0xdd, 0xd9, 0x0, 0x0, 0xa,
    0xf3, 0x0, 0x2f, 0xff, 0xff, 0xff, 0xff, 0xfb,
    0x0, 0x0, 0xa, 0xf3, 0x0, 0x0, 0x0, 0x0,
    0x1, 0xaf, 0xe2, 0x0, 0x3b, 0xbe, 0xfc, 0xb8,
    0x0, 0x0, 0x0, 0x1b, 0xfd, 0x20, 0x0, 0x4f,
    0xff, 0xff, 0xfc, 0x0, 0x0, 0x3, 0xef, 0xb1,
    0x0, 0x0, 0x1, 0x1b, 0xf4, 0x11, 0x0, 0x0,
    0x8f, 0xf8, 0x0, 0x0, 0x0, 0x0, 0xa, 0xf3,
    0x0, 0x0, 0x4d, 0xfe, 0x40, 0x0, 0x0, 0x0,
    0x0, 0xa, 0xf3, 0x0, 0x2b, 0xff, 0x91, 0x0,
    0x0, 0x0, 0x0, 0x0, 0xa, 0xf3, 0x0, 0xaf,
    0xff, 0xff, 0xff, 0xff, 0xff, 0xf3, 0x0, 0xa,
    0xf3, 0x12, 0x2a, 0xaa, 0xef, 0xaa, 0xff, 0xae,
    0xf3, 0x0, 0xa, 0xfc, 0xf8, 0x0, 0x1, 0xfd,
    0x0, 0xfd, 0xb, 0xf3, 0x4, 0x9f, 0xff, 0xc3,
    0x0, 0x7, 0xf7, 0x4, 0xfa, 0xb, 0xf2, 0x7f,
    0xff, 0xf6, 0x0, 0x0, 0x1f, 0xf1, 0xa, 0xf5,
    0xc, 0xf2, 0x2e, 0x8c, 0xf3, 0x0, 0x0, 0xbf,
    0x70, 0x1f, 0xe0, 0xc, 0xf1, 0x0, 0xa, 0xf3,
    0x0, 0x8, 0xfc, 0x0, 0x9f, 0x80, 0xd, 0xf1,
    0x0, 0xa, 0xf3, 0x0, 0x8f, 0xe1, 0x3, 0xfe,
    0x10, 0xe, 0xf0, 0x0, 0xa, 0xf3, 0x9, 0xfe,
    0x20, 0x1e, 0xf6, 0x0, 0xf, 0xf0, 0x0, 0xa,
    0xf3, 0x3, 0xc2, 0x1, 0xcf, 0xb0, 0x0, 0x1f,
    0xd0, 0x1, 0xb, 0xf3, 0x0, 0x0, 0x1d, 0xfd,
    0x0, 0x0, 0x5f, 0xb0, 0xf, 0xef, 0xf1, 0x0,
    0x0, 0xef, 0xd1, 0x5, 0xfe, 0xff, 0x60, 0xa,
    0xef, 0x80, 0x0, 0x0, 0x4b, 0x10, 0x3, 0xcd,
    0xd8, 0x0,

    /* U+627E "找" */
    0x0, 0x0, 0x4a, 0x40, 0x0, 0x0, 0x1, 0xa7,
    0x0, 0x0, 0x0, 0x0, 0x0, 0x7, 0xf6, 0x0,
    0x0, 0x0, 0x2f, 0xb0, 0x5a, 0x10, 0x0, 0x0,
    0x0, 0x7f, 0x60, 0x0, 0x0, 0x1, 0xfc, 0xc,
    0xfe, 0x30, 0x0, 0x0, 0x7, 0xf6, 0x0, 0x0,
    0x0, 0x1f, 0xc0, 0x9, 0xff, 0x20, 0xa, 0xbb,
    0xdf, 0xdb, 0xb3, 0x0, 0x0, 0xfd, 0x0, 0x7,
    0x90, 0x0, 0xef, 0xff, 0xff, 0xff, 0x50, 0x0,
    0xf, 0xd0, 0x1, 0x46, 0x91, 0x1, 0x11, 0x8f,
    0x71, 0x10, 0x1, 0x35, 0xff, 0xcf, 0xff, 0xff,
    0x30, 0x0, 0x7, 0xf6, 0x0, 0x8f, 0xff, 0xff,
    0xff, 0xdb, 0x86, 0x30, 0x0, 0x0, 0x7f, 0x60,
    0x7, 0xeb, 0x97, 0xef, 0x20, 0x0, 0x0, 0x0,
    0x0, 0x7, 0xf6, 0x0, 0x0, 0x0, 0xb, 0xf5,
    0x0, 0x5f, 0x70, 0x0, 0x0, 0x7f, 0x87, 0xe7,
    0x0, 0x0, 0x8f, 0x70, 0xd, 0xf4, 0x0, 0x0,
    0x9, 0xff, 0xff, 0x60, 0x0, 0x6, 0xfa, 0x7,
    0xfb, 0x0, 0x5, 0xaf, 0xff, 0xe7, 0x10, 0x0,
    0x0, 0x2f, 0xd3, 0xff, 0x20, 0x0, 0xff, 0xfe,
    0xf6, 0x0, 0x0, 0x0, 0x0, 0xef, 0xdf, 0x70,
    0x0, 0x8, 0x71, 0x7f, 0x60, 0x0, 0x0, 0x0,
    0xa, 0xff, 0xb0, 0x0, 0x0, 0x0, 0x7, 0xf6,
    0x0, 0x0, 0x0, 0x1, 0xdf, 0xd0, 0x0, 0x0,
    0x0, 0x0, 0x7f, 0x60, 0x0, 0x0, 0x3, 0xef,
    0xff, 0x10, 0x5, 0x10, 0x0, 0x7, 0xf6, 0x0,
    0x0, 0x8, 0xff, 0xa9, 0xf7, 0x0, 0xfc, 0x0,
    0x0, 0x7f, 0x60, 0x0, 0x6e, 0xff, 0x60, 0x1f,
    0xf1, 0x2f, 0x90, 0x21, 0x8, 0xf6, 0x0, 0xcf,
    0xfb, 0x20, 0x0, 0x8f, 0xca, 0xf6, 0xb, 0xff,
    0xff, 0x50, 0x6, 0xc3, 0x0, 0x0, 0x0, 0xdf,
    0xff, 0x10, 0x6d, 0xef, 0xa0, 0x0, 0x0, 0x0,
    0x0, 0x0, 0x1, 0xcf, 0x60,

    /* U+627F "承" */
    0x0, 0x1a, 0xaa, 0xaa, 0xaa, 0xaa, 0xaa, 0xaa,
    0xaa, 0xa1, 0x0, 0x0, 0x2, 0xff, 0xff, 0xff,
    0xff, 0xff, 0xff, 0xff, 0xff, 0x20, 0x0, 0x0,
    0x0, 0x0, 0x0, 0x0, 0x0, 0x0, 0x5c, 0xfe,
    0x70, 0x0, 0x0, 0x0, 0x0, 0x0, 0x0, 0x0,
    0x18, 0xef, 0xd5, 0x0, 0x0, 0x0, 0x0, 0x0,
    0x0, 0x0, 0x0, 0xaf, 0xfb, 0x40, 0x0, 0x0,
    0x0, 0x0, 0x22, 0x22, 0x21, 0x0, 0xf, 0xe3,
    0x0, 0x48, 0x0, 0x9, 0x0, 0x3f, 0xff, 0xff,
    0xa5, 0x99, 0xfe, 0x99, 0x3c, 0xf0, 0xa, 0xf8,
    0x1, 0x99, 0x9a, 0xf9, 0x9f, 0xff, 0xff, 0xf6,
    0xaf, 0x3a, 0xfc, 0x10, 0x0, 0x0, 0x4f, 0x80,
    0x0, 0xfd, 0x0, 0x7, 0xfe, 0xfa, 0x0, 0x0,
    0x0, 0x5, 0xf7, 0x0, 0xf, 0xd0, 0x0, 0x4f,
    0xf5, 0x0, 0x0, 0x0, 0x0, 0x8f, 0x5f, 0xff,
    0xff, 0xff, 0xf1, 0xfd, 0x0, 0x0, 0x0, 0x0,
    0xa, 0xf3, 0xaa, 0xaf, 0xfa, 0xaa, 0xd, 0xf2,
    0x0, 0x0, 0x0, 0x0, 0xef, 0x0, 0x0, 0xfd,
    0x0, 0x0, 0x8f, 0x70, 0x0, 0x0, 0x0, 0x4f,
    0xb0, 0x0, 0x1f, 0xd0, 0x0, 0x3, 0xfd, 0x0,
    0x0, 0x0, 0xb, 0xf5, 0xbf, 0xff, 0xff, 0xff,
    0xff, 0xd, 0xf5, 0x0, 0x0, 0x4, 0xfe, 0x6,
    0x88, 0x8f, 0xe8, 0x88, 0x80, 0x7f, 0xc0, 0x0,
    0x1, 0xef, 0x50, 0x0, 0x0, 0xfd, 0x0, 0x0,
    0x0, 0xef, 0x60, 0x1, 0xdf, 0xa0, 0x0, 0x0,
    0xf, 0xd0, 0x0, 0x0, 0x6, 0xff, 0x30, 0xbf,
    0xc0, 0x0, 0x0, 0x0, 0xfd, 0x0, 0x0, 0x0,
    0xb, 0xfd, 0x2, 0xa0, 0x0, 0xf, 0xed, 0xdf,
    0xc0, 0x0, 0x0, 0x0, 0x1d, 0x40, 0x0, 0x0,
    0x0, 0xad, 0xef, 0xe5, 0x0, 0x0, 0x0, 0x0,
    0x0, 0x0,

    /* U+628A "把" */
    0x0, 0x5, 0x91, 0x0, 0x0, 0x0, 0x0, 0x0,
    0x0, 0x0, 0x0, 0x0, 0x0, 0xaf, 0x30, 0x0,
    0x88, 0x88, 0x88, 0x88, 0x88, 0x87, 0x0, 0x0,
    0xa, 0xf3, 0x0, 0xf, 0xff, 0xff, 0xff, 0xff,
    0xff, 0xe0, 0x0, 0x0, 0xaf, 0x30, 0x0, 0xfe,
    0x33, 0x3f, 0xd3, 0x33, 0xfe, 0x0, 0x3b, 0xbe,
    0xfc, 0xb8, 0xf, 0xd0, 0x0, 0xfd, 0x0, 0xf,
    0xe0, 0x4, 0xff, 0xff, 0xff, 0xc0, 0xfd, 0x0,
    0xf, 0xd0, 0x0, 0xfe, 0x0, 0x1, 0x1b, 0xf4,
    0x11, 0xf, 0xd0, 0x0, 0xfd, 0x0, 0xf, 0xe0,
    0x0, 0x0, 0xaf, 0x30, 0x0, 0xfd, 0x0, 0xf,
    0xd0, 0x0, 0xfe, 0x0, 0x0, 0xa, 0xf3, 0x0,
    0xf, 0xd0, 0x0, 0xfd, 0x0, 0xf, 0xe0, 0x0,
    0x0, 0xaf, 0x30, 0x0, 0xfd, 0x0, 0xf, 0xd0,
    0x0, 0xfe, 0x0, 0x0, 0xa, 0xf3, 0x23, 0xf,
    0xfb, 0xbb, 0xff, 0xbb, 0xbf, 0xe0, 0x0, 0x0,
    0xaf, 0xdf, 0x80, 0xff, 0xff, 0xff, 0xff, 0xff,
    0xfe, 0x0, 0x4, 0xaf, 0xff, 0xb3, 0xf, 0xd0,
    0x0, 0x0, 0x0, 0x0, 0x0, 0x7, 0xff, 0xff,
    0x50, 0x0, 0xfd, 0x0, 0x0, 0x0, 0x0, 0x0,
    0x0, 0x2e, 0x9c, 0xf3, 0x0, 0xf, 0xd0, 0x0,
    0x0, 0x0, 0x0, 0x0, 0x0, 0x0, 0xaf, 0x30,
    0x0, 0xfd, 0x0, 0x0, 0x0, 0x0, 0x2, 0x0,
    0x0, 0xa, 0xf3, 0x0, 0xf, 0xd0, 0x0, 0x0,
    0x0, 0x0, 0xce, 0x10, 0x0, 0xaf, 0x30, 0x0,
    0xfd, 0x0, 0x0, 0x0, 0x0, 0xe, 0xf0, 0x0,
    0xa, 0xf3, 0x0, 0xf, 0xd0, 0x0, 0x0, 0x0,
    0x2, 0xfd, 0x0, 0x0, 0xbf, 0x30, 0x0, 0xff,
    0x52, 0x0, 0x0, 0x3, 0xbf, 0x90, 0x1e, 0xef,
    0xf1, 0x0, 0xd, 0xff, 0xff, 0xff, 0xff, 0xff,
    0xf3, 0x0, 0xbe, 0xf8, 0x0, 0x0, 0x2a, 0xde,
    0xff, 0xff, 0xfd, 0xb5, 0x0,

    /* U+629B "抛" */
    0x0, 0x15, 0x10, 0x0, 0x35, 0x0, 0x0, 0x0,
    0x53, 0x0, 0x0, 0x0, 0x5f, 0x50, 0x0, 0xaf,
    0x0, 0x0, 0x2, 0xf9, 0x0, 0x0, 0x0, 0x5f,
    0x50, 0x0, 0xaf, 0x0, 0x0, 0x2, 0xf9, 0x0,
    0x0, 0x0, 0x5f, 0x50, 0x0, 0xbf, 0x0, 0x0,
    0x2, 0xf9, 0x0, 0x0, 0x45, 0x8f, 0x85, 0x0,
    0xbf, 0x0, 0x0, 0xbe, 0xff, 0xee, 0xd0, 0xcf,
    0xff, 0xff, 0x3f, 0xff, 0xff, 0xf1, 0xbe, 0xff,
    0xef, 0xe0, 0x57, 0xaf, 0xa7, 0x2b, 0xff, 0xbe,
    0xf1, 0x3, 0xf8, 0xd, 0xe0, 0x0, 0x5f, 0x50,
    0x0, 0xde, 0x9, 0xf1, 0x4, 0xf8, 0xd, 0xe0,
    0x0, 0x5f, 0x50, 0x0, 0xed, 0x9, 0xf1, 0x5,
    0xf7, 0xd, 0xe0, 0x0, 0x5f, 0x65, 0x0, 0xfc,
    0x9, 0xf1, 0x6, 0xf6, 0xd, 0xe0, 0x0, 0x5f,
    0xfd, 0x0, 0xfb, 0x9, 0xf1, 0x8, 0xf4, 0xd,
    0xd0, 0x5, 0xdf, 0xe3, 0x2, 0xf9, 0x9, 0xf1,
    0xa, 0xf2, 0xe, 0xd0, 0xbf, 0xff, 0x50, 0x4,
    0xf7, 0x9, 0xf1, 0xd, 0xf0, 0xe, 0xc0, 0x7b,
    0x8f, 0x50, 0x6, 0xf5, 0x9, 0xf1, 0x1f, 0xb0,
    0xe, 0xb0, 0x0, 0x5f, 0x50, 0x9, 0xf2, 0x9,
    0xf1, 0x7f, 0x70, 0xf, 0xa0, 0x0, 0x5f, 0x50,
    0xc, 0xf0, 0x9, 0xf1, 0xdf, 0x10, 0x1f, 0x80,
    0x0, 0x5f, 0x50, 0xf, 0xb0, 0x9, 0xf7, 0xfa,
    0x1c, 0xdf, 0x40, 0x0, 0x5f, 0x50, 0x5f, 0x70,
    0x9, 0xf2, 0xb2, 0xd, 0xf9, 0x0, 0x0, 0x5f,
    0x50, 0xaf, 0x20, 0x9, 0xf1, 0x0, 0x0, 0x0,
    0xd9, 0x0, 0x5f, 0x51, 0xfc, 0x0, 0x9, 0xf2,
    0x0, 0x0, 0x1, 0xfb, 0x49, 0xcf, 0x48, 0xf5,
    0x0, 0x7, 0xfd, 0xa9, 0x9a, 0xbe, 0xf6, 0x4e,
    0xfb, 0x3, 0xb0, 0x0, 0x1, 0xae, 0xff, 0xff,
    0xfe, 0xb0,

    /* U+62C9 "拉" */
    0x0, 0x3, 0x94, 0x0, 0x0, 0x0, 0x3, 0x70,
    0x0, 0x0, 0x0, 0x0, 0x6, 0xf7, 0x0, 0x0,
    0x0, 0xf, 0xf1, 0x0, 0x0, 0x0, 0x0, 0x6,
    0xf7, 0x0, 0x0, 0x0, 0xa, 0xf6, 0x0, 0x0,
    0x0, 0x0, 0x6, 0xf7, 0x0, 0x0, 0x0, 0x5,
    0xfa, 0x0, 0x0, 0x0, 0x5b, 0xbd, 0xfd, 0xbb,
    0x19, 0x99, 0x9a, 0xff, 0x99, 0x99, 0x91, 0x8f,
    0xff, 0xff, 0xff, 0x2f, 0xff, 0xff, 0xff, 0xff,
    0xff, 0xf1, 0x1, 0x17, 0xf8, 0x11, 0x3, 0x33,
    0x33, 0x33, 0x33, 0x33, 0x30, 0x0, 0x6, 0xf7,
    0x0, 0x0, 0x13, 0x0, 0x0, 0x0, 0xc8, 0x0,
    0x0, 0x6, 0xf7, 0x0, 0x2, 0xfd, 0x0, 0x0,
    0x3, 0xff, 0x0, 0x0, 0x6, 0xf7, 0x1, 0x0,
    0xff, 0x10, 0x0, 0x6, 0xfc, 0x0, 0x0, 0x6,
    0xfa, 0xaf, 0x0, 0xbf, 0x40, 0x0, 0x9, 0xf8,
    0x0, 0x0, 0x9, 0xff, 0xfc, 0x10, 0x8f, 0x80,
    0x0, 0xc, 0xf5, 0x0, 0x4a, 0xff, 0xfd, 0x50,
    0x0, 0x4f, 0xb0, 0x0, 0xf, 0xf1, 0x0, 0xcf,
    0xfe, 0xf7, 0x0, 0x0, 0x2f, 0xd0, 0x0, 0x3f,
    0xd0, 0x0, 0x68, 0x26, 0xf7, 0x0, 0x0, 0xf,
    0xf0, 0x0, 0x7f, 0x90, 0x0, 0x0, 0x6, 0xf7,
    0x0, 0x0, 0xe, 0xf2, 0x0, 0xcf, 0x50, 0x0,
    0x0, 0x6, 0xf7, 0x0, 0x0, 0xc, 0xf4, 0x0,
    0xff, 0x10, 0x0, 0x0, 0x6, 0xf7, 0x0, 0x0,
    0xa, 0xd3, 0x5, 0xfc, 0x0, 0x0, 0x0, 0x6,
    0xf7, 0x0, 0x0, 0x0, 0x0, 0x9, 0xf7, 0x0,
    0x0, 0x10, 0x7, 0xf7, 0x0, 0xbb, 0xbb, 0xbb,
    0xbe, 0xfd, 0xbb, 0xb8, 0x4f, 0xef, 0xf5, 0x0,
    0xff, 0xff, 0xff, 0xff, 0xff, 0xff, 0xfc, 0x1c,
    0xef, 0xb0, 0x0, 0x0, 0x0, 0x0, 0x0, 0x0,
    0x0, 0x0,

    /* U+62CD "拍" */
    0x0, 0x0, 0x49, 0x30, 0x0, 0x0, 0x0, 0x37,
    0x40, 0x0, 0x0, 0x0, 0x0, 0x7f, 0x60, 0x0,
    0x0, 0x0, 0x9f, 0xb0, 0x0, 0x0, 0x0, 0x0,
    0x7f, 0x60, 0x0, 0x0, 0x0, 0xef, 0x50, 0x0,
    0x0, 0x0, 0x0, 0x7f, 0x60, 0x0, 0x58, 0x89,
    0xff, 0x88, 0x88, 0x86, 0xa, 0xbb, 0xdf, 0xdb,
    0xb3, 0xaf, 0xff, 0xff, 0xff, 0xff, 0xfc, 0xe,
    0xff, 0xff, 0xff, 0xf5, 0xaf, 0x64, 0x44, 0x44,
    0x44, 0xfc, 0x1, 0x11, 0x8f, 0x71, 0x10, 0xaf,
    0x30, 0x0, 0x0, 0x1, 0xfc, 0x0, 0x0, 0x7f,
    0x60, 0x0, 0xaf, 0x30, 0x0, 0x0, 0x1, 0xfc,
    0x0, 0x0, 0x7f, 0x60, 0x0, 0xaf, 0x30, 0x0,
    0x0, 0x1, 0xfc, 0x0, 0x0, 0x7f, 0x60, 0x0,
    0xaf, 0x30, 0x0, 0x0, 0x1, 0xfc, 0x0, 0x0,
    0x7f, 0x63, 0xa6, 0xaf, 0x30, 0x0, 0x0, 0x1,
    0xfc, 0x0, 0x0, 0x7f, 0xef, 0xf8, 0xaf, 0xff,
    0xff, 0xff, 0xff, 0xfc, 0x1, 0x7c, 0xff, 0xfb,
    0x30, 0xaf, 0xcb, 0xbb, 0xbb, 0xbc, 0xfc, 0x1f,
    0xff, 0xff, 0x70, 0x0, 0xaf, 0x30, 0x0, 0x0,
    0x1, 0xfc, 0xb, 0xb5, 0x7f, 0x60, 0x0, 0xaf,
    0x30, 0x0, 0x0, 0x1, 0xfc, 0x0, 0x0, 0x7f,
    0x60, 0x0, 0xaf, 0x30, 0x0, 0x0, 0x1, 0xfc,
    0x0, 0x0, 0x7f, 0x60, 0x0, 0xaf, 0x30, 0x0,
    0x0, 0x1, 0xfc, 0x0, 0x0, 0x7f, 0x60, 0x0,
    0xaf, 0x30, 0x0, 0x0, 0x1, 0xfc, 0x0, 0x0,
    0x7f, 0x60, 0x0, 0xaf, 0xdd, 0xdd, 0xdd, 0xdd,
    0xfc, 0x0, 0x0, 0x8f, 0x60, 0x0, 0xaf, 0xff,
    0xff, 0xff, 0xff, 0xfc, 0xb, 0xfe, 0xff, 0x50,
    0x0, 0xaf, 0x30, 0x0, 0x0, 0x1, 0xfc, 0x6,
    0xde, 0xfb, 0x0, 0x0, 0xaf, 0x30, 0x0, 0x0,
    0x1, 0xeb,

    /* U+62D6 "拖" */
    0x0, 0x7, 0x90, 0x0, 0x0, 0x7, 0x60, 0x0,
    0x0, 0x0, 0x0, 0x0, 0xc, 0xf1, 0x0, 0x0,
    0x1f, 0xe0, 0x0, 0x0, 0x0, 0x0, 0x0, 0xc,
    0xf1, 0x0, 0x0, 0x8f, 0x80, 0x0, 0x0, 0x0,
    0x0, 0x0, 0xc, 0xf1, 0x0, 0x2, 0xff, 0xcb,
    0xbb, 0xbb, 0xbb, 0xb3, 0x69, 0x9e, 0xfa, 0x90,
    0xb, 0xff, 0xff, 0xff, 0xff, 0xff, 0xf5, 0xbf,
    0xff, 0xff, 0xf0, 0x8f, 0xd1, 0x0, 0x0, 0x0,
    0x0, 0x0, 0x11, 0x1c, 0xf3, 0x16, 0xff, 0x20,
    0x0, 0xa9, 0x0, 0x0, 0x0, 0x0, 0xc, 0xf1,
    0xd, 0xf5, 0x74, 0x0, 0xed, 0x0, 0x0, 0x0,
    0x0, 0xc, 0xf1, 0x1, 0x41, 0xfb, 0x0, 0xed,
    0x0, 0x16, 0x70, 0x0, 0xc, 0xf1, 0x1, 0x1,
    0xfb, 0x0, 0xee, 0x7c, 0xff, 0xa0, 0x0, 0xc,
    0xf8, 0xe7, 0x1, 0xfb, 0x38, 0xff, 0xff, 0xef,
    0xa0, 0x0, 0x3e, 0xff, 0xf5, 0x5, 0xff, 0xff,
    0xff, 0x62, 0x2f, 0x90, 0x7d, 0xff, 0xf9, 0x14,
    0xff, 0xfe, 0x95, 0xed, 0x0, 0x3f, 0x90, 0x8f,
    0xee, 0xf1, 0x1, 0xb8, 0xfb, 0x0, 0xed, 0x0,
    0x4f, 0x80, 0x25, 0xc, 0xf1, 0x0, 0x1, 0xfb,
    0x0, 0xed, 0x0, 0x6f, 0x70, 0x0, 0xc, 0xf1,
    0x0, 0x1, 0xfb, 0x0, 0xed, 0x45, 0xbf, 0x50,
    0x0, 0xc, 0xf1, 0x0, 0x1, 0xfb, 0x0, 0xed,
    0x6f, 0xff, 0x10, 0x0, 0xc, 0xf1, 0x0, 0x1,
    0xfb, 0x0, 0xed, 0x18, 0x93, 0xa3, 0x0, 0xc,
    0xf1, 0x0, 0x1, 0xfb, 0x0, 0x22, 0x0, 0x2,
    0xfa, 0x10, 0xd, 0xf1, 0x0, 0x1, 0xfc, 0x0,
    0x0, 0x0, 0x7, 0xf6, 0x8f, 0xef, 0xf0, 0x0,
    0x0, 0xef, 0xec, 0xcc, 0xdd, 0xef, 0xf1, 0x3d,
    0xfe, 0x50, 0x0, 0x0, 0x29, 0xde, 0xee, 0xdd,
    0xca, 0x40,

    /* U+62DF "拟" */
    0x0, 0x7, 0x90, 0x0, 0x0, 0x0, 0x0, 0x0,
    0x0, 0x0, 0x0, 0x0, 0xc, 0xf1, 0x0, 0x0,
    0x7, 0xe0, 0x0, 0x8, 0xe3, 0x0, 0x0, 0xc,
    0xf1, 0x0, 0x12, 0x7, 0xf8, 0x0, 0x9, 0xf3,
    0x0, 0x0, 0xc, 0xf1, 0x0, 0xaf, 0x21, 0xff,
    0x10, 0x9, 0xf3, 0x0, 0x7b, 0xbe, 0xfb, 0xa0,
    0xaf, 0x20, 0x8f, 0x70, 0x9, 0xf2, 0x0, 0xbf,
    0xff, 0xff, 0xf0, 0xaf, 0x20, 0x1f, 0xe0, 0xa,
    0xf2, 0x0, 0x11, 0x1c, 0xf2, 0x10, 0xaf, 0x20,
    0xb, 0xf4, 0xb, 0xf1, 0x0, 0x0, 0xc, 0xf1,
    0x0, 0xaf, 0x20, 0x5, 0xfa, 0xc, 0xf1, 0x0,
    0x0, 0xc, 0xf1, 0x0, 0xaf, 0x20, 0x0, 0x82,
    0xd, 0xf0, 0x0, 0x0, 0xc, 0xf1, 0x1, 0xaf,
    0x20, 0x0, 0x0, 0xf, 0xe0, 0x0, 0x0, 0xc,
    0xf8, 0xe5, 0xaf, 0x20, 0x0, 0x0, 0x1f, 0xc0,
    0x0, 0x0, 0x4e, 0xff, 0xe4, 0xaf, 0x20, 0x0,
    0x0, 0x3f, 0xa0, 0x0, 0x7e, 0xff, 0xf9, 0x0,
    0xaf, 0x20, 0x0, 0x0, 0x6f, 0x80, 0x0, 0x8f,
    0xee, 0xf1, 0x0, 0xaf, 0x20, 0x0, 0x0, 0xaf,
    0x40, 0x0, 0x25, 0xc, 0xf1, 0x0, 0xaf, 0x20,
    0x30, 0x0, 0xff, 0x0, 0x0, 0x0, 0xc, 0xf1,
    0x0, 0xaf, 0x26, 0xf6, 0x7, 0xff, 0x70, 0x0,
    0x0, 0xc, 0xf1, 0x0, 0xaf, 0xaf, 0xd2, 0x1e,
    0xff, 0xf3, 0x0, 0x0, 0xc, 0xf1, 0x0, 0xaf,
    0xfa, 0x0, 0xaf, 0xb4, 0xfe, 0x0, 0x0, 0xc,
    0xf1, 0x0, 0x3e, 0x60, 0x8, 0xfe, 0x10, 0x9f,
    0x80, 0x10, 0xd, 0xf1, 0x0, 0x0, 0x0, 0x9f,
    0xf3, 0x0, 0xe, 0xf2, 0x8f, 0xef, 0xf0, 0x0,
    0x0, 0x5, 0xff, 0x40, 0x0, 0x7, 0xf5, 0x3d,
    0xfe, 0x50, 0x0, 0x0, 0x0, 0xa2, 0x0, 0x0,
    0x0, 0x70,

    /* U+62E9 "择" */
    0x0, 0x5, 0x91, 0x0, 0x0, 0x0, 0x0, 0x0,
    0x0, 0x0, 0x0, 0x0, 0xa, 0xf3, 0x0, 0x8a,
    0xaa, 0xaa, 0xaa, 0xaa, 0xa8, 0x0, 0x0, 0xa,
    0xf3, 0x0, 0xcf, 0xff, 0xff, 0xff, 0xff, 0xfc,
    0x0, 0x0, 0xa, 0xf3, 0x0, 0x5, 0xf9, 0x0,
    0x0, 0xc, 0xf4, 0x0, 0x3b, 0xbe, 0xfc, 0xb8,
    0x0, 0xbf, 0x50, 0x0, 0x8f, 0xa0, 0x0, 0x4f,
    0xff, 0xff, 0xfc, 0x0, 0x1e, 0xf3, 0x8, 0xfd,
    0x0, 0x0, 0x1, 0x1b, 0xf4, 0x11, 0x0, 0x2,
    0xef, 0xcf, 0xd1, 0x0, 0x0, 0x0, 0xa, 0xf3,
    0x0, 0x0, 0x4, 0xcf, 0xff, 0x70, 0x0, 0x0,
    0x0, 0xa, 0xf3, 0x0, 0x48, 0xdf, 0xfd, 0xaf,
    0xff, 0xa6, 0x20, 0x0, 0xa, 0xf3, 0x7, 0xff,
    0xfd, 0x50, 0x2, 0xaf, 0xff, 0xf5, 0x0, 0xa,
    0xf3, 0x34, 0xb7, 0x20, 0xa, 0xe1, 0x0, 0x59,
    0xb0, 0x0, 0xa, 0xfe, 0xf8, 0x0, 0x0, 0xc,
    0xf2, 0x0, 0x0, 0x0, 0x16, 0xbf, 0xff, 0xa2,
    0x1a, 0xaa, 0xae, 0xfa, 0xaa, 0xaa, 0x10, 0x7f,
    0xff, 0xf4, 0x0, 0x2f, 0xff, 0xff, 0xff, 0xff,
    0xff, 0x30, 0x1c, 0x7b, 0xf3, 0x0, 0x0, 0x0,
    0xc, 0xf2, 0x0, 0x0, 0x0, 0x0, 0xa, 0xf3,
    0x0, 0x0, 0x0, 0xc, 0xf2, 0x0, 0x0, 0x0,
    0x0, 0xa, 0xf3, 0x4, 0xbb, 0xbb, 0xbe, 0xfb,
    0xbb, 0xbb, 0xb2, 0x0, 0xa, 0xf3, 0x7, 0xff,
    0xff, 0xff, 0xff, 0xff, 0xff, 0xf3, 0x0, 0xa,
    0xf3, 0x0, 0x11, 0x11, 0x1c, 0xf3, 0x11, 0x11,
    0x10, 0x1, 0xb, 0xf3, 0x0, 0x0, 0x0, 0xc,
    0xf2, 0x0, 0x0, 0x0, 0xf, 0xef, 0xf1, 0x0,
    0x0, 0x0, 0xc, 0xf2, 0x0, 0x0, 0x0, 0xa,
    0xef, 0x80, 0x0, 0x0, 0x0, 0xc, 0xf2, 0x0,
    0x0, 0x0,

    /* U+62FF "拿" */
    0x0, 0x0, 0x0, 0x0, 0x0, 0x37, 0x20, 0x0,
    0x0, 0x0, 0x0, 0x0, 0x0, 0x0, 0x0, 0x7,
    0xff, 0x70, 0x0, 0x0, 0x0, 0x0, 0x0, 0x0,
    0x0, 0x5, 0xdf, 0xce, 0xfa, 0x30, 0x0, 0x0,
    0x0, 0x0, 0x0, 0x6, 0xdf, 0xe5, 0x0, 0x7e,
    0xfc, 0x50, 0x0, 0x0, 0x0, 0x39, 0xff, 0xfe,
    0x87, 0x77, 0x78, 0xef, 0xff, 0xa5, 0x10, 0x3e,
    0xff, 0xe8, 0x8f, 0xff, 0xff, 0xff, 0xf9, 0x6c,
    0xff, 0xf8, 0xb, 0xb6, 0x0, 0x0, 0x0, 0x0,
    0x0, 0x0, 0x0, 0x38, 0xd2, 0x0, 0x0, 0xff,
    0xff, 0xff, 0xff, 0xff, 0xff, 0xff, 0x50, 0x0,
    0x0, 0x0, 0xfd, 0x77, 0x77, 0x77, 0x77, 0x77,
    0xaf, 0x50, 0x0, 0x0, 0x0, 0xfb, 0x11, 0x11,
    0x11, 0x11, 0x11, 0x6f, 0x50, 0x0, 0x0, 0x0,
    0xff, 0xff, 0xff, 0xff, 0xff, 0xff, 0xff, 0x50,
    0x0, 0x0, 0x0, 0x34, 0x44, 0x55, 0x56, 0x78,
    0x9a, 0xbc, 0xa2, 0x0, 0x6, 0xff, 0xff, 0xff,
    0xff, 0xff, 0xff, 0xff, 0xff, 0xfa, 0x0, 0x1,
    0x88, 0x77, 0x76, 0x66, 0xdf, 0x76, 0x55, 0x43,
    0x32, 0x0, 0x0, 0x88, 0x88, 0x88, 0x88, 0xef,
    0x88, 0x88, 0x88, 0x88, 0x10, 0x0, 0xff, 0xff,
    0xff, 0xff, 0xff, 0xff, 0xff, 0xff, 0xff, 0x30,
    0x0, 0x0, 0x0, 0x0, 0x0, 0xcf, 0x10, 0x0,
    0x0, 0x0, 0x0, 0x6f, 0xff, 0xff, 0xff, 0xff,
    0xff, 0xff, 0xff, 0xff, 0xff, 0xfe, 0x38, 0x88,
    0x88, 0x88, 0x88, 0xef, 0x98, 0x88, 0x88, 0x88,
    0x88, 0x0, 0x0, 0x0, 0x0, 0x0, 0xcf, 0x0,
    0x0, 0x0, 0x0, 0x0, 0x0, 0x0, 0x0, 0x5b,
    0x98, 0xff, 0x0, 0x0, 0x0, 0x0, 0x0, 0x0,
    0x0, 0x0, 0x4f, 0xff, 0xf8, 0x0, 0x0, 0x0,
    0x0, 0x0, 0x0, 0x0, 0x0, 0x0, 0x1, 0x0,
    0x0, 0x0, 0x0, 0x0, 0x0,

    /* U+6301 "持" */
    0x0, 0x0, 0x14, 0x10, 0x0, 0x0, 0x0, 0x2,
    0x52, 0x0, 0x0, 0x0, 0x0, 0x7, 0xf6, 0x0,
    0x0, 0x0, 0x0, 0x8f, 0x50, 0x0, 0x0, 0x0,
    0x0, 0x7f, 0x60, 0x0, 0x0, 0x0, 0x8, 0xf5,
    0x0, 0x0, 0x0, 0x0, 0x7, 0xf6, 0x0, 0x0,
    0xbc, 0xcc, 0xef, 0xdc, 0xcc, 0x90, 0xa, 0xbb,
    0xdf, 0xdb, 0xb3, 0xb, 0xcc, 0xce, 0xfd, 0xcc,
    0xc9, 0x0, 0xef, 0xff, 0xff, 0xff, 0x50, 0x0,
    0x0, 0x8f, 0x50, 0x0, 0x0, 0x1, 0x11, 0x8f,
    0x71, 0x10, 0x0, 0x0, 0x8, 0xf5, 0x0, 0x0,
    0x0, 0x0, 0x7, 0xf6, 0x0, 0x0, 0x0, 0x0,
    0x8f, 0x60, 0x0, 0x0, 0x0, 0x0, 0x7f, 0x60,
    0x0, 0xff, 0xff, 0xff, 0xff, 0xff, 0xff, 0x80,
    0x0, 0x7, 0xf6, 0x0, 0xb, 0xbb, 0xbb, 0xbb,
    0xbb, 0xbb, 0xb6, 0x0, 0x0, 0x7f, 0x75, 0xb7,
    0x0, 0x0, 0x0, 0x0, 0x7e, 0x50, 0x0, 0x0,
    0x8, 0xff, 0xff, 0x70, 0x0, 0x0, 0x0, 0x8,
    0xf5, 0x0, 0x3, 0x8e, 0xff, 0xf9, 0x20, 0x9b,
    0xbb, 0xbb, 0xbb, 0xdf, 0xdb, 0x71, 0xff, 0xff,
    0xf6, 0x0, 0xd, 0xff, 0xff, 0xff, 0xff, 0xff,
    0xf9, 0xa, 0x93, 0x7f, 0x60, 0x0, 0x0, 0x0,
    0x0, 0x0, 0x8f, 0x60, 0x0, 0x0, 0x7, 0xf6,
    0x0, 0x0, 0x4d, 0x50, 0x0, 0x8, 0xf5, 0x0,
    0x0, 0x0, 0x7f, 0x60, 0x0, 0x3, 0xff, 0x10,
    0x0, 0x8f, 0x50, 0x0, 0x0, 0x7, 0xf6, 0x0,
    0x0, 0x8, 0xfa, 0x0, 0x8, 0xf5, 0x0, 0x0,
    0x0, 0x7f, 0x60, 0x0, 0x0, 0x1d, 0x60, 0x0,
    0x8f, 0x50, 0x0, 0x21, 0x8, 0xf6, 0x0, 0x0,
    0x0, 0x0, 0x20, 0x9, 0xf5, 0x0, 0xb, 0xff,
    0xff, 0x50, 0x0, 0x0, 0x0, 0xd, 0xfe, 0xff,
    0x30, 0x0, 0x6d, 0xef, 0xb0, 0x0, 0x0, 0x0,
    0x0, 0x8d, 0xfe, 0x80, 0x0,

    /* U+6302 "挂" */
    0x0, 0x2, 0x30, 0x0, 0x0, 0x0, 0x0, 0x32,
    0x0, 0x0, 0x0, 0x0, 0xa, 0xf3, 0x0, 0x0,
    0x0, 0x3, 0xfa, 0x0, 0x0, 0x0, 0x0, 0xa,
    0xf3, 0x0, 0x0, 0x0, 0x3, 0xfa, 0x0, 0x0,
    0x0, 0x0, 0xa, 0xf3, 0x0, 0x5, 0x55, 0x58,
    0xfc, 0x55, 0x55, 0x10, 0x3b, 0xbe, 0xfc, 0xb8,
    0xe, 0xff, 0xff, 0xff, 0xff, 0xff, 0x50, 0x4f,
    0xff, 0xff, 0xfc, 0x5, 0x55, 0x57, 0xfc, 0x55,
    0x55, 0x10, 0x1, 0x1b, 0xf4, 0x11, 0x0, 0x0,
    0x3, 0xfa, 0x0, 0x0, 0x0, 0x0, 0xa, 0xf3,
    0x0, 0x0, 0x0, 0x3, 0xfa, 0x0, 0x0, 0x0,
    0x0, 0xa, 0xf3, 0x0, 0x0, 0x0, 0x4, 0xfa,
    0x0, 0x0, 0x0, 0x0, 0xa, 0xf3, 0x0, 0xcf,
    0xff, 0xff, 0xff, 0xff, 0xff, 0xf5, 0x0, 0xa,
    0xf3, 0x0, 0x8b, 0xbb, 0xbb, 0xbb, 0xbb, 0xbb,
    0xb4, 0x0, 0xa, 0xf7, 0xa7, 0x0, 0x0, 0x0,
    0x32, 0x0, 0x0, 0x0, 0x0, 0x3d, 0xff, 0xf7,
    0x0, 0x0, 0x0, 0xfb, 0x0, 0x0, 0x0, 0x5e,
    0xff, 0xfa, 0x20, 0x0, 0x0, 0x0, 0xfb, 0x0,
    0x0, 0x0, 0x3f, 0xdd, 0xf3, 0x0, 0x1, 0x22,
    0x22, 0xfc, 0x22, 0x22, 0x10, 0x2, 0xa, 0xf3,
    0x0, 0xd, 0xff, 0xff, 0xff, 0xff, 0xff, 0x80,
    0x0, 0xa, 0xf3, 0x0, 0x8, 0xaa, 0xaa, 0xfe,
    0xaa, 0xaa, 0x50, 0x0, 0xa, 0xf3, 0x0, 0x0,
    0x0, 0x0, 0xfb, 0x0, 0x0, 0x0, 0x0, 0xa,
    0xf3, 0x0, 0x0, 0x0, 0x0, 0xfb, 0x0, 0x0,
    0x0, 0x0, 0xb, 0xf3, 0x0, 0x0, 0x0, 0x0,
    0xfb, 0x0, 0x0, 0x0, 0x1d, 0xdf, 0xf2, 0x0,
    0xcc, 0xcc, 0xcc, 0xff, 0xcc, 0xcc, 0xca, 0xb,
    0xef, 0x90, 0x1, 0xff, 0xff, 0xff, 0xff, 0xff,
    0xff, 0xfd,

    /* U+6307 "指" */
    0x0, 0x0, 0x49, 0x30, 0x0, 0x69, 0x10, 0x0,
    0x0, 0x0, 0x0, 0x0, 0x0, 0x7, 0xf6, 0x0,
    0xa, 0xf3, 0x0, 0x0, 0x15, 0x98, 0x0, 0x0,
    0x0, 0x7f, 0x60, 0x0, 0xaf, 0x30, 0x48, 0xcf,
    0xff, 0xf3, 0x0, 0x0, 0x7, 0xf6, 0x0, 0xa,
    0xfd, 0xff, 0xff, 0xe9, 0x51, 0x0, 0x9, 0xaa,
    0xcf, 0xca, 0xa3, 0xaf, 0xfc, 0x85, 0x20, 0x0,
    0x87, 0x0, 0xef, 0xff, 0xff, 0xff, 0x5a, 0xf3,
    0x0, 0x0, 0x0, 0xe, 0xf0, 0x2, 0x22, 0x8f,
    0x82, 0x20, 0xaf, 0x30, 0x0, 0x0, 0x4, 0xfd,
    0x0, 0x0, 0x7, 0xf6, 0x0, 0x9, 0xfe, 0xbb,
    0xcc, 0xde, 0xff, 0x70, 0x0, 0x0, 0x7f, 0x60,
    0x0, 0x3d, 0xff, 0xff, 0xff, 0xdb, 0x60, 0x0,
    0x0, 0x7, 0xf6, 0x0, 0x0, 0x0, 0x0, 0x0,
    0x0, 0x0, 0x0, 0x0, 0x0, 0x7f, 0x62, 0x96,
    0x1, 0x11, 0x11, 0x11, 0x11, 0x10, 0x0, 0x0,
    0x7, 0xfd, 0xff, 0x87, 0xff, 0xff, 0xff, 0xff,
    0xff, 0x10, 0x0, 0x49, 0xef, 0xfd, 0x60, 0x7f,
    0xba, 0xaa, 0xaa, 0xae, 0xf1, 0x1, 0xff, 0xff,
    0xf8, 0x0, 0x7, 0xf4, 0x0, 0x0, 0x0, 0xbf,
    0x10, 0xb, 0xb5, 0x8f, 0x60, 0x0, 0x7f, 0x50,
    0x0, 0x0, 0xb, 0xf1, 0x0, 0x0, 0x7, 0xf6,
    0x0, 0x7, 0xff, 0xff, 0xff, 0xff, 0xff, 0x10,
    0x0, 0x0, 0x7f, 0x60, 0x0, 0x7f, 0xba, 0xaa,
    0xaa, 0xae, 0xf1, 0x0, 0x0, 0x7, 0xf6, 0x0,
    0x7, 0xf4, 0x0, 0x0, 0x0, 0xbf, 0x10, 0x0,
    0x0, 0x7f, 0x60, 0x0, 0x7f, 0x40, 0x0, 0x0,
    0xb, 0xf1, 0x0, 0x10, 0x8, 0xf6, 0x0, 0x7,
    0xfd, 0xbb, 0xbb, 0xbb, 0xef, 0x10, 0xb, 0xfe,
    0xff, 0x50, 0x0, 0x7f, 0xff, 0xff, 0xff, 0xff,
    0xf1, 0x0, 0x6d, 0xef, 0xb0, 0x0, 0x7, 0xf4,
    0x0, 0x0, 0x0, 0xbf, 0x10,

    /* U+6309 "按" */
    0x0, 0x0, 0x39, 0x40, 0x0, 0x0, 0x0, 0x5,
    0x30, 0x0, 0x0, 0x0, 0x0, 0x6, 0xf7, 0x0,
    0x0, 0x0, 0x6, 0xf9, 0x0, 0x0, 0x0, 0x0,
    0x0, 0x6f, 0x70, 0x0, 0x0, 0x0, 0x1f, 0xe0,
    0x0, 0x0, 0x0, 0x0, 0x6, 0xf7, 0x0, 0x16,
    0x66, 0x66, 0xef, 0x86, 0x66, 0x64, 0x5, 0xbb,
    0xdf, 0xdb, 0xb4, 0xff, 0xff, 0xff, 0xff, 0xff,
    0xff, 0x90, 0x8f, 0xff, 0xff, 0xff, 0x5f, 0xa4,
    0x44, 0x44, 0x44, 0x46, 0xf9, 0x0, 0x11, 0x7f,
    0x81, 0x14, 0xf9, 0x0, 0x9e, 0x40, 0x0, 0x2f,
    0x90, 0x0, 0x6, 0xf7, 0x0, 0x2b, 0x60, 0xe,
    0xf0, 0x0, 0x1, 0xb7, 0x0, 0x0, 0x6f, 0x70,
    0x0, 0x0, 0x4, 0xfb, 0x0, 0x0, 0x0, 0x0,
    0x0, 0x6, 0xf7, 0x2a, 0x0, 0x0, 0x9f, 0x70,
    0x0, 0x0, 0x0, 0x0, 0x0, 0x6f, 0xef, 0xf8,
    0xff, 0xff, 0xff, 0xff, 0xff, 0xff, 0xc0, 0x1,
    0x7e, 0xff, 0xb3, 0x4a, 0xad, 0xfd, 0xaa, 0xad,
    0xfd, 0xa8, 0x1b, 0xff, 0xff, 0x80, 0x0, 0x0,
    0xdf, 0x30, 0x0, 0xaf, 0x50, 0x0, 0xef, 0xa9,
    0xf7, 0x0, 0x0, 0x5f, 0xc0, 0x0, 0xe, 0xf1,
    0x0, 0x4, 0x10, 0x6f, 0x70, 0x0, 0xc, 0xf8,
    0x0, 0x4, 0xfc, 0x0, 0x0, 0x0, 0x6, 0xf7,
    0x0, 0x0, 0x9f, 0xfc, 0x40, 0xbf, 0x50, 0x0,
    0x0, 0x0, 0x6f, 0x70, 0x0, 0x0, 0x2a, 0xff,
    0xcf, 0xc0, 0x0, 0x0, 0x0, 0x6, 0xf7, 0x0,
    0x0, 0x0, 0x3, 0xff, 0xfb, 0x0, 0x0, 0x0,
    0x0, 0x6f, 0x70, 0x0, 0x0, 0x4, 0xdf, 0xfe,
    0xfe, 0x40, 0x0, 0x10, 0x7, 0xf7, 0x0, 0x1,
    0x6c, 0xff, 0xd3, 0x19, 0xff, 0x90, 0x4, 0xfe,
    0xff, 0x50, 0xd, 0xff, 0xfe, 0x60, 0x0, 0x4,
    0xef, 0xb0, 0x1c, 0xef, 0xb0, 0x0, 0xad, 0x94,
    0x0, 0x0, 0x0, 0x1, 0xc3, 0x0, 0x0, 0x0,
    0x0, 0x0, 0x0, 0x0, 0x0, 0x0, 0x0, 0x0,
    0x0,

    /* U+632F "振" */
    0x0, 0x19, 0x50, 0x0, 0x0, 0x0, 0x0, 0x0,
    0x0, 0x0, 0x0, 0x0, 0x2, 0xfa, 0x0, 0x8,
    0xaa, 0xaa, 0xaa, 0xaa, 0xaa, 0xaa, 0x20, 0x0,
    0x2f, 0xa0, 0x0, 0xcf, 0xff, 0xff, 0xff, 0xff,
    0xff, 0xf4, 0x0, 0x2, 0xfa, 0x0, 0xc, 0xf0,
    0x0, 0x0, 0x0, 0x0, 0x0, 0x0, 0x39, 0xaf,
    0xd9, 0x80, 0xcf, 0x0, 0x0, 0x0, 0x0, 0x0,
    0x0, 0x6, 0xff, 0xff, 0xfe, 0xc, 0xf0, 0x9a,
    0xaa, 0xaa, 0xaa, 0xa2, 0x0, 0x13, 0x4f, 0xb3,
    0x20, 0xcf, 0xe, 0xff, 0xff, 0xff, 0xff, 0x40,
    0x0, 0x2, 0xfa, 0x0, 0xc, 0xf0, 0x0, 0x0,
    0x0, 0x0, 0x0, 0x0, 0x0, 0x2f, 0xa0, 0x0,
    0xcf, 0x0, 0x0, 0x0, 0x0, 0x0, 0x0, 0x0,
    0x2, 0xfa, 0x0, 0xc, 0xfa, 0xaa, 0xaa, 0xaa,
    0xaa, 0xaa, 0x70, 0x0, 0x2f, 0xba, 0x90, 0xcf,
    0xff, 0xff, 0xff, 0xff, 0xff, 0xfb, 0x0, 0x3,
    0xff, 0xf9, 0xd, 0xf0, 0xaf, 0x31, 0xf9, 0x0,
    0x0, 0x0, 0x3a, 0xff, 0xe5, 0x0, 0xee, 0xa,
    0xf2, 0xd, 0xd0, 0x4, 0xd4, 0x8, 0xff, 0xfa,
    0x0, 0xf, 0xd0, 0xaf, 0x20, 0x9f, 0x13, 0xef,
    0x70, 0x39, 0x3f, 0xa0, 0x2, 0xfb, 0xa, 0xf2,
    0x4, 0xf9, 0xff, 0x80, 0x0, 0x2, 0xfa, 0x0,
    0x4f, 0x90, 0xaf, 0x20, 0xd, 0xff, 0x50, 0x0,
    0x0, 0x2f, 0xa0, 0x7, 0xf6, 0xa, 0xf2, 0x0,
    0x6f, 0x70, 0x0, 0x0, 0x2, 0xfa, 0x0, 0xbf,
    0x30, 0xaf, 0x20, 0x0, 0xdf, 0x20, 0x0, 0x0,
    0x2f, 0xa0, 0xf, 0xf0, 0xa, 0xf2, 0x2, 0x33,
    0xfe, 0x20, 0x0, 0x2, 0xfa, 0x5, 0xfb, 0x0,
    0xaf, 0x4a, 0xf8, 0x6, 0xfe, 0x40, 0x3e, 0xdf,
    0x90, 0xbf, 0x50, 0xa, 0xff, 0xf9, 0x10, 0x7,
    0xff, 0x20, 0xdf, 0xd3, 0x2, 0xa0, 0x0, 0x6e,
    0x82, 0x0, 0x0, 0x5, 0xa0, 0x0, 0x0, 0x0,
    0x0, 0x0, 0x0, 0x0, 0x0, 0x0, 0x0, 0x0,
    0x0,

    /* U+6362 "换" */
    0x0, 0x7, 0x90, 0x0, 0x0, 0x0, 0x95, 0x0,
    0x0, 0x0, 0x0, 0x0, 0x0, 0xcf, 0x10, 0x0,
    0x0, 0x6f, 0x90, 0x0, 0x0, 0x0, 0x0, 0x0,
    0xc, 0xf1, 0x0, 0x0, 0x1e, 0xfa, 0x99, 0x99,
    0x0, 0x0, 0x0, 0x0, 0xcf, 0x10, 0x0, 0xa,
    0xff, 0xff, 0xff, 0xf1, 0x0, 0x0, 0x7a, 0xae,
    0xfb, 0xa0, 0x8, 0xfd, 0x22, 0x24, 0xfd, 0x0,
    0x0, 0xb, 0xff, 0xff, 0xff, 0x6, 0xff, 0x20,
    0x0, 0xaf, 0x50, 0x0, 0x0, 0x24, 0x4d, 0xf5,
    0x30, 0xa, 0x30, 0x0, 0x2f, 0xd0, 0x0, 0x0,
    0x0, 0x0, 0xcf, 0x10, 0x2, 0xbb, 0xbb, 0xbd,
    0xfe, 0xbb, 0xb9, 0x0, 0x0, 0xc, 0xf1, 0x0,
    0x3f, 0xff, 0xff, 0xff, 0xff, 0xff, 0xc0, 0x0,
    0x0, 0xcf, 0x10, 0x3, 0xfa, 0x0, 0x3f, 0xb0,
    0x1, 0xfc, 0x0, 0x0, 0xc, 0xf6, 0xc7, 0x3f,
    0xa0, 0x5, 0xf9, 0x0, 0x1f, 0xc0, 0x0, 0x3,
    0xef, 0xff, 0x63, 0xfa, 0x0, 0x8f, 0x70, 0x1,
    0xfc, 0x0, 0x7d, 0xff, 0xf9, 0x10, 0x3f, 0xa0,
    0xb, 0xf5, 0x0, 0x1f, 0xc0, 0x8, 0xfd, 0xef,
    0x10, 0x5c, 0xfe, 0xbb, 0xff, 0xcb, 0xbb, 0xfe,
    0xb0, 0x14, 0xc, 0xf1, 0x8, 0xff, 0xff, 0xff,
    0xff, 0xff, 0xff, 0xff, 0x0, 0x0, 0xcf, 0x10,
    0x1, 0x11, 0x19, 0xfc, 0xfc, 0x11, 0x11, 0x10,
    0x0, 0xc, 0xf1, 0x0, 0x0, 0x1, 0xff, 0x2c,
    0xf4, 0x0, 0x0, 0x0, 0x0, 0xcf, 0x10, 0x0,
    0x0, 0xcf, 0x90, 0x3f, 0xf2, 0x0, 0x0, 0x0,
    0xc, 0xf1, 0x0, 0x1, 0xcf, 0xd0, 0x0, 0x8f,
    0xe5, 0x0, 0x1, 0x0, 0xdf, 0x10, 0x5, 0xef,
    0xd1, 0x0, 0x0, 0xaf, 0xfb, 0x30, 0x8f, 0xef,
    0xf0, 0x8, 0xff, 0xb1, 0x0, 0x0, 0x0, 0x8f,
    0xfd, 0x3, 0xdf, 0xe5, 0x0, 0x8, 0x50, 0x0,
    0x0, 0x0, 0x0, 0x3b, 0x50,

    /* U+636E "据" */
    0x0, 0x7, 0x90, 0x0, 0x0, 0x0, 0x0, 0x0,
    0x0, 0x0, 0x0, 0x0, 0xc, 0xf1, 0x0, 0x6a,
    0xaa, 0xaa, 0xaa, 0xaa, 0xaa, 0x80, 0x0, 0xc,
    0xf1, 0x0, 0x9f, 0xff, 0xff, 0xff, 0xff, 0xff,
    0xc0, 0x0, 0xc, 0xf1, 0x0, 0x9f, 0x30, 0x0,
    0x0, 0x0, 0xf, 0xc0, 0x7a, 0xae, 0xfb, 0xa0,
    0x9f, 0x20, 0x0, 0x0, 0x0, 0xf, 0xc0, 0xbf,
    0xff, 0xff, 0xf0, 0x9f, 0xba, 0xaa, 0xaa, 0xaa,
    0xaf, 0xc0, 0x11, 0x1c, 0xf3, 0x10, 0x9f, 0xff,
    0xff, 0xff, 0xff, 0xff, 0xc0, 0x0, 0xc, 0xf1,
    0x0, 0x9f, 0x30, 0x0, 0x1f, 0xb0, 0x0, 0x0,
    0x0, 0xc, 0xf1, 0x0, 0x9f, 0x20, 0x0, 0x1f,
    0xb0, 0x0, 0x0, 0x0, 0xc, 0xf1, 0x0, 0x9f,
    0x30, 0x0, 0x1f, 0xb0, 0x0, 0x0, 0x0, 0xc,
    0xf4, 0xb5, 0x9f, 0xff, 0xff, 0xff, 0xff, 0xff,
    0xf8, 0x0, 0xd, 0xff, 0xf6, 0xaf, 0xba, 0xaa,
    0xaf, 0xea, 0xaa, 0xa5, 0x4a, 0xff, 0xfc, 0x30,
    0xbf, 0x10, 0x0, 0x1f, 0xb0, 0x0, 0x0, 0x9f,
    0xff, 0xf1, 0x0, 0xcf, 0x0, 0x0, 0x1f, 0xb0,
    0x0, 0x0, 0x38, 0x1c, 0xf1, 0x0, 0xef, 0x1b,
    0xbb, 0xbf, 0xeb, 0xbb, 0x80, 0x0, 0xc, 0xf1,
    0x0, 0xfd, 0x2f, 0xff, 0xff, 0xff, 0xff, 0xb0,
    0x0, 0xc, 0xf1, 0x3, 0xfa, 0x2f, 0xb0, 0x0,
    0x0, 0x1f, 0xb0, 0x0, 0xc, 0xf1, 0x7, 0xf7,
    0x2f, 0xb0, 0x0, 0x0, 0x1f, 0xb0, 0x0, 0xc,
    0xf1, 0xa, 0xf3, 0x2f, 0xb0, 0x0, 0x0, 0x1f,
    0xb0, 0x10, 0xd, 0xf1, 0xf, 0xf0, 0x2f, 0xff,
    0xff, 0xff, 0xff, 0xb0, 0x8f, 0xef, 0xf0, 0x4f,
    0xa0, 0x2f, 0xeb, 0xbb, 0xbb, 0xcf, 0xb0, 0x3d,
    0xfe, 0x50, 0x6, 0x40, 0x2f, 0xb0, 0x0, 0x0,
    0x1f, 0xb0,

    /* U+638C "掌" */
    0x0, 0x0, 0x1, 0x0, 0x2, 0x85, 0x0, 0x0,
    0x0, 0x0, 0x0, 0x0, 0x0, 0xaf, 0x30, 0x4,
    0xfa, 0x0, 0xa, 0xe5, 0x0, 0x0, 0x0, 0x0,
    0x8f, 0xc0, 0x4, 0xfa, 0x0, 0x3f, 0xe1, 0x0,
    0x0, 0x37, 0x77, 0x7f, 0xf8, 0x79, 0xfc, 0x77,
    0xcf, 0xb7, 0x77, 0x70, 0x8f, 0xff, 0xff, 0xff,
    0xff, 0xff, 0xff, 0xff, 0xff, 0xff, 0xf0, 0x8f,
    0x50, 0x0, 0x0, 0x0, 0x0, 0x0, 0x0, 0x0,
    0xe, 0xf0, 0x8f, 0x58, 0xff, 0xff, 0xff, 0xff,
    0xff, 0xff, 0xff, 0xe, 0xf0, 0x35, 0x18, 0xfa,
    0x77, 0x77, 0x77, 0x77, 0x77, 0xef, 0x3, 0x40,
    0x0, 0x8, 0xf8, 0x44, 0x44, 0x44, 0x44, 0x44,
    0xef, 0x0, 0x0, 0x0, 0x8, 0xff, 0xff, 0xff,
    0xff, 0xff, 0xff, 0xff, 0x0, 0x0, 0x0, 0x1,
    0x22, 0x22, 0x22, 0x22, 0x22, 0x22, 0x22, 0x0,
    0x0, 0x0, 0x24, 0x45, 0x55, 0x56, 0x67, 0x89,
    0x9a, 0xbc, 0x70, 0x0, 0x0, 0x6f, 0xff, 0xff,
    0xff, 0xff, 0xff, 0xfe, 0xdc, 0xb0, 0x0, 0x0,
    0x5, 0x44, 0x44, 0x45, 0xfc, 0x10, 0x0, 0x0,
    0x0, 0x0, 0x1, 0x77, 0x77, 0x77, 0x78, 0xfd,
    0x77, 0x77, 0x77, 0x75, 0x0, 0x3, 0xff, 0xff,
    0xff, 0xff, 0xff, 0xff, 0xff, 0xff, 0xfb, 0x0,
    0x0, 0x0, 0x0, 0x0, 0x2, 0xfb, 0x0, 0x0,
    0x0, 0x0, 0x0, 0xdf, 0xff, 0xff, 0xff, 0xff,
    0xff, 0xff, 0xff, 0xff, 0xff, 0xf4, 0x68, 0x88,
    0x88, 0x88, 0x89, 0xfd, 0x88, 0x88, 0x88, 0x88,
    0x82, 0x0, 0x0, 0x0, 0x0, 0x2, 0xfb, 0x0,
    0x0, 0x0, 0x0, 0x0, 0x0, 0x0, 0x0, 0x9c,
    0xab, 0xfa, 0x0, 0x0, 0x0, 0x0, 0x0, 0x0,
    0x0, 0x0, 0x5d, 0xff, 0xd3, 0x0, 0x0, 0x0,
    0x0, 0x0,

    /* U+6392 "排" */
    0x0, 0x19, 0x50, 0x0, 0x0, 0x7, 0xa0, 0x0,
    0xa7, 0x0, 0x0, 0x0, 0x2, 0xfa, 0x0, 0x0,
    0x0, 0xbf, 0x10, 0x1f, 0xb0, 0x0, 0x0, 0x0,
    0x2f, 0xa0, 0x0, 0x0, 0xb, 0xf1, 0x1, 0xfb,
    0x0, 0x0, 0x0, 0x2, 0xfa, 0x0, 0x0, 0x0,
    0xbf, 0x10, 0x1f, 0xb0, 0x0, 0x0, 0x4b, 0xbf,
    0xeb, 0x93, 0xee, 0xef, 0xf1, 0x1, 0xff, 0xee,
    0xe6, 0x6, 0xff, 0xff, 0xfe, 0x3d, 0xdd, 0xff,
    0x10, 0x1f, 0xfd, 0xdd, 0x50, 0x1, 0x3f, 0xb1,
    0x10, 0x0, 0xb, 0xf1, 0x1, 0xfb, 0x0, 0x0,
    0x0, 0x2, 0xfa, 0x0, 0x0, 0x0, 0xbf, 0x10,
    0x1f, 0xb0, 0x0, 0x0, 0x0, 0x2f, 0xa0, 0x0,
    0x0, 0xb, 0xf1, 0x1, 0xfb, 0x0, 0x0, 0x0,
    0x2, 0xfa, 0x0, 0x0, 0x0, 0xbf, 0x10, 0x1f,
    0xb0, 0x0, 0x0, 0x0, 0x2f, 0xb8, 0x81, 0xff,
    0xff, 0xf1, 0x1, 0xff, 0xff, 0xf1, 0x0, 0x2,
    0xff, 0xfa, 0xb, 0xbb, 0xef, 0x10, 0x1f, 0xeb,
    0xbb, 0x0, 0x18, 0xef, 0xf8, 0x0, 0x0, 0xb,
    0xf1, 0x1, 0xfb, 0x0, 0x0, 0x9, 0xff, 0xfa,
    0x0, 0x0, 0x0, 0xbf, 0x10, 0x1f, 0xb0, 0x0,
    0x0, 0x4c, 0x5f, 0xa0, 0x0, 0x0, 0xb, 0xf1,
    0x1, 0xfb, 0x0, 0x0, 0x0, 0x2, 0xfa, 0x0,
    0x0, 0x0, 0xbf, 0x10, 0x1f, 0xb0, 0x0, 0x0,
    0x0, 0x2f, 0xa0, 0x8, 0xff, 0xff, 0xf1, 0x1,
    0xff, 0xff, 0xff, 0x0, 0x2, 0xfa, 0x0, 0x5a,
    0xaa, 0xef, 0x10, 0x1f, 0xea, 0xaa, 0xa0, 0x0,
    0x2f, 0xa0, 0x0, 0x0, 0xb, 0xf1, 0x1, 0xfb,
    0x0, 0x0, 0x0, 0x2, 0xfa, 0x0, 0x0, 0x0,
    0xbf, 0x10, 0x1f, 0xb0, 0x0, 0x0, 0x3c, 0xcf,
    0x90, 0x0, 0x0, 0xb, 0xf1, 0x1, 0xfb, 0x0,
    0x0, 0x0, 0xdf, 0xe3, 0x0, 0x0, 0x0, 0xbf,
    0x10, 0x1f, 0xb0, 0x0, 0x0,

    /* U+63A5 "接" */
    0x0, 0x5, 0x91, 0x0, 0x0, 0x0, 0x0, 0x43,
    0x0, 0x0, 0x0, 0x0, 0xa, 0xf3, 0x0, 0x0,
    0x0, 0x5, 0xfa, 0x0, 0x0, 0x0, 0x0, 0xa,
    0xf3, 0x0, 0x14, 0x44, 0x45, 0xff, 0x44, 0x44,
    0x42, 0x0, 0xa, 0xf3, 0x0, 0x5f, 0xff, 0xff,
    0xff, 0xff, 0xff, 0xf8, 0x3b, 0xbe, 0xfc, 0xb8,
    0x26, 0x66, 0x66, 0x66, 0x66, 0x66, 0x63, 0x4f,
    0xff, 0xff, 0xfc, 0x0, 0x4d, 0x60, 0x0, 0x8,
    0xe5, 0x0, 0x1, 0x1b, 0xf4, 0x11, 0x0, 0x1f,
    0xd0, 0x0, 0xe, 0xf2, 0x0, 0x0, 0xa, 0xf3,
    0x0, 0x0, 0xb, 0xf3, 0x0, 0x5f, 0xb0, 0x0,
    0x0, 0xa, 0xf3, 0x0, 0xab, 0xbd, 0xfd, 0xbb,
    0xef, 0xdb, 0xba, 0x0, 0xa, 0xf3, 0x0, 0xdf,
    0xff, 0xff, 0xff, 0xff, 0xff, 0xfe, 0x0, 0xa,
    0xf3, 0x22, 0x0, 0x0, 0x6, 0x40, 0x0, 0x0,
    0x0, 0x0, 0xa, 0xfc, 0xf8, 0x0, 0x0, 0x7f,
    0x80, 0x0, 0x0, 0x0, 0x4, 0xaf, 0xff, 0xc6,
    0xaa, 0xaa, 0xef, 0xba, 0xaa, 0xaa, 0xa9, 0x7f,
    0xff, 0xf5, 0x4, 0xff, 0xff, 0xff, 0xff, 0xff,
    0xff, 0xfe, 0x2e, 0x8c, 0xf3, 0x0, 0x0, 0x1e,
    0xf2, 0x0, 0x8, 0xf8, 0x0, 0x0, 0xa, 0xf3,
    0x0, 0x0, 0x9f, 0x60, 0x0, 0xe, 0xf2, 0x0,
    0x0, 0xa, 0xf3, 0x0, 0x3, 0xff, 0x82, 0x0,
    0x6f, 0xa0, 0x0, 0x0, 0xa, 0xf3, 0x0, 0x1,
    0x7d, 0xff, 0xc8, 0xff, 0x20, 0x0, 0x0, 0xa,
    0xf3, 0x0, 0x0, 0x0, 0x39, 0xff, 0xfc, 0x20,
    0x0, 0x1, 0xb, 0xf3, 0x0, 0x0, 0x2, 0x7d,
    0xff, 0xdf, 0xfb, 0x40, 0xf, 0xef, 0xf1, 0x0,
    0xb, 0xff, 0xff, 0xa2, 0x5, 0xdf, 0xf4, 0xa,
    0xef, 0x80, 0x0, 0x5, 0xc9, 0x51, 0x0, 0x0,
    0x5, 0x80,

    /* U+63A8 "推" */
    0x0, 0x7, 0x90, 0x0, 0x0, 0x36, 0x10, 0x16,
    0x0, 0x0, 0x0, 0x0, 0xc, 0xf1, 0x0, 0x0,
    0xaf, 0x60, 0xcf, 0x50, 0x0, 0x0, 0x0, 0xc,
    0xf1, 0x0, 0x0, 0xff, 0x0, 0x5f, 0xc0, 0x0,
    0x0, 0x0, 0xc, 0xf1, 0x0, 0x6, 0xfa, 0x0,
    0xe, 0xf2, 0x0, 0x0, 0x7b, 0xbe, 0xfb, 0xa0,
    0xc, 0xfd, 0xcc, 0xce, 0xfd, 0xcc, 0xc8, 0xbf,
    0xff, 0xff, 0xf0, 0x4f, 0xff, 0xff, 0xff, 0xff,
    0xff, 0xfa, 0x11, 0x1c, 0xf2, 0x10, 0xdf, 0xf1,
    0x0, 0xd, 0xe0, 0x0, 0x0, 0x0, 0xc, 0xf1,
    0x7, 0xff, 0xf1, 0x0, 0xd, 0xe0, 0x0, 0x0,
    0x0, 0xc, 0xf1, 0xe, 0xfe, 0xf1, 0x0, 0xd,
    0xe0, 0x0, 0x0, 0x0, 0xc, 0xf1, 0x8, 0x8c,
    0xfa, 0xaa, 0xaf, 0xfa, 0xaa, 0xa1, 0x0, 0xc,
    0xf5, 0xb7, 0xc, 0xff, 0xff, 0xff, 0xff, 0xff,
    0xf1, 0x0, 0x1d, 0xff, 0xf6, 0xc, 0xf1, 0x0,
    0xd, 0xe0, 0x0, 0x0, 0x5b, 0xff, 0xfb, 0x30,
    0xc, 0xf1, 0x0, 0xd, 0xe0, 0x0, 0x0, 0x9f,
    0xff, 0xf1, 0x0, 0xc, 0xf1, 0x0, 0xd, 0xe0,
    0x0, 0x0, 0x27, 0x1c, 0xf1, 0x0, 0xc, 0xff,
    0xff, 0xff, 0xff, 0xff, 0xf1, 0x0, 0xc, 0xf1,
    0x0, 0xc, 0xfc, 0xbb, 0xbf, 0xfb, 0xbb, 0xb1,
    0x0, 0xc, 0xf1, 0x0, 0xc, 0xf1, 0x0, 0xd,
    0xe0, 0x0, 0x0, 0x0, 0xc, 0xf1, 0x0, 0xc,
    0xf1, 0x0, 0xd, 0xe0, 0x0, 0x0, 0x0, 0xc,
    0xf1, 0x0, 0xc, 0xf1, 0x0, 0xd, 0xe0, 0x0,
    0x0, 0x10, 0xd, 0xf1, 0x0, 0xc, 0xff, 0xff,
    0xff, 0xff, 0xff, 0xfd, 0x8f, 0xef, 0xf0, 0x0,
    0xc, 0xfa, 0xaa, 0xaa, 0xaa, 0xaa, 0xa8, 0x4d,
    0xfe, 0x50, 0x0, 0xc, 0xf1, 0x0, 0x0, 0x0,
    0x0, 0x0,

    /* U+63CF "描" */
    0x0, 0x7, 0xa0, 0x0, 0x0, 0x1a, 0x50, 0x0,
    0xa, 0x70, 0x0, 0x0, 0xc, 0xf1, 0x0, 0x0,
    0x2f, 0x80, 0x0, 0x1f, 0xb0, 0x0, 0x0, 0xc,
    0xf1, 0x0, 0x0, 0x2f, 0x80, 0x0, 0x1f, 0xb0,
    0x0, 0x0, 0xc, 0xf1, 0x3, 0xaa, 0xbf, 0xda,
    0xaa, 0xaf, 0xea, 0xa7, 0x7b, 0xbe, 0xfb, 0xa6,
    0xff, 0xff, 0xff, 0xff, 0xff, 0xff, 0xfb, 0xbf,
    0xff, 0xff, 0xf0, 0x11, 0x3f, 0x81, 0x11, 0x2f,
    0xb1, 0x10, 0x11, 0x1c, 0xf2, 0x10, 0x0, 0x2f,
    0x80, 0x0, 0x1f, 0xb0, 0x0, 0x0, 0xc, 0xf1,
    0x0, 0x0, 0x2f, 0x70, 0x0, 0x1f, 0xa0, 0x0,
    0x0, 0xc, 0xf1, 0x0, 0x0, 0x0, 0x0, 0x0,
    0x0, 0x0, 0x0, 0x0, 0xc, 0xf1, 0x0, 0x1f,
    0xff, 0xff, 0xff, 0xff, 0xff, 0xb0, 0x0, 0xc,
    0xf7, 0xd7, 0x2f, 0xeb, 0xbc, 0xfe, 0xbb, 0xbf,
    0xc0, 0x0, 0x2d, 0xff, 0xf7, 0x2f, 0xa0, 0x1,
    0xf9, 0x0, 0xf, 0xc0, 0x6d, 0xff, 0xfa, 0x20,
    0x2f, 0xa0, 0x1, 0xf9, 0x0, 0xf, 0xc0, 0x8f,
    0xef, 0xf1, 0x0, 0x2f, 0xa0, 0x1, 0xf9, 0x0,
    0xf, 0xc0, 0x25, 0xc, 0xf1, 0x0, 0x2f, 0xff,
    0xff, 0xff, 0xff, 0xff, 0xc0, 0x0, 0xc, 0xf1,
    0x0, 0x2f, 0xea, 0xaa, 0xfd, 0xaa, 0xaf, 0xc0,
    0x0, 0xc, 0xf1, 0x0, 0x2f, 0xa0, 0x1, 0xf9,
    0x0, 0xf, 0xc0, 0x0, 0xc, 0xf1, 0x0, 0x2f,
    0xa0, 0x1, 0xf9, 0x0, 0xf, 0xc0, 0x0, 0xc,
    0xf1, 0x0, 0x2f, 0xa0, 0x1, 0xf9, 0x0, 0xf,
    0xc0, 0x0, 0xd, 0xf1, 0x0, 0x2f, 0xeb, 0xbc,
    0xfe, 0xbb, 0xbf, 0xc0, 0x8f, 0xef, 0xf0, 0x0,
    0x2f, 0xff, 0xff, 0xff, 0xff, 0xff, 0xc0, 0x4d,
    0xfe, 0x50, 0x0, 0x2f, 0xa0, 0x0, 0x0, 0x0,
    0xf, 0xc0,

    /* U+63D0 "提" */
    0x0, 0x5, 0x91, 0x0, 0x0, 0x0, 0x0, 0x0,
    0x0, 0x0, 0x0, 0x0, 0xa, 0xf3, 0x0, 0xf,
    0xff, 0xff, 0xff, 0xff, 0xfc, 0x0, 0x0, 0xa,
    0xf3, 0x0, 0xf, 0xeb, 0xbb, 0xbb, 0xbb, 0xfd,
    0x0, 0x0, 0xa, 0xf3, 0x0, 0xf, 0xc0, 0x0,
    0x0, 0x0, 0xfd, 0x0, 0x3b, 0xbe, 0xfc, 0xb8,
    0xf, 0xeb, 0xbb, 0xbb, 0xbb, 0xfd, 0x0, 0x4f,
    0xff, 0xff, 0xfc, 0xf, 0xff, 0xff, 0xff, 0xff,
    0xfd, 0x0, 0x1, 0x1b, 0xf4, 0x11, 0xf, 0xc0,
    0x0, 0x0, 0x0, 0xfd, 0x0, 0x0, 0xa, 0xf3,
    0x0, 0xf, 0xc0, 0x0, 0x0, 0x0, 0xfd, 0x0,
    0x0, 0xa, 0xf3, 0x0, 0xf, 0xff, 0xff, 0xff,
    0xff, 0xfd, 0x0, 0x0, 0xa, 0xf3, 0x0, 0xb,
    0xbb, 0xbb, 0xbb, 0xbb, 0xb9, 0x0, 0x0, 0xa,
    0xf3, 0x12, 0x0, 0x0, 0x0, 0x0, 0x0, 0x0,
    0x0, 0x0, 0xa, 0xfc, 0xff, 0xbb, 0xbb, 0xbb,
    0xbb, 0xbb, 0xbb, 0xb0, 0x3, 0x9e, 0xff, 0xcd,
    0xff, 0xff, 0xff, 0xff, 0xff, 0xff, 0xf0, 0x7f,
    0xff, 0xf6, 0x0, 0x4, 0x40, 0x2, 0xfa, 0x0,
    0x0, 0x0, 0x1d, 0x8b, 0xf3, 0x0, 0xd, 0xe0,
    0x2, 0xfa, 0x0, 0x0, 0x0, 0x0, 0xa, 0xf3,
    0x0, 0x1f, 0xb0, 0x2, 0xfe, 0xaa, 0xa8, 0x0,
    0x0, 0xa, 0xf3, 0x0, 0x7f, 0x60, 0x2, 0xff,
    0xff, 0xfd, 0x0, 0x0, 0xa, 0xf3, 0x0, 0xdf,
    0xd1, 0x2, 0xfa, 0x0, 0x0, 0x0, 0x0, 0xa,
    0xf3, 0x7, 0xfe, 0xfd, 0x32, 0xfa, 0x0, 0x0,
    0x0, 0x0, 0xb, 0xf3, 0x3f, 0xf1, 0x9f, 0xfc,
    0xfb, 0x10, 0x0, 0x0, 0x1f, 0xef, 0xf2, 0xef,
    0x60, 0x4, 0xcf, 0xff, 0xff, 0xee, 0xe9, 0xb,
    0xef, 0x80, 0x69, 0x0, 0x0, 0x2, 0x7a, 0xde,
    0xff, 0xf6,

    /* U+6446 "摆" */
    0x0, 0x19, 0x50, 0x0, 0x0, 0x0, 0x0, 0x0,
    0x0, 0x0, 0x0, 0x0, 0x2f, 0xa0, 0x0, 0x9a,
    0xaa, 0xaa, 0xaa, 0xaa, 0xaa, 0x60, 0x0, 0x2f,
    0xa0, 0x0, 0xef, 0xff, 0xff, 0xff, 0xff, 0xff,
    0xa0, 0x0, 0x2f, 0xa0, 0x0, 0xec, 0x9, 0xf1,
    0xf, 0xc0, 0x2f, 0xa0, 0x38, 0x9f, 0xd8, 0x70,
    0xec, 0x9, 0xf1, 0xf, 0xc0, 0x2f, 0xa0, 0x6f,
    0xff, 0xff, 0xe0, 0xec, 0x9, 0xf1, 0xf, 0xc0,
    0x2f, 0xa0, 0x2, 0x3f, 0xb2, 0x10, 0xee, 0x8d,
    0xf9, 0x8f, 0xe8, 0x9f, 0xa0, 0x0, 0x2f, 0xa0,
    0x0, 0xef, 0xff, 0xff, 0xff, 0xff, 0xff, 0xa0,
    0x0, 0x2f, 0xa0, 0x0, 0x1, 0x11, 0x1e, 0xf3,
    0x11, 0x11, 0x0, 0x0, 0x2f, 0xa0, 0x0, 0x0,
    0x0, 0xe, 0xf2, 0x0, 0x0, 0x0, 0x0, 0x2f,
    0xb9, 0x80, 0x5a, 0xaa, 0xaf, 0xfb, 0xaa, 0xaa,
    0x70, 0x0, 0x2f, 0xff, 0xa0, 0x8f, 0xff, 0xff,
    0xff, 0xff, 0xff, 0xb0, 0x18, 0xff, 0xf8, 0x0,
    0x0, 0x0, 0xe, 0xf3, 0x0, 0x0, 0x0, 0x9f,
    0xff, 0xa0, 0x0, 0x0, 0x0, 0xe, 0xf3, 0x0,
    0x0, 0x0, 0x4d, 0x7f, 0xa0, 0xe, 0xff, 0xff,
    0xff, 0xff, 0xff, 0xff, 0xfd, 0x0, 0x2f, 0xa0,
    0xa, 0xbb, 0xbf, 0xfb, 0xbb, 0xbb, 0xbb, 0xb9,
    0x0, 0x2f, 0xa0, 0x0, 0x0, 0x4f, 0xb0, 0x0,
    0x3, 0x0, 0x0, 0x0, 0x2f, 0xa0, 0x0, 0x0,
    0xcf, 0x30, 0x0, 0xaf, 0x80, 0x0, 0x0, 0x2f,
    0xa0, 0x0, 0x7, 0xfa, 0x0, 0x0, 0x1e, 0xf7,
    0x0, 0x0, 0x2f, 0xa0, 0x0, 0x4f, 0xd1, 0x1,
    0x35, 0x7c, 0xff, 0x30, 0x28, 0x8f, 0x90, 0x2,
    0xff, 0xcc, 0xef, 0xff, 0xff, 0xef, 0xd0, 0xd,
    0xfe, 0x30, 0x0, 0xff, 0xed, 0xba, 0x85, 0x31,
    0xb, 0xf7, 0x0, 0x0, 0x0, 0x0, 0x0, 0x0,
    0x0, 0x0, 0x0, 0x0, 0x10,

    /* U+64AD "播" */
    0x0, 0x19, 0x50, 0x0, 0x0, 0x0, 0x0, 0x0,
    0x2, 0x57, 0x30, 0x0, 0x2, 0xfa, 0x0, 0x8,
    0x99, 0xab, 0xcd, 0xff, 0xff, 0xfc, 0x0, 0x0,
    0x2f, 0xa0, 0x0, 0xbf, 0xff, 0xee, 0xfe, 0xa8,
    0x53, 0x10, 0x0, 0x2, 0xfa, 0x0, 0x1, 0x15,
    0x0, 0x2f, 0xa0, 0x9, 0x80, 0x0, 0x27, 0x8f,
    0xc7, 0x60, 0xa, 0xf3, 0x2, 0xfa, 0x2, 0xfc,
    0x0, 0x6, 0xff, 0xff, 0xfe, 0x0, 0x7f, 0xa0,
    0x2f, 0xa0, 0x8f, 0x50, 0x0, 0x38, 0x9f, 0xd8,
    0x75, 0xff, 0xff, 0xff, 0xff, 0xff, 0xff, 0xfb,
    0x0, 0x2, 0xfa, 0x0, 0x3a, 0xaa, 0xaf, 0xff,
    0xff, 0xba, 0xaa, 0x70, 0x0, 0x2f, 0xa0, 0x0,
    0x0, 0x1b, 0xfa, 0xfb, 0xce, 0x30, 0x0, 0x0,
    0x2, 0xfa, 0x0, 0x0, 0x6e, 0xf7, 0x2f, 0xa1,
    0xcf, 0x91, 0x0, 0x0, 0x2f, 0xb8, 0x86, 0xef,
    0xd3, 0x2, 0xfa, 0x0, 0xaf, 0xfa, 0x0, 0x3,
    0xff, 0xf9, 0x4e, 0x70, 0x0, 0x1a, 0x70, 0x0,
    0x4d, 0xb0, 0x19, 0xff, 0xf7, 0x0, 0x68, 0x88,
    0x88, 0x88, 0x88, 0x88, 0x61, 0x9, 0xff, 0xfa,
    0x0, 0xb, 0xff, 0xff, 0xff, 0xff, 0xff, 0xfc,
    0x0, 0x4b, 0x5f, 0xa0, 0x0, 0xbf, 0x10, 0x2,
    0xf9, 0x0, 0xe, 0xc0, 0x0, 0x2, 0xfa, 0x0,
    0xb, 0xf1, 0x0, 0x2f, 0x90, 0x0, 0xec, 0x0,
    0x0, 0x2f, 0xa0, 0x0, 0xbf, 0xff, 0xff, 0xff,
    0xff, 0xff, 0xc0, 0x0, 0x2, 0xfa, 0x0, 0xb,
    0xf6, 0x66, 0x7f, 0xb6, 0x66, 0xfc, 0x0, 0x0,
    0x2f, 0xa0, 0x0, 0xbf, 0x10, 0x2, 0xf9, 0x0,
    0xe, 0xc0, 0x0, 0x2, 0xfa, 0x0, 0xb, 0xfa,
    0xaa, 0xaf, 0xda, 0xaa, 0xfc, 0x0, 0x3b, 0xbf,
    0x90, 0x0, 0xbf, 0xff, 0xff, 0xff, 0xff, 0xff,
    0xc0, 0x0, 0xdf, 0xe3, 0x0, 0xb, 0xf1, 0x0,
    0x0, 0x0, 0x0, 0xec, 0x0,

    /* U+6536 "收" */
    0x0, 0x0, 0x1, 0x95, 0x0, 0x3, 0x40, 0x0,
    0x0, 0x0, 0x6, 0x80, 0x0, 0x2f, 0xa0, 0x0,
    0xaf, 0x50, 0x0, 0x0, 0x0, 0xcf, 0x10, 0x2,
    0xfa, 0x0, 0xd, 0xf2, 0x0, 0x0, 0x0, 0xc,
    0xf1, 0x0, 0x2f, 0xa0, 0x0, 0xfe, 0x0, 0x0,
    0x0, 0x0, 0xcf, 0x10, 0x2, 0xfa, 0x0, 0x5f,
    0xeb, 0xbb, 0xbb, 0xbb, 0x7c, 0xf1, 0x0, 0x2f,
    0xa0, 0x9, 0xff, 0xff, 0xff, 0xff, 0xfb, 0xcf,
    0x10, 0x2, 0xfa, 0x0, 0xdf, 0x31, 0x11, 0x1d,
    0xf3, 0x1c, 0xf1, 0x0, 0x2f, 0xa0, 0x3f, 0xc0,
    0x0, 0x0, 0xff, 0x0, 0xcf, 0x10, 0x2, 0xfa,
    0x9, 0xfc, 0x0, 0x0, 0x2f, 0xd0, 0xc, 0xf1,
    0x0, 0x2f, 0xa0, 0xef, 0xf2, 0x0, 0x5, 0xfa,
    0x0, 0xcf, 0x10, 0x2, 0xfa, 0x6f, 0xef, 0x90,
    0x0, 0x9f, 0x60, 0xc, 0xf1, 0x0, 0x2f, 0xa7,
    0xf3, 0xef, 0x10, 0xe, 0xf2, 0x0, 0xcf, 0x10,
    0x2, 0xfa, 0x3, 0x6, 0xf9, 0x3, 0xfd, 0x0,
    0xc, 0xf1, 0x0, 0x2f, 0xa0, 0x0, 0xe, 0xf3,
    0xaf, 0x70, 0x0, 0xcf, 0x10, 0x27, 0xfa, 0x0,
    0x0, 0x4f, 0xdf, 0xf1, 0x0, 0xc, 0xfa, 0xef,
    0xff, 0xa0, 0x0, 0x0, 0xaf, 0xf9, 0x0, 0x0,
    0xbf, 0xfe, 0xa7, 0xfa, 0x0, 0x0, 0x8, 0xff,
    0x70, 0x0, 0x2, 0x73, 0x0, 0x2f, 0xa0, 0x0,
    0x6, 0xff, 0xff, 0x70, 0x0, 0x0, 0x0, 0x2,
    0xfa, 0x0, 0x7, 0xff, 0x75, 0xff, 0x80, 0x0,
    0x0, 0x0, 0x2f, 0xa0, 0x1b, 0xff, 0x80, 0x6,
    0xff, 0xb1, 0x0, 0x0, 0x2, 0xfa, 0x2f, 0xff,
    0x50, 0x0, 0x6, 0xff, 0xb0, 0x0, 0x0, 0x2f,
    0xa0, 0x9b, 0x20, 0x0, 0x0, 0x3, 0xd1, 0x0,
    0x0, 0x0, 0x0, 0x0, 0x0, 0x0, 0x0, 0x0,
    0x0, 0x0,

    /* U+6539 "改" */
    0x0, 0x0, 0x0, 0x0, 0x0, 0x0, 0x26, 0x10,
    0x0, 0x0, 0x0, 0x0, 0x55, 0x55, 0x55, 0x54,
    0x0, 0x6, 0xf8, 0x0, 0x0, 0x0, 0x0, 0x1f,
    0xff, 0xff, 0xff, 0xe0, 0x0, 0x9f, 0x50, 0x0,
    0x0, 0x0, 0x0, 0x77, 0x77, 0x78, 0xfe, 0x0,
    0xd, 0xf1, 0x0, 0x0, 0x0, 0x0, 0x0, 0x0,
    0x0, 0x1f, 0xe0, 0x1, 0xff, 0xbb, 0xbb, 0xbb,
    0xb9, 0x0, 0x0, 0x0, 0x1, 0xfe, 0x0, 0x5f,
    0xff, 0xff, 0xff, 0xff, 0xe0, 0x0, 0x0, 0x0,
    0x1f, 0xe0, 0xa, 0xf6, 0x11, 0x11, 0xaf, 0x61,
    0x0, 0x0, 0x0, 0x1, 0xfe, 0x0, 0xff, 0x0,
    0x0, 0xc, 0xf3, 0x0, 0x0, 0x0, 0x0, 0x1f,
    0xe0, 0x5f, 0xe0, 0x0, 0x0, 0xef, 0x10, 0x0,
    0xbb, 0xbb, 0xbc, 0xfe, 0xb, 0xff, 0x50, 0x0,
    0x2f, 0xe0, 0x0, 0xf, 0xff, 0xff, 0xff, 0xe2,
    0xff, 0xfc, 0x0, 0x5, 0xfa, 0x0, 0x0, 0xff,
    0x10, 0x0, 0x0, 0x5f, 0x8c, 0xf3, 0x0, 0xaf,
    0x60, 0x0, 0xf, 0xf0, 0x0, 0x0, 0x0, 0x41,
    0x4f, 0xc0, 0xf, 0xf1, 0x0, 0x0, 0xff, 0x0,
    0x0, 0x0, 0x0, 0x0, 0xcf, 0x55, 0xfb, 0x0,
    0x0, 0xf, 0xf0, 0x0, 0x0, 0x0, 0x0, 0x3,
    0xfe, 0xdf, 0x50, 0x0, 0x0, 0xff, 0x0, 0x0,
    0x0, 0x0, 0x0, 0x8, 0xff, 0xd0, 0x0, 0x0,
    0xf, 0xf0, 0x0, 0x0, 0x0, 0x0, 0x0, 0x4f,
    0xfa, 0x0, 0x0, 0x0, 0xff, 0x0, 0x0, 0x45,
    0x0, 0x0, 0x2e, 0xff, 0xf8, 0x0, 0x0, 0xf,
    0xf0, 0x28, 0xef, 0xc0, 0x0, 0x3e, 0xfc, 0x4f,
    0xf9, 0x0, 0x0, 0xff, 0xcf, 0xff, 0xb4, 0x0,
    0x6f, 0xfc, 0x10, 0x5f, 0xfc, 0x20, 0xe, 0xff,
    0xd8, 0x20, 0x0, 0xcf, 0xfa, 0x0, 0x0, 0x5f,
    0xfe, 0x0, 0x37, 0x30, 0x0, 0x0, 0x7, 0xe5,
    0x0, 0x0, 0x0, 0x3e, 0x50, 0x0, 0x0, 0x0,
    0x0, 0x0, 0x0, 0x0, 0x0, 0x0, 0x0, 0x0,
    0x0,

    /* U+653E "放" */
    0x0, 0x0, 0x37, 0x0, 0x0, 0x0, 0x0, 0x72,
    0x0, 0x0, 0x0, 0x0, 0x0, 0xdf, 0x20, 0x0,
    0x0, 0x3, 0xfb, 0x0, 0x0, 0x0, 0x0, 0x0,
    0x8f, 0x70, 0x0, 0x0, 0x6, 0xf7, 0x0, 0x0,
    0x0, 0x0, 0x0, 0x2f, 0xc0, 0x0, 0x0, 0xa,
    0xf3, 0x0, 0x0, 0x0, 0xcf, 0xff, 0xff, 0xff,
    0xff, 0xf0, 0xe, 0xfb, 0xbb, 0xbb, 0xb3, 0xad,
    0xdf, 0xfd, 0xdd, 0xdd, 0xd0, 0x2f, 0xff, 0xff,
    0xff, 0xf5, 0x0, 0xb, 0xf2, 0x0, 0x0, 0x0,
    0x7f, 0x71, 0x11, 0xaf, 0x40, 0x0, 0xc, 0xf1,
    0x0, 0x0, 0x0, 0xcf, 0x20, 0x0, 0xcf, 0x10,
    0x0, 0xd, 0xf0, 0x0, 0x0, 0x2, 0xff, 0x0,
    0x0, 0xef, 0x0, 0x0, 0xe, 0xff, 0xff, 0xff,
    0x8, 0xff, 0x50, 0x1, 0xfd, 0x0, 0x0, 0xf,
    0xfd, 0xdd, 0xff, 0x1e, 0xff, 0xb0, 0x5, 0xfa,
    0x0, 0x0, 0x2f, 0xc0, 0x0, 0xbf, 0x3f, 0xbe,
    0xf1, 0x9, 0xf6, 0x0, 0x0, 0x4f, 0xa0, 0x0,
    0xcf, 0x3, 0x27, 0xf9, 0xe, 0xf2, 0x0, 0x0,
    0x7f, 0x70, 0x0, 0xcf, 0x0, 0x0, 0xef, 0x6f,
    0xd0, 0x0, 0x0, 0xaf, 0x40, 0x0, 0xdf, 0x0,
    0x0, 0x7f, 0xff, 0x70, 0x0, 0x0, 0xef, 0x0,
    0x0, 0xef, 0x0, 0x0, 0xe, 0xfe, 0x0, 0x0,
    0x3, 0xfc, 0x0, 0x0, 0xfe, 0x0, 0x0, 0x1e,
    0xfe, 0x10, 0x0, 0x8, 0xf8, 0x0, 0x0, 0xfc,
    0x0, 0x0, 0xcf, 0xff, 0xc0, 0x0, 0xe, 0xf3,
    0x0, 0x2, 0xfb, 0x0, 0x1c, 0xfd, 0x2d, 0xfc,
    0x10, 0x5f, 0xd0, 0x10, 0x8, 0xf8, 0x3, 0xdf,
    0xe1, 0x1, 0xef, 0xe3, 0xcf, 0x70, 0x8f, 0xef,
    0xf3, 0x2f, 0xfd, 0x20, 0x0, 0x2e, 0xfb, 0x3c,
    0x10, 0x3c, 0xfe, 0x60, 0x8, 0xa0, 0x0, 0x0,
    0x1, 0xb1, 0x0, 0x0, 0x0, 0x0, 0x0, 0x0,
    0x0, 0x0, 0x0, 0x0, 0x0,

    /* U+6548 "效" */
    0x0, 0x0, 0x4, 0x0, 0x0, 0x0, 0x0, 0x63,
    0x0, 0x0, 0x0, 0x0, 0x0, 0xc, 0xf4, 0x0,
    0x0, 0x0, 0xf, 0xd0, 0x0, 0x0, 0x0, 0x0,
    0x0, 0x6f, 0xa0, 0x0, 0x0, 0x3, 0xfa, 0x0,
    0x0, 0x0, 0x0, 0x34, 0x45, 0xfe, 0x44, 0x44,
    0x0, 0x6f, 0x60, 0x0, 0x0, 0x0, 0xe, 0xff,
    0xff, 0xff, 0xff, 0xf1, 0xb, 0xfc, 0xbb, 0xbb,
    0xbb, 0x60, 0x67, 0x77, 0x77, 0x77, 0x77, 0x0,
    0xff, 0xff, 0xff, 0xff, 0xf8, 0x0, 0xa, 0x60,
    0x6, 0xd2, 0x0, 0x4f, 0xa1, 0x11, 0x1b, 0xf5,
    0x0, 0x4, 0xfd, 0x0, 0x6f, 0xc0, 0xa, 0xf6,
    0x0, 0x0, 0xdf, 0x20, 0x1, 0xdf, 0x50, 0x0,
    0xbf, 0x60, 0xff, 0x90, 0x0, 0xf, 0xf0, 0x0,
    0xcf, 0xa0, 0x0, 0x1, 0xfe, 0x7f, 0xfe, 0x0,
    0x2, 0xfd, 0x0, 0x1e, 0xd0, 0x0, 0x9, 0x46,
    0x4d, 0xfd, 0xf4, 0x0, 0x5f, 0xa0, 0x0, 0x22,
    0x80, 0x2, 0xfd, 0x0, 0x8b, 0x3f, 0xb0, 0xa,
    0xf6, 0x0, 0x0, 0x8f, 0xc1, 0x7f, 0x70, 0x0,
    0x0, 0xcf, 0x30, 0xef, 0x10, 0x0, 0x0, 0xaf,
    0xdd, 0xf1, 0x0, 0x0, 0x5, 0xfb, 0x5f, 0xc0,
    0x0, 0x0, 0x0, 0x8f, 0xfb, 0x0, 0x0, 0x0,
    0xc, 0xfe, 0xf6, 0x0, 0x0, 0x0, 0x0, 0xef,
    0xe1, 0x0, 0x0, 0x0, 0x3f, 0xfe, 0x0, 0x0,
    0x0, 0x0, 0x7f, 0xef, 0xc0, 0x0, 0x0, 0x2,
    0xff, 0xb0, 0x0, 0x0, 0x0, 0x3f, 0xf2, 0xbf,
    0xb0, 0x0, 0x1, 0xdf, 0xff, 0xa0, 0x0, 0x0,
    0x3f, 0xf6, 0x0, 0xdf, 0x90, 0x1, 0xcf, 0xd4,
    0xff, 0x90, 0x0, 0x5f, 0xf8, 0x0, 0x2, 0xe6,
    0x3, 0xef, 0xe2, 0x5, 0xff, 0xb1, 0xf, 0xf7,
    0x0, 0x0, 0x2, 0x0, 0xff, 0xd2, 0x0, 0x6,
    0xff, 0x70, 0x84, 0x0, 0x0, 0x0, 0x0, 0x6,
    0xa0, 0x0, 0x0, 0x5, 0xa0, 0x0, 0x0, 0x0,
    0x0, 0x0, 0x0, 0x0, 0x0, 0x0, 0x0, 0x0,
    0x0,

    /* U+6559 "教" */
    0x0, 0x0, 0x6, 0x90, 0x0, 0x0, 0x0, 0x14,
    0x0, 0x0, 0x0, 0x0, 0x0, 0x0, 0xbf, 0x10,
    0x0, 0x0, 0x6, 0xfa, 0x0, 0x0, 0x0, 0x0,
    0x88, 0x8d, 0xf9, 0x87, 0xc, 0x80, 0x9f, 0x60,
    0x0, 0x0, 0x0, 0xf, 0xff, 0xff, 0xff, 0xe9,
    0xfb, 0xc, 0xf2, 0x0, 0x0, 0x0, 0x0, 0x0,
    0xb, 0xf2, 0x5, 0xfd, 0x10, 0xff, 0x88, 0x88,
    0x88, 0x20, 0x0, 0x0, 0xbf, 0x12, 0xff, 0x30,
    0x5f, 0xff, 0xff, 0xff, 0xf5, 0xd, 0xff, 0xff,
    0xff, 0xff, 0xff, 0x59, 0xf7, 0x33, 0x3c, 0xf6,
    0x10, 0x9a, 0xaa, 0xaa, 0xff, 0xba, 0xa3, 0xef,
    0x0, 0x0, 0xcf, 0x10, 0x0, 0x0, 0x0, 0xaf,
    0xc0, 0x0, 0x4f, 0xd0, 0x0, 0xf, 0xf0, 0x0,
    0x0, 0x0, 0x9f, 0xe2, 0x0, 0xa, 0xff, 0x20,
    0x2, 0xfd, 0x0, 0x0, 0x4, 0xff, 0xff, 0xff,
    0xf1, 0xff, 0xf8, 0x0, 0x5f, 0xa0, 0x0, 0x1,
    0xcf, 0xc7, 0x7d, 0xfd, 0x6f, 0xbf, 0xe0, 0x9,
    0xf6, 0x0, 0x4, 0xef, 0x90, 0xa, 0xfe, 0x20,
    0x81, 0xbf, 0x50, 0xef, 0x20, 0x1, 0xff, 0x60,
    0xc, 0xfd, 0x10, 0x0, 0x3, 0xfd, 0x5f, 0xd0,
    0x0, 0x6, 0x30, 0x0, 0xff, 0x10, 0x4, 0x10,
    0xb, 0xfe, 0xf7, 0x0, 0x0, 0x0, 0x0, 0xf,
    0xf9, 0xcf, 0xf4, 0x0, 0x3f, 0xfe, 0x0, 0x0,
    0x6, 0x9b, 0xef, 0xff, 0xfe, 0xb7, 0x20, 0x1,
    0xff, 0xc0, 0x0, 0x0, 0xbf, 0xfe, 0xbf, 0xf2,
    0x0, 0x0, 0x0, 0xcf, 0xff, 0xa0, 0x0, 0x3,
    0x41, 0x0, 0xff, 0x0, 0x0, 0x0, 0xcf, 0xd4,
    0xff, 0x90, 0x0, 0x0, 0x0, 0xf, 0xf0, 0x0,
    0x2, 0xdf, 0xe2, 0x4, 0xff, 0xb1, 0x0, 0xa,
    0xdd, 0xff, 0x0, 0x4, 0xff, 0xd2, 0x0, 0x5,
    0xff, 0xb0, 0x0, 0x6d, 0xfd, 0x50, 0x0, 0xd,
    0xb1, 0x0, 0x0, 0x4, 0xe2, 0x0, 0x0, 0x0,
    0x0, 0x0, 0x0, 0x10, 0x0, 0x0, 0x0, 0x0,
    0x0,

    /* U+6563 "散" */
    0x0, 0x36, 0x20, 0x6, 0x60, 0x0, 0x1, 0x30,
    0x0, 0x0, 0x0, 0x0, 0x7f, 0x40, 0xf, 0xe0,
    0x0, 0x4, 0xfa, 0x0, 0x0, 0x0, 0x0, 0x8f,
    0x50, 0xf, 0xe0, 0x0, 0x8, 0xf7, 0x0, 0x0,
    0x0, 0x7f, 0xff, 0xff, 0xff, 0xff, 0xf0, 0xb,
    0xf3, 0x0, 0x0, 0x0, 0x4a, 0xdf, 0xba, 0xaf,
    0xfa, 0x90, 0xf, 0xf6, 0x55, 0x55, 0x51, 0x0,
    0x7f, 0x40, 0xf, 0xe0, 0x0, 0x4f, 0xff, 0xff,
    0xff, 0xf5, 0x0, 0x7f, 0x40, 0xf, 0xe0, 0x0,
    0x8f, 0x95, 0x55, 0xcf, 0x71, 0xef, 0xff, 0xff,
    0xff, 0xff, 0xf5, 0xef, 0x10, 0x0, 0xcf, 0x10,
    0xab, 0xbb, 0xbb, 0xbb, 0xbb, 0xb7, 0xfe, 0x0,
    0x0, 0xef, 0x0, 0x0, 0x0, 0x0, 0x0, 0x0,
    0xa, 0xff, 0x30, 0x1, 0xfd, 0x0, 0xc, 0xff,
    0xff, 0xff, 0xff, 0x3f, 0xff, 0x90, 0x5, 0xfa,
    0x0, 0xc, 0xfc, 0xbb, 0xbb, 0xff, 0x6f, 0xaf,
    0xe0, 0x9, 0xf6, 0x0, 0xc, 0xf1, 0x0, 0x0,
    0xcf, 0x15, 0x18, 0xf7, 0xe, 0xf2, 0x0, 0xc,
    0xfa, 0xaa, 0xaa, 0xef, 0x10, 0x1, 0xfe, 0x5f,
    0xd0, 0x0, 0xc, 0xff, 0xff, 0xff, 0xff, 0x10,
    0x0, 0x8f, 0xff, 0x70, 0x0, 0xc, 0xf1, 0x0,
    0x0, 0xcf, 0x10, 0x0, 0x1f, 0xfe, 0x0, 0x0,
    0xc, 0xf9, 0x88, 0x88, 0xef, 0x10, 0x0, 0x2f,
    0xfd, 0x10, 0x0, 0xc, 0xff, 0xff, 0xff, 0xff,
    0x10, 0x1, 0xdf, 0xff, 0xc0, 0x0, 0xc, 0xf1,
    0x0, 0x0, 0xcf, 0x10, 0x1c, 0xfd, 0x2e, 0xfb,
    0x0, 0xc, 0xf1, 0x0, 0x0, 0xcf, 0x13, 0xdf,
    0xe1, 0x2, 0xff, 0xd2, 0xc, 0xf1, 0x9, 0xdd,
    0xff, 0x4f, 0xfd, 0x20, 0x0, 0x3f, 0xfb, 0xc,
    0xf1, 0x5, 0xef, 0xe5, 0xb, 0xa0, 0x0, 0x0,
    0x3, 0xd1, 0x1, 0x10, 0x0, 0x0, 0x0, 0x0,
    0x0, 0x0, 0x0, 0x0, 0x0,

    /* U+656C "敬" */
    0x0, 0x0, 0xa7, 0x0, 0x2a, 0x60, 0x0, 0x0,
    0x71, 0x0, 0x0, 0x0, 0x0, 0x1f, 0xc0, 0x3,
    0xfa, 0x0, 0x0, 0x4f, 0x80, 0x0, 0x0, 0x9,
    0xcc, 0xff, 0xcc, 0xcf, 0xec, 0xc4, 0x7, 0xf4,
    0x0, 0x0, 0x0, 0xdf, 0xff, 0xff, 0xff, 0xff,
    0xff, 0x60, 0xbf, 0x0, 0x0, 0x0, 0x0, 0x1,
    0xfc, 0x0, 0x3f, 0xa0, 0x0, 0xf, 0xfb, 0xbb,
    0xbb, 0x80, 0x0, 0x5, 0x40, 0x3, 0xfa, 0x0,
    0x5, 0xff, 0xff, 0xff, 0xfc, 0x0, 0x3, 0xe6,
    0x0, 0x1, 0x0, 0x0, 0xaf, 0x41, 0x19, 0xf7,
    0x10, 0x0, 0x9f, 0x60, 0x0, 0x0, 0x0, 0x1f,
    0xf0, 0x0, 0xaf, 0x40, 0x0, 0x1f, 0xff, 0xff,
    0xff, 0xff, 0x66, 0xff, 0x40, 0xc, 0xf2, 0x0,
    0xa, 0xfb, 0xaa, 0xaa, 0xad, 0xf7, 0xdf, 0xf8,
    0x0, 0xef, 0x0, 0x4, 0xfd, 0x0, 0x0, 0x0,
    0x8f, 0x9f, 0xcf, 0xd0, 0x1f, 0xd0, 0x0, 0xef,
    0xca, 0xaa, 0xa7, 0x9, 0xf6, 0x33, 0xaf, 0x24,
    0xfa, 0x0, 0x9, 0xaf, 0xff, 0xff, 0xb0, 0x9f,
    0x60, 0x5, 0xf8, 0x8f, 0x60, 0x0, 0x2, 0xfa,
    0x3, 0xfb, 0xa, 0xf5, 0x0, 0xe, 0xed, 0xf2,
    0x0, 0x0, 0x2f, 0xa0, 0x3f, 0xb0, 0xaf, 0x50,
    0x0, 0x8f, 0xfd, 0x0, 0x0, 0x2, 0xfa, 0x3,
    0xfb, 0xb, 0xf4, 0x0, 0x1, 0xff, 0x70, 0x0,
    0x0, 0x2f, 0xff, 0xff, 0xb0, 0xcf, 0x40, 0x0,
    0x3f, 0xf8, 0x0, 0x0, 0x2, 0xfe, 0xaa, 0xa7,
    0xd, 0xf2, 0x0, 0xc, 0xff, 0xf3, 0x0, 0x0,
    0x2f, 0xa0, 0x0, 0x0, 0xff, 0x10, 0x9, 0xfd,
    0x7f, 0xd1, 0x0, 0x0, 0x53, 0x0, 0x0, 0x3f,
    0xe0, 0x8, 0xff, 0x30, 0xcf, 0xc0, 0x0, 0x0,
    0x0, 0x6e, 0xcf, 0xf9, 0x9, 0xff, 0x50, 0x2,
    0xef, 0xa0, 0x0, 0x0, 0x3, 0xdf, 0xea, 0x0,
    0x4f, 0x40, 0x0, 0x3, 0xe2, 0x0, 0x0, 0x0,
    0x0, 0x0, 0x0, 0x0, 0x10, 0x0, 0x0, 0x1,
    0x0,

    /* U+6570 "数" */
    0x0, 0x0, 0x0, 0x10, 0x0, 0x0, 0x0, 0x0,
    0x0, 0x0, 0x0, 0x2, 0x80, 0xa, 0xf0, 0x6,
    0x50, 0x4, 0xf8, 0x0, 0x0, 0x0, 0x7, 0xf4,
    0xa, 0xf0, 0x4f, 0xb0, 0x8, 0xf7, 0x0, 0x0,
    0x0, 0x1, 0xfb, 0xa, 0xf0, 0x9e, 0x20, 0xb,
    0xf3, 0x0, 0x0, 0x0, 0x12, 0x73, 0x2b, 0xf2,
    0x24, 0x21, 0xf, 0xf4, 0x44, 0x44, 0x41, 0x8f,
    0xff, 0xff, 0xff, 0xff, 0xf9, 0x4f, 0xff, 0xff,
    0xff, 0xf5, 0x37, 0x77, 0xdf, 0xf7, 0x77, 0x73,
    0x8f, 0xb8, 0x88, 0xdf, 0xa2, 0x0, 0x6, 0xff,
    0xf0, 0x62, 0x0, 0xef, 0x20, 0x0, 0xcf, 0x20,
    0x0, 0x7f, 0xba, 0xf1, 0xdd, 0x4, 0xfd, 0x0,
    0x0, 0xef, 0x0, 0x1b, 0xfd, 0x1a, 0xf0, 0x3f,
    0x7a, 0xff, 0x10, 0x1, 0xfd, 0x0, 0x3f, 0xb0,
    0x7, 0xc0, 0x3, 0x1f, 0xff, 0x80, 0x5, 0xfa,
    0x0, 0x2, 0x0, 0x7c, 0x30, 0x0, 0x6f, 0xbf,
    0xe0, 0x9, 0xf7, 0x0, 0x58, 0x88, 0xef, 0x98,
    0x88, 0x15, 0x1a, 0xf6, 0xe, 0xf2, 0x0, 0xaf,
    0xff, 0xff, 0xff, 0xff, 0x20, 0x2, 0xfe, 0x6f,
    0xd0, 0x0, 0x0, 0x4f, 0xc0, 0x2, 0xfd, 0x0,
    0x0, 0xaf, 0xff, 0x70, 0x0, 0x0, 0xdf, 0x20,
    0xa, 0xf5, 0x0, 0x0, 0x2f, 0xfe, 0x0, 0x0,
    0x9, 0xfe, 0x50, 0x6f, 0xb0, 0x0, 0x0, 0x2f,
    0xfd, 0x0, 0x0, 0x2, 0xaf, 0xfd, 0xfd, 0x10,
    0x0, 0x1, 0xdf, 0xff, 0xb0, 0x0, 0x0, 0x3,
    0xef, 0xfc, 0x20, 0x0, 0x1d, 0xfd, 0x3e, 0xfa,
    0x0, 0x0, 0x4d, 0xfd, 0xcf, 0xf8, 0x3, 0xef,
    0xe1, 0x3, 0xff, 0xd2, 0x6e, 0xff, 0x80, 0x8,
    0xfe, 0x5f, 0xfd, 0x20, 0x0, 0x4f, 0xfb, 0x8e,
    0x81, 0x0, 0x0, 0x33, 0xc, 0xa0, 0x0, 0x0,
    0x3, 0xd1, 0x0, 0x0, 0x0, 0x0, 0x0, 0x0,
    0x0, 0x0, 0x0, 0x0, 0x0,

    /* U+6572 "敲" */
    0x0, 0x0, 0x15, 0x40, 0x0, 0x0, 0x0, 0x1,
    0xb7, 0x0, 0x0, 0x0, 0x0, 0x3f, 0xd0, 0x0,
    0x0, 0x0, 0x1, 0xfb, 0x0, 0x0, 0x68, 0x88,
    0x8e, 0xfa, 0x88, 0x88, 0x0, 0x1, 0xfb, 0x0,
    0x0, 0xbf, 0xff, 0xff, 0xff, 0xff, 0xff, 0x0,
    0x1, 0xfc, 0x55, 0x52, 0x0, 0x0, 0x0, 0x0,
    0x0, 0x0, 0x0, 0x1, 0xff, 0xff, 0xf8, 0x0,
    0x88, 0x88, 0x88, 0x88, 0x20, 0x0, 0x1, 0xfe,
    0xbb, 0xb6, 0x0, 0xff, 0xff, 0xff, 0xff, 0x40,
    0x0, 0x1, 0xfb, 0x0, 0x0, 0x0, 0xff, 0x0,
    0x0, 0xaf, 0x40, 0x0, 0x1, 0xfb, 0x0, 0x0,
    0x0, 0xff, 0x77, 0x77, 0xcf, 0x40, 0x48, 0x89,
    0xfd, 0x88, 0x82, 0x0, 0xff, 0xff, 0xff, 0xff,
    0x40, 0x7f, 0xff, 0xff, 0xff, 0xf3, 0x0, 0x0,
    0x0, 0x0, 0x0, 0x0, 0x14, 0xfa, 0x22, 0x2b,
    0xf1, 0x2a, 0xaa, 0xaa, 0xaa, 0xaa, 0xa5, 0x0,
    0xfc, 0x0, 0xd, 0xe0, 0x3f, 0xff, 0xff, 0xff,
    0xff, 0xf9, 0x0, 0xcf, 0x0, 0x2f, 0xa0, 0x3f,
    0x90, 0x0, 0x0, 0x2, 0xf9, 0x0, 0x8f, 0x40,
    0x7f, 0x60, 0x3f, 0x96, 0xff, 0xff, 0xb2, 0xf9,
    0x0, 0x3f, 0xa0, 0xdf, 0x0, 0x3f, 0x96, 0xf7,
    0x5e, 0xc2, 0xf9, 0x0, 0xc, 0xf9, 0xf9, 0x0,
    0x3f, 0x96, 0xf3, 0xd, 0xc2, 0xf9, 0x0, 0x5,
    0xff, 0xf2, 0x0, 0x3f, 0x96, 0xf6, 0x4e, 0xc2,
    0xf9, 0x0, 0x0, 0xef, 0xb0, 0x0, 0x3f, 0x96,
    0xff, 0xff, 0xc2, 0xf9, 0x0, 0xb, 0xff, 0xf9,
    0x0, 0x3f, 0x91, 0x22, 0x22, 0x12, 0xf8, 0x6,
    0xef, 0xd5, 0xff, 0xc2, 0x3f, 0x90, 0x0, 0x4,
    0xde, 0xf7, 0x9f, 0xf9, 0x0, 0x3e, 0xfb, 0x3f,
    0x90, 0x0, 0x1, 0xef, 0xb1, 0x1b, 0x30, 0x0,
    0x1, 0x91,

    /* U+6587 "文" */
    0x0, 0x0, 0x0, 0x0, 0x0, 0x40, 0x0, 0x0,
    0x0, 0x0, 0x0, 0x0, 0x0, 0x0, 0x0, 0x0,
    0x8f, 0x70, 0x0, 0x0, 0x0, 0x0, 0x0, 0x0,
    0x0, 0x0, 0x0, 0x4, 0xff, 0x30, 0x0, 0x0,
    0x0, 0x0, 0x0, 0x0, 0x0, 0x0, 0x0, 0x9,
    0xfb, 0x0, 0x0, 0x0, 0x0, 0x0, 0x7, 0xbb,
    0xbb, 0xbb, 0xbb, 0xbf, 0xfb, 0xbb, 0xbb, 0xbb,
    0xbb, 0x30, 0xbf, 0xff, 0xff, 0xff, 0xff, 0xff,
    0xff, 0xff, 0xff, 0xff, 0xf4, 0x1, 0x11, 0x2f,
    0xf1, 0x11, 0x11, 0x11, 0x11, 0x9f, 0x81, 0x11,
    0x0, 0x0, 0x0, 0xcf, 0x50, 0x0, 0x0, 0x0,
    0xd, 0xf3, 0x0, 0x0, 0x0, 0x0, 0x6, 0xfb,
    0x0, 0x0, 0x0, 0x3, 0xfe, 0x0, 0x0, 0x0,
    0x0, 0x0, 0xe, 0xf4, 0x0, 0x0, 0x0, 0xaf,
    0x90, 0x0, 0x0, 0x0, 0x0, 0x0, 0x7f, 0xc0,
    0x0, 0x0, 0x2f, 0xf2, 0x0, 0x0, 0x0, 0x0,
    0x0, 0x0, 0xef, 0x70, 0x0, 0xc, 0xf9, 0x0,
    0x0, 0x0, 0x0, 0x0, 0x0, 0x4, 0xff, 0x30,
    0x7, 0xff, 0x20, 0x0, 0x0, 0x0, 0x0, 0x0,
    0x0, 0x9, 0xff, 0x36, 0xff, 0x60, 0x0, 0x0,
    0x0, 0x0, 0x0, 0x0, 0x0, 0xb, 0xff, 0xff,
    0xa0, 0x0, 0x0, 0x0, 0x0, 0x0, 0x0, 0x0,
    0x0, 0x2f, 0xff, 0xc0, 0x0, 0x0, 0x0, 0x0,
    0x0, 0x0, 0x0, 0x0, 0x5e, 0xff, 0xff, 0xb2,
    0x0, 0x0, 0x0, 0x0, 0x0, 0x0, 0x3, 0xcf,
    0xfc, 0x37, 0xff, 0xf8, 0x0, 0x0, 0x0, 0x0,
    0x0, 0x4b, 0xff, 0xf7, 0x0, 0x3, 0xdf, 0xff,
    0x81, 0x0, 0x0, 0x16, 0xdf, 0xff, 0x91, 0x0,
    0x0, 0x0, 0x7f, 0xff, 0xfa, 0x40, 0x1e, 0xff,
    0xf9, 0x10, 0x0, 0x0, 0x0, 0x0, 0x18, 0xff,
    0xff, 0x20, 0x5d, 0x71, 0x0, 0x0, 0x0, 0x0,
    0x0, 0x0, 0x1, 0x7d, 0x90, 0x0, 0x0, 0x0,
    0x0, 0x0, 0x0, 0x0, 0x0, 0x0, 0x0, 0x0,
    0x0,

    /* U+659C "斜" */
    0x0, 0x0, 0x5, 0x50, 0x0, 0x0, 0x0, 0x0,
    0x1, 0x95, 0x0, 0x0, 0x0, 0x2, 0xff, 0x40,
    0x0, 0x0, 0x0, 0x0, 0x2f, 0xa0, 0x0, 0x0,
    0x0, 0xdf, 0xff, 0x70, 0x0, 0x7, 0x20, 0x2,
    0xfa, 0x0, 0x0, 0x0, 0xbf, 0xa3, 0xef, 0xc1,
    0x4, 0xff, 0x50, 0x2f, 0xa0, 0x0, 0x1, 0xcf,
    0xc0, 0x1, 0xcf, 0xd2, 0x6, 0xff, 0x52, 0xfa,
    0x0, 0x3, 0xdf, 0xc0, 0x0, 0x0, 0xcf, 0x20,
    0x6, 0xff, 0x3f, 0xa0, 0x0, 0xcf, 0xa0, 0x0,
    0x0, 0x0, 0x30, 0x0, 0x7, 0x72, 0xfa, 0x0,
    0x3, 0x60, 0xff, 0xff, 0xff, 0x70, 0x0, 0x0,
    0x0, 0x2f, 0xa0, 0x0, 0x0, 0xa, 0xae, 0xfa,
    0xa5, 0x2, 0xd5, 0x0, 0x2, 0xfa, 0x0, 0x0,
    0x0, 0x0, 0xdf, 0x0, 0x0, 0x5f, 0xf9, 0x0,
    0x2f, 0xa0, 0x0, 0x0, 0x0, 0xd, 0xf0, 0x0,
    0x0, 0x3e, 0xfa, 0x2, 0xfa, 0x0, 0x0, 0xaa,
    0xaa, 0xef, 0xaa, 0xaa, 0x0, 0x2e, 0xf2, 0x2f,
    0xa0, 0x0, 0xf, 0xff, 0xff, 0xff, 0xff, 0xf0,
    0x0, 0x25, 0x2, 0xfa, 0x2, 0x10, 0x0, 0x0,
    0xdf, 0x0, 0x0, 0x0, 0x0, 0x1, 0x6f, 0xef,
    0xf5, 0x0, 0x98, 0xd, 0xf0, 0x4a, 0x0, 0x47,
    0xbe, 0xff, 0xff, 0xda, 0x30, 0x1f, 0xb0, 0xdf,
    0x9, 0xf3, 0x1f, 0xff, 0xea, 0x8f, 0xa0, 0x0,
    0x8, 0xf5, 0xd, 0xf0, 0x4f, 0x90, 0x74, 0x10,
    0x2, 0xfa, 0x0, 0x1, 0xfe, 0x0, 0xdf, 0x0,
    0xff, 0x0, 0x0, 0x0, 0x2f, 0xa0, 0x0, 0x9f,
    0x70, 0xd, 0xf0, 0xa, 0xf5, 0x0, 0x0, 0x2,
    0xfa, 0x0, 0x3, 0xa0, 0x0, 0xdf, 0x0, 0x5d,
    0x40, 0x0, 0x0, 0x2f, 0xa0, 0x0, 0x0, 0xd,
    0xdf, 0xe0, 0x0, 0x0, 0x0, 0x0, 0x2, 0xfa,
    0x0, 0x0, 0x0, 0xaf, 0xe6, 0x0, 0x0, 0x0,
    0x0, 0x0, 0x2f, 0xa0, 0x0,

    /* U+65AD "断" */
    0x0, 0x0, 0x0, 0x35, 0x0, 0x0, 0x0, 0x0,
    0x0, 0x0, 0x0, 0x3, 0x20, 0x0, 0x9f, 0x10,
    0x10, 0x0, 0x0, 0x13, 0x6a, 0xc0, 0xf, 0xc5,
    0xa0, 0x9f, 0x13, 0xf6, 0x5a, 0xce, 0xff, 0xff,
    0xd4, 0xf, 0xc6, 0xf1, 0x9f, 0x18, 0xf4, 0x8f,
    0xdb, 0x97, 0x41, 0x0, 0xf, 0xc1, 0xf7, 0x9f,
    0x1e, 0xe0, 0x8f, 0x30, 0x0, 0x0, 0x0, 0xf,
    0xc0, 0xbd, 0x9f, 0x5f, 0x80, 0x8f, 0x30, 0x0,
    0x0, 0x0, 0xf, 0xc0, 0x58, 0xaf, 0x4c, 0x10,
    0x9f, 0x30, 0x0, 0x0, 0x0, 0xf, 0xc3, 0x55,
    0xbf, 0x55, 0x51, 0x9f, 0x30, 0x0, 0x0, 0x0,
    0xf, 0xcc, 0xff, 0xff, 0xff, 0xf4, 0x9f, 0xff,
    0xff, 0xff, 0xf9, 0xf, 0xc3, 0x45, 0xff, 0x54,
    0x41, 0x9f, 0xba, 0xaa, 0xfd, 0xa6, 0xf, 0xc0,
    0x8, 0xff, 0x60, 0x0, 0xaf, 0x30, 0x1, 0xf9,
    0x0, 0xf, 0xc0, 0xe, 0xff, 0xf5, 0x0, 0xaf,
    0x20, 0x1, 0xf9, 0x0, 0xf, 0xc0, 0x7f, 0xbf,
    0xdf, 0x40, 0xbf, 0x20, 0x1, 0xf9, 0x0, 0xf,
    0xc3, 0xf9, 0x9f, 0x3e, 0xf2, 0xcf, 0x10, 0x1,
    0xf9, 0x0, 0xf, 0xcd, 0xf2, 0x9f, 0x14, 0xd0,
    0xdf, 0x0, 0x1, 0xf9, 0x0, 0xf, 0xde, 0x60,
    0x9f, 0x10, 0x10, 0xee, 0x0, 0x1, 0xf9, 0x0,
    0xf, 0xc3, 0x0, 0x9f, 0x10, 0x1, 0xfc, 0x0,
    0x1, 0xf9, 0x0, 0xf, 0xc0, 0x0, 0x9f, 0x10,
    0x5, 0xf9, 0x0, 0x1, 0xf9, 0x0, 0xf, 0xc0,
    0x0, 0x35, 0x10, 0x9, 0xf4, 0x0, 0x1, 0xf9,
    0x0, 0xf, 0xff, 0xff, 0xff, 0xff, 0x1f, 0xf0,
    0x0, 0x1, 0xf9, 0x0, 0xa, 0xaa, 0xaa, 0xaa,
    0xa9, 0x8f, 0x90, 0x0, 0x1, 0xf9, 0x0, 0x0,
    0x0, 0x0, 0x0, 0x0, 0x3d, 0x10, 0x0, 0x1,
    0xf9, 0x0, 0x0, 0x0, 0x0, 0x0, 0x0, 0x0,
    0x0, 0x0, 0x0, 0x0, 0x0,

    /* U+65B0 "新" */
    0x0, 0x0, 0x3a, 0x30, 0x0, 0x0, 0x0, 0x0,
    0x0, 0x0, 0x10, 0x0, 0x0, 0x2f, 0xc0, 0x0,
    0x0, 0x0, 0x2, 0x47, 0xae, 0xf3, 0x6, 0x88,
    0x8e, 0xfa, 0x88, 0x85, 0x2e, 0xff, 0xff, 0xfe,
    0xa4, 0xb, 0xff, 0xff, 0xff, 0xff, 0xf9, 0x3f,
    0xd8, 0x64, 0x10, 0x0, 0x0, 0x3f, 0x90, 0x0,
    0x9f, 0x60, 0x3f, 0x90, 0x0, 0x0, 0x0, 0x0,
    0xd, 0xe0, 0x0, 0xee, 0x0, 0x3f, 0x90, 0x0,
    0x0, 0x0, 0x0, 0x9, 0xf2, 0x4, 0xf8, 0x0,
    0x3f, 0x90, 0x0, 0x0, 0x0, 0x0, 0x4, 0xf7,
    0x9, 0xf1, 0x0, 0x3f, 0x90, 0x0, 0x0, 0x0,
    0x4f, 0xff, 0xff, 0xff, 0xff, 0xfb, 0x3f, 0xfd,
    0xdd, 0xdd, 0xda, 0x2a, 0xaa, 0xae, 0xfb, 0xaa,
    0xa8, 0x4f, 0xeb, 0xbb, 0xfe, 0xb9, 0x0, 0x0,
    0xb, 0xf3, 0x0, 0x0, 0x4f, 0x90, 0x0, 0xfc,
    0x0, 0x0, 0x0, 0xb, 0xf3, 0x0, 0x0, 0x5f,
    0x80, 0x0, 0xfc, 0x0, 0xc, 0xff, 0xff, 0xff,
    0xff, 0xf1, 0x5f, 0x70, 0x0, 0xfc, 0x0, 0x8,
    0xaa, 0xae, 0xfb, 0xaa, 0xa1, 0x6f, 0x60, 0x0,
    0xfc, 0x0, 0x0, 0x2, 0xb, 0xf3, 0x1, 0x0,
    0x7f, 0x50, 0x0, 0xfc, 0x0, 0x0, 0x8f, 0x4b,
    0xf3, 0xdc, 0x0, 0x9f, 0x40, 0x0, 0xfc, 0x0,
    0x2, 0xfd, 0xb, 0xf3, 0x8f, 0x80, 0xcf, 0x20,
    0x0, 0xfc, 0x0, 0xd, 0xf4, 0xb, 0xf3, 0xd,
    0xf2, 0xfe, 0x0, 0x0, 0xfc, 0x0, 0x8f, 0x90,
    0xb, 0xf3, 0x3, 0x45, 0xfa, 0x0, 0x0, 0xfc,
    0x0, 0x7, 0x0, 0xb, 0xf3, 0x0, 0xd, 0xf4,
    0x0, 0x0, 0xfc, 0x0, 0x0, 0x1d, 0xbf, 0xf1,
    0x0, 0x5f, 0xc0, 0x0, 0x0, 0xfc, 0x0, 0x0,
    0xc, 0xfe, 0x80, 0x0, 0x9, 0x40, 0x0, 0x0,
    0xfc, 0x0,

    /* U+65B9 "方" */
    0x0, 0x0, 0x0, 0x0, 0x5, 0x60, 0x0, 0x0,
    0x0, 0x0, 0x0, 0x0, 0x0, 0x0, 0x0, 0x1f,
    0xf2, 0x0, 0x0, 0x0, 0x0, 0x0, 0x0, 0x0,
    0x0, 0x0, 0x8, 0xfa, 0x0, 0x0, 0x0, 0x0,
    0x0, 0x0, 0x0, 0x0, 0x0, 0x2, 0xff, 0x10,
    0x0, 0x0, 0x0, 0x0, 0x8b, 0xbb, 0xbb, 0xbb,
    0xbb, 0xff, 0xcb, 0xbb, 0xbb, 0xbb, 0xb2, 0xbf,
    0xff, 0xff, 0xff, 0xff, 0xff, 0xff, 0xff, 0xff,
    0xff, 0xf3, 0x0, 0x0, 0x0, 0x6f, 0x90, 0x0,
    0x0, 0x0, 0x0, 0x0, 0x0, 0x0, 0x0, 0x0,
    0x6f, 0x80, 0x0, 0x0, 0x0, 0x0, 0x0, 0x0,
    0x0, 0x0, 0x0, 0x6f, 0x80, 0x0, 0x0, 0x0,
    0x0, 0x0, 0x0, 0x0, 0x0, 0x0, 0x7f, 0x70,
    0x0, 0x0, 0x0, 0x0, 0x0, 0x0, 0x0, 0x0,
    0x0, 0x9f, 0xff, 0xff, 0xff, 0xff, 0xff, 0xe0,
    0x0, 0x0, 0x0, 0x0, 0xbf, 0xdc, 0xcc, 0xcc,
    0xcc, 0xcf, 0xe0, 0x0, 0x0, 0x0, 0x0, 0xdf,
    0x20, 0x0, 0x0, 0x0, 0xf, 0xd0, 0x0, 0x0,
    0x0, 0x1, 0xff, 0x0, 0x0, 0x0, 0x0, 0xf,
    0xd0, 0x0, 0x0, 0x0, 0x5, 0xfc, 0x0, 0x0,
    0x0, 0x0, 0xf, 0xd0, 0x0, 0x0, 0x0, 0xb,
    0xf8, 0x0, 0x0, 0x0, 0x0, 0x1f, 0xc0, 0x0,
    0x0, 0x0, 0x3f, 0xf2, 0x0, 0x0, 0x0, 0x0,
    0x2f, 0xb0, 0x0, 0x0, 0x1, 0xdf, 0x90, 0x0,
    0x0, 0x0, 0x0, 0x4f, 0xa0, 0x0, 0x0, 0xc,
    0xfd, 0x10, 0x0, 0x0, 0x0, 0x0, 0x6f, 0x80,
    0x0, 0x2, 0xdf, 0xe2, 0x0, 0x0, 0x0, 0x0,
    0x0, 0xcf, 0x60, 0x0, 0x3f, 0xfd, 0x20, 0x0,
    0x0, 0x0, 0xed, 0xce, 0xff, 0x10, 0x0, 0xb,
    0x90, 0x0, 0x0, 0x0, 0x0, 0xcf, 0xff, 0xe4,
    0x0, 0x0, 0x0, 0x0, 0x0, 0x0, 0x0, 0x0,
    0x0, 0x0, 0x0, 0x0, 0x0,

    /* U+65CB "旋" */
    0x0, 0x0, 0x2, 0x0, 0x0, 0x0, 0x12, 0x0,
    0x0, 0x0, 0x0, 0x0, 0x0, 0x0, 0xdf, 0x0,
    0x0, 0x0, 0x7f, 0x40, 0x0, 0x0, 0x0, 0x0,
    0x0, 0x0, 0x9f, 0x60, 0x0, 0x0, 0xde, 0x0,
    0x0, 0x0, 0x0, 0x0, 0x0, 0x0, 0x3f, 0xc0,
    0x0, 0x3, 0xff, 0xff, 0xff, 0xff, 0xff, 0x90,
    0x6, 0xdd, 0xdf, 0xfd, 0xdd, 0x1b, 0xfb, 0xbb,
    0xbb, 0xbb, 0xbb, 0x70, 0x6, 0xff, 0xff, 0xff,
    0xff, 0x5f, 0xb0, 0x0, 0x0, 0x0, 0x0, 0x0,
    0x0, 0xa, 0xf3, 0x0, 0x0, 0xdf, 0x30, 0x0,
    0x0, 0x0, 0x0, 0x0, 0x0, 0xa, 0xf3, 0x0,
    0x0, 0x48, 0x78, 0x88, 0x88, 0x88, 0x88, 0x0,
    0x0, 0xb, 0xf2, 0x0, 0x0, 0x0, 0xdf, 0xff,
    0xff, 0xff, 0xff, 0x10, 0x0, 0xb, 0xff, 0xff,
    0xf9, 0x0, 0x12, 0x29, 0xf6, 0x24, 0xfd, 0x0,
    0x0, 0xc, 0xfd, 0xdd, 0xf9, 0x0, 0x0, 0x8,
    0xf5, 0xa, 0xf6, 0x0, 0x0, 0xd, 0xf0, 0x1,
    0xf9, 0x0, 0x31, 0x8, 0xf5, 0x7, 0xb0, 0x0,
    0x0, 0xe, 0xe0, 0x2, 0xf9, 0x0, 0xf8, 0x8,
    0xf5, 0x0, 0x0, 0x0, 0x0, 0xf, 0xd0, 0x3,
    0xf8, 0x1, 0xf6, 0x8, 0xfd, 0xbb, 0xb9, 0x0,
    0x0, 0x1f, 0xb0, 0x4, 0xf7, 0x3, 0xf4, 0x8,
    0xff, 0xff, 0xfc, 0x0, 0x0, 0x3f, 0x90, 0x5,
    0xf6, 0x6, 0xf2, 0x8, 0xf5, 0x0, 0x0, 0x0,
    0x0, 0x7f, 0x60, 0x7, 0xf5, 0xa, 0xf1, 0x8,
    0xf5, 0x0, 0x0, 0x0, 0x0, 0xbf, 0x30, 0x8,
    0xf4, 0xe, 0xf9, 0x8, 0xf5, 0x0, 0x0, 0x0,
    0x1, 0xfe, 0x0, 0xa, 0xf2, 0x6f, 0xff, 0x98,
    0xf5, 0x0, 0x0, 0x0, 0x7, 0xf9, 0x0, 0xd,
    0xe1, 0xef, 0x2c, 0xff, 0xf6, 0x0, 0x0, 0x0,
    0xe, 0xf2, 0x2e, 0xff, 0x97, 0xf9, 0x0, 0x8f,
    0xff, 0xff, 0xee, 0xb0, 0x4, 0x90, 0xd, 0xfb,
    0x11, 0xc1, 0x0, 0x1, 0x6a, 0xde, 0xff, 0x60,
    0x0, 0x0, 0x0, 0x0, 0x0, 0x0, 0x0, 0x0,
    0x0, 0x0, 0x0, 0x0,

    /* U+65E0 "无" */
    0x0, 0x1, 0x11, 0x11, 0x11, 0x11, 0x11, 0x11,
    0x11, 0x11, 0x0, 0x0, 0xff, 0xff, 0xff, 0xff,
    0xff, 0xff, 0xff, 0xff, 0xff, 0x60, 0x0, 0xbb,
    0xbb, 0xbb, 0xbb, 0xfe, 0xbb, 0xbb, 0xbb, 0xbb,
    0x40, 0x0, 0x0, 0x0, 0x0, 0x2, 0xfb, 0x0,
    0x0, 0x0, 0x0, 0x0, 0x0, 0x0, 0x0, 0x0,
    0x4, 0xf9, 0x0, 0x0, 0x0, 0x0, 0x0, 0x0,
    0x0, 0x0, 0x0, 0x6, 0xf8, 0x0, 0x0, 0x0,
    0x0, 0x0, 0x0, 0x0, 0x0, 0x0, 0x8, 0xf7,
    0x0, 0x0, 0x0, 0x0, 0x0, 0x0, 0x0, 0x0,
    0x0, 0x9, 0xf6, 0x0, 0x0, 0x0, 0x0, 0x0,
    0x1f, 0xff, 0xff, 0xff, 0xff, 0xff, 0xff, 0xff,
    0xff, 0xff, 0xf8, 0x1b, 0xbb, 0xbb, 0xbb, 0xcf,
    0xfc, 0xfe, 0xbb, 0xbb, 0xbb, 0xb6, 0x0, 0x0,
    0x0, 0x0, 0x5f, 0xb3, 0xfa, 0x0, 0x0, 0x0,
    0x0, 0x0, 0x0, 0x0, 0x0, 0xbf, 0x63, 0xfa,
    0x0, 0x0, 0x0, 0x0, 0x0, 0x0, 0x0, 0x2,
    0xff, 0x13, 0xfa, 0x0, 0x0, 0x0, 0x0, 0x0,
    0x0, 0x0, 0xb, 0xf9, 0x3, 0xfa, 0x0, 0x0,
    0x0, 0x0, 0x0, 0x0, 0x0, 0x5f, 0xf1, 0x3,
    0xfa, 0x0, 0x0, 0x0, 0x0, 0x0, 0x0, 0x2,
    0xff, 0x60, 0x3, 0xfa, 0x0, 0x0, 0x0, 0x0,
    0x0, 0x0, 0x2e, 0xfa, 0x0, 0x3, 0xfa, 0x0,
    0x0, 0x1, 0xb6, 0x0, 0x2, 0xef, 0xc0, 0x0,
    0x3, 0xfa, 0x0, 0x0, 0x3, 0xfd, 0x0, 0x5f,
    0xfc, 0x0, 0x0, 0x3, 0xfb, 0x0, 0x0, 0x8,
    0xfa, 0x1a, 0xff, 0x90, 0x0, 0x0, 0x2, 0xff,
    0xec, 0xcd, 0xef, 0xf5, 0x1e, 0xe6, 0x0, 0x0,
    0x0, 0x0, 0x7d, 0xff, 0xff, 0xeb, 0x60, 0x2,
    0x10, 0x0, 0x0, 0x0, 0x0, 0x0, 0x0, 0x0,
    0x0, 0x0,

    /* U+65F6 "时" */
    0x0, 0x0, 0x0, 0x0, 0x0, 0x0, 0x0, 0x0,
    0x6, 0x70, 0x0, 0x0, 0x0, 0x0, 0x0, 0x0,
    0x0, 0x0, 0x0, 0xd, 0xf0, 0x0, 0xa, 0xaa,
    0xaa, 0xaa, 0x70, 0x0, 0x0, 0x0, 0xd, 0xf0,
    0x0, 0x1f, 0xff, 0xff, 0xff, 0xb0, 0x0, 0x0,
    0x0, 0xd, 0xf0, 0x0, 0x1f, 0xb0, 0x0, 0x1f,
    0xb0, 0x0, 0x0, 0x0, 0xd, 0xf0, 0x0, 0x1f,
    0xb0, 0x0, 0x1f, 0xb5, 0xbb, 0xbb, 0xbb, 0xbf,
    0xfb, 0xb9, 0x1f, 0xb0, 0x0, 0x1f, 0xb7, 0xff,
    0xff, 0xff, 0xff, 0xff, 0xfd, 0x1f, 0xb0, 0x0,
    0x1f, 0xb0, 0x0, 0x0, 0x0, 0xd, 0xf0, 0x0,
    0x1f, 0xb0, 0x0, 0x1f, 0xb0, 0x0, 0x0, 0x0,
    0xd, 0xf0, 0x0, 0x1f, 0xff, 0xff, 0xff, 0xb0,
    0x3e, 0x90, 0x0, 0xd, 0xf0, 0x0, 0x1f, 0xeb,
    0xbb, 0xcf, 0xb0, 0xe, 0xf2, 0x0, 0xd, 0xf0,
    0x0, 0x1f, 0xb0, 0x0, 0x1f, 0xb0, 0x7, 0xfa,
    0x0, 0xd, 0xf0, 0x0, 0x1f, 0xb0, 0x0, 0x1f,
    0xb0, 0x0, 0xef, 0x20, 0xd, 0xf0, 0x0, 0x1f,
    0xb0, 0x0, 0x1f, 0xb0, 0x0, 0x9f, 0x80, 0xd,
    0xf0, 0x0, 0x1f, 0xb0, 0x0, 0x1f, 0xb0, 0x0,
    0x3f, 0xe0, 0xd, 0xf0, 0x0, 0x1f, 0xb0, 0x0,
    0x1f, 0xb0, 0x0, 0xb, 0x60, 0xd, 0xf0, 0x0,
    0x1f, 0xff, 0xff, 0xff, 0xb0, 0x0, 0x0, 0x0,
    0xd, 0xf0, 0x0, 0x1f, 0xea, 0xaa, 0xaf, 0xb0,
    0x0, 0x0, 0x0, 0xd, 0xf0, 0x0, 0x1f, 0xb0,
    0x0, 0x1f, 0xa0, 0x0, 0x0, 0x0, 0xd, 0xf0,
    0x0, 0xb, 0x70, 0x0, 0x0, 0x0, 0x0, 0x2,
    0x10, 0xf, 0xf0, 0x0, 0x0, 0x0, 0x0, 0x0,
    0x0, 0x0, 0x6, 0xff, 0xff, 0xd0, 0x0, 0x0,
    0x0, 0x0, 0x0, 0x0, 0x0, 0x2, 0xbd, 0xfd,
    0x40, 0x0,

    /* U+660E "明" */
    0x0, 0x0, 0x0, 0x0, 0x0, 0xcf, 0xff, 0xff,
    0xff, 0xff, 0x9, 0xbb, 0xbb, 0xbb, 0x90, 0xd,
    0xfa, 0xaa, 0xaa, 0xae, 0xf0, 0xdf, 0xff, 0xff,
    0xfd, 0x0, 0xdf, 0x0, 0x0, 0x0, 0xcf, 0xd,
    0xf1, 0x0, 0x1f, 0xd0, 0xd, 0xf0, 0x0, 0x0,
    0xc, 0xf0, 0xdf, 0x0, 0x0, 0xfd, 0x0, 0xdf,
    0x0, 0x0, 0x0, 0xcf, 0xd, 0xf0, 0x0, 0xf,
    0xd0, 0xd, 0xf0, 0x0, 0x0, 0xc, 0xf0, 0xdf,
    0x0, 0x0, 0xfd, 0x0, 0xdf, 0xee, 0xee, 0xee,
    0xff, 0xd, 0xf0, 0x0, 0xf, 0xd0, 0xd, 0xfe,
    0xee, 0xee, 0xef, 0xf0, 0xdf, 0xaa, 0xaa, 0xfd,
    0x0, 0xdf, 0x0, 0x0, 0x0, 0xcf, 0xd, 0xff,
    0xff, 0xff, 0xd0, 0xd, 0xf0, 0x0, 0x0, 0xc,
    0xf0, 0xdf, 0x0, 0x0, 0xfd, 0x0, 0xdf, 0x0,
    0x0, 0x0, 0xcf, 0xd, 0xf0, 0x0, 0xf, 0xd0,
    0xe, 0xf0, 0x0, 0x0, 0xc, 0xf0, 0xdf, 0x0,
    0x0, 0xfd, 0x0, 0xff, 0xff, 0xff, 0xff, 0xff,
    0xd, 0xf0, 0x0, 0xf, 0xd0, 0x1f, 0xeb, 0xbb,
    0xbb, 0xbe, 0xf0, 0xdf, 0x10, 0x1, 0xfd, 0x4,
    0xfa, 0x0, 0x0, 0x0, 0xcf, 0xd, 0xff, 0xff,
    0xff, 0xd0, 0x7f, 0x60, 0x0, 0x0, 0xc, 0xf0,
    0xdf, 0xbb, 0xbb, 0xb9, 0xb, 0xf3, 0x0, 0x0,
    0x0, 0xcf, 0xd, 0xf0, 0x0, 0x0, 0x0, 0xff,
    0x0, 0x0, 0x0, 0xc, 0xf0, 0x68, 0x0, 0x0,
    0x0, 0x5f, 0xb0, 0x0, 0x0, 0x0, 0xcf, 0x0,
    0x0, 0x0, 0x0, 0xb, 0xf5, 0x0, 0x2, 0xdc,
    0xbf, 0xe0, 0x0, 0x0, 0x0, 0x0, 0x8e, 0x0,
    0x0, 0xe, 0xff, 0xf5, 0x0, 0x0, 0x0, 0x0,
    0x0, 0x10, 0x0, 0x0, 0x0, 0x10, 0x0,

    /* U+662F "是" */
    0x0, 0x3, 0xff, 0xff, 0xff, 0xff, 0xff, 0xff,
    0xff, 0x60, 0x0, 0x0, 0x0, 0x3f, 0xeb, 0xbb,
    0xbb, 0xbb, 0xbb, 0xbd, 0xf6, 0x0, 0x0, 0x0,
    0x3, 0xf8, 0x0, 0x0, 0x0, 0x0, 0x0, 0x5f,
    0x60, 0x0, 0x0, 0x0, 0x3f, 0xc7, 0x77, 0x77,
    0x77, 0x77, 0x7a, 0xf6, 0x0, 0x0, 0x0, 0x3,
    0xff, 0xff, 0xff, 0xff, 0xff, 0xff, 0xff, 0x60,
    0x0, 0x0, 0x0, 0x3f, 0x80, 0x0, 0x0, 0x0,
    0x0, 0x5, 0xf6, 0x0, 0x0, 0x0, 0x3, 0xf9,
    0x0, 0x0, 0x0, 0x0, 0x0, 0x5f, 0x60, 0x0,
    0x0, 0x0, 0x3f, 0xff, 0xff, 0xff, 0xff, 0xff,
    0xff, 0xf6, 0x0, 0x0, 0x0, 0x2, 0xaa, 0xaa,
    0xaa, 0xaa, 0xaa, 0xaa, 0xaa, 0x40, 0x0, 0x0,
    0x0, 0x0, 0x0, 0x0, 0x0, 0x0, 0x0, 0x0,
    0x0, 0x0, 0x0, 0x3f, 0xff, 0xff, 0xff, 0xff,
    0xff, 0xff, 0xff, 0xff, 0xff, 0xfa, 0x1, 0xaa,
    0xaa, 0xaa, 0xaa, 0xae, 0xfa, 0xaa, 0xaa, 0xaa,
    0xaa, 0x60, 0x0, 0x0, 0x2b, 0x50, 0x0, 0xbf,
    0x20, 0x0, 0x0, 0x0, 0x0, 0x0, 0x0, 0x7,
    0xf8, 0x0, 0xb, 0xf2, 0x0, 0x0, 0x0, 0x0,
    0x0, 0x0, 0x0, 0xcf, 0x40, 0x0, 0xbf, 0xff,
    0xff, 0xff, 0xff, 0x20, 0x0, 0x0, 0x4f, 0xf7,
    0x0, 0xb, 0xfc, 0xbb, 0xbb, 0xbb, 0xb2, 0x0,
    0x0, 0xd, 0xff, 0xf7, 0x0, 0xbf, 0x20, 0x0,
    0x0, 0x0, 0x0, 0x0, 0xa, 0xfc, 0x2d, 0xfc,
    0x3b, 0xf2, 0x0, 0x0, 0x0, 0x0, 0x0, 0x8,
    0xff, 0x20, 0x9, 0xff, 0xff, 0x52, 0x10, 0x0,
    0x0, 0x0, 0x8, 0xff, 0x50, 0x0, 0x2, 0x9e,
    0xff, 0xff, 0xff, 0xee, 0xee, 0xc0, 0x2e, 0x50,
    0x0, 0x0, 0x0, 0x3, 0x79, 0xcd, 0xef, 0xff,
    0xf9, 0x0, 0x0, 0x0, 0x0, 0x0, 0x0, 0x0,
    0x0, 0x0, 0x0, 0x0, 0x0,

    /* U+663E "显" */
    0x0, 0x2b, 0xbb, 0xbb, 0xbb, 0xbb, 0xbb, 0xbb,
    0xbb, 0x80, 0x0, 0x0, 0x3f, 0xff, 0xff, 0xff,
    0xff, 0xff, 0xff, 0xff, 0xc0, 0x0, 0x0, 0x3f,
    0xb0, 0x0, 0x0, 0x0, 0x0, 0x0, 0x2f, 0xc0,
    0x0, 0x0, 0x3f, 0xb0, 0x0, 0x0, 0x0, 0x0,
    0x0, 0x2f, 0xc0, 0x0, 0x0, 0x3f, 0xd8, 0x88,
    0x88, 0x88, 0x88, 0x88, 0x9f, 0xc0, 0x0, 0x0,
    0x3f, 0xff, 0xff, 0xff, 0xff, 0xff, 0xff, 0xff,
    0xc0, 0x0, 0x0, 0x3f, 0xb0, 0x0, 0x0, 0x0,
    0x0, 0x0, 0x2f, 0xc0, 0x0, 0x0, 0x3f, 0xb0,
    0x0, 0x0, 0x0, 0x0, 0x0, 0x2f, 0xc0, 0x0,
    0x0, 0x3f, 0xeb, 0xbb, 0xbb, 0xbb, 0xbb, 0xbb,
    0xcf, 0xc0, 0x0, 0x0, 0x3f, 0xff, 0xff, 0xff,
    0xff, 0xff, 0xff, 0xff, 0xc0, 0x0, 0x0, 0x0,
    0x0, 0x1, 0x11, 0x0, 0x11, 0x0, 0x0, 0x0,
    0x0, 0x0, 0x16, 0x0, 0x6, 0xf7, 0x0, 0xbf,
    0x20, 0x1, 0x30, 0x0, 0x0, 0xef, 0x30, 0x6,
    0xf7, 0x0, 0xbf, 0x20, 0x9, 0xf6, 0x0, 0x0,
    0x6f, 0xd0, 0x6, 0xf7, 0x0, 0xbf, 0x20, 0x2f,
    0xe1, 0x0, 0x0, 0xc, 0xf6, 0x6, 0xf7, 0x0,
    0xbf, 0x20, 0xcf, 0x60, 0x0, 0x0, 0x3, 0xfd,
    0x6, 0xf7, 0x0, 0xbf, 0x28, 0xfa, 0x0, 0x0,
    0x0, 0x0, 0xcb, 0x16, 0xf7, 0x0, 0xbf, 0x24,
    0xc0, 0x0, 0x0, 0x0, 0x0, 0x0, 0x6, 0xf7,
    0x0, 0xbf, 0x20, 0x0, 0x0, 0x0, 0x9a, 0xaa,
    0xaa, 0xac, 0xfd, 0xaa, 0xef, 0xba, 0xaa, 0xaa,
    0xa4, 0xef, 0xff, 0xff, 0xff, 0xff, 0xff, 0xff,
    0xff, 0xff, 0xff, 0xf7, 0x0, 0x0, 0x0, 0x0,
    0x0, 0x0, 0x0, 0x0, 0x0, 0x0, 0x0,

    /* U+6643 "晃" */
    0x0, 0x1, 0xaa, 0xaa, 0xaa, 0xaa, 0xaa, 0xaa,
    0xaa, 0xa7, 0x0, 0x0, 0x0, 0x3f, 0xff, 0xff,
    0xff, 0xff, 0xff, 0xff, 0xff, 0xc0, 0x0, 0x0,
    0x3, 0xfc, 0x0, 0x0, 0x0, 0x0, 0x0, 0x3,
    0xfc, 0x0, 0x0, 0x0, 0x3f, 0xe8, 0x88, 0x88,
    0x88, 0x88, 0x88, 0xaf, 0xc0, 0x0, 0x0, 0x3,
    0xff, 0xff, 0xff, 0xff, 0xff, 0xff, 0xff, 0xfc,
    0x0, 0x0, 0x0, 0x3f, 0xc0, 0x0, 0x0, 0x0,
    0x0, 0x0, 0x4f, 0xc0, 0x0, 0x0, 0x3, 0xfe,
    0x88, 0x88, 0x88, 0x88, 0x88, 0x89, 0xfc, 0x0,
    0x0, 0x0, 0x3f, 0xff, 0xff, 0xff, 0xff, 0xff,
    0xff, 0xff, 0xc0, 0x0, 0x0, 0x0, 0x36, 0x33,
    0x33, 0x7f, 0xd3, 0x33, 0x34, 0x52, 0x0, 0x0,
    0x0, 0xa, 0xf7, 0x0, 0x4, 0xfa, 0x0, 0x0,
    0xcf, 0x50, 0x0, 0x0, 0x0, 0x4f, 0xf4, 0x0,
    0x4f, 0xa0, 0x1, 0xbf, 0xd0, 0x0, 0x0, 0x0,
    0x0, 0x8f, 0x80, 0x4, 0xfa, 0x0, 0x2e, 0xe2,
    0x0, 0x0, 0x2, 0x22, 0x22, 0x62, 0x22, 0x5f,
    0xa2, 0x22, 0x54, 0x22, 0x22, 0x0, 0xdf, 0xff,
    0xff, 0xff, 0xff, 0xff, 0xff, 0xff, 0xff, 0xff,
    0xf6, 0x8, 0xaa, 0xaa, 0xac, 0xfd, 0xaa, 0xae,
    0xfa, 0xaa, 0xaa, 0xaa, 0x30, 0x0, 0x0, 0x0,
    0x8f, 0x60, 0x0, 0xbf, 0x20, 0x0, 0x0, 0x0,
    0x0, 0x0, 0x0, 0xe, 0xf2, 0x0, 0xb, 0xf2,
    0x0, 0x0, 0x32, 0x0, 0x0, 0x0, 0xa, 0xfb,
    0x0, 0x0, 0xbf, 0x20, 0x0, 0xa, 0xf3, 0x0,
    0x0, 0x4d, 0xfe, 0x20, 0x0, 0xb, 0xf2, 0x0,
    0x0, 0xef, 0x11, 0x9b, 0xef, 0xfd, 0x30, 0x0,
    0x0, 0xaf, 0xdb, 0xbc, 0xff, 0xc0, 0xa, 0xff,
    0xc6, 0x0, 0x0, 0x0, 0x3, 0xcf, 0xff, 0xec,
    0x91, 0x0, 0x13, 0x0, 0x0, 0x0, 0x0, 0x0,
    0x0, 0x0, 0x0, 0x0, 0x0,

    /* U+666E "普" */
    0x0, 0x0, 0x0, 0x20, 0x0, 0x0, 0x0, 0x30,
    0x0, 0x0, 0x0, 0x0, 0x0, 0xc, 0xf3, 0x0,
    0x0, 0x7, 0xfa, 0x0, 0x0, 0x0, 0x0, 0x0,
    0x8, 0xfd, 0x0, 0x0, 0x1f, 0xf2, 0x0, 0x0,
    0x0, 0x8, 0xaa, 0xaa, 0xff, 0xca, 0xaa, 0xcf,
    0xea, 0xaa, 0xaa, 0x50, 0xc, 0xff, 0xff, 0xff,
    0xff, 0xff, 0xff, 0xff, 0xff, 0xff, 0x70, 0x0,
    0x1, 0x40, 0x6, 0xf7, 0x0, 0xfd, 0x0, 0x5,
    0x0, 0x0, 0x0, 0xd, 0xf2, 0x6, 0xf7, 0x0,
    0xfd, 0x0, 0x7f, 0x80, 0x0, 0x0, 0x5, 0xfa,
    0x6, 0xf7, 0x0, 0xfd, 0x2, 0xff, 0x10, 0x0,
    0x0, 0x0, 0xdd, 0x6, 0xf7, 0x0, 0xfd, 0x7,
    0xf6, 0x0, 0x0, 0x11, 0x11, 0x31, 0x17, 0xf8,
    0x11, 0xfd, 0x11, 0x51, 0x11, 0x10, 0xef, 0xff,
    0xff, 0xff, 0xff, 0xff, 0xff, 0xff, 0xff, 0xff,
    0xf8, 0x89, 0x99, 0x99, 0x99, 0x99, 0x99, 0x99,
    0x99, 0x99, 0x99, 0x95, 0x0, 0x0, 0x0, 0x0,
    0x0, 0x0, 0x0, 0x0, 0x0, 0x0, 0x0, 0x0,
    0xd, 0xff, 0xff, 0xff, 0xff, 0xff, 0xff, 0xff,
    0x50, 0x0, 0x0, 0xd, 0xfa, 0xaa, 0xaa, 0xaa,
    0xaa, 0xaa, 0xdf, 0x50, 0x0, 0x0, 0xd, 0xf0,
    0x0, 0x0, 0x0, 0x0, 0x0, 0x8f, 0x50, 0x0,
    0x0, 0xd, 0xf9, 0x88, 0x88, 0x88, 0x88, 0x88,
    0xcf, 0x50, 0x0, 0x0, 0xd, 0xff, 0xff, 0xff,
    0xff, 0xff, 0xff, 0xff, 0x50, 0x0, 0x0, 0xd,
    0xf0, 0x0, 0x0, 0x0, 0x0, 0x0, 0x8f, 0x50,
    0x0, 0x0, 0xd, 0xf9, 0x88, 0x88, 0x88, 0x88,
    0x88, 0xcf, 0x50, 0x0, 0x0, 0xd, 0xff, 0xff,
    0xff, 0xff, 0xff, 0xff, 0xff, 0x50, 0x0, 0x0,
    0xd, 0xf1, 0x0, 0x0, 0x0, 0x0, 0x0, 0x8f,
    0x50, 0x0,

    /* U+666F "景" */
    0x0, 0xc, 0xff, 0xff, 0xff, 0xff, 0xff, 0xff,
    0xff, 0xb0, 0x0, 0x0, 0xd, 0xf7, 0x77, 0x77,
    0x77, 0x77, 0x77, 0x8f, 0xb0, 0x0, 0x0, 0xd,
    0xf5, 0x55, 0x55, 0x55, 0x55, 0x55, 0x7f, 0xb0,
    0x0, 0x0, 0xd, 0xff, 0xff, 0xff, 0xff, 0xff,
    0xff, 0xff, 0xb0, 0x0, 0x0, 0xd, 0xf0, 0x0,
    0x0, 0x0, 0x0, 0x0, 0x2f, 0xb0, 0x0, 0x0,
    0xd, 0xff, 0xff, 0xff, 0xff, 0xff, 0xff, 0xff,
    0xb0, 0x0, 0x0, 0x6, 0x77, 0x77, 0x7f, 0xfb,
    0x77, 0x77, 0x77, 0x50, 0x0, 0x11, 0x11, 0x11,
    0x11, 0x17, 0xfa, 0x11, 0x11, 0x11, 0x11, 0x10,
    0xef, 0xff, 0xff, 0xff, 0xff, 0xff, 0xff, 0xff,
    0xff, 0xff, 0xfa, 0x88, 0x88, 0x88, 0x88, 0x88,
    0x88, 0x88, 0x88, 0x88, 0x88, 0x85, 0x0, 0x18,
    0x88, 0x88, 0x88, 0x88, 0x88, 0x88, 0x88, 0x80,
    0x0, 0x0, 0x3f, 0xff, 0xff, 0xff, 0xff, 0xff,
    0xff, 0xff, 0xe0, 0x0, 0x0, 0x3f, 0x80, 0x0,
    0x0, 0x0, 0x0, 0x0, 0xd, 0xe0, 0x0, 0x0,
    0x3f, 0xc8, 0x88, 0x88, 0x88, 0x88, 0x88, 0x8e,
    0xe0, 0x0, 0x0, 0x3f, 0xff, 0xff, 0xff, 0xff,
    0xff, 0xff, 0xff, 0xe0, 0x0, 0x0, 0x0, 0x3,
    0x0, 0x0, 0xbf, 0x30, 0x3, 0x10, 0x0, 0x0,
    0x0, 0x0, 0x6f, 0x70, 0x0, 0xbf, 0x20, 0x7f,
    0xd4, 0x0, 0x0, 0x0, 0x4c, 0xfe, 0x30, 0x0,
    0xbf, 0x20, 0x19, 0xff, 0xb1, 0x0, 0x5d, 0xff,
    0xb1, 0x1, 0x0, 0xbf, 0x20, 0x0, 0x3e, 0xfe,
    0x30, 0x3f, 0xc4, 0x0, 0xf, 0xfd, 0xff, 0x10,
    0x0, 0x1, 0xce, 0x10, 0x1, 0x0, 0x0, 0xa,
    0xdf, 0xe6, 0x0, 0x0, 0x0, 0x1, 0x0,

    /* U+6697 "暗" */
    0x0, 0x0, 0x0, 0x0, 0x0, 0x0, 0x7, 0xa0,
    0x0, 0x0, 0x0, 0x0, 0x0, 0x0, 0x0, 0x0,
    0x0, 0xc, 0xf7, 0x0, 0x0, 0x0, 0x8d, 0xdd,
    0xdd, 0xc0, 0x7a, 0xaa, 0xac, 0xfe, 0xaa, 0xaa,
    0xa1, 0xaf, 0xdd, 0xdf, 0xf0, 0xbf, 0xff, 0xff,
    0xff, 0xff, 0xff, 0xf2, 0xaf, 0x20, 0xd, 0xf0,
    0x12, 0x22, 0x22, 0x22, 0x22, 0x22, 0x20, 0xaf,
    0x20, 0xd, 0xf0, 0x1, 0xcb, 0x0, 0x0, 0x7,
    0xf7, 0x0, 0xaf, 0x20, 0xd, 0xf0, 0x0, 0xbf,
    0x40, 0x0, 0xd, 0xf3, 0x0, 0xaf, 0x20, 0xd,
    0xf0, 0x0, 0x3f, 0xc0, 0x0, 0x4f, 0xb0, 0x0,
    0xaf, 0x20, 0xd, 0xf0, 0xbb, 0xbf, 0xfb, 0xbb,
    0xef, 0xdb, 0xb7, 0xaf, 0xff, 0xff, 0xf1, 0xff,
    0xff, 0xff, 0xff, 0xff, 0xff, 0xf9, 0xaf, 0xcb,
    0xbf, 0xf0, 0x0, 0x0, 0x0, 0x0, 0x0, 0x0,
    0x0, 0xaf, 0x20, 0xd, 0xf0, 0x0, 0x0, 0x0,
    0x0, 0x0, 0x0, 0x0, 0xaf, 0x20, 0xd, 0xf0,
    0x6, 0xff, 0xff, 0xff, 0xff, 0xff, 0x40, 0xaf,
    0x20, 0xd, 0xf0, 0x6, 0xfd, 0xaa, 0xaa, 0xaa,
    0xdf, 0x40, 0xaf, 0x20, 0xd, 0xf0, 0x6, 0xf7,
    0x0, 0x0, 0x0, 0x9f, 0x40, 0xaf, 0x20, 0xd,
    0xf0, 0x6, 0xfa, 0x66, 0x66, 0x66, 0xbf, 0x40,
    0xaf, 0xff, 0xff, 0xf0, 0x6, 0xff, 0xff, 0xff,
    0xff, 0xff, 0x40, 0xaf, 0xba, 0xaf, 0xf0, 0x6,
    0xfa, 0x44, 0x44, 0x44, 0xbf, 0x40, 0xaf, 0x20,
    0xd, 0xe0, 0x6, 0xf7, 0x0, 0x0, 0x0, 0x9f,
    0x40, 0x7b, 0x10, 0x0, 0x0, 0x6, 0xfd, 0xaa,
    0xaa, 0xaa, 0xdf, 0x40, 0x0, 0x0, 0x0, 0x0,
    0x6, 0xff, 0xff, 0xff, 0xff, 0xff, 0x40, 0x0,
    0x0, 0x0, 0x0, 0x6, 0xf8, 0x0, 0x0, 0x0,
    0x9f, 0x40,

    /* U+66F4 "更" */
    0xb, 0xbb, 0xbb, 0xbb, 0xbb, 0xbb, 0xbb, 0xbb,
    0xbb, 0xbb, 0xb0, 0xf, 0xff, 0xff, 0xff, 0xff,
    0xff, 0xff, 0xff, 0xff, 0xff, 0xf0, 0x0, 0x0,
    0x0, 0x0, 0x1, 0xfd, 0x0, 0x0, 0x0, 0x0,
    0x0, 0x0, 0x0, 0x0, 0x0, 0x0, 0xfd, 0x0,
    0x0, 0x0, 0x0, 0x0, 0x0, 0x8f, 0xff, 0xff,
    0xff, 0xff, 0xff, 0xff, 0xff, 0xf6, 0x0, 0x0,
    0x8f, 0xdb, 0xbb, 0xbb, 0xff, 0xbb, 0xbb, 0xbd,
    0xf7, 0x0, 0x0, 0x8f, 0x50, 0x0, 0x0, 0xfd,
    0x0, 0x0, 0x7, 0xf7, 0x0, 0x0, 0x8f, 0x50,
    0x0, 0x1, 0xfd, 0x0, 0x0, 0x7, 0xf7, 0x0,
    0x0, 0x8f, 0xff, 0xff, 0xff, 0xff, 0xff, 0xff,
    0xff, 0xf7, 0x0, 0x0, 0x8f, 0xa7, 0x77, 0x77,
    0xfe, 0x77, 0x77, 0x7b, 0xf7, 0x0, 0x0, 0x8f,
    0x50, 0x0, 0x0, 0xfd, 0x0, 0x0, 0x7, 0xf7,
    0x0, 0x0, 0x8f, 0xca, 0xaa, 0xaa, 0xff, 0xaa,
    0xaa, 0xac, 0xf7, 0x0, 0x0, 0x8f, 0xff, 0xff,
    0xff, 0xff, 0xff, 0xff, 0xff, 0xf7, 0x0, 0x0,
    0x0, 0x2, 0x0, 0x4, 0xfa, 0x0, 0x0, 0x0,
    0x0, 0x0, 0x0, 0x0, 0x8f, 0x70, 0x8, 0xf6,
    0x0, 0x0, 0x0, 0x0, 0x0, 0x0, 0x0, 0x2e,
    0xfb, 0x2e, 0xf2, 0x0, 0x0, 0x0, 0x0, 0x0,
    0x0, 0x0, 0x2, 0xcf, 0xff, 0xa0, 0x0, 0x0,
    0x0, 0x0, 0x0, 0x0, 0x0, 0x0, 0x4f, 0xff,
    0xfb, 0x40, 0x0, 0x0, 0x0, 0x0, 0x0, 0x2,
    0x6c, 0xff, 0xb9, 0xff, 0xff, 0xc8, 0x63, 0x10,
    0x0, 0x6c, 0xff, 0xff, 0xc5, 0x0, 0x17, 0xcf,
    0xff, 0xff, 0xff, 0xf6, 0x5f, 0xeb, 0x72, 0x0,
    0x0, 0x0, 0x1, 0x58, 0xad, 0xef, 0xf3, 0x1,
    0x0, 0x0, 0x0, 0x0, 0x0, 0x0, 0x0, 0x0,
    0x0, 0x0,

    /* U+6700 "最" */
    0x0, 0x8, 0x88, 0x88, 0x88, 0x88, 0x88, 0x88,
    0x88, 0x70, 0x0, 0x0, 0x1f, 0xff, 0xff, 0xff,
    0xff, 0xff, 0xff, 0xff, 0xd0, 0x0, 0x0, 0x1f,
    0xc0, 0x0, 0x0, 0x0, 0x0, 0x0, 0xf, 0xd0,
    0x0, 0x0, 0x1f, 0xff, 0xff, 0xff, 0xff, 0xff,
    0xff, 0xff, 0xd0, 0x0, 0x0, 0x1f, 0xd6, 0x66,
    0x66, 0x66, 0x66, 0x66, 0x6f, 0xd0, 0x0, 0x0,
    0x1f, 0xe8, 0x88, 0x88, 0x88, 0x88, 0x88, 0x8f,
    0xd0, 0x0, 0x0, 0x1f, 0xff, 0xff, 0xff, 0xff,
    0xff, 0xff, 0xff, 0xd0, 0x0, 0x0, 0x0, 0x0,
    0x0, 0x0, 0x0, 0x0, 0x0, 0x0, 0x0, 0x0,
    0x78, 0x88, 0x88, 0x88, 0x88, 0x88, 0x88, 0x88,
    0x88, 0x88, 0x85, 0xef, 0xff, 0xff, 0xff, 0xff,
    0xff, 0xff, 0xff, 0xff, 0xff, 0xfa, 0x0, 0xfd,
    0x0, 0x0, 0x7f, 0x40, 0x0, 0x0, 0x0, 0x0,
    0x0, 0x0, 0xfe, 0x55, 0x55, 0xaf, 0x41, 0xaa,
    0xaa, 0xaa, 0xaa, 0x10, 0x0, 0xff, 0xff, 0xff,
    0xff, 0x41, 0xff, 0xff, 0xff, 0xff, 0x20, 0x0,
    0xfd, 0x0, 0x0, 0x7f, 0x40, 0x32, 0x0, 0x3,
    0xfe, 0x0, 0x0, 0xfe, 0x55, 0x55, 0xaf, 0x40,
    0xcb, 0x0, 0xa, 0xf6, 0x0, 0x0, 0xff, 0xff,
    0xff, 0xff, 0x40, 0x8f, 0x90, 0x4f, 0xd0, 0x0,
    0x0, 0xfd, 0x0, 0x0, 0x7f, 0x61, 0xb, 0xfa,
    0xef, 0x30, 0x0, 0x2, 0xfd, 0x57, 0x8a, 0xdf,
    0xfa, 0x0, 0xcf, 0xf9, 0x0, 0x0, 0xdf, 0xff,
    0xff, 0xff, 0xef, 0xa5, 0x18, 0xff, 0xff, 0xd6,
    0x10, 0x79, 0x86, 0x42, 0x10, 0x7f, 0x46, 0xff,
    0xd3, 0x2b, 0xff, 0xf6, 0x0, 0x0, 0x0, 0x0,
    0x7f, 0x43, 0xc5, 0x0, 0x0, 0x38, 0xd1,

    /* U+6709 "有" */
    0x0, 0x0, 0x0, 0x0, 0x5, 0x30, 0x0, 0x0,
    0x0, 0x0, 0x0, 0x0, 0x0, 0x0, 0x0, 0x2f,
    0xd0, 0x0, 0x0, 0x0, 0x0, 0x0, 0x0, 0x0,
    0x0, 0x0, 0xaf, 0x70, 0x0, 0x0, 0x0, 0x0,
    0x0, 0x1d, 0xdd, 0xdd, 0xdd, 0xff, 0xdd, 0xdd,
    0xdd, 0xdd, 0xdd, 0xd6, 0x1f, 0xff, 0xff, 0xff,
    0xff, 0xff, 0xff, 0xff, 0xff, 0xff, 0xf6, 0x0,
    0x0, 0x0, 0x4f, 0xe0, 0x0, 0x0, 0x0, 0x0,
    0x0, 0x0, 0x0, 0x0, 0x0, 0xdf, 0x50, 0x0,
    0x0, 0x0, 0x0, 0x0, 0x0, 0x0, 0x0, 0xa,
    0xfc, 0x11, 0x11, 0x11, 0x11, 0x11, 0x10, 0x0,
    0x0, 0x0, 0x6f, 0xff, 0xff, 0xff, 0xff, 0xff,
    0xff, 0xf9, 0x0, 0x0, 0x5, 0xff, 0xfc, 0xbb,
    0xbb, 0xbb, 0xbb, 0xbc, 0xf9, 0x0, 0x0, 0x4f,
    0xff, 0xf3, 0x0, 0x0, 0x0, 0x0, 0x4, 0xf9,
    0x0, 0x5, 0xff, 0x7a, 0xf3, 0x0, 0x0, 0x0,
    0x0, 0x5, 0xf9, 0x0, 0x2f, 0xf6, 0xa, 0xff,
    0xff, 0xff, 0xff, 0xff, 0xff, 0xf9, 0x0, 0x6,
    0x50, 0xa, 0xfb, 0xaa, 0xaa, 0xaa, 0xaa, 0xab,
    0xf9, 0x0, 0x0, 0x0, 0xa, 0xf3, 0x0, 0x0,
    0x0, 0x0, 0x4, 0xf9, 0x0, 0x0, 0x0, 0xa,
    0xfb, 0xaa, 0xaa, 0xaa, 0xaa, 0xab, 0xf9, 0x0,
    0x0, 0x0, 0xa, 0xff, 0xff, 0xff, 0xff, 0xff,
    0xff, 0xf9, 0x0, 0x0, 0x0, 0xa, 0xf4, 0x11,
    0x11, 0x11, 0x11, 0x15, 0xf9, 0x0, 0x0, 0x0,
    0xa, 0xf3, 0x0, 0x0, 0x0, 0x0, 0x4, 0xf9,
    0x0, 0x0, 0x0, 0xa, 0xf3, 0x0, 0x0, 0x0,
    0x0, 0x5, 0xf9, 0x0, 0x0, 0x0, 0xa, 0xf3,
    0x0, 0x0, 0xb, 0xed, 0xcf, 0xf7, 0x0, 0x0,
    0x0, 0xa, 0xf3, 0x0, 0x0, 0x7, 0xff, 0xff,
    0xb0, 0x0, 0x0, 0x0, 0x0, 0x0, 0x0, 0x0,
    0x0, 0x0, 0x10, 0x0, 0x0,

    /* U+671B "望" */
    0x0, 0x0, 0x50, 0x0, 0x0, 0x0, 0x0, 0x0,
    0x0, 0x0, 0x0, 0x0, 0xc, 0xf4, 0x0, 0x0,
    0x2, 0xff, 0xff, 0xff, 0xff, 0xa0, 0x11, 0x15,
    0xfe, 0x21, 0x11, 0x2, 0xfe, 0xbb, 0xbb, 0xcf,
    0xb0, 0xdf, 0xff, 0xff, 0xff, 0xff, 0x32, 0xfa,
    0x0, 0x0, 0x1f, 0xb0, 0x69, 0xfc, 0x88, 0x88,
    0x88, 0x12, 0xff, 0xff, 0xff, 0xff, 0xb0, 0x3,
    0xf9, 0x0, 0x0, 0x0, 0x2, 0xfb, 0x77, 0x77,
    0x7f, 0xb0, 0x3, 0xf9, 0x0, 0x0, 0x0, 0x3,
    0xf7, 0x0, 0x0, 0x1f, 0xb0, 0x3, 0xf9, 0x0,
    0x0, 0x0, 0x6, 0xff, 0xff, 0xff, 0xff, 0xb0,
    0x3, 0xf9, 0x0, 0x27, 0xc6, 0xb, 0xf7, 0x77,
    0x77, 0x7f, 0xb0, 0x3, 0xfa, 0x8d, 0xff, 0xf9,
    0x3f, 0xb0, 0x0, 0x0, 0x1f, 0xb0, 0x3, 0xff,
    0xfe, 0xa6, 0x10, 0xdf, 0x50, 0x0, 0x38, 0x8f,
    0xa0, 0x0, 0x77, 0x30, 0x0, 0x0, 0x7b, 0x0,
    0x0, 0x2e, 0xfe, 0x30, 0x1, 0x11, 0x11, 0x11,
    0x11, 0x11, 0x11, 0x11, 0x11, 0x11, 0x0, 0x1f,
    0xff, 0xff, 0xff, 0xff, 0xff, 0xff, 0xff, 0xff,
    0xff, 0x80, 0x9, 0x99, 0x99, 0x99, 0x9b, 0xfe,
    0x99, 0x99, 0x99, 0x99, 0x50, 0x0, 0x0, 0x0,
    0x0, 0x4, 0xfd, 0x0, 0x0, 0x0, 0x0, 0x0,
    0x0, 0x9a, 0xaa, 0xaa, 0xab, 0xff, 0xaa, 0xaa,
    0xaa, 0xa4, 0x0, 0x0, 0xef, 0xff, 0xff, 0xff,
    0xff, 0xff, 0xff, 0xff, 0xf6, 0x0, 0x0, 0x0,
    0x0, 0x0, 0x4, 0xfd, 0x0, 0x0, 0x0, 0x0,
    0x0, 0x0, 0x0, 0x0, 0x0, 0x4, 0xfd, 0x0,
    0x0, 0x0, 0x0, 0x0, 0x7b, 0xbb, 0xbb, 0xbb,
    0xbc, 0xff, 0xbb, 0xbb, 0xbb, 0xbb, 0xb3, 0xbf,
    0xff, 0xff, 0xff, 0xff, 0xff, 0xff, 0xff, 0xff,
    0xff, 0xf4,

    /* U+671D "朝" */
    0x0, 0x0, 0x26, 0x30, 0x0, 0x0, 0x1, 0x11,
    0x11, 0x11, 0x10, 0x0, 0x6, 0xf8, 0x0, 0x0,
    0xa, 0xff, 0xff, 0xff, 0xff, 0x49, 0x99, 0xbf,
    0xc9, 0x99, 0x50, 0xaf, 0x87, 0x77, 0x7e, 0xf8,
    0xff, 0xff, 0xff, 0xff, 0xfa, 0xa, 0xf2, 0x0,
    0x0, 0xdf, 0x12, 0x22, 0x7f, 0x92, 0x22, 0x10,
    0xaf, 0x20, 0x0, 0xd, 0xf0, 0x0, 0x6, 0xf8,
    0x0, 0x0, 0xa, 0xf2, 0x0, 0x0, 0xdf, 0xd,
    0xee, 0xff, 0xfe, 0xee, 0x0, 0xaf, 0xaa, 0xaa,
    0xaf, 0xf0, 0xff, 0xbb, 0xbb, 0xbe, 0xf1, 0xa,
    0xff, 0xff, 0xff, 0xff, 0xf, 0xd0, 0x0, 0x0,
    0xbf, 0x10, 0xaf, 0x31, 0x11, 0x1d, 0xf0, 0xfd,
    0x0, 0x0, 0xb, 0xf1, 0xa, 0xf2, 0x0, 0x0,
    0xdf, 0xf, 0xff, 0xff, 0xff, 0xff, 0x10, 0xaf,
    0x20, 0x0, 0xd, 0xf0, 0xfe, 0x88, 0x88, 0x8d,
    0xf1, 0xa, 0xf2, 0x0, 0x0, 0xdf, 0xf, 0xd0,
    0x0, 0x0, 0xbf, 0x10, 0xaf, 0xcb, 0xbb, 0xbf,
    0xf0, 0xff, 0xaa, 0xaa, 0xae, 0xf1, 0xb, 0xfe,
    0xee, 0xee, 0xff, 0xe, 0xff, 0xff, 0xff, 0xff,
    0x0, 0xce, 0x0, 0x0, 0xd, 0xf0, 0x0, 0x6,
    0xf8, 0x0, 0x0, 0xf, 0xb0, 0x0, 0x0, 0xdf,
    0x0, 0x0, 0x6f, 0x80, 0x0, 0x1, 0xf8, 0x0,
    0x0, 0xd, 0xfc, 0xff, 0xff, 0xff, 0xff, 0xff,
    0x6f, 0x50, 0x0, 0x0, 0xdf, 0x8b, 0xbb, 0xcf,
    0xdb, 0xbb, 0xba, 0xf1, 0x0, 0x0, 0xd, 0xf0,
    0x0, 0x6, 0xf8, 0x0, 0x0, 0xfc, 0x0, 0x0,
    0x0, 0xee, 0x0, 0x0, 0x6f, 0x80, 0x0, 0x6f,
    0x60, 0x0, 0xcd, 0xdf, 0xc0, 0x0, 0x6, 0xf8,
    0x0, 0x3, 0xd0, 0x0, 0xa, 0xff, 0xd3, 0x0,
    0x0, 0x0, 0x0, 0x0, 0x0, 0x0, 0x0, 0x0,
    0x0, 0x0,

    /* U+671F "期" */
    0x0, 0x36, 0x20, 0x0, 0x46, 0x0, 0x0, 0x0,
    0x0, 0x0, 0x0, 0x0, 0x8f, 0x50, 0x0, 0xbf,
    0x20, 0xa, 0xaa, 0xaa, 0xaa, 0xa0, 0x0, 0x8f,
    0x50, 0x0, 0xbf, 0x20, 0xf, 0xff, 0xff, 0xff,
    0xf0, 0x4a, 0xdf, 0xca, 0xaa, 0xef, 0xba, 0xf,
    0xf1, 0x11, 0x1d, 0xf0, 0x6f, 0xff, 0xff, 0xff,
    0xff, 0xff, 0xf, 0xf0, 0x0, 0xd, 0xf0, 0x0,
    0x9f, 0x50, 0x0, 0xbf, 0x20, 0xf, 0xf0, 0x0,
    0xd, 0xf0, 0x0, 0x8f, 0x50, 0x0, 0xbf, 0x20,
    0xf, 0xf0, 0x0, 0xd, 0xf0, 0x0, 0x8f, 0xb9,
    0x99, 0xef, 0x20, 0xf, 0xff, 0xff, 0xff, 0xf0,
    0x0, 0x8f, 0xff, 0xff, 0xff, 0x20, 0xf, 0xfc,
    0xcc, 0xcf, 0xf0, 0x0, 0x8f, 0x50, 0x0, 0xbf,
    0x20, 0xf, 0xf0, 0x0, 0xd, 0xf0, 0x0, 0x8f,
    0x50, 0x0, 0xbf, 0x20, 0xf, 0xf0, 0x0, 0xd,
    0xf0, 0x0, 0x8f, 0xba, 0xaa, 0xef, 0x20, 0xf,
    0xf0, 0x0, 0xd, 0xf0, 0x0, 0x8f, 0xff, 0xff,
    0xff, 0x20, 0xf, 0xf5, 0x55, 0x5e, 0xf0, 0x0,
    0x8f, 0x50, 0x0, 0xbf, 0x20, 0xf, 0xff, 0xff,
    0xff, 0xf0, 0x0, 0x8f, 0x50, 0x0, 0xbf, 0x20,
    0x1f, 0xd6, 0x66, 0x6e, 0xf0, 0x7b, 0xdf, 0xcb,
    0xbb, 0xef, 0xba, 0x4f, 0xa0, 0x0, 0xd, 0xf0,
    0xbf, 0xff, 0xff, 0xff, 0xff, 0xfe, 0x7f, 0x70,
    0x0, 0xd, 0xf0, 0x0, 0x1, 0x40, 0x0, 0x50,
    0x0, 0xcf, 0x30, 0x0, 0xd, 0xf0, 0x0, 0x1d,
    0xf5, 0xb, 0xf5, 0x1, 0xff, 0x0, 0x0, 0xd,
    0xf0, 0x2, 0xdf, 0xc0, 0x2, 0xfe, 0x18, 0xfa,
    0x0, 0x10, 0xf, 0xf0, 0x2f, 0xfd, 0x10, 0x0,
    0x6e, 0x4f, 0xf3, 0x0, 0xcf, 0xef, 0xd0, 0x9,
    0xb1, 0x0, 0x0, 0x0, 0x6, 0xb0, 0x0, 0x7e,
    0xfd, 0x40, 0x0, 0x0, 0x0, 0x0, 0x0, 0x0,
    0x0, 0x0, 0x0, 0x0, 0x0,

    /* U+672A "未" */
    0x0, 0x0, 0x0, 0x0, 0x0, 0x9, 0x60, 0x0,
    0x0, 0x0, 0x0, 0x0, 0x0, 0x0, 0x0, 0x0,
    0x1, 0xfc, 0x0, 0x0, 0x0, 0x0, 0x0, 0x0,
    0x0, 0x0, 0x0, 0x0, 0x1f, 0xc0, 0x0, 0x0,
    0x0, 0x0, 0x0, 0x0, 0x0, 0x0, 0x0, 0x1,
    0xfc, 0x0, 0x0, 0x0, 0x0, 0x0, 0x0, 0x9,
    0xdd, 0xdd, 0xdd, 0xdf, 0xfd, 0xdd, 0xdd, 0xdd,
    0x70, 0x0, 0x0, 0xaf, 0xff, 0xff, 0xff, 0xff,
    0xff, 0xff, 0xff, 0xf8, 0x0, 0x0, 0x0, 0x0,
    0x0, 0x0, 0x1f, 0xc0, 0x0, 0x0, 0x0, 0x0,
    0x0, 0x0, 0x0, 0x0, 0x0, 0x1, 0xfc, 0x0,
    0x0, 0x0, 0x0, 0x0, 0x0, 0x0, 0x0, 0x0,
    0x0, 0x1f, 0xc0, 0x0, 0x0, 0x0, 0x0, 0x0,
    0xa, 0xbb, 0xbb, 0xbb, 0xbc, 0xff, 0xbb, 0xbb,
    0xbb, 0xbb, 0x50, 0x0, 0xef, 0xff, 0xff, 0xff,
    0xff, 0xff, 0xff, 0xff, 0xff, 0xf7, 0x0, 0x0,
    0x0, 0x0, 0x0, 0xcf, 0xff, 0xf6, 0x0, 0x0,
    0x0, 0x0, 0x0, 0x0, 0x0, 0x0, 0x7f, 0xcf,
    0xdf, 0xf2, 0x0, 0x0, 0x0, 0x0, 0x0, 0x0,
    0x0, 0x4f, 0xe3, 0xfc, 0x5f, 0xd1, 0x0, 0x0,
    0x0, 0x0, 0x0, 0x0, 0x4f, 0xf4, 0x1f, 0xc0,
    0x9f, 0xd1, 0x0, 0x0, 0x0, 0x0, 0x0, 0x4f,
    0xf6, 0x1, 0xfc, 0x0, 0xbf, 0xd2, 0x0, 0x0,
    0x0, 0x0, 0x8f, 0xf6, 0x0, 0x1f, 0xc0, 0x0,
    0xbf, 0xf5, 0x0, 0x0, 0x2, 0xbf, 0xf6, 0x0,
    0x1, 0xfc, 0x0, 0x0, 0xaf, 0xfb, 0x30, 0x8,
    0xff, 0xe3, 0x0, 0x0, 0x1f, 0xc0, 0x0, 0x0,
    0x7f, 0xff, 0x70, 0x8f, 0xa1, 0x0, 0x0, 0x1,
    0xfc, 0x0, 0x0, 0x0, 0x3c, 0xf2, 0x0, 0x40,
    0x0, 0x0, 0x0, 0x1f, 0xc0, 0x0, 0x0, 0x0,
    0x4, 0x0, 0x0, 0x0, 0x0, 0x0, 0x1, 0xfc,
    0x0, 0x0, 0x0, 0x0, 0x0,

    /* U+672C "本" */
    0x0, 0x0, 0x0, 0x0, 0x0, 0xa8, 0x0, 0x0,
    0x0, 0x0, 0x0, 0x0, 0x0, 0x0, 0x0, 0x0,
    0xfd, 0x0, 0x0, 0x0, 0x0, 0x0, 0x0, 0x0,
    0x0, 0x0, 0x0, 0xfd, 0x0, 0x0, 0x0, 0x0,
    0x0, 0x0, 0x0, 0x0, 0x0, 0x0, 0xfd, 0x0,
    0x0, 0x0, 0x0, 0x0, 0x1, 0x11, 0x11, 0x11,
    0x11, 0xfd, 0x11, 0x11, 0x11, 0x11, 0x0, 0xf,
    0xff, 0xff, 0xff, 0xff, 0xff, 0xff, 0xff, 0xff,
    0xff, 0xd0, 0xb, 0xbb, 0xbb, 0xbb, 0xdf, 0xff,
    0xfc, 0xbb, 0xbb, 0xbb, 0x90, 0x0, 0x0, 0x0,
    0x0, 0xdf, 0xff, 0xfb, 0x0, 0x0, 0x0, 0x0,
    0x0, 0x0, 0x0, 0x6, 0xfb, 0xfd, 0xcf, 0x40,
    0x0, 0x0, 0x0, 0x0, 0x0, 0x0, 0x1e, 0xf2,
    0xfd, 0x3f, 0xd0, 0x0, 0x0, 0x0, 0x0, 0x0,
    0x0, 0xbf, 0x80, 0xfd, 0xa, 0xf8, 0x0, 0x0,
    0x0, 0x0, 0x0, 0x8, 0xfd, 0x0, 0xfd, 0x1,
    0xef, 0x50, 0x0, 0x0, 0x0, 0x0, 0x5f, 0xf3,
    0x0, 0xfd, 0x0, 0x4f, 0xf2, 0x0, 0x0, 0x0,
    0x4, 0xff, 0x60, 0x0, 0xfd, 0x0, 0x8, 0xfe,
    0x20, 0x0, 0x0, 0x4f, 0xf9, 0x0, 0x0, 0xfd,
    0x0, 0x0, 0xaf, 0xe3, 0x0, 0x5, 0xff, 0x90,
    0x0, 0x1, 0xfd, 0x0, 0x0, 0x1a, 0xff, 0x70,
    0x8f, 0xf9, 0x4f, 0xff, 0xff, 0xff, 0xff, 0xff,
    0xf3, 0xaf, 0xfa, 0x7f, 0x60, 0x3b, 0xbb, 0xbb,
    0xff, 0xbb, 0xbb, 0xb2, 0x6, 0xf5, 0x2, 0x0,
    0x0, 0x0, 0x0, 0xfd, 0x0, 0x0, 0x0, 0x0,
    0x20, 0x0, 0x0, 0x0, 0x0, 0x0, 0xfd, 0x0,
    0x0, 0x0, 0x0, 0x0, 0x0, 0x0, 0x0, 0x0,
    0x0, 0xfd, 0x0, 0x0, 0x0, 0x0, 0x0, 0x0,
    0x0, 0x0, 0x0, 0x0, 0xfd, 0x0, 0x0, 0x0,
    0x0, 0x0,

    /* U+673A "机" */
    0x0, 0x0, 0x9, 0x70, 0x0, 0x0, 0x0, 0x0,
    0x0, 0x0, 0x0, 0x0, 0x0, 0x1, 0xfc, 0x0,
    0x0, 0x0, 0x0, 0x0, 0x0, 0x0, 0x0, 0x0,
    0x0, 0x1f, 0xc0, 0x0, 0xb, 0xff, 0xff, 0xff,
    0xf2, 0x0, 0x0, 0x0, 0x1, 0xfc, 0x0, 0x0,
    0xbf, 0xdd, 0xdd, 0xff, 0x20, 0x0, 0x0, 0x0,
    0x1f, 0xc0, 0x0, 0xb, 0xf2, 0x0, 0xb, 0xf2,
    0x0, 0x0, 0x8f, 0xff, 0xff, 0xff, 0xf1, 0xbf,
    0x20, 0x0, 0xbf, 0x20, 0x0, 0x6, 0xbb, 0xdf,
    0xfb, 0xbb, 0xb, 0xf2, 0x0, 0xb, 0xf2, 0x0,
    0x0, 0x0, 0x7, 0xfd, 0x0, 0x0, 0xbf, 0x20,
    0x0, 0xbf, 0x20, 0x0, 0x0, 0x0, 0xbf, 0xf6,
    0x0, 0xb, 0xf2, 0x0, 0xb, 0xf2, 0x0, 0x0,
    0x0, 0xf, 0xff, 0xf3, 0x0, 0xbf, 0x20, 0x0,
    0xbf, 0x20, 0x0, 0x0, 0x6, 0xff, 0xef, 0xe1,
    0xb, 0xf2, 0x0, 0xb, 0xf2, 0x0, 0x0, 0x0,
    0xcf, 0xfc, 0x7f, 0xc0, 0xcf, 0x20, 0x0, 0xbf,
    0x20, 0x0, 0x0, 0x4f, 0xaf, 0xc0, 0xdf, 0x2d,
    0xf0, 0x0, 0xb, 0xf2, 0x0, 0x0, 0xc, 0xf3,
    0xfc, 0x3, 0x80, 0xff, 0x0, 0x0, 0xbf, 0x20,
    0x0, 0x6, 0xfb, 0x1f, 0xc0, 0x0, 0x2f, 0xd0,
    0x0, 0xb, 0xf2, 0x0, 0x2, 0xff, 0x21, 0xfc,
    0x0, 0x6, 0xf9, 0x0, 0x0, 0xbf, 0x20, 0x0,
    0x2e, 0x70, 0x1f, 0xc0, 0x0, 0xbf, 0x40, 0x0,
    0xb, 0xf2, 0x0, 0x0, 0x20, 0x1, 0xfc, 0x0,
    0x2f, 0xe0, 0x0, 0x0, 0xbf, 0x20, 0x30, 0x0,
    0x0, 0x1f, 0xc0, 0xa, 0xf6, 0x0, 0x0, 0xb,
    0xf2, 0x1f, 0xd0, 0x0, 0x1, 0xfc, 0x5, 0xfd,
    0x0, 0x0, 0x0, 0xbf, 0x44, 0xfc, 0x0, 0x0,
    0x1f, 0xc3, 0xfe, 0x20, 0x0, 0x0, 0xa, 0xff,
    0xff, 0x90, 0x0, 0x1, 0xfc, 0x1b, 0x30, 0x0,
    0x0, 0x0, 0x5e, 0xff, 0xb1,

    /* U+6761 "条" */
    0x0, 0x0, 0x0, 0x16, 0x20, 0x0, 0x0, 0x0,
    0x0, 0x0, 0x0, 0x0, 0x0, 0x0, 0xbf, 0xa0,
    0x0, 0x0, 0x0, 0x0, 0x0, 0x0, 0x0, 0x0,
    0x7, 0xff, 0xcb, 0xbb, 0xbb, 0xbb, 0xbb, 0x20,
    0x0, 0x0, 0x0, 0x8f, 0xff, 0xff, 0xff, 0xff,
    0xff, 0xff, 0x20, 0x0, 0x0, 0x2c, 0xff, 0xf9,
    0x0, 0x0, 0x0, 0x3e, 0xf8, 0x0, 0x0, 0x6,
    0xff, 0xc2, 0xbf, 0xa0, 0x0, 0x7, 0xff, 0x80,
    0x0, 0x0, 0x2, 0xd7, 0x0, 0xb, 0xfe, 0x65,
    0xdf, 0xf6, 0x0, 0x0, 0x0, 0x0, 0x0, 0x0,
    0x0, 0x9f, 0xff, 0xfd, 0x20, 0x0, 0x0, 0x0,
    0x0, 0x0, 0x26, 0x9e, 0xff, 0xfe, 0xff, 0xea,
    0x73, 0x10, 0x0, 0x4a, 0xcf, 0xff, 0xff, 0xc6,
    0x10, 0x5a, 0xef, 0xff, 0xfe, 0xc4, 0x2f, 0xff,
    0xc8, 0x51, 0x0, 0x0, 0x0, 0x3, 0x7a, 0xdf,
    0xe0, 0x3, 0x20, 0x0, 0x0, 0x0, 0xdc, 0x0,
    0x0, 0x0, 0x0, 0x20, 0x1, 0x11, 0x11, 0x11,
    0x11, 0xfe, 0x11, 0x11, 0x11, 0x11, 0x10, 0xaf,
    0xff, 0xff, 0xff, 0xff, 0xff, 0xff, 0xff, 0xff,
    0xff, 0xf1, 0x6b, 0xbb, 0xbb, 0xbb, 0xbb, 0xff,
    0xbb, 0xbb, 0xbb, 0xbb, 0xb1, 0x0, 0x0, 0x4,
    0x0, 0x0, 0xfe, 0x0, 0x2, 0x0, 0x0, 0x0,
    0x0, 0x0, 0x5f, 0xd0, 0x0, 0xfe, 0x0, 0xaf,
    0x90, 0x0, 0x0, 0x0, 0x6, 0xff, 0x50, 0x0,
    0xfe, 0x0, 0x3d, 0xfe, 0x40, 0x0, 0x0, 0x9f,
    0xf5, 0x0, 0x0, 0xfe, 0x0, 0x0, 0xaf, 0xf7,
    0x0, 0x1c, 0xff, 0x40, 0x0, 0x1, 0xfe, 0x0,
    0x0, 0x7, 0xff, 0x80, 0x7, 0xc2, 0x0, 0x7,
    0xef, 0xfc, 0x0, 0x0, 0x0, 0x4b, 0x0, 0x0,
    0x0, 0x0, 0x4, 0xff, 0xc3, 0x0, 0x0, 0x0,
    0x0, 0x0,

    /* U+6765 "来" */
    0x0, 0x0, 0x0, 0x0, 0x0, 0x9, 0x70, 0x0,
    0x0, 0x0, 0x0, 0x0, 0x0, 0x0, 0x0, 0x0,
    0x1, 0xfc, 0x0, 0x0, 0x0, 0x0, 0x0, 0x0,
    0x0, 0x0, 0x0, 0x0, 0x1f, 0xc0, 0x0, 0x0,
    0x0, 0x0, 0x0, 0xc, 0xff, 0xff, 0xff, 0xff,
    0xff, 0xff, 0xff, 0xff, 0xff, 0x80, 0x0, 0x9b,
    0xbb, 0xbb, 0xbb, 0xcf, 0xfb, 0xbb, 0xbb, 0xbb,
    0xb6, 0x0, 0x0, 0x1, 0x50, 0x0, 0x1, 0xfc,
    0x0, 0x0, 0x7, 0x0, 0x0, 0x0, 0x0, 0xef,
    0x40, 0x0, 0x1f, 0xc0, 0x0, 0x9, 0xfa, 0x0,
    0x0, 0x0, 0x7, 0xfe, 0x10, 0x1, 0xfc, 0x0,
    0x5, 0xff, 0x20, 0x0, 0x0, 0x0, 0xb, 0xf9,
    0x0, 0x1f, 0xc0, 0x5, 0xff, 0x60, 0x0, 0x0,
    0x0, 0x0, 0x3f, 0xc0, 0x1, 0xfc, 0x0, 0x3e,
    0x80, 0x0, 0x0, 0x2, 0x22, 0x22, 0x62, 0x22,
    0x3f, 0xd2, 0x22, 0x32, 0x22, 0x22, 0x10, 0xef,
    0xff, 0xff, 0xff, 0xff, 0xff, 0xff, 0xff, 0xff,
    0xff, 0xfa, 0x9, 0xaa, 0xaa, 0xaa, 0xaf, 0xff,
    0xff, 0xda, 0xaa, 0xaa, 0xaa, 0x60, 0x0, 0x0,
    0x0, 0x6, 0xfc, 0xfd, 0xdf, 0x40, 0x0, 0x0,
    0x0, 0x0, 0x0, 0x0, 0x5, 0xfd, 0x2f, 0xc2,
    0xff, 0x30, 0x0, 0x0, 0x0, 0x0, 0x0, 0x6,
    0xff, 0x31, 0xfc, 0x5, 0xff, 0x40, 0x0, 0x0,
    0x0, 0x0, 0x9, 0xff, 0x30, 0x1f, 0xc0, 0x5,
    0xff, 0x70, 0x0, 0x0, 0x0, 0x3d, 0xfe, 0x30,
    0x1, 0xfc, 0x0, 0x5, 0xff, 0xd3, 0x0, 0x1,
    0xaf, 0xfc, 0x10, 0x0, 0x1f, 0xc0, 0x0, 0x2,
    0xdf, 0xfc, 0x40, 0xef, 0xf7, 0x0, 0x0, 0x1,
    0xfc, 0x0, 0x0, 0x0, 0x8f, 0xf7, 0x4, 0xa2,
    0x0, 0x0, 0x0, 0x1f, 0xc0, 0x0, 0x0, 0x0,
    0x29, 0x0, 0x0, 0x0, 0x0, 0x0, 0x1, 0xfc,
    0x0, 0x0, 0x0, 0x0, 0x0,

    /* U+677E "松" */
    0x0, 0x0, 0x49, 0x20, 0x0, 0x0, 0x0, 0x0,
    0x0, 0x0, 0x0, 0x0, 0x0, 0x8, 0xf4, 0x0,
    0x0, 0x8, 0xb2, 0x0, 0x6d, 0x0, 0x0, 0x0,
    0x0, 0x8f, 0x40, 0x0, 0x0, 0xcf, 0x20, 0x9,
    0xf3, 0x0, 0x0, 0x0, 0x8, 0xf4, 0x0, 0x0,
    0xf, 0xf0, 0x0, 0x7f, 0x50, 0x0, 0x0, 0x0,
    0x8f, 0x40, 0x0, 0x3, 0xfc, 0x0, 0x4, 0xfa,
    0x0, 0x0, 0x8f, 0xff, 0xff, 0xff, 0x10, 0x8f,
    0x70, 0x0, 0xf, 0xe0, 0x0, 0x6, 0xbb, 0xef,
    0xcb, 0xb0, 0xd, 0xf3, 0x0, 0x0, 0xbf, 0x40,
    0x0, 0x0, 0xe, 0xf4, 0x0, 0x5, 0xfc, 0x0,
    0x10, 0x6, 0xfc, 0x0, 0x0, 0x1, 0xff, 0xb0,
    0x0, 0xdf, 0x50, 0x5f, 0x80, 0xe, 0xf5, 0x0,
    0x0, 0x5f, 0xff, 0x70, 0x7f, 0xd0, 0xa, 0xf6,
    0x0, 0x6f, 0xf2, 0x0, 0xb, 0xff, 0xef, 0x3b,
    0xf4, 0x0, 0xff, 0x10, 0x0, 0xbf, 0x30, 0x1,
    0xff, 0xf6, 0xfe, 0x26, 0x0, 0x4f, 0xc0, 0x0,
    0x1, 0x40, 0x0, 0x7f, 0xcf, 0x48, 0xe1, 0x0,
    0xa, 0xf7, 0x0, 0x0, 0x0, 0x0, 0xe, 0xe8,
    0xf4, 0x14, 0x0, 0x0, 0xff, 0x10, 0x89, 0x0,
    0x0, 0x8, 0xf7, 0x8f, 0x40, 0x0, 0x0, 0x5f,
    0xb0, 0xc, 0xf1, 0x0, 0x1, 0xfe, 0x8, 0xf4,
    0x0, 0x0, 0xc, 0xf5, 0x0, 0x6f, 0x70, 0x0,
    0x7, 0x50, 0x8f, 0x40, 0x0, 0x2, 0xfe, 0x0,
    0x1, 0xfe, 0x0, 0x0, 0x0, 0x8, 0xf4, 0x0,
    0x0, 0xaf, 0x60, 0x0, 0xb, 0xf3, 0x0, 0x0,
    0x0, 0x8f, 0x40, 0x0, 0x2f, 0xe0, 0x26, 0x9c,
    0xff, 0x80, 0x0, 0x0, 0x8, 0xf4, 0x0, 0x9,
    0xfe, 0xff, 0xff, 0xfc, 0xfd, 0x0, 0x0, 0x0,
    0x8f, 0x40, 0x0, 0x7f, 0xda, 0x85, 0x20, 0xc,
    0xf2, 0x0, 0x0, 0x8, 0xf4, 0x0, 0x0, 0x0,
    0x0, 0x0, 0x0, 0x89, 0x10,

    /* U+677F "板" */
    0x0, 0x0, 0x49, 0x20, 0x0, 0x0, 0x0, 0x0,
    0x0, 0x25, 0x10, 0x0, 0x0, 0x8, 0xf4, 0x0,
    0x0, 0x1, 0x35, 0x8b, 0xef, 0xfc, 0x0, 0x0,
    0x0, 0x8f, 0x40, 0x0, 0x8e, 0xff, 0xff, 0xff,
    0xc8, 0x40, 0x0, 0x0, 0x8, 0xf4, 0x0, 0xb,
    0xfc, 0x97, 0x53, 0x0, 0x0, 0x0, 0x1, 0x22,
    0x9f, 0x62, 0x20, 0xbf, 0x20, 0x0, 0x0, 0x0,
    0x0, 0x0, 0x8f, 0xff, 0xff, 0xff, 0x1b, 0xf2,
    0x0, 0x0, 0x0, 0x0, 0x0, 0x5, 0xaa, 0xef,
    0xca, 0xa0, 0xbf, 0x20, 0x0, 0x0, 0x0, 0x0,
    0x0, 0x0, 0xe, 0xf4, 0x0, 0xb, 0xfb, 0xaa,
    0xaa, 0xaa, 0xaa, 0x10, 0x0, 0x1, 0xff, 0xc0,
    0x0, 0xcf, 0xff, 0xff, 0xff, 0xff, 0xf0, 0x0,
    0x0, 0x5f, 0xff, 0x80, 0xc, 0xf7, 0xf8, 0x0,
    0x0, 0xfe, 0x0, 0x0, 0xb, 0xff, 0xef, 0x40,
    0xdf, 0x2f, 0xc0, 0x0, 0x2f, 0xa0, 0x0, 0x1,
    0xff, 0xf6, 0xfe, 0x1e, 0xf0, 0xcf, 0x20, 0x7,
    0xf6, 0x0, 0x0, 0x8f, 0xcf, 0x48, 0xe2, 0xfe,
    0x6, 0xf8, 0x0, 0xcf, 0x10, 0x0, 0xe, 0xe8,
    0xf4, 0x14, 0x3f, 0xc0, 0xe, 0xf1, 0x3f, 0xb0,
    0x0, 0x8, 0xf7, 0x8f, 0x40, 0x6, 0xf9, 0x0,
    0x7f, 0x9b, 0xf4, 0x0, 0x1, 0xfe, 0x8, 0xf4,
    0x0, 0xaf, 0x60, 0x0, 0xdf, 0xfb, 0x0, 0x0,
    0x7, 0x50, 0x8f, 0x40, 0xe, 0xf2, 0x0, 0x5,
    0xff, 0x50, 0x0, 0x0, 0x0, 0x8, 0xf4, 0x3,
    0xfd, 0x0, 0x1, 0xdf, 0xff, 0x30, 0x0, 0x0,
    0x0, 0x8f, 0x40, 0x9f, 0x80, 0x3, 0xef, 0x99,
    0xff, 0x40, 0x0, 0x0, 0x8, 0xf4, 0x1f, 0xf2,
    0x19, 0xff, 0x80, 0x9, 0xff, 0x90, 0x0, 0x0,
    0x8f, 0x44, 0xfb, 0xc, 0xfe, 0x60, 0x0, 0x8,
    0xff, 0x50, 0x0, 0x8, 0xf4, 0x3, 0x30, 0x3a,
    0x10, 0x0, 0x0, 0x4, 0x70,

    /* U+6784 "构" */
    0x0, 0x0, 0x9, 0x70, 0x0, 0x0, 0x5, 0x10,
    0x0, 0x0, 0x0, 0x0, 0x0, 0x1, 0xfc, 0x0,
    0x0, 0x2, 0xfb, 0x0, 0x0, 0x0, 0x0, 0x0,
    0x0, 0x1f, 0xc0, 0x0, 0x0, 0x7f, 0x50, 0x0,
    0x0, 0x0, 0x0, 0x0, 0x1, 0xfc, 0x0, 0x0,
    0xd, 0xf0, 0x0, 0x0, 0x0, 0x0, 0x0, 0x0,
    0x1f, 0xc0, 0x0, 0x4, 0xfe, 0xaa, 0xaa, 0xaa,
    0xaa, 0x0, 0x8f, 0xff, 0xff, 0xff, 0xf1, 0xcf,
    0xff, 0xff, 0xff, 0xff, 0xf1, 0x6, 0xbb, 0xdf,
    0xfb, 0xbb, 0x6f, 0xc2, 0x22, 0x22, 0x22, 0xdf,
    0x10, 0x0, 0x7, 0xfd, 0x0, 0x1e, 0xf4, 0x0,
    0x0, 0x0, 0xd, 0xf0, 0x0, 0x0, 0xcf, 0xf7,
    0x8, 0xfa, 0x7, 0x30, 0x0, 0x0, 0xdf, 0x0,
    0x0, 0x1f, 0xff, 0xf5, 0x9, 0x12, 0xfd, 0x0,
    0x0, 0xd, 0xf0, 0x0, 0x7, 0xff, 0xde, 0xf2,
    0x0, 0x7f, 0x80, 0x0, 0x0, 0xef, 0x0, 0x0,
    0xdf, 0xfc, 0x5f, 0xd1, 0xd, 0xf3, 0x68, 0x0,
    0xe, 0xf0, 0x0, 0x6f, 0x8f, 0xc0, 0xae, 0x13,
    0xfc, 0xb, 0xf5, 0x0, 0xff, 0x0, 0xe, 0xf2,
    0xfc, 0x1, 0x40, 0xaf, 0x50, 0x3f, 0xd0, 0xf,
    0xe0, 0xa, 0xf8, 0x1f, 0xc0, 0x0, 0x2f, 0xc0,
    0x2, 0xef, 0x40, 0xfe, 0x4, 0xfd, 0x1, 0xfc,
    0x0, 0xc, 0xf9, 0x9c, 0xff, 0xf9, 0x1f, 0xd0,
    0xa, 0x30, 0x1f, 0xc0, 0x0, 0xef, 0xff, 0xe9,
    0x6f, 0xd2, 0xfc, 0x0, 0x0, 0x1, 0xfc, 0x0,
    0x6, 0x74, 0x20, 0x0, 0x62, 0x4f, 0xa0, 0x0,
    0x0, 0x1f, 0xc0, 0x0, 0x0, 0x0, 0x0, 0x0,
    0x6, 0xf8, 0x0, 0x0, 0x1, 0xfc, 0x0, 0x0,
    0x0, 0x0, 0x2, 0x0, 0xdf, 0x50, 0x0, 0x0,
    0x1f, 0xc0, 0x0, 0x0, 0x0, 0x0, 0xdf, 0xff,
    0xd0, 0x0, 0x0, 0x1, 0xfc, 0x0, 0x0, 0x0,
    0x0, 0x7, 0xdf, 0xb2, 0x0,

    /* U+6790 "析" */
    0x0, 0x0, 0x9, 0x70, 0x0, 0x0, 0x0, 0x0,
    0x0, 0x0, 0x0, 0x0, 0x0, 0x1, 0xfc, 0x0,
    0x0, 0x0, 0x0, 0x13, 0x57, 0x9c, 0xe2, 0x0,
    0x0, 0x1f, 0xc0, 0x0, 0x8, 0xce, 0xff, 0xff,
    0xff, 0xfd, 0x60, 0x0, 0x1, 0xfc, 0x0, 0x0,
    0xbf, 0xdb, 0xa8, 0x75, 0x20, 0x0, 0x0, 0x0,
    0x1f, 0xc0, 0x0, 0xb, 0xf1, 0x0, 0x0, 0x0,
    0x0, 0x0, 0x8f, 0xff, 0xff, 0xff, 0xf1, 0xbf,
    0x10, 0x0, 0x0, 0x0, 0x0, 0x6, 0xbb, 0xdf,
    0xfb, 0xbb, 0xb, 0xf1, 0x0, 0x0, 0x0, 0x0,
    0x0, 0x0, 0x7, 0xfd, 0x0, 0x0, 0xbf, 0x10,
    0x0, 0x0, 0x0, 0x0, 0x0, 0x0, 0xcf, 0xf9,
    0x0, 0xc, 0xff, 0xff, 0xff, 0xff, 0xff, 0xb0,
    0x0, 0x1f, 0xff, 0xf6, 0x0, 0xcf, 0xaa, 0xaa,
    0xaf, 0xda, 0xa7, 0x0, 0x7, 0xff, 0xdd, 0xf3,
    0xc, 0xf0, 0x0, 0x0, 0xfa, 0x0, 0x0, 0x0,
    0xdf, 0xfc, 0x4f, 0xe1, 0xcf, 0x0, 0x0, 0xf,
    0xa0, 0x0, 0x0, 0x5f, 0x8f, 0xc0, 0xae, 0x1d,
    0xf0, 0x0, 0x0, 0xfa, 0x0, 0x0, 0xe, 0xf2,
    0xfc, 0x1, 0x40, 0xef, 0x0, 0x0, 0xf, 0xa0,
    0x0, 0x9, 0xf8, 0x1f, 0xc0, 0x0, 0xf, 0xd0,
    0x0, 0x0, 0xfa, 0x0, 0x4, 0xfd, 0x1, 0xfc,
    0x0, 0x0, 0xfb, 0x0, 0x0, 0xf, 0xa0, 0x0,
    0xb, 0x30, 0x1f, 0xc0, 0x0, 0x2f, 0x90, 0x0,
    0x0, 0xfa, 0x0, 0x0, 0x0, 0x1, 0xfc, 0x0,
    0x6, 0xf6, 0x0, 0x0, 0xf, 0xa0, 0x0, 0x0,
    0x0, 0x1f, 0xc0, 0x0, 0xaf, 0x20, 0x0, 0x0,
    0xfa, 0x0, 0x0, 0x0, 0x1, 0xfc, 0x0, 0x1f,
    0xe0, 0x0, 0x0, 0xf, 0xa0, 0x0, 0x0, 0x0,
    0x1f, 0xc0, 0x8, 0xf7, 0x0, 0x0, 0x0, 0xfa,
    0x0, 0x0, 0x0, 0x1, 0xfc, 0x0, 0x2b, 0x10,
    0x0, 0x0, 0xf, 0xa0, 0x0,

    /* U+679C "果" */
    0x0, 0x7b, 0xbb, 0xbb, 0xbb, 0xbb, 0xbb, 0xbb,
    0xbb, 0xb1, 0x0, 0x0, 0xaf, 0xff, 0xff, 0xff,
    0xff, 0xff, 0xff, 0xff, 0xf2, 0x0, 0x0, 0xaf,
    0x40, 0x0, 0x4, 0xfa, 0x0, 0x0, 0xc, 0xf2,
    0x0, 0x0, 0xaf, 0x30, 0x0, 0x4, 0xfa, 0x0,
    0x0, 0xc, 0xf2, 0x0, 0x0, 0xaf, 0xa8, 0x88,
    0x8a, 0xfd, 0x88, 0x88, 0x8e, 0xf2, 0x0, 0x0,
    0xaf, 0xff, 0xff, 0xff, 0xff, 0xff, 0xff, 0xff,
    0xf2, 0x0, 0x0, 0xaf, 0x40, 0x0, 0x4, 0xfa,
    0x0, 0x0, 0xc, 0xf2, 0x0, 0x0, 0xaf, 0x30,
    0x0, 0x4, 0xfa, 0x0, 0x0, 0xc, 0xf2, 0x0,
    0x0, 0xaf, 0xcb, 0xbb, 0xbc, 0xfe, 0xbb, 0xbb,
    0xbe, 0xf2, 0x0, 0x0, 0xaf, 0xff, 0xff, 0xff,
    0xff, 0xff, 0xff, 0xff, 0xf2, 0x0, 0x0, 0x0,
    0x0, 0x0, 0x4, 0xfa, 0x0, 0x0, 0x0, 0x0,
    0x0, 0x0, 0x0, 0x0, 0x0, 0x4, 0xfa, 0x0,
    0x0, 0x0, 0x0, 0x0, 0xdf, 0xff, 0xff, 0xff,
    0xff, 0xff, 0xff, 0xff, 0xff, 0xff, 0xf6, 0x9c,
    0xcc, 0xcc, 0xcc, 0xff, 0xff, 0xfd, 0xcc, 0xcc,
    0xcc, 0xc4, 0x0, 0x0, 0x0, 0xb, 0xfd, 0xfd,
    0xfe, 0x30, 0x0, 0x0, 0x0, 0x0, 0x0, 0x2,
    0xdf, 0xb4, 0xfa, 0x5f, 0xf6, 0x0, 0x0, 0x0,
    0x0, 0x0, 0x7f, 0xfa, 0x4, 0xfa, 0x4, 0xff,
    0xc3, 0x0, 0x0, 0x0, 0x6e, 0xff, 0x60, 0x4,
    0xfa, 0x0, 0x2d, 0xff, 0xc5, 0x0, 0x7e, 0xff,
    0xb2, 0x0, 0x4, 0xfa, 0x0, 0x0, 0x7f, 0xff,
    0xf3, 0x6f, 0xc5, 0x0, 0x0, 0x4, 0xfa, 0x0,
    0x0, 0x1, 0x8e, 0xd0, 0x3, 0x0, 0x0, 0x0,
    0x4, 0xfa, 0x0, 0x0, 0x0, 0x0, 0x20,

    /* U+67D0 "某" */
    0x0, 0x0, 0x4, 0x82, 0x0, 0x0, 0x0, 0x0,
    0x48, 0x20, 0x0, 0x0, 0x0, 0x0, 0x9f, 0x40,
    0x0, 0x0, 0x0, 0x8, 0xf5, 0x0, 0x0, 0x0,
    0x22, 0x2a, 0xf5, 0x22, 0x22, 0x22, 0x22, 0x9f,
    0x62, 0x21, 0x0, 0x5f, 0xff, 0xff, 0xff, 0xff,
    0xff, 0xff, 0xff, 0xff, 0xff, 0xe0, 0x3, 0xaa,
    0xad, 0xfc, 0xaa, 0xaa, 0xaa, 0xaa, 0xdf, 0xca,
    0xa9, 0x0, 0x0, 0x0, 0x9f, 0x40, 0x0, 0x0,
    0x0, 0x8, 0xf5, 0x0, 0x0, 0x0, 0x0, 0x9,
    0xfb, 0x99, 0x99, 0x99, 0x99, 0xcf, 0x50, 0x0,
    0x0, 0x0, 0x0, 0x9f, 0xff, 0xff, 0xff, 0xff,
    0xff, 0xf5, 0x0, 0x0, 0x0, 0x0, 0x9, 0xf4,
    0x0, 0x0, 0x0, 0x0, 0x8f, 0x50, 0x0, 0x0,
    0x0, 0x0, 0x9f, 0x40, 0x0, 0x0, 0x0, 0x8,
    0xf5, 0x0, 0x0, 0x0, 0x0, 0x9, 0xff, 0xff,
    0xff, 0xff, 0xff, 0xff, 0x50, 0x0, 0x0, 0x0,
    0x0, 0x7c, 0xcc, 0xcc, 0xcc, 0xcc, 0xcc, 0xc4,
    0x0, 0x0, 0x0, 0x0, 0x0, 0x0, 0x0, 0x1a,
    0x80, 0x0, 0x0, 0x0, 0x0, 0x0, 0x0, 0x0,
    0x0, 0x0, 0x2, 0xfd, 0x0, 0x0, 0x0, 0x0,
    0x0, 0x6, 0x88, 0x88, 0x88, 0x88, 0x9f, 0xe8,
    0x88, 0x88, 0x88, 0x88, 0x10, 0xbf, 0xff, 0xff,
    0xff, 0xff, 0xff, 0xff, 0xff, 0xff, 0xff, 0xf3,
    0x0, 0x0, 0x0, 0x1, 0x9f, 0xbf, 0xef, 0xd3,
    0x0, 0x0, 0x0, 0x0, 0x0, 0x0, 0x3, 0xcf,
    0x92, 0xfd, 0x2e, 0xf7, 0x0, 0x0, 0x0, 0x0,
    0x0, 0x2a, 0xff, 0x60, 0x2f, 0xd0, 0x1b, 0xfe,
    0x60, 0x0, 0x0, 0x5, 0xbf, 0xfc, 0x20, 0x2,
    0xfd, 0x0, 0x7, 0xef, 0xfa, 0x50, 0xc, 0xff,
    0xd5, 0x0, 0x0, 0x2f, 0xd0, 0x0, 0x1, 0x8f,
    0xff, 0x40, 0x1a, 0x40, 0x0, 0x0, 0x2, 0xfd,
    0x0, 0x0, 0x0, 0x6, 0x90,

    /* U+6807 "标" */
    0x0, 0x0, 0x49, 0x20, 0x0, 0x0, 0x0, 0x0,
    0x0, 0x0, 0x0, 0x0, 0x0, 0x8, 0xf4, 0x0,
    0x0, 0x0, 0x0, 0x0, 0x0, 0x0, 0x0, 0x0,
    0x0, 0x8f, 0x40, 0x0, 0x3f, 0xff, 0xff, 0xff,
    0xff, 0xe0, 0x0, 0x0, 0x8, 0xf4, 0x0, 0x2,
    0xbb, 0xbb, 0xbb, 0xbb, 0xba, 0x0, 0x0, 0x0,
    0x8f, 0x40, 0x0, 0x0, 0x0, 0x0, 0x0, 0x0,
    0x0, 0x0, 0x8f, 0xff, 0xff, 0xff, 0x10, 0x0,
    0x0, 0x0, 0x0, 0x0, 0x0, 0x5, 0xbb, 0xef,
    0xcb, 0xb0, 0x0, 0x0, 0x0, 0x0, 0x0, 0x0,
    0x0, 0x0, 0xe, 0xf4, 0x0, 0xad, 0xdd, 0xdd,
    0xdd, 0xdd, 0xdd, 0xd6, 0x0, 0x1, 0xff, 0xc0,
    0xc, 0xff, 0xff, 0xff, 0xff, 0xff, 0xff, 0x70,
    0x0, 0x5f, 0xff, 0x80, 0x0, 0x0, 0x2, 0xfc,
    0x0, 0x0, 0x0, 0x0, 0xb, 0xff, 0xef, 0x40,
    0x0, 0x0, 0x2f, 0xc0, 0x0, 0x0, 0x0, 0x1,
    0xff, 0xf6, 0xfe, 0x10, 0x71, 0x2, 0xfc, 0x1,
    0x80, 0x0, 0x0, 0x8f, 0xcf, 0x48, 0xe1, 0x3f,
    0xe0, 0x2f, 0xc0, 0xbf, 0x70, 0x0, 0xe, 0xd8,
    0xf4, 0x4, 0xa, 0xf8, 0x2, 0xfc, 0x4, 0xfe,
    0x0, 0x9, 0xf6, 0x8f, 0x40, 0x1, 0xff, 0x20,
    0x2f, 0xc0, 0xc, 0xf7, 0x1, 0xfd, 0x8, 0xf4,
    0x0, 0x8f, 0xb0, 0x2, 0xfc, 0x0, 0x4f, 0xd0,
    0x6, 0x40, 0x8f, 0x40, 0x2f, 0xf4, 0x0, 0x2f,
    0xc0, 0x0, 0xdf, 0x30, 0x0, 0x8, 0xf4, 0xb,
    0xfb, 0x0, 0x2, 0xfc, 0x0, 0x8, 0xf9, 0x0,
    0x0, 0x8f, 0x40, 0xcf, 0x20, 0x0, 0x2f, 0xc0,
    0x0, 0x2f, 0xb0, 0x0, 0x8, 0xf4, 0x0, 0x40,
    0x0, 0x4, 0xfc, 0x0, 0x0, 0x40, 0x0, 0x0,
    0x8f, 0x40, 0x0, 0x3, 0xfe, 0xff, 0xa0, 0x0,
    0x0, 0x0, 0x0, 0x8, 0xf4, 0x0, 0x0, 0xd,
    0xff, 0xc2, 0x0, 0x0, 0x0,

    /* U+6821 "校" */
    0x0, 0x0, 0x49, 0x20, 0x0, 0x0, 0x0, 0x3,
    0x0, 0x0, 0x0, 0x0, 0x0, 0x8, 0xf4, 0x0,
    0x0, 0x0, 0xc, 0xf2, 0x0, 0x0, 0x0, 0x0,
    0x0, 0x8f, 0x40, 0x0, 0x0, 0x0, 0x7f, 0x90,
    0x0, 0x0, 0x0, 0x0, 0x8, 0xf4, 0x0, 0x5,
    0x55, 0x56, 0xfe, 0x55, 0x55, 0x52, 0x0, 0x0,
    0x8f, 0x40, 0x2, 0xff, 0xff, 0xff, 0xff, 0xff,
    0xff, 0x60, 0x8f, 0xff, 0xff, 0xff, 0x28, 0x88,
    0x88, 0x88, 0x88, 0x88, 0x83, 0x6, 0xbb, 0xef,
    0xcb, 0xb0, 0x0, 0x14, 0x0, 0x0, 0x10, 0x0,
    0x0, 0x0, 0xe, 0xf4, 0x0, 0x0, 0x1d, 0xf4,
    0x0, 0x1d, 0xc2, 0x0, 0x0, 0x1, 0xff, 0xb0,
    0x0, 0x1c, 0xfa, 0x0, 0x1, 0xcf, 0xf4, 0x0,
    0x0, 0x5f, 0xff, 0x70, 0x3e, 0xfb, 0x0, 0x0,
    0x0, 0x9f, 0xf5, 0x0, 0xb, 0xff, 0xef, 0x3a,
    0xf9, 0x0, 0x0, 0x0, 0x10, 0x8f, 0x40, 0x1,
    0xff, 0xf6, 0xfe, 0x24, 0x1c, 0x40, 0x0, 0xe,
    0x90, 0x30, 0x0, 0x7f, 0xcf, 0x48, 0xe1, 0x4,
    0xfd, 0x0, 0x6, 0xfc, 0x0, 0x0, 0xe, 0xe8,
    0xf4, 0x14, 0x0, 0xb, 0xf7, 0x1, 0xef, 0x40,
    0x0, 0x8, 0xf7, 0x8f, 0x40, 0x0, 0x0, 0x2f,
    0xf3, 0x9f, 0xc0, 0x0, 0x1, 0xfe, 0x8, 0xf4,
    0x0, 0x0, 0x0, 0x6f, 0xef, 0xf2, 0x0, 0x0,
    0x7, 0x50, 0x8f, 0x40, 0x0, 0x0, 0x0, 0xbf,
    0xf7, 0x0, 0x0, 0x0, 0x0, 0x8, 0xf4, 0x0,
    0x0, 0x0, 0x6f, 0xff, 0xe4, 0x0, 0x0, 0x0,
    0x0, 0x8f, 0x40, 0x0, 0x1, 0xbf, 0xf9, 0xaf,
    0xf8, 0x0, 0x0, 0x0, 0x8, 0xf4, 0x0, 0x18,
    0xff, 0xf6, 0x0, 0x7f, 0xfe, 0x60, 0x0, 0x0,
    0x8f, 0x40, 0x3f, 0xff, 0xb2, 0x0, 0x0, 0x3d,
    0xff, 0x90, 0x0, 0x8, 0xf4, 0x0, 0xca, 0x30,
    0x0, 0x0, 0x0, 0x6, 0xd1, 0x0, 0x0, 0x0,
    0x0, 0x0, 0x0, 0x0, 0x0, 0x0, 0x0, 0x0,
    0x0,

    /* U+6837 "样" */
    0x0, 0x0, 0x49, 0x20, 0x0, 0x0, 0x30, 0x0,
    0x0, 0x34, 0x0, 0x0, 0x0, 0x8, 0xf4, 0x0,
    0x0, 0x6f, 0x90, 0x0, 0xc, 0xf6, 0x0, 0x0,
    0x0, 0x8f, 0x40, 0x0, 0x0, 0xdf, 0x40, 0x4,
    0xfd, 0x0, 0x0, 0x0, 0x8, 0xf4, 0x0, 0x0,
    0x4, 0xf9, 0x0, 0xcf, 0x40, 0x0, 0x0, 0x0,
    0x8f, 0x40, 0x0, 0x22, 0x25, 0x22, 0x5f, 0xc2,
    0x22, 0x0, 0x8f, 0xff, 0xff, 0xff, 0x1e, 0xff,
    0xff, 0xff, 0xff, 0xff, 0xf4, 0x6, 0xbb, 0xef,
    0xcb, 0xb0, 0x9a, 0xaa, 0xaf, 0xfa, 0xaa, 0xaa,
    0x20, 0x0, 0xd, 0xf4, 0x0, 0x0, 0x0, 0x0,
    0xdf, 0x0, 0x0, 0x0, 0x0, 0x1, 0xff, 0xb0,
    0x0, 0x0, 0x0, 0xd, 0xf0, 0x0, 0x0, 0x0,
    0x0, 0x5f, 0xff, 0x70, 0x0, 0x0, 0x0, 0xdf,
    0x0, 0x0, 0x0, 0x0, 0xa, 0xff, 0xef, 0x30,
    0x7f, 0xff, 0xff, 0xff, 0xff, 0xfb, 0x0, 0x0,
    0xff, 0xf6, 0xfd, 0x5, 0xbb, 0xbb, 0xff, 0xbb,
    0xbb, 0x80, 0x0, 0x7f, 0xdf, 0x49, 0xf1, 0x0,
    0x0, 0xd, 0xf0, 0x0, 0x0, 0x0, 0xe, 0xe8,
    0xf4, 0x15, 0x0, 0x0, 0x0, 0xdf, 0x0, 0x0,
    0x0, 0x7, 0xf7, 0x8f, 0x40, 0x0, 0x0, 0x0,
    0xd, 0xf0, 0x0, 0x0, 0x1, 0xfe, 0x18, 0xf4,
    0x0, 0x2f, 0xff, 0xff, 0xff, 0xff, 0xff, 0xf8,
    0x8, 0x60, 0x8f, 0x40, 0x2, 0xbb, 0xbb, 0xbf,
    0xfb, 0xbb, 0xbb, 0x60, 0x0, 0x8, 0xf4, 0x0,
    0x0, 0x0, 0x0, 0xdf, 0x0, 0x0, 0x0, 0x0,
    0x0, 0x8f, 0x40, 0x0, 0x0, 0x0, 0xd, 0xf0,
    0x0, 0x0, 0x0, 0x0, 0x8, 0xf4, 0x0, 0x0,
    0x0, 0x0, 0xdf, 0x0, 0x0, 0x0, 0x0, 0x0,
    0x8f, 0x40, 0x0, 0x0, 0x0, 0xd, 0xf0, 0x0,
    0x0, 0x0, 0x0, 0x8, 0xf4, 0x0, 0x0, 0x0,
    0x0, 0xdf, 0x0, 0x0, 0x0,

    /* U+6839 "根" */
    0x0, 0x0, 0x49, 0x20, 0x0, 0x0, 0x0, 0x0,
    0x0, 0x0, 0x0, 0x0, 0x0, 0x0, 0x7f, 0x40,
    0x4, 0xdd, 0xdd, 0xdd, 0xdd, 0xdd, 0xc0, 0x0,
    0x0, 0x0, 0x7f, 0x40, 0x5, 0xff, 0xff, 0xff,
    0xff, 0xff, 0xe0, 0x0, 0x0, 0x0, 0x7f, 0x40,
    0x5, 0xf8, 0x0, 0x0, 0x0, 0xf, 0xe0, 0x0,
    0x0, 0x0, 0x7f, 0x40, 0x5, 0xf8, 0x0, 0x0,
    0x0, 0xf, 0xe0, 0x0, 0x4, 0xff, 0xff, 0xff,
    0xd5, 0xf9, 0x22, 0x22, 0x22, 0x2f, 0xe0, 0x0,
    0x4, 0xee, 0xff, 0xee, 0xd5, 0xff, 0xff, 0xff,
    0xff, 0xff, 0xe0, 0x0, 0x0, 0x0, 0xcf, 0x40,
    0x5, 0xfd, 0xaa, 0xaa, 0xaa, 0xaf, 0xe0, 0x0,
    0x0, 0x0, 0xff, 0xa0, 0x5, 0xf8, 0x0, 0x0,
    0x0, 0xf, 0xe0, 0x0, 0x0, 0x4, 0xff, 0xf6,
    0x5, 0xf8, 0x0, 0x0, 0x0, 0xf, 0xe0, 0x0,
    0x0, 0x9, 0xff, 0xff, 0x25, 0xff, 0xff, 0xff,
    0xff, 0xff, 0xe0, 0x0, 0x0, 0xe, 0xff, 0x7f,
    0xc5, 0xfe, 0xdd, 0xff, 0xdd, 0xdd, 0xc0, 0x0,
    0x0, 0x5f, 0xdf, 0x4a, 0xd5, 0xf8, 0x0, 0xcf,
    0x10, 0x0, 0x0, 0x0, 0x0, 0xcf, 0x8f, 0x42,
    0x35, 0xf8, 0x0, 0x8f, 0x50, 0x1, 0xc9, 0x0,
    0x5, 0xf9, 0x7f, 0x40, 0x5, 0xf8, 0x0, 0x2f,
    0xc0, 0x3d, 0xfc, 0x10, 0xd, 0xf2, 0x7f, 0x40,
    0x5, 0xf8, 0x0, 0xc, 0xfb, 0xff, 0xa0, 0x0,
    0x4, 0x80, 0x7f, 0x40, 0x5, 0xf8, 0x0, 0x4,
    0xff, 0xe5, 0x0, 0x0, 0x0, 0x0, 0x7f, 0x40,
    0x5, 0xf8, 0x0, 0x0, 0xaf, 0xe2, 0x0, 0x0,
    0x0, 0x0, 0x7f, 0x40, 0x5, 0xf8, 0x0, 0x16,
    0x3d, 0xff, 0x50, 0x0, 0x0, 0x0, 0x7f, 0x40,
    0x5, 0xfa, 0x8c, 0xff, 0x61, 0xcf, 0xfb, 0x20,
    0x0, 0x0, 0x7f, 0x40, 0x5, 0xff, 0xff, 0xd8,
    0x10, 0x8, 0xff, 0xc0, 0x0, 0x0, 0x7f, 0x40,
    0x1, 0xba, 0x62, 0x0, 0x0, 0x0, 0x3b, 0x10,

    /* U+683C "格" */
    0x0, 0x0, 0x49, 0x20, 0x0, 0x0, 0x5, 0x61,
    0x0, 0x0, 0x0, 0x0, 0x0, 0x8, 0xf4, 0x0,
    0x0, 0x0, 0xef, 0x20, 0x0, 0x0, 0x0, 0x0,
    0x0, 0x8f, 0x40, 0x0, 0x0, 0x5f, 0xe5, 0x55,
    0x55, 0x50, 0x0, 0x0, 0x8, 0xf4, 0x0, 0x0,
    0xd, 0xff, 0xff, 0xff, 0xff, 0x10, 0x0, 0x0,
    0x8f, 0x40, 0x0, 0x6, 0xfd, 0x77, 0x77, 0x9f,
    0xf0, 0x0, 0x8f, 0xff, 0xff, 0xff, 0x12, 0xff,
    0xc0, 0x0, 0xb, 0xf8, 0x0, 0x6, 0xbb, 0xef,
    0xcb, 0xb1, 0xdf, 0xdf, 0x80, 0x6, 0xfd, 0x0,
    0x0, 0x0, 0xd, 0xf4, 0x0, 0xb, 0x80, 0xcf,
    0x74, 0xff, 0x30, 0x0, 0x0, 0x1, 0xff, 0xb0,
    0x0, 0x0, 0x1, 0xef, 0xff, 0x50, 0x0, 0x0,
    0x0, 0x5f, 0xff, 0x80, 0x0, 0x0, 0x1b, 0xff,
    0xe5, 0x0, 0x0, 0x0, 0xa, 0xff, 0xef, 0x40,
    0x1, 0x8f, 0xfe, 0xbf, 0xfd, 0x60, 0x0, 0x1,
    0xff, 0xf6, 0xfe, 0x2c, 0xff, 0xf8, 0x0, 0x4d,
    0xff, 0xf7, 0x0, 0x7f, 0xcf, 0x48, 0xe1, 0xdd,
    0x71, 0x0, 0x0, 0x4, 0xaf, 0x30, 0xe, 0xe8,
    0xf4, 0x14, 0x0, 0x78, 0x88, 0x88, 0x88, 0x88,
    0x0, 0x8, 0xf7, 0x8f, 0x40, 0x0, 0xd, 0xff,
    0xff, 0xff, 0xff, 0xf0, 0x1, 0xfe, 0x8, 0xf4,
    0x0, 0x0, 0xde, 0x0, 0x0, 0x0, 0xcf, 0x0,
    0x8, 0x60, 0x8f, 0x40, 0x0, 0xd, 0xe0, 0x0,
    0x0, 0xc, 0xf0, 0x0, 0x0, 0x8, 0xf4, 0x0,
    0x0, 0xde, 0x0, 0x0, 0x0, 0xcf, 0x0, 0x0,
    0x0, 0x8f, 0x40, 0x0, 0xd, 0xe0, 0x0, 0x0,
    0xc, 0xf0, 0x0, 0x0, 0x8, 0xf4, 0x0, 0x0,
    0xdf, 0xbb, 0xbb, 0xbb, 0xff, 0x0, 0x0, 0x0,
    0x8f, 0x40, 0x0, 0xd, 0xff, 0xff, 0xff, 0xff,
    0xf0, 0x0, 0x0, 0x8, 0xf4, 0x0, 0x0, 0xde,
    0x0, 0x0, 0x0, 0xcf, 0x0,

    /* U+684C "桌" */
    0x0, 0x0, 0x0, 0x0, 0x0, 0x45, 0x10, 0x0,
    0x0, 0x0, 0x0, 0x0, 0x0, 0x0, 0x0, 0x0,
    0xb, 0xf3, 0x0, 0x0, 0x0, 0x0, 0x0, 0x0,
    0x0, 0x0, 0x0, 0x0, 0xbf, 0xff, 0xff, 0xff,
    0xff, 0xf6, 0x0, 0x0, 0x0, 0x0, 0x0, 0xb,
    0xfb, 0xaa, 0xaa, 0xaa, 0xaa, 0x30, 0x0, 0x0,
    0x0, 0x0, 0x0, 0xbf, 0x30, 0x0, 0x0, 0x0,
    0x0, 0x0, 0x0, 0xc, 0xff, 0xff, 0xff, 0xff,
    0xff, 0xff, 0xff, 0xd0, 0x0, 0x0, 0x0, 0xcf,
    0xcb, 0xbb, 0xbb, 0xbb, 0xbb, 0xbb, 0xfd, 0x0,
    0x0, 0x0, 0xc, 0xf1, 0x0, 0x0, 0x0, 0x0,
    0x0, 0xf, 0xd0, 0x0, 0x0, 0x0, 0xcf, 0xff,
    0xff, 0xff, 0xff, 0xff, 0xff, 0xfd, 0x0, 0x0,
    0x0, 0xc, 0xfa, 0xaa, 0xaa, 0xaa, 0xaa, 0xaa,
    0xaf, 0xd0, 0x0, 0x0, 0x0, 0xcf, 0x10, 0x0,
    0x0, 0x0, 0x0, 0x0, 0xfd, 0x0, 0x0, 0x0,
    0xc, 0xfd, 0xdd, 0xdd, 0xdd, 0xdd, 0xdd, 0xdf,
    0xd0, 0x0, 0x0, 0x0, 0xcf, 0xff, 0xff, 0xff,
    0xff, 0xff, 0xff, 0xfd, 0x0, 0x0, 0x0, 0x0,
    0x0, 0x0, 0x0, 0xff, 0x0, 0x0, 0x0, 0x0,
    0x0, 0x6, 0x88, 0x88, 0x88, 0x88, 0x9f, 0xf8,
    0x88, 0x88, 0x88, 0x88, 0x10, 0xbf, 0xff, 0xff,
    0xff, 0xff, 0xff, 0xff, 0xff, 0xff, 0xff, 0xf3,
    0x0, 0x0, 0x0, 0x0, 0x8f, 0xbf, 0xfe, 0xe4,
    0x0, 0x0, 0x0, 0x0, 0x0, 0x0, 0x3, 0xcf,
    0xa1, 0xff, 0x1d, 0xf8, 0x0, 0x0, 0x0, 0x0,
    0x0, 0x2a, 0xff, 0x70, 0xf, 0xf0, 0x1a, 0xfe,
    0x71, 0x0, 0x0, 0x5, 0xbf, 0xfc, 0x30, 0x0,
    0xff, 0x0, 0x5, 0xef, 0xfa, 0x50, 0xc, 0xff,
    0xd5, 0x0, 0x0, 0xf, 0xf0, 0x0, 0x0, 0x7e,
    0xff, 0x50, 0x1a, 0x40, 0x0, 0x0, 0x0, 0xff,
    0x0, 0x0, 0x0, 0x5, 0xa0,

    /* U+68C0 "检" */
    0x0, 0x0, 0x49, 0x20, 0x0, 0x0, 0x0, 0x6,
    0x10, 0x0, 0x0, 0x0, 0x0, 0x8, 0xf4, 0x0,
    0x0, 0x0, 0x7, 0xfb, 0x0, 0x0, 0x0, 0x0,
    0x0, 0x8f, 0x40, 0x0, 0x0, 0x1, 0xff, 0xd1,
    0x0, 0x0, 0x0, 0x0, 0x8, 0xf4, 0x0, 0x0,
    0x0, 0xcf, 0xdf, 0xc0, 0x0, 0x0, 0x0, 0x0,
    0x8f, 0x40, 0x0, 0x0, 0x8f, 0xc0, 0xbf, 0xc0,
    0x0, 0x0, 0x8f, 0xff, 0xff, 0xff, 0x10, 0x7f,
    0xe2, 0x1, 0xdf, 0xc1, 0x0, 0x6, 0xbb, 0xef,
    0xcb, 0xb0, 0x7f, 0xf4, 0x0, 0x1, 0xdf, 0xe4,
    0x0, 0x0, 0xd, 0xf4, 0x0, 0x8f, 0xf5, 0x0,
    0x0, 0x1, 0xcf, 0xf8, 0x0, 0x1, 0xff, 0xb0,
    0xe, 0xf5, 0xab, 0xbb, 0xbb, 0xb7, 0x9f, 0x50,
    0x0, 0x5f, 0xff, 0x70, 0x43, 0xe, 0xff, 0xff,
    0xff, 0x80, 0x40, 0x0, 0xa, 0xff, 0xef, 0x30,
    0x0, 0x0, 0x0, 0x0, 0x0, 0x0, 0x0, 0x0,
    0xff, 0xf6, 0xfe, 0x0, 0x0, 0x6d, 0x30, 0x3,
    0x50, 0x0, 0x0, 0x6f, 0xdf, 0x49, 0xf3, 0xca,
    0x6, 0xf7, 0x0, 0x8f, 0xa0, 0x0, 0xd, 0xe8,
    0xf4, 0x16, 0xe, 0xf1, 0x3f, 0xc0, 0xc, 0xf5,
    0x0, 0x6, 0xf8, 0x8f, 0x40, 0x0, 0x8f, 0x70,
    0xff, 0x1, 0xff, 0x0, 0x1, 0xff, 0x18, 0xf4,
    0x0, 0x4, 0xfb, 0xc, 0xf2, 0x5f, 0xa0, 0x0,
    0xa, 0x80, 0x8f, 0x40, 0x0, 0xf, 0xe0, 0xaf,
    0x4a, 0xf5, 0x0, 0x0, 0x0, 0x8, 0xf4, 0x0,
    0x0, 0xde, 0x13, 0x21, 0xfe, 0x0, 0x0, 0x0,
    0x0, 0x8f, 0x40, 0x0, 0x2, 0x0, 0x0, 0x6f,
    0x80, 0x0, 0x0, 0x0, 0x8, 0xf4, 0x0, 0x12,
    0x22, 0x22, 0x2c, 0xf3, 0x22, 0x20, 0x0, 0x0,
    0x8f, 0x40, 0x8, 0xff, 0xff, 0xff, 0xff, 0xff,
    0xff, 0x40, 0x0, 0x8, 0xf4, 0x0, 0x5a, 0xaa,
    0xaa, 0xaa, 0xaa, 0xaa, 0xa2,

    /* U+6A21 "模" */
    0x0, 0x0, 0x49, 0x20, 0x0, 0x0, 0x49, 0x30,
    0x1, 0x95, 0x0, 0x0, 0x0, 0x0, 0x8f, 0x40,
    0x0, 0x0, 0x8f, 0x50, 0x2, 0xf9, 0x0, 0x0,
    0x0, 0x0, 0x8f, 0x40, 0x7, 0xaa, 0xdf, 0xca,
    0xab, 0xfd, 0xaa, 0x90, 0x0, 0x0, 0x8f, 0x40,
    0xb, 0xff, 0xff, 0xff, 0xff, 0xff, 0xff, 0xe0,
    0x0, 0x0, 0x8f, 0x40, 0x0, 0x0, 0x8f, 0x60,
    0x3, 0xfa, 0x0, 0x0, 0x8, 0xff, 0xff, 0xff,
    0xf1, 0x0, 0x8f, 0x60, 0x3, 0xfa, 0x0, 0x0,
    0x6, 0xcc, 0xff, 0xdc, 0xc0, 0xbf, 0xff, 0xff,
    0xff, 0xff, 0xfc, 0x0, 0x0, 0x0, 0xdf, 0x40,
    0x0, 0xbf, 0x98, 0x88, 0x88, 0x88, 0xfc, 0x0,
    0x0, 0x1, 0xff, 0xb0, 0x0, 0xbf, 0x21, 0x11,
    0x11, 0x11, 0xfc, 0x0, 0x0, 0x5, 0xff, 0xf7,
    0x0, 0xbf, 0xff, 0xff, 0xff, 0xff, 0xfc, 0x0,
    0x0, 0xa, 0xff, 0xef, 0x30, 0xbf, 0x65, 0x55,
    0x55, 0x55, 0xfc, 0x0, 0x0, 0xf, 0xff, 0x6f,
    0xd1, 0xbf, 0x10, 0x0, 0x0, 0x0, 0xfc, 0x0,
    0x0, 0x7f, 0xcf, 0x49, 0xe1, 0xbf, 0xff, 0xff,
    0xff, 0xff, 0xfc, 0x0, 0x0, 0xee, 0x8f, 0x41,
    0x50, 0x68, 0x88, 0x8f, 0xf8, 0x88, 0x86, 0x0,
    0x7, 0xf7, 0x8f, 0x40, 0x0, 0x0, 0x0, 0x2f,
    0xc0, 0x0, 0x0, 0x0, 0x1f, 0xf1, 0x8f, 0x40,
    0x9, 0xbb, 0xbb, 0xdf, 0xeb, 0xbb, 0xbb, 0xa0,
    0x9, 0x70, 0x8f, 0x40, 0xc, 0xff, 0xff, 0xff,
    0xff, 0xff, 0xff, 0xd0, 0x0, 0x0, 0x8f, 0x40,
    0x0, 0x0, 0x5, 0xfd, 0xef, 0x30, 0x0, 0x0,
    0x0, 0x0, 0x8f, 0x40, 0x0, 0x0, 0x5f, 0xf3,
    0x4f, 0xf5, 0x0, 0x0, 0x0, 0x0, 0x8f, 0x40,
    0x0, 0x4b, 0xff, 0x50, 0x5, 0xff, 0xc5, 0x0,
    0x0, 0x0, 0x8f, 0x40, 0x3e, 0xff, 0xc3, 0x0,
    0x0, 0x3d, 0xff, 0xe0, 0x0, 0x0, 0x8f, 0x40,
    0xc, 0x94, 0x0, 0x0, 0x0, 0x0, 0x5c, 0x60,

    /* U+6A59 "橙" */
    0x0, 0x1, 0x93, 0x0, 0x0, 0x0, 0x0, 0x0,
    0x0, 0x0, 0x0, 0x0, 0x0, 0x3f, 0x60, 0xa,
    0xaa, 0xaa, 0xa2, 0xc8, 0x0, 0x62, 0x0, 0x0,
    0x3, 0xf6, 0x0, 0xff, 0xff, 0xff, 0x2d, 0xd0,
    0x9f, 0xb0, 0x0, 0x0, 0x3f, 0x60, 0x0, 0x0,
    0xd, 0xf0, 0x9f, 0xef, 0xb1, 0x0, 0x0, 0x3,
    0xf6, 0x0, 0x55, 0x5, 0xf9, 0x3, 0xff, 0x60,
    0x7e, 0x20, 0xef, 0xff, 0xff, 0x8e, 0xf9, 0xef,
    0x20, 0xb, 0xf5, 0xaf, 0xd2, 0x9, 0xbe, 0xfd,
    0xb5, 0x3e, 0xff, 0x80, 0x0, 0x3f, 0xff, 0xa0,
    0x0, 0x0, 0xef, 0x60, 0x0, 0x7f, 0xc1, 0x11,
    0x11, 0x8f, 0xd0, 0x0, 0x0, 0x2f, 0xf8, 0x0,
    0x5f, 0xe1, 0xef, 0xff, 0xf3, 0xaf, 0xc1, 0x0,
    0x6, 0xff, 0xf3, 0x5f, 0xe2, 0x9, 0xaa, 0xaa,
    0x20, 0x9f, 0xe5, 0x0, 0xcf, 0xff, 0xd1, 0x91,
    0x0, 0x0, 0x0, 0x0, 0x0, 0x4c, 0x20, 0x2f,
    0xbf, 0xaf, 0xa0, 0x5f, 0xff, 0xff, 0xff, 0xff,
    0xa0, 0x0, 0x9, 0xf7, 0xf6, 0xa7, 0x5, 0xfd,
    0xbb, 0xbb, 0xbb, 0xfa, 0x0, 0x1, 0xfe, 0x3f,
    0x61, 0x0, 0x5f, 0x70, 0x0, 0x0, 0x1f, 0xa0,
    0x0, 0x5f, 0x73, 0xf6, 0x0, 0x5, 0xfc, 0x99,
    0x99, 0x99, 0xfa, 0x0, 0x0, 0x60, 0x3f, 0x60,
    0x0, 0x5f, 0xff, 0xff, 0xff, 0xff, 0xa0, 0x0,
    0x0, 0x3, 0xf6, 0x0, 0x0, 0x22, 0x22, 0x22,
    0x23, 0x31, 0x0, 0x0, 0x0, 0x3f, 0x60, 0x0,
    0xc, 0xe0, 0x0, 0x0, 0x9f, 0x60, 0x0, 0x0,
    0x3, 0xf6, 0x0, 0x0, 0x9f, 0x70, 0x0, 0xf,
    0xf2, 0x0, 0x0, 0x0, 0x3f, 0x60, 0x0, 0x2,
    0xfd, 0x0, 0x6, 0xfb, 0x0, 0x0, 0x0, 0x3,
    0xf6, 0x3, 0xbb, 0xbf, 0xfb, 0xbb, 0xef, 0xdb,
    0xbb, 0x10, 0x0, 0x3f, 0x60, 0x5f, 0xff, 0xff,
    0xff, 0xff, 0xff, 0xff, 0xf1,

    /* U+6A61 "橡" */
    0x0, 0x0, 0x79, 0x0, 0x0, 0x0, 0x4, 0x61,
    0x0, 0x0, 0x0, 0x0, 0x0, 0xc, 0xf0, 0x0,
    0x0, 0x1, 0xef, 0x20, 0x0, 0x0, 0x0, 0x0,
    0x0, 0xcf, 0x0, 0x0, 0x1, 0xdf, 0xff, 0xff,
    0xf6, 0x0, 0x0, 0x0, 0xc, 0xf0, 0x0, 0x2,
    0xdf, 0xc8, 0x88, 0xdf, 0x50, 0x0, 0x0, 0x0,
    0xcf, 0x0, 0x4, 0xef, 0xb0, 0x0, 0x2f, 0xc0,
    0x0, 0x0, 0x5f, 0xff, 0xff, 0xf7, 0xcf, 0xfe,
    0xdd, 0xdf, 0xfe, 0xdd, 0xa0, 0x3, 0xbb, 0xff,
    0xbb, 0x52, 0x7f, 0xeb, 0xbe, 0xfd, 0xbb, 0xfc,
    0x0, 0x0, 0x1f, 0xf0, 0x0, 0x1, 0xf9, 0x0,
    0xaf, 0x30, 0xe, 0xc0, 0x0, 0x5, 0xff, 0x50,
    0x0, 0x1f, 0xa0, 0x1f, 0xf0, 0x0, 0xec, 0x0,
    0x0, 0x8f, 0xfe, 0x10, 0x1, 0xff, 0xff, 0xff,
    0xff, 0xff, 0xc0, 0x0, 0xd, 0xff, 0xf9, 0x0,
    0x8, 0x8c, 0xff, 0x88, 0x88, 0x86, 0x0, 0x2,
    0xff, 0xfa, 0xf4, 0x0, 0x5, 0xff, 0xd1, 0x0,
    0x1d, 0x60, 0x0, 0x8f, 0xef, 0x3f, 0x50, 0x3b,
    0xff, 0xbf, 0xb0, 0x2d, 0xf5, 0x0, 0xe, 0xcc,
    0xf0, 0x60, 0x1e, 0xfd, 0x36, 0xff, 0x9f, 0xf6,
    0x0, 0x6, 0xf7, 0xcf, 0x0, 0x0, 0x45, 0x2c,
    0xfc, 0xff, 0xef, 0x50, 0x0, 0xee, 0xc, 0xf0,
    0x0, 0x3, 0xaf, 0xf6, 0x2f, 0xf2, 0xf9, 0x0,
    0x5, 0x70, 0xcf, 0x0, 0x9, 0xff, 0xb2, 0x4e,
    0xff, 0x1e, 0xe0, 0x0, 0x0, 0xc, 0xf0, 0x0,
    0x2b, 0x31, 0xaf, 0xcb, 0xf3, 0x8f, 0x50, 0x0,
    0x0, 0xcf, 0x0, 0x0, 0x18, 0xff, 0x90, 0xbf,
    0x32, 0xfe, 0x10, 0x0, 0xc, 0xf0, 0x3, 0xbf,
    0xfd, 0x40, 0xd, 0xf1, 0xa, 0xf9, 0x0, 0x0,
    0xcf, 0x0, 0x2f, 0xc5, 0x5, 0xed, 0xfc, 0x0,
    0x1a, 0x10, 0x0, 0xc, 0xf0, 0x0, 0x10, 0x0,
    0x1e, 0xfc, 0x20, 0x0, 0x0,

    /* U+6B21 "次" */
    0x0, 0x0, 0x0, 0x0, 0x0, 0x46, 0x10, 0x0,
    0x0, 0x0, 0x0, 0x0, 0x10, 0x0, 0x0, 0x0,
    0xbf, 0x30, 0x0, 0x0, 0x0, 0x0, 0x5, 0xf5,
    0x0, 0x0, 0x0, 0xfe, 0x0, 0x0, 0x0, 0x0,
    0x0, 0x8, 0xff, 0x70, 0x0, 0x5, 0xfa, 0x0,
    0x0, 0x0, 0x0, 0x0, 0x0, 0x7f, 0xf6, 0x0,
    0xb, 0xff, 0xff, 0xff, 0xff, 0xff, 0x50, 0x0,
    0x8, 0xff, 0x30, 0x2f, 0xfd, 0xdd, 0xdd, 0xdd,
    0xff, 0x50, 0x0, 0x0, 0xad, 0x0, 0xaf, 0x90,
    0x0, 0x0, 0x2, 0xfe, 0x0, 0x0, 0x0, 0x1,
    0x3, 0xff, 0x10, 0x28, 0x30, 0xb, 0xf6, 0x0,
    0x0, 0x0, 0x0, 0xc, 0xf9, 0x0, 0x4f, 0x70,
    0x4f, 0xc0, 0x0, 0x0, 0x0, 0x0, 0x1e, 0xe0,
    0x0, 0x6f, 0x60, 0x3c, 0x30, 0x0, 0x0, 0x0,
    0x0, 0x3, 0x40, 0x0, 0x8f, 0x50, 0x0, 0x0,
    0x0, 0x0, 0x0, 0x1a, 0x10, 0x0, 0x0, 0xaf,
    0x70, 0x0, 0x0, 0x0, 0x0, 0x0, 0x7f, 0xa0,
    0x0, 0x0, 0xef, 0xe0, 0x0, 0x0, 0x0, 0x0,
    0x0, 0xef, 0x40, 0x0, 0x2, 0xff, 0xf5, 0x0,
    0x0, 0x0, 0x0, 0x6, 0xfd, 0x0, 0x0, 0x8,
    0xfb, 0xfd, 0x0, 0x0, 0x0, 0x0, 0xd, 0xf6,
    0x0, 0x0, 0x1f, 0xf2, 0xbf, 0x80, 0x0, 0x0,
    0x0, 0x7f, 0xe0, 0x0, 0x0, 0xbf, 0xa0, 0x3f,
    0xf3, 0x0, 0x0, 0x1, 0xef, 0x70, 0x0, 0x8,
    0xfe, 0x10, 0x8, 0xfe, 0x20, 0x0, 0xa, 0xfe,
    0x0, 0x0, 0x9f, 0xf4, 0x0, 0x0, 0xcf, 0xe2,
    0x0, 0x4f, 0xf6, 0x0, 0x2c, 0xff, 0x50, 0x0,
    0x0, 0x1d, 0xff, 0x60, 0x3e, 0xc0, 0x5, 0xff,
    0xe3, 0x0, 0x0, 0x0, 0x1, 0xcf, 0xfa, 0x1,
    0x20, 0x1, 0xda, 0x10, 0x0, 0x0, 0x0, 0x0,
    0x8, 0xd1, 0x0, 0x0, 0x0, 0x0, 0x0, 0x0,
    0x0, 0x0, 0x0, 0x0, 0x0,

    /* U+6B3E "款" */
    0x0, 0x0, 0x3, 0x20, 0x0, 0x0, 0x0, 0x20,
    0x0, 0x0, 0x0, 0x0, 0x0, 0xf, 0xd0, 0x0,
    0x0, 0x0, 0xfe, 0x0, 0x0, 0x0, 0x8b, 0xbb,
    0xbf, 0xfb, 0xbb, 0xb7, 0x2, 0xfb, 0x0, 0x0,
    0x0, 0xbf, 0xff, 0xff, 0xff, 0xff, 0xf9, 0x5,
    0xf8, 0x0, 0x0, 0x0, 0x0, 0x0, 0x1f, 0xd0,
    0x0, 0x0, 0xa, 0xff, 0xff, 0xff, 0xf6, 0x0,
    0x0, 0x1f, 0xd0, 0x0, 0x0, 0xe, 0xfd, 0xdd,
    0xdf, 0xf6, 0xf, 0xff, 0xff, 0xff, 0xff, 0xd0,
    0x5f, 0xc0, 0x0, 0xe, 0xf1, 0xa, 0xaa, 0xaa,
    0xaa, 0xaa, 0x80, 0xbf, 0x53, 0x50, 0x5f, 0xb0,
    0x0, 0x0, 0x0, 0x0, 0x0, 0x4, 0xfe, 0xa,
    0xf2, 0xcf, 0x50, 0xa, 0xff, 0xff, 0xff, 0xff,
    0x75, 0xf5, 0xb, 0xf1, 0x9c, 0x0, 0x8, 0xbb,
    0xbb, 0xbb, 0xbb, 0x50, 0x20, 0xc, 0xf0, 0x0,
    0x0, 0x0, 0x0, 0x0, 0x0, 0x0, 0x0, 0x0,
    0xd, 0xf0, 0x0, 0x0, 0xab, 0xbb, 0xbb, 0xbb,
    0xbb, 0xb3, 0x0, 0xf, 0xf2, 0x0, 0x0, 0xef,
    0xff, 0xff, 0xff, 0xff, 0xf5, 0x0, 0x4f, 0xf8,
    0x0, 0x0, 0x0, 0x0, 0x1f, 0xd0, 0x1, 0x0,
    0x0, 0x7f, 0xfe, 0x0, 0x0, 0x5, 0xd5, 0xf,
    0xd0, 0xbd, 0x0, 0x0, 0xcf, 0x9f, 0x70, 0x0,
    0xa, 0xf4, 0xf, 0xd0, 0xaf, 0x60, 0x2, 0xff,
    0xd, 0xe0, 0x0, 0x1f, 0xe0, 0xf, 0xd0, 0x3f,
    0xc0, 0x8, 0xfa, 0x5, 0xf9, 0x0, 0x9f, 0x80,
    0xf, 0xd0, 0xd, 0xa0, 0x1f, 0xf3, 0x0, 0xdf,
    0x50, 0x6e, 0x10, 0x1f, 0xd0, 0x0, 0x0, 0xbf,
    0xa0, 0x0, 0x4f, 0xf4, 0x0, 0x5f, 0xff, 0xb0,
    0x0, 0x3, 0xfe, 0x10, 0x0, 0x8, 0xfb, 0x0,
    0x2f, 0xfc, 0x20, 0x0, 0x0, 0x84, 0x0, 0x0,
    0x0, 0x91,

    /* U+6B62 "止" */
    0x0, 0x0, 0x0, 0x0, 0x0, 0x6, 0x91, 0x0,
    0x0, 0x0, 0x0, 0x0, 0x0, 0x0, 0x0, 0x0,
    0xb, 0xf3, 0x0, 0x0, 0x0, 0x0, 0x0, 0x0,
    0x0, 0x0, 0x0, 0xb, 0xf3, 0x0, 0x0, 0x0,
    0x0, 0x0, 0x0, 0x0, 0x0, 0x0, 0xb, 0xf3,
    0x0, 0x0, 0x0, 0x0, 0x0, 0x2, 0x85, 0x0,
    0x0, 0xb, 0xf3, 0x0, 0x0, 0x0, 0x0, 0x0,
    0x3, 0xfa, 0x0, 0x0, 0xb, 0xf3, 0x0, 0x0,
    0x0, 0x0, 0x0, 0x3, 0xfa, 0x0, 0x0, 0xb,
    0xf3, 0x0, 0x0, 0x0, 0x0, 0x0, 0x3, 0xfa,
    0x0, 0x0, 0xb, 0xfc, 0xbb, 0xbb, 0xbb, 0xb1,
    0x0, 0x3, 0xfa, 0x0, 0x0, 0xb, 0xff, 0xff,
    0xff, 0xff, 0xf2, 0x0, 0x3, 0xfa, 0x0, 0x0,
    0xb, 0xf3, 0x0, 0x0, 0x0, 0x0, 0x0, 0x3,
    0xfa, 0x0, 0x0, 0xb, 0xf3, 0x0, 0x0, 0x0,
    0x0, 0x0, 0x3, 0xfa, 0x0, 0x0, 0xb, 0xf3,
    0x0, 0x0, 0x0, 0x0, 0x0, 0x3, 0xfa, 0x0,
    0x0, 0xb, 0xf3, 0x0, 0x0, 0x0, 0x0, 0x0,
    0x3, 0xfa, 0x0, 0x0, 0xb, 0xf3, 0x0, 0x0,
    0x0, 0x0, 0x0, 0x3, 0xfa, 0x0, 0x0, 0xb,
    0xf3, 0x0, 0x0, 0x0, 0x0, 0x0, 0x3, 0xfa,
    0x0, 0x0, 0xb, 0xf3, 0x0, 0x0, 0x0, 0x0,
    0x0, 0x3, 0xfa, 0x0, 0x0, 0xb, 0xf3, 0x0,
    0x0, 0x0, 0x0, 0x0, 0x3, 0xfa, 0x0, 0x0,
    0xb, 0xf3, 0x0, 0x0, 0x0, 0x0, 0x0, 0x3,
    0xfa, 0x0, 0x0, 0xb, 0xf3, 0x0, 0x0, 0x0,
    0x0, 0xab, 0xbc, 0xfe, 0xbb, 0xbb, 0xbe, 0xfc,
    0xbb, 0xbb, 0xbb, 0xb7, 0xef, 0xff, 0xff, 0xff,
    0xff, 0xff, 0xff, 0xff, 0xff, 0xff, 0xfa, 0x0,
    0x0, 0x0, 0x0, 0x0, 0x0, 0x0, 0x0, 0x0,
    0x0, 0x0,

    /* U+6B63 "正" */
    0x0, 0x0, 0x0, 0x0, 0x0, 0x0, 0x0, 0x0,
    0x0, 0x0, 0x0, 0xc, 0xff, 0xff, 0xff, 0xff,
    0xff, 0xff, 0xff, 0xff, 0xff, 0xf0, 0x9, 0xbb,
    0xbb, 0xbb, 0xbb, 0xdf, 0xeb, 0xbb, 0xbb, 0xbb,
    0xb0, 0x0, 0x0, 0x0, 0x0, 0x0, 0x5f, 0x80,
    0x0, 0x0, 0x0, 0x0, 0x0, 0x0, 0x0, 0x0,
    0x0, 0x5f, 0x80, 0x0, 0x0, 0x0, 0x0, 0x0,
    0x0, 0x0, 0x0, 0x0, 0x5f, 0x80, 0x0, 0x0,
    0x0, 0x0, 0x0, 0x1, 0x53, 0x0, 0x0, 0x5f,
    0x80, 0x0, 0x0, 0x0, 0x0, 0x0, 0x5, 0xf8,
    0x0, 0x0, 0x5f, 0x80, 0x0, 0x0, 0x0, 0x0,
    0x0, 0x5, 0xf8, 0x0, 0x0, 0x5f, 0x90, 0x0,
    0x0, 0x0, 0x0, 0x0, 0x5, 0xf8, 0x0, 0x0,
    0x5f, 0xff, 0xff, 0xff, 0xff, 0x60, 0x0, 0x5,
    0xf8, 0x0, 0x0, 0x5f, 0xeb, 0xbb, 0xbb, 0xbb,
    0x40, 0x0, 0x5, 0xf8, 0x0, 0x0, 0x5f, 0x80,
    0x0, 0x0, 0x0, 0x0, 0x0, 0x5, 0xf8, 0x0,
    0x0, 0x5f, 0x80, 0x0, 0x0, 0x0, 0x0, 0x0,
    0x5, 0xf8, 0x0, 0x0, 0x5f, 0x80, 0x0, 0x0,
    0x0, 0x0, 0x0, 0x5, 0xf8, 0x0, 0x0, 0x5f,
    0x80, 0x0, 0x0, 0x0, 0x0, 0x0, 0x5, 0xf8,
    0x0, 0x0, 0x5f, 0x80, 0x0, 0x0, 0x0, 0x0,
    0x0, 0x5, 0xf8, 0x0, 0x0, 0x5f, 0x80, 0x0,
    0x0, 0x0, 0x0, 0x0, 0x5, 0xf8, 0x0, 0x0,
    0x5f, 0x80, 0x0, 0x0, 0x0, 0x0, 0x22, 0x26,
    0xf9, 0x22, 0x22, 0x7f, 0x92, 0x22, 0x22, 0x22,
    0x21, 0xef, 0xff, 0xff, 0xff, 0xff, 0xff, 0xff,
    0xff, 0xff, 0xff, 0xfa, 0x9a, 0xaa, 0xaa, 0xaa,
    0xaa, 0xaa, 0xaa, 0xaa, 0xaa, 0xaa, 0xa6,

    /* U+6B64 "此" */
    0x0, 0x0, 0x0, 0x2f, 0xb0, 0x0, 0xe, 0xf0,
    0x0, 0x0, 0x0, 0x0, 0x0, 0x0, 0x2f, 0xb0,
    0x0, 0xe, 0xf0, 0x0, 0x0, 0x0, 0x0, 0x0,
    0x0, 0x2f, 0xb0, 0x0, 0xe, 0xf0, 0x0, 0x0,
    0x0, 0x0, 0x97, 0x0, 0x2f, 0xb0, 0x0, 0xe,
    0xf0, 0x0, 0x0, 0x0, 0x1, 0xfc, 0x0, 0x2f,
    0xb0, 0x0, 0xe, 0xf0, 0x0, 0x6, 0xb0, 0x1,
    0xfc, 0x0, 0x2f, 0xb0, 0x0, 0xe, 0xf0, 0x4,
    0xdf, 0xf6, 0x1, 0xfc, 0x0, 0x2f, 0xfd, 0xdd,
    0x2e, 0xf6, 0xdf, 0xfc, 0x40, 0x1, 0xfc, 0x0,
    0x2f, 0xff, 0xff, 0x2e, 0xff, 0xfc, 0x50, 0x0,
    0x1, 0xfc, 0x0, 0x2f, 0xb0, 0x0, 0xe, 0xf9,
    0x20, 0x0, 0x0, 0x1, 0xfc, 0x0, 0x2f, 0xb0,
    0x0, 0xe, 0xf0, 0x0, 0x0, 0x0, 0x1, 0xfc,
    0x0, 0x2f, 0xb0, 0x0, 0xe, 0xf0, 0x0, 0x0,
    0x0, 0x1, 0xfc, 0x0, 0x2f, 0xb0, 0x0, 0xe,
    0xf0, 0x0, 0x0, 0x0, 0x1, 0xfc, 0x0, 0x2f,
    0xb0, 0x0, 0xe, 0xf0, 0x0, 0x0, 0x0, 0x1,
    0xfc, 0x0, 0x2f, 0xb0, 0x0, 0xe, 0xf0, 0x0,
    0x0, 0x0, 0x1, 0xfc, 0x0, 0x2f, 0xb0, 0x0,
    0xe, 0xf0, 0x0, 0x0, 0x20, 0x1, 0xfc, 0x0,
    0x2f, 0xb0, 0x0, 0xe, 0xf0, 0x0, 0x0, 0xfc,
    0x1, 0xfc, 0x0, 0x2f, 0xb0, 0x49, 0x1e, 0xf0,
    0x0, 0x1, 0xfe, 0x1, 0xfc, 0x1, 0x6f, 0xff,
    0xff, 0x3e, 0xf0, 0x0, 0x2, 0xfd, 0x25, 0xff,
    0xef, 0xff, 0xfe, 0x95, 0xe, 0xf0, 0x0, 0x7,
    0xfa, 0xdf, 0xff, 0xfe, 0xa6, 0x20, 0x0, 0xd,
    0xfe, 0xcc, 0xef, 0xf5, 0x9b, 0x85, 0x10, 0x0,
    0x0, 0x0, 0x4, 0xcf, 0xff, 0xec, 0x60,

    /* U+6B65 "步" */
    0x0, 0x0, 0x0, 0x0, 0x0, 0x87, 0x0, 0x0,
    0x0, 0x0, 0x0, 0x0, 0x0, 0x0, 0x0, 0x0,
    0xfd, 0x0, 0x0, 0x0, 0x0, 0x0, 0x0, 0x0,
    0x8a, 0x0, 0x0, 0xfd, 0x0, 0x0, 0x0, 0x0,
    0x0, 0x0, 0x0, 0xdf, 0x10, 0x0, 0xff, 0xbb,
    0xbb, 0xbb, 0xb2, 0x0, 0x0, 0x0, 0xdf, 0x10,
    0x0, 0xff, 0xff, 0xff, 0xff, 0xf4, 0x0, 0x0,
    0x0, 0xdf, 0x10, 0x0, 0xfd, 0x0, 0x0, 0x0,
    0x0, 0x0, 0x0, 0x0, 0xdf, 0x10, 0x0, 0xfd,
    0x0, 0x0, 0x0, 0x0, 0x0, 0x0, 0x0, 0xdf,
    0x10, 0x0, 0xfd, 0x0, 0x0, 0x0, 0x0, 0x0,
    0xaf, 0xff, 0xff, 0xff, 0xff, 0xff, 0xff, 0xff,
    0xff, 0xff, 0xf4, 0x9d, 0xdd, 0xdd, 0xdd, 0xdd,
    0xdd, 0xdd, 0xdd, 0xdd, 0xdd, 0xd3, 0x0, 0x0,
    0x0, 0x0, 0x0, 0x0, 0x0, 0x0, 0x0, 0x0,
    0x0, 0x0, 0x0, 0x1, 0x10, 0x0, 0xfd, 0x0,
    0x0, 0x0, 0x0, 0x0, 0x0, 0x0, 0xc, 0xf3,
    0x0, 0xfd, 0x0, 0x0, 0x4, 0x30, 0x0, 0x0,
    0x0, 0x7f, 0xd0, 0x0, 0xfd, 0x0, 0x0, 0x4f,
    0xf3, 0x0, 0x0, 0x4, 0xff, 0x40, 0x0, 0xfd,
    0x0, 0x4, 0xff, 0x70, 0x0, 0x0, 0x3f, 0xf8,
    0x0, 0x0, 0xfd, 0x0, 0x5f, 0xf7, 0x0, 0x0,
    0x0, 0xef, 0xb0, 0x0, 0x0, 0xfd, 0x9, 0xff,
    0x60, 0x0, 0x0, 0x0, 0x4b, 0x0, 0x0, 0x0,
    0xfe, 0xdf, 0xd3, 0x0, 0x0, 0x0, 0x0, 0x0,
    0x0, 0x0, 0x6, 0xff, 0xf7, 0x0, 0x0, 0x0,
    0x0, 0x0, 0x0, 0x1, 0x5a, 0xff, 0xf8, 0x10,
    0x0, 0x0, 0x0, 0x0, 0x3, 0x69, 0xdf, 0xff,
    0xc6, 0x0, 0x0, 0x0, 0x0, 0x0, 0x0, 0xa,
    0xff, 0xfb, 0x62, 0x0, 0x0, 0x0, 0x0, 0x0,
    0x0, 0x0, 0x2, 0x73, 0x0, 0x0, 0x0, 0x0,
    0x0, 0x0, 0x0, 0x0, 0x0,

    /* U+6B66 "武" */
    0x0, 0x0, 0x0, 0x0, 0x0, 0x0, 0x3, 0x61,
    0x0, 0x0, 0x0, 0x0, 0x0, 0x0, 0x0, 0x0,
    0x0, 0x8, 0xf3, 0x19, 0x90, 0x0, 0x0, 0xaf,
    0xff, 0xff, 0xff, 0xfc, 0x7, 0xf3, 0xc, 0xf6,
    0x0, 0x0, 0x8b, 0xbb, 0xbb, 0xbb, 0xb9, 0x6,
    0xf4, 0x1, 0xff, 0x10, 0x0, 0x0, 0x0, 0x0,
    0x0, 0x0, 0x6, 0xf5, 0x0, 0x8f, 0x50, 0x0,
    0x0, 0x0, 0x0, 0x0, 0x0, 0x5, 0xf6, 0x0,
    0x11, 0x0, 0xbc, 0xcc, 0xcc, 0xcc, 0xcc, 0xcc,
    0xcd, 0xfe, 0xcc, 0xcc, 0xc5, 0xef, 0xff, 0xff,
    0xff, 0xff, 0xff, 0xff, 0xff, 0xff, 0xff, 0xf7,
    0x0, 0x0, 0x0, 0x5, 0x40, 0x0, 0x2, 0xf9,
    0x0, 0x0, 0x0, 0x0, 0x0, 0x0, 0xf, 0xd0,
    0x0, 0x0, 0xfc, 0x0, 0x0, 0x0, 0x0, 0x0,
    0x0, 0xf, 0xd0, 0x0, 0x0, 0xfe, 0x0, 0x0,
    0x0, 0x0, 0x9f, 0x40, 0xf, 0xd0, 0x0, 0x0,
    0xdf, 0x0, 0x0, 0x0, 0x0, 0xaf, 0x40, 0xf,
    0xff, 0xff, 0xf1, 0xbf, 0x30, 0x0, 0x0, 0x0,
    0xaf, 0x40, 0xf, 0xfa, 0xaa, 0xa0, 0x8f, 0x50,
    0x0, 0x0, 0x0, 0xaf, 0x40, 0xf, 0xd0, 0x0,
    0x0, 0x5f, 0x90, 0x0, 0x0, 0x0, 0xaf, 0x40,
    0xf, 0xd0, 0x0, 0x0, 0x1f, 0xd0, 0x0, 0x0,
    0x0, 0xaf, 0x40, 0xf, 0xd0, 0x0, 0x0, 0xd,
    0xf1, 0x0, 0xd8, 0x0, 0xaf, 0x40, 0xf, 0xd0,
    0x3, 0x64, 0x8, 0xf6, 0x0, 0xfa, 0x0, 0xaf,
    0x64, 0x7f, 0xfe, 0xff, 0xfb, 0x2, 0xfd, 0x2,
    0xf8, 0x6a, 0xef, 0xff, 0xff, 0xff, 0xc9, 0x62,
    0x0, 0xaf, 0x89, 0xf5, 0x6f, 0xfe, 0xc9, 0x74,
    0x20, 0x0, 0x0, 0x0, 0x2f, 0xff, 0xf0, 0x2,
    0x0, 0x0, 0x0, 0x0, 0x0, 0x0, 0x0, 0x4,
    0xde, 0x50,

    /* U+6BB5 "段" */
    0x0, 0x0, 0x0, 0x0, 0x15, 0x20, 0x0, 0x0,
    0x0, 0x0, 0x0, 0x0, 0x0, 0x35, 0x8a, 0xdf,
    0xfe, 0x20, 0x5b, 0xbb, 0xbb, 0xb2, 0x0, 0x0,
    0x1f, 0xff, 0xfd, 0xb7, 0x30, 0x7, 0xff, 0xff,
    0xff, 0x30, 0x0, 0x1, 0xfd, 0x20, 0x0, 0x0,
    0x0, 0x7f, 0x50, 0xa, 0xf3, 0x0, 0x0, 0x1f,
    0xc0, 0x0, 0x0, 0x0, 0x8, 0xf4, 0x0, 0xaf,
    0x30, 0x0, 0x1, 0xfc, 0x0, 0x0, 0x0, 0x0,
    0x9f, 0x20, 0xa, 0xf3, 0x0, 0x0, 0x1f, 0xfe,
    0xee, 0xee, 0x60, 0xc, 0xf0, 0x0, 0xaf, 0x30,
    0x0, 0x1, 0xff, 0xdd, 0xdd, 0xd5, 0x2, 0xfb,
    0x0, 0xa, 0xf5, 0x0, 0x0, 0x1f, 0xc0, 0x0,
    0x0, 0x0, 0xcf, 0x50, 0x0, 0x7f, 0xff, 0x60,
    0x1, 0xfc, 0x0, 0x0, 0x0, 0x8, 0xb0, 0x0,
    0x0, 0x69, 0x93, 0x0, 0x1f, 0xc0, 0x0, 0x0,
    0x0, 0x23, 0x22, 0x22, 0x22, 0x20, 0x0, 0x1,
    0xff, 0xff, 0xff, 0xf6, 0xd, 0xff, 0xff, 0xff,
    0xff, 0x50, 0x0, 0x1f, 0xea, 0xaa, 0xaa, 0x40,
    0x7e, 0xf8, 0x88, 0x8f, 0xf3, 0x0, 0x1, 0xfc,
    0x0, 0x0, 0x0, 0x0, 0x9f, 0x40, 0x1, 0xff,
    0x0, 0x0, 0x1f, 0xc0, 0x0, 0x0, 0x0, 0x4,
    0xfc, 0x0, 0x6f, 0xb0, 0x0, 0x1, 0xfc, 0x14,
    0x7a, 0xdf, 0x10, 0xd, 0xf5, 0xd, 0xf4, 0x0,
    0x6, 0x9f, 0xff, 0xff, 0xfd, 0xa1, 0x0, 0x4f,
    0xf9, 0xfc, 0x0, 0x0, 0xbf, 0xff, 0xc8, 0x41,
    0x0, 0x0, 0x0, 0x8f, 0xff, 0x20, 0x0, 0x3,
    0x6f, 0xc0, 0x0, 0x0, 0x0, 0x0, 0x1a, 0xff,
    0xf6, 0x0, 0x0, 0x1, 0xfc, 0x0, 0x0, 0x0,
    0x1, 0x7e, 0xff, 0xaf, 0xfd, 0x50, 0x0, 0x1f,
    0xc0, 0x0, 0x0, 0x4, 0xff, 0xfb, 0x10, 0x3d,
    0xff, 0xb0, 0x1, 0xfc, 0x0, 0x0, 0x0, 0xd,
    0xa3, 0x0, 0x0, 0x6, 0xe3, 0x0, 0x0, 0x0,
    0x0, 0x0, 0x0, 0x0, 0x0, 0x0, 0x0, 0x0,
    0x0,

    /* U+6BCF "每" */
    0x0, 0x0, 0x1, 0x40, 0x0, 0x0, 0x0, 0x0,
    0x0, 0x0, 0x0, 0x0, 0x0, 0x9, 0xf7, 0x0,
    0x0, 0x0, 0x0, 0x0, 0x0, 0x0, 0x0, 0x0,
    0x1f, 0xf1, 0x0, 0x0, 0x0, 0x0, 0x0, 0x0,
    0x0, 0x0, 0x0, 0xbf, 0xff, 0xff, 0xff, 0xff,
    0xff, 0xff, 0xff, 0xc0, 0x0, 0x6, 0xfe, 0xaa,
    0xaa, 0xaa, 0xaa, 0xaa, 0xaa, 0xaa, 0x80, 0x0,
    0x4f, 0xf3, 0x0, 0x0, 0x0, 0x0, 0x0, 0x0,
    0x0, 0x0, 0x3, 0xff, 0x7b, 0xbb, 0xbb, 0xbb,
    0xbb, 0xbb, 0xbb, 0x80, 0x0, 0xd, 0xf9, 0xf,
    0xff, 0xff, 0xff, 0xff, 0xff, 0xff, 0xb0, 0x0,
    0x1, 0x70, 0x2f, 0xc0, 0x0, 0x64, 0x0, 0x0,
    0x4f, 0xa0, 0x0, 0x0, 0x0, 0x3f, 0xb0, 0x5,
    0xff, 0x70, 0x0, 0x4f, 0xa0, 0x0, 0x0, 0x0,
    0x4f, 0xa0, 0x0, 0x5f, 0xf6, 0x0, 0x5f, 0x90,
    0x0, 0x0, 0x0, 0x6f, 0x90, 0x0, 0x5, 0x80,
    0x0, 0x6f, 0x90, 0x0, 0x2f, 0xff, 0xff, 0xff,
    0xff, 0xff, 0xff, 0xff, 0xff, 0xff, 0xfe, 0x1b,
    0xbb, 0xef, 0xcb, 0xbb, 0xbb, 0xbb, 0xbb, 0xdf,
    0xdb, 0xba, 0x0, 0x0, 0xcf, 0x30, 0x5, 0xe7,
    0x0, 0x0, 0x9f, 0x50, 0x0, 0x0, 0x0, 0xff,
    0x0, 0x5, 0xef, 0xb0, 0x0, 0xaf, 0x40, 0x0,
    0x0, 0x2, 0xfd, 0x0, 0x0, 0x2d, 0x91, 0x0,
    0xbf, 0x20, 0x0, 0x0, 0x5, 0xfe, 0xaa, 0xaa,
    0xaa, 0xaa, 0xaa, 0xef, 0xba, 0x70, 0x0, 0x8,
    0xff, 0xff, 0xff, 0xff, 0xff, 0xff, 0xff, 0xff,
    0xb0, 0x0, 0x1, 0x22, 0x22, 0x22, 0x22, 0x22,
    0x26, 0xfd, 0x22, 0x10, 0x0, 0x0, 0x0, 0x0,
    0x0, 0x0, 0x5f, 0xef, 0xf9, 0x0, 0x0, 0x0,
    0x0, 0x0, 0x0, 0x0, 0x0, 0x2d, 0xfe, 0xa1,
    0x0, 0x0,

    /* U+6BD4 "比" */
    0x45, 0x0, 0x0, 0x0, 0x0, 0x54, 0x0, 0x0,
    0x0, 0x0, 0xef, 0x10, 0x0, 0x0, 0x1, 0xfe,
    0x0, 0x0, 0x0, 0x0, 0xef, 0x10, 0x0, 0x0,
    0x1, 0xfe, 0x0, 0x0, 0x0, 0x0, 0xef, 0x10,
    0x0, 0x0, 0x1, 0xfe, 0x0, 0x0, 0x0, 0x0,
    0xef, 0x10, 0x0, 0x0, 0x1, 0xfe, 0x0, 0x0,
    0x3, 0x10, 0xef, 0x10, 0x0, 0x0, 0x1, 0xfe,
    0x0, 0x1, 0x9f, 0xb0, 0xef, 0x10, 0x0, 0x0,
    0x1, 0xfe, 0x1, 0x8f, 0xff, 0x90, 0xef, 0xbb,
    0xbb, 0xb9, 0x1, 0xfe, 0x9f, 0xff, 0xa2, 0x0,
    0xef, 0xff, 0xff, 0xfe, 0x1, 0xff, 0xff, 0xa3,
    0x0, 0x0, 0xef, 0x33, 0x33, 0x32, 0x1, 0xff,
    0x81, 0x0, 0x0, 0x0, 0xef, 0x10, 0x0, 0x0,
    0x1, 0xfe, 0x0, 0x0, 0x0, 0x0, 0xef, 0x10,
    0x0, 0x0, 0x1, 0xfe, 0x0, 0x0, 0x0, 0x0,
    0xef, 0x10, 0x0, 0x0, 0x1, 0xfe, 0x0, 0x0,
    0x0, 0x0, 0xef, 0x10, 0x0, 0x0, 0x1, 0xfe,
    0x0, 0x0, 0x0, 0x0, 0xef, 0x10, 0x0, 0x0,
    0x1, 0xfe, 0x0, 0x0, 0x0, 0x0, 0xef, 0x10,
    0x0, 0x0, 0x1, 0xfe, 0x0, 0x0, 0x0, 0x0,
    0xef, 0x10, 0x0, 0x0, 0x1, 0xfe, 0x0, 0x0,
    0x0, 0x30, 0xef, 0x10, 0x0, 0x13, 0x1, 0xfe,
    0x0, 0x0, 0x0, 0xec, 0xef, 0x10, 0x29, 0xfc,
    0x1, 0xfe, 0x0, 0x0, 0x1, 0xfc, 0xef, 0x6c,
    0xff, 0xfb, 0x0, 0xff, 0x20, 0x0, 0x19, 0xf9,
    0xef, 0xff, 0xe8, 0x20, 0x0, 0xdf, 0xff, 0xff,
    0xff, 0xf3, 0xbf, 0xb5, 0x0, 0x0, 0x0, 0x2a,
    0xde, 0xff, 0xfd, 0x60, 0x1, 0x0, 0x0, 0x0,
    0x0, 0x0, 0x0, 0x0, 0x0, 0x0,

    /* U+6C34 "水" */
    0x0, 0x0, 0x0, 0x0, 0x0, 0x79, 0x0, 0x0,
    0x0, 0x0, 0x0, 0x0, 0x0, 0x0, 0x0, 0x0,
    0xc, 0xf1, 0x0, 0x0, 0x0, 0x0, 0x0, 0x0,
    0x0, 0x0, 0x0, 0x0, 0xcf, 0x10, 0x0, 0x0,
    0x0, 0x0, 0x0, 0x0, 0x0, 0x0, 0x0, 0xc,
    0xf1, 0x0, 0x0, 0x0, 0x50, 0x0, 0x0, 0x0,
    0x0, 0x0, 0x0, 0xcf, 0x20, 0x0, 0x0, 0x6f,
    0xb0, 0x0, 0x0, 0x0, 0x0, 0x0, 0xc, 0xf9,
    0x0, 0x0, 0x5f, 0xf6, 0x0, 0x1f, 0xff, 0xff,
    0xff, 0x60, 0xcf, 0xf1, 0x0, 0x6f, 0xf8, 0x0,
    0x0, 0xbb, 0xbb, 0xbd, 0xf6, 0xc, 0xff, 0x80,
    0x9f, 0xf8, 0x0, 0x0, 0x0, 0x0, 0x0, 0x9f,
    0x30, 0xcf, 0xee, 0xdf, 0xf5, 0x0, 0x0, 0x0,
    0x0, 0x0, 0xe, 0xe0, 0xc, 0xf7, 0xff, 0xb2,
    0x0, 0x0, 0x0, 0x0, 0x0, 0x4, 0xf8, 0x0,
    0xcf, 0x1e, 0xf2, 0x0, 0x0, 0x0, 0x0, 0x0,
    0x0, 0xbf, 0x20, 0xc, 0xf1, 0x6f, 0xc0, 0x0,
    0x0, 0x0, 0x0, 0x0, 0x3f, 0xb0, 0x0, 0xcf,
    0x10, 0xcf, 0x70, 0x0, 0x0, 0x0, 0x0, 0xb,
    0xf3, 0x0, 0xc, 0xf1, 0x2, 0xff, 0x40, 0x0,
    0x0, 0x0, 0x6, 0xfb, 0x0, 0x0, 0xcf, 0x10,
    0x7, 0xfe, 0x20, 0x0, 0x0, 0x2, 0xff, 0x10,
    0x0, 0xc, 0xf1, 0x0, 0xb, 0xfe, 0x20, 0x0,
    0x1, 0xdf, 0x60, 0x0, 0x0, 0xcf, 0x10, 0x0,
    0xd, 0xfe, 0x30, 0x1, 0xdf, 0x90, 0x0, 0x0,
    0xc, 0xf1, 0x0, 0x0, 0x1e, 0xff, 0x70, 0x4f,
    0xb0, 0x0, 0x0, 0x0, 0xcf, 0x10, 0x0, 0x0,
    0x1d, 0xfb, 0x0, 0x70, 0x0, 0x11, 0x0, 0xd,
    0xf1, 0x0, 0x0, 0x0, 0xb, 0x20, 0x0, 0x0,
    0x3, 0xfe, 0xdd, 0xff, 0x0, 0x0, 0x0, 0x0,
    0x0, 0x0, 0x0, 0x0, 0xa, 0xce, 0xfd, 0x50,
    0x0, 0x0, 0x0, 0x0, 0x0,

    /* U+6C42 "求" */
    0x0, 0x0, 0x0, 0x0, 0x0, 0xa8, 0x0, 0x7,
    0x30, 0x0, 0x0, 0x0, 0x0, 0x0, 0x0, 0x0,
    0xfd, 0x0, 0x2f, 0xf9, 0x10, 0x0, 0x0, 0x0,
    0x0, 0x0, 0x0, 0xfd, 0x0, 0x2, 0xcf, 0xc0,
    0x0, 0x0, 0x0, 0x0, 0x0, 0x0, 0xfd, 0x0,
    0x0, 0x7, 0x20, 0x0, 0xe, 0xff, 0xff, 0xff,
    0xff, 0xff, 0xff, 0xff, 0xff, 0xff, 0xf0, 0xc,
    0xdd, 0xdd, 0xdd, 0xdd, 0xff, 0xed, 0xdd, 0xdd,
    0xdd, 0xd0, 0x0, 0x0, 0x0, 0x0, 0x0, 0xff,
    0xb0, 0x0, 0x0, 0x0, 0x0, 0x0, 0x2c, 0xa0,
    0x0, 0x0, 0xff, 0xf0, 0x0, 0x8, 0xd4, 0x0,
    0x0, 0x2f, 0xf5, 0x0, 0x0, 0xff, 0xf5, 0x0,
    0x2f, 0xf4, 0x0, 0x0, 0x7, 0xff, 0x10, 0x0,
    0xff, 0xfc, 0x0, 0xbf, 0xa0, 0x0, 0x0, 0x0,
    0xcf, 0xb0, 0x0, 0xfd, 0xcf, 0x47, 0xfe, 0x10,
    0x0, 0x0, 0x0, 0x2f, 0xe1, 0x5, 0xfd, 0x5f,
    0xdf, 0xf4, 0x0, 0x0, 0x0, 0x0, 0x5, 0x10,
    0xaf, 0xfd, 0xd, 0xff, 0x50, 0x0, 0x0, 0x0,
    0x0, 0x0, 0x5e, 0xfd, 0xfd, 0x4, 0xff, 0x20,
    0x0, 0x0, 0x0, 0x0, 0x2b, 0xff, 0x80, 0xfd,
    0x0, 0xaf, 0xd0, 0x0, 0x0, 0x0, 0x19, 0xff,
    0xe4, 0x0, 0xfd, 0x0, 0xd, 0xfc, 0x10, 0x0,
    0x29, 0xff, 0xfa, 0x10, 0x0, 0xfd, 0x0, 0x2,
    0xef, 0xd3, 0x0, 0x8f, 0xfb, 0x30, 0x0, 0x0,
    0xfd, 0x0, 0x0, 0x2e, 0xff, 0x80, 0x2d, 0x40,
    0x0, 0x0, 0x1, 0xfd, 0x0, 0x0, 0x1, 0xcf,
    0xfc, 0x0, 0x0, 0x1, 0x30, 0x1, 0xfd, 0x0,
    0x0, 0x0, 0x7, 0xf5, 0x0, 0x0, 0x1, 0xff,
    0xee, 0xfb, 0x0, 0x0, 0x0, 0x0, 0x10, 0x0,
    0x0, 0x0, 0xac, 0xef, 0xd3, 0x0, 0x0, 0x0,
    0x0, 0x0,

    /* U+6CA1 "没" */
    0x0, 0x11, 0x0, 0x0, 0x0, 0x0, 0x0, 0x0,
    0x0, 0x0, 0x0, 0x1, 0xdf, 0x80, 0x0, 0x2,
    0xbb, 0xbb, 0xbb, 0xbb, 0x0, 0x0, 0x0, 0x7f,
    0xfd, 0x30, 0x3, 0xff, 0xff, 0xff, 0xff, 0x10,
    0x0, 0x0, 0x2, 0xcf, 0xf2, 0x4, 0xf8, 0x0,
    0x0, 0xcf, 0x10, 0x0, 0x0, 0x0, 0x9, 0x90,
    0x5, 0xf6, 0x0, 0x0, 0xcf, 0x10, 0x0, 0x0,
    0x0, 0x0, 0x0, 0x8, 0xf4, 0x0, 0x0, 0xcf,
    0x10, 0x0, 0x5, 0x40, 0x0, 0x0, 0xd, 0xf1,
    0x0, 0x0, 0xcf, 0x10, 0x0, 0x3f, 0xfa, 0x10,
    0x0, 0x8f, 0xc0, 0x0, 0x0, 0xcf, 0x30, 0x0,
    0x4, 0xef, 0xe6, 0x9, 0xff, 0x30, 0x0, 0x0,
    0x9f, 0xff, 0xf7, 0x0, 0xb, 0xf9, 0x8, 0xf5,
    0x0, 0x0, 0x0, 0x7, 0x99, 0x94, 0x0, 0x0,
    0x70, 0x0, 0x31, 0x11, 0x11, 0x11, 0x11, 0x10,
    0x0, 0x0, 0x0, 0x0, 0x3, 0xff, 0xff, 0xff,
    0xff, 0xff, 0xfa, 0x0, 0x0, 0x0, 0x10, 0x1,
    0xbf, 0xda, 0xaa, 0xaa, 0xad, 0xf7, 0x0, 0x0,
    0x0, 0xac, 0x10, 0xe, 0xe1, 0x0, 0x0, 0xd,
    0xf3, 0x0, 0x0, 0x1, 0xff, 0x10, 0x7, 0xf9,
    0x0, 0x0, 0x5f, 0xc0, 0x0, 0x0, 0x8, 0xfa,
    0x0, 0x0, 0xdf, 0x40, 0x1, 0xdf, 0x40, 0x0,
    0x0, 0x1f, 0xf4, 0x0, 0x0, 0x3f, 0xf3, 0xb,
    0xf9, 0x0, 0x0, 0x0, 0x9f, 0xc0, 0x0, 0x0,
    0x6, 0xfe, 0xcf, 0xa0, 0x0, 0x0, 0x2, 0xff,
    0x40, 0x0, 0x0, 0x1, 0xdf, 0xfd, 0x10, 0x0,
    0x0, 0xc, 0xfc, 0x0, 0x0, 0x4, 0xaf, 0xfd,
    0xef, 0xe9, 0x30, 0x0, 0x6f, 0xf3, 0x0, 0x6a,
    0xef, 0xfe, 0x70, 0x18, 0xff, 0xff, 0xc6, 0x4e,
    0x80, 0x0, 0xaf, 0xfb, 0x50, 0x0, 0x0, 0x16,
    0xbf, 0xf3, 0x1, 0x0, 0x0, 0x14, 0x0, 0x0,
    0x0, 0x0, 0x0, 0x0, 0x20,

    /* U+6CBF "沿" */
    0x0, 0x1, 0x0, 0x0, 0x0, 0x0, 0x0, 0x0,
    0x0, 0x0, 0x0, 0x0, 0xa, 0xf8, 0x10, 0x0,
    0x1c, 0xcc, 0xcc, 0xcc, 0xc9, 0x0, 0x0, 0x0,
    0x6f, 0xfe, 0x40, 0x2, 0xff, 0xff, 0xff, 0xff,
    0xc0, 0x0, 0x0, 0x0, 0x1b, 0xff, 0x50, 0x2f,
    0xc0, 0x0, 0x1, 0xfc, 0x0, 0x0, 0x0, 0x0,
    0x7, 0xc0, 0x3, 0xfa, 0x0, 0x0, 0x1f, 0xc0,
    0x0, 0x0, 0x0, 0x0, 0x0, 0x0, 0x6f, 0x80,
    0x0, 0x1, 0xfc, 0x0, 0x0, 0x3, 0x60, 0x0,
    0x0, 0xa, 0xf5, 0x0, 0x0, 0x1f, 0xc0, 0x0,
    0x1, 0xef, 0xc2, 0x0, 0x4, 0xff, 0x0, 0x0,
    0x1, 0xfe, 0x0, 0x0, 0x2, 0xbf, 0xf8, 0x5,
    0xff, 0x70, 0x0, 0x0, 0xe, 0xff, 0xff, 0x20,
    0x0, 0x6f, 0xc0, 0xcf, 0x80, 0x0, 0x0, 0x0,
    0x3a, 0xcc, 0xc2, 0x0, 0x0, 0x21, 0x1, 0x40,
    0x0, 0x0, 0x0, 0x0, 0x0, 0x0, 0x0, 0x0,
    0x0, 0x0, 0x2, 0xaa, 0xaa, 0xaa, 0xaa, 0xaa,
    0xa3, 0x0, 0x0, 0x0, 0x24, 0x0, 0x3f, 0xff,
    0xff, 0xff, 0xff, 0xff, 0x40, 0x0, 0x0, 0x8,
    0xf5, 0x3, 0xfa, 0x0, 0x0, 0x0, 0x9, 0xf4,
    0x0, 0x0, 0x0, 0xef, 0x20, 0x3f, 0xa0, 0x0,
    0x0, 0x0, 0x9f, 0x40, 0x0, 0x0, 0x7f, 0xc0,
    0x3, 0xfa, 0x0, 0x0, 0x0, 0x9, 0xf4, 0x0,
    0x0, 0xe, 0xf5, 0x0, 0x3f, 0xa0, 0x0, 0x0,
    0x0, 0x9f, 0x40, 0x0, 0x7, 0xfd, 0x0, 0x3,
    0xfa, 0x0, 0x0, 0x0, 0x9, 0xf4, 0x0, 0x1,
    0xff, 0x50, 0x0, 0x3f, 0xa0, 0x0, 0x0, 0x0,
    0x9f, 0x40, 0x0, 0xaf, 0xc0, 0x0, 0x3, 0xff,
    0xff, 0xff, 0xff, 0xff, 0xf4, 0x0, 0x4f, 0xf3,
    0x0, 0x0, 0x3f, 0xea, 0xaa, 0xaa, 0xaa, 0xdf,
    0x40, 0x0, 0x99, 0x0, 0x0, 0x3, 0xfa, 0x0,
    0x0, 0x0, 0x9, 0xf4, 0x0, 0x0, 0x0, 0x0,
    0x0, 0x0, 0x0, 0x0, 0x0, 0x0, 0x0, 0x0,
    0x0,

    /* U+6CD5 "法" */
    0x0, 0x10, 0x0, 0x0, 0x0, 0x0, 0x7, 0xa2,
    0x0, 0x0, 0x0, 0x3, 0xfb, 0x10, 0x0, 0x0,
    0x0, 0xb, 0xf4, 0x0, 0x0, 0x0, 0x3, 0xef,
    0xe3, 0x0, 0x0, 0x0, 0xb, 0xf4, 0x0, 0x0,
    0x0, 0x0, 0x1b, 0xff, 0x20, 0x0, 0x0, 0xb,
    0xf4, 0x0, 0x0, 0x0, 0x0, 0x0, 0xbb, 0x0,
    0x22, 0x22, 0x2c, 0xf5, 0x22, 0x22, 0x10, 0x0,
    0x0, 0x1, 0x2, 0xff, 0xff, 0xff, 0xff, 0xff,
    0xff, 0xb0, 0x2, 0x0, 0x0, 0x1, 0xaa, 0xaa,
    0xae, 0xfb, 0xaa, 0xaa, 0x60, 0x3f, 0xc2, 0x0,
    0x0, 0x0, 0x0, 0xb, 0xf4, 0x0, 0x0, 0x0,
    0x1a, 0xff, 0x80, 0x0, 0x0, 0x0, 0xb, 0xf4,
    0x0, 0x0, 0x0, 0x0, 0x4e, 0x80, 0x0, 0x0,
    0x0, 0xb, 0xf4, 0x0, 0x0, 0x0, 0x0, 0x1,
    0x0, 0x2c, 0xcc, 0xcc, 0xcf, 0xfd, 0xcc, 0xcc,
    0xcb, 0x0, 0x0, 0x0, 0x3f, 0xff, 0xff, 0xff,
    0xff, 0xff, 0xff, 0xfe, 0x0, 0x3, 0x30, 0x1,
    0x11, 0x16, 0xfd, 0x11, 0x11, 0x11, 0x11, 0x0,
    0xa, 0xf3, 0x0, 0x0, 0xb, 0xf7, 0x0, 0x2,
    0x0, 0x0, 0x0, 0xf, 0xf1, 0x0, 0x0, 0x2f,
    0xf1, 0x0, 0xbf, 0x20, 0x0, 0x0, 0x5f, 0xc0,
    0x0, 0x0, 0xbf, 0x80, 0x0, 0x7f, 0xa0, 0x0,
    0x0, 0xbf, 0x70, 0x0, 0x4, 0xff, 0x10, 0x0,
    0xe, 0xf3, 0x0, 0x3, 0xff, 0x10, 0x0, 0xe,
    0xf6, 0x0, 0x0, 0x8, 0xfb, 0x0, 0xb, 0xfb,
    0x0, 0x0, 0xbf, 0xa1, 0x35, 0x8b, 0xef, 0xff,
    0x10, 0x3f, 0xf4, 0x0, 0x5, 0xff, 0xff, 0xff,
    0xff, 0xfc, 0xdf, 0x80, 0x8f, 0xd0, 0x0, 0x1,
    0xff, 0xdb, 0xa8, 0x52, 0x0, 0x4f, 0xe0, 0x8,
    0x50, 0x0, 0x0, 0x0, 0x0, 0x0, 0x0, 0x0,
    0xb, 0x60,

    /* U+6CE2 "波" */
    0x0, 0x12, 0x0, 0x0, 0x0, 0x0, 0x0, 0x65,
    0x0, 0x0, 0x0, 0x1, 0xdf, 0x91, 0x0, 0x0,
    0x0, 0x1, 0xfc, 0x0, 0x0, 0x0, 0x0, 0x5e,
    0xff, 0x60, 0x0, 0x0, 0x1, 0xfc, 0x0, 0x0,
    0x0, 0x0, 0x0, 0xaf, 0xf3, 0x9, 0xaa, 0xaa,
    0xfe, 0xaa, 0xaa, 0xa2, 0x0, 0x0, 0x5, 0x70,
    0xf, 0xff, 0xff, 0xff, 0xff, 0xff, 0xf4, 0x0,
    0x0, 0x0, 0x0, 0xf, 0xb2, 0x23, 0xfd, 0x22,
    0x2e, 0xf2, 0x6, 0x60, 0x0, 0x0, 0xf, 0xb0,
    0x1, 0xfc, 0x0, 0x3f, 0xc0, 0x2f, 0xfc, 0x20,
    0x0, 0xf, 0xb0, 0x1, 0xfc, 0x0, 0x8f, 0x60,
    0x2, 0xbf, 0xf7, 0x0, 0xf, 0xb0, 0x1, 0xfc,
    0x0, 0x5b, 0x10, 0x0, 0x7, 0xf9, 0x0, 0xf,
    0xb0, 0x1, 0xfc, 0x0, 0x0, 0x0, 0x0, 0x0,
    0x40, 0x0, 0xf, 0xff, 0xff, 0xff, 0xff, 0xff,
    0x70, 0x0, 0x0, 0x0, 0x0, 0xf, 0xea, 0xaa,
    0xaa, 0xaa, 0xef, 0x40, 0x0, 0x0, 0x21, 0x0,
    0xf, 0xa0, 0x10, 0x0, 0x0, 0xef, 0x10, 0x0,
    0x0, 0xae, 0x20, 0x2f, 0x98, 0xf2, 0x0, 0x3,
    0xfb, 0x0, 0x0, 0x1, 0xff, 0x10, 0x4f, 0x76,
    0xfc, 0x0, 0xb, 0xf4, 0x0, 0x0, 0x9, 0xfa,
    0x0, 0x8f, 0x40, 0xbf, 0xa0, 0x6f, 0xb0, 0x0,
    0x0, 0x1f, 0xf3, 0x0, 0xdf, 0x10, 0x1d, 0xfa,
    0xff, 0x20, 0x0, 0x0, 0x9f, 0xc0, 0x3, 0xfd,
    0x0, 0x2, 0xef, 0xf5, 0x0, 0x0, 0x3, 0xff,
    0x40, 0xa, 0xf7, 0x0, 0x1a, 0xff, 0xfd, 0x40,
    0x0, 0xc, 0xfb, 0x0, 0x3f, 0xf1, 0x29, 0xff,
    0xe5, 0xbf, 0xfb, 0x30, 0x7f, 0xf2, 0x0, 0xcf,
    0x86, 0xff, 0xf9, 0x0, 0x7, 0xff, 0xf9, 0x1b,
    0x70, 0x0, 0x8d, 0x0, 0xd8, 0x10, 0x0, 0x0,
    0x2a, 0xf2, 0x0, 0x0, 0x0, 0x0, 0x0, 0x0,
    0x0, 0x0, 0x0, 0x0, 0x10,

    /* U+6CE8 "注" */
    0x0, 0x10, 0x0, 0x0, 0x0, 0x0, 0x12, 0x0,
    0x0, 0x0, 0x0, 0x6, 0xf8, 0x0, 0x0, 0x0,
    0x2, 0xee, 0x20, 0x0, 0x0, 0x0, 0x5, 0xef,
    0xd2, 0x0, 0x0, 0x0, 0x9f, 0xc0, 0x0, 0x0,
    0x0, 0x0, 0x1c, 0xfd, 0x0, 0x0, 0x0, 0xc,
    0xe2, 0x0, 0x0, 0x0, 0x0, 0x0, 0xa5, 0x0,
    0x0, 0x0, 0x1, 0x10, 0x0, 0x0, 0x0, 0x0,
    0x0, 0x0, 0x4f, 0xff, 0xff, 0xff, 0xff, 0xff,
    0xff, 0xf6, 0x3, 0x0, 0x0, 0x4d, 0xdd, 0xdd,
    0xdf, 0xfd, 0xdd, 0xdd, 0xd5, 0x7f, 0xb1, 0x0,
    0x0, 0x0, 0x0, 0xf, 0xf0, 0x0, 0x0, 0x0,
    0x2c, 0xfe, 0x50, 0x0, 0x0, 0x0, 0xf, 0xf0,
    0x0, 0x0, 0x0, 0x0, 0x8f, 0x60, 0x0, 0x0,
    0x0, 0xf, 0xf0, 0x0, 0x0, 0x0, 0x0, 0x4,
    0x0, 0x0, 0x0, 0x0, 0xf, 0xf0, 0x0, 0x0,
    0x0, 0x0, 0x0, 0x0, 0x0, 0x0, 0x0, 0xf,
    0xf0, 0x0, 0x0, 0x0, 0x0, 0x3, 0x0, 0x6,
    0xbb, 0xbb, 0xbf, 0xfb, 0xbb, 0xbb, 0x60, 0x0,
    0xc, 0xd0, 0x9, 0xff, 0xff, 0xff, 0xff, 0xff,
    0xff, 0x90, 0x0, 0x2f, 0xe0, 0x0, 0x0, 0x0,
    0xf, 0xf0, 0x0, 0x0, 0x0, 0x0, 0x8f, 0xa0,
    0x0, 0x0, 0x0, 0xf, 0xf0, 0x0, 0x0, 0x0,
    0x0, 0xdf, 0x40, 0x0, 0x0, 0x0, 0xf, 0xf0,
    0x0, 0x0, 0x0, 0x5, 0xfe, 0x0, 0x0, 0x0,
    0x0, 0xf, 0xf0, 0x0, 0x0, 0x0, 0xd, 0xf8,
    0x0, 0x0, 0x0, 0x0, 0xf, 0xf0, 0x0, 0x0,
    0x0, 0x6f, 0xf1, 0x0, 0xbb, 0xbb, 0xbb, 0xbf,
    0xfb, 0xbb, 0xbb, 0xb9, 0xcf, 0xa0, 0x0, 0xff,
    0xff, 0xff, 0xff, 0xff, 0xff, 0xff, 0xfc, 0x1b,
    0x20, 0x0, 0x0, 0x0, 0x0, 0x0, 0x0, 0x0,
    0x0, 0x0,

    /* U+6D3B "活" */
    0x0, 0x30, 0x0, 0x0, 0x0, 0x0, 0x0, 0x0,
    0x1, 0x47, 0x0, 0x8, 0xfa, 0x10, 0x0, 0x0,
    0x0, 0x13, 0x6a, 0xdf, 0xff, 0x40, 0x3, 0xdf,
    0xe3, 0x0, 0x6a, 0xce, 0xff, 0xff, 0xfc, 0x84,
    0x0, 0x0, 0xb, 0xfd, 0x0, 0x8f, 0xff, 0xde,
    0xf7, 0x0, 0x0, 0x0, 0x0, 0x0, 0x83, 0x0,
    0x15, 0x20, 0x9, 0xf5, 0x0, 0x0, 0x0, 0x0,
    0x0, 0x0, 0x0, 0x0, 0x0, 0x9, 0xf5, 0x0,
    0x0, 0x0, 0x5, 0x0, 0x0, 0x0, 0x0, 0x0,
    0x9, 0xf5, 0x0, 0x0, 0x0, 0x8f, 0xd3, 0x0,
    0x2b, 0xbb, 0xbb, 0xbe, 0xfd, 0xbb, 0xbb, 0xbb,
    0x1a, 0xff, 0x70, 0x3f, 0xff, 0xff, 0xff, 0xff,
    0xff, 0xff, 0xff, 0x0, 0x7f, 0x50, 0x0, 0x0,
    0x0, 0x9, 0xf5, 0x0, 0x0, 0x0, 0x0, 0x3,
    0x0, 0x0, 0x0, 0x0, 0x9, 0xf5, 0x0, 0x0,
    0x0, 0x0, 0x0, 0x0, 0x0, 0x0, 0x0, 0x9,
    0xf5, 0x0, 0x0, 0x0, 0x0, 0x1, 0x0, 0x0,
    0x0, 0x0, 0x9, 0xf5, 0x0, 0x0, 0x0, 0x0,
    0xb, 0xa0, 0x0, 0xdf, 0xff, 0xff, 0xff, 0xff,
    0xff, 0x90, 0x0, 0x1f, 0xf0, 0x0, 0xdf, 0xaa,
    0xaa, 0xaa, 0xaa, 0xcf, 0x90, 0x0, 0x7f, 0xa0,
    0x0, 0xdf, 0x10, 0x0, 0x0, 0x0, 0x5f, 0x90,
    0x0, 0xdf, 0x50, 0x0, 0xdf, 0x10, 0x0, 0x0,
    0x0, 0x5f, 0x90, 0x4, 0xff, 0x0, 0x0, 0xdf,
    0x10, 0x0, 0x0, 0x0, 0x5f, 0x90, 0xc, 0xf9,
    0x0, 0x0, 0xdf, 0x10, 0x0, 0x0, 0x0, 0x5f,
    0x90, 0x4f, 0xf2, 0x0, 0x0, 0xdf, 0xff, 0xff,
    0xff, 0xff, 0xff, 0x90, 0xcf, 0xa0, 0x0, 0x0,
    0xdf, 0xdd, 0xdd, 0xdd, 0xdd, 0xef, 0x90, 0x2b,
    0x20, 0x0, 0x0, 0xdf, 0x10, 0x0, 0x0, 0x0,
    0x5f, 0x90,

    /* U+6D41 "流" */
    0x0, 0x0, 0x0, 0x0, 0x0, 0x0, 0x1, 0x40,
    0x0, 0x0, 0x0, 0x0, 0x6, 0xe6, 0x0, 0x0,
    0x0, 0x0, 0xef, 0x20, 0x0, 0x0, 0x0, 0x0,
    0x7f, 0xfb, 0x0, 0x0, 0x0, 0x5, 0xfb, 0x0,
    0x0, 0x0, 0x0, 0x0, 0x3e, 0xfc, 0xa, 0xbb,
    0xbb, 0xbf, 0xfc, 0xbb, 0xbb, 0xb3, 0x0, 0x0,
    0x1c, 0x50, 0xef, 0xff, 0xff, 0xff, 0xff, 0xff,
    0xff, 0x50, 0x0, 0x0, 0x0, 0x0, 0x0, 0xe,
    0xf2, 0x0, 0x1, 0x0, 0x0, 0x0, 0x20, 0x0,
    0x0, 0x0, 0x9, 0xf9, 0x0, 0x7, 0xf4, 0x0,
    0x0, 0x7f, 0x90, 0x0, 0x0, 0x5, 0xfd, 0x0,
    0x0, 0x6f, 0xe1, 0x0, 0x4, 0xdf, 0xd3, 0x0,
    0x4, 0xff, 0x20, 0x0, 0x12, 0xdf, 0xa0, 0x0,
    0x0, 0xaf, 0x60, 0x5, 0xff, 0xb9, 0xbd, 0xff,
    0xff, 0xff, 0x30, 0x0, 0x0, 0x50, 0x0, 0x6f,
    0xff, 0xfe, 0xcb, 0x97, 0x57, 0xfb, 0x0, 0x0,
    0x0, 0x0, 0x0, 0x32, 0x0, 0x0, 0x0, 0x0,
    0x7, 0x10, 0x0, 0x0, 0x40, 0x0, 0x0, 0xde,
    0x2, 0xc6, 0x6, 0xd4, 0x0, 0x0, 0x0, 0xe,
    0xd0, 0x0, 0xe, 0xf0, 0x3f, 0x90, 0x7f, 0x50,
    0x0, 0x0, 0x3, 0xfd, 0x0, 0x0, 0xfd, 0x3,
    0xf9, 0x6, 0xf5, 0x0, 0x0, 0x0, 0x9f, 0x80,
    0x0, 0x2f, 0xb0, 0x3f, 0x90, 0x6f, 0x50, 0x0,
    0x0, 0xe, 0xf3, 0x0, 0x6, 0xf8, 0x3, 0xf9,
    0x6, 0xf5, 0x0, 0x0, 0x6, 0xfd, 0x0, 0x0,
    0xcf, 0x40, 0x3f, 0x90, 0x6f, 0x50, 0x0, 0x0,
    0xdf, 0x70, 0x0, 0x5f, 0xe0, 0x3, 0xf9, 0x6,
    0xf5, 0x9, 0x20, 0x6f, 0xf1, 0x0, 0x3f, 0xf5,
    0x0, 0x3f, 0x90, 0x6f, 0x53, 0xfb, 0xd, 0xf8,
    0x0, 0x3e, 0xf9, 0x0, 0x3, 0xf9, 0x5, 0xfe,
    0xef, 0x70, 0x3c, 0x10, 0x0, 0xaa, 0x0, 0x0,
    0x3f, 0x90, 0x1c, 0xff, 0xb1, 0x0, 0x0, 0x0,
    0x0, 0x0, 0x0, 0x0, 0x0, 0x0, 0x0, 0x0,
    0x0,

    /* U+6D4B "测" */
    0x0, 0x0, 0x0, 0x0, 0x0, 0x0, 0x0, 0x0,
    0x0, 0x6, 0x90, 0xa, 0xb0, 0x0, 0x22, 0x22,
    0x22, 0x22, 0x0, 0x0, 0xb, 0xf1, 0xb, 0xfb,
    0x1, 0xff, 0xff, 0xff, 0xff, 0x10, 0x0, 0xb,
    0xf1, 0x0, 0xaf, 0xc1, 0xfd, 0x88, 0x88, 0xdf,
    0x11, 0xfa, 0xb, 0xf1, 0x0, 0xc, 0x41, 0xfb,
    0x0, 0x0, 0xbf, 0x11, 0xfa, 0xb, 0xf1, 0x0,
    0x0, 0x1, 0xfb, 0x5, 0x60, 0xbf, 0x11, 0xfa,
    0xb, 0xf1, 0x3, 0x0, 0x1, 0xfb, 0xd, 0xf0,
    0xbf, 0x11, 0xfa, 0xb, 0xf1, 0x8f, 0x90, 0x1,
    0xfb, 0xe, 0xe0, 0xbf, 0x11, 0xfa, 0xb, 0xf1,
    0x2d, 0xfb, 0x1, 0xfb, 0xe, 0xe0, 0xbf, 0x11,
    0xfa, 0xb, 0xf1, 0x1, 0xdf, 0x51, 0xfb, 0xe,
    0xe0, 0xbf, 0x11, 0xfa, 0xb, 0xf1, 0x0, 0x16,
    0x1, 0xfb, 0xf, 0xe0, 0xbf, 0x11, 0xfa, 0xb,
    0xf1, 0x0, 0x0, 0x1, 0xfb, 0xf, 0xd0, 0xbf,
    0x11, 0xfa, 0xb, 0xf1, 0x0, 0x0, 0x1, 0xfb,
    0xf, 0xc0, 0xbf, 0x11, 0xfa, 0xb, 0xf1, 0x0,
    0xd, 0x31, 0xfb, 0xf, 0xb0, 0xbf, 0x11, 0xfa,
    0xb, 0xf1, 0x0, 0x5f, 0x81, 0xfb, 0x2f, 0x80,
    0xbf, 0x11, 0xfa, 0xb, 0xf1, 0x0, 0xaf, 0x31,
    0xfb, 0x5f, 0x50, 0xbf, 0x11, 0xfa, 0xb, 0xf1,
    0x0, 0xfe, 0x0, 0x74, 0xbf, 0x10, 0x35, 0x1,
    0xb7, 0xb, 0xf1, 0x5, 0xf9, 0x0, 0x2, 0xfc,
    0x2c, 0x50, 0x0, 0x0, 0xb, 0xf1, 0xd, 0xf4,
    0x0, 0xb, 0xf5, 0x1e, 0xf2, 0x0, 0x0, 0xb,
    0xf1, 0x4f, 0xd0, 0x0, 0x8f, 0xc0, 0x5, 0xfc,
    0x0, 0x20, 0xc, 0xf1, 0xbf, 0x60, 0x7, 0xfe,
    0x10, 0x0, 0xcf, 0x50, 0x9f, 0xef, 0xe0, 0x3c,
    0x0, 0x1, 0xc2, 0x0, 0x0, 0x49, 0x10, 0x4d,
    0xfe, 0x60, 0x0, 0x0, 0x0, 0x0, 0x0, 0x0,
    0x0, 0x0, 0x0, 0x0, 0x0,

    /* U+6D88 "消" */
    0x0, 0x0, 0x0, 0x0, 0x0, 0x0, 0x4, 0x50,
    0x0, 0x0, 0x0, 0x3e, 0x50, 0x0, 0x9, 0x40,
    0x0, 0xcf, 0x0, 0x5, 0xb4, 0x8, 0xff, 0xb0,
    0x4, 0xfe, 0x10, 0xc, 0xf0, 0x0, 0xef, 0x30,
    0x3, 0xef, 0xc0, 0x7, 0xfc, 0x0, 0xcf, 0x0,
    0x9f, 0x90, 0x0, 0x1, 0xd7, 0x0, 0xa, 0xe3,
    0xc, 0xf0, 0x3f, 0xd0, 0x0, 0x0, 0x0, 0x0,
    0x0, 0x2, 0x0, 0xcf, 0x0, 0x22, 0x0, 0x1,
    0x0, 0x0, 0x0, 0xaa, 0xaa, 0xae, 0xfa, 0xaa,
    0xaa, 0x65, 0xf9, 0x0, 0x0, 0xf, 0xff, 0xff,
    0xff, 0xff, 0xff, 0xfa, 0x3d, 0xfe, 0x40, 0x0,
    0xfb, 0x0, 0x0, 0x0, 0x0, 0xf, 0xa0, 0x8,
    0xf6, 0x0, 0xf, 0xb0, 0x0, 0x0, 0x0, 0x0,
    0xfa, 0x0, 0x2, 0x0, 0x0, 0xfe, 0xaa, 0xaa,
    0xaa, 0xaa, 0xaf, 0xa0, 0x0, 0x0, 0x0, 0xf,
    0xff, 0xff, 0xff, 0xff, 0xff, 0xfa, 0x0, 0x3,
    0x0, 0x0, 0xfb, 0x0, 0x0, 0x0, 0x0, 0x1f,
    0xa0, 0x0, 0xce, 0x10, 0xf, 0xb0, 0x0, 0x0,
    0x0, 0x0, 0xfa, 0x0, 0x2f, 0xe0, 0x0, 0xfb,
    0x0, 0x0, 0x0, 0x0, 0x1f, 0xa0, 0x8, 0xf9,
    0x0, 0xf, 0xff, 0xff, 0xff, 0xff, 0xff, 0xfa,
    0x0, 0xdf, 0x40, 0x0, 0xfe, 0xaa, 0xaa, 0xaa,
    0xaa, 0xaf, 0xa0, 0x5f, 0xe0, 0x0, 0xf, 0xb0,
    0x0, 0x0, 0x0, 0x0, 0xfa, 0xd, 0xf8, 0x0,
    0x0, 0xfb, 0x0, 0x0, 0x0, 0x0, 0xf, 0xa5,
    0xff, 0x20, 0x0, 0xf, 0xb0, 0x0, 0x0, 0x0,
    0x1, 0xfa, 0xcf, 0xa0, 0x0, 0x0, 0xfb, 0x0,
    0x0, 0xc, 0xcb, 0xdf, 0x82, 0xc3, 0x0, 0x0,
    0xf, 0xb0, 0x0, 0x0, 0xbf, 0xff, 0xc1, 0x0,
    0x0, 0x0, 0x0, 0x11, 0x0, 0x0, 0x0, 0x0,
    0x0, 0x0,

    /* U+6E05 "清" */
    0x0, 0x10, 0x0, 0x0, 0x0, 0x0, 0x7, 0x80,
    0x0, 0x0, 0x0, 0x3, 0xf9, 0x10, 0x0, 0x0,
    0x0, 0xe, 0xf0, 0x0, 0x0, 0x0, 0x4, 0xef,
    0xe3, 0x9, 0xff, 0xff, 0xff, 0xff, 0xff, 0xff,
    0xf4, 0x0, 0x1c, 0xf6, 0x5, 0x99, 0x99, 0x9f,
    0xf9, 0x99, 0x99, 0x92, 0x0, 0x0, 0x40, 0x0,
    0x0, 0x0, 0xe, 0xf0, 0x0, 0x0, 0x0, 0x0,
    0x0, 0x0, 0x0, 0xaf, 0xff, 0xff, 0xff, 0xff,
    0xff, 0x70, 0x4, 0x0, 0x0, 0x0, 0x6a, 0xaa,
    0xaf, 0xfa, 0xaa, 0xaa, 0x50, 0x6f, 0xd3, 0x0,
    0x0, 0x0, 0x0, 0xe, 0xf0, 0x0, 0x0, 0x0,
    0xa, 0xff, 0x80, 0x6f, 0xff, 0xff, 0xff, 0xff,
    0xff, 0xff, 0xfe, 0x0, 0x6f, 0x80, 0x4a, 0xaa,
    0xaa, 0xaa, 0xaa, 0xaa, 0xaa, 0xa9, 0x0, 0x4,
    0x0, 0x0, 0x0, 0x0, 0x0, 0x0, 0x0, 0x0,
    0x0, 0x0, 0x0, 0x0, 0x0, 0x68, 0x88, 0x88,
    0x88, 0x88, 0x88, 0x10, 0x0, 0x0, 0x12, 0x0,
    0xcf, 0xff, 0xff, 0xff, 0xff, 0xff, 0x20, 0x0,
    0x0, 0x9f, 0x30, 0xcf, 0x10, 0x0, 0x0, 0x0,
    0xbf, 0x20, 0x0, 0x1, 0xff, 0x10, 0xcf, 0x98,
    0x88, 0x88, 0x88, 0xef, 0x20, 0x0, 0x8, 0xfa,
    0x0, 0xcf, 0xff, 0xff, 0xff, 0xff, 0xff, 0x20,
    0x0, 0x1f, 0xf3, 0x0, 0xcf, 0x10, 0x0, 0x0,
    0x0, 0xbf, 0x20, 0x0, 0x9f, 0xc0, 0x0, 0xcf,
    0x98, 0x88, 0x88, 0x88, 0xef, 0x20, 0x3, 0xff,
    0x40, 0x0, 0xcf, 0xff, 0xff, 0xff, 0xff, 0xff,
    0x20, 0xc, 0xfb, 0x0, 0x0, 0xcf, 0x10, 0x0,
    0x0, 0x0, 0xcf, 0x20, 0x5f, 0xf2, 0x0, 0x0,
    0xcf, 0x10, 0x0, 0x8, 0xdd, 0xff, 0x0, 0x5,
    0x70, 0x0, 0x0, 0xcf, 0x10, 0x0, 0x4, 0xef,
    0xd5, 0x0,

    /* U+6E90 "源" */
    0x0, 0x0, 0x0, 0x0, 0x0, 0x0, 0x0, 0x0,
    0x0, 0x0, 0x0, 0x0, 0x2c, 0x60, 0x0, 0xcf,
    0xff, 0xff, 0xff, 0xff, 0xff, 0xff, 0xf5, 0x2,
    0xef, 0x80, 0xc, 0xfc, 0xbb, 0xbb, 0xcf, 0xeb,
    0xbb, 0xbb, 0x40, 0x1, 0xdf, 0x70, 0xcf, 0x10,
    0x0, 0x7, 0xf7, 0x0, 0x0, 0x0, 0x0, 0x2,
    0xc1, 0xc, 0xf1, 0x0, 0x0, 0xdf, 0x10, 0x0,
    0x0, 0x0, 0x0, 0x0, 0x0, 0xcf, 0x11, 0xff,
    0xff, 0xff, 0xff, 0xff, 0x10, 0x1, 0x30, 0x0,
    0xc, 0xf1, 0x1f, 0xeb, 0xbb, 0xbb, 0xbe, 0xf1,
    0x0, 0xdf, 0x80, 0x0, 0xcf, 0x11, 0xfa, 0x0,
    0x0, 0x0, 0xbf, 0x10, 0x3, 0xef, 0xb0, 0xc,
    0xf1, 0x1f, 0xd8, 0x88, 0x88, 0x8d, 0xf1, 0x0,
    0x2, 0xed, 0x10, 0xcf, 0x11, 0xff, 0xff, 0xff,
    0xff, 0xff, 0x10, 0x0, 0x2, 0x20, 0xc, 0xf1,
    0x1f, 0xa0, 0x0, 0x0, 0xb, 0xf1, 0x0, 0x0,
    0x0, 0x0, 0xdf, 0x1, 0xfa, 0x0, 0x0, 0x0,
    0xbf, 0x10, 0x0, 0x0, 0x0, 0xe, 0xf0, 0x1f,
    0xeb, 0xbb, 0xbb, 0xbe, 0xf1, 0x0, 0x0, 0x4a,
    0x10, 0xfe, 0x1, 0xff, 0xff, 0xff, 0xff, 0xff,
    0x10, 0x0, 0x9, 0xf4, 0x1f, 0xc0, 0x0, 0x0,
    0xb, 0xf0, 0x0, 0x0, 0x0, 0x0, 0xee, 0x5,
    0xf9, 0x0, 0xc, 0xa0, 0xbf, 0x4, 0xb1, 0x0,
    0x0, 0x4f, 0xa0, 0x9f, 0x50, 0x7, 0xf8, 0xb,
    0xf0, 0xbf, 0xc0, 0x0, 0xa, 0xf5, 0xe, 0xf1,
    0x4, 0xfd, 0x0, 0xcf, 0x0, 0xdf, 0xa0, 0x2,
    0xfe, 0x5, 0xfa, 0x4, 0xff, 0x30, 0xc, 0xf0,
    0x2, 0xff, 0x50, 0x9f, 0x80, 0xdf, 0x41, 0xff,
    0x50, 0x0, 0xdf, 0x0, 0x7, 0xf9, 0xf, 0xf1,
    0x5f, 0xc0, 0x2, 0x40, 0x5f, 0xef, 0xf0, 0x0,
    0x2, 0x0, 0x49, 0x0, 0x74, 0x0, 0x0, 0x2,
    0xdf, 0xe5, 0x0, 0x0, 0x0,

    /* U+6ED1 "滑" */
    0x0, 0x0, 0x0, 0x0, 0x0, 0x0, 0x0, 0x0,
    0x0, 0x0, 0x0, 0x5, 0xf8, 0x0, 0x0, 0x89,
    0x99, 0x99, 0x99, 0x99, 0x80, 0x0, 0x6, 0xff,
    0xc1, 0x0, 0xff, 0xff, 0xff, 0xff, 0xff, 0xf0,
    0x0, 0x0, 0x2d, 0xfd, 0x0, 0xff, 0x0, 0x0,
    0x0, 0xc, 0xf0, 0x0, 0x0, 0x0, 0xb5, 0x0,
    0xff, 0x88, 0x88, 0x50, 0xc, 0xf0, 0x0, 0x0,
    0x0, 0x0, 0x0, 0xff, 0xff, 0xff, 0x90, 0xc,
    0xf0, 0x0, 0x3, 0x0, 0x0, 0x0, 0xff, 0x0,
    0x1f, 0x90, 0xc, 0xf0, 0x0, 0x7f, 0xa1, 0x0,
    0xaa, 0xff, 0xaa, 0xbf, 0xda, 0xae, 0xfa, 0xa1,
    0x2c, 0xfe, 0x51, 0xff, 0xff, 0xff, 0xff, 0xff,
    0xff, 0xff, 0xf2, 0x0, 0x9f, 0x71, 0xfa, 0x0,
    0x0, 0x0, 0x0, 0x0, 0x8, 0xf2, 0x0, 0x4,
    0x0, 0x85, 0x49, 0x99, 0x99, 0x99, 0x99, 0x64,
    0x81, 0x0, 0x0, 0x0, 0x0, 0x8f, 0xff, 0xff,
    0xff, 0xff, 0xb0, 0x0, 0x0, 0x1, 0x0, 0x0,
    0x8f, 0x60, 0x0, 0x0, 0x1f, 0xb0, 0x0, 0x0,
    0xb, 0xa0, 0x0, 0x8f, 0x61, 0x11, 0x11, 0x2f,
    0xb0, 0x0, 0x0, 0x1f, 0xf0, 0x0, 0x8f, 0xff,
    0xff, 0xff, 0xff, 0xb0, 0x0, 0x0, 0x7f, 0xb0,
    0x0, 0x8f, 0xb8, 0x88, 0x88, 0x9f, 0xb0, 0x0,
    0x0, 0xdf, 0x50, 0x0, 0x8f, 0x60, 0x0, 0x0,
    0x1f, 0xb0, 0x0, 0x4, 0xff, 0x0, 0x0, 0x8f,
    0xff, 0xff, 0xff, 0xff, 0xb0, 0x0, 0xc, 0xf9,
    0x0, 0x0, 0x8f, 0xb8, 0x88, 0x88, 0x9f, 0xb0,
    0x0, 0x5f, 0xf2, 0x0, 0x0, 0x8f, 0x50, 0x0,
    0x0, 0x1f, 0xb0, 0x0, 0xcf, 0xb0, 0x0, 0x0,
    0x8f, 0x50, 0x0, 0xab, 0xcf, 0x90, 0x0, 0x2c,
    0x30, 0x0, 0x0, 0x8f, 0x50, 0x0, 0x9e, 0xfc,
    0x20, 0x0, 0x0, 0x0, 0x0, 0x0, 0x1, 0x0,
    0x0, 0x0, 0x0, 0x0, 0x0,

    /* U+6EE1 "满" */
    0x0, 0x20, 0x0, 0x0, 0x0, 0x87, 0x0, 0x1,
    0x86, 0x0, 0x0, 0x6, 0xfb, 0x20, 0x0, 0x0,
    0xfd, 0x0, 0x2, 0xfb, 0x0, 0x0, 0x3, 0xef,
    0xe5, 0xaa, 0xaa, 0xff, 0xaa, 0xab, 0xfe, 0xaa,
    0xa9, 0x0, 0x1b, 0xf4, 0xff, 0xff, 0xff, 0xff,
    0xff, 0xff, 0xff, 0xfd, 0x0, 0x0, 0x20, 0x0,
    0x0, 0xfd, 0x0, 0x2, 0xfb, 0x0, 0x0, 0x0,
    0x0, 0x0, 0x0, 0x0, 0xb9, 0x0, 0x1, 0xb8,
    0x0, 0x0, 0x5, 0x0, 0x0, 0x6a, 0xaa, 0xaa,
    0xaa, 0xaa, 0xaa, 0xaa, 0xa5, 0x7f, 0xd2, 0x0,
    0x9f, 0xff, 0xff, 0xff, 0xff, 0xff, 0xff, 0xf9,
    0x1a, 0xff, 0x70, 0x0, 0x0, 0x2f, 0x80, 0xa,
    0xf1, 0x0, 0x0, 0x0, 0x8f, 0x80, 0x0, 0x0,
    0x2f, 0x80, 0xa, 0xf1, 0x0, 0x0, 0x0, 0x5,
    0x0, 0x5f, 0xff, 0xff, 0xff, 0xff, 0xff, 0xff,
    0xf3, 0x0, 0x0, 0x0, 0x5f, 0xc8, 0x9f, 0xc8,
    0x8d, 0xf9, 0x8c, 0xf3, 0x0, 0x0, 0x33, 0x5f,
    0x70, 0x2f, 0x70, 0xb, 0xf0, 0x9, 0xf3, 0x0,
    0x0, 0xbf, 0x8f, 0x70, 0x4f, 0x70, 0xd, 0xf0,
    0x9, 0xf3, 0x0, 0x2, 0xfe, 0x5f, 0x70, 0x8f,
    0xf5, 0x1f, 0xfb, 0x9, 0xf3, 0x0, 0x9, 0xf9,
    0x5f, 0x70, 0xdf, 0xad, 0x6f, 0xbf, 0xb9, 0xf3,
    0x0, 0x2f, 0xf2, 0x5f, 0x75, 0xf9, 0x0, 0xdf,
    0x16, 0xfe, 0xf3, 0x0, 0xaf, 0xa0, 0x5f, 0x7e,
    0xf2, 0x7, 0xfa, 0x0, 0x29, 0xf3, 0x4, 0xff,
    0x20, 0x5f, 0x73, 0x50, 0x2, 0xc1, 0x0, 0x9,
    0xf3, 0xd, 0xfa, 0x0, 0x5f, 0x70, 0x0, 0x0,
    0x0, 0x0, 0xa, 0xf3, 0x6f, 0xf1, 0x0, 0x5f,
    0x70, 0x0, 0x0, 0x0, 0x3d, 0xdf, 0xf1, 0x6,
    0x60, 0x0, 0x5f, 0x70, 0x0, 0x0, 0x0, 0xd,
    0xfe, 0x60,

    /* U+6F02 "漂" */
    0x0, 0x0, 0x0, 0x0, 0x0, 0x0, 0x0, 0x0,
    0x0, 0x0, 0x0, 0x2, 0xe8, 0x0, 0x2b, 0xbb,
    0xbb, 0xbb, 0xbb, 0xbb, 0xbb, 0xba, 0x5, 0xef,
    0xd2, 0x2f, 0xff, 0xff, 0xff, 0xff, 0xff, 0xff,
    0xfe, 0x0, 0x1b, 0xfe, 0x10, 0x0, 0x7, 0xf4,
    0xa, 0xf2, 0x0, 0x0, 0x0, 0x0, 0x76, 0x4,
    0xbb, 0xbd, 0xfd, 0xbe, 0xfc, 0xbb, 0xb0, 0x0,
    0x0, 0x0, 0x6, 0xff, 0xff, 0xff, 0xff, 0xff,
    0xff, 0xf1, 0x5, 0x10, 0x0, 0x6, 0xf7, 0x8,
    0xf5, 0xa, 0xf2, 0xb, 0xf1, 0x6f, 0xe4, 0x0,
    0x6, 0xf7, 0x7, 0xf4, 0xa, 0xf2, 0xb, 0xf1,
    0x8, 0xff, 0x90, 0x6, 0xfc, 0xad, 0xfb, 0xad,
    0xfb, 0xae, 0xf1, 0x0, 0x4f, 0x60, 0x6, 0xff,
    0xff, 0xff, 0xff, 0xff, 0xff, 0xf1, 0x0, 0x1,
    0x0, 0x0, 0x0, 0x0, 0x0, 0x0, 0x0, 0x0,
    0x0, 0x0, 0x0, 0x0, 0x0, 0x6a, 0xaa, 0xaa,
    0xaa, 0xaa, 0xaa, 0x50, 0x0, 0x3, 0x20, 0x0,
    0xaf, 0xff, 0xff, 0xff, 0xff, 0xff, 0x80, 0x0,
    0xb, 0xf2, 0x0, 0x0, 0x0, 0x0, 0x0, 0x0,
    0x0, 0x0, 0x0, 0x1f, 0xf0, 0x3a, 0xaa, 0xaa,
    0xaa, 0xaa, 0xaa, 0xaa, 0xa9, 0x0, 0x6f, 0xb0,
    0x5f, 0xff, 0xff, 0xff, 0xff, 0xff, 0xff, 0xfe,
    0x0, 0xcf, 0x60, 0x0, 0x1, 0x0, 0x7, 0xf6,
    0x0, 0x10, 0x0, 0x4, 0xff, 0x10, 0x0, 0x5f,
    0x60, 0x6, 0xf5, 0x7, 0xf4, 0x0, 0xb, 0xfa,
    0x0, 0x2, 0xff, 0x30, 0x6, 0xf5, 0x3, 0xfe,
    0x20, 0x3f, 0xf3, 0x0, 0x3e, 0xf7, 0x0, 0x7,
    0xf5, 0x0, 0x6f, 0xc0, 0xaf, 0xc0, 0x0, 0xcf,
    0x80, 0x3f, 0xdf, 0xf4, 0x0, 0xc, 0xf4, 0x9,
    0x40, 0x0, 0x15, 0x0, 0xd, 0xfe, 0x80, 0x0,
    0x2, 0x40,

    /* U+6F0F "漏" */
    0x0, 0x0, 0x0, 0x0, 0x0, 0x0, 0x0, 0x0,
    0x0, 0x0, 0x0, 0x0, 0x2c, 0x80, 0x0, 0x68,
    0x88, 0x88, 0x88, 0x88, 0x88, 0x88, 0x60, 0x1,
    0xdf, 0x90, 0xb, 0xff, 0xff, 0xff, 0xff, 0xff,
    0xff, 0xfc, 0x0, 0x1, 0xdf, 0x90, 0xbf, 0x10,
    0x0, 0x0, 0x0, 0x0, 0x2f, 0xc0, 0x0, 0x2,
    0xd2, 0xb, 0xf1, 0x0, 0x0, 0x0, 0x0, 0x2,
    0xfc, 0x0, 0x0, 0x0, 0x0, 0xbf, 0xff, 0xff,
    0xff, 0xff, 0xff, 0xff, 0xc0, 0x0, 0x20, 0x0,
    0xb, 0xf9, 0x88, 0x88, 0x88, 0x88, 0x88, 0x86,
    0x0, 0xbf, 0x60, 0x0, 0xbf, 0x10, 0x0, 0x0,
    0x0, 0x0, 0x0, 0x0, 0x5, 0xff, 0x80, 0xb,
    0xf7, 0xff, 0xff, 0xff, 0xff, 0xff, 0xff, 0xb0,
    0x3, 0xef, 0x20, 0xbf, 0x48, 0x88, 0x89, 0xfd,
    0x88, 0x88, 0x86, 0x0, 0x3, 0x50, 0xb, 0xf1,
    0x0, 0x0, 0x1f, 0x90, 0x0, 0x0, 0x0, 0x0,
    0x0, 0x0, 0xcf, 0x4f, 0xff, 0xff, 0xff, 0xff,
    0xff, 0xf3, 0x0, 0x0, 0x0, 0xd, 0xf4, 0xfc,
    0x99, 0xaf, 0xd9, 0x99, 0xcf, 0x30, 0x0, 0x3c,
    0x20, 0xfe, 0x4f, 0x71, 0x11, 0xf9, 0x4, 0x7,
    0xf3, 0x0, 0x8, 0xf5, 0x2f, 0xc4, 0xf7, 0xdb,
    0x1f, 0x95, 0xf5, 0x7f, 0x30, 0x0, 0xdf, 0x5,
    0xf9, 0x4f, 0x75, 0xe3, 0xf9, 0xb, 0x97, 0xf3,
    0x0, 0x2f, 0xb0, 0xaf, 0x64, 0xf7, 0x0, 0x1f,
    0x90, 0x0, 0x7f, 0x30, 0x8, 0xf6, 0x1f, 0xf1,
    0x4f, 0x79, 0x71, 0xf9, 0x3d, 0x27, 0xf3, 0x0,
    0xef, 0x16, 0xfc, 0x4, 0xf7, 0x9f, 0x3f, 0x91,
    0xeb, 0x7f, 0x30, 0x6f, 0xa0, 0xef, 0x60, 0x4f,
    0x71, 0x71, 0xf9, 0x5, 0x27, 0xf3, 0xd, 0xf3,
    0x3f, 0xe0, 0x4, 0xf7, 0x0, 0x1f, 0x92, 0xdb,
    0xef, 0x20, 0x7c, 0x0, 0x35, 0x0, 0x4f, 0x70,
    0x1, 0xf9, 0xc, 0xee, 0x80, 0x0, 0x0, 0x0,
    0x0, 0x0, 0x10, 0x0, 0x0, 0x0, 0x0, 0x0,
    0x0,

    /* U+6F14 "演" */
    0x0, 0x0, 0x0, 0x0, 0x0, 0x0, 0x44, 0x0,
    0x0, 0x0, 0x0, 0x9, 0xd1, 0x0, 0x0, 0x0,
    0x0, 0xdf, 0x10, 0x0, 0x0, 0x0, 0x8, 0xfe,
    0x21, 0xaa, 0xaa, 0xaa, 0xdf, 0xda, 0xaa, 0xaa,
    0xa3, 0x0, 0x7f, 0xe2, 0xff, 0xff, 0xff, 0xff,
    0xff, 0xff, 0xff, 0xf5, 0x0, 0x9, 0x52, 0xfa,
    0x0, 0x0, 0x0, 0x0, 0x0, 0x7, 0xf5, 0x0,
    0x0, 0x2, 0xfa, 0x28, 0x88, 0x88, 0x88, 0x88,
    0x37, 0xf5, 0x4, 0x0, 0x0, 0x75, 0x4f, 0xff,
    0xff, 0xff, 0xff, 0x52, 0x62, 0x7f, 0xc1, 0x0,
    0x0, 0x0, 0x0, 0xbf, 0x20, 0x0, 0x0, 0x0,
    0xb, 0xfe, 0x20, 0x8, 0x88, 0x88, 0xdf, 0x98,
    0x88, 0x88, 0x0, 0x0, 0xaf, 0x60, 0x1f, 0xff,
    0xff, 0xff, 0xff, 0xff, 0xff, 0x0, 0x0, 0x5,
    0x0, 0x1f, 0xa0, 0x0, 0xbf, 0x20, 0x0, 0xcf,
    0x0, 0x0, 0x0, 0x0, 0x1f, 0xa0, 0x0, 0xbf,
    0x10, 0x0, 0xcf, 0x0, 0x0, 0x1, 0x0, 0x1f,
    0xff, 0xff, 0xff, 0xff, 0xff, 0xff, 0x0, 0x0,
    0xe, 0x70, 0x1f, 0xc7, 0x77, 0xdf, 0x87, 0x77,
    0xdf, 0x0, 0x0, 0x3f, 0x90, 0x1f, 0xa0, 0x0,
    0xbf, 0x10, 0x0, 0xcf, 0x0, 0x0, 0x8f, 0x50,
    0x1f, 0xd8, 0x88, 0xdf, 0x98, 0x88, 0xef, 0x0,
    0x0, 0xdf, 0x0, 0x1f, 0xff, 0xff, 0xff, 0xff,
    0xff, 0xff, 0x0, 0x4, 0xfb, 0x0, 0x0, 0x0,
    0x40, 0x0, 0x3, 0x20, 0x0, 0x0, 0xb, 0xf5,
    0x0, 0x0, 0x3c, 0xf4, 0x0, 0xd, 0xfb, 0x40,
    0x0, 0x2f, 0xe0, 0x0, 0x4b, 0xff, 0x90, 0x0,
    0x4, 0xbf, 0xfc, 0x30, 0x9f, 0x80, 0x5, 0xff,
    0xd5, 0x0, 0x0, 0x0, 0x2, 0xaf, 0xf2, 0x2c,
    0x10, 0x0, 0x84, 0x0, 0x0, 0x0, 0x0, 0x0,
    0x4, 0x70, 0x0, 0x0, 0x0, 0x0, 0x0, 0x0,
    0x0, 0x0, 0x0, 0x0, 0x0,

    /* U+70B9 "点" */
    0x0, 0x0, 0x0, 0x0, 0x0, 0x65, 0x0, 0x0,
    0x0, 0x0, 0x0, 0x0, 0x0, 0x0, 0x0, 0x0,
    0x1f, 0xc0, 0x0, 0x0, 0x0, 0x0, 0x0, 0x0,
    0x0, 0x0, 0x0, 0x1, 0xfc, 0x0, 0x0, 0x0,
    0x0, 0x0, 0x0, 0x0, 0x0, 0x0, 0x0, 0x1f,
    0xfd, 0xdd, 0xdd, 0xdd, 0xdd, 0x0, 0x0, 0x0,
    0x0, 0x0, 0x1, 0xff, 0xff, 0xff, 0xff, 0xff,
    0xf0, 0x0, 0x0, 0x0, 0x0, 0x0, 0x1f, 0xc0,
    0x0, 0x0, 0x0, 0x0, 0x0, 0x0, 0x0, 0x0,
    0x0, 0x1, 0xfc, 0x0, 0x0, 0x0, 0x0, 0x0,
    0x0, 0x0, 0x0, 0x0, 0x0, 0x1f, 0xc0, 0x0,
    0x0, 0x0, 0x0, 0x0, 0x0, 0x2f, 0xff, 0xff,
    0xff, 0xff, 0xff, 0xff, 0xff, 0xfb, 0x0, 0x0,
    0x2, 0xff, 0xcc, 0xcc, 0xcc, 0xcc, 0xcc, 0xcc,
    0xdf, 0xb0, 0x0, 0x0, 0x2f, 0xc0, 0x0, 0x0,
    0x0, 0x0, 0x0, 0x3, 0xfb, 0x0, 0x0, 0x2,
    0xfc, 0x0, 0x0, 0x0, 0x0, 0x0, 0x0, 0x3f,
    0xb0, 0x0, 0x0, 0x2f, 0xc0, 0x0, 0x0, 0x0,
    0x0, 0x0, 0x3, 0xfb, 0x0, 0x0, 0x2, 0xfc,
    0x11, 0x11, 0x11, 0x11, 0x11, 0x11, 0x3f, 0xb0,
    0x0, 0x0, 0x2f, 0xff, 0xff, 0xff, 0xff, 0xff,
    0xff, 0xff, 0xfb, 0x0, 0x0, 0x1, 0xbb, 0xbb,
    0xbb, 0xbb, 0xbb, 0xbb, 0xbb, 0xbb, 0x70, 0x0,
    0x0, 0x2, 0x0, 0x0, 0x0, 0x0, 0x0, 0x0,
    0x0, 0x24, 0x0, 0x0, 0x3, 0xf9, 0x2, 0x89,
    0x0, 0x6, 0xe3, 0x0, 0x2f, 0xe1, 0x0, 0x0,
    0xcf, 0x70, 0x1f, 0xf3, 0x0, 0x7f, 0xd0, 0x0,
    0xaf, 0xa0, 0x0, 0x7f, 0xe0, 0x0, 0x8f, 0xb0,
    0x0, 0xdf, 0x60, 0x1, 0xef, 0x20, 0x3f, 0xf6,
    0x0, 0x3, 0xff, 0x10, 0x6, 0xfe, 0x0, 0x8,
    0xfa, 0x0, 0xbb, 0x0, 0x0, 0xe, 0xd2, 0x0,
    0xb, 0x50, 0x0, 0x1f, 0x80, 0x0, 0x0, 0x0,
    0x0, 0x0, 0x0, 0x0, 0x0, 0x0, 0x0, 0x10,
    0x0,

    /* U+7136 "然" */
    0x0, 0x0, 0x14, 0x0, 0x0, 0x0, 0x0, 0x25,
    0x10, 0x0, 0x0, 0x0, 0x0, 0x7f, 0x60, 0x0,
    0x0, 0x0, 0x7f, 0x55, 0xe2, 0x0, 0x0, 0x0,
    0xdf, 0x42, 0x22, 0x20, 0x0, 0x7f, 0x43, 0xfd,
    0x10, 0x0, 0x5, 0xff, 0xff, 0xff, 0xd0, 0x0,
    0x7f, 0x40, 0x8f, 0x70, 0x0, 0xd, 0xf9, 0x88,
    0x9f, 0xa0, 0x0, 0x8f, 0x40, 0x5, 0x0, 0x0,
    0x6f, 0xf3, 0x0, 0x5f, 0x8a, 0xaa, 0xdf, 0xba,
    0xaa, 0x80, 0x1, 0xff, 0xff, 0x80, 0x9f, 0x4f,
    0xff, 0xff, 0xff, 0xff, 0xd0, 0xc, 0xf8, 0x3d,
    0xf3, 0xef, 0x10, 0x0, 0xdf, 0xf1, 0x0, 0x0,
    0x8f, 0xfe, 0x21, 0x44, 0xfb, 0x0, 0x0, 0xff,
    0xf4, 0x0, 0x0, 0x2c, 0x8f, 0xe3, 0xb, 0xf5,
    0x0, 0x4, 0xfd, 0xf9, 0x0, 0x0, 0x0, 0x5,
    0xfc, 0x4f, 0xd0, 0x0, 0xb, 0xf4, 0xdf, 0x10,
    0x0, 0x0, 0x0, 0x53, 0xef, 0x40, 0x0, 0x3f,
    0xd0, 0x6f, 0x90, 0x0, 0x0, 0x0, 0x1c, 0xf9,
    0x0, 0x1, 0xef, 0x40, 0xd, 0xf4, 0x0, 0x0,
    0x2, 0xdf, 0xb0, 0x0, 0x2d, 0xf8, 0x0, 0x4,
    0xfe, 0x30, 0x0, 0x8f, 0xfb, 0x0, 0x5, 0xff,
    0x90, 0x0, 0x0, 0x8f, 0xf3, 0x2, 0xff, 0x80,
    0x0, 0x8, 0xf6, 0x0, 0x0, 0x0, 0x9, 0xf2,
    0x0, 0x53, 0x0, 0x0, 0x1, 0x10, 0x0, 0x0,
    0x0, 0x30, 0x20, 0x0, 0xb, 0x50, 0x2, 0x60,
    0x0, 0x89, 0x0, 0xc, 0xf6, 0x0, 0x0, 0xaf,
    0xc0, 0xb, 0xf5, 0x0, 0xdf, 0x40, 0x5, 0xff,
    0x30, 0x7, 0xff, 0x20, 0x8, 0xf9, 0x0, 0x5f,
    0xd0, 0x0, 0x9f, 0xc0, 0x6f, 0xf6, 0x0, 0x5,
    0xfc, 0x0, 0xd, 0xf4, 0x0, 0x1f, 0xf5, 0x1c,
    0x80, 0x0, 0x2, 0x94, 0x0, 0x5, 0x50, 0x0,
    0x6, 0x60, 0x0, 0x0, 0x0, 0x0, 0x0, 0x0,
    0x0, 0x0, 0x0, 0x0, 0x0,

    /* U+7167 "照" */
    0x0, 0x0, 0x0, 0x0, 0x1, 0x88, 0x88, 0x88,
    0x88, 0x88, 0x70, 0x0, 0xbf, 0xff, 0xff, 0xf0,
    0x3f, 0xff, 0xff, 0xff, 0xff, 0xfe, 0x0, 0xb,
    0xf9, 0x88, 0xef, 0x0, 0x22, 0xbf, 0x52, 0x22,
    0x2f, 0xe0, 0x0, 0xbf, 0x10, 0xd, 0xf0, 0x0,
    0x1f, 0xf0, 0x0, 0x1, 0xfd, 0x0, 0xb, 0xf1,
    0x0, 0xdf, 0x0, 0xb, 0xf8, 0x0, 0x0, 0x2f,
    0xc0, 0x0, 0xbf, 0x10, 0xd, 0xf0, 0x3c, 0xfd,
    0x0, 0x0, 0x6, 0xfa, 0x0, 0xb, 0xf5, 0x44,
    0xdf, 0xd, 0xfd, 0x10, 0x9, 0xff, 0xff, 0x50,
    0x0, 0xbf, 0xff, 0xff, 0xf0, 0x37, 0x0, 0x0,
    0x39, 0xa9, 0x50, 0x0, 0xb, 0xf5, 0x55, 0xef,
    0x0, 0x79, 0x99, 0x99, 0x99, 0x99, 0x20, 0x0,
    0xbf, 0x10, 0xd, 0xf0, 0xc, 0xff, 0xff, 0xff,
    0xff, 0xf4, 0x0, 0xb, 0xf1, 0x0, 0xdf, 0x0,
    0xcf, 0x10, 0x0, 0x0, 0x8f, 0x40, 0x0, 0xbf,
    0x10, 0xd, 0xf0, 0xc, 0xf1, 0x0, 0x0, 0x8,
    0xf4, 0x0, 0xb, 0xf7, 0x66, 0xef, 0x0, 0xcf,
    0x10, 0x0, 0x0, 0x8f, 0x40, 0x0, 0xbf, 0xff,
    0xff, 0xf0, 0xc, 0xfa, 0xaa, 0xaa, 0xad, 0xf4,
    0x0, 0x2, 0x33, 0x33, 0x33, 0x0, 0xbf, 0xff,
    0xff, 0xff, 0xff, 0x40, 0x0, 0x0, 0x0, 0x0,
    0x0, 0x0, 0x0, 0x0, 0x0, 0x0, 0x0, 0x0,
    0x0, 0x43, 0x0, 0x0, 0x20, 0x0, 0x5, 0x0,
    0x0, 0x12, 0x0, 0x0, 0xe, 0xf3, 0x2, 0xef,
    0x10, 0x9, 0xf5, 0x0, 0x1e, 0xe2, 0x0, 0xa,
    0xfc, 0x0, 0xc, 0xf9, 0x0, 0x2f, 0xd0, 0x0,
    0xaf, 0xd0, 0x8, 0xff, 0x20, 0x0, 0x5f, 0xe0,
    0x0, 0xbf, 0x60, 0x0, 0xdf, 0x80, 0x4f, 0x50,
    0x0, 0x1, 0xfe, 0x20, 0x4, 0xf7, 0x0, 0x3,
    0xf9, 0x0, 0x10, 0x0, 0x0, 0x1, 0x0, 0x0,
    0x0, 0x0, 0x0, 0x2, 0x0,

    /* U+7247 "片" */
    0x0, 0x0, 0x45, 0x0, 0x0, 0x0, 0x6, 0x60,
    0x0, 0x0, 0x0, 0x0, 0x0, 0xcf, 0x10, 0x0,
    0x0, 0xf, 0xe0, 0x0, 0x0, 0x0, 0x0, 0x0,
    0xcf, 0x10, 0x0, 0x0, 0xf, 0xe0, 0x0, 0x0,
    0x0, 0x0, 0x0, 0xcf, 0x10, 0x0, 0x0, 0xf,
    0xe0, 0x0, 0x0, 0x0, 0x0, 0x0, 0xcf, 0x10,
    0x0, 0x0, 0xf, 0xe0, 0x0, 0x0, 0x0, 0x0,
    0x0, 0xcf, 0x10, 0x0, 0x0, 0xf, 0xe0, 0x0,
    0x0, 0x0, 0x0, 0x0, 0xcf, 0xbb, 0xbb, 0xbb,
    0xbf, 0xfb, 0xbb, 0xbb, 0xb4, 0x0, 0x0, 0xcf,
    0xff, 0xff, 0xff, 0xff, 0xff, 0xff, 0xff, 0xf5,
    0x0, 0x0, 0xcf, 0x21, 0x11, 0x11, 0x11, 0x11,
    0x11, 0x11, 0x10, 0x0, 0x0, 0xcf, 0x10, 0x0,
    0x0, 0x0, 0x0, 0x0, 0x0, 0x0, 0x0, 0x0,
    0xcf, 0x10, 0x0, 0x0, 0x0, 0x0, 0x0, 0x0,
    0x0, 0x0, 0x0, 0xdf, 0x10, 0x0, 0x0, 0x0,
    0x0, 0x0, 0x0, 0x0, 0x0, 0x0, 0xef, 0xff,
    0xff, 0xff, 0xff, 0xff, 0xfc, 0x0, 0x0, 0x0,
    0x0, 0xff, 0xdd, 0xdd, 0xdd, 0xdd, 0xdd, 0xfc,
    0x0, 0x0, 0x0, 0x2, 0xfc, 0x0, 0x0, 0x0,
    0x0, 0x1, 0xfc, 0x0, 0x0, 0x0, 0x6, 0xf8,
    0x0, 0x0, 0x0, 0x0, 0x1, 0xfc, 0x0, 0x0,
    0x0, 0xa, 0xf5, 0x0, 0x0, 0x0, 0x0, 0x1,
    0xfc, 0x0, 0x0, 0x0, 0x1f, 0xf0, 0x0, 0x0,
    0x0, 0x0, 0x1, 0xfc, 0x0, 0x0, 0x0, 0x8f,
    0x90, 0x0, 0x0, 0x0, 0x0, 0x1, 0xfc, 0x0,
    0x0, 0x3, 0xff, 0x10, 0x0, 0x0, 0x0, 0x0,
    0x1, 0xfc, 0x0, 0x0, 0xd, 0xf8, 0x0, 0x0,
    0x0, 0x0, 0x0, 0x1, 0xfc, 0x0, 0x0, 0x4,
    0xb0, 0x0, 0x0, 0x0, 0x0, 0x0, 0x1, 0xfc,
    0x0, 0x0,

    /* U+7269 "物" */
    0x0, 0x0, 0x9, 0x80, 0x0, 0x0, 0x45, 0x10,
    0x0, 0x0, 0x0, 0x0, 0x3, 0x20, 0xff, 0x0,
    0x0, 0xc, 0xf2, 0x0, 0x0, 0x0, 0x0, 0x0,
    0x9f, 0x2f, 0xf0, 0x0, 0x1, 0xfc, 0x0, 0x0,
    0x0, 0x0, 0x0, 0xc, 0xf0, 0xff, 0x0, 0x0,
    0x8f, 0xa4, 0x44, 0x44, 0x44, 0x41, 0x0, 0xed,
    0xf, 0xf0, 0x0, 0xe, 0xff, 0xff, 0xff, 0xff,
    0xff, 0x50, 0x1f, 0xfd, 0xff, 0xda, 0x8, 0xfa,
    0x6f, 0xc6, 0xcf, 0x8b, 0xf4, 0x4, 0xff, 0xff,
    0xff, 0xc2, 0xff, 0x11, 0xf9, 0xc, 0xf1, 0x9f,
    0x40, 0x8f, 0x50, 0xff, 0x0, 0xdf, 0x70, 0x4f,
    0x60, 0xef, 0x9, 0xf4, 0xc, 0xf1, 0xf, 0xf0,
    0x3f, 0xb0, 0x9, 0xf3, 0x1f, 0xc0, 0x9f, 0x30,
    0xfc, 0x0, 0xff, 0x0, 0x40, 0x0, 0xee, 0x4,
    0xf9, 0xa, 0xf3, 0x7, 0x80, 0xf, 0xf0, 0x0,
    0x0, 0x5f, 0x80, 0x9f, 0x50, 0xbf, 0x20, 0x0,
    0x0, 0xff, 0x19, 0x0, 0xd, 0xf1, 0xe, 0xf0,
    0xb, 0xf2, 0x0, 0x0, 0xf, 0xff, 0xf0, 0x9,
    0xf8, 0x5, 0xfb, 0x0, 0xcf, 0x10, 0x0, 0x7,
    0xff, 0xe4, 0x6, 0xfd, 0x0, 0xcf, 0x40, 0xd,
    0xf0, 0x1, 0x8e, 0xff, 0xf1, 0x7, 0xfe, 0x20,
    0x5f, 0xc0, 0x0, 0xef, 0x0, 0xbf, 0xfb, 0xff,
    0x4, 0xfe, 0x20, 0x1e, 0xf3, 0x0, 0xf, 0xe0,
    0x4, 0xa2, 0xf, 0xf0, 0x8, 0x10, 0xb, 0xfa,
    0x0, 0x2, 0xfd, 0x0, 0x0, 0x0, 0xff, 0x0,
    0x0, 0x9, 0xfd, 0x0, 0x0, 0x4f, 0xb0, 0x0,
    0x0, 0xf, 0xf0, 0x0, 0x9, 0xfe, 0x20, 0x0,
    0x8, 0xf9, 0x0, 0x0, 0x0, 0xff, 0x0, 0x9,
    0xfe, 0x20, 0x0, 0x1, 0xef, 0x60, 0x0, 0x0,
    0xf, 0xf0, 0x0, 0x2c, 0x20, 0xb, 0xcb, 0xef,
    0xe0, 0x0, 0x0, 0x0, 0xff, 0x0, 0x0, 0x0,
    0x0, 0xaf, 0xff, 0xc2, 0x0, 0x0, 0x0, 0x0,
    0x0, 0x0, 0x0, 0x0, 0x0, 0x0, 0x0, 0x0,
    0x0,

    /* U+72B6 "状" */
    0x0, 0x0, 0x1, 0x95, 0x0, 0x0, 0x0, 0xa8,
    0x0, 0x0, 0x0, 0x0, 0x0, 0x0, 0x3f, 0xa0,
    0x0, 0x0, 0xf, 0xc0, 0x1, 0x0, 0x0, 0x0,
    0x0, 0x3, 0xfa, 0x0, 0x0, 0x0, 0xfc, 0x4,
    0xf7, 0x0, 0x0, 0x0, 0x0, 0x3f, 0xa0, 0x0,
    0x0, 0xf, 0xc0, 0xd, 0xf2, 0x0, 0x8, 0xb0,
    0x3, 0xfa, 0x0, 0x0, 0x1, 0xfc, 0x0, 0x3f,
    0xb0, 0x0, 0xcf, 0x80, 0x3f, 0xa0, 0x0, 0x0,
    0x1f, 0xc0, 0x0, 0x72, 0x0, 0x1, 0xff, 0x23,
    0xfa, 0x0, 0x0, 0x2, 0xfb, 0x0, 0x0, 0x0,
    0x0, 0x7, 0xfb, 0x3f, 0xa0, 0xde, 0xee, 0xef,
    0xfe, 0xee, 0xee, 0xa0, 0x0, 0x7, 0x13, 0xfa,
    0xe, 0xff, 0xff, 0xff, 0xff, 0xff, 0xfb, 0x0,
    0x0, 0x0, 0x3f, 0xa0, 0x0, 0x0, 0x4f, 0xfb,
    0x0, 0x0, 0x0, 0x0, 0x0, 0x3, 0xfa, 0x0,
    0x0, 0x6, 0xff, 0xe0, 0x0, 0x0, 0x0, 0x0,
    0x0, 0x6f, 0xa0, 0x0, 0x0, 0x9f, 0xdf, 0x20,
    0x0, 0x0, 0x0, 0x0, 0x8f, 0xfa, 0x0, 0x0,
    0xc, 0xf6, 0xf7, 0x0, 0x0, 0x0, 0x1, 0xbf,
    0xff, 0xa0, 0x0, 0x0, 0xfe, 0xf, 0xd0, 0x0,
    0x0, 0x7, 0xff, 0xc5, 0xfa, 0x0, 0x0, 0x5f,
    0x90, 0xaf, 0x30, 0x0, 0xa, 0xff, 0x90, 0x3f,
    0xa0, 0x0, 0xc, 0xf4, 0x4, 0xfb, 0x0, 0x0,
    0x5f, 0x50, 0x3, 0xfa, 0x0, 0x4, 0xfd, 0x0,
    0xd, 0xf4, 0x0, 0x0, 0x20, 0x0, 0x3f, 0xa0,
    0x0, 0xdf, 0x40, 0x0, 0x5f, 0xd0, 0x0, 0x0,
    0x0, 0x3, 0xfa, 0x0, 0xaf, 0xa0, 0x0, 0x0,
    0xcf, 0xa0, 0x0, 0x0, 0x0, 0x3f, 0xa0, 0x9f,
    0xd0, 0x0, 0x0, 0x2, 0xff, 0x80, 0x0, 0x0,
    0x3, 0xfa, 0x6f, 0xd1, 0x0, 0x0, 0x0, 0x5,
    0xfe, 0x0, 0x0, 0x0, 0x3f, 0xa0, 0xa1, 0x0,
    0x0, 0x0, 0x0, 0x8, 0x30,

    /* U+7387 "率" */
    0x0, 0x0, 0x0, 0x0, 0x0, 0x41, 0x0, 0x0,
    0x0, 0x0, 0x0, 0x0, 0x0, 0x0, 0x0, 0xb,
    0xf9, 0x0, 0x0, 0x0, 0x0, 0x0, 0x0, 0x0,
    0x0, 0x0, 0x6, 0xff, 0x10, 0x0, 0x0, 0x0,
    0x0, 0xef, 0xff, 0xff, 0xff, 0xff, 0xff, 0xff,
    0xff, 0xff, 0xff, 0xf7, 0xab, 0xbb, 0xbb, 0xbb,
    0xcf, 0xfd, 0xbb, 0xbb, 0xbb, 0xbb, 0xb5, 0x1,
    0xa5, 0x0, 0x0, 0x7f, 0x80, 0x1, 0x0, 0x0,
    0x97, 0x0, 0x5, 0xff, 0x50, 0x2, 0xfe, 0x0,
    0x3f, 0xb0, 0x8, 0xfd, 0x10, 0x0, 0x5f, 0xf2,
    0xd, 0xf5, 0x35, 0xef, 0x20, 0xaf, 0xe2, 0x0,
    0x0, 0x7, 0x70, 0x4f, 0xff, 0xff, 0xf4, 0x0,
    0xad, 0x20, 0x0, 0x0, 0x0, 0x10, 0x1a, 0x77,
    0xff, 0x42, 0x0, 0x0, 0x0, 0x0, 0x0, 0x1,
    0xdd, 0x10, 0x3e, 0xf4, 0x4f, 0xa0, 0x4d, 0x30,
    0x0, 0x0, 0x3e, 0xf8, 0x6, 0xfd, 0x33, 0x6e,
    0xf6, 0x9f, 0xf8, 0x0, 0x7, 0xff, 0x90, 0xbf,
    0xfd, 0xff, 0xfd, 0xfe, 0x6, 0xff, 0x90, 0x1d,
    0xf7, 0x0, 0xbf, 0xc9, 0xa6, 0x0, 0x7f, 0x70,
    0x5f, 0x30, 0x2, 0x40, 0x0, 0x10, 0x1, 0xfb,
    0x0, 0x15, 0x0, 0x1, 0x0, 0x0, 0x0, 0x0,
    0x0, 0x1, 0xfb, 0x0, 0x0, 0x0, 0x0, 0x0,
    0xbf, 0xff, 0xff, 0xff, 0xff, 0xff, 0xff, 0xff,
    0xff, 0xff, 0xf4, 0x7a, 0xaa, 0xaa, 0xaa, 0xaa,
    0xfe, 0xaa, 0xaa, 0xaa, 0xaa, 0xa2, 0x0, 0x0,
    0x0, 0x0, 0x1, 0xfb, 0x0, 0x0, 0x0, 0x0,
    0x0, 0x0, 0x0, 0x0, 0x0, 0x1, 0xfb, 0x0,
    0x0, 0x0, 0x0, 0x0, 0x0, 0x0, 0x0, 0x0,
    0x1, 0xfb, 0x0, 0x0, 0x0, 0x0, 0x0, 0x0,
    0x0, 0x0, 0x0, 0x1, 0xfb, 0x0, 0x0, 0x0,
    0x0, 0x0,

    /* U+73AF "环" */
    0x0, 0x0, 0x0, 0x0, 0x12, 0x22, 0x22, 0x22,
    0x22, 0x22, 0x20, 0xff, 0xff, 0xff, 0xf3, 0xcf,
    0xff, 0xff, 0xff, 0xff, 0xff, 0xf4, 0xbb, 0xcf,
    0xeb, 0xb2, 0x8a, 0xaa, 0xaa, 0xff, 0xaa, 0xaa,
    0xa2, 0x0, 0x3f, 0x90, 0x0, 0x0, 0x0, 0x3,
    0xfb, 0x0, 0x0, 0x0, 0x0, 0x3f, 0x90, 0x0,
    0x0, 0x0, 0xa, 0xf7, 0x0, 0x0, 0x0, 0x0,
    0x3f, 0x90, 0x0, 0x0, 0x0, 0x1f, 0xf7, 0x0,
    0x0, 0x0, 0x0, 0x3f, 0x90, 0x0, 0x0, 0x0,
    0x8f, 0xf7, 0x0, 0x0, 0x0, 0x0, 0x3f, 0x90,
    0x0, 0x0, 0x1, 0xff, 0xf7, 0x13, 0x0, 0x0,
    0xcf, 0xff, 0xff, 0xf0, 0x0, 0x8, 0xff, 0xf7,
    0xdd, 0x0, 0x0, 0xad, 0xdf, 0xed, 0xd0, 0x0,
    0x1f, 0xf8, 0xf7, 0x7f, 0x90, 0x0, 0x0, 0x3f,
    0x90, 0x0, 0x0, 0xaf, 0x87, 0xf7, 0xd, 0xf4,
    0x0, 0x0, 0x3f, 0x90, 0x0, 0x4, 0xfe, 0x7,
    0xf7, 0x5, 0xfd, 0x0, 0x0, 0x3f, 0x90, 0x0,
    0x1e, 0xf5, 0x7, 0xf7, 0x0, 0xcf, 0x60, 0x0,
    0x3f, 0x90, 0x0, 0xbf, 0xa0, 0x7, 0xf7, 0x0,
    0x3f, 0xe1, 0x0, 0x3f, 0x92, 0x98, 0xed, 0x10,
    0x7, 0xf7, 0x0, 0x9, 0xd1, 0x0, 0x3f, 0xef,
    0xf7, 0x23, 0x0, 0x7, 0xf7, 0x0, 0x1, 0x10,
    0x6b, 0xff, 0xfa, 0x20, 0x0, 0x0, 0x7, 0xf7,
    0x0, 0x0, 0x0, 0xdf, 0xd7, 0x10, 0x0, 0x0,
    0x0, 0x7, 0xf7, 0x0, 0x0, 0x0, 0x53, 0x0,
    0x0, 0x0, 0x0, 0x0, 0x7, 0xf7, 0x0, 0x0,
    0x0, 0x0, 0x0, 0x0, 0x0, 0x0, 0x0, 0x7,
    0xf7, 0x0, 0x0, 0x0, 0x0, 0x0, 0x0, 0x0,
    0x0, 0x0, 0x7, 0xf7, 0x0, 0x0, 0x0,

    /* U+73B0 "现" */
    0x0, 0x0, 0x0, 0x0, 0x1, 0x88, 0x88, 0x88,
    0x88, 0x86, 0x0, 0xa, 0xff, 0xff, 0xff, 0xe0,
    0x2f, 0xff, 0xff, 0xff, 0xff, 0xc0, 0x0, 0x7b,
    0xbf, 0xfc, 0xba, 0x2, 0xfc, 0x22, 0x22, 0x23,
    0xfc, 0x0, 0x0, 0x0, 0xdf, 0x10, 0x0, 0x2f,
    0xb0, 0x0, 0x0, 0x1f, 0xc0, 0x0, 0x0, 0xd,
    0xf1, 0x0, 0x2, 0xfb, 0x2, 0xa5, 0x1, 0xfc,
    0x0, 0x0, 0x0, 0xdf, 0x10, 0x0, 0x2f, 0xb0,
    0x4f, 0x80, 0x1f, 0xc0, 0x0, 0x0, 0xd, 0xf1,
    0x0, 0x2, 0xfb, 0x4, 0xf8, 0x1, 0xfc, 0x0,
    0x0, 0x0, 0xdf, 0x10, 0x0, 0x2f, 0xb0, 0x5f,
    0x70, 0x1f, 0xc0, 0x0, 0x7f, 0xff, 0xff, 0xfb,
    0x2, 0xfb, 0x6, 0xf7, 0x1, 0xfc, 0x0, 0x6,
    0xdd, 0xff, 0xdd, 0x90, 0x2f, 0xb0, 0x7f, 0x60,
    0x1f, 0xc0, 0x0, 0x0, 0xd, 0xf1, 0x0, 0x2,
    0xfb, 0x9, 0xf5, 0x1, 0xfc, 0x0, 0x0, 0x0,
    0xdf, 0x10, 0x0, 0x2f, 0xb0, 0xbf, 0x30, 0x1f,
    0xc0, 0x0, 0x0, 0xd, 0xf1, 0x0, 0x2, 0xfb,
    0xe, 0xf5, 0x11, 0xfc, 0x0, 0x0, 0x0, 0xdf,
    0x10, 0x0, 0x2c, 0x82, 0xff, 0xf7, 0xc, 0x90,
    0x0, 0x0, 0xd, 0xf1, 0x4b, 0x30, 0x0, 0x8f,
    0xff, 0x70, 0x0, 0x0, 0x0, 0x0, 0xdf, 0xdf,
    0xf5, 0x0, 0x1f, 0xf9, 0xf7, 0x0, 0x0, 0x0,
    0x27, 0xbf, 0xff, 0xa3, 0x0, 0xb, 0xf8, 0x7f,
    0x70, 0x0, 0x21, 0x9, 0xff, 0xd8, 0x10, 0x0,
    0xa, 0xfc, 0x7, 0xf7, 0x0, 0x9, 0xf2, 0x58,
    0x30, 0x0, 0x0, 0x1c, 0xfe, 0x20, 0x7f, 0x70,
    0x0, 0xcf, 0x0, 0x0, 0x0, 0x0, 0x7f, 0xfc,
    0x10, 0x6, 0xfe, 0xa9, 0xbf, 0xc0, 0x0, 0x0,
    0x0, 0x1e, 0xf8, 0x0, 0x0, 0x1c, 0xff, 0xff,
    0xc3, 0x0, 0x0, 0x0, 0x0, 0x41, 0x0, 0x0,
    0x0, 0x0, 0x0, 0x0, 0x0,

    /* U+7403 "球" */
    0x0, 0x0, 0x0, 0x0, 0x0, 0x0, 0x1, 0x63,
    0x1, 0x20, 0x0, 0x23, 0x33, 0x33, 0x31, 0x0,
    0x0, 0x4, 0xf8, 0xe, 0xd0, 0x0, 0x9f, 0xff,
    0xff, 0xf7, 0x0, 0x0, 0x4, 0xf8, 0x8, 0xf8,
    0x0, 0x59, 0x9f, 0xe9, 0x94, 0x0, 0x0, 0x4,
    0xf8, 0x0, 0xb4, 0x0, 0x0, 0xf, 0xd0, 0x0,
    0x8a, 0xaa, 0xac, 0xfd, 0xaa, 0xaa, 0x90, 0x0,
    0xf, 0xd0, 0x0, 0xdf, 0xff, 0xff, 0xff, 0xff,
    0xff, 0xf0, 0x0, 0xf, 0xd0, 0x0, 0x0, 0x0,
    0x4, 0xf8, 0x0, 0x0, 0x0, 0x0, 0xf, 0xd0,
    0x0, 0x3, 0x0, 0x4, 0xf8, 0x0, 0x71, 0x0,
    0x0, 0xf, 0xd0, 0x0, 0x5f, 0x90, 0x4, 0xf8,
    0x4, 0xfd, 0x0, 0x4f, 0xff, 0xff, 0xf0, 0xe,
    0xf3, 0x4, 0xf8, 0xd, 0xf4, 0x0, 0x3b, 0xbf,
    0xfb, 0xb0, 0x5, 0xfb, 0x6, 0xf9, 0x9f, 0x90,
    0x0, 0x0, 0xf, 0xd0, 0x0, 0x0, 0xdb, 0x2f,
    0xff, 0xfc, 0x0, 0x0, 0x0, 0xf, 0xd0, 0x0,
    0x0, 0x10, 0xbf, 0xff, 0xf3, 0x0, 0x0, 0x0,
    0xf, 0xd0, 0x0, 0x0, 0x8, 0xfe, 0xfd, 0xfd,
    0x0, 0x0, 0x0, 0xf, 0xd0, 0x0, 0x0, 0x6f,
    0xe6, 0xf8, 0xaf, 0xb0, 0x0, 0x0, 0xf, 0xd0,
    0x51, 0x5, 0xff, 0x44, 0xf8, 0xc, 0xfa, 0x0,
    0x0, 0xf, 0xee, 0xf3, 0x6f, 0xf6, 0x4, 0xf8,
    0x1, 0xef, 0xb0, 0x39, 0xef, 0xfe, 0x87, 0xff,
    0x60, 0x4, 0xf8, 0x0, 0x2e, 0xf8, 0xaf, 0xfb,
    0x50, 0x0, 0xc5, 0x0, 0x4, 0xf8, 0x0, 0x2,
    0xc1, 0x45, 0x10, 0x0, 0x0, 0x0, 0x0, 0x5,
    0xf7, 0x0, 0x0, 0x0, 0x0, 0x0, 0x0, 0x0,
    0x0, 0xbe, 0xcf, 0xf5, 0x0, 0x0, 0x0, 0x0,
    0x0, 0x0, 0x0, 0x0, 0x6d, 0xff, 0xa0, 0x0,
    0x0, 0x0,

    /* U+7406 "理" */
    0x0, 0x0, 0x0, 0x0, 0x3, 0x33, 0x33, 0x33,
    0x33, 0x33, 0x20, 0x9f, 0xff, 0xff, 0xf7, 0x1f,
    0xff, 0xff, 0xff, 0xff, 0xff, 0xb0, 0x6b, 0xbf,
    0xfb, 0xb5, 0x1f, 0xd8, 0x89, 0xfe, 0x88, 0x9f,
    0xb0, 0x0, 0xf, 0xd0, 0x0, 0x1f, 0xa0, 0x2,
    0xfb, 0x0, 0x1f, 0xb0, 0x0, 0xf, 0xd0, 0x0,
    0x1f, 0xa0, 0x2, 0xfb, 0x0, 0x1f, 0xb0, 0x0,
    0xf, 0xd0, 0x0, 0x1f, 0xeb, 0xbc, 0xfe, 0xbb,
    0xcf, 0xb0, 0x0, 0xf, 0xd0, 0x0, 0x1f, 0xff,
    0xff, 0xff, 0xff, 0xff, 0xb0, 0x0, 0xf, 0xd0,
    0x0, 0x1f, 0xa0, 0x2, 0xfb, 0x0, 0x1f, 0xb0,
    0x4d, 0xdf, 0xfd, 0xd0, 0x1f, 0xa0, 0x2, 0xfb,
    0x0, 0x1f, 0xb0, 0x4f, 0xff, 0xff, 0xf0, 0x1f,
    0xb2, 0x24, 0xfc, 0x22, 0x3f, 0xb0, 0x0, 0xf,
    0xd0, 0x0, 0x1f, 0xff, 0xff, 0xff, 0xff, 0xff,
    0xb0, 0x0, 0xf, 0xd0, 0x0, 0x1a, 0xaa, 0xaa,
    0xfe, 0xaa, 0xaa, 0x70, 0x0, 0xf, 0xd0, 0x0,
    0x0, 0x0, 0x2, 0xfb, 0x0, 0x0, 0x0, 0x0,
    0xf, 0xd0, 0x0, 0x0, 0x0, 0x2, 0xfb, 0x0,
    0x0, 0x0, 0x0, 0xf, 0xd0, 0x40, 0x1d, 0xdd,
    0xdd, 0xff, 0xdd, 0xdd, 0x90, 0x0, 0xf, 0xed,
    0xf3, 0x1f, 0xff, 0xff, 0xff, 0xff, 0xff, 0xa0,
    0x27, 0xcf, 0xff, 0xa1, 0x0, 0x0, 0x2, 0xfb,
    0x0, 0x0, 0x0, 0xaf, 0xfe, 0x81, 0x0, 0x0,
    0x0, 0x2, 0xfb, 0x0, 0x0, 0x0, 0x6a, 0x40,
    0x0, 0x1, 0x22, 0x22, 0x24, 0xfc, 0x22, 0x22,
    0x22, 0x0, 0x0, 0x0, 0x6, 0xff, 0xff, 0xff,
    0xff, 0xff, 0xff, 0xfe, 0x0, 0x0, 0x0, 0x4,
    0xaa, 0xaa, 0xaa, 0xaa, 0xaa, 0xaa, 0xa9,

    /* U+751F "生" */
    0x0, 0x0, 0x0, 0x0, 0x0, 0x2a, 0x60, 0x0,
    0x0, 0x0, 0x0, 0x0, 0x0, 0x19, 0x40, 0x0,
    0x3f, 0xa0, 0x0, 0x0, 0x0, 0x0, 0x0, 0x0,
    0x6f, 0x90, 0x0, 0x3f, 0xa0, 0x0, 0x0, 0x0,
    0x0, 0x0, 0x0, 0xbf, 0x30, 0x0, 0x3f, 0xa0,
    0x0, 0x0, 0x0, 0x0, 0x0, 0x2, 0xfe, 0x0,
    0x0, 0x3f, 0xa0, 0x0, 0x0, 0x0, 0x0, 0x0,
    0x9, 0xfa, 0x22, 0x22, 0x5f, 0xa2, 0x22, 0x22,
    0x22, 0x10, 0x0, 0x2f, 0xff, 0xff, 0xff, 0xff,
    0xff, 0xff, 0xff, 0xff, 0xc0, 0x0, 0xbf, 0xca,
    0xaa, 0xaa, 0xbf, 0xea, 0xaa, 0xaa, 0xaa, 0x80,
    0x5, 0xfe, 0x0, 0x0, 0x0, 0x3f, 0xa0, 0x0,
    0x0, 0x0, 0x0, 0x1f, 0xf5, 0x0, 0x0, 0x0,
    0x3f, 0xa0, 0x0, 0x0, 0x0, 0x0, 0x8, 0x80,
    0x0, 0x0, 0x0, 0x3f, 0xa0, 0x0, 0x0, 0x0,
    0x0, 0x0, 0x0, 0x0, 0x0, 0x0, 0x3f, 0xa0,
    0x0, 0x0, 0x0, 0x0, 0x0, 0x4, 0xaa, 0xaa,
    0xaa, 0xbf, 0xda, 0xaa, 0xaa, 0xa8, 0x0, 0x0,
    0x7, 0xff, 0xff, 0xff, 0xff, 0xff, 0xff, 0xff,
    0xfd, 0x0, 0x0, 0x1, 0x22, 0x22, 0x22, 0x5f,
    0xb2, 0x22, 0x22, 0x22, 0x0, 0x0, 0x0, 0x0,
    0x0, 0x0, 0x3f, 0xa0, 0x0, 0x0, 0x0, 0x0,
    0x0, 0x0, 0x0, 0x0, 0x0, 0x3f, 0xa0, 0x0,
    0x0, 0x0, 0x0, 0x0, 0x0, 0x0, 0x0, 0x0,
    0x3f, 0xa0, 0x0, 0x0, 0x0, 0x0, 0x0, 0x0,
    0x0, 0x0, 0x0, 0x3f, 0xa0, 0x0, 0x0, 0x0,
    0x0, 0x1b, 0xbb, 0xbb, 0xbb, 0xbb, 0xcf, 0xeb,
    0xbb, 0xbb, 0xbb, 0xba, 0x2f, 0xff, 0xff, 0xff,
    0xff, 0xff, 0xff, 0xff, 0xff, 0xff, 0xfe, 0x1,
    0x11, 0x11, 0x11, 0x11, 0x11, 0x11, 0x11, 0x11,
    0x11, 0x11,

    /* U+7528 "用" */
    0x0, 0x0, 0x11, 0x11, 0x11, 0x11, 0x11, 0x11,
    0x11, 0x11, 0x10, 0x0, 0xa, 0xff, 0xff, 0xff,
    0xff, 0xff, 0xff, 0xff, 0xff, 0xf0, 0x0, 0xa,
    0xfc, 0xbb, 0xbb, 0xbf, 0xfb, 0xbb, 0xbb, 0xbf,
    0xf0, 0x0, 0xa, 0xf3, 0x0, 0x0, 0xc, 0xf1,
    0x0, 0x0, 0xd, 0xf0, 0x0, 0xa, 0xf3, 0x0,
    0x0, 0xc, 0xf1, 0x0, 0x0, 0xd, 0xf0, 0x0,
    0xa, 0xf3, 0x0, 0x0, 0xc, 0xf1, 0x0, 0x0,
    0xd, 0xf0, 0x0, 0xa, 0xfc, 0xbb, 0xbb, 0xbf,
    0xfc, 0xbb, 0xbb, 0xbf, 0xf0, 0x0, 0xa, 0xff,
    0xff, 0xff, 0xff, 0xff, 0xff, 0xff, 0xff, 0xf0,
    0x0, 0xa, 0xf3, 0x0, 0x0, 0xc, 0xf1, 0x0,
    0x0, 0xd, 0xf0, 0x0, 0xa, 0xf2, 0x0, 0x0,
    0xc, 0xf1, 0x0, 0x0, 0xd, 0xf0, 0x0, 0xa,
    0xf2, 0x0, 0x0, 0xc, 0xf1, 0x0, 0x0, 0xd,
    0xf0, 0x0, 0xb, 0xf2, 0x0, 0x0, 0xc, 0xf1,
    0x0, 0x0, 0xd, 0xf0, 0x0, 0xc, 0xff, 0xff,
    0xff, 0xff, 0xff, 0xff, 0xff, 0xff, 0xf0, 0x0,
    0xf, 0xfc, 0xcc, 0xcc, 0xcf, 0xfc, 0xcc, 0xcc,
    0xcf, 0xf0, 0x0, 0x2f, 0xd0, 0x0, 0x0, 0xc,
    0xf1, 0x0, 0x0, 0xd, 0xf0, 0x0, 0x5f, 0xa0,
    0x0, 0x0, 0xc, 0xf1, 0x0, 0x0, 0xd, 0xf0,
    0x0, 0xaf, 0x60, 0x0, 0x0, 0xc, 0xf1, 0x0,
    0x0, 0xd, 0xf0, 0x0, 0xff, 0x20, 0x0, 0x0,
    0xc, 0xf1, 0x0, 0x0, 0xd, 0xf0, 0x6, 0xfc,
    0x0, 0x0, 0x0, 0xc, 0xf1, 0x0, 0x0, 0xe,
    0xf0, 0xd, 0xf6, 0x0, 0x0, 0x0, 0xc, 0xf1,
    0x4, 0xed, 0xdf, 0xe0, 0xa, 0xe0, 0x0, 0x0,
    0x0, 0x3, 0x40, 0x1, 0xff, 0xff, 0x50, 0x0,
    0x10, 0x0, 0x0, 0x0, 0x0, 0x0, 0x0, 0x0,
    0x10, 0x0,

    /* U+7531 "由" */
    0x0, 0x0, 0x0, 0x0, 0xaa, 0x0, 0x0, 0x0,
    0x0, 0x0, 0x0, 0x0, 0x0, 0xff, 0x0, 0x0,
    0x0, 0x0, 0x0, 0x0, 0x0, 0x0, 0xff, 0x0,
    0x0, 0x0, 0x0, 0x0, 0x0, 0x0, 0x0, 0xff,
    0x0, 0x0, 0x0, 0x0, 0x0, 0x0, 0x0, 0x1,
    0xff, 0x10, 0x0, 0x0, 0x0, 0xff, 0xff, 0xff,
    0xff, 0xff, 0xff, 0xff, 0xff, 0xfe, 0xff, 0xbb,
    0xbb, 0xbb, 0xff, 0xbb, 0xbb, 0xbc, 0xfe, 0xff,
    0x0, 0x0, 0x0, 0xff, 0x0, 0x0, 0x1, 0xfe,
    0xff, 0x0, 0x0, 0x0, 0xff, 0x0, 0x0, 0x1,
    0xfe, 0xff, 0x0, 0x0, 0x0, 0xff, 0x0, 0x0,
    0x1, 0xfe, 0xff, 0x0, 0x0, 0x0, 0xff, 0x0,
    0x0, 0x1, 0xfe, 0xff, 0x0, 0x0, 0x1, 0xff,
    0x10, 0x0, 0x1, 0xfe, 0xff, 0xff, 0xff, 0xff,
    0xff, 0xff, 0xff, 0xff, 0xfe, 0xff, 0xaa, 0xaa,
    0xaa, 0xff, 0xaa, 0xaa, 0xaa, 0xfe, 0xff, 0x0,
    0x0, 0x0, 0xff, 0x0, 0x0, 0x1, 0xfe, 0xff,
    0x0, 0x0, 0x0, 0xff, 0x0, 0x0, 0x1, 0xfe,
    0xff, 0x0, 0x0, 0x0, 0xff, 0x0, 0x0, 0x1,
    0xfe, 0xff, 0x0, 0x0, 0x0, 0xff, 0x0, 0x0,
    0x1, 0xfe, 0xff, 0xaa, 0xaa, 0xaa, 0xff, 0xaa,
    0xaa, 0xaa, 0xfe, 0xff, 0xff, 0xff, 0xff, 0xff,
    0xff, 0xff, 0xff, 0xfe, 0xff, 0x22, 0x22, 0x22,
    0x22, 0x22, 0x22, 0x23, 0xfe, 0xff, 0x0, 0x0,
    0x0, 0x0, 0x0, 0x0, 0x1, 0xfe,

    /* U+7535 "电" */
    0x0, 0x0, 0x0, 0x0, 0x32, 0x0, 0x0, 0x0,
    0x0, 0x0, 0x0, 0x0, 0x0, 0x0, 0x1f, 0xc0,
    0x0, 0x0, 0x0, 0x0, 0x0, 0x0, 0x0, 0x0,
    0x1, 0xfc, 0x0, 0x0, 0x0, 0x0, 0x0, 0x1,
    0x11, 0x11, 0x11, 0x2f, 0xd1, 0x11, 0x11, 0x11,
    0x10, 0x0, 0xcf, 0xff, 0xff, 0xff, 0xff, 0xff,
    0xff, 0xff, 0xfb, 0x0, 0xc, 0xfb, 0xbb, 0xbb,
    0xbf, 0xeb, 0xbb, 0xbb, 0xbf, 0xb0, 0x0, 0xcf,
    0x10, 0x0, 0x1, 0xfc, 0x0, 0x0, 0x3, 0xfb,
    0x0, 0xc, 0xf1, 0x0, 0x0, 0x1f, 0xc0, 0x0,
    0x0, 0x3f, 0xb0, 0x0, 0xcf, 0x20, 0x0, 0x1,
    0xfc, 0x0, 0x0, 0x3, 0xfb, 0x0, 0xc, 0xff,
    0xff, 0xff, 0xff, 0xff, 0xff, 0xff, 0xff, 0xb0,
    0x0, 0xcf, 0xcb, 0xbb, 0xbc, 0xff, 0xbb, 0xbb,
    0xbc, 0xfb, 0x0, 0xc, 0xf1, 0x0, 0x0, 0x1f,
    0xc0, 0x0, 0x0, 0x3f, 0xb0, 0x0, 0xcf, 0x10,
    0x0, 0x1, 0xfc, 0x0, 0x0, 0x3, 0xfb, 0x0,
    0xc, 0xf1, 0x0, 0x0, 0x1f, 0xc0, 0x0, 0x0,
    0x3f, 0xb0, 0x0, 0xcf, 0xdd, 0xdd, 0xdd, 0xff,
    0xdd, 0xdd, 0xdd, 0xfb, 0x0, 0xc, 0xff, 0xff,
    0xff, 0xff, 0xff, 0xff, 0xff, 0xff, 0xa0, 0x0,
    0xcf, 0x10, 0x0, 0x1, 0xfc, 0x0, 0x0, 0x0,
    0x0, 0x0, 0x5, 0x60, 0x0, 0x0, 0x1f, 0xc0,
    0x0, 0x0, 0x0, 0x2, 0x40, 0x0, 0x0, 0x0,
    0x1, 0xfc, 0x0, 0x0, 0x0, 0x0, 0x5f, 0xb0,
    0x0, 0x0, 0x0, 0x1f, 0xe0, 0x0, 0x0, 0x0,
    0xa, 0xf9, 0x0, 0x0, 0x0, 0x0, 0xef, 0xfd,
    0xcc, 0xcd, 0xdf, 0xff, 0x40, 0x0, 0x0, 0x0,
    0x3, 0xae, 0xff, 0xff, 0xfe, 0xdb, 0x60,

    /* U+753B "画" */
    0x4b, 0xbb, 0xbb, 0xbb, 0xbb, 0xbb, 0xbb, 0xbb,
    0xbb, 0xbb, 0xba, 0x6f, 0xff, 0xff, 0xff, 0xff,
    0xff, 0xff, 0xff, 0xff, 0xff, 0xfe, 0x0, 0x0,
    0x0, 0x0, 0x0, 0x0, 0x0, 0x0, 0x0, 0x0,
    0x0, 0x0, 0x0, 0x0, 0x0, 0x0, 0x0, 0x0,
    0x0, 0x0, 0x0, 0x0, 0x0, 0x0, 0x7, 0xaa,
    0xaa, 0xaa, 0xaa, 0xaa, 0x90, 0x0, 0x0, 0x7,
    0xf6, 0xb, 0xff, 0xff, 0xff, 0xff, 0xff, 0xf0,
    0x2d, 0xa0, 0x8, 0xf7, 0xb, 0xf1, 0x0, 0xbf,
    0x10, 0xd, 0xf0, 0x3f, 0xc0, 0x8, 0xf7, 0xb,
    0xf1, 0x0, 0xbf, 0x10, 0xd, 0xf0, 0x3f, 0xc0,
    0x8, 0xf7, 0xb, 0xf1, 0x0, 0xbf, 0x10, 0xd,
    0xf0, 0x3f, 0xc0, 0x8, 0xf7, 0xb, 0xfa, 0xaa,
    0xef, 0xaa, 0xaf, 0xf0, 0x3f, 0xc0, 0x8, 0xf7,
    0xb, 0xff, 0xff, 0xff, 0xff, 0xff, 0xf0, 0x3f,
    0xc0, 0x8, 0xf7, 0xb, 0xf1, 0x0, 0xbf, 0x10,
    0xd, 0xf0, 0x3f, 0xc0, 0x8, 0xf7, 0xb, 0xf1,
    0x0, 0xbf, 0x10, 0xd, 0xf0, 0x3f, 0xc0, 0x8,
    0xf7, 0xb, 0xf1, 0x0, 0xbf, 0x10, 0xd, 0xf0,
    0x3f, 0xc0, 0x8, 0xf7, 0xb, 0xfa, 0xaa, 0xef,
    0xaa, 0xaf, 0xf0, 0x3f, 0xc0, 0x8, 0xf7, 0xa,
    0xff, 0xff, 0xff, 0xff, 0xff, 0xe0, 0x3f, 0xc0,
    0x8, 0xf7, 0x0, 0x0, 0x0, 0x0, 0x0, 0x0,
    0x0, 0x3f, 0xc0, 0x8, 0xf7, 0x0, 0x0, 0x0,
    0x0, 0x0, 0x0, 0x0, 0x3f, 0xc0, 0x8, 0xff,
    0xff, 0xff, 0xff, 0xff, 0xff, 0xff, 0xff, 0xff,
    0xc0, 0x8, 0xfd, 0xbb, 0xbb, 0xbb, 0xbb, 0xbb,
    0xbb, 0xbb, 0xcf, 0xc0, 0x8, 0xf7, 0x0, 0x0,
    0x0, 0x0, 0x0, 0x0, 0x0, 0x3f, 0xc0,

    /* U+754C "界" */
    0x0, 0x1b, 0xbb, 0xbb, 0xbb, 0xbb, 0xbb, 0xbb,
    0xbb, 0xb8, 0x0, 0x0, 0x2, 0xff, 0xff, 0xff,
    0xff, 0xff, 0xff, 0xff, 0xff, 0xb0, 0x0, 0x0,
    0x2f, 0xc0, 0x0, 0x0, 0xef, 0x10, 0x0, 0x3,
    0xfb, 0x0, 0x0, 0x2, 0xfc, 0x0, 0x0, 0xe,
    0xf1, 0x0, 0x0, 0x3f, 0xb0, 0x0, 0x0, 0x2f,
    0xeb, 0xbb, 0xbb, 0xff, 0xcb, 0xbb, 0xbc, 0xfb,
    0x0, 0x0, 0x2, 0xff, 0xff, 0xff, 0xff, 0xff,
    0xff, 0xff, 0xff, 0xb0, 0x0, 0x0, 0x2f, 0xc0,
    0x0, 0x0, 0xef, 0x10, 0x0, 0x3, 0xfb, 0x0,
    0x0, 0x2, 0xfc, 0x0, 0x0, 0xe, 0xf1, 0x0,
    0x0, 0x3f, 0xb0, 0x0, 0x0, 0x2f, 0xea, 0xaa,
    0xaa, 0xff, 0xaa, 0xaa, 0xab, 0xfb, 0x0, 0x0,
    0x2, 0xff, 0xff, 0xff, 0xff, 0xff, 0xff, 0xff,
    0xff, 0xb0, 0x0, 0x0, 0x2, 0x26, 0xff, 0x92,
    0x22, 0x24, 0xef, 0xb3, 0x21, 0x0, 0x0, 0x0,
    0x8, 0xff, 0x90, 0x0, 0x0, 0x2, 0xdf, 0xe6,
    0x0, 0x0, 0x0, 0x6d, 0xff, 0x70, 0x0, 0x0,
    0x0, 0x0, 0x9f, 0xfd, 0x60, 0x4, 0xef, 0xfd,
    0x43, 0xf9, 0x0, 0x0, 0xc, 0xf1, 0x4d, 0xff,
    0xe0, 0x1d, 0xe7, 0x0, 0x5f, 0x90, 0x0, 0x0,
    0xcf, 0x10, 0x7, 0xe8, 0x0, 0x20, 0x0, 0x7,
    0xf7, 0x0, 0x0, 0xc, 0xf1, 0x0, 0x0, 0x0,
    0x0, 0x0, 0x0, 0xcf, 0x40, 0x0, 0x0, 0xcf,
    0x10, 0x0, 0x0, 0x0, 0x0, 0x0, 0x5f, 0xe0,
    0x0, 0x0, 0xc, 0xf1, 0x0, 0x0, 0x0, 0x0,
    0x0, 0x8f, 0xf6, 0x0, 0x0, 0x0, 0xcf, 0x10,
    0x0, 0x0, 0x0, 0x4, 0xef, 0xf8, 0x0, 0x0,
    0x0, 0xc, 0xf1, 0x0, 0x0, 0x0, 0x0, 0xc,
    0xd4, 0x0, 0x0, 0x0, 0x0, 0xcf, 0x10, 0x0,
    0x0, 0x0, 0x0, 0x0, 0x0, 0x0, 0x0, 0x0,
    0x0, 0x0, 0x0, 0x0, 0x0,

    /* U+7591 "疑" */
    0x7, 0x70, 0x0, 0x0, 0x0, 0x0, 0x0, 0x0,
    0x0, 0x0, 0x0, 0xe, 0xe0, 0x2, 0x6b, 0x60,
    0x1a, 0xaa, 0xaa, 0xaa, 0xaa, 0x60, 0xe, 0xf9,
    0xdf, 0xff, 0xb0, 0x1f, 0xff, 0xff, 0xff, 0xff,
    0x90, 0xe, 0xff, 0xd9, 0x40, 0x0, 0x0, 0x0,
    0x0, 0x4, 0xfe, 0x10, 0xe, 0xe2, 0x0, 0x2,
    0xa3, 0x0, 0xc, 0x80, 0x3e, 0xf3, 0x0, 0xe,
    0xe0, 0x0, 0x8, 0xf7, 0x0, 0x2d, 0xfe, 0xef,
    0x40, 0x0, 0xc, 0xfc, 0xbb, 0xdf, 0xf2, 0x0,
    0x0, 0x8f, 0xfb, 0x0, 0x0, 0x3, 0xbd, 0xee,
    0xdb, 0x40, 0x23, 0x33, 0x36, 0xff, 0x73, 0x31,
    0x0, 0xa7, 0x0, 0x0, 0x0, 0xef, 0xff, 0xff,
    0xff, 0xff, 0xf9, 0x3, 0xfc, 0x0, 0x0, 0x0,
    0x67, 0x77, 0x7d, 0xf7, 0x7a, 0xf8, 0x9, 0xff,
    0xff, 0xff, 0xf1, 0x0, 0x0, 0xb, 0xf0, 0xb,
    0xf2, 0x2f, 0xea, 0xdf, 0xca, 0xa0, 0x0, 0x42,
    0xb, 0xf0, 0xb, 0x90, 0xbf, 0x60, 0x9f, 0x40,
    0x0, 0x0, 0xf7, 0xb, 0xf0, 0x0, 0x0, 0x2a,
    0x0, 0xaf, 0x30, 0x0, 0x2, 0xf6, 0xb, 0xf8,
    0x88, 0x80, 0xab, 0xbb, 0xef, 0xcb, 0xb6, 0x3,
    0xf5, 0xb, 0xff, 0xff, 0xf0, 0xef, 0xff, 0xff,
    0xff, 0xf8, 0x6, 0xf4, 0xb, 0xf0, 0x0, 0x0,
    0x0, 0x7, 0xfd, 0x10, 0x0, 0x9, 0xf4, 0xb,
    0xf0, 0x0, 0x0, 0x0, 0x1e, 0xff, 0xe3, 0x0,
    0xd, 0xfc, 0xb, 0xf0, 0x0, 0x0, 0x0, 0xbf,
    0xb8, 0xff, 0x60, 0x3f, 0xff, 0x9b, 0xf0, 0x0,
    0x0, 0xa, 0xff, 0x20, 0x5f, 0xf8, 0x9f, 0x88,
    0xff, 0xf0, 0x0, 0x0, 0xaf, 0xf5, 0x0, 0x5,
    0xe6, 0xff, 0x30, 0x7f, 0xff, 0xed, 0xc8, 0x2e,
    0x60, 0x0, 0x0, 0x1, 0xab, 0x0, 0x1, 0x7b,
    0xdf, 0xf4, 0x0, 0x0, 0x0, 0x0, 0x0, 0x0,
    0x0, 0x0, 0x0, 0x0, 0x0,

    /* U+767D "白" */
    0x0, 0x0, 0x0, 0x2, 0x0, 0x0, 0x0, 0x0,
    0x0, 0x0, 0x0, 0x0, 0xf, 0xf2, 0x0, 0x0,
    0x0, 0x0, 0x0, 0x0, 0x0, 0x4f, 0xd0, 0x0,
    0x0, 0x0, 0x0, 0x11, 0x11, 0x11, 0xbf, 0x71,
    0x11, 0x11, 0x11, 0x11, 0xdf, 0xff, 0xff, 0xff,
    0xff, 0xff, 0xff, 0xff, 0xfd, 0xdf, 0xbb, 0xbb,
    0xbb, 0xbb, 0xbb, 0xbb, 0xbb, 0xfd, 0xdf, 0x10,
    0x0, 0x0, 0x0, 0x0, 0x0, 0x1, 0xfd, 0xdf,
    0x10, 0x0, 0x0, 0x0, 0x0, 0x0, 0x1, 0xfd,
    0xdf, 0x10, 0x0, 0x0, 0x0, 0x0, 0x0, 0x1,
    0xfd, 0xdf, 0x10, 0x0, 0x0, 0x0, 0x0, 0x0,
    0x1, 0xfd, 0xdf, 0x10, 0x0, 0x0, 0x0, 0x0,
    0x0, 0x1, 0xfd, 0xdf, 0xff, 0xff, 0xff, 0xff,
    0xff, 0xff, 0xff, 0xfd, 0xdf, 0xcb, 0xbb, 0xbb,
    0xbb, 0xbb, 0xbb, 0xbc, 0xfd, 0xdf, 0x10, 0x0,
    0x0, 0x0, 0x0, 0x0, 0x1, 0xfd, 0xdf, 0x10,
    0x0, 0x0, 0x0, 0x0, 0x0, 0x1, 0xfd, 0xdf,
    0x10, 0x0, 0x0, 0x0, 0x0, 0x0, 0x1, 0xfd,
    0xdf, 0x10, 0x0, 0x0, 0x0, 0x0, 0x0, 0x1,
    0xfd, 0xdf, 0x10, 0x0, 0x0, 0x0, 0x0, 0x0,
    0x1, 0xfd, 0xdf, 0xbb, 0xbb, 0xbb, 0xbb, 0xbb,
    0xbb, 0xbb, 0xfd, 0xdf, 0xff, 0xff, 0xff, 0xff,
    0xff, 0xff, 0xff, 0xfd, 0xdf, 0x11, 0x11, 0x11,
    0x11, 0x11, 0x11, 0x11, 0xfd, 0xbe, 0x0, 0x0,
    0x0, 0x0, 0x0, 0x0, 0x1, 0xfd,

    /* U+7684 "的" */
    0x0, 0x3, 0x73, 0x0, 0x0, 0x0, 0x6, 0x40,
    0x0, 0x0, 0x0, 0x0, 0x8, 0xf6, 0x0, 0x0,
    0x0, 0x3f, 0xc0, 0x0, 0x0, 0x0, 0x0, 0xc,
    0xf1, 0x0, 0x0, 0x0, 0x8f, 0x70, 0x0, 0x0,
    0x0, 0x8, 0x8f, 0xf8, 0x88, 0x50, 0x0, 0xef,
    0x10, 0x0, 0x0, 0x0, 0xf, 0xff, 0xff, 0xff,
    0xa0, 0x7, 0xff, 0xbb, 0xbb, 0xbb, 0xb1, 0xf,
    0xb4, 0x44, 0x4f, 0xa0, 0x1f, 0xff, 0xff, 0xff,
    0xff, 0xf1, 0xf, 0xa0, 0x0, 0xf, 0xa0, 0xaf,
    0xa1, 0x11, 0x11, 0x1d, 0xf1, 0xf, 0xa0, 0x0,
    0xf, 0xa7, 0xfe, 0x10, 0x0, 0x0, 0xd, 0xf1,
    0xf, 0xa0, 0x0, 0xf, 0xa9, 0xf4, 0x0, 0x0,
    0x0, 0xd, 0xf1, 0xf, 0xa0, 0x0, 0xf, 0xa0,
    0x40, 0x0, 0x0, 0x0, 0xd, 0xf1, 0xf, 0xa0,
    0x0, 0x1f, 0xa0, 0x0, 0x5d, 0x30, 0x0, 0xe,
    0xf0, 0xf, 0xff, 0xff, 0xff, 0xa0, 0x0, 0x7f,
    0xc0, 0x0, 0xe, 0xf0, 0xf, 0xeb, 0xbb, 0xbf,
    0xa0, 0x0, 0xd, 0xf5, 0x0, 0xe, 0xf0, 0xf,
    0xa0, 0x0, 0xf, 0xa0, 0x0, 0x5, 0xfc, 0x0,
    0xf, 0xf0, 0xf, 0xa0, 0x0, 0xf, 0xa0, 0x0,
    0x0, 0xee, 0x10, 0xf, 0xe0, 0xf, 0xa0, 0x0,
    0xf, 0xa0, 0x0, 0x0, 0x30, 0x0, 0xf, 0xd0,
    0xf, 0xa0, 0x0, 0xf, 0xa0, 0x0, 0x0, 0x0,
    0x0, 0x1f, 0xc0, 0xf, 0xa0, 0x0, 0xf, 0xa0,
    0x0, 0x0, 0x0, 0x0, 0x3f, 0xa0, 0xf, 0xfd,
    0xdd, 0xdf, 0xa0, 0x0, 0x0, 0x0, 0x0, 0x6f,
    0x80, 0xf, 0xff, 0xff, 0xff, 0xa0, 0x0, 0x0,
    0x10, 0x1, 0xcf, 0x40, 0xf, 0xa0, 0x0, 0xa,
    0x60, 0x0, 0x0, 0xff, 0xff, 0xfc, 0x0, 0x5,
    0x30, 0x0, 0x0, 0x0, 0x0, 0x0, 0x8c, 0xef,
    0xb1, 0x0,

    /* U+76AE "皮" */
    0x0, 0x0, 0x0, 0x0, 0x0, 0x3, 0x50, 0x0,
    0x0, 0x0, 0x0, 0x0, 0x0, 0x0, 0x0, 0x0,
    0x0, 0xbf, 0x30, 0x0, 0x0, 0x0, 0x0, 0x0,
    0x0, 0x0, 0x0, 0x0, 0xb, 0xf3, 0x0, 0x0,
    0x0, 0x0, 0x0, 0x0, 0x9a, 0xaa, 0xaa, 0xaa,
    0xef, 0xba, 0xaa, 0xaa, 0xaa, 0x30, 0x0, 0xe,
    0xff, 0xff, 0xff, 0xff, 0xff, 0xff, 0xff, 0xff,
    0xf6, 0x0, 0x0, 0xef, 0x22, 0x22, 0x22, 0xbf,
    0x52, 0x22, 0x24, 0xff, 0x20, 0x0, 0xe, 0xf0,
    0x0, 0x0, 0xb, 0xf3, 0x0, 0x0, 0xaf, 0xa0,
    0x0, 0x0, 0xef, 0x0, 0x0, 0x0, 0xbf, 0x30,
    0x0, 0x1f, 0xf2, 0x0, 0x0, 0xe, 0xf0, 0x0,
    0x0, 0xb, 0xf3, 0x0, 0x0, 0x3, 0x0, 0x0,
    0x0, 0xef, 0x0, 0x0, 0x0, 0xbf, 0x30, 0x0,
    0x0, 0x0, 0x0, 0x0, 0xe, 0xf0, 0xdf, 0xff,
    0xff, 0xff, 0xff, 0xff, 0xfe, 0x0, 0x0, 0x0,
    0xef, 0xa, 0xef, 0xcb, 0xbb, 0xbb, 0xbb, 0xdf,
    0x90, 0x0, 0x0, 0xe, 0xf0, 0x5, 0xf9, 0x0,
    0x0, 0x0, 0xb, 0xf3, 0x0, 0x0, 0x0, 0xfe,
    0x0, 0xe, 0xf3, 0x0, 0x0, 0x4, 0xfb, 0x0,
    0x0, 0x0, 0x1f, 0xd0, 0x0, 0x5f, 0xd1, 0x0,
    0x2, 0xef, 0x20, 0x0, 0x0, 0x4, 0xfb, 0x0,
    0x0, 0xaf, 0xd1, 0x2, 0xdf, 0x50, 0x0, 0x0,
    0x0, 0x7f, 0x80, 0x0, 0x0, 0xcf, 0xe6, 0xef,
    0x70, 0x0, 0x0, 0x0, 0xc, 0xf5, 0x0, 0x0,
    0x0, 0xbf, 0xff, 0x70, 0x0, 0x0, 0x0, 0x1,
    0xff, 0x10, 0x0, 0x1, 0x8e, 0xff, 0xff, 0x93,
    0x0, 0x0, 0x0, 0x7f, 0xc0, 0x1, 0x6b, 0xff,
    0xf7, 0x3b, 0xff, 0xfc, 0x71, 0x0, 0xe, 0xf5,
    0x3c, 0xff, 0xfe, 0x81, 0x0, 0x3, 0xaf, 0xff,
    0xfc, 0x50, 0x6d, 0x0, 0xcf, 0xa5, 0x0, 0x0,
    0x0, 0x0, 0x16, 0xcf, 0xf2, 0x0, 0x0, 0x1,
    0x0, 0x0, 0x0, 0x0, 0x0, 0x0, 0x0, 0x14,
    0x0,

    /* U+76D8 "盘" */
    0x0, 0x0, 0x0, 0x0, 0x7, 0x20, 0x0, 0x0,
    0x0, 0x0, 0x0, 0x0, 0x0, 0x0, 0x0, 0x6f,
    0xc0, 0x0, 0x0, 0x0, 0x0, 0x0, 0x0, 0x0,
    0xaa, 0xaa, 0xef, 0xca, 0xaa, 0xaa, 0xaa, 0x30,
    0x0, 0x0, 0x0, 0xff, 0xff, 0xff, 0xff, 0xff,
    0xff, 0xff, 0x50, 0x0, 0x0, 0x0, 0xfd, 0x0,
    0x1, 0x30, 0x0, 0x0, 0x8f, 0x50, 0x0, 0x0,
    0x1, 0xfd, 0x0, 0xc, 0xf4, 0x0, 0x0, 0x8f,
    0x50, 0x0, 0x0, 0x2, 0xfc, 0x0, 0x2, 0xee,
    0x0, 0x0, 0x8f, 0x50, 0x0, 0x1, 0x13, 0xfb,
    0x11, 0x11, 0x33, 0x11, 0x11, 0x8f, 0x61, 0x0,
    0x2f, 0xff, 0xff, 0xff, 0xff, 0xff, 0xff, 0xff,
    0xff, 0xff, 0xe0, 0x18, 0x8d, 0xfa, 0x88, 0x88,
    0x88, 0x88, 0x88, 0xcf, 0xb8, 0x70, 0x0, 0xe,
    0xe0, 0x0, 0x2c, 0x60, 0x0, 0x0, 0x8f, 0x50,
    0x0, 0x0, 0x8f, 0x90, 0x0, 0x2d, 0xf9, 0x0,
    0x0, 0xaf, 0x50, 0x0, 0x2, 0xfe, 0x10, 0x0,
    0x0, 0xa4, 0x0, 0xde, 0xff, 0x20, 0x0, 0x0,
    0x55, 0x0, 0x0, 0x0, 0x0, 0x0, 0x7b, 0xb5,
    0x0, 0x0, 0x0, 0x69, 0x99, 0x99, 0x99, 0x99,
    0x99, 0x99, 0x99, 0x93, 0x0, 0x0, 0xaf, 0xff,
    0xff, 0xff, 0xff, 0xff, 0xff, 0xff, 0xf6, 0x0,
    0x0, 0xaf, 0x42, 0x29, 0xf5, 0x22, 0x9f, 0x52,
    0x28, 0xf6, 0x0, 0x0, 0xaf, 0x30, 0x8, 0xf4,
    0x0, 0x8f, 0x30, 0x7, 0xf6, 0x0, 0x0, 0xaf,
    0x30, 0x8, 0xf4, 0x0, 0x8f, 0x30, 0x7, 0xf6,
    0x0, 0x0, 0xaf, 0x30, 0x8, 0xf4, 0x0, 0x8f,
    0x30, 0x7, 0xf6, 0x0, 0xbc, 0xef, 0xdc, 0xce,
    0xfd, 0xcc, 0xef, 0xdc, 0xce, 0xfd, 0xc8, 0xef,
    0xff, 0xff, 0xff, 0xff, 0xff, 0xff, 0xff, 0xff,
    0xff, 0xfa,

    /* U+76EE "目" */
    0x2, 0x22, 0x22, 0x22, 0x22, 0x22, 0x22, 0x22,
    0x11, 0xff, 0xff, 0xff, 0xff, 0xff, 0xff, 0xff,
    0xfc, 0x1f, 0xea, 0xaa, 0xaa, 0xaa, 0xaa, 0xaa,
    0xaf, 0xc1, 0xfd, 0x0, 0x0, 0x0, 0x0, 0x0,
    0x1, 0xfc, 0x1f, 0xd0, 0x0, 0x0, 0x0, 0x0,
    0x0, 0x1f, 0xc1, 0xfd, 0x0, 0x0, 0x0, 0x0,
    0x0, 0x1, 0xfc, 0x1f, 0xfb, 0xbb, 0xbb, 0xbb,
    0xbb, 0xbb, 0xcf, 0xc1, 0xff, 0xff, 0xff, 0xff,
    0xff, 0xff, 0xff, 0xfc, 0x1f, 0xd0, 0x0, 0x0,
    0x0, 0x0, 0x0, 0x1f, 0xc1, 0xfd, 0x0, 0x0,
    0x0, 0x0, 0x0, 0x1, 0xfc, 0x1f, 0xd0, 0x0,
    0x0, 0x0, 0x0, 0x0, 0x1f, 0xc1, 0xfd, 0x0,
    0x0, 0x0, 0x0, 0x0, 0x1, 0xfc, 0x1f, 0xff,
    0xff, 0xff, 0xff, 0xff, 0xff, 0xff, 0xc1, 0xff,
    0xbb, 0xbb, 0xbb, 0xbb, 0xbb, 0xbc, 0xfc, 0x1f,
    0xd0, 0x0, 0x0, 0x0, 0x0, 0x0, 0x1f, 0xc1,
    0xfd, 0x0, 0x0, 0x0, 0x0, 0x0, 0x1, 0xfc,
    0x1f, 0xd0, 0x0, 0x0, 0x0, 0x0, 0x0, 0x1f,
    0xc1, 0xff, 0xbb, 0xbb, 0xbb, 0xbb, 0xbb, 0xbc,
    0xfc, 0x1f, 0xff, 0xff, 0xff, 0xff, 0xff, 0xff,
    0xff, 0xc1, 0xfd, 0x0, 0x0, 0x0, 0x0, 0x0,
    0x1, 0xfc, 0x1f, 0xd0, 0x0, 0x0, 0x0, 0x0,
    0x0, 0x1f, 0xc0,

    /* U+76EF "盯" */
    0x0, 0x0, 0x0, 0x0, 0x0, 0x44, 0x44, 0x44,
    0x44, 0x44, 0x44, 0xb, 0xbb, 0xbb, 0xbb, 0xb2,
    0xff, 0xff, 0xff, 0xff, 0xff, 0xfe, 0x1f, 0xff,
    0xff, 0xff, 0xf1, 0x77, 0x77, 0x77, 0xff, 0x77,
    0x76, 0x1f, 0xb0, 0x0, 0xc, 0xf0, 0x0, 0x0,
    0x0, 0xef, 0x0, 0x0, 0x1f, 0xb0, 0x0, 0xc,
    0xf0, 0x0, 0x0, 0x0, 0xef, 0x0, 0x0, 0x1f,
    0xb0, 0x0, 0xc, 0xf0, 0x0, 0x0, 0x0, 0xef,
    0x0, 0x0, 0x1f, 0xea, 0xaa, 0xae, 0xf0, 0x0,
    0x0, 0x0, 0xef, 0x0, 0x0, 0x1f, 0xff, 0xff,
    0xff, 0xf0, 0x0, 0x0, 0x0, 0xef, 0x0, 0x0,
    0x1f, 0xb0, 0x0, 0xc, 0xf0, 0x0, 0x0, 0x0,
    0xef, 0x0, 0x0, 0x1f, 0xb0, 0x0, 0xc, 0xf0,
    0x0, 0x0, 0x0, 0xef, 0x0, 0x0, 0x1f, 0xb0,
    0x0, 0xc, 0xf0, 0x0, 0x0, 0x0, 0xef, 0x0,
    0x0, 0x1f, 0xea, 0xaa, 0xae, 0xf0, 0x0, 0x0,
    0x0, 0xef, 0x0, 0x0, 0x1f, 0xff, 0xff, 0xff,
    0xf0, 0x0, 0x0, 0x0, 0xef, 0x0, 0x0, 0x1f,
    0xb0, 0x0, 0xc, 0xf0, 0x0, 0x0, 0x0, 0xef,
    0x0, 0x0, 0x1f, 0xb0, 0x0, 0xc, 0xf0, 0x0,
    0x0, 0x0, 0xef, 0x0, 0x0, 0x1f, 0xb0, 0x0,
    0xc, 0xf0, 0x0, 0x0, 0x0, 0xef, 0x0, 0x0,
    0x1f, 0xd9, 0x99, 0x9e, 0xf0, 0x0, 0x0, 0x0,
    0xef, 0x0, 0x0, 0x1f, 0xff, 0xff, 0xff, 0xf0,
    0x0, 0x0, 0x0, 0xef, 0x0, 0x0, 0x1f, 0xb2,
    0x22, 0x2d, 0xf0, 0x0, 0x0, 0x0, 0xff, 0x0,
    0x0, 0x1f, 0xb0, 0x0, 0x9, 0xb0, 0x0, 0x2f,
    0xef, 0xfc, 0x0, 0x0, 0x4, 0x30, 0x0, 0x0,
    0x0, 0x0, 0xd, 0xff, 0xc2, 0x0, 0x0,

    /* U+76F4 "直" */
    0x0, 0x0, 0x0, 0x0, 0x0, 0x13, 0x10, 0x0,
    0x0, 0x0, 0x0, 0x0, 0x0, 0x0, 0x0, 0x0,
    0x7f, 0x80, 0x0, 0x0, 0x0, 0x0, 0x1, 0x22,
    0x22, 0x22, 0x22, 0x9f, 0x72, 0x22, 0x22, 0x22,
    0x20, 0xb, 0xff, 0xff, 0xff, 0xff, 0xff, 0xff,
    0xff, 0xff, 0xff, 0xf2, 0x7, 0xaa, 0xaa, 0xaa,
    0xaa, 0xff, 0xaa, 0xaa, 0xaa, 0xaa, 0xa1, 0x0,
    0x0, 0x0, 0x0, 0x2, 0xfd, 0x0, 0x0, 0x0,
    0x0, 0x0, 0x0, 0x0, 0x11, 0x11, 0x15, 0xfb,
    0x11, 0x11, 0x11, 0x0, 0x0, 0x0, 0x0, 0xdf,
    0xff, 0xff, 0xff, 0xff, 0xff, 0xff, 0x20, 0x0,
    0x0, 0x0, 0xdf, 0xbb, 0xbb, 0xbb, 0xbb, 0xbb,
    0xef, 0x20, 0x0, 0x0, 0x0, 0xdf, 0x10, 0x0,
    0x0, 0x0, 0x0, 0xbf, 0x20, 0x0, 0x0, 0x0,
    0xdf, 0xff, 0xff, 0xff, 0xff, 0xff, 0xff, 0x20,
    0x0, 0x0, 0x0, 0xdf, 0x98, 0x88, 0x88, 0x88,
    0x88, 0xdf, 0x20, 0x0, 0x0, 0x0, 0xdf, 0x10,
    0x0, 0x0, 0x0, 0x0, 0xbf, 0x20, 0x0, 0x0,
    0x0, 0xdf, 0x98, 0x88, 0x88, 0x88, 0x88, 0xdf,
    0x20, 0x0, 0x0, 0x0, 0xdf, 0xff, 0xff, 0xff,
    0xff, 0xff, 0xff, 0x20, 0x0, 0x0, 0x0, 0xdf,
    0x10, 0x0, 0x0, 0x0, 0x0, 0xbf, 0x20, 0x0,
    0x0, 0x0, 0xdf, 0x98, 0x88, 0x88, 0x88, 0x88,
    0xdf, 0x20, 0x0, 0x0, 0x0, 0xdf, 0xff, 0xff,
    0xff, 0xff, 0xff, 0xff, 0x20, 0x0, 0x0, 0x0,
    0xdf, 0x10, 0x0, 0x0, 0x0, 0x0, 0xbf, 0x20,
    0x0, 0x0, 0x0, 0xdf, 0x10, 0x0, 0x0, 0x0,
    0x0, 0xbf, 0x20, 0x0, 0x1c, 0xcc, 0xff, 0xcc,
    0xcc, 0xcc, 0xcc, 0xcc, 0xff, 0xdc, 0xc7, 0x1f,
    0xff, 0xff, 0xff, 0xff, 0xff, 0xff, 0xff, 0xff,
    0xff, 0xfa,

    /* U+76F8 "相" */
    0x0, 0x0, 0x9, 0x70, 0x0, 0x0, 0x0, 0x0,
    0x0, 0x0, 0x0, 0x0, 0x0, 0x1f, 0xc0, 0x0,
    0x1, 0x11, 0x11, 0x11, 0x11, 0x10, 0x0, 0x0,
    0x1f, 0xc0, 0x0, 0x1f, 0xff, 0xff, 0xff, 0xff,
    0xfc, 0x0, 0x0, 0x1f, 0xc0, 0x0, 0x1f, 0xea,
    0xaa, 0xaa, 0xaa, 0xfc, 0x0, 0x0, 0x1f, 0xc0,
    0x0, 0x1f, 0xb0, 0x0, 0x0, 0x0, 0xfc, 0x8,
    0xff, 0xff, 0xff, 0xff, 0x2f, 0xb0, 0x0, 0x0,
    0x0, 0xfc, 0x6, 0xbb, 0xdf, 0xfb, 0xbb, 0x2f,
    0xb0, 0x0, 0x0, 0x0, 0xfc, 0x0, 0x0, 0x7f,
    0xd0, 0x0, 0x1f, 0xeb, 0xbb, 0xbb, 0xbb, 0xfc,
    0x0, 0x0, 0xbf, 0xf7, 0x0, 0x1f, 0xff, 0xff,
    0xff, 0xff, 0xfc, 0x0, 0x1, 0xff, 0xff, 0x40,
    0x1f, 0xb0, 0x0, 0x0, 0x0, 0xfc, 0x0, 0x6,
    0xff, 0xde, 0xe1, 0x1f, 0xb0, 0x0, 0x0, 0x0,
    0xfc, 0x0, 0xd, 0xff, 0xc6, 0xfc, 0x1f, 0xb0,
    0x0, 0x0, 0x0, 0xfc, 0x0, 0x5f, 0xaf, 0xc0,
    0xcf, 0x3f, 0xb0, 0x0, 0x0, 0x0, 0xfc, 0x0,
    0xdf, 0x3f, 0xc0, 0x27, 0x1f, 0xff, 0xff, 0xff,
    0xff, 0xfc, 0x8, 0xf9, 0x1f, 0xc0, 0x0, 0x1f,
    0xea, 0xaa, 0xaa, 0xaa, 0xfc, 0x3f, 0xe1, 0x1f,
    0xc0, 0x0, 0x1f, 0xb0, 0x0, 0x0, 0x0, 0xfc,
    0xc, 0x40, 0x1f, 0xc0, 0x0, 0x1f, 0xb0, 0x0,
    0x0, 0x0, 0xfc, 0x0, 0x0, 0x1f, 0xc0, 0x0,
    0x1f, 0xb0, 0x0, 0x0, 0x0, 0xfc, 0x0, 0x0,
    0x1f, 0xc0, 0x0, 0x1f, 0xea, 0xaa, 0xaa, 0xaa,
    0xfc, 0x0, 0x0, 0x1f, 0xc0, 0x0, 0x1f, 0xff,
    0xff, 0xff, 0xff, 0xfc, 0x0, 0x0, 0x1f, 0xc0,
    0x0, 0x1f, 0xb0, 0x0, 0x0, 0x0, 0xfc, 0x0,
    0x0, 0x1f, 0xc0, 0x0, 0x1f, 0xb0, 0x0, 0x0,
    0x0, 0xfc,

    /* U+770B "看" */
    0x0, 0x0, 0x0, 0x0, 0x0, 0x0, 0x0, 0x11,
    0x23, 0x34, 0x30, 0x0, 0x0, 0x7a, 0xab, 0xcc,
    0xde, 0xef, 0xff, 0xff, 0xff, 0xff, 0x10, 0x0,
    0x7, 0xff, 0xed, 0xcc, 0xff, 0x99, 0x87, 0x65,
    0x54, 0x30, 0x0, 0x0, 0x0, 0x0, 0x0, 0x6f,
    0xc0, 0x0, 0x0, 0x0, 0x0, 0x0, 0x0, 0x4,
    0xcc, 0xcc, 0xce, 0xfe, 0xcc, 0xcc, 0xcc, 0xcc,
    0x60, 0x0, 0x0, 0x6f, 0xff, 0xff, 0xff, 0xff,
    0xff, 0xff, 0xff, 0xf8, 0x0, 0x0, 0x0, 0x0,
    0x0, 0xdf, 0x60, 0x0, 0x0, 0x0, 0x0, 0x0,
    0x0, 0x7c, 0xcc, 0xcc, 0xdf, 0xfc, 0xcc, 0xcc,
    0xcc, 0xcc, 0xcc, 0xc1, 0xa, 0xff, 0xff, 0xff,
    0xff, 0xff, 0xff, 0xff, 0xff, 0xff, 0xff, 0x10,
    0x0, 0x0, 0x6f, 0xf6, 0x0, 0x0, 0x0, 0x0,
    0x0, 0x0, 0x0, 0x0, 0x0, 0x6f, 0xff, 0xcc,
    0xcc, 0xcc, 0xcc, 0xcc, 0xcc, 0x70, 0x0, 0x0,
    0x8f, 0xff, 0xff, 0xff, 0xff, 0xff, 0xff, 0xff,
    0xf9, 0x0, 0x3, 0xdf, 0xf8, 0xfd, 0x0, 0x0,
    0x0, 0x0, 0x0, 0x4f, 0x90, 0x1, 0xff, 0xe4,
    0xf, 0xfa, 0xaa, 0xaa, 0xaa, 0xaa, 0xab, 0xf9,
    0x0, 0xa, 0x91, 0x0, 0xff, 0xff, 0xff, 0xff,
    0xff, 0xff, 0xff, 0x90, 0x0, 0x0, 0x0, 0xf,
    0xd0, 0x0, 0x0, 0x0, 0x0, 0x5, 0xf9, 0x0,
    0x0, 0x0, 0x0, 0xff, 0xaa, 0xaa, 0xaa, 0xaa,
    0xaa, 0xbf, 0x90, 0x0, 0x0, 0x0, 0xf, 0xff,
    0xff, 0xff, 0xff, 0xff, 0xff, 0xf9, 0x0, 0x0,
    0x0, 0x0, 0xfd, 0x0, 0x0, 0x0, 0x0, 0x0,
    0x5f, 0x90, 0x0, 0x0, 0x0, 0xf, 0xd2, 0x22,
    0x22, 0x22, 0x22, 0x26, 0xf9, 0x0, 0x0, 0x0,
    0x0, 0xff, 0xff, 0xff, 0xff, 0xff, 0xff, 0xff,
    0x90, 0x0, 0x0, 0x0, 0xf, 0xfa, 0xaa, 0xaa,
    0xaa, 0xaa, 0xab, 0xf9, 0x0,

    /* U+771F "真" */
    0x0, 0x0, 0x0, 0x0, 0x0, 0x46, 0x10, 0x0,
    0x0, 0x0, 0x0, 0x0, 0x0, 0x0, 0x0, 0x0,
    0xcf, 0x10, 0x0, 0x0, 0x0, 0x0, 0xb, 0xbb,
    0xbb, 0xbb, 0xbb, 0xff, 0xbb, 0xbb, 0xbb, 0xbb,
    0x20, 0xf, 0xff, 0xff, 0xff, 0xff, 0xff, 0xff,
    0xff, 0xff, 0xff, 0x30, 0x0, 0x0, 0x0, 0x0,
    0x3, 0xfa, 0x0, 0x0, 0x0, 0x0, 0x0, 0x0,
    0x2, 0xaa, 0xaa, 0xac, 0xfd, 0xaa, 0xaa, 0xaa,
    0x0, 0x0, 0x0, 0x4, 0xff, 0xff, 0xff, 0xff,
    0xff, 0xff, 0xff, 0x10, 0x0, 0x0, 0x4, 0xf8,
    0x0, 0x0, 0x0, 0x0, 0x0, 0xbf, 0x10, 0x0,
    0x0, 0x4, 0xfb, 0x77, 0x77, 0x77, 0x77, 0x77,
    0xdf, 0x10, 0x0, 0x0, 0x4, 0xff, 0xff, 0xff,
    0xff, 0xff, 0xff, 0xff, 0x10, 0x0, 0x0, 0x4,
    0xf8, 0x0, 0x0, 0x0, 0x0, 0x0, 0xbf, 0x10,
    0x0, 0x0, 0x4, 0xff, 0xff, 0xff, 0xff, 0xff,
    0xff, 0xff, 0x10, 0x0, 0x0, 0x4, 0xfb, 0x77,
    0x77, 0x77, 0x77, 0x77, 0xdf, 0x10, 0x0, 0x0,
    0x4, 0xf9, 0x11, 0x11, 0x11, 0x11, 0x11, 0xbf,
    0x10, 0x0, 0x0, 0x4, 0xff, 0xff, 0xff, 0xff,
    0xff, 0xff, 0xff, 0x10, 0x0, 0x0, 0x4, 0xfa,
    0x55, 0x55, 0x55, 0x55, 0x55, 0xcf, 0x10, 0x0,
    0x79, 0x9b, 0xfc, 0x99, 0x99, 0x99, 0x99, 0x99,
    0xdf, 0xa9, 0x93, 0xdf, 0xff, 0xff, 0xff, 0xff,
    0xff, 0xff, 0xff, 0xff, 0xff, 0xf6, 0x11, 0x11,
    0x11, 0x67, 0x11, 0x11, 0x16, 0x62, 0x11, 0x11,
    0x10, 0x0, 0x2, 0x7e, 0xff, 0x60, 0x0, 0x4f,
    0xff, 0xd9, 0x40, 0x0, 0x9, 0xef, 0xff, 0xb5,
    0x0, 0x0, 0x3, 0x7b, 0xff, 0xfe, 0x30, 0x6,
    0xfb, 0x71, 0x0, 0x0, 0x0, 0x0, 0x0, 0x16,
    0xcc, 0x0, 0x0, 0x0, 0x0, 0x0, 0x0, 0x0,
    0x0, 0x0, 0x0, 0x0, 0x0,

    /* U+7740 "着" */
    0x0, 0x0, 0x0, 0x6, 0x0, 0x0, 0x0, 0x26,
    0x10, 0x0, 0x0, 0x0, 0x0, 0x0, 0xcf, 0x90,
    0x0, 0x0, 0x9f, 0xa0, 0x0, 0x0, 0x0, 0x0,
    0x0, 0x4f, 0xf3, 0x0, 0x3, 0xff, 0x20, 0x0,
    0x0, 0x7, 0xff, 0xff, 0xff, 0xff, 0xff, 0xff,
    0xff, 0xff, 0xff, 0xf0, 0x4, 0xaa, 0xaa, 0xaa,
    0xad, 0xfc, 0xaa, 0xaa, 0xaa, 0xaa, 0x90, 0x0,
    0x0, 0x0, 0x0, 0xc, 0xf3, 0x0, 0x0, 0x0,
    0x0, 0x0, 0x0, 0x5f, 0xff, 0xff, 0xff, 0xff,
    0xff, 0xff, 0xff, 0xfa, 0x0, 0x0, 0x28, 0x88,
    0x88, 0xdf, 0xa8, 0x88, 0x88, 0x88, 0x85, 0x0,
    0x2, 0x22, 0x22, 0x23, 0xfe, 0x22, 0x22, 0x22,
    0x22, 0x22, 0x21, 0x1f, 0xff, 0xff, 0xff, 0xff,
    0xff, 0xff, 0xff, 0xff, 0xff, 0xf8, 0x7, 0x77,
    0x77, 0xef, 0xc7, 0x77, 0x77, 0x77, 0x77, 0x77,
    0x73, 0x0, 0x0, 0x9, 0xff, 0x99, 0x99, 0x99,
    0x99, 0x99, 0x93, 0x0, 0x0, 0x1, 0xbf, 0xff,
    0xff, 0xff, 0xff, 0xff, 0xff, 0xf6, 0x0, 0x0,
    0x4e, 0xff, 0xf7, 0x22, 0x22, 0x22, 0x22, 0x27,
    0xf6, 0x0, 0x2a, 0xff, 0x96, 0xfa, 0x77, 0x77,
    0x77, 0x77, 0x7a, 0xf6, 0x0, 0x1d, 0xc3, 0x6,
    0xff, 0xff, 0xff, 0xff, 0xff, 0xff, 0xf6, 0x0,
    0x0, 0x0, 0x6, 0xf6, 0x0, 0x0, 0x0, 0x0,
    0x6, 0xf6, 0x0, 0x0, 0x0, 0x6, 0xff, 0xff,
    0xff, 0xff, 0xff, 0xff, 0xf6, 0x0, 0x0, 0x0,
    0x6, 0xfa, 0x77, 0x77, 0x77, 0x77, 0x7a, 0xf6,
    0x0, 0x0, 0x0, 0x6, 0xf6, 0x0, 0x0, 0x0,
    0x0, 0x6, 0xf6, 0x0, 0x0, 0x0, 0x6, 0xfb,
    0x99, 0x99, 0x99, 0x99, 0x9c, 0xf6, 0x0, 0x0,
    0x0, 0x6, 0xff, 0xff, 0xff, 0xff, 0xff, 0xff,
    0xf6, 0x0,

    /* U+77AC "瞬" */
    0x0, 0x0, 0x0, 0x0, 0x0, 0x0, 0x0, 0x0,
    0x0, 0x2, 0x0, 0x0, 0x0, 0x0, 0x0, 0x55,
    0x66, 0x78, 0x9b, 0xde, 0xff, 0x90, 0x7b, 0xbb,
    0xbb, 0x10, 0xff, 0xff, 0xff, 0xff, 0xec, 0xa7,
    0x50, 0xaf, 0xff, 0xff, 0x20, 0x46, 0x54, 0x47,
    0x30, 0x0, 0x7c, 0x30, 0xaf, 0x20, 0xaf, 0x20,
    0x4f, 0x90, 0x2f, 0xd0, 0x1, 0xfe, 0x0, 0xaf,
    0x20, 0xaf, 0x20, 0xb, 0xf1, 0x8, 0xf3, 0x9,
    0xf6, 0x0, 0xaf, 0x20, 0xaf, 0x22, 0x46, 0x64,
    0x46, 0x64, 0x5f, 0xf5, 0x41, 0xaf, 0xba, 0xdf,
    0x29, 0xff, 0xff, 0xff, 0xff, 0xff, 0xff, 0xf4,
    0xaf, 0xff, 0xff, 0x29, 0xf5, 0x53, 0x33, 0x33,
    0x34, 0x68, 0xf4, 0xaf, 0x20, 0xaf, 0x26, 0xb8,
    0xf6, 0x0, 0x0, 0x5, 0xf8, 0xb3, 0xaf, 0x20,
    0xaf, 0x20, 0xd, 0xf6, 0x44, 0x0, 0x5, 0xf3,
    0x0, 0xaf, 0x20, 0xaf, 0x20, 0x4f, 0xff, 0xff,
    0x5f, 0xff, 0xff, 0xe0, 0xaf, 0xba, 0xdf, 0x20,
    0xcf, 0x52, 0xdd, 0x38, 0x8b, 0xfa, 0x80, 0xaf,
    0xff, 0xff, 0x25, 0xfc, 0x0, 0xfa, 0x6, 0x55,
    0xf3, 0x0, 0xaf, 0x30, 0xaf, 0x4e, 0xff, 0x54,
    0xf6, 0x2f, 0x85, 0xf3, 0x0, 0xaf, 0x20, 0xaf,
    0x3a, 0x7b, 0xea, 0xf1, 0x9f, 0x15, 0xf3, 0x0,
    0xaf, 0x20, 0xaf, 0x20, 0x0, 0x4f, 0xb1, 0xfd,
    0x7a, 0xf9, 0x72, 0xaf, 0xa9, 0xdf, 0x20, 0x0,
    0x8f, 0x30, 0xff, 0xff, 0xff, 0xf4, 0xaf, 0xff,
    0xff, 0x20, 0x5, 0xfa, 0x0, 0x11, 0x16, 0xf4,
    0x10, 0xaf, 0x42, 0xaf, 0x20, 0x4f, 0xd0, 0x0,
    0x0, 0x5, 0xf3, 0x0, 0xaf, 0x20, 0x24, 0x19,
    0xfc, 0x10, 0x0, 0x0, 0x5, 0xf3, 0x0, 0x24,
    0x0, 0x0, 0xa, 0x90, 0x0, 0x0, 0x0, 0x5,
    0xf3, 0x0,

    /* U+77E5 "知" */
    0x0, 0x0, 0x10, 0x0, 0x0, 0x0, 0x0, 0x0,
    0x0, 0x0, 0x0, 0x0, 0x0, 0xfc, 0x0, 0x0,
    0x0, 0x0, 0x0, 0x0, 0x0, 0x0, 0x0, 0x6,
    0xf9, 0x0, 0x0, 0x0, 0x23, 0x33, 0x33, 0x33,
    0x30, 0x0, 0xd, 0xf4, 0x11, 0x11, 0x0, 0xbf,
    0xff, 0xff, 0xff, 0xf0, 0x0, 0x6f, 0xff, 0xff,
    0xff, 0x70, 0xbf, 0x87, 0x77, 0x7d, 0xf0, 0x1,
    0xef, 0xbc, 0xfd, 0xbb, 0x40, 0xbf, 0x10, 0x0,
    0xb, 0xf0, 0xc, 0xf9, 0x4, 0xf7, 0x0, 0x0,
    0xbf, 0x10, 0x0, 0xb, 0xf0, 0x7f, 0xc0, 0x6,
    0xf6, 0x0, 0x0, 0xbf, 0x10, 0x0, 0xb, 0xf0,
    0x9, 0x10, 0x7, 0xf4, 0x0, 0x0, 0xbf, 0x10,
    0x0, 0xb, 0xf0, 0x0, 0x0, 0x9, 0xf3, 0x0,
    0x0, 0xbf, 0x10, 0x0, 0xb, 0xf0, 0x5f, 0xff,
    0xff, 0xff, 0xff, 0xe0, 0xbf, 0x10, 0x0, 0xb,
    0xf0, 0x5d, 0xdd, 0xdf, 0xfd, 0xdd, 0xc0, 0xbf,
    0x10, 0x0, 0xb, 0xf0, 0x0, 0x0, 0xf, 0xd0,
    0x0, 0x0, 0xbf, 0x10, 0x0, 0xb, 0xf0, 0x0,
    0x0, 0x3f, 0xd0, 0x0, 0x0, 0xbf, 0x10, 0x0,
    0xb, 0xf0, 0x0, 0x0, 0x7f, 0xfb, 0x0, 0x0,
    0xbf, 0x10, 0x0, 0xb, 0xf0, 0x0, 0x0, 0xef,
    0xcf, 0xc1, 0x0, 0xbf, 0x10, 0x0, 0xb, 0xf0,
    0x0, 0x5, 0xfd, 0xc, 0xfd, 0x10, 0xbf, 0x10,
    0x0, 0xb, 0xf0, 0x0, 0xe, 0xf5, 0x0, 0xcf,
    0xd0, 0xbf, 0xaa, 0xaa, 0xae, 0xf0, 0x0, 0xaf,
    0xc0, 0x0, 0x1d, 0x70, 0xbf, 0xff, 0xff, 0xff,
    0xf0, 0x9, 0xfe, 0x20, 0x0, 0x1, 0x0, 0xbf,
    0x10, 0x0, 0xb, 0xf0, 0x7f, 0xf4, 0x0, 0x0,
    0x0, 0x0, 0xaf, 0x10, 0x0, 0x9, 0xd0, 0xb,
    0x40, 0x0, 0x0, 0x0, 0x0, 0x0, 0x0, 0x0,
    0x0, 0x0,

    /* U+786E "确" */
    0x0, 0x0, 0x0, 0x0, 0x0, 0x0, 0x4, 0x10,
    0x0, 0x0, 0x0, 0x0, 0x0, 0x0, 0x0, 0x0,
    0x0, 0x2, 0xfe, 0x0, 0x0, 0x0, 0x0, 0x7,
    0xee, 0xee, 0xee, 0xee, 0x10, 0x9f, 0xeb, 0xbb,
    0xb9, 0x0, 0x0, 0x7e, 0xef, 0xfe, 0xee, 0xe1,
    0x3f, 0xff, 0xff, 0xff, 0xd0, 0x0, 0x0, 0x0,
    0xcf, 0x0, 0x0, 0xd, 0xf7, 0x0, 0xd, 0xf6,
    0x0, 0x0, 0x0, 0x1f, 0xb0, 0x0, 0x9, 0xfc,
    0x0, 0x9, 0xfb, 0x0, 0x0, 0x0, 0x5, 0xf6,
    0x0, 0x8, 0xff, 0xff, 0xff, 0xff, 0xff, 0xff,
    0x10, 0x0, 0xaf, 0x10, 0x0, 0xaf, 0xfd, 0xbb,
    0xef, 0xbb, 0xbe, 0xf1, 0x0, 0xf, 0xc0, 0x0,
    0x0, 0x6f, 0x80, 0xb, 0xf1, 0x0, 0xbf, 0x10,
    0x6, 0xfc, 0x88, 0x88, 0x13, 0xf8, 0x0, 0xbf,
    0x10, 0xb, 0xf1, 0x0, 0xdf, 0xff, 0xff, 0xf2,
    0x3f, 0xda, 0xae, 0xfa, 0xaa, 0xef, 0x10, 0x6f,
    0xff, 0x53, 0xbf, 0x23, 0xff, 0xff, 0xff, 0xff,
    0xff, 0xf1, 0xe, 0xf9, 0xf3, 0xa, 0xf2, 0x3f,
    0x80, 0xb, 0xf1, 0x0, 0xbf, 0x10, 0x87, 0x7f,
    0x30, 0xaf, 0x23, 0xf8, 0x0, 0xbf, 0x10, 0xb,
    0xf1, 0x0, 0x7, 0xf3, 0xa, 0xf2, 0x4f, 0xb5,
    0x5c, 0xf6, 0x55, 0xcf, 0x10, 0x0, 0x7f, 0x30,
    0xaf, 0x25, 0xff, 0xff, 0xff, 0xff, 0xff, 0xf1,
    0x0, 0x7, 0xf3, 0xa, 0xf2, 0x8f, 0x74, 0x4c,
    0xf5, 0x44, 0xcf, 0x10, 0x0, 0x7f, 0xba, 0xdf,
    0x2b, 0xf1, 0x0, 0xbf, 0x10, 0xb, 0xf1, 0x0,
    0x7, 0xff, 0xff, 0xf2, 0xfd, 0x0, 0xb, 0xf1,
    0x0, 0xbf, 0x10, 0x0, 0x7f, 0x30, 0xaf, 0x7f,
    0x90, 0x0, 0xbf, 0x10, 0xb, 0xf1, 0x0, 0x7,
    0xf3, 0x1, 0x3c, 0xf3, 0x0, 0xb, 0xf1, 0xbb,
    0xff, 0x0, 0x0, 0x7e, 0x20, 0x0, 0xbc, 0x0,
    0x0, 0xbf, 0x18, 0xef, 0x80, 0x0, 0x0, 0x0,
    0x0, 0x0, 0x0, 0x0, 0x0, 0x0, 0x0, 0x0,
    0x0,

    /* U+78C1 "磁" */
    0x0, 0x0, 0x0, 0x0, 0x0, 0x1, 0x50, 0x0,
    0x0, 0x3, 0x20, 0x0, 0x0, 0x0, 0x0, 0x0,
    0x0, 0xaf, 0x60, 0x0, 0x0, 0xef, 0x40, 0x9,
    0xee, 0xee, 0xee, 0xd0, 0x2, 0xfd, 0x0, 0x0,
    0x6f, 0xd0, 0x0, 0x9e, 0xef, 0xfe, 0xed, 0x0,
    0xb, 0xf4, 0x0, 0xd, 0xf5, 0x0, 0x0, 0x6,
    0xf7, 0x0, 0x4, 0xbb, 0xdf, 0xdb, 0xbc, 0xff,
    0xbb, 0xa0, 0x0, 0x9f, 0x30, 0x0, 0x6f, 0xff,
    0xff, 0xff, 0xff, 0xff, 0xfd, 0x0, 0xd, 0xe0,
    0x0, 0x0, 0x1, 0x51, 0x0, 0x0, 0x25, 0x0,
    0x0, 0x2, 0xfa, 0x0, 0x0, 0x0, 0x6f, 0x70,
    0x0, 0x8, 0xf4, 0x0, 0x0, 0x7f, 0x60, 0x0,
    0x0, 0xb, 0xf2, 0x0, 0x0, 0xdf, 0x0, 0x0,
    0xd, 0xfb, 0xaa, 0xa1, 0x1, 0xfc, 0x9, 0x50,
    0x4f, 0x90, 0xa4, 0x3, 0xff, 0xff, 0xff, 0x20,
    0x8f, 0x53, 0xf9, 0xa, 0xf3, 0x5f, 0x70, 0xaf,
    0xfb, 0x8, 0xf2, 0xf, 0xd0, 0x8f, 0x32, 0xfb,
    0xb, 0xf1, 0x1f, 0xcf, 0xb0, 0x8f, 0x28, 0xf4,
    0xd, 0xe0, 0xbf, 0x20, 0xfc, 0x0, 0x84, 0xfb,
    0x8, 0xf3, 0xff, 0xdf, 0xf7, 0x2f, 0xfe, 0xff,
    0x50, 0x0, 0xf, 0xb0, 0x8f, 0x2b, 0xb8, 0xef,
    0x10, 0xdb, 0x8f, 0xf0, 0x0, 0x0, 0xfb, 0x8,
    0xf2, 0x0, 0x2f, 0xa0, 0x0, 0x3, 0xf9, 0x0,
    0x0, 0xf, 0xb0, 0x8f, 0x20, 0xa, 0xf3, 0x10,
    0x0, 0xbf, 0x11, 0x0, 0x0, 0xfe, 0xad, 0xf2,
    0x2, 0xfb, 0x5f, 0x30, 0x2f, 0xa7, 0xf1, 0x0,
    0xf, 0xff, 0xff, 0x20, 0xaf, 0x26, 0xf7, 0xb,
    0xf2, 0x7f, 0x40, 0x0, 0xfb, 0x8, 0xf2, 0x3f,
    0xdc, 0xff, 0xa4, 0xfd, 0xcf, 0xf7, 0x0, 0xf,
    0xb0, 0x0, 0x9, 0xff, 0xd7, 0xed, 0xaf, 0xfd,
    0x8f, 0xa0, 0x0, 0x42, 0x0, 0x0, 0x37, 0x30,
    0xc, 0xc4, 0x73, 0x0, 0xda, 0x0, 0x0, 0x0,
    0x0, 0x0, 0x0, 0x0, 0x0, 0x0, 0x0, 0x0,
    0x0,

    /* U+793A "示" */
    0x0, 0x0, 0x0, 0x0, 0x0, 0x0, 0x0, 0x0,
    0x0, 0x0, 0x0, 0x0, 0x8f, 0xff, 0xff, 0xff,
    0xff, 0xff, 0xff, 0xff, 0xf8, 0x0, 0x0, 0x6b,
    0xbb, 0xbb, 0xbb, 0xbb, 0xbb, 0xbb, 0xbb, 0xb6,
    0x0, 0x0, 0x0, 0x0, 0x0, 0x0, 0x0, 0x0,
    0x0, 0x0, 0x0, 0x0, 0x0, 0x0, 0x0, 0x0,
    0x0, 0x0, 0x0, 0x0, 0x0, 0x0, 0x0, 0x0,
    0x0, 0x0, 0x0, 0x0, 0x0, 0x0, 0x0, 0x0,
    0x0, 0x0, 0x0, 0x0, 0x0, 0x0, 0x0, 0x0,
    0x0, 0x0, 0x0, 0x0, 0x0, 0x3f, 0xff, 0xff,
    0xff, 0xff, 0xff, 0xff, 0xff, 0xff, 0xff, 0xf3,
    0x2b, 0xbb, 0xbb, 0xbb, 0xbb, 0xff, 0xbb, 0xbb,
    0xbb, 0xbb, 0xb2, 0x0, 0x0, 0x0, 0x0, 0x0,
    0xdf, 0x0, 0x0, 0x0, 0x0, 0x0, 0x0, 0x0,
    0x0, 0x0, 0x0, 0xdf, 0x0, 0x0, 0x0, 0x0,
    0x0, 0x0, 0x0, 0x8, 0x50, 0x0, 0xdf, 0x0,
    0x9, 0x60, 0x0, 0x0, 0x0, 0x0, 0x3f, 0xf1,
    0x0, 0xdf, 0x0, 0x4f, 0xf5, 0x0, 0x0, 0x0,
    0x0, 0xdf, 0x70, 0x0, 0xdf, 0x0, 0x6, 0xff,
    0x40, 0x0, 0x0, 0x8, 0xfd, 0x0, 0x0, 0xdf,
    0x0, 0x0, 0x8f, 0xf3, 0x0, 0x0, 0x4f, 0xf3,
    0x0, 0x0, 0xdf, 0x0, 0x0, 0xa, 0xfd, 0x0,
    0x1, 0xef, 0x90, 0x0, 0x0, 0xdf, 0x0, 0x0,
    0x0, 0xdf, 0xa0, 0x1d, 0xfc, 0x0, 0x0, 0x0,
    0xdf, 0x0, 0x0, 0x0, 0x3f, 0xf6, 0x8f, 0xe2,
    0x0, 0x0, 0x0, 0xef, 0x0, 0x0, 0x0, 0x8,
    0xf4, 0x9, 0x30, 0x0, 0x7e, 0xdd, 0xfe, 0x0,
    0x0, 0x0, 0x0, 0x30, 0x0, 0x0, 0x0, 0x4f,
    0xff, 0xd5, 0x0, 0x0, 0x0, 0x0, 0x0,

    /* U+79BB "离" */
    0x0, 0x0, 0x0, 0x0, 0x28, 0x90, 0x0, 0x0,
    0x0, 0x0, 0x0, 0x0, 0x0, 0x0, 0x0, 0xd,
    0xf8, 0x0, 0x0, 0x0, 0x0, 0x0, 0x4a, 0xaa,
    0xaa, 0xaa, 0xac, 0xff, 0xaa, 0xaa, 0xaa, 0xaa,
    0xa0, 0x7f, 0xff, 0xff, 0xff, 0xff, 0xff, 0xff,
    0xff, 0xff, 0xff, 0xf1, 0x0, 0x0, 0x0, 0x56,
    0x10, 0x0, 0x1, 0x62, 0x0, 0x0, 0x0, 0x0,
    0x7a, 0x1, 0xef, 0xf9, 0x40, 0x6d, 0xfb, 0x3,
    0xa4, 0x0, 0x0, 0xcf, 0x0, 0x16, 0xbf, 0xff,
    0xfe, 0x60, 0x4, 0xf6, 0x0, 0x0, 0xcf, 0x0,
    0x27, 0xcf, 0xff, 0xff, 0xa3, 0x4, 0xf6, 0x0,
    0x0, 0xcf, 0x9, 0xff, 0xe9, 0x40, 0x4b, 0xff,
    0x64, 0xf6, 0x0, 0x0, 0xcf, 0x2, 0xa5, 0x10,
    0x0, 0x0, 0x38, 0x15, 0xf6, 0x0, 0x0, 0xcf,
    0xff, 0xff, 0xff, 0xff, 0xff, 0xff, 0xff, 0xf6,
    0x0, 0x0, 0x7a, 0xaa, 0xaa, 0xab, 0xaa, 0xaa,
    0xaa, 0xaa, 0xa4, 0x0, 0x0, 0x0, 0x0, 0x0,
    0xc, 0xe3, 0x0, 0x0, 0x0, 0x0, 0x0, 0xf,
    0xff, 0xff, 0xff, 0xff, 0xff, 0xff, 0xff, 0xff,
    0xff, 0xa0, 0xf, 0xfb, 0xbb, 0xbb, 0xff, 0xcb,
    0xbb, 0xbb, 0xbb, 0xcf, 0xb0, 0xf, 0xe0, 0x0,
    0x8, 0xfb, 0x0, 0x3a, 0x70, 0x0, 0x2f, 0xb0,
    0xf, 0xe0, 0x0, 0x4f, 0xe1, 0x0, 0xc, 0xf6,
    0x0, 0x2f, 0xb0, 0xf, 0xe0, 0x4, 0xff, 0x75,
    0x79, 0xad, 0xff, 0x20, 0x2f, 0xb0, 0xf, 0xe0,
    0xb, 0xff, 0xff, 0xff, 0xfc, 0xaf, 0xc0, 0x2f,
    0xb0, 0xf, 0xe0, 0x4, 0xa8, 0x75, 0x41, 0x0,
    0x7, 0x50, 0x4f, 0xb0, 0xf, 0xe0, 0x0, 0x0,
    0x0, 0x0, 0x0, 0x8e, 0xdc, 0xff, 0x80, 0xf,
    0xe0, 0x0, 0x0, 0x0, 0x0, 0x0, 0x4d, 0xff,
    0xe9, 0x0, 0x1, 0x10, 0x0, 0x0, 0x0, 0x0,
    0x0, 0x0, 0x0, 0x0, 0x0,

    /* U+79CD "种" */
    0x0, 0x0, 0x0, 0x1, 0x71, 0x0, 0x0, 0x6,
    0x91, 0x0, 0x0, 0x0, 0x0, 0x1, 0x5b, 0xff,
    0x90, 0x0, 0x0, 0xcf, 0x20, 0x0, 0x0, 0x4,
    0x9d, 0xff, 0xfd, 0x71, 0x0, 0x0, 0xc, 0xf2,
    0x0, 0x0, 0x0, 0x6f, 0xfd, 0xfb, 0x0, 0x0,
    0x0, 0x0, 0xcf, 0x20, 0x0, 0x0, 0x0, 0x41,
    0x2f, 0xa0, 0x0, 0x1, 0x11, 0x1c, 0xf3, 0x11,
    0x11, 0x0, 0x0, 0x2, 0xfa, 0x0, 0x8, 0xff,
    0xff, 0xff, 0xff, 0xff, 0xf1, 0x0, 0x0, 0x2f,
    0xa0, 0x0, 0x8f, 0xdc, 0xcf, 0xfc, 0xcc, 0xff,
    0x10, 0xcf, 0xff, 0xff, 0xff, 0xf8, 0xf4, 0x0,
    0xcf, 0x20, 0xc, 0xf1, 0x8, 0xaa, 0xcf, 0xea,
    0xaa, 0x8f, 0x40, 0xc, 0xf2, 0x0, 0xcf, 0x10,
    0x0, 0xb, 0xfe, 0x10, 0x8, 0xf4, 0x0, 0xcf,
    0x20, 0xc, 0xf1, 0x0, 0x1, 0xff, 0xfc, 0x0,
    0x8f, 0x40, 0xc, 0xf2, 0x0, 0xcf, 0x10, 0x0,
    0x7f, 0xfe, 0xfb, 0x8, 0xf4, 0x0, 0xcf, 0x20,
    0xc, 0xf1, 0x0, 0xe, 0xff, 0xaa, 0xf9, 0x8f,
    0xba, 0xae, 0xfa, 0xaa, 0xef, 0x10, 0x7, 0xfa,
    0xfa, 0x1e, 0x88, 0xff, 0xff, 0xff, 0xff, 0xff,
    0xf1, 0x1, 0xff, 0x3f, 0xa0, 0x30, 0x8f, 0x50,
    0xc, 0xf2, 0x0, 0xcf, 0x10, 0xbf, 0x82, 0xfa,
    0x0, 0x6, 0xc3, 0x0, 0xcf, 0x20, 0x9, 0xc1,
    0x2f, 0xd0, 0x2f, 0xa0, 0x0, 0x0, 0x0, 0xc,
    0xf2, 0x0, 0x0, 0x0, 0x53, 0x2, 0xfa, 0x0,
    0x0, 0x0, 0x0, 0xcf, 0x20, 0x0, 0x0, 0x0,
    0x0, 0x2f, 0xa0, 0x0, 0x0, 0x0, 0xc, 0xf2,
    0x0, 0x0, 0x0, 0x0, 0x2, 0xfa, 0x0, 0x0,
    0x0, 0x0, 0xcf, 0x20, 0x0, 0x0, 0x0, 0x0,
    0x2f, 0xa0, 0x0, 0x0, 0x0, 0xc, 0xf2, 0x0,
    0x0, 0x0, 0x0, 0x2, 0xfa, 0x0, 0x0, 0x0,
    0x0, 0xcf, 0x20, 0x0, 0x0,

    /* U+79D2 "秒" */
    0x0, 0x0, 0x0, 0x0, 0x10, 0x0, 0x0, 0x3,
    0x30, 0x0, 0x0, 0x0, 0x0, 0x0, 0x16, 0xcf,
    0x60, 0x0, 0x0, 0xff, 0x0, 0x0, 0x0, 0x1,
    0x58, 0xcf, 0xff, 0xc5, 0x0, 0x0, 0xf, 0xf0,
    0x0, 0x0, 0x0, 0x7f, 0xff, 0xfc, 0x20, 0x0,
    0x34, 0x0, 0xff, 0x1, 0x80, 0x0, 0x1, 0x84,
    0x3f, 0xa0, 0x0, 0x8, 0xf6, 0xf, 0xf0, 0xbf,
    0x40, 0x0, 0x0, 0x2, 0xfa, 0x0, 0x0, 0xcf,
    0x30, 0xff, 0x3, 0xfd, 0x0, 0x0, 0x0, 0x2f,
    0xa0, 0x0, 0xf, 0xf0, 0xf, 0xf0, 0xb, 0xf5,
    0x0, 0xbe, 0xee, 0xff, 0xee, 0xe5, 0xfb, 0x0,
    0xff, 0x0, 0x2f, 0xc0, 0x9, 0xcc, 0xdf, 0xec,
    0xcc, 0xaf, 0x70, 0xf, 0xf0, 0x0, 0xcf, 0x30,
    0x0, 0xa, 0xfd, 0x0, 0xf, 0xf2, 0x0, 0xff,
    0x0, 0x6, 0xfa, 0x0, 0x0, 0xff, 0xfb, 0x6,
    0xfd, 0x0, 0xf, 0xf0, 0x0, 0xc, 0x40, 0x0,
    0x6f, 0xff, 0xf8, 0x6f, 0x70, 0x0, 0xff, 0x0,
    0x24, 0x0, 0x0, 0xd, 0xff, 0xac, 0xf6, 0x21,
    0x0, 0xf, 0xf0, 0xb, 0xf8, 0x0, 0x6, 0xfb,
    0xfa, 0x2f, 0xa0, 0x0, 0x0, 0xff, 0x6, 0xfe,
    0x10, 0x1, 0xef, 0x4f, 0xa0, 0x61, 0x0, 0x0,
    0xf, 0xe2, 0xff, 0x50, 0x0, 0xaf, 0x92, 0xfa,
    0x0, 0x0, 0x0, 0x0, 0x2, 0xef, 0x90, 0x0,
    0x2f, 0xe1, 0x2f, 0xa0, 0x0, 0x0, 0x0, 0x3,
    0xef, 0xb0, 0x0, 0x0, 0x74, 0x2, 0xfa, 0x0,
    0x0, 0x0, 0x7, 0xff, 0xa0, 0x0, 0x0, 0x0,
    0x0, 0x2f, 0xa0, 0x0, 0x0, 0x4c, 0xff, 0x80,
    0x0, 0x0, 0x0, 0x0, 0x2, 0xfa, 0x0, 0x6,
    0xcf, 0xfc, 0x30, 0x0, 0x0, 0x0, 0x0, 0x0,
    0x2f, 0xa0, 0x9f, 0xff, 0xd5, 0x0, 0x0, 0x0,
    0x0, 0x0, 0x0, 0x2, 0xfa, 0x6, 0xe9, 0x30,
    0x0, 0x0, 0x0, 0x0, 0x0, 0x0, 0x0, 0x0,
    0x0, 0x0, 0x0, 0x0, 0x0, 0x0, 0x0, 0x0,
    0x0,

    /* U+79FB "移" */
    0x0, 0x0, 0x0, 0x2, 0x82, 0x0, 0x0, 0x8,
    0x50, 0x0, 0x0, 0x0, 0x0, 0x3, 0x7d, 0xff,
    0x90, 0x0, 0xa, 0xf8, 0x0, 0x0, 0x0, 0x5,
    0xbf, 0xff, 0xfb, 0x50, 0x0, 0x9, 0xff, 0x99,
    0x99, 0x95, 0x0, 0x5f, 0xeb, 0xfa, 0x0, 0x0,
    0x1b, 0xff, 0xff, 0xff, 0xff, 0xa0, 0x0, 0x10,
    0x2f, 0xa0, 0x0, 0x4d, 0xfc, 0x22, 0x22, 0x2b,
    0xf7, 0x0, 0x0, 0x2, 0xfa, 0x0, 0x8f, 0xff,
    0xc0, 0x0, 0x5, 0xfe, 0x0, 0x0, 0x0, 0x2f,
    0xa0, 0x3, 0xd5, 0xbf, 0xb0, 0x4, 0xff, 0x30,
    0x0, 0xcf, 0xff, 0xff, 0xff, 0xf0, 0x0, 0xb5,
    0x8, 0xff, 0x50, 0x0, 0x8, 0xaa, 0xcf, 0xea,
    0xaa, 0x0, 0x1, 0x6e, 0xfe, 0x40, 0x0, 0x0,
    0x0, 0xb, 0xfe, 0x10, 0x3, 0x6b, 0xff, 0xf9,
    0x10, 0x0, 0x0, 0x0, 0x1, 0xff, 0xfc, 0xe,
    0xff, 0xff, 0x96, 0xa2, 0x0, 0x0, 0x0, 0x0,
    0x7f, 0xff, 0xf9, 0x8d, 0x95, 0x3, 0xff, 0x50,
    0x0, 0x0, 0x0, 0xe, 0xff, 0xac, 0xf6, 0x0,
    0x5, 0xff, 0xff, 0xff, 0xff, 0x30, 0x7, 0xfb,
    0xfa, 0x2f, 0xa0, 0x8, 0xff, 0xaa, 0xaa, 0xaf,
    0xf2, 0x1, 0xef, 0x4f, 0xa0, 0x61, 0x3c, 0xff,
    0x70, 0x0, 0x4, 0xfb, 0x0, 0xbf, 0x92, 0xfa,
    0x0, 0x7f, 0xfc, 0xff, 0x40, 0x1, 0xef, 0x20,
    0x2f, 0xe1, 0x2f, 0xa0, 0x2, 0xd4, 0x6, 0xfb,
    0x2, 0xdf, 0x50, 0x0, 0x64, 0x2, 0xfa, 0x0,
    0x0, 0x0, 0x3, 0x7, 0xff, 0x50, 0x0, 0x0,
    0x0, 0x2f, 0xa0, 0x0, 0x0, 0x1, 0x6d, 0xfd,
    0x30, 0x0, 0x0, 0x0, 0x2, 0xfa, 0x0, 0x2,
    0x6b, 0xff, 0xf7, 0x0, 0x0, 0x0, 0x0, 0x0,
    0x2f, 0xa0, 0x8f, 0xff, 0xfd, 0x71, 0x0, 0x0,
    0x0, 0x0, 0x0, 0x2, 0xfa, 0x4, 0xfb, 0x72,
    0x0, 0x0, 0x0, 0x0, 0x0, 0x0, 0x0, 0x0,
    0x0, 0x0, 0x0, 0x0, 0x0, 0x0, 0x0, 0x0,
    0x0,

    /* U+7A0B "程" */
    0x0, 0x0, 0x0, 0x0, 0x20, 0x0, 0x0, 0x0,
    0x0, 0x0, 0x0, 0x0, 0x1, 0x47, 0xac, 0xff,
    0x20, 0x9a, 0xaa, 0xaa, 0xaa, 0xaa, 0x70, 0x5,
    0xff, 0xff, 0xfd, 0x93, 0xe, 0xff, 0xff, 0xff,
    0xff, 0xfb, 0x0, 0x1c, 0xa8, 0xf9, 0x0, 0x0,
    0xed, 0x0, 0x0, 0x0, 0x1f, 0xb0, 0x0, 0x0,
    0x1f, 0x90, 0x0, 0xe, 0xd0, 0x0, 0x0, 0x1,
    0xfb, 0x0, 0x0, 0x1, 0xf9, 0x0, 0x0, 0xed,
    0x0, 0x0, 0x0, 0x1f, 0xb0, 0x0, 0x0, 0x1f,
    0x90, 0x0, 0xe, 0xe2, 0x22, 0x22, 0x23, 0xfb,
    0x0, 0x8f, 0xff, 0xff, 0xff, 0xf1, 0xef, 0xff,
    0xff, 0xff, 0xff, 0xb0, 0x5, 0xaa, 0xcf, 0xda,
    0xaa, 0x8, 0x99, 0x99, 0x99, 0x99, 0x96, 0x0,
    0x0, 0x7, 0xfd, 0x0, 0x0, 0x0, 0x0, 0x0,
    0x0, 0x0, 0x0, 0x0, 0x0, 0xcf, 0xfa, 0x0,
    0x49, 0x99, 0x99, 0x99, 0x99, 0x99, 0x30, 0x0,
    0x2f, 0xff, 0xf8, 0x7, 0xff, 0xff, 0xff, 0xff,
    0xff, 0xf5, 0x0, 0x8, 0xff, 0x9d, 0xf2, 0x1,
    0x11, 0x1d, 0xf2, 0x11, 0x11, 0x0, 0x1, 0xfd,
    0xf9, 0x48, 0x0, 0x0, 0x0, 0xcf, 0x10, 0x0,
    0x0, 0x0, 0xaf, 0x6f, 0x90, 0x0, 0x0, 0x0,
    0xc, 0xf1, 0x0, 0x0, 0x0, 0x5f, 0xd1, 0xf9,
    0x0, 0x0, 0xff, 0xff, 0xff, 0xff, 0xff, 0xa0,
    0xc, 0xf4, 0x1f, 0x90, 0x0, 0xb, 0xbb, 0xbf,
    0xfc, 0xbb, 0xb8, 0x0, 0x18, 0x1, 0xf9, 0x0,
    0x0, 0x0, 0x0, 0xcf, 0x10, 0x0, 0x0, 0x0,
    0x0, 0x1f, 0x90, 0x0, 0x0, 0x0, 0xc, 0xf1,
    0x0, 0x0, 0x0, 0x0, 0x1, 0xf9, 0x0, 0x1,
    0x11, 0x11, 0xcf, 0x21, 0x11, 0x10, 0x0, 0x0,
    0x1f, 0x90, 0x1, 0xff, 0xff, 0xff, 0xff, 0xff,
    0xff, 0xd0, 0x0, 0x1, 0xf9, 0x0, 0x1a, 0xaa,
    0xaa, 0xaa, 0xaa, 0xaa, 0xa8,

    /* U+7A0D "稍" */
    0x0, 0x0, 0x0, 0x0, 0x20, 0x0, 0x0, 0x5,
    0x80, 0x0, 0x0, 0x0, 0x14, 0x7a, 0xcf, 0xf2,
    0x1b, 0x30, 0xb, 0xf1, 0x3, 0xe8, 0x5, 0xff,
    0xff, 0xfd, 0x93, 0x2f, 0xd0, 0xb, 0xf1, 0xa,
    0xf7, 0x1, 0xca, 0x8f, 0x90, 0x0, 0x8, 0xf7,
    0xb, 0xf1, 0x2f, 0xe0, 0x0, 0x0, 0x1f, 0x90,
    0x0, 0x0, 0xd8, 0xb, 0xf1, 0x4e, 0x60, 0x0,
    0x0, 0x1f, 0x90, 0x0, 0x0, 0x10, 0xb, 0xf1,
    0x0, 0x0, 0x0, 0x0, 0x1f, 0x90, 0x0, 0xc,
    0xcc, 0xce, 0xfc, 0xcc, 0xc9, 0x8, 0xff, 0xff,
    0xff, 0xff, 0x1f, 0xfe, 0xee, 0xee, 0xee, 0xfc,
    0x5, 0xaa, 0xcf, 0xda, 0xaa, 0xf, 0xb0, 0x0,
    0x0, 0x0, 0xfc, 0x0, 0x0, 0x7f, 0xc0, 0x0,
    0xf, 0xb0, 0x0, 0x0, 0x0, 0xfc, 0x0, 0x0,
    0xcf, 0xfa, 0x0, 0xf, 0xd7, 0x77, 0x77, 0x77,
    0xfc, 0x0, 0x2, 0xff, 0xff, 0x80, 0xf, 0xff,
    0xff, 0xff, 0xff, 0xfc, 0x0, 0x8, 0xff, 0xad,
    0xf2, 0xf, 0xb0, 0x0, 0x0, 0x0, 0xfc, 0x0,
    0x1f, 0xdf, 0x94, 0x90, 0xf, 0xb0, 0x0, 0x0,
    0x0, 0xfc, 0x0, 0x9f, 0x6f, 0x90, 0x0, 0xf,
    0xb0, 0x0, 0x0, 0x0, 0xfc, 0x5, 0xfd, 0x1f,
    0x90, 0x0, 0xf, 0xff, 0xff, 0xff, 0xff, 0xfc,
    0xc, 0xf4, 0x1f, 0x90, 0x0, 0xf, 0xea, 0xaa,
    0xaa, 0xaa, 0xfc, 0x1, 0x70, 0x1f, 0x90, 0x0,
    0xf, 0xb0, 0x0, 0x0, 0x0, 0xfc, 0x0, 0x0,
    0x1f, 0x90, 0x0, 0xf, 0xb0, 0x0, 0x0, 0x0,
    0xfc, 0x0, 0x0, 0x1f, 0x90, 0x0, 0xf, 0xb0,
    0x0, 0x0, 0x0, 0xfc, 0x0, 0x0, 0x1f, 0x90,
    0x0, 0xf, 0xb0, 0x0, 0x2f, 0xdd, 0xfa, 0x0,
    0x0, 0x1f, 0x90, 0x0, 0xf, 0xb0, 0x0, 0xb,
    0xef, 0xd2,

    /* U+7A33 "稳" */
    0x0, 0x0, 0x0, 0x13, 0x0, 0x0, 0x4, 0x0,
    0x0, 0x0, 0x0, 0x0, 0x0, 0x3, 0xaf, 0xd0,
    0x0, 0x8, 0xf9, 0x0, 0x0, 0x0, 0x0, 0x3,
    0x9e, 0xff, 0xc5, 0x0, 0x6, 0xff, 0x98, 0x88,
    0x85, 0x0, 0x0, 0x6f, 0xff, 0xc0, 0x0, 0x7,
    0xff, 0xff, 0xff, 0xff, 0xa0, 0x0, 0x1, 0x40,
    0xec, 0x0, 0xb, 0xfd, 0x20, 0x0, 0xd, 0xf4,
    0x0, 0x0, 0x0, 0xe, 0xc0, 0x0, 0x99, 0x0,
    0x0, 0x8, 0xfa, 0x0, 0x0, 0x1, 0x22, 0xec,
    0x22, 0x0, 0x9f, 0xff, 0xff, 0xff, 0xff, 0xf1,
    0x0, 0xdf, 0xff, 0xff, 0xf5, 0x6, 0xaa, 0xaa,
    0xaa, 0xaa, 0xef, 0x10, 0x7, 0x9c, 0xfe, 0x99,
    0x20, 0x0, 0x0, 0x0, 0x0, 0xb, 0xf1, 0x0,
    0x0, 0x9f, 0xe0, 0x0, 0x3, 0x88, 0x88, 0x88,
    0x88, 0xdf, 0x10, 0x0, 0xd, 0xff, 0x80, 0x0,
    0x6f, 0xff, 0xff, 0xff, 0xff, 0xf1, 0x0, 0x2,
    0xff, 0xff, 0x30, 0x0, 0x0, 0x0, 0x0, 0x0,
    0xbf, 0x10, 0x0, 0x7f, 0xfd, 0xed, 0x0, 0x0,
    0x0, 0x0, 0x0, 0xb, 0xf1, 0x0, 0xe, 0xde,
    0xc7, 0xd0, 0xc, 0xff, 0xff, 0xff, 0xff, 0xff,
    0x10, 0x5, 0xf7, 0xec, 0x3, 0x0, 0x79, 0x99,
    0x99, 0x99, 0x99, 0x90, 0x0, 0xcf, 0x2e, 0xc0,
    0x0, 0x0, 0x1, 0x10, 0x30, 0x0, 0x0, 0x0,
    0x3f, 0xb0, 0xec, 0x0, 0x17, 0x21, 0xfb, 0x4f,
    0xa0, 0x3, 0xa0, 0x0, 0x93, 0xe, 0xc0, 0x4,
    0xf5, 0x1f, 0xb0, 0x8f, 0xc0, 0x5f, 0x80, 0x0,
    0x0, 0xec, 0x0, 0x8f, 0x31, 0xfb, 0x0, 0x85,
    0x20, 0xcf, 0x20, 0x0, 0xe, 0xc0, 0xd, 0xf0,
    0x1f, 0xb0, 0x0, 0xa, 0xa4, 0xfa, 0x0, 0x0,
    0xec, 0x1, 0xfa, 0x0, 0xff, 0xa9, 0x9b, 0xf8,
    0x8, 0x10, 0x0, 0xe, 0xc0, 0x1, 0x30, 0x8,
    0xef, 0xff, 0xeb, 0x10, 0x0,

    /* U+7A97 "窗" */
    0x0, 0x0, 0x0, 0x0, 0x0, 0x55, 0x0, 0x0,
    0x0, 0x0, 0x0, 0x0, 0x0, 0x0, 0x0, 0x2,
    0xfe, 0x0, 0x0, 0x0, 0x0, 0x0, 0x1f, 0xff,
    0xff, 0xff, 0xff, 0xff, 0xff, 0xff, 0xff, 0xff,
    0xf6, 0x1f, 0xea, 0xaa, 0xaa, 0xaa, 0xaa, 0xaa,
    0xaa, 0xaa, 0xac, 0xf7, 0x1f, 0xc0, 0x1, 0xab,
    0x20, 0x0, 0x0, 0x75, 0x0, 0x7, 0xf7, 0x1b,
    0x80, 0x7e, 0xfb, 0x10, 0x0, 0x4, 0xff, 0xfa,
    0x55, 0xc5, 0x2, 0x9f, 0xff, 0x60, 0x5, 0x10,
    0x0, 0x16, 0xcf, 0xfd, 0x70, 0x4f, 0xff, 0x81,
    0x0, 0x8f, 0xc0, 0x0, 0x0, 0x2, 0xaf, 0xfa,
    0x7, 0x60, 0x0, 0x3, 0xfe, 0x20, 0x0, 0x0,
    0x0, 0x1, 0x70, 0x0, 0xcf, 0xff, 0xff, 0xff,
    0xff, 0xff, 0xff, 0xff, 0xfe, 0x0, 0x0, 0xcf,
    0xaa, 0xaa, 0xaa, 0xaa, 0xaa, 0xaa, 0xaa, 0xff,
    0x0, 0x0, 0xcf, 0x10, 0x0, 0x7e, 0x50, 0x0,
    0x0, 0x0, 0xff, 0x0, 0x0, 0xcf, 0x10, 0x3,
    0xff, 0xa8, 0x88, 0x88, 0x0, 0xff, 0x0, 0x0,
    0xcf, 0x10, 0x2e, 0xff, 0xff, 0xff, 0xff, 0x0,
    0xff, 0x0, 0x0, 0xcf, 0x13, 0xef, 0xf5, 0x0,
    0x7, 0xfa, 0x0, 0xff, 0x0, 0x0, 0xcf, 0x16,
    0xfa, 0xef, 0xe7, 0xaf, 0xd1, 0x0, 0xff, 0x0,
    0x0, 0xcf, 0x10, 0x20, 0x1b, 0xff, 0xfe, 0x10,
    0x0, 0xff, 0x0, 0x0, 0xcf, 0x12, 0xad, 0xff,
    0xfb, 0xef, 0xd3, 0x0, 0xff, 0x0, 0x0, 0xcf,
    0x10, 0xee, 0xb7, 0x10, 0x1a, 0xd1, 0x0, 0xff,
    0x0, 0x0, 0xcf, 0x99, 0x99, 0x99, 0x99, 0x99,
    0x99, 0x99, 0xff, 0x0, 0x0, 0xcf, 0xff, 0xff,
    0xff, 0xff, 0xff, 0xff, 0xff, 0xff, 0x0, 0x0,
    0xcf, 0x10, 0x0, 0x0, 0x0, 0x0, 0x0, 0x0,
    0xff, 0x0,

    /* U+7ACB "立" */
    0x0, 0x0, 0x0, 0x0, 0x0, 0x30, 0x0, 0x0,
    0x0, 0x0, 0x0, 0x0, 0x0, 0x0, 0x0, 0x2e,
    0xf1, 0x0, 0x0, 0x0, 0x0, 0x0, 0x0, 0x0,
    0x0, 0x0, 0xd, 0xf6, 0x0, 0x0, 0x0, 0x0,
    0x0, 0x0, 0x0, 0x0, 0x0, 0x8, 0xfb, 0x0,
    0x0, 0x0, 0x0, 0x0, 0x0, 0x0, 0x0, 0x0,
    0x3, 0xff, 0x0, 0x0, 0x0, 0x0, 0x0, 0xe,
    0xff, 0xff, 0xff, 0xff, 0xff, 0xff, 0xff, 0xff,
    0xff, 0xb0, 0xa, 0xbb, 0xbb, 0xbb, 0xbb, 0xbb,
    0xbb, 0xbb, 0xbb, 0xbb, 0x80, 0x0, 0x0, 0x1,
    0x0, 0x0, 0x0, 0x0, 0x0, 0x85, 0x0, 0x0,
    0x0, 0x3, 0xed, 0x0, 0x0, 0x0, 0x0, 0x2,
    0xff, 0x10, 0x0, 0x0, 0x0, 0xef, 0x50, 0x0,
    0x0, 0x0, 0x6, 0xfd, 0x0, 0x0, 0x0, 0x0,
    0x8f, 0xc0, 0x0, 0x0, 0x0, 0x9, 0xf9, 0x0,
    0x0, 0x0, 0x0, 0x2f, 0xf2, 0x0, 0x0, 0x0,
    0xe, 0xf5, 0x0, 0x0, 0x0, 0x0, 0xc, 0xf7,
    0x0, 0x0, 0x0, 0x2f, 0xf0, 0x0, 0x0, 0x0,
    0x0, 0x6, 0xfd, 0x0, 0x0, 0x0, 0x7f, 0xb0,
    0x0, 0x0, 0x0, 0x0, 0x2, 0xff, 0x10, 0x0,
    0x0, 0xdf, 0x60, 0x0, 0x0, 0x0, 0x0, 0x0,
    0xdf, 0x60, 0x0, 0x2, 0xff, 0x10, 0x0, 0x0,
    0x0, 0x0, 0x0, 0x9f, 0xa0, 0x0, 0x8, 0xfb,
    0x0, 0x0, 0x0, 0x0, 0x0, 0x0, 0x5f, 0x90,
    0x0, 0xe, 0xf4, 0x0, 0x0, 0x0, 0x0, 0x0,
    0x0, 0x1, 0x0, 0x0, 0x5f, 0xd0, 0x0, 0x0,
    0x0, 0xab, 0xbb, 0xbb, 0xbb, 0xbb, 0xbb, 0xdf,
    0xdb, 0xbb, 0xbb, 0xb7, 0xef, 0xff, 0xff, 0xff,
    0xff, 0xff, 0xff, 0xff, 0xff, 0xff, 0xfa, 0x11,
    0x11, 0x11, 0x11, 0x11, 0x11, 0x11, 0x11, 0x11,
    0x11, 0x10,

    /* U+7AD6 "竖" */
    0x0, 0x0, 0x0, 0x13, 0x0, 0x0, 0x0, 0x0,
    0x0, 0x0, 0x0, 0x0, 0x12, 0x0, 0x9f, 0x30,
    0x45, 0x55, 0x55, 0x55, 0x55, 0x0, 0x0, 0xcf,
    0x10, 0x9f, 0x30, 0xef, 0xff, 0xff, 0xff, 0xff,
    0x0, 0x0, 0xcf, 0x10, 0x9f, 0x30, 0x67, 0x77,
    0x77, 0x7a, 0xfc, 0x0, 0x0, 0xcf, 0x10, 0x9f,
    0x30, 0x9, 0x40, 0x0, 0xe, 0xf4, 0x0, 0x0,
    0xcf, 0x10, 0x9f, 0x30, 0x3f, 0xf5, 0x0, 0xbf,
    0x90, 0x0, 0x0, 0xcf, 0x10, 0x9f, 0x30, 0x4,
    0xff, 0x9b, 0xfc, 0x0, 0x0, 0x0, 0xcf, 0x10,
    0x9f, 0x30, 0x0, 0x2f, 0xff, 0xf3, 0x0, 0x0,
    0x0, 0xcf, 0x10, 0x9f, 0x30, 0x27, 0xef, 0xff,
    0xff, 0xb6, 0x10, 0x0, 0xcf, 0x10, 0x9f, 0x38,
    0xff, 0xfb, 0x30, 0x6d, 0xff, 0xe1, 0x0, 0x8a,
    0x0, 0x9f, 0x31, 0xc8, 0x20, 0x0, 0x0, 0x3a,
    0x40, 0x0, 0x0, 0x0, 0x7c, 0x20, 0x9d, 0x0,
    0x0, 0x0, 0x0, 0x0, 0x0, 0x0, 0x0, 0x0,
    0x0, 0xaf, 0x60, 0x0, 0x0, 0x0, 0x0, 0x0,
    0xff, 0xff, 0xff, 0xff, 0xff, 0xff, 0xff, 0xff,
    0xff, 0xb0, 0x0, 0x9a, 0xaa, 0xaa, 0xaa, 0xaa,
    0xaa, 0xaa, 0xaa, 0xaa, 0x70, 0x0, 0x0, 0x7,
    0x0, 0x0, 0x0, 0x0, 0x0, 0x63, 0x0, 0x0,
    0x0, 0x0, 0xbf, 0x50, 0x0, 0x0, 0x0, 0x2,
    0xff, 0x20, 0x0, 0x0, 0x0, 0x4f, 0xd0, 0x0,
    0x0, 0x0, 0x9, 0xfa, 0x0, 0x0, 0x0, 0x0,
    0xc, 0xf4, 0x0, 0x0, 0x0, 0xf, 0xf2, 0x0,
    0x0, 0x0, 0x0, 0x6, 0xfa, 0x0, 0x0, 0x0,
    0x6f, 0xb0, 0x0, 0x0, 0x3c, 0xcc, 0xcd, 0xff,
    0xcc, 0xcc, 0xcc, 0xef, 0xdc, 0xcc, 0xcb, 0x4f,
    0xff, 0xff, 0xff, 0xff, 0xff, 0xff, 0xff, 0xff,
    0xff, 0xfe,

    /* U+7AEF "端" */
    0x0, 0x15, 0x0, 0x0, 0x0, 0x0, 0x1, 0x86,
    0x0, 0x0, 0x0, 0x0, 0xbf, 0x30, 0x0, 0x1,
    0x10, 0x3, 0xfd, 0x0, 0x1, 0x10, 0x0, 0x6f,
    0x80, 0x0, 0x3f, 0xb0, 0x3, 0xfd, 0x0, 0xf,
    0xd0, 0x0, 0x1f, 0xd0, 0x0, 0x3f, 0xb0, 0x3,
    0xfd, 0x0, 0xf, 0xd0, 0xac, 0xcf, 0xfc, 0xcc,
    0x3f, 0xb0, 0x3, 0xfd, 0x0, 0xf, 0xd0, 0xde,
    0xee, 0xee, 0xee, 0x4f, 0xe8, 0x8a, 0xfe, 0x88,
    0x9f, 0xd0, 0x0, 0x0, 0x0, 0x0, 0x3f, 0xff,
    0xff, 0xff, 0xff, 0xff, 0xd0, 0x0, 0x0, 0x4,
    0xa2, 0x0, 0x0, 0x0, 0x0, 0x0, 0x0, 0x0,
    0x1e, 0x50, 0x7, 0xf4, 0x0, 0x0, 0x0, 0x0,
    0x0, 0x0, 0x0, 0xf, 0x70, 0xa, 0xf1, 0xcf,
    0xff, 0xff, 0xff, 0xff, 0xff, 0xf8, 0xe, 0x90,
    0xc, 0xf0, 0x8a, 0xaa, 0xad, 0xfc, 0xaa, 0xaa,
    0xa5, 0xd, 0xb0, 0xe, 0xc0, 0x0, 0x0, 0xc,
    0xf3, 0x0, 0x0, 0x0, 0xb, 0xc0, 0x1f, 0x90,
    0x8, 0x88, 0x8f, 0xf8, 0x88, 0x88, 0x80, 0xa,
    0xe0, 0x4f, 0x60, 0xf, 0xff, 0xff, 0xff, 0xff,
    0xff, 0xf0, 0x8, 0xf0, 0x7f, 0x20, 0xf, 0xb0,
    0xaf, 0x11, 0xfa, 0xc, 0xf0, 0x7, 0xf2, 0xbe,
    0x0, 0xf, 0xb0, 0x9f, 0x11, 0xf9, 0xc, 0xf0,
    0x5, 0xe3, 0xea, 0x0, 0xf, 0xb0, 0x9f, 0x11,
    0xf9, 0xc, 0xf0, 0x0, 0x2, 0xfa, 0xbc, 0xf,
    0xb0, 0x9f, 0x11, 0xf9, 0xc, 0xf0, 0x2, 0x6c,
    0xff, 0xf8, 0xf, 0xb0, 0x9f, 0x11, 0xf9, 0xc,
    0xf0, 0xbf, 0xff, 0xd6, 0x0, 0xf, 0xb0, 0x9f,
    0x11, 0xf9, 0xc, 0xf0, 0x8c, 0x72, 0x0, 0x0,
    0xf, 0xb0, 0x9f, 0x11, 0xf9, 0x8e, 0xf0, 0x0,
    0x0, 0x0, 0x0, 0xe, 0xa0, 0x1, 0x0, 0x0,
    0xbf, 0x70,

    /* U+7B26 "符" */
    0x0, 0x0, 0x3a, 0x40, 0x0, 0x0, 0x0, 0x87,
    0x10, 0x0, 0x0, 0x0, 0x0, 0xa, 0xf7, 0x0,
    0x0, 0x0, 0x1f, 0xe0, 0x0, 0x0, 0x0, 0x0,
    0x2, 0xff, 0xba, 0xaa, 0xa7, 0x8, 0xfe, 0xaa,
    0xaa, 0xaa, 0x20, 0x0, 0xbf, 0xff, 0xff, 0xff,
    0xa2, 0xff, 0xff, 0xff, 0xff, 0xf4, 0x0, 0x6f,
    0xf2, 0x8f, 0xb2, 0x21, 0xcf, 0x92, 0xaf, 0xa2,
    0x22, 0x0, 0x3f, 0xf7, 0x1, 0xff, 0x40, 0xaf,
    0xd0, 0x1, 0xff, 0x30, 0x0, 0xb, 0xfb, 0x0,
    0x8, 0xf8, 0x1e, 0xf3, 0x0, 0x7, 0xa1, 0x0,
    0x0, 0x8, 0x10, 0x1a, 0x43, 0x0, 0x14, 0x0,
    0x0, 0x54, 0x0, 0x0, 0x0, 0x0, 0x9, 0xf8,
    0x0, 0x0, 0x0, 0x0, 0xf, 0xe0, 0x0, 0x0,
    0x0, 0x2, 0xff, 0x10, 0x0, 0x0, 0x0, 0x0,
    0xfe, 0x0, 0x0, 0x0, 0x0, 0xcf, 0x80, 0xad,
    0xdd, 0xdd, 0xdd, 0xdf, 0xfd, 0xdd, 0x20, 0x0,
    0x6f, 0xf2, 0xc, 0xff, 0xff, 0xff, 0xff, 0xff,
    0xff, 0xf2, 0x0, 0x3f, 0xff, 0x10, 0x0, 0x1,
    0x0, 0x0, 0xf, 0xe0, 0x0, 0x0, 0x1e, 0xff,
    0xf1, 0x0, 0x9, 0xf2, 0x0, 0x0, 0xfe, 0x0,
    0x0, 0x1d, 0xfa, 0xdf, 0x10, 0x0, 0xbf, 0xd0,
    0x0, 0xf, 0xe0, 0x0, 0x0, 0xcb, 0xc, 0xf1,
    0x0, 0x1, 0xef, 0x80, 0x0, 0xfe, 0x0, 0x0,
    0x1, 0x0, 0xcf, 0x10, 0x0, 0x5, 0xff, 0x20,
    0xf, 0xe0, 0x0, 0x0, 0x0, 0xc, 0xf1, 0x0,
    0x0, 0xc, 0x80, 0x0, 0xfe, 0x0, 0x0, 0x0,
    0x0, 0xcf, 0x10, 0x0, 0x0, 0x0, 0x0, 0xf,
    0xe0, 0x0, 0x0, 0x0, 0xc, 0xf1, 0x0, 0x0,
    0x0, 0x21, 0x1, 0xfe, 0x0, 0x0, 0x0, 0x0,
    0xcf, 0x10, 0x0, 0x0, 0xf, 0xff, 0xff, 0xb0,
    0x0, 0x0, 0x0, 0xc, 0xf1, 0x0, 0x0, 0x0,
    0x8b, 0xde, 0xb2, 0x0, 0x0,

    /* U+7B2C "第" */
    0x0, 0x0, 0x73, 0x0, 0x0, 0x0, 0x1, 0x61,
    0x0, 0x0, 0x0, 0x0, 0x5, 0xfd, 0x0, 0x0,
    0x0, 0xa, 0xf8, 0x0, 0x0, 0x0, 0x0, 0x1e,
    0xff, 0xff, 0xff, 0xd0, 0x5f, 0xff, 0xff, 0xff,
    0xfd, 0x1, 0xdf, 0xb9, 0xff, 0xa9, 0x84, 0xff,
    0x99, 0xff, 0xb9, 0x98, 0x2d, 0xfa, 0x0, 0x6f,
    0xc0, 0x5f, 0xf6, 0x0, 0x5f, 0xd1, 0x0, 0x2c,
    0x90, 0x0, 0x9, 0x70, 0x2c, 0x50, 0x0, 0x8,
    0x80, 0x0, 0x0, 0x28, 0x88, 0x88, 0x88, 0x88,
    0x88, 0x88, 0x88, 0x86, 0x0, 0x0, 0x4f, 0xff,
    0xff, 0xff, 0xff, 0xff, 0xff, 0xff, 0xfc, 0x0,
    0x0, 0x0, 0x0, 0x0, 0x0, 0xcf, 0x10, 0x0,
    0x1, 0xfc, 0x0, 0x0, 0x0, 0x0, 0x0, 0x0,
    0xcf, 0x10, 0x0, 0x1, 0xfc, 0x0, 0x0, 0xa,
    0xaa, 0xaa, 0xaa, 0xef, 0xaa, 0xaa, 0xaa, 0xfc,
    0x0, 0x0, 0x3f, 0xff, 0xff, 0xff, 0xff, 0xff,
    0xff, 0xff, 0xfc, 0x0, 0x0, 0x7f, 0x50, 0x0,
    0x0, 0xcf, 0x10, 0x0, 0x0, 0x0, 0x0, 0x0,
    0xaf, 0x30, 0x0, 0x0, 0xcf, 0x10, 0x0, 0x0,
    0x0, 0x0, 0x0, 0xef, 0xff, 0xff, 0xff, 0xff,
    0xff, 0xff, 0xff, 0xff, 0xe0, 0x0, 0x88, 0x88,
    0x88, 0xef, 0xff, 0x98, 0x88, 0x88, 0xaf, 0xd0,
    0x0, 0x0, 0x0, 0x9, 0xfd, 0xdf, 0x10, 0x0,
    0x0, 0x4f, 0xb0, 0x0, 0x0, 0x4, 0xdf, 0xc1,
    0xcf, 0x10, 0x0, 0x0, 0x5f, 0x90, 0x0, 0x6,
    0xdf, 0xf8, 0x0, 0xcf, 0x10, 0x3b, 0xaa, 0xdf,
    0x60, 0x4b, 0xff, 0xfb, 0x30, 0x0, 0xcf, 0x10,
    0x2f, 0xff, 0xfc, 0x0, 0x3f, 0xfa, 0x30, 0x0,
    0x0, 0xcf, 0x10, 0x1, 0x12, 0x10, 0x0, 0x4,
    0x0, 0x0, 0x0, 0x0, 0xcf, 0x10, 0x0, 0x0,
    0x0, 0x0,

    /* U+7B49 "等" */
    0x0, 0x0, 0x64, 0x0, 0x0, 0x0, 0x0, 0x72,
    0x0, 0x0, 0x0, 0x0, 0x3, 0xfe, 0x0, 0x0,
    0x0, 0x7, 0xfa, 0x0, 0x0, 0x0, 0x0, 0xd,
    0xff, 0xff, 0xff, 0xf2, 0x2f, 0xff, 0xff, 0xff,
    0xfe, 0x0, 0xbf, 0xc9, 0xef, 0xb9, 0x92, 0xef,
    0xa9, 0xff, 0xb9, 0x98, 0x1c, 0xfc, 0x0, 0x4f,
    0xd1, 0x1d, 0xf9, 0x0, 0x6f, 0xb0, 0x0, 0x2d,
    0xb0, 0x0, 0x9, 0xb2, 0x7, 0xa0, 0x0, 0x6,
    0x0, 0x0, 0x0, 0x0, 0x0, 0x0, 0x0, 0x7b,
    0x20, 0x0, 0x0, 0x0, 0x0, 0x0, 0x7a, 0xaa,
    0xaa, 0xaa, 0xdf, 0xba, 0xaa, 0xaa, 0xa9, 0x0,
    0x0, 0xbf, 0xff, 0xff, 0xff, 0xff, 0xff, 0xff,
    0xff, 0xff, 0x0, 0x0, 0x0, 0x0, 0x0, 0x0,
    0xaf, 0x40, 0x0, 0x0, 0x0, 0x0, 0x0, 0x0,
    0x0, 0x0, 0x0, 0xaf, 0x40, 0x0, 0x0, 0x0,
    0x0, 0x6f, 0xff, 0xff, 0xff, 0xff, 0xff, 0xff,
    0xff, 0xff, 0xff, 0xfd, 0x3a, 0xaa, 0xaa, 0xaa,
    0xaa, 0xaa, 0xaa, 0xaa, 0xaa, 0xaa, 0xa8, 0x0,
    0x0, 0x0, 0x0, 0x0, 0x0, 0x0, 0x8, 0xe4,
    0x0, 0x0, 0x3, 0xaa, 0xaa, 0xaa, 0xaa, 0xaa,
    0xaa, 0xad, 0xfc, 0xaa, 0xa0, 0x5, 0xff, 0xff,
    0xff, 0xff, 0xff, 0xff, 0xff, 0xff, 0xff, 0xf1,
    0x0, 0x0, 0x34, 0x0, 0x0, 0x0, 0x0, 0x9,
    0xf5, 0x0, 0x0, 0x0, 0x2, 0xff, 0x50, 0x0,
    0x0, 0x0, 0x9, 0xf5, 0x0, 0x0, 0x0, 0x0,
    0x7f, 0xf6, 0x0, 0x0, 0x0, 0x9, 0xf5, 0x0,
    0x0, 0x0, 0x0, 0x6, 0xf7, 0x0, 0x10, 0x0,
    0xa, 0xf4, 0x0, 0x0, 0x0, 0x0, 0x0, 0x10,
    0x1, 0xfe, 0xdc, 0xef, 0xf2, 0x0, 0x0, 0x0,
    0x0, 0x0, 0x0, 0x0, 0xac, 0xef, 0xfd, 0x70,
    0x0, 0x0,

    /* U+7B4B "筋" */
    0x0, 0x0, 0xa, 0x60, 0x0, 0x0, 0x0, 0x39,
    0x30, 0x0, 0x0, 0x0, 0x0, 0x5, 0xfa, 0x0,
    0x0, 0x0, 0xa, 0xf5, 0x0, 0x0, 0x0, 0x0,
    0x0, 0xdf, 0xdb, 0xbb, 0xbb, 0x2, 0xff, 0xcb,
    0xbb, 0xbb, 0x70, 0x0, 0x7f, 0xff, 0xff, 0xff,
    0xf1, 0xcf, 0xff, 0xff, 0xff, 0xfa, 0x0, 0x3f,
    0xf2, 0x2f, 0xf3, 0x0, 0x8f, 0xc0, 0x2f, 0xf2,
    0x0, 0x0, 0x2e, 0xf7, 0x0, 0x9f, 0xc0, 0x5f,
    0xf3, 0x0, 0x8f, 0xb0, 0x0, 0x6, 0xfb, 0x0,
    0x1, 0xfb, 0x17, 0xf7, 0x0, 0x0, 0xe8, 0x0,
    0x0, 0x4, 0x10, 0x0, 0x2, 0x0, 0x3, 0x0,
    0x76, 0x0, 0x0, 0x0, 0x0, 0xd, 0xff, 0xff,
    0xff, 0xd0, 0x0, 0xf, 0xd0, 0x0, 0x0, 0x0,
    0x0, 0xdf, 0xaa, 0xaa, 0xfd, 0x0, 0x0, 0xfd,
    0x0, 0x0, 0x0, 0x0, 0xd, 0xd0, 0x0, 0xe,
    0xd0, 0xad, 0xdf, 0xfd, 0xdd, 0xdc, 0x0, 0x0,
    0xdd, 0x0, 0x0, 0xed, 0xb, 0xff, 0xff, 0xff,
    0xff, 0xe0, 0x0, 0xd, 0xff, 0xff, 0xff, 0xd0,
    0x0, 0x3f, 0xb0, 0x1, 0xfe, 0x0, 0x0, 0xde,
    0x88, 0x88, 0xfd, 0x0, 0x4, 0xf9, 0x0, 0x1f,
    0xe0, 0x0, 0xd, 0xd0, 0x0, 0xe, 0xd0, 0x0,
    0x6f, 0x70, 0x1, 0xfd, 0x0, 0x0, 0xef, 0xaa,
    0xaa, 0xfd, 0x0, 0x9, 0xf5, 0x0, 0x2f, 0xd0,
    0x0, 0xf, 0xff, 0xff, 0xff, 0xd0, 0x0, 0xef,
    0x0, 0x3, 0xfc, 0x0, 0x5, 0xf8, 0x0, 0x0,
    0xed, 0x0, 0x4f, 0xb0, 0x0, 0x4f, 0xb0, 0x0,
    0xaf, 0x40, 0x0, 0xe, 0xd0, 0xc, 0xf4, 0x0,
    0x5, 0xf9, 0x0, 0x1f, 0xd0, 0x0, 0x0, 0xfd,
    0x7, 0xfc, 0x0, 0x0, 0xbf, 0x70, 0xa, 0xf6,
    0x4, 0xba, 0xaf, 0xb5, 0xff, 0x20, 0xde, 0xff,
    0xf2, 0x0, 0xac, 0x0, 0x2f, 0xff, 0xf4, 0x1d,
    0x40, 0x9, 0xef, 0xd5, 0x0, 0x0, 0x0, 0x0,
    0x0, 0x10, 0x0, 0x0, 0x0, 0x0, 0x0, 0x0,
    0x0,

    /* U+7B54 "答" */
    0x0, 0x0, 0x30, 0x0, 0x0, 0x0, 0x1, 0x10,
    0x0, 0x0, 0x0, 0x0, 0x2, 0xfd, 0x0, 0x0,
    0x0, 0x8, 0xf5, 0x0, 0x0, 0x0, 0x0, 0x8,
    0xf8, 0x0, 0x0, 0x0, 0xe, 0xf2, 0x0, 0x0,
    0x0, 0x0, 0x2f, 0xff, 0xff, 0xff, 0xf1, 0x5f,
    0xff, 0xff, 0xff, 0xfb, 0x0, 0xbf, 0xcc, 0xff,
    0xaa, 0xa1, 0xdf, 0xab, 0xfe, 0xaa, 0xa7, 0x7,
    0xfe, 0x0, 0xef, 0x40, 0x8, 0xfa, 0x0, 0xdf,
    0x40, 0x0, 0x5f, 0xf4, 0x0, 0x6f, 0xe1, 0x9,
    0xd1, 0x0, 0x5f, 0xd0, 0x0, 0x3e, 0x70, 0x0,
    0xc, 0x74, 0xef, 0x60, 0x0, 0x9, 0x30, 0x0,
    0x0, 0x0, 0x0, 0x2, 0xaf, 0xff, 0xc5, 0x0,
    0x0, 0x0, 0x0, 0x0, 0x0, 0x2, 0x9f, 0xfc,
    0x37, 0xff, 0xd7, 0x10, 0x0, 0x0, 0x0, 0x16,
    0xcf, 0xfe, 0x60, 0x0, 0x18, 0xff, 0xfa, 0x50,
    0x0, 0x5c, 0xff, 0xfd, 0x71, 0x0, 0x0, 0x0,
    0x18, 0xef, 0xff, 0xb6, 0x6f, 0xea, 0x42, 0xff,
    0xff, 0xff, 0xff, 0xfe, 0x4, 0xaf, 0xf7, 0x14,
    0x0, 0x1, 0x88, 0x88, 0x88, 0x88, 0x87, 0x0,
    0x0, 0x50, 0x0, 0x0, 0x0, 0x0, 0x0, 0x0,
    0x0, 0x0, 0x0, 0x0, 0x0, 0x0, 0xd, 0xff,
    0xff, 0xff, 0xff, 0xff, 0xff, 0xff, 0xd0, 0x0,
    0x0, 0xe, 0xfa, 0xaa, 0xaa, 0xaa, 0xaa, 0xaa,
    0xaf, 0xe0, 0x0, 0x0, 0xe, 0xf0, 0x0, 0x0,
    0x0, 0x0, 0x0, 0xf, 0xe0, 0x0, 0x0, 0xe,
    0xf0, 0x0, 0x0, 0x0, 0x0, 0x0, 0xf, 0xe0,
    0x0, 0x0, 0xe, 0xf8, 0x88, 0x88, 0x88, 0x88,
    0x88, 0x8f, 0xe0, 0x0, 0x0, 0xe, 0xff, 0xff,
    0xff, 0xff, 0xff, 0xff, 0xff, 0xe0, 0x0, 0x0,
    0xe, 0xf0, 0x0, 0x0, 0x0, 0x0, 0x0, 0xf,
    0xe0, 0x0, 0x0, 0x1, 0x10, 0x0, 0x0, 0x0,
    0x0, 0x0, 0x0, 0x0, 0x0,

    /* U+7B97 "算" */
    0x0, 0x1, 0x72, 0x0, 0x0, 0x0, 0x3, 0x51,
    0x0, 0x0, 0x0, 0x0, 0x9, 0xf9, 0x0, 0x0,
    0x0, 0xc, 0xf4, 0x0, 0x0, 0x0, 0x0, 0x4f,
    0xff, 0xff, 0xff, 0xc0, 0x7f, 0xff, 0xff, 0xff,
    0xf8, 0x2, 0xef, 0x9a, 0xff, 0x99, 0x75, 0xff,
    0x9b, 0xff, 0x99, 0x95, 0x3e, 0xf7, 0x0, 0xaf,
    0x90, 0x4f, 0xf4, 0x0, 0xcf, 0x50, 0x0, 0x7f,
    0x80, 0x0, 0x1e, 0x90, 0x1c, 0x60, 0x0, 0x25,
    0x0, 0x0, 0x2, 0x3a, 0xaa, 0xaa, 0xaa, 0xaa,
    0xaa, 0xaa, 0xaa, 0xa2, 0x0, 0x0, 0x4f, 0xff,
    0xff, 0xff, 0xff, 0xff, 0xff, 0xff, 0xf3, 0x0,
    0x0, 0x4f, 0x82, 0x22, 0x22, 0x22, 0x22, 0x22,
    0x2a, 0xf3, 0x0, 0x0, 0x4f, 0xff, 0xff, 0xff,
    0xff, 0xff, 0xff, 0xff, 0xf3, 0x0, 0x0, 0x4f,
    0x82, 0x22, 0x22, 0x22, 0x22, 0x22, 0x2a, 0xf3,
    0x0, 0x0, 0x4f, 0xff, 0xff, 0xff, 0xff, 0xff,
    0xff, 0xff, 0xf3, 0x0, 0x0, 0x4f, 0xb7, 0x77,
    0x77, 0x77, 0x77, 0x77, 0x7c, 0xf3, 0x0, 0x0,
    0x4f, 0x81, 0x11, 0x11, 0x11, 0x11, 0x11, 0x19,
    0xf3, 0x0, 0x0, 0x4f, 0xff, 0xff, 0xff, 0xff,
    0xff, 0xff, 0xff, 0xf3, 0x0, 0x0, 0x28, 0x88,
    0xef, 0x98, 0x88, 0x8a, 0xfc, 0x88, 0x81, 0x0,
    0x1, 0x11, 0x11, 0xcf, 0x31, 0x11, 0x15, 0xf9,
    0x11, 0x11, 0x10, 0xef, 0xff, 0xff, 0xff, 0xff,
    0xff, 0xff, 0xff, 0xff, 0xff, 0xfa, 0x9a, 0xaa,
    0xab, 0xff, 0xaa, 0xaa, 0xab, 0xfd, 0xaa, 0xaa,
    0xa6, 0x0, 0x0, 0x6e, 0xf8, 0x0, 0x0, 0x5,
    0xf8, 0x0, 0x0, 0x0, 0x1, 0xcf, 0xff, 0x70,
    0x0, 0x0, 0x5, 0xf8, 0x0, 0x0, 0x0, 0x0,
    0x7e, 0x81, 0x0, 0x0, 0x0, 0x5, 0xf8, 0x0,
    0x0, 0x0, 0x0, 0x0, 0x0, 0x0, 0x0, 0x0,
    0x0, 0x0, 0x0, 0x0, 0x0,

    /* U+7C27 "簧" */
    0x0, 0x4, 0x61, 0x0, 0x0, 0x0, 0x24, 0x0,
    0x0, 0x0, 0x0, 0x0, 0xe, 0xf3, 0x0, 0x0,
    0x0, 0xbf, 0x60, 0x0, 0x0, 0x0, 0x0, 0x9f,
    0xff, 0xff, 0xff, 0xd4, 0xff, 0xff, 0xff, 0xff,
    0xf8, 0x6, 0xff, 0x89, 0xff, 0x88, 0x8e, 0xf8,
    0x89, 0xff, 0x88, 0x84, 0x7f, 0xf5, 0x0, 0xbf,
    0x40, 0x1d, 0x70, 0x0, 0xaf, 0x40, 0x0, 0x3e,
    0x40, 0x2, 0x96, 0x0, 0x0, 0x0, 0x99, 0x1,
    0x0, 0x0, 0x6, 0xaa, 0xab, 0xfc, 0xaa, 0xaa,
    0xaa, 0xff, 0xaa, 0xaa, 0x80, 0x9, 0xff, 0xff,
    0xff, 0xff, 0xff, 0xff, 0xff, 0xff, 0xff, 0xc0,
    0x0, 0x0, 0x5, 0xf6, 0x0, 0x0, 0x0, 0xde,
    0x0, 0x0, 0x0, 0x88, 0x88, 0x8a, 0xfb, 0x88,
    0x88, 0x88, 0xef, 0x88, 0x88, 0x86, 0xef, 0xff,
    0xff, 0xff, 0xff, 0xff, 0xff, 0xff, 0xff, 0xff,
    0xfb, 0x0, 0x0, 0x0, 0x0, 0x0, 0xee, 0x0,
    0x0, 0x0, 0x0, 0x0, 0x0, 0x48, 0x88, 0x88,
    0x88, 0xff, 0x88, 0x88, 0x88, 0x83, 0x0, 0x0,
    0x7f, 0xff, 0xff, 0xff, 0xff, 0xff, 0xff, 0xff,
    0xf6, 0x0, 0x0, 0x7f, 0x40, 0x0, 0x0, 0xee,
    0x0, 0x0, 0x4, 0xf6, 0x0, 0x0, 0x7f, 0xff,
    0xff, 0xff, 0xff, 0xff, 0xff, 0xff, 0xf6, 0x0,
    0x0, 0x7f, 0x85, 0x55, 0x55, 0xee, 0x55, 0x55,
    0x58, 0xf6, 0x0, 0x0, 0x7f, 0xa8, 0x88, 0x88,
    0xff, 0x88, 0x88, 0x8a, 0xf6, 0x0, 0x0, 0x7f,
    0xff, 0xff, 0xff, 0xff, 0xff, 0xff, 0xff, 0xf6,
    0x0, 0x0, 0x0, 0x13, 0x74, 0x0, 0x0, 0x0,
    0x86, 0x41, 0x0, 0x0, 0x7a, 0xce, 0xff, 0xfe,
    0x10, 0x0, 0x5, 0xff, 0xff, 0xdb, 0x82, 0x4f,
    0xdb, 0x96, 0x20, 0x0, 0x0, 0x0, 0x2, 0x58,
    0xcf, 0xd0, 0x0, 0x0, 0x0, 0x0, 0x0, 0x0,
    0x0, 0x0, 0x0, 0x0, 0x0,

    /* U+7C7B "类" */
    0x0, 0x0, 0x6, 0x0, 0x0, 0xc, 0xa0, 0x0,
    0x6, 0x10, 0x0, 0x0, 0x0, 0x8, 0xfc, 0x10,
    0x0, 0xfd, 0x0, 0x8, 0xfb, 0x0, 0x0, 0x0,
    0x0, 0x9, 0xfd, 0x20, 0xf, 0xd0, 0x8, 0xfe,
    0x10, 0x0, 0x0, 0x0, 0x0, 0x9, 0xd1, 0x0,
    0xfd, 0x0, 0xbd, 0x20, 0x0, 0x0, 0x0, 0x45,
    0x55, 0x56, 0x55, 0x5f, 0xd5, 0x55, 0x65, 0x55,
    0x53, 0x0, 0xe, 0xff, 0xff, 0xff, 0xff, 0xff,
    0xff, 0xff, 0xff, 0xff, 0xb0, 0x0, 0x56, 0x66,
    0x66, 0xaf, 0xef, 0xe6, 0x66, 0x66, 0x66, 0x64,
    0x0, 0x0, 0x0, 0x0, 0x8f, 0xe2, 0xfd, 0x4,
    0x91, 0x0, 0x0, 0x0, 0x0, 0x0, 0x5, 0xef,
    0xc1, 0xf, 0xd0, 0xcf, 0xf7, 0x0, 0x0, 0x0,
    0x0, 0x6d, 0xff, 0x80, 0x0, 0xfd, 0x0, 0x8f,
    0xfd, 0x50, 0x0, 0x1, 0xff, 0xfb, 0x20, 0x0,
    0xf, 0xd0, 0x0, 0x2c, 0xff, 0xb0, 0x0, 0x6,
    0xa2, 0x0, 0x0, 0x0, 0x22, 0x0, 0x0, 0x6,
    0xe9, 0x0, 0x0, 0x0, 0x0, 0x0, 0x0, 0xaf,
    0x20, 0x0, 0x0, 0x1, 0x0, 0x0, 0x0, 0x0,
    0x0, 0x0, 0xc, 0xf1, 0x0, 0x0, 0x0, 0x0,
    0x0, 0x7, 0xbb, 0xbb, 0xbb, 0xbb, 0xff, 0xbb,
    0xbb, 0xbb, 0xbb, 0xbb, 0x10, 0xaf, 0xff, 0xff,
    0xff, 0xff, 0xff, 0xff, 0xff, 0xff, 0xff, 0xf1,
    0x0, 0x0, 0x0, 0x0, 0x5f, 0xf9, 0xfc, 0x10,
    0x0, 0x0, 0x0, 0x0, 0x0, 0x0, 0x0, 0x6f,
    0xf9, 0x9, 0xfd, 0x40, 0x0, 0x0, 0x0, 0x0,
    0x0, 0x3, 0xcf, 0xfb, 0x0, 0x8, 0xff, 0xb5,
    0x0, 0x0, 0x0, 0x3, 0x7d, 0xff, 0xf9, 0x0,
    0x0, 0x3, 0xdf, 0xff, 0xa6, 0x30, 0x1e, 0xff,
    0xff, 0xa2, 0x0, 0x0, 0x0, 0x0, 0x5c, 0xff,
    0xff, 0x40, 0x5d, 0xa5, 0x10, 0x0, 0x0, 0x0,
    0x0, 0x0, 0x2, 0x7b, 0xb0,

    /* U+7CBE "精" */
    0x0, 0x0, 0x49, 0x10, 0x0, 0x0, 0x0, 0x8,
    0x70, 0x0, 0x0, 0x0, 0x0, 0x8, 0xf2, 0x0,
    0x0, 0x0, 0x0, 0xfd, 0x0, 0x0, 0x0, 0x2,
    0x90, 0x8f, 0x21, 0xa2, 0xaf, 0xff, 0xff, 0xff,
    0xff, 0xff, 0x0, 0x7f, 0x28, 0xf2, 0x6f, 0x25,
    0x99, 0x99, 0xfe, 0x99, 0x99, 0x90, 0x3, 0xf5,
    0x8f, 0x2b, 0xd0, 0x0, 0x0, 0xf, 0xd0, 0x0,
    0x0, 0x0, 0xf, 0x98, 0xf3, 0xf8, 0x0, 0xbf,
    0xff, 0xff, 0xff, 0xff, 0x50, 0x0, 0xc9, 0x8f,
    0x5f, 0x30, 0x6, 0x88, 0x8f, 0xe8, 0x88, 0x83,
    0x0, 0x0, 0x8, 0xf2, 0x10, 0x0, 0x0, 0x0,
    0xfd, 0x0, 0x0, 0x0, 0x9, 0xff, 0xff, 0xff,
    0xf6, 0xff, 0xff, 0xff, 0xff, 0xff, 0xff, 0x80,
    0x6a, 0xae, 0xfb, 0xaa, 0x4a, 0xaa, 0xaa, 0xaa,
    0xaa, 0xaa, 0xa5, 0x0, 0x0, 0xff, 0x20, 0x0,
    0x0, 0x0, 0x0, 0x0, 0x0, 0x0, 0x0, 0x0,
    0x4f, 0xf2, 0x0, 0x0, 0x88, 0x88, 0x88, 0x88,
    0x88, 0x10, 0x0, 0xa, 0xff, 0xa0, 0x0, 0xf,
    0xff, 0xff, 0xff, 0xff, 0xf2, 0x0, 0x1, 0xff,
    0xff, 0x80, 0x0, 0xfd, 0x0, 0x0, 0x0, 0xaf,
    0x20, 0x0, 0x8f, 0xcf, 0xcf, 0x70, 0xf, 0xe8,
    0x88, 0x88, 0x8d, 0xf2, 0x0, 0x1f, 0xc8, 0xf4,
    0xff, 0x10, 0xff, 0xff, 0xff, 0xff, 0xff, 0x20,
    0xb, 0xf5, 0x8f, 0x27, 0x60, 0xf, 0xd0, 0x0,
    0x0, 0xa, 0xf2, 0x0, 0xec, 0x8, 0xf2, 0x0,
    0x0, 0xfe, 0x88, 0x88, 0x88, 0xdf, 0x20, 0x3,
    0x30, 0x8f, 0x20, 0x0, 0xf, 0xff, 0xff, 0xff,
    0xff, 0xf2, 0x0, 0x0, 0x8, 0xf2, 0x0, 0x0,
    0xfd, 0x0, 0x0, 0x0, 0xaf, 0x20, 0x0, 0x0,
    0x8f, 0x20, 0x0, 0xf, 0xd0, 0x0, 0xd, 0xdf,
    0xf0, 0x0, 0x0, 0x8, 0xf2, 0x0, 0x0, 0xfd,
    0x0, 0x0, 0x9f, 0xe6, 0x0,

    /* U+7CCA "糊" */
    0x0, 0xa, 0x50, 0x0, 0x0, 0xa7, 0x0, 0x0,
    0x0, 0x0, 0x0, 0x0, 0xf, 0x80, 0x0, 0x0,
    0xfc, 0x0, 0xf, 0xff, 0xff, 0xf1, 0x37, 0xf,
    0x80, 0xa2, 0x0, 0xfc, 0x0, 0xf, 0xea, 0xae,
    0xf1, 0x7d, 0xf, 0x84, 0xf2, 0x0, 0xfc, 0x0,
    0xf, 0xb0, 0xb, 0xf1, 0x5f, 0xf, 0x87, 0xf6,
    0xaa, 0xfe, 0xaa, 0x3f, 0xb0, 0xb, 0xf1, 0x3f,
    0x2f, 0x8a, 0xc9, 0xff, 0xff, 0xff, 0x5f, 0xb0,
    0xb, 0xf1, 0xf, 0x4f, 0x8b, 0x90, 0x1, 0xfc,
    0x0, 0xf, 0xd8, 0x8d, 0xf1, 0x2, 0xf, 0x80,
    0x20, 0x0, 0xfc, 0x0, 0xf, 0xff, 0xff, 0xf1,
    0x68, 0x8f, 0xc8, 0x80, 0x0, 0xfc, 0x0, 0xf,
    0xd7, 0x7d, 0xf1, 0xaf, 0xff, 0xff, 0xe0, 0x0,
    0xfc, 0x0, 0xf, 0xb0, 0xb, 0xf1, 0x0, 0x3f,
    0x80, 0x1, 0xbb, 0xfe, 0xb6, 0xf, 0xb0, 0xb,
    0xf1, 0x0, 0x8f, 0x80, 0x1, 0xff, 0xee, 0xfa,
    0xf, 0xb0, 0xb, 0xf1, 0x0, 0xef, 0xe1, 0x1,
    0xf8, 0x0, 0xfa, 0x1f, 0xeb, 0xbe, 0xf1, 0x3,
    0xff, 0xfb, 0x1, 0xf8, 0x0, 0xfa, 0x2f, 0xff,
    0xff, 0xf1, 0xa, 0xef, 0xcf, 0x71, 0xf8, 0x0,
    0xfa, 0x4f, 0x80, 0xb, 0xf1, 0x2f, 0x8f, 0x8c,
    0xf2, 0xf8, 0x0, 0xfa, 0x7f, 0x60, 0xb, 0xf1,
    0xaf, 0x1f, 0x83, 0x61, 0xfd, 0xbb, 0xfa, 0xbf,
    0x40, 0xb, 0xf1, 0xba, 0xf, 0x80, 0x1, 0xff,
    0xff, 0xf9, 0xff, 0x10, 0xb, 0xf1, 0x12, 0xf,
    0x80, 0x1, 0xf8, 0x0, 0x3, 0xfd, 0x0, 0xb,
    0xf1, 0x0, 0xf, 0x80, 0x0, 0x52, 0x0, 0x8,
    0xf8, 0x0, 0xb, 0xf1, 0x0, 0xf, 0x80, 0x0,
    0x0, 0x0, 0xe, 0xf3, 0xf, 0xdf, 0xf0, 0x0,
    0xf, 0x80, 0x0, 0x0, 0x0, 0x7, 0xb0, 0xa,
    0xef, 0x80,

    /* U+7CFB "系" */
    0x0, 0x0, 0x11, 0x23, 0x34, 0x56, 0x78, 0x9b,
    0xce, 0xa0, 0x0, 0x3f, 0xff, 0xff, 0xff, 0xff,
    0xff, 0xff, 0xfe, 0xcb, 0x40, 0x0, 0x8a, 0xa9,
    0x9a, 0xff, 0x75, 0x32, 0x0, 0x0, 0x0, 0x0,
    0x0, 0x0, 0x0, 0xcf, 0x70, 0x0, 0x3, 0x30,
    0x0, 0x0, 0x0, 0x0, 0x0, 0xbf, 0xa0, 0x0,
    0x5, 0xfe, 0x20, 0x0, 0x0, 0x0, 0x1, 0xbf,
    0xa0, 0x0, 0x8, 0xfd, 0x20, 0x0, 0x0, 0x0,
    0x3, 0xdf, 0x70, 0x13, 0x5a, 0xfc, 0x10, 0x0,
    0x0, 0x0, 0x3, 0xff, 0xed, 0xff, 0xff, 0xf9,
    0x0, 0x0, 0x0, 0x0, 0x0, 0x2f, 0xdb, 0x98,
    0xcf, 0xf5, 0x0, 0x3d, 0xc1, 0x0, 0x0, 0x0,
    0x0, 0x3, 0xcf, 0xb1, 0x0, 0x1, 0xcf, 0xc0,
    0x0, 0x0, 0x0, 0x18, 0xfe, 0x50, 0x0, 0x0,
    0x3, 0xef, 0xa0, 0x0, 0x0, 0x8f, 0xfa, 0x56,
    0x89, 0xbd, 0xef, 0xff, 0xff, 0x70, 0x0, 0xaf,
    0xff, 0xff, 0xff, 0xff, 0xc9, 0x75, 0x35, 0xff,
    0x20, 0x3, 0x87, 0x64, 0x32, 0xe, 0xf2, 0x0,
    0x0, 0xa, 0xf8, 0x0, 0x0, 0x4, 0x40, 0x0,
    0xef, 0x20, 0x8, 0x20, 0x14, 0x0, 0x0, 0x4,
    0xff, 0x10, 0xe, 0xf2, 0xa, 0xfe, 0x30, 0x0,
    0x0, 0x7, 0xff, 0x70, 0x0, 0xef, 0x20, 0xa,
    0xff, 0x30, 0x0, 0x2c, 0xff, 0x60, 0x0, 0xe,
    0xf2, 0x0, 0xa, 0xfe, 0x20, 0x7f, 0xfd, 0x30,
    0x1, 0x0, 0xff, 0x20, 0x0, 0xb, 0xfc, 0x5,
    0xf8, 0x0, 0x0, 0xcf, 0xef, 0xf0, 0x0, 0x0,
    0x1e, 0xd2, 0x2, 0x0, 0x0, 0x7, 0xdf, 0xe6,
    0x0, 0x0, 0x0, 0x20, 0x0,

    /* U+7E41 "繁" */
    0x0, 0x5, 0x0, 0x0, 0x0, 0x0, 0x0, 0x43,
    0x0, 0x0, 0x0, 0x0, 0x9f, 0x96, 0x66, 0x66,
    0x66, 0x0, 0xed, 0x0, 0x0, 0x0, 0x6, 0xff,
    0xff, 0xff, 0xff, 0xff, 0x5, 0xf9, 0x44, 0x44,
    0x42, 0x6f, 0xd1, 0x0, 0x0, 0x0, 0x0, 0xd,
    0xff, 0xff, 0xff, 0xf8, 0x8, 0x4f, 0xff, 0xff,
    0xff, 0xe0, 0x8f, 0xb3, 0x33, 0xcf, 0x41, 0x0,
    0x7f, 0x79, 0xf7, 0x5d, 0xc4, 0xff, 0xf4, 0x1,
    0xfa, 0x0, 0x0, 0xaf, 0x11, 0xda, 0xd, 0xb1,
    0xc4, 0xfe, 0x1a, 0xf3, 0x0, 0x9f, 0xff, 0xff,
    0xff, 0xff, 0xff, 0x0, 0x5f, 0xdf, 0x90, 0x0,
    0x47, 0xfd, 0x7e, 0xd7, 0x8f, 0xa6, 0x0, 0xc,
    0xff, 0x40, 0x0, 0x3, 0xfa, 0x36, 0xf5, 0x6f,
    0x70, 0x4, 0xdf, 0xdf, 0xfa, 0x20, 0x6, 0xff,
    0xff, 0xff, 0xff, 0xf0, 0xaf, 0xf7, 0x1, 0xaf,
    0xf7, 0x1, 0x33, 0x33, 0x36, 0x7c, 0x30, 0x3b,
    0x25, 0x10, 0x4, 0xb1, 0x0, 0x0, 0x5, 0xef,
    0x30, 0x0, 0x4, 0xcf, 0xc0, 0x0, 0x0, 0x0,
    0x19, 0xef, 0xa3, 0x23, 0x57, 0xcf, 0xe6, 0x20,
    0x0, 0x0, 0x0, 0x3f, 0xff, 0xee, 0xff, 0xff,
    0xc5, 0x5, 0xfc, 0x10, 0x0, 0x0, 0x0, 0x3,
    0x7c, 0xfd, 0x72, 0x0, 0x0, 0x7f, 0xe3, 0x0,
    0x4, 0x8b, 0xff, 0xc9, 0x54, 0x56, 0x79, 0xbd,
    0xff, 0xff, 0x30, 0x9, 0xff, 0xff, 0xff, 0xff,
    0xff, 0xb9, 0x75, 0x31, 0x4f, 0xf1, 0x1, 0x32,
    0x14, 0x82, 0x0, 0xff, 0x0, 0xb7, 0x20, 0x4,
    0x20, 0x1, 0x58, 0xdf, 0xf8, 0x0, 0xff, 0x3,
    0xef, 0xfd, 0x83, 0x0, 0xd, 0xff, 0xd7, 0x16,
    0xba, 0xfe, 0x0, 0x2, 0x7d, 0xff, 0x40, 0x3,
    0x72, 0x0, 0x4, 0xef, 0xd5, 0x0, 0x0, 0x0,
    0x27, 0x0,

    /* U+7EA2 "红" */
    0x0, 0x0, 0x30, 0x0, 0x0, 0x0, 0x0, 0x0,
    0x0, 0x0, 0x0, 0x0, 0x0, 0xfe, 0x0, 0x0,
    0x0, 0x0, 0x0, 0x0, 0x0, 0x0, 0x0, 0x5,
    0xf9, 0x0, 0x5, 0xff, 0xff, 0xff, 0xff, 0xff,
    0xf7, 0x0, 0xc, 0xf3, 0x0, 0x4, 0xbb, 0xbb,
    0xdf, 0xdb, 0xbb, 0xb5, 0x0, 0x3f, 0xb0, 0x6,
    0x10, 0x0, 0x0, 0x7f, 0x60, 0x0, 0x0, 0x0,
    0xbf, 0x30, 0x7f, 0x90, 0x0, 0x0, 0x7f, 0x60,
    0x0, 0x0, 0x5, 0xfa, 0x0, 0xef, 0x10, 0x0,
    0x0, 0x7f, 0x60, 0x0, 0x0, 0x1e, 0xf6, 0x7b,
    0xf8, 0x0, 0x0, 0x0, 0x7f, 0x60, 0x0, 0x0,
    0x1f, 0xff, 0xff, 0xe1, 0x0, 0x0, 0x0, 0x7f,
    0x60, 0x0, 0x0, 0x8, 0x63, 0xdf, 0x60, 0x0,
    0x0, 0x0, 0x7f, 0x60, 0x0, 0x0, 0x0, 0x7,
    0xfb, 0x0, 0x0, 0x0, 0x0, 0x7f, 0x60, 0x0,
    0x0, 0x0, 0x3f, 0xe1, 0x0, 0x0, 0x0, 0x0,
    0x7f, 0x60, 0x0, 0x0, 0x1, 0xef, 0x41, 0x58,
    0x0, 0x0, 0x0, 0x7f, 0x60, 0x0, 0x0, 0x1d,
    0xfd, 0xcf, 0xff, 0x10, 0x0, 0x0, 0x7f, 0x60,
    0x0, 0x0, 0x4f, 0xff, 0xfa, 0x50, 0x0, 0x0,
    0x0, 0x7f, 0x60, 0x0, 0x0, 0x9, 0x62, 0x0,
    0x0, 0x0, 0x0, 0x0, 0x7f, 0x60, 0x0, 0x0,
    0x0, 0x0, 0x0, 0x4, 0x10, 0x0, 0x0, 0x7f,
    0x60, 0x0, 0x0, 0x0, 0x15, 0x8c, 0xff, 0x70,
    0x0, 0x0, 0x7f, 0x60, 0x0, 0x0, 0x5d, 0xff,
    0xff, 0xd8, 0x30, 0x0, 0x0, 0x7f, 0x60, 0x0,
    0x0, 0x3f, 0xfb, 0x62, 0x0, 0x2, 0x22, 0x22,
    0x9f, 0x72, 0x22, 0x22, 0x4, 0x0, 0x0, 0x0,
    0x4f, 0xff, 0xff, 0xff, 0xff, 0xff, 0xfe, 0x0,
    0x0, 0x0, 0x0, 0x2a, 0xaa, 0xaa, 0xaa, 0xaa,
    0xaa, 0xa9,

    /* U+7EA6 "约" */
    0x0, 0x0, 0x73, 0x0, 0x0, 0x0, 0x6, 0x40,
    0x0, 0x0, 0x0, 0x0, 0x3, 0xfb, 0x0, 0x0,
    0x0, 0x3f, 0xc0, 0x0, 0x0, 0x0, 0x0, 0x9,
    0xf5, 0x0, 0x0, 0x0, 0x8f, 0x70, 0x0, 0x0,
    0x0, 0x0, 0x1f, 0xe0, 0x0, 0x0, 0x0, 0xff,
    0x10, 0x0, 0x0, 0x0, 0x0, 0x7f, 0x70, 0x3a,
    0x30, 0x7, 0xff, 0xbb, 0xbb, 0xbb, 0xb1, 0x1,
    0xfe, 0x0, 0xcf, 0x40, 0x1f, 0xff, 0xff, 0xff,
    0xff, 0xf1, 0xa, 0xf4, 0x4, 0xfc, 0x0, 0xbf,
    0x91, 0x11, 0x11, 0x1d, 0xf1, 0x4f, 0xea, 0xcf,
    0xf4, 0x8, 0xfe, 0x10, 0x0, 0x0, 0xd, 0xf1,
    0x3f, 0xfe, 0xff, 0xa0, 0x8, 0xf3, 0x0, 0x0,
    0x0, 0xd, 0xf1, 0x3, 0x2, 0xff, 0x10, 0x0,
    0x20, 0x1, 0x0, 0x0, 0xd, 0xf1, 0x0, 0xd,
    0xf5, 0x0, 0x0, 0x0, 0x8f, 0x50, 0x0, 0xe,
    0xf0, 0x0, 0x9f, 0xa0, 0x0, 0x0, 0x0, 0x4f,
    0xe0, 0x0, 0xe, 0xf0, 0x6, 0xfc, 0x37, 0xbc,
    0x0, 0x0, 0xb, 0xf6, 0x0, 0xe, 0xf0, 0x5f,
    0xff, 0xff, 0xea, 0x0, 0x0, 0x4, 0xfd, 0x0,
    0xf, 0xf0, 0x5f, 0xfc, 0x94, 0x0, 0x0, 0x0,
    0x0, 0xdb, 0x10, 0xf, 0xe0, 0x3, 0x0, 0x0,
    0x0, 0x0, 0x0, 0x0, 0x10, 0x0, 0xf, 0xd0,
    0x0, 0x0, 0x3, 0x7a, 0x20, 0x0, 0x0, 0x0,
    0x0, 0x1f, 0xc0, 0x4, 0x7b, 0xff, 0xff, 0x50,
    0x0, 0x0, 0x0, 0x0, 0x3f, 0xa0, 0x9f, 0xff,
    0xfb, 0x62, 0x0, 0x0, 0x0, 0x0, 0x0, 0x6f,
    0x80, 0x3e, 0x94, 0x0, 0x0, 0x0, 0x0, 0x0,
    0x42, 0x1, 0xcf, 0x40, 0x0, 0x0, 0x0, 0x0,
    0x0, 0x0, 0x0, 0xff, 0xff, 0xfc, 0x0, 0x0,
    0x0, 0x0, 0x0, 0x0, 0x0, 0x0, 0x8c, 0xef,
    0xb1, 0x0,

    /* U+7EA7 "级" */
    0x0, 0x2, 0x30, 0x0, 0x0, 0x0, 0x0, 0x0,
    0x0, 0x0, 0x0, 0x0, 0xa, 0xf4, 0x0, 0x9a,
    0xaa, 0xaa, 0xaa, 0xaa, 0x40, 0x0, 0x0, 0xf,
    0xf0, 0x0, 0xef, 0xff, 0xff, 0xff, 0xff, 0x60,
    0x0, 0x0, 0x5f, 0xa0, 0x0, 0x4, 0xf8, 0x0,
    0x0, 0xaf, 0x30, 0x0, 0x0, 0xcf, 0x30, 0x51,
    0x4, 0xf7, 0x0, 0x0, 0xee, 0x0, 0x0, 0x3,
    0xfc, 0x3, 0xfc, 0x5, 0xf7, 0x0, 0x4, 0xf9,
    0x0, 0x0, 0xc, 0xf3, 0xb, 0xf5, 0x6, 0xf6,
    0x0, 0x9, 0xf5, 0x0, 0x0, 0x5f, 0xb4, 0x7f,
    0xd0, 0x6, 0xf6, 0x0, 0xe, 0xf1, 0x11, 0x10,
    0x7f, 0xff, 0xff, 0x50, 0x8, 0xf6, 0x0, 0xe,
    0xff, 0xff, 0xf0, 0x28, 0x57, 0xfc, 0x0, 0x9,
    0xfc, 0x0, 0x7, 0xaa, 0xbf, 0xc0, 0x0, 0xe,
    0xf2, 0x0, 0xa, 0xff, 0x30, 0x0, 0x0, 0x5f,
    0x90, 0x0, 0x9f, 0x70, 0x0, 0xc, 0xff, 0xb0,
    0x0, 0x0, 0x9f, 0x50, 0x5, 0xfb, 0x2, 0x60,
    0xe, 0xfb, 0xf4, 0x0, 0x0, 0xef, 0x0, 0x3f,
    0xf9, 0xdf, 0xf2, 0xf, 0xd1, 0xfd, 0x0, 0x4,
    0xfb, 0x0, 0xaf, 0xff, 0xd7, 0x20, 0x3f, 0xb0,
    0x7f, 0x90, 0xc, 0xf4, 0x0, 0x48, 0x51, 0x0,
    0x0, 0x7f, 0x80, 0xc, 0xf6, 0x5f, 0xc0, 0x0,
    0x0, 0x0, 0x0, 0x30, 0xbf, 0x30, 0x2, 0xef,
    0xef, 0x30, 0x0, 0x0, 0x37, 0xbf, 0xf4, 0xfe,
    0x0, 0x0, 0x6f, 0xfa, 0x0, 0x0, 0x9e, 0xff,
    0xff, 0xaa, 0xf8, 0x0, 0x3, 0xef, 0xff, 0x90,
    0x0, 0x9f, 0xea, 0x50, 0x1f, 0xf1, 0x0, 0x7f,
    0xf8, 0x5f, 0xfc, 0x20, 0x13, 0x0, 0x0, 0xbf,
    0x90, 0x3d, 0xff, 0x50, 0x4, 0xef, 0xf4, 0x0,
    0x0, 0x0, 0x9e, 0x10, 0x1f, 0xa1, 0x0, 0x0,
    0x1c, 0xc0, 0x0, 0x0, 0x0, 0x1, 0x0, 0x1,
    0x0, 0x0, 0x0, 0x0, 0x10,

    /* U+7EAF "纯" */
    0x0, 0x0, 0x10, 0x0, 0x0, 0x0, 0x0, 0x43,
    0x0, 0x0, 0x0, 0x0, 0x5, 0xf8, 0x0, 0x0,
    0x0, 0x2, 0xfc, 0x0, 0x0, 0x0, 0x0, 0xb,
    0xf3, 0x0, 0x0, 0x0, 0x2, 0xfc, 0x0, 0x0,
    0x0, 0x0, 0x2f, 0xc0, 0x0, 0x8, 0xaa, 0xaa,
    0xfe, 0xaa, 0xaa, 0xa2, 0x0, 0x9f, 0x50, 0x69,
    0x1d, 0xff, 0xff, 0xff, 0xff, 0xff, 0xf4, 0x2,
    0xfc, 0x0, 0xef, 0x12, 0x22, 0x24, 0xfc, 0x22,
    0x22, 0x20, 0xc, 0xf2, 0x7, 0xf9, 0x0, 0x0,
    0x2, 0xfc, 0x0, 0x0, 0x0, 0x7f, 0xd9, 0xbf,
    0xf1, 0x0, 0xdb, 0x2, 0xfc, 0x0, 0xcc, 0x0,
    0x7f, 0xfe, 0xff, 0x70, 0x1, 0xfd, 0x2, 0xfc,
    0x0, 0xee, 0x0, 0x14, 0x15, 0xfd, 0x0, 0x1,
    0xfd, 0x2, 0xfc, 0x0, 0xee, 0x0, 0x0, 0x1e,
    0xf3, 0x0, 0x1, 0xfd, 0x2, 0xfc, 0x0, 0xee,
    0x0, 0x0, 0xbf, 0x70, 0x0, 0x1, 0xfd, 0x2,
    0xfc, 0x0, 0xee, 0x0, 0x9, 0xfa, 0x27, 0xb8,
    0x1, 0xfd, 0x2, 0xfc, 0x0, 0xee, 0x0, 0x7f,
    0xfe, 0xff, 0xe8, 0x1, 0xff, 0xff, 0xff, 0xff,
    0xfe, 0x0, 0x9f, 0xfc, 0x94, 0x0, 0x0, 0xaa,
    0xaa, 0xfe, 0xaa, 0xfe, 0x0, 0x13, 0x0, 0x0,
    0x0, 0x0, 0x0, 0x2, 0xfc, 0x0, 0xee, 0x0,
    0x0, 0x0, 0x1, 0x58, 0x0, 0x0, 0x2, 0xfc,
    0x0, 0x0, 0x0, 0x2, 0x59, 0xdf, 0xff, 0x20,
    0x0, 0x2, 0xfc, 0x0, 0x0, 0x30, 0xcf, 0xff,
    0xfd, 0x94, 0x0, 0x0, 0x2, 0xfc, 0x0, 0x2,
    0xfa, 0x8f, 0xc7, 0x20, 0x0, 0x0, 0x0, 0x2,
    0xfc, 0x0, 0x5, 0xf8, 0x11, 0x0, 0x0, 0x0,
    0x0, 0x0, 0x1, 0xff, 0xb9, 0xae, 0xf4, 0x0,
    0x0, 0x0, 0x0, 0x0, 0x0, 0x0, 0x8e, 0xff,
    0xfd, 0x80,

    /* U+7EBF "线" */
    0x0, 0x0, 0x74, 0x0, 0x0, 0x0, 0xa, 0x80,
    0x4, 0x0, 0x0, 0x0, 0x0, 0x1f, 0xd0, 0x0,
    0x0, 0x0, 0xfd, 0xc, 0xf4, 0x0, 0x0, 0x0,
    0x7, 0xf7, 0x0, 0x0, 0x0, 0xf, 0xd0, 0x4f,
    0xf2, 0x0, 0x0, 0x0, 0xef, 0x10, 0x0, 0x0,
    0x0, 0xfd, 0x0, 0x69, 0x0, 0x0, 0x0, 0x6f,
    0x90, 0x2b, 0x40, 0x0, 0xf, 0xd0, 0x1, 0x46,
    0x20, 0x0, 0xe, 0xf1, 0xa, 0xf6, 0x0, 0x13,
    0xff, 0xcf, 0xff, 0xf5, 0x0, 0x9, 0xf6, 0x2,
    0xfe, 0x8, 0xef, 0xff, 0xff, 0xec, 0x96, 0x10,
    0x2, 0xff, 0xbc, 0xef, 0x50, 0x8e, 0xb9, 0xef,
    0x10, 0x0, 0x0, 0x0, 0xf, 0xfd, 0xef, 0xc0,
    0x0, 0x0, 0xc, 0xf1, 0x0, 0x0, 0x0, 0x0,
    0x20, 0x1f, 0xf2, 0x0, 0x0, 0x0, 0xbf, 0x21,
    0x48, 0xbe, 0x80, 0x0, 0xb, 0xf7, 0x0, 0x0,
    0x0, 0x3c, 0xfe, 0xff, 0xff, 0xe7, 0x0, 0x8,
    0xfb, 0x0, 0x3, 0x9d, 0xff, 0xff, 0xfc, 0x85,
    0x10, 0x0, 0x5, 0xfd, 0x47, 0xce, 0x5f, 0xfc,
    0x99, 0xf9, 0x0, 0x1c, 0x50, 0x3, 0xff, 0xff,
    0xfe, 0x92, 0x30, 0x0, 0x2f, 0xd0, 0xc, 0xf8,
    0x0, 0x2f, 0xfb, 0x84, 0x0, 0x0, 0x0, 0x0,
    0xef, 0x1a, 0xfd, 0x0, 0x0, 0x20, 0x0, 0x0,
    0x0, 0x0, 0x0, 0x9, 0xfd, 0xfe, 0x20, 0x0,
    0x0, 0x0, 0x4, 0x7b, 0x40, 0x0, 0x0, 0x4f,
    0xff, 0x30, 0x20, 0x1, 0x48, 0xcf, 0xff, 0xf7,
    0x0, 0x0, 0x6e, 0xff, 0x70, 0xd, 0xc0, 0x7f,
    0xff, 0xfa, 0x61, 0x0, 0x6, 0xdf, 0xfd, 0xfd,
    0x10, 0xfe, 0x1, 0xc8, 0x40, 0x0, 0x0, 0x8e,
    0xff, 0xe6, 0x9, 0xfc, 0x5f, 0xa0, 0x0, 0x0,
    0x0, 0x0, 0x6, 0xfd, 0x70, 0x0, 0xc, 0xff,
    0xf4, 0x0, 0x0, 0x0, 0x0, 0x0, 0x4, 0x0,
    0x0, 0x0, 0xa, 0xf9, 0x0,

    /* U+7EC3 "练" */
    0x0, 0x0, 0x0, 0x0, 0x0, 0x0, 0x0, 0x10,
    0x0, 0x0, 0x0, 0x0, 0x0, 0x4f, 0x70, 0x0,
    0x0, 0x0, 0x2f, 0xa0, 0x0, 0x0, 0x0, 0x0,
    0xa, 0xf5, 0x0, 0x0, 0x0, 0x6, 0xf7, 0x0,
    0x0, 0x0, 0x0, 0x1, 0xfe, 0x0, 0x0, 0x11,
    0x11, 0xbf, 0x41, 0x11, 0x11, 0x0, 0x0, 0x7f,
    0x70, 0x20, 0x4f, 0xff, 0xff, 0xff, 0xff, 0xff,
    0xf7, 0x0, 0x1e, 0xe0, 0xe, 0xf4, 0xbb, 0xbd,
    0xfc, 0xbb, 0xbb, 0xbb, 0x50, 0x9, 0xf5, 0x8,
    0xfa, 0x0, 0x0, 0xef, 0x10, 0x0, 0x0, 0x0,
    0x2, 0xfe, 0xab, 0xff, 0x30, 0xbb, 0xcf, 0xfb,
    0xbb, 0x40, 0x0, 0x0, 0x2f, 0xfe, 0xff, 0xa0,
    0x1f, 0xff, 0xff, 0xff, 0xf5, 0x0, 0x0, 0x0,
    0x20, 0x3f, 0xf1, 0x0, 0x6, 0xfc, 0x0, 0x8f,
    0x50, 0x0, 0x0, 0x0, 0xd, 0xf6, 0x0, 0x0,
    0xdf, 0x40, 0x8, 0xf5, 0x0, 0x0, 0x0, 0x8,
    0xfb, 0x0, 0x0, 0x6f, 0xc0, 0x0, 0x8f, 0x50,
    0x0, 0x0, 0x4, 0xfd, 0x13, 0x83, 0xc, 0xfc,
    0xaa, 0xad, 0xfc, 0xaa, 0xa2, 0x2, 0xef, 0xce,
    0xff, 0x60, 0x9f, 0xff, 0xff, 0xff, 0xff, 0xff,
    0x30, 0x5f, 0xff, 0xb6, 0x10, 0x0, 0x0, 0x0,
    0x8, 0xf5, 0x0, 0x0, 0x0, 0x63, 0x0, 0x0,
    0x0, 0x9, 0x80, 0x0, 0x8f, 0x56, 0xd0, 0x0,
    0x0, 0x0, 0x1, 0x52, 0x1, 0xff, 0x20, 0x8,
    0xf5, 0x8f, 0x80, 0x0, 0x15, 0x9d, 0xff, 0x70,
    0xaf, 0xa0, 0x0, 0x8f, 0x51, 0xff, 0x10, 0x7f,
    0xff, 0xfd, 0x82, 0x4f, 0xf1, 0x0, 0x8, 0xf5,
    0x9, 0xf7, 0x3, 0xfc, 0x73, 0x0, 0xe, 0xf7,
    0x0, 0x0, 0x8f, 0x50, 0x4f, 0xd0, 0x0, 0x0,
    0x0, 0x0, 0x6b, 0x0, 0x4d, 0xce, 0xf4, 0x0,
    0x82, 0x0, 0x0, 0x0, 0x0, 0x0, 0x0, 0x0,
    0xde, 0xfb, 0x0, 0x0, 0x0,

    /* U+7ED1 "绑" */
    0x0, 0x3, 0x0, 0x0, 0x1, 0x63, 0x0, 0x0,
    0x0, 0x0, 0x0, 0x0, 0x1f, 0xa0, 0x0, 0x3,
    0xf9, 0x0, 0x4, 0x44, 0x44, 0x42, 0x0, 0x6f,
    0x60, 0x0, 0x3, 0xf9, 0x0, 0xd, 0xff, 0xff,
    0xf6, 0x0, 0xbf, 0x10, 0x7, 0xab, 0xfd, 0xaa,
    0x2d, 0xd2, 0x26, 0xf4, 0x1, 0xfb, 0xa, 0x6b,
    0xff, 0xff, 0xff, 0x4d, 0xd0, 0x9, 0xf0, 0x7,
    0xf4, 0x4f, 0xb0, 0x14, 0xf9, 0x11, 0xd, 0xd0,
    0xe, 0xb0, 0xe, 0xc0, 0xaf, 0x40, 0x3, 0xf9,
    0x0, 0xd, 0xd0, 0x3f, 0x60, 0x7f, 0x99, 0xfe,
    0x0, 0x3, 0xf9, 0x0, 0xd, 0xd0, 0x8f, 0x20,
    0x8f, 0xff, 0xf7, 0x3, 0xab, 0xfd, 0xa9, 0xd,
    0xd0, 0xdd, 0x0, 0x34, 0x2e, 0xe0, 0x5, 0xff,
    0xff, 0xfe, 0xd, 0xd0, 0xfa, 0x0, 0x0, 0x8f,
    0x70, 0x0, 0x3, 0xf9, 0x0, 0xd, 0xd0, 0x9f,
    0x10, 0x2, 0xfd, 0x0, 0x0, 0x3, 0xf9, 0x0,
    0xd, 0xd0, 0x2f, 0x80, 0xc, 0xf4, 0x28, 0x0,
    0x3, 0xf9, 0x0, 0xd, 0xd0, 0xb, 0xe0, 0x7f,
    0xec, 0xff, 0x3a, 0xbc, 0xfe, 0xbb, 0x4d, 0xd0,
    0x6, 0xf3, 0xbf, 0xfc, 0x60, 0xe, 0xff, 0xff,
    0xff, 0x5d, 0xd0, 0x2, 0xf6, 0x45, 0x10, 0x0,
    0x0, 0x8, 0xf5, 0x0, 0xd, 0xd0, 0x1, 0xf7,
    0x0, 0x0, 0x27, 0x10, 0xb, 0xf2, 0x0, 0xd,
    0xd0, 0x3, 0xf6, 0x2, 0x7d, 0xff, 0x30, 0x1f,
    0xe0, 0x0, 0xd, 0xd4, 0xad, 0xf2, 0xbf, 0xff,
    0xb4, 0x0, 0x8f, 0x80, 0x0, 0xd, 0xd4, 0xed,
    0x60, 0x8d, 0x72, 0x0, 0x2, 0xff, 0x10, 0x0,
    0xd, 0xd0, 0x0, 0x0, 0x0, 0x0, 0x0, 0xd,
    0xf7, 0x0, 0x0, 0xd, 0xd0, 0x0, 0x0, 0x0,
    0x0, 0x0, 0x4, 0x90, 0x0, 0x0, 0xd, 0xd0,
    0x0, 0x0,

    /* U+7ED3 "结" */
    0x0, 0x0, 0x10, 0x0, 0x0, 0x0, 0x0, 0x23,
    0x0, 0x0, 0x0, 0x0, 0x3, 0xf8, 0x0, 0x0,
    0x0, 0x0, 0xaf, 0x30, 0x0, 0x0, 0x0, 0x9,
    0xf5, 0x0, 0x0, 0x0, 0x0, 0xaf, 0x30, 0x0,
    0x0, 0x0, 0xf, 0xe0, 0x0, 0x1, 0x11, 0x11,
    0xbf, 0x41, 0x11, 0x10, 0x0, 0x6f, 0x80, 0x12,
    0xe, 0xff, 0xff, 0xff, 0xff, 0xff, 0xfa, 0x0,
    0xee, 0x10, 0xaf, 0x4a, 0xbb, 0xbb, 0xef, 0xcb,
    0xbb, 0xb7, 0x8, 0xf6, 0x3, 0xfd, 0x0, 0x0,
    0x0, 0xaf, 0x30, 0x0, 0x0, 0x3f, 0xd4, 0x6c,
    0xf5, 0x0, 0x0, 0x0, 0xaf, 0x30, 0x0, 0x0,
    0x6f, 0xff, 0xff, 0xb0, 0x0, 0x0, 0x0, 0xaf,
    0x30, 0x0, 0x0, 0x29, 0x65, 0xff, 0x20, 0x1,
    0xff, 0xff, 0xff, 0xff, 0xff, 0xc0, 0x0, 0xb,
    0xf7, 0x0, 0x0, 0xbb, 0xbb, 0xbb, 0xbb, 0xbb,
    0x90, 0x0, 0x7f, 0xb0, 0x0, 0x0, 0x0, 0x0,
    0x0, 0x0, 0x0, 0x0, 0x4, 0xfd, 0x13, 0x76,
    0x0, 0x0, 0x0, 0x0, 0x0, 0x0, 0x0, 0x4f,
    0xfd, 0xef, 0xfb, 0x0, 0x8f, 0xff, 0xff, 0xff,
    0xff, 0x80, 0x9f, 0xff, 0xc7, 0x20, 0x0, 0x8f,
    0xcb, 0xbb, 0xbb, 0xcf, 0x80, 0x27, 0x30, 0x0,
    0x0, 0x0, 0x8f, 0x40, 0x0, 0x0, 0x4f, 0x80,
    0x0, 0x0, 0x0, 0x26, 0x0, 0x8f, 0x40, 0x0,
    0x0, 0x4f, 0x80, 0x0, 0x37, 0xae, 0xff, 0x20,
    0x8f, 0x40, 0x0, 0x0, 0x4f, 0x80, 0x9f, 0xff,
    0xff, 0xb6, 0x10, 0x8f, 0x40, 0x0, 0x0, 0x4f,
    0x80, 0x7f, 0xd9, 0x40, 0x0, 0x0, 0x8f, 0xff,
    0xff, 0xff, 0xff, 0x80, 0x12, 0x0, 0x0, 0x0,
    0x0, 0x8f, 0xcb, 0xbb, 0xbb, 0xcf, 0x80, 0x0,
    0x0, 0x0, 0x0, 0x0, 0x8f, 0x40, 0x0, 0x0,
    0x4f, 0x80,

    /* U+7ED5 "绕" */
    0x0, 0x4, 0x50, 0x0, 0x0, 0x0, 0x65, 0x0,
    0x0, 0x0, 0x0, 0x0, 0xb, 0xf4, 0x0, 0x0,
    0x0, 0xfd, 0x0, 0x0, 0x23, 0x0, 0x0, 0x1f,
    0xe0, 0x0, 0x0, 0x0, 0xef, 0x48, 0xbe, 0xfc,
    0x0, 0x0, 0x7f, 0x80, 0x0, 0x2, 0x59, 0xff,
    0xff, 0xfe, 0xa6, 0x0, 0x0, 0xdf, 0x20, 0x94,
    0xe, 0xff, 0xff, 0xa5, 0x10, 0x61, 0x0, 0x6,
    0xf9, 0x5, 0xfa, 0x7, 0x73, 0x3f, 0xa0, 0x1a,
    0xfa, 0x0, 0x1e, 0xe1, 0xd, 0xf3, 0x0, 0x0,
    0xb, 0xf7, 0xef, 0xa0, 0x0, 0x8f, 0xdb, 0xdf,
    0xb0, 0x0, 0x0, 0x19, 0xff, 0xf6, 0x3, 0x61,
    0x6f, 0xed, 0xff, 0x20, 0x0, 0x4a, 0xff, 0xff,
    0xb0, 0x8, 0xf2, 0x1, 0x9, 0xf8, 0x0, 0x3e,
    0xff, 0xf9, 0x3c, 0xfe, 0x9e, 0xe0, 0x0, 0x3f,
    0xd0, 0x0, 0xc, 0xc6, 0x0, 0x0, 0x9f, 0xff,
    0x60, 0x0, 0xdf, 0x30, 0x0, 0x0, 0x0, 0x0,
    0x0, 0x1, 0x42, 0x0, 0xb, 0xf7, 0x49, 0xd0,
    0x9a, 0xaa, 0xaa, 0xaa, 0xaa, 0xaa, 0xa3, 0x8f,
    0xff, 0xff, 0xb2, 0xef, 0xff, 0xff, 0xff, 0xff,
    0xff, 0xf6, 0x8f, 0xfb, 0x61, 0x0, 0x22, 0x25,
    0xfb, 0x26, 0xf7, 0x22, 0x20, 0x13, 0x0, 0x0,
    0x0, 0x0, 0x6, 0xf7, 0x5, 0xf5, 0x0, 0x0,
    0x0, 0x0, 0x1, 0x60, 0x0, 0xa, 0xf5, 0x5,
    0xf5, 0x0, 0x0, 0x1, 0x59, 0xdf, 0xf2, 0x0,
    0x1f, 0xf1, 0x5, 0xf5, 0x0, 0x0, 0xbf, 0xff,
    0xfe, 0x81, 0x0, 0xaf, 0xa0, 0x5, 0xf5, 0x1,
    0xf8, 0x8f, 0xe9, 0x40, 0x0, 0x7, 0xff, 0x20,
    0x5, 0xf6, 0x3, 0xfa, 0x13, 0x0, 0x0, 0x0,
    0xbf, 0xf6, 0x0, 0x4, 0xfe, 0xbd, 0xf8, 0x0,
    0x0, 0x0, 0x0, 0xbf, 0x60, 0x0, 0x0, 0x9e,
    0xff, 0xc1, 0x0, 0x0, 0x0, 0x0, 0x12, 0x0,
    0x0, 0x0, 0x0, 0x0, 0x0,

    /* U+7ED9 "给" */
    0x0, 0x0, 0x0, 0x0, 0x0, 0x0, 0x1, 0x30,
    0x0, 0x0, 0x0, 0x0, 0x4, 0xf7, 0x0, 0x0,
    0x0, 0x9, 0xf8, 0x0, 0x0, 0x0, 0x0, 0xa,
    0xf5, 0x0, 0x0, 0x0, 0x2f, 0xf9, 0x0, 0x0,
    0x0, 0x0, 0x1f, 0xe0, 0x0, 0x0, 0x0, 0xdf,
    0xff, 0x60, 0x0, 0x0, 0x0, 0x7f, 0x70, 0x22,
    0x0, 0x9, 0xfc, 0x3f, 0xf5, 0x0, 0x0, 0x1,
    0xee, 0x0, 0xbf, 0x30, 0x7f, 0xf2, 0x5, 0xff,
    0x50, 0x0, 0x9, 0xf5, 0x4, 0xfc, 0x5, 0xff,
    0x50, 0x0, 0x7f, 0xf6, 0x0, 0x4f, 0xc4, 0x5d,
    0xf4, 0x6f, 0xf7, 0x0, 0x0, 0x7, 0xff, 0x90,
    0x7f, 0xff, 0xff, 0xa4, 0xff, 0x82, 0x22, 0x22,
    0x22, 0x7f, 0xf7, 0x39, 0x66, 0xff, 0x10, 0xe6,
    0x3f, 0xff, 0xff, 0xff, 0x14, 0xc0, 0x0, 0xc,
    0xf5, 0x0, 0x10, 0x2a, 0xaa, 0xaa, 0xaa, 0x10,
    0x0, 0x0, 0x8f, 0xa0, 0x0, 0x0, 0x0, 0x0,
    0x0, 0x0, 0x0, 0x0, 0x5, 0xfc, 0x14, 0x86,
    0x0, 0x0, 0x0, 0x0, 0x0, 0x0, 0x0, 0x5f,
    0xfd, 0xff, 0xf9, 0xc, 0xff, 0xff, 0xff, 0xff,
    0xfe, 0x0, 0x9f, 0xfe, 0xb6, 0x10, 0xc, 0xfa,
    0xaa, 0xaa, 0xaa, 0xfe, 0x0, 0x26, 0x20, 0x0,
    0x0, 0xc, 0xf1, 0x0, 0x0, 0x0, 0xfe, 0x0,
    0x0, 0x0, 0x0, 0x26, 0xc, 0xf1, 0x0, 0x0,
    0x0, 0xfe, 0x0, 0x0, 0x37, 0xbe, 0xff, 0x1c,
    0xf1, 0x0, 0x0, 0x0, 0xfe, 0x0, 0xaf, 0xff,
    0xff, 0xb6, 0xc, 0xf1, 0x0, 0x0, 0x0, 0xfe,
    0x0, 0x8f, 0xd9, 0x40, 0x0, 0xc, 0xff, 0xff,
    0xff, 0xff, 0xfe, 0x0, 0x12, 0x0, 0x0, 0x0,
    0xc, 0xfc, 0xbb, 0xbb, 0xbb, 0xfe, 0x0, 0x0,
    0x0, 0x0, 0x0, 0xc, 0xf1, 0x0, 0x0, 0x0,
    0xfe, 0x0,

    /* U+7EDC "络" */
    0x0, 0x0, 0x10, 0x0, 0x0, 0x0, 0x11, 0x0,
    0x0, 0x0, 0x0, 0x0, 0x1, 0xfa, 0x0, 0x0,
    0x0, 0xaf, 0x40, 0x0, 0x0, 0x0, 0x0, 0x7,
    0xf8, 0x0, 0x0, 0x1, 0xff, 0x10, 0x0, 0x0,
    0x0, 0x0, 0xd, 0xf1, 0x0, 0x0, 0xa, 0xff,
    0xff, 0xff, 0xff, 0x10, 0x0, 0x5f, 0xa0, 0x14,
    0x0, 0x3f, 0xfa, 0xaa, 0xab, 0xff, 0x0, 0x0,
    0xdf, 0x20, 0x8f, 0x60, 0xdf, 0xc0, 0x0, 0x9,
    0xf9, 0x0, 0x7, 0xf8, 0x2, 0xfe, 0x1b, 0xfe,
    0xf8, 0x0, 0x4f, 0xe1, 0x0, 0x3f, 0xe5, 0x7c,
    0xf6, 0xb, 0xb0, 0xbf, 0x62, 0xff, 0x40, 0x0,
    0x4f, 0xff, 0xff, 0xd0, 0x0, 0x0, 0x1d, 0xfe,
    0xf6, 0x0, 0x0, 0x7, 0x43, 0xef, 0x30, 0x0,
    0x0, 0xa, 0xff, 0xe4, 0x0, 0x0, 0x0, 0xb,
    0xf8, 0x0, 0x0, 0x16, 0xef, 0xeb, 0xff, 0xc5,
    0x0, 0x0, 0x7f, 0xc0, 0x0, 0xa, 0xff, 0xf9,
    0x10, 0x4d, 0xff, 0xf7, 0x5, 0xfd, 0x25, 0x9a,
    0xc, 0xd8, 0x10, 0x0, 0x0, 0x4a, 0xf4, 0x4f,
    0xfe, 0xff, 0xfb, 0x0, 0x68, 0x88, 0x88, 0x88,
    0x88, 0x0, 0x5f, 0xfe, 0xa6, 0x10, 0x0, 0xcf,
    0xff, 0xff, 0xff, 0xff, 0x0, 0x5, 0x10, 0x0,
    0x0, 0x0, 0xcf, 0x10, 0x0, 0x0, 0xcf, 0x0,
    0x0, 0x0, 0x0, 0x37, 0x10, 0xcf, 0x0, 0x0,
    0x0, 0xcf, 0x0, 0x0, 0x47, 0xbf, 0xff, 0x50,
    0xcf, 0x0, 0x0, 0x0, 0xcf, 0x0, 0x8f, 0xff,
    0xff, 0xa6, 0x10, 0xcf, 0x0, 0x0, 0x0, 0xcf,
    0x0, 0x5f, 0xd8, 0x40, 0x0, 0x0, 0xcf, 0xbb,
    0xbb, 0xbb, 0xff, 0x0, 0x2, 0x0, 0x0, 0x0,
    0x0, 0xcf, 0xff, 0xff, 0xff, 0xff, 0x0, 0x0,
    0x0, 0x0, 0x0, 0x0, 0xcf, 0x0, 0x0, 0x0,
    0xcf, 0x0,

    /* U+7EDF "统" */
    0x0, 0x0, 0x40, 0x0, 0x0, 0x0, 0x0, 0x31,
    0x0, 0x0, 0x0, 0x0, 0x3, 0xfb, 0x0, 0x0,
    0x0, 0x8, 0xf9, 0x0, 0x0, 0x0, 0x0, 0x9,
    0xf6, 0x0, 0x0, 0x0, 0x2, 0xfe, 0x0, 0x0,
    0x0, 0x0, 0xf, 0xe0, 0x0, 0x9, 0xaa, 0xaa,
    0xff, 0xba, 0xaa, 0xa3, 0x0, 0x7f, 0x80, 0x27,
    0x1e, 0xff, 0xff, 0xff, 0xff, 0xff, 0xf5, 0x1,
    0xee, 0x0, 0xbf, 0x50, 0x0, 0x6f, 0xa0, 0x1,
    0x0, 0x0, 0x9, 0xf5, 0x3, 0xfd, 0x0, 0x0,
    0xdf, 0x30, 0x4e, 0x30, 0x0, 0x4f, 0xe7, 0x9d,
    0xf4, 0x0, 0x7, 0xfa, 0x0, 0x4f, 0xc0, 0x0,
    0x4f, 0xff, 0xff, 0xb0, 0x0, 0x2f, 0xf2, 0x0,
    0xb, 0xf5, 0x0, 0x16, 0x33, 0xff, 0x20, 0x0,
    0xcf, 0x60, 0x1, 0x48, 0xfd, 0x0, 0x0, 0xb,
    0xf7, 0x0, 0xb, 0xfe, 0x9c, 0xff, 0xff, 0xff,
    0x50, 0x0, 0x7f, 0xc0, 0x0, 0xc, 0xff, 0xff,
    0xbe, 0xf4, 0x3f, 0xc0, 0x4, 0xfe, 0x13, 0x88,
    0x2, 0x23, 0xfb, 0xb, 0xf2, 0xd, 0xc0, 0x3f,
    0xfd, 0xff, 0xfc, 0x0, 0x4, 0xf9, 0xb, 0xf2,
    0x2, 0x0, 0x7f, 0xff, 0xc7, 0x20, 0x0, 0x6,
    0xf6, 0xb, 0xf2, 0x0, 0x0, 0x17, 0x30, 0x0,
    0x0, 0x0, 0xb, 0xf3, 0xb, 0xf2, 0x0, 0x0,
    0x0, 0x0, 0x0, 0x36, 0x0, 0x1f, 0xf0, 0xb,
    0xf2, 0x3, 0xa4, 0x0, 0x37, 0xbf, 0xff, 0x40,
    0x6f, 0x90, 0xb, 0xf2, 0x4, 0xfb, 0x8f, 0xff,
    0xff, 0xb6, 0x11, 0xef, 0x30, 0xb, 0xf2, 0x5,
    0xfa, 0x6f, 0xd9, 0x40, 0x0, 0xb, 0xfa, 0x0,
    0xb, 0xf2, 0x7, 0xf8, 0x2, 0x0, 0x0, 0x0,
    0xaf, 0xe1, 0x0, 0xa, 0xfd, 0xbf, 0xf5, 0x0,
    0x0, 0x0, 0x0, 0x5e, 0x30, 0x0, 0x2, 0xbe,
    0xfe, 0xa0, 0x0, 0x0, 0x0, 0x0, 0x1, 0x0,
    0x0, 0x0, 0x0, 0x0, 0x0,

    /* U+7EE7 "继" */
    0x0, 0x0, 0x0, 0x0, 0x0, 0x0, 0x0, 0x0,
    0x31, 0x0, 0x0, 0x0, 0x5, 0xf7, 0x0, 0x0,
    0x0, 0x0, 0x5, 0xf7, 0x0, 0x0, 0x0, 0xa,
    0xf4, 0x0, 0x9, 0xf2, 0x21, 0x5, 0xf7, 0x1,
    0x40, 0x0, 0x1f, 0xd0, 0x0, 0xa, 0xf4, 0xf9,
    0x5, 0xf7, 0x7, 0xf5, 0x0, 0x9f, 0x60, 0x34,
    0xa, 0xf2, 0xbf, 0x15, 0xf7, 0xd, 0xe0, 0x2,
    0xfd, 0x0, 0xdf, 0x3a, 0xf2, 0x4f, 0x85, 0xf7,
    0x6f, 0x70, 0xb, 0xf3, 0x6, 0xfb, 0xa, 0xf2,
    0xc, 0x75, 0xf7, 0x6d, 0x0, 0x7f, 0xd8, 0xae,
    0xf2, 0xa, 0xf2, 0x0, 0x5, 0xf7, 0x0, 0x0,
    0x7f, 0xfe, 0xff, 0x90, 0xa, 0xf2, 0x8a, 0xac,
    0xfc, 0xaa, 0x90, 0x14, 0x14, 0xfe, 0x10, 0xa,
    0xf2, 0xcf, 0xff, 0xff, 0xff, 0xe0, 0x0, 0x1e,
    0xf4, 0x0, 0xa, 0xf2, 0x0, 0x6f, 0xf7, 0x0,
    0x0, 0x0, 0xbf, 0x90, 0x0, 0xa, 0xf2, 0x0,
    0xdf, 0xfe, 0x20, 0x0, 0x8, 0xfc, 0x15, 0xa7,
    0xa, 0xf2, 0x5, 0xfe, 0xff, 0xf3, 0x0, 0x6f,
    0xfd, 0xff, 0xf9, 0xa, 0xf2, 0xd, 0xf7, 0xfa,
    0xff, 0x40, 0x9f, 0xff, 0xb6, 0x10, 0xa, 0xf2,
    0x8f, 0xa5, 0xf7, 0x4f, 0xf2, 0x36, 0x30, 0x0,
    0x0, 0xa, 0xf5, 0xff, 0x15, 0xf7, 0x6, 0xa0,
    0x0, 0x0, 0x0, 0x25, 0xa, 0xf4, 0xd7, 0x5,
    0xf7, 0x0, 0x0, 0x0, 0x37, 0xbe, 0xff, 0x1a,
    0xf2, 0x0, 0x5, 0xf7, 0x0, 0x0, 0xaf, 0xff,
    0xff, 0xb6, 0xa, 0xf2, 0x0, 0x5, 0xf7, 0x0,
    0x0, 0x9f, 0xe9, 0x40, 0x0, 0xa, 0xf3, 0x11,
    0x11, 0x32, 0x11, 0x10, 0x13, 0x0, 0x0, 0x0,
    0xa, 0xff, 0xff, 0xff, 0xff, 0xff, 0xf9, 0x0,
    0x0, 0x0, 0x0, 0x5, 0x88, 0x88, 0x88, 0x88,
    0x88, 0x84,

    /* U+7EEA "绪" */
    0x0, 0x0, 0x20, 0x0, 0x0, 0x0, 0x0, 0x54,
    0x0, 0x0, 0x0, 0x0, 0x0, 0xfe, 0x0, 0x0,
    0x0, 0x0, 0xfd, 0x0, 0x0, 0x20, 0x0, 0x5,
    0xf9, 0x0, 0x0, 0x0, 0x0, 0xfd, 0x0, 0x5,
    0xf6, 0x0, 0xc, 0xf3, 0x0, 0x0, 0x6f, 0xff,
    0xff, 0xff, 0xff, 0xe1, 0x0, 0x3f, 0xb0, 0x7,
    0x10, 0x4b, 0xbb, 0xff, 0xbc, 0xff, 0x40, 0x0,
    0xbf, 0x30, 0x7f, 0x80, 0x0, 0x0, 0xfd, 0xa,
    0xf9, 0x0, 0x5, 0xfa, 0x1, 0xef, 0x10, 0x0,
    0x0, 0xfd, 0x8f, 0xd0, 0x0, 0x1e, 0xf6, 0x7b,
    0xf8, 0x2, 0xaa, 0xaa, 0xff, 0xff, 0xca, 0xa9,
    0x1f, 0xff, 0xff, 0xe0, 0x4, 0xff, 0xff, 0xff,
    0xff, 0xff, 0xfe, 0x8, 0x53, 0xdf, 0x50, 0x0,
    0x0, 0x9, 0xfe, 0x20, 0x0, 0x0, 0x0, 0x8,
    0xfa, 0x0, 0x0, 0x0, 0xbf, 0xd2, 0x0, 0x0,
    0x0, 0x0, 0x4f, 0xe1, 0x0, 0x0, 0x3d, 0xff,
    0xcb, 0xbb, 0xbb, 0xb0, 0x2, 0xff, 0x32, 0x7a,
    0x6, 0xff, 0xff, 0xff, 0xff, 0xff, 0xf0, 0x2e,
    0xfe, 0xef, 0xfe, 0x12, 0xba, 0xf4, 0x0, 0x0,
    0xe, 0xf0, 0x3f, 0xff, 0xb7, 0x20, 0x0, 0x7,
    0xf4, 0x0, 0x0, 0xe, 0xf0, 0x5, 0x20, 0x0,
    0x0, 0x0, 0x7, 0xff, 0xff, 0xff, 0xff, 0xf0,
    0x0, 0x0, 0x0, 0x48, 0x30, 0x7, 0xfb, 0xaa,
    0xaa, 0xaf, 0xf0, 0x1, 0x58, 0xcf, 0xff, 0x70,
    0x7, 0xf4, 0x0, 0x0, 0xe, 0xf0, 0x7f, 0xff,
    0xfe, 0x95, 0x0, 0x7, 0xf5, 0x0, 0x0, 0xe,
    0xf0, 0x2f, 0xc7, 0x30, 0x0, 0x0, 0x7, 0xff,
    0xff, 0xff, 0xff, 0xf0, 0x1, 0x0, 0x0, 0x0,
    0x0, 0x7, 0xfb, 0x99, 0x99, 0x9f, 0xf0, 0x0,
    0x0, 0x0, 0x0, 0x0, 0x7, 0xf4, 0x0, 0x0,
    0xe, 0xf0,

    /* U+7EED "续" */
    0x0, 0x2, 0x40, 0x0, 0x0, 0x0, 0x0, 0x87,
    0x0, 0x0, 0x0, 0x0, 0x9, 0xf6, 0x0, 0x0,
    0x0, 0x1, 0xfd, 0x0, 0x0, 0x0, 0x0, 0xe,
    0xf1, 0x0, 0x0, 0x0, 0x2, 0xfd, 0x0, 0x0,
    0x0, 0x0, 0x4f, 0xb0, 0x0, 0x8, 0xff, 0xff,
    0xff, 0xff, 0xff, 0x40, 0x0, 0xbf, 0x40, 0x41,
    0x4, 0x88, 0x89, 0xfe, 0x88, 0x88, 0x20, 0x3,
    0xfb, 0x2, 0xfd, 0x0, 0x0, 0x1, 0xfd, 0x0,
    0x0, 0x0, 0xc, 0xf2, 0xb, 0xf6, 0x38, 0x88,
    0x89, 0xfe, 0x88, 0x88, 0x80, 0x5f, 0xd9, 0xbf,
    0xe0, 0x7f, 0xff, 0xff, 0xff, 0xff, 0xff, 0xf1,
    0x5f, 0xff, 0xff, 0x60, 0x0, 0x0, 0x0, 0x0,
    0x0, 0x2f, 0xc0, 0x14, 0x25, 0xfc, 0x0, 0x0,
    0xa, 0x90, 0xd, 0xb0, 0xaf, 0x40, 0x0, 0x1e,
    0xf3, 0x0, 0x0, 0xb, 0xfc, 0x1f, 0xc0, 0xdb,
    0x0, 0x0, 0xaf, 0x70, 0x0, 0xb, 0x80, 0xae,
    0x2f, 0xb0, 0x2, 0x0, 0x7, 0xfb, 0x15, 0xa1,
    0x9, 0xfa, 0x2, 0x2f, 0xa0, 0x0, 0x0, 0x4f,
    0xfc, 0xff, 0xe3, 0x0, 0x8f, 0x60, 0x4f, 0x90,
    0x0, 0x0, 0x8f, 0xfe, 0x94, 0x0, 0x0, 0x4,
    0x0, 0x8f, 0x60, 0x0, 0x0, 0x15, 0x10, 0x0,
    0x0, 0xef, 0xff, 0xff, 0xff, 0xff, 0xff, 0xf8,
    0x0, 0x0, 0x2, 0x60, 0xab, 0xbb, 0xbd, 0xfe,
    0xbb, 0xbb, 0xb6, 0x2, 0x6a, 0xef, 0xf4, 0x0,
    0x0, 0x2e, 0xf4, 0x3, 0x0, 0x0, 0xaf, 0xff,
    0xfd, 0x71, 0x0, 0x4, 0xef, 0x80, 0xaf, 0xb2,
    0x0, 0x6f, 0xb7, 0x20, 0x0, 0x1, 0x9f, 0xf7,
    0x0, 0x2c, 0xff, 0x70, 0x0, 0x0, 0x0, 0x1,
    0xaf, 0xfd, 0x30, 0x0, 0x0, 0x7f, 0xf9, 0x0,
    0x0, 0x0, 0x0, 0xdc, 0x50, 0x0, 0x0, 0x0,
    0x4, 0xe4, 0x0, 0x0, 0x0, 0x0, 0x0, 0x0,
    0x0, 0x0, 0x0, 0x0, 0x0,

    /* U+7EFF "绿" */
    0x0, 0x0, 0x63, 0x0, 0x0, 0x0, 0x0, 0x0,
    0x0, 0x0, 0x0, 0x0, 0x0, 0x1f, 0xd0, 0x0,
    0x8, 0x99, 0x99, 0x99, 0x99, 0x40, 0x0, 0x0,
    0x6, 0xf8, 0x0, 0x0, 0xdf, 0xff, 0xff, 0xff,
    0xf7, 0x0, 0x0, 0x0, 0xdf, 0x20, 0x0, 0x1,
    0x11, 0x11, 0x11, 0x6f, 0x70, 0x0, 0x0, 0x4f,
    0xa0, 0x7, 0x10, 0x0, 0x0, 0x0, 0x5, 0xf7,
    0x0, 0x0, 0xc, 0xf2, 0x7, 0xf8, 0x6, 0xaa,
    0xaa, 0xaa, 0xcf, 0x70, 0x0, 0x6, 0xf9, 0x1,
    0xff, 0x10, 0xaf, 0xff, 0xff, 0xff, 0xf7, 0x0,
    0x1, 0xff, 0x67, 0xbf, 0x80, 0x0, 0x0, 0x0,
    0x0, 0x5f, 0x70, 0x0, 0x1f, 0xff, 0xff, 0xe0,
    0x0, 0x0, 0x0, 0x0, 0x5, 0xf7, 0x0, 0x0,
    0x86, 0x3d, 0xf5, 0x9, 0xff, 0xff, 0xff, 0xff,
    0xff, 0xff, 0xe0, 0x0, 0x8, 0xfa, 0x0, 0x5a,
    0xaa, 0xaa, 0xef, 0xba, 0xaa, 0xa9, 0x0, 0x4,
    0xfe, 0x10, 0x0, 0x4, 0x0, 0xa, 0xf2, 0x0,
    0x50, 0x0, 0x2, 0xef, 0x33, 0x7a, 0x7, 0xf9,
    0x0, 0xaf, 0x20, 0x5f, 0xc0, 0x2, 0xef, 0xee,
    0xff, 0xe1, 0xc, 0xf9, 0xa, 0xfa, 0x1e, 0xf4,
    0x0, 0x3f, 0xff, 0xc8, 0x30, 0x0, 0x1e, 0x80,
    0xbf, 0xfd, 0xf7, 0x0, 0x0, 0x52, 0x0, 0x0,
    0x0, 0x0, 0x10, 0x9f, 0xff, 0xfb, 0x0, 0x0,
    0x0, 0x0, 0x1, 0x59, 0x30, 0x4, 0xef, 0xff,
    0x6f, 0xe2, 0x0, 0x0, 0x26, 0x9d, 0xff, 0xf7,
    0x3b, 0xff, 0x6a, 0xf2, 0x7f, 0xe4, 0x0, 0x7f,
    0xff, 0xfc, 0x83, 0x6f, 0xfd, 0x20, 0xbf, 0x20,
    0x7f, 0xfa, 0x11, 0xea, 0x51, 0x0, 0x2, 0xf7,
    0x0, 0xc, 0xf2, 0x0, 0x5f, 0xe0, 0x0, 0x0,
    0x0, 0x0, 0x1, 0x3, 0xdd, 0xff, 0x0, 0x0,
    0x14, 0x0, 0x0, 0x0, 0x0, 0x0, 0x0, 0xe,
    0xfd, 0x50, 0x0, 0x0, 0x0,

    /* U+7F16 "编" */
    0x0, 0x0, 0x30, 0x0, 0x0, 0x0, 0x0, 0x50,
    0x0, 0x0, 0x0, 0x0, 0x5, 0xf9, 0x0, 0x0,
    0x0, 0x9, 0xf6, 0x0, 0x0, 0x0, 0x0, 0xa,
    0xf4, 0x0, 0x0, 0x0, 0x3, 0xfc, 0x0, 0x0,
    0x0, 0x0, 0x1f, 0xe0, 0x0, 0x1f, 0xff, 0xff,
    0xff, 0xff, 0xff, 0xf5, 0x0, 0x7f, 0x80, 0x42,
    0x1f, 0xeb, 0xbb, 0xbb, 0xbb, 0xbd, 0xf5, 0x0,
    0xef, 0x10, 0xef, 0x2f, 0xb0, 0x0, 0x0, 0x0,
    0x7, 0xf5, 0x7, 0xf7, 0x7, 0xf9, 0x1f, 0xb0,
    0x0, 0x0, 0x0, 0x7, 0xf5, 0x2f, 0xe6, 0x7e,
    0xf2, 0x1f, 0xeb, 0xbb, 0xbb, 0xbb, 0xbd, 0xf5,
    0x2f, 0xff, 0xff, 0x90, 0x1f, 0xff, 0xff, 0xff,
    0xff, 0xff, 0xf5, 0x7, 0x54, 0xfe, 0x10, 0x1f,
    0xb0, 0x0, 0x0, 0x0, 0x0, 0x0, 0x0, 0xb,
    0xf6, 0x0, 0x1f, 0xb0, 0x11, 0x11, 0x11, 0x11,
    0x10, 0x0, 0x6f, 0xb0, 0x0, 0x1f, 0xbc, 0xff,
    0xff, 0xff, 0xff, 0xf9, 0x3, 0xfe, 0x11, 0x62,
    0x1f, 0xac, 0xfa, 0xfe, 0xaf, 0xca, 0xf9, 0x1e,
    0xfb, 0xdf, 0xf6, 0x2f, 0xac, 0xe0, 0xea, 0xf,
    0x71, 0xf9, 0x5f, 0xff, 0xb6, 0x10, 0x3f, 0x9c,
    0xe0, 0xea, 0xf, 0x71, 0xf9, 0x6, 0x20, 0x0,
    0x0, 0x5f, 0x7c, 0xff, 0xff, 0xff, 0xff, 0xf9,
    0x0, 0x0, 0x0, 0x42, 0x7f, 0x4c, 0xfa, 0xfe,
    0xaf, 0xca, 0xf9, 0x0, 0x38, 0xcf, 0xf7, 0xbf,
    0x1c, 0xe0, 0xea, 0xf, 0x71, 0xf9, 0x7f, 0xff,
    0xfe, 0x93, 0xfd, 0xc, 0xe0, 0xea, 0xf, 0x71,
    0xf9, 0x3f, 0xd9, 0x40, 0x5, 0xf8, 0xc, 0xe0,
    0xea, 0xf, 0x71, 0xf9, 0x1, 0x0, 0x0, 0xb,
    0xf2, 0xc, 0xe0, 0x11, 0x2, 0xbb, 0xf8, 0x0,
    0x0, 0x0, 0x1, 0x90, 0xc, 0xe0, 0x0, 0x0,
    0xcf, 0xc1, 0x0, 0x0, 0x0, 0x0, 0x0, 0x1,
    0x10, 0x0, 0x0, 0x0, 0x0,

    /* U+7F29 "缩" */
    0x0, 0x0, 0x0, 0x0, 0x0, 0x0, 0x0, 0x20,
    0x0, 0x0, 0x0, 0x0, 0x8, 0xe4, 0x0, 0x0,
    0x0, 0xc, 0xf2, 0x0, 0x0, 0x0, 0x0, 0xe,
    0xf1, 0x0, 0x0, 0x0, 0x7, 0xf9, 0x0, 0x0,
    0x0, 0x0, 0x4f, 0xb0, 0x0, 0xbf, 0xff, 0xff,
    0xff, 0xff, 0xff, 0xf3, 0x0, 0xbf, 0x40, 0x30,
    0xbf, 0xaa, 0xaa, 0xaa, 0xaa, 0xad, 0xf3, 0x3,
    0xfc, 0x2, 0xfc, 0xbf, 0x21, 0x0, 0x0, 0x0,
    0x8, 0xf3, 0xc, 0xf3, 0xa, 0xf6, 0x8c, 0x7f,
    0x38, 0x99, 0x99, 0x9a, 0x90, 0x6f, 0xc7, 0x9f,
    0xe0, 0x0, 0xbe, 0xe, 0xff, 0xff, 0xff, 0xc0,
    0x6f, 0xff, 0xff, 0x50, 0x2, 0xf8, 0x0, 0x2,
    0xf8, 0x0, 0x0, 0x14, 0x26, 0xfc, 0x0, 0x9,
    0xf4, 0x0, 0x5, 0xf5, 0x0, 0x0, 0x0, 0x1f,
    0xf2, 0x0, 0x1f, 0xf4, 0xb, 0xff, 0xff, 0xff,
    0x50, 0x0, 0xbf, 0x60, 0x0, 0xaf, 0xf4, 0xb,
    0xf8, 0x88, 0xaf, 0x60, 0x8, 0xfa, 0x16, 0xa3,
    0xff, 0xf4, 0xb, 0xf0, 0x0, 0x4f, 0x60, 0x5f,
    0xfc, 0xff, 0xe2, 0xca, 0xf4, 0xb, 0xf0, 0x0,
    0x4f, 0x60, 0x9f, 0xfd, 0x94, 0x0, 0x7, 0xf4,
    0xb, 0xf8, 0x88, 0xaf, 0x60, 0x25, 0x10, 0x0,
    0x0, 0x7, 0xf4, 0xb, 0xff, 0xff, 0xff, 0x60,
    0x0, 0x0, 0x1, 0x50, 0x7, 0xf4, 0xb, 0xf0,
    0x0, 0x5f, 0x60, 0x1, 0x59, 0xdf, 0xf3, 0x7,
    0xf4, 0xb, 0xf0, 0x0, 0x4f, 0x60, 0xbf, 0xff,
    0xfd, 0x81, 0x7, 0xf4, 0xb, 0xf0, 0x0, 0x4f,
    0x60, 0x8f, 0xd8, 0x30, 0x0, 0x7, 0xf4, 0xb,
    0xf8, 0x88, 0xaf, 0x60, 0x11, 0x0, 0x0, 0x0,
    0x7, 0xf4, 0xb, 0xff, 0xff, 0xff, 0x60, 0x0,
    0x0, 0x0, 0x0, 0x7, 0xf4, 0xb, 0xf0, 0x0,
    0x4f, 0x60,

    /* U+7F51 "网" */
    0x8b, 0xbb, 0xbb, 0xbb, 0xbb, 0xbb, 0xbb, 0xbb,
    0xbb, 0xb8, 0xcf, 0xff, 0xff, 0xff, 0xff, 0xff,
    0xff, 0xff, 0xff, 0xfc, 0xcf, 0x21, 0x11, 0x11,
    0x11, 0x11, 0x11, 0x11, 0x12, 0xfc, 0xcf, 0x10,
    0x0, 0x8, 0x91, 0x0, 0x0, 0x5a, 0x31, 0xfc,
    0xcf, 0x10, 0x0, 0xd, 0xf0, 0x10, 0x0, 0xaf,
    0x51, 0xfc, 0xcf, 0x18, 0xf2, 0xf, 0xe3, 0xe9,
    0x0, 0xdf, 0x21, 0xfc, 0xcf, 0x14, 0xfd, 0x2f,
    0xc1, 0xef, 0x40, 0xff, 0x1, 0xfc, 0xcf, 0x10,
    0x8f, 0xdf, 0x90, 0x5f, 0xe4, 0xfc, 0x1, 0xfc,
    0xcf, 0x10, 0xd, 0xff, 0x50, 0xa, 0xfe, 0xf8,
    0x1, 0xfc, 0xcf, 0x10, 0x3, 0xff, 0x20, 0x1,
    0xef, 0xf3, 0x1, 0xfc, 0xcf, 0x10, 0x2, 0xff,
    0x70, 0x0, 0x6f, 0xf0, 0x1, 0xfc, 0xcf, 0x10,
    0x8, 0xff, 0xe0, 0x0, 0x9f, 0xf5, 0x1, 0xfc,
    0xcf, 0x10, 0x1f, 0xfa, 0xf7, 0x3, 0xff, 0xfd,
    0x1, 0xfc, 0xcf, 0x10, 0x8f, 0xa1, 0xff, 0x1c,
    0xf7, 0xbf, 0x61, 0xfc, 0xcf, 0x12, 0xff, 0x20,
    0x74, 0x9f, 0xd0, 0x3f, 0xe1, 0xfc, 0xcf, 0x1d,
    0xf7, 0x0, 0x6, 0xff, 0x30, 0xb, 0xf3, 0xfc,
    0xcf, 0x6f, 0xc0, 0x0, 0xd, 0xf4, 0x0, 0x3,
    0x41, 0xfc, 0xcf, 0x19, 0x10, 0x0, 0x3, 0x50,
    0x0, 0x0, 0x1, 0xfc, 0xcf, 0x10, 0x0, 0x0,
    0x0, 0x0, 0x0, 0x0, 0x3, 0xfc, 0xcf, 0x10,
    0x0, 0x0, 0x0, 0x0, 0x0, 0x7f, 0xef, 0xf9,
    0xcf, 0x10, 0x0, 0x0, 0x0, 0x0, 0x0, 0x2d,
    0xff, 0xb1, 0x11, 0x0, 0x0, 0x0, 0x0, 0x0,
    0x0, 0x0, 0x0, 0x0,

    /* U+7F6E "置" */
    0x0, 0x9f, 0xff, 0xff, 0xff, 0xff, 0xff, 0xff,
    0xff, 0xfc, 0x0, 0x0, 0x9f, 0xa8, 0x8a, 0xfb,
    0x88, 0x9f, 0xd8, 0x88, 0xed, 0x0, 0x0, 0x9f,
    0x30, 0x4, 0xf7, 0x0, 0x1f, 0x90, 0x0, 0xdd,
    0x0, 0x0, 0x9f, 0xba, 0xab, 0xfc, 0xaa, 0xbf,
    0xda, 0xaa, 0xfd, 0x0, 0x0, 0x8d, 0xdd, 0xdd,
    0xdd, 0xff, 0xfd, 0xdd, 0xdd, 0xdb, 0x0, 0x0,
    0x0, 0x0, 0x0, 0x0, 0xcf, 0x10, 0x0, 0x0,
    0x0, 0x0, 0x6, 0xaa, 0xaa, 0xaa, 0xaa, 0xef,
    0xaa, 0xaa, 0xaa, 0xaa, 0x80, 0x9, 0xff, 0xff,
    0xff, 0xff, 0xff, 0xff, 0xff, 0xff, 0xff, 0xd0,
    0x0, 0x0, 0x0, 0x0, 0x0, 0xfd, 0x0, 0x0,
    0x0, 0x0, 0x0, 0x0, 0x1, 0xff, 0xff, 0xff,
    0xff, 0xff, 0xff, 0xff, 0xb0, 0x0, 0x0, 0x1,
    0xfd, 0x99, 0x99, 0x99, 0x99, 0x99, 0x9f, 0xb0,
    0x0, 0x0, 0x1, 0xfd, 0x66, 0x66, 0x66, 0x66,
    0x66, 0x6f, 0xb0, 0x0, 0x0, 0x1, 0xff, 0xff,
    0xff, 0xff, 0xff, 0xff, 0xff, 0xb0, 0x0, 0x0,
    0x1, 0xfb, 0x0, 0x0, 0x0, 0x0, 0x0, 0xf,
    0xb0, 0x0, 0x0, 0x1, 0xff, 0xff, 0xff, 0xff,
    0xff, 0xff, 0xff, 0xb0, 0x0, 0x0, 0x1, 0xfd,
    0x77, 0x77, 0x77, 0x77, 0x77, 0x7f, 0xb0, 0x0,
    0x0, 0x1, 0xfd, 0x77, 0x77, 0x77, 0x77, 0x77,
    0x7f, 0xb0, 0x0, 0x0, 0x1, 0xff, 0xff, 0xff,
    0xff, 0xff, 0xff, 0xff, 0xb0, 0x0, 0x0, 0x1,
    0xfb, 0x0, 0x0, 0x0, 0x0, 0x0, 0xf, 0xb0,
    0x0, 0x39, 0x9a, 0xfd, 0x99, 0x99, 0x99, 0x99,
    0x99, 0x9f, 0xe9, 0x98, 0x6f, 0xff, 0xff, 0xff,
    0xff, 0xff, 0xff, 0xff, 0xff, 0xff, 0xfe,

    /* U+80CC "背" */
    0x0, 0x0, 0x0, 0x0, 0x64, 0x0, 0x43, 0x0,
    0x0, 0x0, 0x0, 0x0, 0x0, 0x0, 0x2, 0xfb,
    0x1, 0xfd, 0x0, 0x2, 0x7b, 0x10, 0x7, 0x99,
    0x99, 0x9a, 0xfb, 0x1, 0xfd, 0x59, 0xef, 0xff,
    0x80, 0xa, 0xee, 0xee, 0xee, 0xfb, 0x1, 0xff,
    0xff, 0xd9, 0x40, 0x0, 0x0, 0x0, 0x0, 0x2,
    0xfb, 0x1, 0xfe, 0x51, 0x0, 0x4, 0x60, 0x0,
    0x0, 0x0, 0x38, 0xfb, 0x1, 0xfd, 0x0, 0x0,
    0x9, 0xf4, 0x0, 0x4, 0x9e, 0xff, 0xfb, 0x0,
    0xfe, 0x0, 0x0, 0x2e, 0xf1, 0xa, 0xef, 0xfd,
    0x85, 0xfb, 0x0, 0xcf, 0xff, 0xef, 0xff, 0xa0,
    0xc, 0xe8, 0x30, 0x2, 0xfa, 0x0, 0x16, 0x9a,
    0xaa, 0x96, 0x0, 0x1, 0x0, 0x0, 0x0, 0x0,
    0x0, 0x0, 0x0, 0x0, 0x0, 0x0, 0x0, 0xa,
    0xbb, 0xbb, 0xbb, 0xbb, 0xbb, 0xbb, 0xbb, 0x80,
    0x0, 0x0, 0xe, 0xff, 0xff, 0xff, 0xff, 0xff,
    0xff, 0xff, 0xb0, 0x0, 0x0, 0xe, 0xf0, 0x0,
    0x0, 0x0, 0x0, 0x0, 0xf, 0xb0, 0x0, 0x0,
    0xe, 0xf8, 0x88, 0x88, 0x88, 0x88, 0x88, 0x8f,
    0xb0, 0x0, 0x0, 0xe, 0xff, 0xff, 0xff, 0xff,
    0xff, 0xff, 0xff, 0xb0, 0x0, 0x0, 0xe, 0xf0,
    0x0, 0x0, 0x0, 0x0, 0x0, 0xf, 0xb0, 0x0,
    0x0, 0xe, 0xf1, 0x11, 0x11, 0x11, 0x11, 0x11,
    0x1f, 0xb0, 0x0, 0x0, 0xe, 0xff, 0xff, 0xff,
    0xff, 0xff, 0xff, 0xff, 0xb0, 0x0, 0x0, 0xe,
    0xf8, 0x88, 0x88, 0x88, 0x88, 0x88, 0x8f, 0xb0,
    0x0, 0x0, 0xe, 0xf0, 0x0, 0x0, 0x0, 0x0,
    0x0, 0xf, 0xa0, 0x0, 0x0, 0xe, 0xf0, 0x0,
    0x0, 0x0, 0x5d, 0xcb, 0xdf, 0x80, 0x0, 0x0,
    0xe, 0xf0, 0x0, 0x0, 0x0, 0x1c, 0xdf, 0xeb,
    0x10, 0x0,

    /* U+80FD "能" */
    0x0, 0x0, 0x5, 0x20, 0x0, 0x0, 0x0, 0x0,
    0x0, 0x0, 0x0, 0x0, 0x0, 0x3, 0xff, 0x10,
    0x0, 0x2, 0xd8, 0x0, 0x0, 0x0, 0x0, 0x0,
    0x0, 0xdf, 0x70, 0x86, 0x0, 0x2f, 0x90, 0x0,
    0x4, 0x50, 0x0, 0x0, 0xaf, 0xc0, 0x1e, 0xf3,
    0x2, 0xf9, 0x4, 0xaf, 0xff, 0x20, 0x0, 0xaf,
    0xd1, 0x0, 0x4f, 0xd0, 0x2f, 0xee, 0xff, 0xe9,
    0x30, 0x1, 0xbf, 0xfa, 0xac, 0xef, 0xff, 0x72,
    0xff, 0xc8, 0x40, 0x0, 0x0, 0x1f, 0xff, 0xff,
    0xdc, 0xa8, 0xef, 0x4f, 0x90, 0x0, 0x0, 0x10,
    0x0, 0x54, 0x31, 0x0, 0x0, 0x6, 0x52, 0xf9,
    0x0, 0x0, 0xe, 0xa0, 0x0, 0x77, 0x77, 0x77,
    0x77, 0x50, 0x2f, 0xa0, 0x0, 0x3, 0xfb, 0x0,
    0x1f, 0xff, 0xff, 0xff, 0xfc, 0x0, 0xff, 0xcb,
    0xbb, 0xff, 0x60, 0x1, 0xfd, 0x44, 0x44, 0x5f,
    0xc0, 0x3, 0xac, 0xee, 0xec, 0x80, 0x0, 0x1f,
    0xc0, 0x0, 0x1, 0xfc, 0x0, 0x10, 0x0, 0x0,
    0x0, 0x0, 0x1, 0xfe, 0x88, 0x88, 0x9f, 0xc0,
    0x2f, 0x90, 0x0, 0x0, 0x0, 0x0, 0x1f, 0xff,
    0xff, 0xff, 0xfc, 0x2, 0xf9, 0x0, 0x0, 0x5a,
    0x0, 0x1, 0xfc, 0x0, 0x0, 0x1f, 0xc0, 0x2f,
    0x90, 0x59, 0xef, 0xf8, 0x0, 0x1f, 0xc0, 0x0,
    0x2, 0xfc, 0x2, 0xfe, 0xff, 0xfe, 0x93, 0x0,
    0x1, 0xff, 0xff, 0xff, 0xff, 0xc0, 0x2f, 0xfa,
    0x62, 0x0, 0x0, 0x0, 0x1f, 0xe7, 0x77, 0x78,
    0xfc, 0x2, 0xf9, 0x0, 0x0, 0x2, 0x0, 0x1,
    0xfc, 0x0, 0x0, 0x1f, 0xc0, 0x2f, 0x90, 0x0,
    0x0, 0x9e, 0x20, 0x1f, 0xc0, 0x0, 0x2, 0xfc,
    0x2, 0xfa, 0x0, 0x0, 0xd, 0xf1, 0x1, 0xfc,
    0x5, 0xcb, 0xdf, 0xa0, 0xf, 0xfc, 0xbb, 0xbd,
    0xfc, 0x0, 0x1f, 0xc0, 0x3d, 0xef, 0xc2, 0x0,
    0x4b, 0xef, 0xff, 0xeb, 0x20, 0x0, 0x32, 0x0,
    0x0, 0x0, 0x0, 0x0, 0x0, 0x0, 0x0, 0x0,
    0x0,

    /* U+8155 "腕" */
    0x0, 0x0, 0x0, 0x0, 0x0, 0x0, 0x0, 0x21,
    0x0, 0x0, 0x0, 0x0, 0x6d, 0xdd, 0xdd, 0x80,
    0x0, 0x0, 0x1f, 0x70, 0x0, 0x0, 0x0, 0x7,
    0xfe, 0xdd, 0xf9, 0x0, 0x0, 0x0, 0xbd, 0x0,
    0x0, 0x0, 0x0, 0x7f, 0x30, 0x1f, 0x92, 0xff,
    0xff, 0xff, 0xff, 0xff, 0xff, 0x70, 0x7, 0xf3,
    0x1, 0xf9, 0x2f, 0xda, 0xaa, 0xaa, 0xaa, 0xab,
    0xf7, 0x0, 0x7f, 0x30, 0x1f, 0x92, 0xf9, 0x0,
    0x0, 0x0, 0x0, 0x5f, 0x70, 0x7, 0xf9, 0x88,
    0xf9, 0x18, 0x50, 0x0, 0x0, 0x0, 0x2, 0x62,
    0x0, 0x7f, 0xff, 0xff, 0x90, 0xc, 0xb0, 0x0,
    0x0, 0x0, 0x0, 0x0, 0x7, 0xf6, 0x45, 0xf9,
    0x0, 0xef, 0xaa, 0xa7, 0xaa, 0xaa, 0xa0, 0x0,
    0x7f, 0x30, 0x1f, 0x90, 0x2f, 0xff, 0xff, 0xbf,
    0xff, 0xff, 0x10, 0x7, 0xf3, 0x1, 0xf9, 0x7,
    0xf4, 0xc, 0xf9, 0xf2, 0x18, 0xf1, 0x0, 0x8f,
    0x30, 0x1f, 0x90, 0xde, 0x0, 0xed, 0x9f, 0x10,
    0x8f, 0x10, 0x8, 0xff, 0xff, 0xf9, 0x5f, 0xa0,
    0x1f, 0xa9, 0xf1, 0x8, 0xf1, 0x0, 0x9f, 0xaa,
    0xaf, 0xae, 0xff, 0x95, 0xf6, 0x9f, 0x10, 0x8f,
    0x10, 0xa, 0xf0, 0x1, 0xf9, 0x98, 0xa7, 0x9f,
    0x29, 0xf1, 0x8, 0xf1, 0x0, 0xbf, 0x0, 0x1f,
    0x90, 0x0, 0xe, 0xd0, 0x9f, 0x19, 0xef, 0x0,
    0xd, 0xe0, 0x1, 0xf9, 0x0, 0x6, 0xf7, 0x9,
    0xf1, 0xdf, 0x70, 0x0, 0xfc, 0x0, 0x1f, 0x90,
    0x0, 0xee, 0x0, 0x9f, 0x10, 0x0, 0x0, 0x2f,
    0xa0, 0x1, 0xf9, 0x0, 0xaf, 0x60, 0x9, 0xf1,
    0x0, 0x41, 0x4, 0xf7, 0x0, 0x2f, 0x90, 0x8f,
    0xb0, 0x0, 0x9f, 0x10, 0xb, 0xf0, 0x8f, 0x43,
    0xbd, 0xf8, 0xaf, 0xd1, 0x0, 0x8, 0xfc, 0xbc,
    0xfd, 0x6, 0xf1, 0xe, 0xfc, 0x19, 0xc1, 0x0,
    0x0, 0x3c, 0xee, 0xdc, 0x40, 0x2, 0x0, 0x0,
    0x0, 0x0, 0x0, 0x0, 0x0, 0x0, 0x0, 0x0,
    0x0,

    /* U+81C2 "臂" */
    0x0, 0x0, 0x0, 0x0, 0x0, 0x0, 0x0, 0x2,
    0x10, 0x0, 0x0, 0x0, 0xcc, 0xcc, 0xcc, 0xcc,
    0x70, 0x0, 0x2f, 0xb0, 0x0, 0x0, 0x1, 0xfe,
    0xbb, 0xbb, 0xbf, 0x97, 0xff, 0xff, 0xff, 0xff,
    0xf4, 0x1, 0xf9, 0x0, 0x0, 0x1f, 0x93, 0x8f,
    0xc7, 0x79, 0xfc, 0x72, 0x1, 0xfe, 0xcc, 0xcc,
    0xcf, 0x90, 0xa, 0xf0, 0x9, 0xf3, 0x0, 0x2,
    0xfc, 0x99, 0x99, 0x99, 0x5b, 0xff, 0xff, 0xff,
    0xff, 0xf9, 0x4, 0xf7, 0x88, 0x88, 0x88, 0x44,
    0x66, 0x6c, 0xf7, 0x66, 0x63, 0x9, 0xf2, 0xfe,
    0xdd, 0xdf, 0x92, 0x77, 0x7c, 0xf7, 0x77, 0x70,
    0x2f, 0xc0, 0xf9, 0x0, 0xe, 0x96, 0xff, 0xff,
    0xff, 0xff, 0xf1, 0x9f, 0x40, 0xfe, 0xcc, 0xcf,
    0x90, 0x0, 0xa, 0xf1, 0x0, 0x0, 0x5, 0x0,
    0xbb, 0xbb, 0xbb, 0x60, 0x0, 0x7, 0xc0, 0x0,
    0x0, 0x0, 0x1a, 0xaa, 0xaa, 0xaa, 0xaa, 0xaa,
    0xaa, 0xaa, 0xa0, 0x0, 0x0, 0x2f, 0xff, 0xff,
    0xff, 0xff, 0xff, 0xff, 0xff, 0xf0, 0x0, 0x0,
    0x2f, 0xb0, 0x0, 0x0, 0x0, 0x0, 0x0, 0xb,
    0xf0, 0x0, 0x0, 0x2f, 0xea, 0xaa, 0xaa, 0xaa,
    0xaa, 0xaa, 0xae, 0xf0, 0x0, 0x0, 0x2f, 0xff,
    0xff, 0xff, 0xff, 0xff, 0xff, 0xff, 0xf0, 0x0,
    0x0, 0x2f, 0xb0, 0x0, 0x0, 0x0, 0x0, 0x0,
    0xb, 0xf0, 0x0, 0x0, 0x2f, 0xd8, 0x88, 0x88,
    0x88, 0x88, 0x88, 0x8e, 0xf0, 0x0, 0x0, 0x2f,
    0xff, 0xff, 0xff, 0xff, 0xff, 0xff, 0xff, 0xf0,
    0x0, 0x0, 0x2f, 0xb0, 0x0, 0x0, 0x0, 0x0,
    0x0, 0xc, 0xf0, 0x0, 0x0, 0x2f, 0xb0, 0x0,
    0x0, 0x0, 0x0, 0xbd, 0xdf, 0xe0, 0x0, 0x0,
    0x2f, 0xb0, 0x0, 0x0, 0x0, 0x0, 0x8e, 0xfd,
    0x40, 0x0,

    /* U+81EA "自" */
    0x0, 0x0, 0x0, 0x16, 0x20, 0x0, 0x0, 0x0,
    0x0, 0x0, 0x0, 0x0, 0x6f, 0xb0, 0x0, 0x0,
    0x0, 0x0, 0x0, 0x0, 0x0, 0xcf, 0x50, 0x0,
    0x0, 0x0, 0x0, 0x9b, 0xbb, 0xbc, 0xff, 0xbb,
    0xbb, 0xbb, 0xbb, 0xb1, 0xcf, 0xff, 0xff, 0xff,
    0xff, 0xff, 0xff, 0xff, 0xf2, 0xcf, 0x10, 0x0,
    0x0, 0x0, 0x0, 0x0, 0xb, 0xf2, 0xcf, 0x10,
    0x0, 0x0, 0x0, 0x0, 0x0, 0xb, 0xf2, 0xcf,
    0x10, 0x0, 0x0, 0x0, 0x0, 0x0, 0xb, 0xf2,
    0xcf, 0xcb, 0xbb, 0xbb, 0xbb, 0xbb, 0xbb, 0xbe,
    0xf2, 0xcf, 0xff, 0xff, 0xff, 0xff, 0xff, 0xff,
    0xff, 0xf2, 0xcf, 0x10, 0x0, 0x0, 0x0, 0x0,
    0x0, 0xb, 0xf2, 0xcf, 0x10, 0x0, 0x0, 0x0,
    0x0, 0x0, 0xb, 0xf2, 0xcf, 0x10, 0x0, 0x0,
    0x0, 0x0, 0x0, 0xb, 0xf2, 0xcf, 0xcb, 0xbb,
    0xbb, 0xbb, 0xbb, 0xbb, 0xbe, 0xf2, 0xcf, 0xff,
    0xff, 0xff, 0xff, 0xff, 0xff, 0xff, 0xf2, 0xcf,
    0x10, 0x0, 0x0, 0x0, 0x0, 0x0, 0xb, 0xf2,
    0xcf, 0x10, 0x0, 0x0, 0x0, 0x0, 0x0, 0xb,
    0xf2, 0xcf, 0x10, 0x0, 0x0, 0x0, 0x0, 0x0,
    0xb, 0xf2, 0xcf, 0xbb, 0xbb, 0xbb, 0xbb, 0xbb,
    0xbb, 0xbe, 0xf2, 0xcf, 0xff, 0xff, 0xff, 0xff,
    0xff, 0xff, 0xff, 0xf2, 0xcf, 0x21, 0x11, 0x11,
    0x11, 0x11, 0x11, 0x1c, 0xf2, 0xcf, 0x10, 0x0,
    0x0, 0x0, 0x0, 0x0, 0xb, 0xf2,

    /* U+81F4 "致" */
    0x0, 0x0, 0x0, 0x0, 0x0, 0x0, 0x0, 0x72,
    0x0, 0x0, 0x0, 0x39, 0x99, 0x99, 0x99, 0x99,
    0x90, 0x3, 0xfb, 0x0, 0x0, 0x0, 0x6f, 0xff,
    0xff, 0xff, 0xff, 0xf0, 0x6, 0xf7, 0x0, 0x0,
    0x0, 0x13, 0x34, 0xff, 0x33, 0x33, 0x30, 0xa,
    0xf3, 0x0, 0x0, 0x0, 0x0, 0x7, 0xfb, 0x2,
    0x50, 0x0, 0xe, 0xfb, 0xbb, 0xbb, 0xb3, 0x0,
    0xe, 0xf4, 0x2f, 0xf0, 0x0, 0x2f, 0xff, 0xff,
    0xff, 0xf5, 0x0, 0x6f, 0xc0, 0xb, 0xf7, 0x0,
    0x7f, 0x71, 0x11, 0xaf, 0x40, 0x1, 0xef, 0x40,
    0x5, 0xfe, 0x0, 0xdf, 0x20, 0x0, 0xcf, 0x10,
    0xb, 0xfc, 0x7a, 0xdf, 0xff, 0x42, 0xff, 0x0,
    0x0, 0xef, 0x0, 0xf, 0xff, 0xff, 0xfc, 0xcf,
    0x98, 0xff, 0x50, 0x1, 0xfd, 0x0, 0x8, 0xa8,
    0x64, 0x0, 0x2e, 0x8e, 0xff, 0xb0, 0x5, 0xfa,
    0x0, 0x0, 0x0, 0x4b, 0x50, 0x0, 0x2f, 0xad,
    0xf1, 0x9, 0xf7, 0x0, 0x0, 0x0, 0x6f, 0x80,
    0x0, 0x2, 0x26, 0xf9, 0xe, 0xf2, 0x0, 0x0,
    0x0, 0x6f, 0x80, 0x0, 0x0, 0x0, 0xef, 0x5f,
    0xd0, 0x0, 0xa, 0xaa, 0xcf, 0xda, 0xaa, 0x30,
    0x0, 0x7f, 0xff, 0x70, 0x0, 0xf, 0xff, 0xff,
    0xff, 0xff, 0x50, 0x0, 0xf, 0xff, 0x10, 0x0,
    0x0, 0x0, 0x6f, 0x80, 0x0, 0x0, 0x0, 0x1e,
    0xfd, 0x10, 0x0, 0x0, 0x0, 0x6f, 0x80, 0x0,
    0x0, 0x0, 0xbf, 0xff, 0xc0, 0x0, 0x0, 0x0,
    0x6f, 0xa6, 0x8b, 0x90, 0xb, 0xfe, 0x3e, 0xfb,
    0x0, 0x47, 0xac, 0xff, 0xff, 0xff, 0xd1, 0xcf,
    0xf2, 0x2, 0xff, 0xc1, 0x9f, 0xff, 0xfd, 0xa7,
    0x41, 0x2e, 0xfe, 0x30, 0x0, 0x3f, 0xfb, 0x28,
    0x53, 0x0, 0x0, 0x0, 0xa, 0xc1, 0x0, 0x0,
    0x3, 0xd2, 0x0, 0x0, 0x0, 0x0, 0x0, 0x0,
    0x0, 0x0, 0x0, 0x0, 0x0,

    /* U+822C "般" */
    0x0, 0x0, 0x6, 0x50, 0x0, 0x0, 0x0, 0x0,
    0x0, 0x0, 0x0, 0x0, 0x0, 0x1f, 0xe0, 0x0,
    0x0, 0x5a, 0xaa, 0xaa, 0xa1, 0x0, 0x0, 0x0,
    0x6f, 0x80, 0x0, 0x0, 0x8f, 0xff, 0xff, 0xf2,
    0x0, 0x5, 0xbb, 0xef, 0xcb, 0xb9, 0x0, 0x8f,
    0x52, 0x2c, 0xf2, 0x0, 0x7, 0xff, 0xff, 0xff,
    0xfd, 0x0, 0x9f, 0x20, 0xb, 0xf2, 0x0, 0x7,
    0xf3, 0x1, 0x0, 0xed, 0x0, 0xaf, 0x10, 0xb,
    0xf2, 0x0, 0x7, 0xf3, 0xcd, 0x0, 0xed, 0x0,
    0xde, 0x0, 0xb, 0xf2, 0x0, 0x7, 0xf3, 0x6f,
    0x80, 0xed, 0x3, 0xfa, 0x0, 0xb, 0xf4, 0x0,
    0x7, 0xf3, 0xc, 0xf1, 0xed, 0xd, 0xf4, 0x0,
    0x8, 0xff, 0xf6, 0x7, 0xf3, 0x3, 0x60, 0xed,
    0xa, 0xb0, 0x0, 0x0, 0x69, 0x93, 0x5a, 0xf8,
    0x66, 0x66, 0xfd, 0x1, 0x11, 0x11, 0x11, 0x11,
    0x0, 0xcf, 0xff, 0xff, 0xff, 0xfd, 0xe, 0xff,
    0xff, 0xff, 0xff, 0x40, 0x5b, 0xf8, 0x77, 0x77,
    0xfd, 0x9, 0xff, 0xaa, 0xaa, 0xff, 0x20, 0x8,
    0xf3, 0x27, 0x0, 0xed, 0x0, 0xbf, 0x20, 0x2,
    0xfe, 0x0, 0x8, 0xf2, 0x8f, 0x30, 0xed, 0x0,
    0x6f, 0x90, 0x7, 0xfa, 0x0, 0x9, 0xf2, 0x6f,
    0x50, 0xed, 0x0, 0xf, 0xf3, 0xe, 0xf4, 0x0,
    0xa, 0xf1, 0x5f, 0x60, 0xed, 0x0, 0x7, 0xfd,
    0x8f, 0xc0, 0x0, 0xc, 0xf0, 0x3f, 0x70, 0xed,
    0x0, 0x0, 0xcf, 0xff, 0x30, 0x0, 0xe, 0xd0,
    0x0, 0x0, 0xed, 0x0, 0x0, 0x9f, 0xfe, 0x20,
    0x0, 0x2f, 0xa0, 0x0, 0x0, 0xfd, 0x0, 0x4d,
    0xff, 0xdf, 0xf9, 0x20, 0x7f, 0x70, 0xb, 0xdd,
    0xfc, 0x4d, 0xff, 0xd3, 0x8, 0xff, 0xf9, 0xaf,
    0x20, 0x9, 0xff, 0xe5, 0x2f, 0xe6, 0x0, 0x0,
    0x3b, 0xf5, 0x1, 0x0, 0x0, 0x0, 0x0, 0x3,
    0x0, 0x0, 0x0, 0x0, 0x20,

    /* U+8272 "色" */
    0x0, 0x0, 0x0, 0x38, 0x20, 0x0, 0x0, 0x0,
    0x0, 0x0, 0x0, 0x0, 0x0, 0x0, 0xdf, 0x50,
    0x0, 0x0, 0x0, 0x0, 0x0, 0x0, 0x0, 0x0,
    0x7, 0xff, 0xaa, 0xaa, 0xaa, 0xa8, 0x0, 0x0,
    0x0, 0x0, 0x0, 0x4f, 0xff, 0xff, 0xff, 0xff,
    0xfc, 0x0, 0x0, 0x0, 0x0, 0x3, 0xef, 0x40,
    0x0, 0x0, 0xb, 0xf6, 0x0, 0x0, 0x0, 0x0,
    0x3e, 0xf7, 0x0, 0x0, 0x0, 0x3f, 0xd0, 0x0,
    0x0, 0x0, 0x4, 0xff, 0xb0, 0x0, 0x0, 0x1,
    0xdf, 0x40, 0x0, 0x0, 0x0, 0x6f, 0xff, 0xff,
    0xff, 0xff, 0xff, 0xff, 0xff, 0xff, 0xfb, 0x0,
    0x4f, 0x8f, 0xea, 0xaa, 0xaa, 0xef, 0xaa, 0xaa,
    0xaa, 0xfb, 0x0, 0x2, 0x1f, 0xc0, 0x0, 0x0,
    0xbf, 0x10, 0x0, 0x1, 0xfb, 0x0, 0x0, 0x1f,
    0xc0, 0x0, 0x0, 0xbf, 0x10, 0x0, 0x1, 0xfb,
    0x0, 0x0, 0x1f, 0xc0, 0x0, 0x0, 0xbf, 0x10,
    0x0, 0x1, 0xfb, 0x0, 0x0, 0x1f, 0xc0, 0x0,
    0x0, 0xbf, 0x10, 0x0, 0x1, 0xfb, 0x0, 0x0,
    0x1f, 0xfb, 0xbb, 0xbb, 0xef, 0xcb, 0xbb, 0xbc,
    0xfb, 0x0, 0x0, 0x1f, 0xff, 0xff, 0xff, 0xff,
    0xff, 0xff, 0xff, 0xfa, 0x0, 0x0, 0x1f, 0xc0,
    0x0, 0x0, 0x0, 0x0, 0x0, 0x0, 0x0, 0x0,
    0x0, 0x1f, 0xc0, 0x0, 0x0, 0x0, 0x0, 0x0,
    0x0, 0x0, 0x10, 0x0, 0x1f, 0xc0, 0x0, 0x0,
    0x0, 0x0, 0x0, 0x0, 0x0, 0xf6, 0x0, 0x1f,
    0xc0, 0x0, 0x0, 0x0, 0x0, 0x0, 0x0, 0x3,
    0xfb, 0x0, 0x1f, 0xe1, 0x0, 0x0, 0x0, 0x0,
    0x0, 0x0, 0x9, 0xf7, 0x0, 0xe, 0xff, 0xed,
    0xcc, 0xcc, 0xcc, 0xcd, 0xef, 0xff, 0xf1, 0x0,
    0x3, 0xad, 0xef, 0xff, 0xff, 0xff, 0xff, 0xed,
    0xca, 0x40,

    /* U+8282 "节" */
    0x0, 0x0, 0x0, 0x56, 0x0, 0x0, 0x0, 0x65,
    0x0, 0x0, 0x0, 0x0, 0x0, 0x0, 0xef, 0x0,
    0x0, 0x0, 0xfe, 0x0, 0x0, 0x0, 0x0, 0x0,
    0x0, 0xef, 0x0, 0x0, 0x0, 0xfe, 0x0, 0x0,
    0x0, 0xdf, 0xff, 0xff, 0xff, 0xff, 0xff, 0xff,
    0xff, 0xff, 0xff, 0xf6, 0x8a, 0xaa, 0xaa, 0xff,
    0xaa, 0xaa, 0xaa, 0xff, 0xaa, 0xaa, 0xa3, 0x0,
    0x0, 0x0, 0xef, 0x0, 0x0, 0x0, 0xfe, 0x0,
    0x0, 0x0, 0x0, 0x0, 0x0, 0xef, 0x0, 0x0,
    0x0, 0xfe, 0x0, 0x0, 0x0, 0x0, 0x0, 0x0,
    0x22, 0x0, 0x0, 0x0, 0x22, 0x0, 0x0, 0x0,
    0x0, 0x0, 0x0, 0x0, 0x0, 0x0, 0x0, 0x0,
    0x0, 0x0, 0x0, 0x3, 0xff, 0xff, 0xff, 0xff,
    0xff, 0xff, 0xff, 0xff, 0xf6, 0x0, 0x2, 0xbb,
    0xbb, 0xbb, 0xff, 0xbb, 0xbb, 0xbb, 0xbd, 0xf6,
    0x0, 0x0, 0x0, 0x0, 0x0, 0xff, 0x0, 0x0,
    0x0, 0x8, 0xf5, 0x0, 0x0, 0x0, 0x0, 0x0,
    0xff, 0x0, 0x0, 0x0, 0x9, 0xf5, 0x0, 0x0,
    0x0, 0x0, 0x0, 0xff, 0x0, 0x0, 0x0, 0xb,
    0xf4, 0x0, 0x0, 0x0, 0x0, 0x0, 0xff, 0x0,
    0x0, 0x0, 0xc, 0xf2, 0x0, 0x0, 0x0, 0x0,
    0x0, 0xff, 0x0, 0x0, 0x0, 0xe, 0xf1, 0x0,
    0x0, 0x0, 0x0, 0x0, 0xff, 0x0, 0x0, 0x0,
    0x1f, 0xe0, 0x0, 0x0, 0x0, 0x0, 0x0, 0xff,
    0x0, 0xf, 0xec, 0xdf, 0x90, 0x0, 0x0, 0x0,
    0x0, 0x0, 0xff, 0x0, 0xa, 0xef, 0xfd, 0x10,
    0x0, 0x0, 0x0, 0x0, 0x0, 0xff, 0x0, 0x0,
    0x0, 0x10, 0x0, 0x0, 0x0, 0x0, 0x0, 0x0,
    0xff, 0x0, 0x0, 0x0, 0x0, 0x0, 0x0, 0x0,
    0x0, 0x0, 0x0, 0xff, 0x0, 0x0, 0x0, 0x0,
    0x0, 0x0,

    /* U+82E5 "若" */
    0x0, 0x0, 0x0, 0x64, 0x0, 0x0, 0x1, 0x64,
    0x0, 0x0, 0x0, 0x0, 0x0, 0x1, 0xfc, 0x0,
    0x0, 0x3, 0xfa, 0x0, 0x0, 0x0, 0x0, 0x0,
    0x2, 0xfc, 0x0, 0x0, 0x4, 0xfa, 0x0, 0x0,
    0x0, 0xdf, 0xff, 0xff, 0xff, 0xff, 0xff, 0xff,
    0xff, 0xff, 0xff, 0xf6, 0x8a, 0xaa, 0xaa, 0xfe,
    0xaa, 0xaa, 0xab, 0xfe, 0xaa, 0xaa, 0xa3, 0x0,
    0x0, 0x1, 0xfc, 0x2, 0x20, 0x3, 0xfa, 0x0,
    0x0, 0x0, 0x0, 0x0, 0x1, 0xfc, 0xd, 0xf4,
    0x3, 0xfa, 0x0, 0x0, 0x0, 0x0, 0x0, 0x0,
    0x22, 0x6f, 0xc0, 0x0, 0x21, 0x0, 0x0, 0x0,
    0x6a, 0xaa, 0xaa, 0xaa, 0xef, 0xca, 0xaa, 0xaa,
    0xaa, 0xaa, 0xa1, 0xaf, 0xff, 0xff, 0xff, 0xff,
    0xff, 0xff, 0xff, 0xff, 0xff, 0xf3, 0x12, 0x22,
    0x22, 0x7f, 0xe2, 0x22, 0x22, 0x22, 0x22, 0x22,
    0x20, 0x0, 0x0, 0x3, 0xff, 0x50, 0x0, 0x0,
    0x0, 0x0, 0x0, 0x0, 0x0, 0x0, 0x3f, 0xf8,
    0x0, 0x0, 0x0, 0x0, 0x0, 0x0, 0x0, 0x0,
    0x5, 0xff, 0xfb, 0xbb, 0xbb, 0xbb, 0xbb, 0xbb,
    0xb3, 0x0, 0x1, 0xaf, 0xff, 0xff, 0xff, 0xff,
    0xff, 0xff, 0xff, 0xf5, 0x0, 0x6e, 0xfe, 0xaf,
    0x70, 0x0, 0x0, 0x0, 0x0, 0x9, 0xf5, 0x0,
    0x6f, 0xa1, 0x5f, 0x70, 0x0, 0x0, 0x0, 0x0,
    0x9, 0xf5, 0x0, 0x3, 0x0, 0x5f, 0x70, 0x0,
    0x0, 0x0, 0x0, 0x9, 0xf5, 0x0, 0x0, 0x0,
    0x5f, 0x70, 0x0, 0x0, 0x0, 0x0, 0x9, 0xf5,
    0x0, 0x0, 0x0, 0x5f, 0xed, 0xdd, 0xdd, 0xdd,
    0xdd, 0xde, 0xf5, 0x0, 0x0, 0x0, 0x5f, 0xff,
    0xff, 0xff, 0xff, 0xff, 0xff, 0xf5, 0x0, 0x0,
    0x0, 0x5f, 0x70, 0x0, 0x0, 0x0, 0x0, 0x9,
    0xf5, 0x0,

    /* U+82F1 "英" */
    0x0, 0x0, 0x0, 0x7a, 0x20, 0x0, 0x0, 0x6a,
    0x10, 0x0, 0x0, 0x0, 0x0, 0x0, 0xcf, 0x30,
    0x0, 0x0, 0xbf, 0x30, 0x0, 0x0, 0x2a, 0xaa,
    0xaa, 0xef, 0xba, 0xaa, 0xaa, 0xef, 0xba, 0xaa,
    0xa8, 0x4f, 0xff, 0xff, 0xff, 0xff, 0xff, 0xff,
    0xff, 0xff, 0xff, 0xfd, 0x2, 0x22, 0x22, 0xcf,
    0x52, 0x22, 0x22, 0xbf, 0x42, 0x22, 0x21, 0x0,
    0x0, 0x0, 0x9d, 0x20, 0x69, 0x0, 0x8d, 0x20,
    0x0, 0x0, 0x0, 0x0, 0x0, 0x0, 0x0, 0xbf,
    0x10, 0x0, 0x0, 0x0, 0x0, 0x0, 0x0, 0x0,
    0x0, 0x0, 0xbf, 0x10, 0x0, 0x0, 0x0, 0x0,
    0x0, 0x8, 0xbb, 0xbb, 0xbb, 0xef, 0xbb, 0xbb,
    0xbb, 0xa0, 0x0, 0x0, 0xc, 0xff, 0xff, 0xff,
    0xff, 0xff, 0xff, 0xff, 0xe0, 0x0, 0x0, 0xc,
    0xf0, 0x0, 0x0, 0xbf, 0x0, 0x0, 0xe, 0xe0,
    0x0, 0x0, 0xc, 0xf0, 0x0, 0x0, 0xcf, 0x0,
    0x0, 0xe, 0xe0, 0x0, 0x0, 0xc, 0xf0, 0x0,
    0x0, 0xdf, 0x0, 0x0, 0xe, 0xe0, 0x0, 0x0,
    0xc, 0xf1, 0x0, 0x1, 0xfe, 0x0, 0x0, 0xe,
    0xe0, 0x0, 0x7f, 0xff, 0xff, 0xff, 0xff, 0xff,
    0xff, 0xff, 0xff, 0xff, 0xfe, 0x4a, 0xaa, 0xaa,
    0xaa, 0xcf, 0xfb, 0xfd, 0xaa, 0xaa, 0xaa, 0xa9,
    0x0, 0x0, 0x0, 0x3, 0xef, 0x60, 0xdf, 0x30,
    0x0, 0x0, 0x0, 0x0, 0x0, 0x0, 0x6f, 0xf7,
    0x0, 0x2f, 0xe5, 0x0, 0x0, 0x0, 0x0, 0x0,
    0x4c, 0xff, 0x60, 0x0, 0x4, 0xff, 0xa2, 0x0,
    0x0, 0x0, 0x5c, 0xff, 0xc2, 0x0, 0x0, 0x0,
    0x3d, 0xff, 0xb5, 0x10, 0x4e, 0xff, 0xd5, 0x0,
    0x0, 0x0, 0x0, 0x0, 0x8f, 0xff, 0xfb, 0xd,
    0xb5, 0x0, 0x0, 0x0, 0x0, 0x0, 0x0, 0x1,
    0x7d, 0xf6, 0x0, 0x0, 0x0, 0x0, 0x0, 0x0,
    0x0, 0x0, 0x0, 0x0, 0x20,

    /* U+8303 "范" */
    0x0, 0x0, 0x0, 0x7a, 0x20, 0x0, 0x0, 0x6a,
    0x10, 0x0, 0x0, 0x0, 0x0, 0x0, 0xc, 0xf3,
    0x0, 0x0, 0xb, 0xf3, 0x0, 0x0, 0x0, 0x2a,
    0xaa, 0xaa, 0xef, 0xba, 0xaa, 0xaa, 0xef, 0xba,
    0xaa, 0xa8, 0x4, 0xff, 0xff, 0xff, 0xff, 0xff,
    0xff, 0xff, 0xff, 0xff, 0xff, 0xd0, 0x2, 0x22,
    0x22, 0xcf, 0x52, 0x22, 0x22, 0xbf, 0x42, 0x22,
    0x21, 0x0, 0x0, 0x0, 0x9, 0xd2, 0x0, 0x0,
    0x8, 0xd2, 0x0, 0x0, 0x0, 0x0, 0x4, 0x0,
    0x0, 0x0, 0x0, 0x0, 0x0, 0x0, 0x0, 0x0,
    0x0, 0x4, 0xfe, 0x40, 0x0, 0x7d, 0xdd, 0xdd,
    0xdd, 0xdd, 0xd1, 0x0, 0x0, 0x8, 0xff, 0x80,
    0x9, 0xff, 0xff, 0xff, 0xff, 0xff, 0x10, 0x0,
    0x0, 0x5, 0xff, 0x60, 0x9f, 0x50, 0x0, 0x0,
    0xd, 0xf1, 0x0, 0x0, 0x0, 0x4, 0xb0, 0x9,
    0xf5, 0x0, 0x0, 0x0, 0xef, 0x10, 0x0, 0x79,
    0x10, 0x0, 0x0, 0x9f, 0x50, 0x0, 0x0, 0xf,
    0xf0, 0x0, 0x1d, 0xfe, 0x50, 0x0, 0x9, 0xf5,
    0x0, 0x0, 0x1, 0xff, 0x0, 0x0, 0x9, 0xff,
    0x70, 0x0, 0x9f, 0x50, 0x0, 0x0, 0x2f, 0xe0,
    0x0, 0x0, 0x6, 0xe2, 0x0, 0x9, 0xf5, 0x0,
    0x44, 0x2a, 0xfb, 0x0, 0x0, 0x0, 0x0, 0x0,
    0x0, 0x9f, 0x50, 0x9, 0xff, 0xff, 0x60, 0x0,
    0x0, 0x0, 0xa, 0x90, 0x9, 0xf5, 0x0, 0x39,
    0xba, 0x50, 0x10, 0x0, 0x0, 0x7, 0xfd, 0x0,
    0x9f, 0x50, 0x0, 0x0, 0x0, 0xb, 0xc1, 0x0,
    0x5, 0xff, 0x30, 0x9, 0xf5, 0x0, 0x0, 0x0,
    0x0, 0xef, 0x0, 0x4, 0xff, 0x60, 0x0, 0x8f,
    0x60, 0x0, 0x0, 0x0, 0x6f, 0xb0, 0x5, 0xff,
    0x80, 0x0, 0x7, 0xff, 0xee, 0xee, 0xef, 0xff,
    0xf5, 0x0, 0xbf, 0x80, 0x0, 0x0, 0x1b, 0xdf,
    0xff, 0xff, 0xfe, 0xc8, 0x0, 0x0, 0x40, 0x0,
    0x0, 0x0, 0x0, 0x0, 0x0, 0x0, 0x0, 0x0,
    0x0,

    /* U+8361 "荡" */
    0x0, 0x0, 0x0, 0x7a, 0x20, 0x0, 0x0, 0x6a,
    0x10, 0x0, 0x0, 0x0, 0x0, 0x0, 0xcf, 0x30,
    0x0, 0x0, 0xbf, 0x30, 0x0, 0x0, 0x2a, 0xaa,
    0xaa, 0xef, 0xba, 0xaa, 0xaa, 0xef, 0xba, 0xaa,
    0xa8, 0x4f, 0xff, 0xff, 0xff, 0xff, 0xff, 0xff,
    0xff, 0xff, 0xff, 0xfd, 0x2, 0x22, 0x22, 0xcf,
    0x52, 0x22, 0x22, 0xbf, 0x42, 0x22, 0x21, 0x0,
    0x0, 0x0, 0x9d, 0x20, 0x0, 0x0, 0x8d, 0x20,
    0x0, 0x0, 0x0, 0x4, 0x0, 0x0, 0x0, 0x0,
    0x0, 0x0, 0x0, 0x0, 0x0, 0x0, 0x4f, 0xe5,
    0x0, 0x79, 0x99, 0x99, 0x99, 0x99, 0x95, 0x0,
    0x0, 0x8, 0xff, 0x80, 0xcf, 0xff, 0xff, 0xff,
    0xff, 0xf8, 0x0, 0x0, 0x0, 0x5f, 0xf6, 0x0,
    0x0, 0x0, 0x1a, 0xff, 0x91, 0x0, 0x0, 0x0,
    0x5, 0xc0, 0x0, 0x0, 0x8, 0xff, 0xd3, 0x0,
    0x0, 0x5, 0x70, 0x0, 0x0, 0x0, 0x18, 0xff,
    0xe6, 0x0, 0x0, 0x0, 0x1e, 0xfd, 0x30, 0x0,
    0x4b, 0xff, 0xe7, 0x11, 0x11, 0x11, 0x10, 0x1,
    0xaf, 0xf6, 0x0, 0xcf, 0xff, 0xff, 0xff, 0xff,
    0xff, 0xf3, 0x0, 0x7, 0xf3, 0x0, 0x49, 0xaf,
    0xe9, 0x9d, 0xfb, 0x9d, 0xf3, 0x0, 0x0, 0x10,
    0x0, 0x0, 0xaf, 0x50, 0xe, 0xf0, 0x9, 0xf2,
    0x0, 0x0, 0xc, 0xb1, 0x9, 0xfb, 0x0, 0x8f,
    0x80, 0xa, 0xf2, 0x0, 0x0, 0xbf, 0xc2, 0xcf,
    0xb0, 0x5, 0xfe, 0x10, 0xb, 0xf1, 0x0, 0xb,
    0xfd, 0x1c, 0xf8, 0x0, 0x7f, 0xf3, 0x0, 0xd,
    0xf0, 0x1, 0xcf, 0xe2, 0x0, 0x20, 0x2b, 0xff,
    0x40, 0x0, 0x2f, 0xe0, 0xd, 0xfd, 0x10, 0x0,
    0x8, 0xff, 0xd2, 0x8, 0xfd, 0xef, 0xb0, 0x1,
    0x80, 0x0, 0x0, 0x6, 0xe7, 0x0, 0x5, 0xce,
    0xfc, 0x20, 0x0, 0x0, 0x0, 0x0, 0x0, 0x0,
    0x0, 0x0, 0x0, 0x0, 0x0,

    /* U+83DC "菜" */
    0x0, 0x0, 0x1, 0x65, 0x0, 0x0, 0x0, 0x64,
    0x0, 0x0, 0x0, 0x0, 0x0, 0x3, 0xfc, 0x0,
    0x0, 0x2, 0xfc, 0x0, 0x0, 0x0, 0x9b, 0xbb,
    0xbc, 0xff, 0xbb, 0xbb, 0xbc, 0xfe, 0xbb, 0xbb,
    0xb4, 0xcf, 0xff, 0xff, 0xff, 0xff, 0xff, 0xff,
    0xff, 0xff, 0xff, 0xf5, 0x0, 0x0, 0x3, 0xfc,
    0x0, 0x0, 0x2, 0xfc, 0x0, 0x0, 0x0, 0x0,
    0x0, 0x1, 0x75, 0x0, 0x0, 0x1, 0x88, 0x46,
    0x82, 0x0, 0x3, 0x77, 0x88, 0x89, 0xab, 0xcd,
    0xef, 0xff, 0xff, 0xfb, 0x0, 0x2, 0xff, 0xff,
    0xff, 0xff, 0xee, 0xdb, 0xa9, 0x87, 0x42, 0x0,
    0x0, 0x33, 0x62, 0x11, 0x3, 0x70, 0x0, 0x0,
    0x4f, 0xb0, 0x0, 0x0, 0xd, 0xf1, 0x0, 0xd,
    0xf5, 0x0, 0x0, 0xbf, 0x70, 0x0, 0x0, 0x7,
    0xf8, 0x0, 0x3, 0xfb, 0x0, 0x5, 0xfe, 0x0,
    0x0, 0x0, 0x0, 0xff, 0x10, 0x0, 0x72, 0x0,
    0x1e, 0xf4, 0x0, 0x0, 0x0, 0x0, 0x64, 0x0,
    0x2, 0xfb, 0x0, 0x6, 0x70, 0x0, 0x0, 0x59,
    0x99, 0x99, 0x99, 0x9a, 0xfe, 0x99, 0x99, 0x99,
    0x99, 0x90, 0x8f, 0xff, 0xff, 0xff, 0xff, 0xff,
    0xff, 0xff, 0xff, 0xff, 0xf1, 0x1, 0x11, 0x11,
    0x15, 0xff, 0xff, 0xf8, 0x11, 0x11, 0x11, 0x10,
    0x0, 0x0, 0x0, 0x7f, 0xe5, 0xfc, 0xbf, 0xb1,
    0x0, 0x0, 0x0, 0x0, 0x0, 0x2c, 0xfd, 0x22,
    0xfb, 0xa, 0xff, 0x70, 0x0, 0x0, 0x0, 0x19,
    0xff, 0xb1, 0x2, 0xfb, 0x0, 0x6f, 0xfe, 0x71,
    0x0, 0x3a, 0xff, 0xe5, 0x0, 0x2, 0xfb, 0x0,
    0x2, 0xbf, 0xff, 0xc1, 0x2e, 0xe7, 0x0, 0x0,
    0x2, 0xfb, 0x0, 0x0, 0x3, 0xbf, 0xb0, 0x2,
    0x0, 0x0, 0x0, 0x2, 0xfb, 0x0, 0x0, 0x0,
    0x2, 0x20,

    /* U+843D "落" */
    0x0, 0x0, 0x1, 0x65, 0x0, 0x0, 0x0, 0x64,
    0x0, 0x0, 0x0, 0x0, 0x0, 0x3, 0xfc, 0x0,
    0x0, 0x2, 0xfc, 0x0, 0x0, 0x0, 0x9b, 0xbb,
    0xbc, 0xff, 0xbb, 0xbb, 0xbc, 0xfe, 0xbb, 0xbb,
    0xb4, 0xcf, 0xff, 0xff, 0xff, 0xff, 0xff, 0xff,
    0xff, 0xff, 0xff, 0xf5, 0x0, 0x0, 0x3, 0xfc,
    0x0, 0x0, 0x2, 0xfc, 0x0, 0x0, 0x0, 0x0,
    0x86, 0x1, 0x75, 0x0, 0x15, 0x10, 0x75, 0x0,
    0x0, 0x0, 0x2, 0xff, 0xa0, 0x0, 0x0, 0xaf,
    0x70, 0x0, 0x0, 0x0, 0x0, 0x0, 0x2d, 0xfc,
    0x0, 0x6, 0xff, 0xff, 0xff, 0xff, 0xf6, 0x0,
    0x0, 0x1, 0xc4, 0x0, 0x5f, 0xf9, 0x99, 0x99,
    0xaf, 0xf4, 0x0, 0x1, 0x0, 0x0, 0x7, 0xff,
    0xf9, 0x0, 0x1, 0xdf, 0xa0, 0x0, 0x7f, 0x60,
    0x0, 0x7f, 0xf7, 0xcf, 0xc3, 0x3d, 0xfc, 0x0,
    0x0, 0x7f, 0xfa, 0x0, 0x8, 0x30, 0xa, 0xff,
    0xff, 0xb0, 0x0, 0x0, 0x5, 0xfb, 0x0, 0x0,
    0x1, 0x5b, 0xff, 0xff, 0xe9, 0x40, 0x0, 0x0,
    0x31, 0x0, 0x48, 0xcf, 0xff, 0xf8, 0x6c, 0xff,
    0xff, 0xc6, 0x0, 0x0, 0x30, 0x7f, 0xfe, 0xa5,
    0x0, 0x0, 0x28, 0xdf, 0xf5, 0x0, 0x4, 0xf7,
    0x5, 0x6a, 0xaa, 0xaa, 0xaa, 0xaa, 0xa3, 0x50,
    0x0, 0xc, 0xf4, 0x0, 0x6f, 0xff, 0xff, 0xff,
    0xff, 0xf3, 0x0, 0x0, 0x6f, 0xc0, 0x0, 0x6f,
    0x50, 0x0, 0x0, 0x9, 0xf3, 0x0, 0x1, 0xef,
    0x40, 0x0, 0x6f, 0x50, 0x0, 0x0, 0x9, 0xf3,
    0x0, 0xb, 0xfa, 0x0, 0x0, 0x6f, 0xb8, 0x88,
    0x88, 0x8c, 0xf3, 0x0, 0x8f, 0xf1, 0x0, 0x0,
    0x6f, 0xff, 0xff, 0xff, 0xff, 0xf3, 0x0, 0x3d,
    0x50, 0x0, 0x0, 0x6f, 0x50, 0x0, 0x0, 0x9,
    0xf3, 0x0, 0x0, 0x0, 0x0, 0x0, 0x0, 0x0,
    0x0, 0x0, 0x0, 0x0, 0x0,

    /* U+8702 "蜂" */
    0x0, 0x0, 0x64, 0x0, 0x0, 0x0, 0x2, 0x0,
    0x0, 0x0, 0x0, 0x0, 0x0, 0x1f, 0x90, 0x0,
    0x0, 0x4, 0xf8, 0x0, 0x0, 0x0, 0x0, 0x0,
    0x1, 0xf9, 0x0, 0x0, 0x0, 0xdf, 0xa8, 0x88,
    0x88, 0x30, 0x0, 0x0, 0x1f, 0x90, 0x0, 0x0,
    0xaf, 0xff, 0xff, 0xff, 0xf6, 0x0, 0x0, 0x1,
    0xfa, 0x0, 0x0, 0x8f, 0xf3, 0x0, 0x1, 0xee,
    0x10, 0x1, 0xff, 0xff, 0xff, 0xf9, 0x9f, 0xdf,
    0xe4, 0x0, 0xcf, 0x50, 0x0, 0x1f, 0xda, 0xfd,
    0xaf, 0x94, 0x90, 0x3e, 0xf9, 0xdf, 0x60, 0x0,
    0x1, 0xf9, 0x1f, 0x91, 0xf9, 0x0, 0x0, 0x6f,
    0xff, 0xc4, 0x0, 0x0, 0x1f, 0x91, 0xf9, 0x1f,
    0x90, 0x39, 0xef, 0xf9, 0xcf, 0xfe, 0xa5, 0x1,
    0xf9, 0x1f, 0x91, 0xf9, 0x4f, 0xfe, 0x82, 0x95,
    0x4b, 0xff, 0xb0, 0x1f, 0x91, 0xf9, 0x1f, 0x90,
    0x84, 0x0, 0x2f, 0xa0, 0x1, 0x63, 0x1, 0xf9,
    0x1f, 0x91, 0xf9, 0x6, 0xaa, 0xaa, 0xfe, 0xaa,
    0xa9, 0x0, 0x1f, 0xed, 0xfe, 0xdf, 0x90, 0x9f,
    0xff, 0xff, 0xff, 0xff, 0xe0, 0x1, 0xcc, 0xcf,
    0xec, 0xc7, 0x0, 0x0, 0x2, 0xfa, 0x0, 0x0,
    0x0, 0x0, 0x1, 0xf9, 0x0, 0x0, 0x7, 0x77,
    0x8f, 0xc7, 0x77, 0x40, 0x0, 0x0, 0x1f, 0x98,
    0xe0, 0x1, 0xff, 0xff, 0xff, 0xff, 0xf9, 0x0,
    0x0, 0x1, 0xf9, 0x4f, 0x60, 0x0, 0x0, 0x2f,
    0xa0, 0x0, 0x0, 0x0, 0x0, 0x1f, 0xaa, 0xfb,
    0x0, 0x0, 0x2, 0xfa, 0x0, 0x0, 0x0, 0x0,
    0x4, 0xff, 0xff, 0xf9, 0xff, 0xff, 0xff, 0xff,
    0xff, 0xfd, 0x1, 0x8e, 0xff, 0xb3, 0x43, 0x5a,
    0xaa, 0xaa, 0xfe, 0xaa, 0xaa, 0x80, 0x1f, 0xe8,
    0x20, 0x0, 0x0, 0x0, 0x0, 0x2f, 0xa0, 0x0,
    0x0, 0x0, 0x20, 0x0, 0x0, 0x0, 0x0, 0x0,
    0x2, 0xfa, 0x0, 0x0, 0x0,

    /* U+87BA "螺" */
    0x0, 0x0, 0x74, 0x0, 0x0, 0x0, 0x0, 0x0,
    0x0, 0x0, 0x0, 0x0, 0x0, 0x1f, 0x90, 0x0,
    0x28, 0x88, 0x88, 0x88, 0x88, 0x88, 0x0, 0x0,
    0x1, 0xf9, 0x0, 0x4, 0xff, 0xff, 0xff, 0xff,
    0xff, 0xe0, 0x0, 0x0, 0x1f, 0x90, 0x0, 0x4f,
    0x70, 0xb, 0xf1, 0x0, 0xce, 0x0, 0x1, 0x12,
    0xfa, 0x11, 0x4, 0xfc, 0x88, 0xdf, 0x98, 0x8e,
    0xe0, 0x1, 0xff, 0xff, 0xff, 0xf9, 0x4f, 0xff,
    0xff, 0xff, 0xff, 0xfe, 0x0, 0x1f, 0xda, 0xfd,
    0xaf, 0x94, 0xf7, 0x0, 0xbf, 0x10, 0xc, 0xe0,
    0x1, 0xf9, 0x1f, 0x91, 0xf9, 0x4f, 0xc8, 0x8d,
    0xf9, 0x88, 0xee, 0x0, 0x1f, 0x91, 0xf9, 0x1f,
    0x94, 0xff, 0xff, 0xff, 0xff, 0xff, 0xe0, 0x1,
    0xf9, 0x1f, 0x91, 0xf9, 0x0, 0x4, 0xfc, 0x0,
    0x47, 0x20, 0x0, 0x1f, 0x91, 0xf9, 0x1f, 0x90,
    0x5, 0xfc, 0x10, 0x6f, 0xe2, 0x0, 0x1, 0xf9,
    0x1f, 0x91, 0xf9, 0xa, 0xfe, 0x89, 0xcf, 0xc1,
    0x10, 0x0, 0x1f, 0xff, 0xff, 0xff, 0x90, 0xff,
    0xde, 0xff, 0x80, 0xbe, 0x10, 0x0, 0xaa, 0xaf,
    0xda, 0xa6, 0x1, 0x7, 0xfd, 0x30, 0x3, 0xfb,
    0x0, 0x0, 0x1, 0xf9, 0x1, 0x0, 0x4d, 0xfb,
    0x68, 0xbd, 0xff, 0xf4, 0x0, 0x0, 0x1f, 0x98,
    0xf0, 0x5f, 0xff, 0xff, 0xfe, 0xa7, 0x4e, 0xc0,
    0x0, 0x1, 0xf9, 0x3f, 0x70, 0x87, 0x54, 0x8f,
    0x60, 0x0, 0x56, 0x0, 0x0, 0x1f, 0xcd, 0xfc,
    0x0, 0x82, 0x6, 0xf6, 0x4e, 0x80, 0x0, 0x0,
    0x39, 0xff, 0xec, 0xd0, 0x7f, 0x90, 0x6f, 0x61,
    0xdf, 0x70, 0x2, 0xdf, 0xfe, 0x60, 0x10, 0x7f,
    0xc0, 0x7, 0xf6, 0x1, 0xdf, 0x40, 0xf, 0xb5,
    0x0, 0x0, 0x1e, 0xd1, 0x9b, 0xef, 0x40, 0x3,
    0xfd, 0x0, 0x10, 0x0, 0x0, 0x0, 0x11, 0x8,
    0xff, 0xa0, 0x0, 0x4, 0x10,

    /* U+8865 "补" */
    0x0, 0x0, 0x5, 0x0, 0x0, 0x0, 0x0, 0x8a,
    0x0, 0x0, 0x0, 0x0, 0x0, 0x8f, 0x70, 0x0,
    0x0, 0x0, 0xcf, 0x10, 0x0, 0x0, 0x0, 0x0,
    0x1e, 0xf1, 0x0, 0x0, 0x0, 0xcf, 0x10, 0x0,
    0x0, 0x0, 0x9a, 0xad, 0xfc, 0xaa, 0x40, 0x0,
    0xcf, 0x10, 0x0, 0x0, 0x0, 0xff, 0xff, 0xff,
    0xff, 0x60, 0x0, 0xcf, 0x10, 0x0, 0x0, 0x0,
    0x1, 0x11, 0x11, 0xdf, 0x20, 0x0, 0xcf, 0x10,
    0x0, 0x0, 0x0, 0x0, 0x0, 0x8, 0xf6, 0x0,
    0x0, 0xcf, 0x10, 0x0, 0x0, 0x0, 0x0, 0x0,
    0x4f, 0xc0, 0x0, 0x0, 0xcf, 0x10, 0x0, 0x0,
    0x0, 0x0, 0x3, 0xff, 0x20, 0x40, 0x0, 0xcf,
    0xc1, 0x0, 0x0, 0x0, 0x0, 0x3e, 0xf7, 0x5,
    0xfa, 0x0, 0xcf, 0xfd, 0x10, 0x0, 0x0, 0x5,
    0xff, 0xfb, 0x2e, 0xf3, 0x0, 0xcf, 0xaf, 0xd1,
    0x0, 0x1, 0xaf, 0xfd, 0xff, 0xff, 0x50, 0x0,
    0xcf, 0x1a, 0xfd, 0x10, 0xe, 0xff, 0x57, 0xfb,
    0xff, 0x20, 0x0, 0xcf, 0x10, 0xbf, 0xd1, 0x6,
    0xb2, 0x7, 0xf5, 0x7f, 0xe2, 0x0, 0xcf, 0x10,
    0x1d, 0xfa, 0x0, 0x0, 0x7, 0xf5, 0x9, 0xfb,
    0x0, 0xcf, 0x10, 0x3, 0xf4, 0x0, 0x0, 0x7,
    0xf5, 0x0, 0xa4, 0x0, 0xcf, 0x10, 0x0, 0x20,
    0x0, 0x0, 0x7, 0xf5, 0x0, 0x0, 0x0, 0xcf,
    0x10, 0x0, 0x0, 0x0, 0x0, 0x7, 0xf5, 0x0,
    0x0, 0x0, 0xcf, 0x10, 0x0, 0x0, 0x0, 0x0,
    0x7, 0xf5, 0x0, 0x0, 0x0, 0xcf, 0x10, 0x0,
    0x0, 0x0, 0x0, 0x7, 0xf5, 0x0, 0x0, 0x0,
    0xcf, 0x10, 0x0, 0x0, 0x0, 0x0, 0x7, 0xf5,
    0x0, 0x0, 0x0, 0xcf, 0x10, 0x0, 0x0, 0x0,
    0x0, 0x7, 0xf5, 0x0, 0x0, 0x0, 0xad, 0x10,
    0x0, 0x0,

    /* U+8868 "表" */
    0x0, 0x0, 0x0, 0x0, 0x0, 0x5, 0x30, 0x0,
    0x0, 0x0, 0x0, 0x0, 0x0, 0x0, 0x0, 0x0,
    0x2, 0xfb, 0x0, 0x0, 0x0, 0x0, 0x0, 0x0,
    0xbb, 0xbb, 0xbb, 0xbb, 0xcf, 0xeb, 0xbb, 0xbb,
    0xbb, 0xb7, 0x0, 0x1f, 0xff, 0xff, 0xff, 0xff,
    0xff, 0xff, 0xff, 0xff, 0xff, 0xa0, 0x0, 0x0,
    0x0, 0x0, 0x0, 0x3f, 0xb0, 0x0, 0x0, 0x0,
    0x0, 0x0, 0x0, 0x0, 0x0, 0x0, 0x2, 0xfb,
    0x0, 0x0, 0x0, 0x0, 0x0, 0x0, 0x2d, 0xdd,
    0xdd, 0xdd, 0xdf, 0xfd, 0xdd, 0xdd, 0xdd, 0xa0,
    0x0, 0x3, 0xff, 0xff, 0xff, 0xff, 0xff, 0xff,
    0xff, 0xff, 0xfb, 0x0, 0x0, 0x0, 0x0, 0x0,
    0x0, 0x2f, 0xb0, 0x0, 0x0, 0x0, 0x0, 0x0,
    0x0, 0x0, 0x0, 0x0, 0x3, 0xfb, 0x0, 0x0,
    0x0, 0x0, 0x0, 0xe, 0xff, 0xff, 0xff, 0xff,
    0xff, 0xff, 0xff, 0xff, 0xff, 0xff, 0x70, 0xab,
    0xbb, 0xbb, 0xbe, 0xfe, 0xbf, 0xfb, 0xbb, 0xbb,
    0xbb, 0xb5, 0x0, 0x0, 0x0, 0x7, 0xfd, 0x10,
    0xcf, 0x10, 0x0, 0x2, 0x60, 0x0, 0x0, 0x0,
    0x1a, 0xfd, 0x10, 0x6, 0xf8, 0x0, 0x6, 0xff,
    0x50, 0x0, 0x0, 0x5e, 0xff, 0x40, 0x0, 0xe,
    0xf2, 0x5d, 0xff, 0x80, 0x0, 0x5, 0xdf, 0xff,
    0xf3, 0x0, 0x0, 0x5f, 0xff, 0xfa, 0x20, 0x0,
    0x1e, 0xff, 0xc3, 0xcf, 0x30, 0x0, 0x0, 0xbf,
    0xf3, 0x0, 0x0, 0x0, 0x8d, 0x50, 0xc, 0xf3,
    0x0, 0x0, 0x0, 0xcf, 0xc1, 0x0, 0x0, 0x0,
    0x0, 0x0, 0xcf, 0x30, 0x1, 0x62, 0x1, 0xcf,
    0xf6, 0x0, 0x0, 0x0, 0x0, 0xc, 0xf6, 0x7c,
    0xff, 0x60, 0x0, 0x9f, 0xfd, 0x60, 0x0, 0x0,
    0x0, 0xcf, 0xff, 0xfc, 0x72, 0x0, 0x0, 0x4d,
    0xff, 0xb0, 0x0, 0x0, 0x5, 0xea, 0x51, 0x0,
    0x0, 0x0, 0x0, 0x5, 0xc2, 0x0, 0x0, 0x0,
    0x0, 0x0, 0x0, 0x0, 0x0, 0x0, 0x0, 0x0,
    0x0,

    /* U+88AB "被" */
    0x0, 0x0, 0x11, 0x0, 0x0, 0x0, 0x0, 0x6,
    0x50, 0x0, 0x0, 0x0, 0x0, 0x4f, 0x90, 0x0,
    0x0, 0x0, 0x1, 0xfc, 0x0, 0x0, 0x0, 0x0,
    0x0, 0xcf, 0x20, 0x0, 0x0, 0x0, 0x1f, 0xc0,
    0x0, 0x0, 0x0, 0x3a, 0xac, 0xfd, 0xa6, 0x7,
    0xaa, 0xaa, 0xfe, 0xaa, 0xaa, 0xa0, 0x5, 0xff,
    0xff, 0xff, 0xb0, 0xbf, 0xff, 0xff, 0xff, 0xff,
    0xff, 0x0, 0x1, 0x11, 0x17, 0xf7, 0xb, 0xf3,
    0x23, 0xfd, 0x22, 0x3f, 0xf0, 0x0, 0x0, 0x0,
    0xee, 0x0, 0xbf, 0x10, 0x1f, 0xc0, 0x5, 0xfb,
    0x0, 0x0, 0x0, 0x8f, 0x60, 0xb, 0xf1, 0x1,
    0xfc, 0x0, 0xbf, 0x50, 0x0, 0x0, 0x4f, 0xd0,
    0x0, 0xbf, 0x10, 0x1f, 0xc0, 0x6, 0xb0, 0x0,
    0x0, 0x1e, 0xf5, 0xc, 0x5b, 0xf1, 0x1, 0xfc,
    0x0, 0x0, 0x0, 0x0, 0x1d, 0xff, 0x38, 0xf7,
    0xbf, 0xff, 0xff, 0xff, 0xff, 0xf4, 0x0, 0x2d,
    0xff, 0xfe, 0xfb, 0xb, 0xfa, 0xaa, 0xaa, 0xaa,
    0xff, 0x10, 0x2f, 0xfc, 0xbf, 0xff, 0x40, 0xcf,
    0x1, 0x0, 0x0, 0x1f, 0xe0, 0x0, 0xba, 0xa,
    0xf6, 0xfe, 0xd, 0xf4, 0xf7, 0x0, 0x6, 0xf8,
    0x0, 0x0, 0x0, 0xaf, 0x27, 0x80, 0xfe, 0x2f,
    0xf1, 0x0, 0xef, 0x20, 0x0, 0x0, 0xa, 0xf2,
    0x0, 0x3f, 0xb0, 0x7f, 0xc0, 0x8f, 0x90, 0x0,
    0x0, 0x0, 0xaf, 0x20, 0x7, 0xf8, 0x0, 0xbf,
    0xcf, 0xd1, 0x0, 0x0, 0x0, 0xa, 0xf2, 0x0,
    0xcf, 0x40, 0x0, 0xef, 0xf4, 0x0, 0x0, 0x0,
    0x0, 0xaf, 0x20, 0x2f, 0xe0, 0x2, 0xcf, 0xff,
    0xe4, 0x0, 0x0, 0x0, 0xa, 0xf2, 0xa, 0xf8,
    0x3a, 0xff, 0xc3, 0x9f, 0xfb, 0x30, 0x0, 0x0,
    0xaf, 0x22, 0xfe, 0x2e, 0xff, 0x70, 0x0, 0x5e,
    0xff, 0x40, 0x0, 0xa, 0xf2, 0x7, 0x60, 0x57,
    0x0, 0x0, 0x0, 0x19, 0x90,

    /* U+88C5 "装" */
    0x0, 0x0, 0x0, 0x0, 0x44, 0x0, 0x0, 0x0,
    0x44, 0x0, 0x0, 0x0, 0x0, 0x3, 0x20, 0x0,
    0xde, 0x0, 0x0, 0x0, 0xfd, 0x0, 0x0, 0x0,
    0x0, 0x2f, 0xf7, 0x0, 0xde, 0x0, 0x0, 0x0,
    0xfd, 0x0, 0x0, 0x0, 0x0, 0x8, 0xff, 0xa0,
    0xde, 0x6, 0x99, 0x99, 0xff, 0x99, 0x99, 0x50,
    0x0, 0x0, 0x4f, 0xe1, 0xde, 0x9, 0xff, 0xff,
    0xff, 0xff, 0xff, 0x80, 0x0, 0x0, 0x3, 0x32,
    0xee, 0x0, 0x0, 0x0, 0xfd, 0x0, 0x0, 0x0,
    0x0, 0x0, 0x4, 0xbf, 0xfe, 0x0, 0x0, 0x0,
    0xfd, 0x0, 0x0, 0x0, 0x0, 0x4a, 0xef, 0xfc,
    0xee, 0x0, 0x33, 0x33, 0xfe, 0x33, 0x33, 0x0,
    0x0, 0x8f, 0xe8, 0x20, 0xde, 0x1, 0xff, 0xff,
    0xff, 0xff, 0xff, 0x0, 0x0, 0x14, 0x0, 0x0,
    0xcd, 0x0, 0x66, 0x66, 0x66, 0x66, 0x66, 0x0,
    0x0, 0x0, 0x0, 0x0, 0x0, 0x48, 0x0, 0x0,
    0x0, 0x0, 0x0, 0x0, 0x0, 0x0, 0x0, 0x0,
    0x0, 0x9f, 0x70, 0x0, 0x0, 0x0, 0x0, 0x0,
    0x2, 0xff, 0xff, 0xff, 0xff, 0xff, 0xff, 0xff,
    0xff, 0xff, 0xff, 0x90, 0x2, 0xbb, 0xbb, 0xbb,
    0xbc, 0xff, 0xef, 0xdb, 0xbb, 0xbb, 0xbb, 0x70,
    0x0, 0x0, 0x0, 0x0, 0x6e, 0xf6, 0x2f, 0xe1,
    0x0, 0x7, 0x0, 0x0, 0x0, 0x0, 0x0, 0x6e,
    0xfd, 0x30, 0x7, 0xfc, 0x0, 0xbf, 0xb0, 0x0,
    0x0, 0x4, 0x9f, 0xff, 0x70, 0x0, 0x0, 0xbf,
    0xbd, 0xfd, 0x10, 0x0, 0x8, 0xef, 0xfe, 0xfd,
    0x0, 0x0, 0x0, 0xc, 0xff, 0xa0, 0x0, 0x0,
    0x4, 0xfb, 0x41, 0xfd, 0x0, 0x0, 0x0, 0x0,
    0xcf, 0xf6, 0x0, 0x0, 0x0, 0x0, 0x1, 0xfd,
    0x1, 0x59, 0xda, 0x0, 0x9, 0xff, 0xc4, 0x0,
    0x0, 0x0, 0x1, 0xfe, 0xcf, 0xff, 0xd8, 0x0,
    0x0, 0x5e, 0xff, 0xb0, 0x0, 0x0, 0x0, 0xbf,
    0xc8, 0x41, 0x0, 0x0, 0x0, 0x1, 0x9f, 0x40,
    0x0, 0x0, 0x0, 0x0, 0x0, 0x0, 0x0, 0x0,
    0x0, 0x0, 0x1, 0x0,

    /* U+8981 "要" */
    0x1c, 0xcc, 0xcc, 0xcc, 0xcc, 0xcc, 0xcc, 0xcc,
    0xcc, 0xcc, 0xc1, 0x2f, 0xff, 0xff, 0xff, 0xff,
    0xff, 0xff, 0xff, 0xff, 0xff, 0xf2, 0x0, 0x0,
    0x0, 0x7, 0xf3, 0x0, 0xf, 0xa0, 0x0, 0x0,
    0x0, 0x0, 0x0, 0x0, 0x7, 0xf4, 0x0, 0x1f,
    0xa0, 0x0, 0x0, 0x0, 0x0, 0xff, 0xff, 0xff,
    0xff, 0xff, 0xff, 0xff, 0xff, 0xff, 0x0, 0x0,
    0xff, 0x88, 0x8c, 0xfa, 0x88, 0x8f, 0xd8, 0x88,
    0xff, 0x0, 0x0, 0xfe, 0x0, 0x7, 0xf3, 0x0,
    0xf, 0xa0, 0x0, 0xef, 0x0, 0x0, 0xfe, 0x0,
    0x7, 0xf3, 0x0, 0xf, 0xa0, 0x0, 0xef, 0x0,
    0x0, 0xff, 0xaa, 0xac, 0xfb, 0xaa, 0xaf, 0xea,
    0xaa, 0xff, 0x0, 0x0, 0xff, 0xff, 0xff, 0xff,
    0xff, 0xff, 0xff, 0xff, 0xff, 0x0, 0x0, 0x0,
    0x0, 0x0, 0x16, 0x30, 0x0, 0x0, 0x0, 0x0,
    0x0, 0x0, 0x0, 0x0, 0x0, 0xbf, 0x80, 0x0,
    0x0, 0x0, 0x0, 0x0, 0xff, 0xff, 0xff, 0xff,
    0xff, 0xff, 0xff, 0xff, 0xff, 0xff, 0xfb, 0xaa,
    0xaa, 0xaa, 0xef, 0xea, 0xaa, 0xaa, 0xaf, 0xfb,
    0xaa, 0xa7, 0x0, 0x0, 0x6, 0xfe, 0x20, 0x0,
    0x0, 0x5f, 0xd0, 0x0, 0x0, 0x0, 0x0, 0x8f,
    0xf3, 0x0, 0x0, 0x4, 0xff, 0x30, 0x0, 0x0,
    0x0, 0x7, 0xff, 0xfb, 0x74, 0x1, 0x9f, 0xf5,
    0x0, 0x0, 0x0, 0x0, 0x0, 0x15, 0x8c, 0xff,
    0xff, 0xff, 0x60, 0x0, 0x0, 0x0, 0x0, 0x0,
    0x13, 0x6a, 0xef, 0xfe, 0xff, 0xfd, 0x95, 0x0,
    0x0, 0x5b, 0xdf, 0xff, 0xff, 0xea, 0x40, 0x15,
    0xaf, 0xff, 0xfc, 0x70, 0x1f, 0xff, 0xda, 0x73,
    0x0, 0x0, 0x0, 0x0, 0x49, 0xef, 0x40, 0x2,
    0x10, 0x0, 0x0, 0x0, 0x0, 0x0, 0x0, 0x0,
    0x1, 0x0,

    /* U+89C1 "见" */
    0x0, 0x2, 0x22, 0x22, 0x22, 0x22, 0x22, 0x22,
    0x20, 0x0, 0x0, 0x3, 0xff, 0xff, 0xff, 0xff,
    0xff, 0xff, 0xff, 0x20, 0x0, 0x0, 0x3f, 0xea,
    0xaa, 0xaa, 0xaa, 0xaa, 0xae, 0xf2, 0x0, 0x0,
    0x3, 0xfb, 0x0, 0x0, 0x0, 0x0, 0x0, 0xcf,
    0x20, 0x0, 0x0, 0x3f, 0xb0, 0x0, 0x9f, 0x40,
    0x0, 0xc, 0xf2, 0x0, 0x0, 0x3, 0xfb, 0x0,
    0xa, 0xf4, 0x0, 0x0, 0xcf, 0x20, 0x0, 0x0,
    0x3f, 0xb0, 0x0, 0xbf, 0x30, 0x0, 0xc, 0xf2,
    0x0, 0x0, 0x3, 0xfb, 0x0, 0xb, 0xf3, 0x0,
    0x0, 0xcf, 0x20, 0x0, 0x0, 0x3f, 0xb0, 0x0,
    0xcf, 0x30, 0x0, 0xc, 0xf2, 0x0, 0x0, 0x3,
    0xfb, 0x0, 0xd, 0xf2, 0x0, 0x0, 0xcf, 0x20,
    0x0, 0x0, 0x3f, 0xb0, 0x0, 0xdf, 0x20, 0x0,
    0xc, 0xf2, 0x0, 0x0, 0x3, 0xfb, 0x0, 0xf,
    0xf3, 0x62, 0x0, 0xcf, 0x20, 0x0, 0x0, 0x3f,
    0xb0, 0x2, 0xfd, 0x7f, 0x70, 0xc, 0xf2, 0x0,
    0x0, 0x3, 0xfb, 0x0, 0x7f, 0x97, 0xf7, 0x0,
    0xcf, 0x20, 0x0, 0x0, 0x3f, 0xb0, 0xe, 0xf3,
    0x7f, 0x70, 0xc, 0xf2, 0x0, 0x0, 0x0, 0x0,
    0x9, 0xfb, 0x7, 0xf7, 0x0, 0x11, 0x0, 0x0,
    0x0, 0x0, 0x7, 0xff, 0x20, 0x7f, 0x70, 0x0,
    0x0, 0x4, 0x0, 0x0, 0x9, 0xff, 0x40, 0x7,
    0xf7, 0x0, 0x0, 0x3, 0xf9, 0x0, 0x5e, 0xfe,
    0x40, 0x0, 0x7f, 0x70, 0x0, 0x0, 0x9f, 0x67,
    0xef, 0xfb, 0x10, 0x0, 0x5, 0xff, 0xcb, 0xbb,
    0xdf, 0xf1, 0x6f, 0xb4, 0x0, 0x0, 0x0, 0xa,
    0xef, 0xff, 0xfe, 0xb4, 0x0, 0x10, 0x0, 0x0,
    0x0, 0x0, 0x0, 0x0, 0x0, 0x0, 0x0,

    /* U+89C2 "观" */
    0x1, 0x11, 0x11, 0x11, 0x0, 0x35, 0x55, 0x55,
    0x55, 0x55, 0x0, 0x8f, 0xff, 0xff, 0xff, 0x30,
    0xbf, 0xff, 0xff, 0xff, 0xff, 0x10, 0x6d, 0xdd,
    0xdd, 0xff, 0x20, 0xbf, 0x75, 0x55, 0x55, 0xdf,
    0x10, 0x0, 0x0, 0x0, 0xdf, 0x10, 0xbf, 0x30,
    0x0, 0x0, 0xcf, 0x10, 0x0, 0x0, 0x0, 0xef,
    0x0, 0xbf, 0x30, 0x89, 0x0, 0xcf, 0x10, 0x2d,
    0x80, 0x0, 0xfd, 0x0, 0xbf, 0x30, 0xef, 0x0,
    0xcf, 0x10, 0xe, 0xf3, 0x2, 0xfb, 0x0, 0xbf,
    0x30, 0xff, 0x0, 0xcf, 0x10, 0x4, 0xfd, 0x4,
    0xf8, 0x0, 0xbf, 0x30, 0xfe, 0x0, 0xcf, 0x10,
    0x0, 0xaf, 0x97, 0xf5, 0x0, 0xbf, 0x30, 0xfe,
    0x0, 0xcf, 0x10, 0x0, 0x1e, 0xfe, 0xf2, 0x0,
    0xbf, 0x30, 0xfe, 0x0, 0xcf, 0x10, 0x0, 0x6,
    0xff, 0xe0, 0x0, 0xbf, 0x30, 0xfe, 0x0, 0xcf,
    0x10, 0x0, 0x0, 0xbf, 0xa0, 0x0, 0xbf, 0x31,
    0xfd, 0x0, 0xcf, 0x10, 0x0, 0x0, 0xaf, 0xe0,
    0x0, 0xbf, 0x32, 0xfb, 0x0, 0xcf, 0x10, 0x0,
    0x1, 0xff, 0xf7, 0x0, 0x57, 0x15, 0xf9, 0xa7,
    0x57, 0x0, 0x0, 0x7, 0xf9, 0xff, 0x10, 0x0,
    0x8, 0xf5, 0xfb, 0x0, 0x0, 0x0, 0xe, 0xf1,
    0x8f, 0x80, 0x0, 0xd, 0xf1, 0xfb, 0x0, 0x0,
    0x0, 0x8f, 0x90, 0x1f, 0xb0, 0x0, 0x4f, 0xb0,
    0xfb, 0x0, 0x40, 0x4, 0xfe, 0x10, 0x6, 0x0,
    0x1, 0xef, 0x40, 0xfb, 0x0, 0xfa, 0x3f, 0xf4,
    0x0, 0x0, 0x0, 0xb, 0xfa, 0x0, 0xfb, 0x1,
    0xf8, 0x8f, 0x70, 0x0, 0x0, 0x2, 0xdf, 0xd0,
    0x0, 0xef, 0xac, 0xf5, 0x6, 0x0, 0x0, 0x0,
    0x1, 0xec, 0x10, 0x0, 0x8e, 0xff, 0xc0, 0x0,
    0x0, 0x0, 0x0, 0x0, 0x20, 0x0, 0x0, 0x0,
    0x0, 0x0,

    /* U+89C4 "规" */
    0x0, 0x0, 0xa7, 0x0, 0x0, 0x0, 0x0, 0x0,
    0x0, 0x0, 0x0, 0x0, 0x1, 0xfc, 0x0, 0x0,
    0x9b, 0xbb, 0xbb, 0xbb, 0xbb, 0x0, 0x0, 0x1,
    0xfc, 0x0, 0x0, 0xcf, 0xff, 0xff, 0xff, 0xff,
    0x10, 0x0, 0x1, 0xfc, 0x0, 0x0, 0xcf, 0x21,
    0x11, 0x11, 0xcf, 0x10, 0xf, 0xff, 0xff, 0xff,
    0xc0, 0xcf, 0x10, 0x0, 0x0, 0xcf, 0x10, 0xb,
    0xcc, 0xff, 0xcc, 0x90, 0xcf, 0x10, 0xcb, 0x0,
    0xcf, 0x10, 0x0, 0x1, 0xfc, 0x0, 0x0, 0xcf,
    0x10, 0xfd, 0x0, 0xcf, 0x10, 0x0, 0x1, 0xfc,
    0x0, 0x0, 0xcf, 0x10, 0xfd, 0x0, 0xcf, 0x10,
    0x0, 0x1, 0xfc, 0x0, 0x0, 0xcf, 0x11, 0xfd,
    0x0, 0xcf, 0x10, 0x5a, 0xaa, 0xfe, 0xaa, 0xa0,
    0xcf, 0x11, 0xfd, 0x0, 0xcf, 0x10, 0x8f, 0xff,
    0xff, 0xff, 0xf1, 0xcf, 0x11, 0xfd, 0x0, 0xcf,
    0x10, 0x12, 0x24, 0xfb, 0x22, 0x20, 0xcf, 0x12,
    0xfc, 0x0, 0xcf, 0x10, 0x0, 0x4, 0xf8, 0x0,
    0x0, 0xcf, 0x12, 0xfb, 0x0, 0xcf, 0x10, 0x0,
    0x7, 0xf6, 0x0, 0x0, 0xcf, 0x13, 0xfa, 0x0,
    0xcf, 0x10, 0x0, 0xb, 0xff, 0x30, 0x0, 0x57,
    0x6, 0xf7, 0xb7, 0x57, 0x0, 0x0, 0x1f, 0xff,
    0xf4, 0x0, 0x0, 0x9, 0xf4, 0xfa, 0x0, 0x0,
    0x0, 0x7f, 0x93, 0xff, 0x50, 0x0, 0xf, 0xf1,
    0xfa, 0x0, 0x0, 0x0, 0xef, 0x30, 0x4f, 0xf5,
    0x0, 0x6f, 0xa0, 0xfa, 0x0, 0x40, 0x7, 0xfb,
    0x0, 0x5, 0xd1, 0x1, 0xef, 0x20, 0xfa, 0x0,
    0xfa, 0x3f, 0xf2, 0x0, 0x0, 0x0, 0x1c, 0xf8,
    0x0, 0xfa, 0x1, 0xf8, 0xaf, 0x70, 0x0, 0x0,
    0x2, 0xdf, 0xc0, 0x0, 0xff, 0xac, 0xf5, 0x6,
    0x0, 0x0, 0x0, 0x2, 0xfa, 0x0, 0x0, 0x9f,
    0xff, 0xc0, 0x0, 0x0, 0x0, 0x0, 0x0, 0x20,
    0x0, 0x0, 0x0, 0x0, 0x0,

    /* U+89C6 "视" */
    0x0, 0x1, 0x81, 0x0, 0x0, 0x0, 0x0, 0x0,
    0x0, 0x0, 0x0, 0x0, 0x0, 0x9f, 0x80, 0x0,
    0xa, 0xcc, 0xcc, 0xcc, 0xcc, 0xc1, 0x0, 0x0,
    0x1, 0xff, 0x0, 0x0, 0xcf, 0xee, 0xee, 0xee,
    0xff, 0x10, 0x0, 0x8b, 0xbe, 0xfd, 0xbb, 0xc,
    0xf1, 0x0, 0x0, 0xc, 0xf1, 0x0, 0xb, 0xff,
    0xff, 0xff, 0xf1, 0xcf, 0x10, 0x0, 0x0, 0xcf,
    0x10, 0x0, 0x0, 0x0, 0x1, 0xfd, 0xc, 0xf1,
    0x8, 0xd2, 0xc, 0xf1, 0x0, 0x0, 0x0, 0x0,
    0x8f, 0x50, 0xcf, 0x10, 0x9f, 0x20, 0xcf, 0x10,
    0x0, 0x0, 0x0, 0x1f, 0xd0, 0xc, 0xf1, 0x9,
    0xf2, 0xc, 0xf1, 0x0, 0x0, 0x0, 0x9, 0xf5,
    0x0, 0xcf, 0x10, 0xaf, 0x20, 0xcf, 0x10, 0x0,
    0x0, 0x3, 0xfd, 0x0, 0xc, 0xf1, 0xb, 0xf1,
    0xc, 0xf1, 0x0, 0x0, 0x1, 0xdf, 0xf5, 0x0,
    0xcf, 0x10, 0xcf, 0x0, 0xcf, 0x10, 0x0, 0x0,
    0xbf, 0xff, 0xf7, 0xc, 0xf1, 0xe, 0xf0, 0xc,
    0xf1, 0x0, 0x0, 0xaf, 0xff, 0x6e, 0xf1, 0xcf,
    0x11, 0xfe, 0x0, 0xcf, 0x10, 0x1, 0xcf, 0xea,
    0xf4, 0x35, 0xc, 0xf1, 0x4f, 0xd3, 0xc, 0xf1,
    0x0, 0x1e, 0xe2, 0x8f, 0x40, 0x0, 0x9c, 0x8,
    0xff, 0xf0, 0x9c, 0x10, 0x0, 0x31, 0x8, 0xf4,
    0x0, 0x0, 0x0, 0xdf, 0xff, 0x0, 0x0, 0x0,
    0x0, 0x0, 0x8f, 0x40, 0x0, 0x0, 0x6f, 0xad,
    0xf0, 0x0, 0x0, 0x0, 0x0, 0x8, 0xf4, 0x0,
    0x0, 0x2f, 0xf2, 0xdf, 0x0, 0x1, 0x20, 0x0,
    0x0, 0x8f, 0x40, 0x0, 0x2e, 0xf5, 0xd, 0xf0,
    0x0, 0x4f, 0x70, 0x0, 0x8, 0xf4, 0x0, 0x4e,
    0xf7, 0x0, 0xdf, 0x0, 0x7, 0xf5, 0x0, 0x0,
    0x8f, 0x41, 0xaf, 0xe4, 0x0, 0xc, 0xfc, 0x9a,
    0xff, 0x20, 0x0, 0x8, 0xf4, 0x3f, 0x81, 0x0,
    0x0, 0x5d, 0xff, 0xfd, 0x70, 0x0, 0x0, 0x0,
    0x0, 0x0, 0x0, 0x0, 0x0, 0x0, 0x0, 0x0,
    0x0,

    /* U+89D2 "角" */
    0x0, 0x0, 0x0, 0x0, 0x0, 0x0, 0x0, 0x0,
    0x0, 0x0, 0x0, 0x0, 0x0, 0x0, 0x9, 0xd6,
    0x0, 0x0, 0x0, 0x0, 0x0, 0x0, 0x0, 0x0,
    0x0, 0x4f, 0xf2, 0x0, 0x0, 0x0, 0x0, 0x0,
    0x0, 0x0, 0x0, 0x3, 0xff, 0xff, 0xff, 0xff,
    0xff, 0xc0, 0x0, 0x0, 0x0, 0x0, 0x2e, 0xfc,
    0xaa, 0xaa, 0xaa, 0xff, 0xc0, 0x0, 0x0, 0x0,
    0x4, 0xef, 0xb0, 0x0, 0x0, 0x7, 0xfe, 0x20,
    0x0, 0x0, 0x0, 0x7f, 0xfd, 0x10, 0x0, 0x0,
    0x5f, 0xf4, 0x0, 0x0, 0x0, 0xc, 0xff, 0xff,
    0xff, 0xff, 0xff, 0xff, 0xff, 0xff, 0xff, 0xf2,
    0x8, 0xd4, 0xff, 0xbb, 0xbb, 0xbe, 0xfc, 0xbb,
    0xbb, 0xbe, 0xf2, 0x0, 0x0, 0xff, 0x0, 0x0,
    0xb, 0xf3, 0x0, 0x0, 0xb, 0xf2, 0x0, 0x0,
    0xff, 0x0, 0x0, 0xb, 0xf3, 0x0, 0x0, 0xb,
    0xf2, 0x0, 0x0, 0xff, 0xaa, 0xaa, 0xae, 0xfb,
    0xaa, 0xaa, 0xae, 0xf2, 0x0, 0x0, 0xff, 0xff,
    0xff, 0xff, 0xff, 0xff, 0xff, 0xff, 0xf2, 0x0,
    0x0, 0xff, 0x0, 0x0, 0xb, 0xf3, 0x0, 0x0,
    0xb, 0xf2, 0x0, 0x1, 0xff, 0x0, 0x0, 0xb,
    0xf3, 0x0, 0x0, 0xb, 0xf2, 0x0, 0x2, 0xfe,
    0x0, 0x0, 0xb, 0xf3, 0x0, 0x0, 0xb, 0xf2,
    0x0, 0x5, 0xff, 0xff, 0xff, 0xff, 0xff, 0xff,
    0xff, 0xff, 0xf2, 0x0, 0x9, 0xfd, 0xaa, 0xaa,
    0xae, 0xfb, 0xaa, 0xaa, 0xae, 0xf2, 0x0, 0xe,
    0xf6, 0x0, 0x0, 0xb, 0xf3, 0x0, 0x0, 0xb,
    0xf2, 0x0, 0x6f, 0xf1, 0x0, 0x0, 0xb, 0xf3,
    0x0, 0x0, 0xb, 0xf2, 0x2, 0xef, 0x80, 0x0,
    0x0, 0xb, 0xf3, 0x4, 0x42, 0x1c, 0xf2, 0xa,
    0xfd, 0x0, 0x0, 0x0, 0xb, 0xf3, 0xb, 0xff,
    0xff, 0xf0, 0x1, 0xc2, 0x0, 0x0, 0x0, 0x9,
    0xe2, 0x6, 0xce, 0xff, 0x70, 0x0, 0x0, 0x0,
    0x0, 0x0, 0x0, 0x0, 0x0, 0x0, 0x0, 0x0,

    /* U+89E3 "解" */
    0x0, 0x0, 0x52, 0x0, 0x0, 0x0, 0x0, 0x0,
    0x0, 0x0, 0x0, 0x0, 0x2, 0xfd, 0x0, 0x0,
    0x2, 0x66, 0x66, 0x66, 0x66, 0x61, 0x0, 0xb,
    0xfd, 0xaa, 0xa6, 0x5, 0xff, 0xff, 0xff, 0xff,
    0xf3, 0x0, 0x6f, 0xff, 0xff, 0xf9, 0x1, 0x33,
    0xdf, 0x33, 0x3b, 0xf3, 0x3, 0xff, 0x30, 0xc,
    0xf4, 0x0, 0x0, 0xfb, 0x0, 0xb, 0xf2, 0x1e,
    0xf7, 0x0, 0x6f, 0xc0, 0x0, 0x7, 0xf6, 0x0,
    0xc, 0xf1, 0x9f, 0xfe, 0xee, 0xff, 0xee, 0xc0,
    0x4f, 0xd0, 0x32, 0x1e, 0xf0, 0x2b, 0xff, 0xde,
    0xfd, 0xdf, 0xe4, 0xff, 0x30, 0xbf, 0xff, 0xb0,
    0x1, 0xfb, 0x9, 0xf1, 0xd, 0xe0, 0xa3, 0x0,
    0x5a, 0xa8, 0x10, 0x1, 0xfb, 0x9, 0xf1, 0xd,
    0xe0, 0x8, 0xf0, 0xbf, 0x10, 0x0, 0x1, 0xff,
    0xef, 0xfe, 0xef, 0xe0, 0xe, 0xc0, 0xbf, 0x10,
    0x0, 0x1, 0xfe, 0xbe, 0xfc, 0xbf, 0xe0, 0x4f,
    0xda, 0xef, 0xaa, 0xa2, 0x1, 0xfb, 0x9, 0xf1,
    0xd, 0xe0, 0xcf, 0xff, 0xff, 0xff, 0xf3, 0x1,
    0xfb, 0x9, 0xf1, 0xd, 0xe5, 0xfa, 0x0, 0xbf,
    0x10, 0x0, 0x1, 0xfe, 0x9d, 0xfa, 0x9f, 0xe5,
    0xf2, 0x0, 0xbf, 0x10, 0x0, 0x1, 0xff, 0xff,
    0xff, 0xff, 0xe0, 0x20, 0x0, 0xbf, 0x10, 0x0,
    0x2, 0xfc, 0x3b, 0xf4, 0x3e, 0xe4, 0xff, 0xff,
    0xff, 0xff, 0xfb, 0x4, 0xf9, 0x9, 0xf1, 0xd,
    0xe2, 0xaa, 0xaa, 0xef, 0xaa, 0xa7, 0x6, 0xf8,
    0x9, 0xf1, 0xd, 0xe0, 0x0, 0x0, 0xbf, 0x10,
    0x0, 0xa, 0xf5, 0x5, 0x80, 0xd, 0xe0, 0x0,
    0x0, 0xbf, 0x10, 0x0, 0xe, 0xf1, 0x0, 0x7b,
    0xaf, 0xd0, 0x0, 0x0, 0xbf, 0x10, 0x0, 0x1a,
    0xa0, 0x0, 0x4e, 0xff, 0x60, 0x0, 0x0, 0xae,
    0x10, 0x0,

    /* U+89E6 "触" */
    0x0, 0x0, 0x52, 0x0, 0x0, 0x0, 0x0, 0x0,
    0x64, 0x0, 0x0, 0x0, 0x2, 0xfd, 0x0, 0x0,
    0x0, 0x0, 0x1, 0xfb, 0x0, 0x0, 0x0, 0xc,
    0xfd, 0xaa, 0xa6, 0x0, 0x0, 0x1, 0xfb, 0x0,
    0x0, 0x0, 0x6f, 0xff, 0xff, 0xf9, 0x0, 0x0,
    0x1, 0xfb, 0x0, 0x0, 0x3, 0xff, 0x30, 0xc,
    0xf4, 0x0, 0x0, 0x1, 0xfb, 0x0, 0x0, 0x2e,
    0xf6, 0x0, 0x6f, 0xb0, 0x0, 0xef, 0xff, 0xff,
    0xff, 0xf0, 0x9f, 0xff, 0xff, 0xff, 0xff, 0xe0,
    0xed, 0x9a, 0xfe, 0x9d, 0xf0, 0x1a, 0xfe, 0xbe,
    0xfc, 0xbf, 0xe0, 0xea, 0x1, 0xfb, 0xa, 0xf0,
    0x1, 0xfb, 0x9, 0xf1, 0xd, 0xe0, 0xea, 0x1,
    0xfb, 0xa, 0xf0, 0x1, 0xfb, 0x9, 0xf1, 0xd,
    0xe0, 0xea, 0x1, 0xfb, 0xa, 0xf0, 0x1, 0xfe,
    0xad, 0xfa, 0xaf, 0xe0, 0xea, 0x1, 0xfb, 0xa,
    0xf0, 0x1, 0xff, 0xff, 0xff, 0xff, 0xe0, 0xea,
    0x1, 0xfb, 0xa, 0xf0, 0x1, 0xfb, 0x9, 0xf1,
    0xd, 0xe0, 0xeb, 0x23, 0xfb, 0x2b, 0xf0, 0x1,
    0xfb, 0x9, 0xf1, 0xd, 0xe0, 0xef, 0xff, 0xff,
    0xff, 0xf0, 0x1, 0xfe, 0xad, 0xfa, 0xaf, 0xe0,
    0x67, 0x77, 0xfd, 0x77, 0x70, 0x1, 0xff, 0xff,
    0xff, 0xff, 0xe0, 0x0, 0x1, 0xfb, 0x3, 0x0,
    0x2, 0xfa, 0xa, 0xf1, 0xd, 0xe0, 0x0, 0x1,
    0xfb, 0x5f, 0x30, 0x4, 0xf9, 0x9, 0xf1, 0xd,
    0xe0, 0x0, 0x1, 0xfb, 0x2f, 0x80, 0x6, 0xf7,
    0x9, 0xf1, 0xd, 0xe0, 0x0, 0x1, 0xfb, 0x1e,
    0xd0, 0xa, 0xf5, 0x4, 0x70, 0xd, 0xe0, 0x24,
    0x69, 0xff, 0xff, 0xf1, 0xe, 0xf1, 0x0, 0x7c,
    0xbf, 0xd4, 0xff, 0xff, 0xda, 0x77, 0xf6, 0x1a,
    0xa0, 0x0, 0x4e, 0xff, 0x50, 0x85, 0x20, 0x0,
    0x1, 0xe5, 0x0, 0x0, 0x0, 0x0, 0x0, 0x0,
    0x0, 0x0, 0x0, 0x0, 0x0,

    /* U+8A00 "言" */
    0x0, 0x0, 0x0, 0x0, 0x0, 0x42, 0x0, 0x0,
    0x0, 0x0, 0x0, 0x0, 0x0, 0x0, 0x0, 0x7,
    0xfa, 0x0, 0x0, 0x0, 0x0, 0x0, 0x0, 0x0,
    0x0, 0x0, 0x1, 0xff, 0x0, 0x0, 0x0, 0x0,
    0x0, 0x8b, 0xbb, 0xbb, 0xbb, 0xbb, 0xff, 0xcb,
    0xbb, 0xbb, 0xbb, 0xba, 0xbf, 0xff, 0xff, 0xff,
    0xff, 0xff, 0xff, 0xff, 0xff, 0xff, 0xfe, 0x0,
    0x0, 0x0, 0x0, 0x0, 0x0, 0x0, 0x0, 0x0,
    0x0, 0x0, 0x0, 0x0, 0x0, 0x0, 0x0, 0x0,
    0x0, 0x0, 0x0, 0x0, 0x0, 0x0, 0x7f, 0xff,
    0xff, 0xff, 0xff, 0xff, 0xff, 0xff, 0xf9, 0x0,
    0x0, 0x5b, 0xbb, 0xbb, 0xbb, 0xbb, 0xbb, 0xbb,
    0xbb, 0xb6, 0x0, 0x0, 0x0, 0x0, 0x0, 0x0,
    0x0, 0x0, 0x0, 0x0, 0x0, 0x0, 0x0, 0x5b,
    0xbb, 0xbb, 0xbb, 0xbb, 0xbb, 0xbb, 0xbb, 0xb6,
    0x0, 0x0, 0x7f, 0xff, 0xff, 0xff, 0xff, 0xff,
    0xff, 0xff, 0xf9, 0x0, 0x0, 0x1, 0x11, 0x11,
    0x11, 0x11, 0x11, 0x11, 0x11, 0x10, 0x0, 0x0,
    0x0, 0x0, 0x0, 0x0, 0x0, 0x0, 0x0, 0x0,
    0x0, 0x0, 0x0, 0x5f, 0xff, 0xff, 0xff, 0xff,
    0xff, 0xff, 0xff, 0xf3, 0x0, 0x0, 0x6f, 0xed,
    0xdd, 0xdd, 0xdd, 0xdd, 0xdd, 0xdf, 0xf3, 0x0,
    0x0, 0x6f, 0x70, 0x0, 0x0, 0x0, 0x0, 0x0,
    0xa, 0xf3, 0x0, 0x0, 0x6f, 0x70, 0x0, 0x0,
    0x0, 0x0, 0x0, 0xa, 0xf3, 0x0, 0x0, 0x6f,
    0x70, 0x0, 0x0, 0x0, 0x0, 0x0, 0xa, 0xf3,
    0x0, 0x0, 0x6f, 0xed, 0xdd, 0xdd, 0xdd, 0xdd,
    0xdd, 0xdf, 0xf3, 0x0, 0x0, 0x6f, 0xff, 0xff,
    0xff, 0xff, 0xff, 0xff, 0xff, 0xf3, 0x0, 0x0,
    0x6f, 0x70, 0x0, 0x0, 0x0, 0x0, 0x0, 0xa,
    0xf3, 0x0,

    /* U+8BA1 "计" */
    0x0, 0x17, 0x0, 0x0, 0x0, 0x0, 0x7, 0xc2,
    0x0, 0x0, 0x0, 0x0, 0xdf, 0x80, 0x0, 0x0,
    0x0, 0xa, 0xf3, 0x0, 0x0, 0x0, 0x0, 0x4f,
    0xf4, 0x0, 0x0, 0x0, 0xa, 0xf3, 0x0, 0x0,
    0x0, 0x0, 0x9, 0xfd, 0x0, 0x0, 0x0, 0xa,
    0xf3, 0x0, 0x0, 0x0, 0x0, 0x1, 0xfd, 0x20,
    0x0, 0x0, 0xa, 0xf3, 0x0, 0x0, 0x0, 0x0,
    0x0, 0x40, 0x0, 0x0, 0x0, 0xa, 0xf3, 0x0,
    0x0, 0x0, 0x0, 0x0, 0x0, 0x0, 0x0, 0x0,
    0xa, 0xf3, 0x0, 0x0, 0x0, 0x67, 0x77, 0x70,
    0x0, 0x0, 0x0, 0xa, 0xf4, 0x0, 0x0, 0x0,
    0xff, 0xff, 0xf1, 0x4f, 0xff, 0xff, 0xff, 0xff,
    0xff, 0xff, 0xfc, 0x44, 0x4c, 0xf1, 0x3b, 0xbb,
    0xbb, 0xbe, 0xfc, 0xbb, 0xbb, 0xb9, 0x0, 0xb,
    0xf1, 0x0, 0x0, 0x0, 0xa, 0xf3, 0x0, 0x0,
    0x0, 0x0, 0xb, 0xf1, 0x0, 0x0, 0x0, 0xa,
    0xf3, 0x0, 0x0, 0x0, 0x0, 0xb, 0xf1, 0x0,
    0x0, 0x0, 0xa, 0xf3, 0x0, 0x0, 0x0, 0x0,
    0xb, 0xf1, 0x0, 0x0, 0x0, 0xa, 0xf3, 0x0,
    0x0, 0x0, 0x0, 0xb, 0xf1, 0x0, 0x0, 0x0,
    0xa, 0xf3, 0x0, 0x0, 0x0, 0x0, 0xb, 0xf1,
    0x0, 0x0, 0x0, 0xa, 0xf3, 0x0, 0x0, 0x0,
    0x0, 0xb, 0xf1, 0x3a, 0x0, 0x0, 0xa, 0xf3,
    0x0, 0x0, 0x0, 0x0, 0xb, 0xf5, 0xff, 0x30,
    0x0, 0xa, 0xf3, 0x0, 0x0, 0x0, 0x0, 0xb,
    0xff, 0xf4, 0x0, 0x0, 0xa, 0xf3, 0x0, 0x0,
    0x0, 0x0, 0x8, 0xfe, 0x30, 0x0, 0x0, 0xa,
    0xf3, 0x0, 0x0, 0x0, 0x0, 0x0, 0x61, 0x0,
    0x0, 0x0, 0xa, 0xf3, 0x0, 0x0, 0x0, 0x0,
    0x0, 0x0, 0x0, 0x0, 0x0, 0xa, 0xf3, 0x0,
    0x0, 0x0,

    /* U+8BA4 "认" */
    0x0, 0x5, 0x0, 0x0, 0x0, 0x0, 0x7, 0x91,
    0x0, 0x0, 0x0, 0x0, 0xdf, 0x60, 0x0, 0x0,
    0x0, 0xc, 0xf2, 0x0, 0x0, 0x0, 0x0, 0x5f,
    0xf2, 0x0, 0x0, 0x0, 0xc, 0xf2, 0x0, 0x0,
    0x0, 0x0, 0xa, 0xfb, 0x0, 0x0, 0x0, 0xd,
    0xf2, 0x0, 0x0, 0x0, 0x0, 0x1, 0xfc, 0x0,
    0x0, 0x0, 0xd, 0xf2, 0x0, 0x0, 0x0, 0x0,
    0x0, 0x20, 0x0, 0x0, 0x0, 0xe, 0xf1, 0x0,
    0x0, 0x0, 0x0, 0x0, 0x0, 0x0, 0x0, 0x0,
    0xf, 0xf0, 0x0, 0x0, 0x0, 0xaa, 0xaa, 0xa0,
    0x0, 0x0, 0x0, 0xf, 0xf0, 0x0, 0x0, 0x0,
    0xff, 0xff, 0xf1, 0x0, 0x0, 0x0, 0x1f, 0xf0,
    0x0, 0x0, 0x0, 0x0, 0xb, 0xf1, 0x0, 0x0,
    0x0, 0x3f, 0xf2, 0x0, 0x0, 0x0, 0x0, 0xb,
    0xf1, 0x0, 0x0, 0x0, 0x5f, 0xf6, 0x0, 0x0,
    0x0, 0x0, 0xb, 0xf1, 0x0, 0x0, 0x0, 0x8f,
    0xfc, 0x0, 0x0, 0x0, 0x0, 0xb, 0xf1, 0x0,
    0x0, 0x0, 0xcf, 0xdf, 0x20, 0x0, 0x0, 0x0,
    0xb, 0xf1, 0x0, 0x0, 0x0, 0xff, 0x4f, 0x80,
    0x0, 0x0, 0x0, 0xb, 0xf1, 0x0, 0x0, 0x6,
    0xfc, 0xd, 0xf1, 0x0, 0x0, 0x0, 0xb, 0xf1,
    0x0, 0x0, 0xd, 0xf6, 0x6, 0xf8, 0x0, 0x0,
    0x0, 0xb, 0xf1, 0x57, 0x0, 0x7f, 0xe0, 0x0,
    0xef, 0x30, 0x0, 0x0, 0xb, 0xf5, 0xfe, 0x12,
    0xff, 0x50, 0x0, 0x6f, 0xd0, 0x0, 0x0, 0xb,
    0xff, 0xf3, 0x1d, 0xf9, 0x0, 0x0, 0xb, 0xfb,
    0x0, 0x0, 0x9, 0xfe, 0x31, 0xdf, 0xc0, 0x0,
    0x0, 0x1, 0xef, 0xb0, 0x0, 0x0, 0x82, 0x1e,
    0xfc, 0x10, 0x0, 0x0, 0x0, 0x3f, 0xf7, 0x0,
    0x0, 0x0, 0x9, 0xb0, 0x0, 0x0, 0x0, 0x0,
    0x3, 0x80, 0x0, 0x0, 0x0, 0x0, 0x0, 0x0,
    0x0, 0x0, 0x0, 0x0, 0x0,

    /* U+8BA9 "让" */
    0x0, 0x3, 0x0, 0x0, 0x0, 0x0, 0x0, 0x0,
    0x0, 0x0, 0x0, 0x0, 0xbf, 0x30, 0x0, 0x0,
    0x0, 0xff, 0x10, 0x0, 0x0, 0x0, 0x0, 0x6f,
    0xe0, 0x0, 0x0, 0x0, 0xff, 0x10, 0x0, 0x0,
    0x0, 0x0, 0xb, 0xf8, 0x0, 0x0, 0x0, 0xff,
    0x10, 0x0, 0x0, 0x0, 0x0, 0x2, 0xfc, 0x0,
    0x0, 0x0, 0xff, 0x10, 0x0, 0x0, 0x0, 0x0,
    0x0, 0x30, 0x0, 0x0, 0x0, 0xff, 0x10, 0x0,
    0x0, 0x0, 0x0, 0x0, 0x0, 0x0, 0x0, 0x0,
    0xff, 0x10, 0x0, 0x0, 0x0, 0xaa, 0xaa, 0xa0,
    0x0, 0x0, 0x0, 0xff, 0xaa, 0xaa, 0xaa, 0xa3,
    0xff, 0xff, 0xf1, 0x0, 0x0, 0x0, 0xff, 0xff,
    0xff, 0xff, 0xf5, 0x0, 0xb, 0xf1, 0x0, 0x0,
    0x0, 0xff, 0x32, 0x22, 0x22, 0x20, 0x0, 0xb,
    0xf1, 0x0, 0x0, 0x0, 0xff, 0x10, 0x0, 0x0,
    0x0, 0x0, 0xb, 0xf1, 0x0, 0x0, 0x0, 0xff,
    0x10, 0x0, 0x0, 0x0, 0x0, 0xb, 0xf1, 0x0,
    0x0, 0x0, 0xff, 0x10, 0x0, 0x0, 0x0, 0x0,
    0xb, 0xf1, 0x0, 0x0, 0x0, 0xff, 0x10, 0x0,
    0x0, 0x0, 0x0, 0xb, 0xf1, 0x0, 0x0, 0x0,
    0xff, 0x10, 0x0, 0x0, 0x0, 0x0, 0xb, 0xf1,
    0x0, 0x0, 0x0, 0xff, 0x10, 0x0, 0x0, 0x0,
    0x0, 0xb, 0xf1, 0x53, 0x0, 0x0, 0xff, 0x10,
    0x0, 0x0, 0x0, 0x0, 0xb, 0xf4, 0xfd, 0x0,
    0x0, 0xff, 0x10, 0x0, 0x0, 0x0, 0x0, 0xb,
    0xff, 0xf2, 0x0, 0x0, 0xff, 0x10, 0x0, 0x0,
    0x0, 0x0, 0xa, 0xff, 0x49, 0xcc, 0xcc, 0xff,
    0xcc, 0xcc, 0xcc, 0xc3, 0x0, 0x1, 0xa3, 0xc,
    0xff, 0xff, 0xff, 0xff, 0xff, 0xff, 0xf4, 0x0,
    0x0, 0x0, 0x0, 0x0, 0x0, 0x0, 0x0, 0x0,
    0x0, 0x0,

    /* U+8BAE "议" */
    0x0, 0x5, 0x0, 0x0, 0x0, 0x0, 0x56, 0x0,
    0x0, 0x0, 0x0, 0x0, 0xdf, 0x60, 0x0, 0x0,
    0x0, 0xcf, 0x40, 0x0, 0x0, 0x0, 0x0, 0x5f,
    0xf2, 0x0, 0x0, 0x0, 0x3f, 0xc0, 0x0, 0x0,
    0x0, 0x0, 0xa, 0xfb, 0x0, 0x0, 0x0, 0xc,
    0xf3, 0x0, 0x46, 0x20, 0x0, 0x1, 0xfc, 0x0,
    0x8e, 0x10, 0x6, 0xf9, 0x0, 0xaf, 0x50, 0x0,
    0x0, 0x20, 0x0, 0x8f, 0x50, 0x2, 0xe7, 0x0,
    0xdf, 0x20, 0x0, 0x0, 0x0, 0x0, 0x4f, 0x90,
    0x0, 0x0, 0x0, 0xff, 0x0, 0xaa, 0xaa, 0xa0,
    0x0, 0xf, 0xe0, 0x0, 0x0, 0x4, 0xfd, 0x0,
    0xff, 0xff, 0xf1, 0x0, 0xa, 0xf4, 0x0, 0x0,
    0x8, 0xf8, 0x0, 0x0, 0xb, 0xf1, 0x0, 0x4,
    0xfb, 0x0, 0x0, 0xd, 0xf4, 0x0, 0x0, 0xb,
    0xf1, 0x0, 0x0, 0xef, 0x30, 0x0, 0x4f, 0xe0,
    0x0, 0x0, 0xb, 0xf1, 0x0, 0x0, 0x6f, 0xc0,
    0x0, 0xbf, 0x80, 0x0, 0x0, 0xb, 0xf1, 0x0,
    0x0, 0xd, 0xf6, 0x4, 0xff, 0x10, 0x0, 0x0,
    0xb, 0xf1, 0x0, 0x0, 0x4, 0xff, 0x3e, 0xf9,
    0x0, 0x0, 0x0, 0xb, 0xf1, 0x0, 0x0, 0x0,
    0x9f, 0xff, 0xd0, 0x0, 0x0, 0x0, 0xb, 0xf1,
    0x0, 0x0, 0x0, 0xe, 0xff, 0x30, 0x0, 0x0,
    0x0, 0xb, 0xf1, 0x57, 0x0, 0x0, 0x9f, 0xff,
    0x90, 0x0, 0x0, 0x0, 0xb, 0xf5, 0xfe, 0x10,
    0xb, 0xff, 0xaf, 0xfa, 0x0, 0x0, 0x0, 0xb,
    0xff, 0xf3, 0x3, 0xdf, 0xf7, 0x4, 0xff, 0xd2,
    0x0, 0x0, 0x9, 0xfe, 0x30, 0x8f, 0xff, 0x50,
    0x0, 0x3e, 0xff, 0x80, 0x0, 0x0, 0x82, 0x9,
    0xff, 0xc2, 0x0, 0x0, 0x1, 0xbf, 0xf8, 0x0,
    0x0, 0x0, 0x1, 0xd7, 0x0, 0x0, 0x0, 0x0,
    0x5, 0xd1, 0x0, 0x0, 0x0, 0x0, 0x0, 0x0,
    0x0, 0x0, 0x0, 0x0, 0x0,

    /* U+8BB0 "记" */
    0x0, 0x5, 0x0, 0x0, 0x0, 0x0, 0x0, 0x0,
    0x0, 0x0, 0x0, 0x0, 0xdf, 0x50, 0x0, 0x8,
    0xbb, 0xbb, 0xbb, 0xbb, 0xbb, 0x0, 0x0, 0x5f,
    0xf1, 0x0, 0xb, 0xff, 0xff, 0xff, 0xff, 0xff,
    0x10, 0x0, 0xa, 0xfa, 0x0, 0x0, 0x0, 0x0,
    0x0, 0x0, 0xcf, 0x10, 0x0, 0x2, 0xfc, 0x0,
    0x0, 0x0, 0x0, 0x0, 0x0, 0xcf, 0x10, 0x0,
    0x0, 0x30, 0x0, 0x0, 0x0, 0x0, 0x0, 0x0,
    0xcf, 0x10, 0x0, 0x0, 0x0, 0x0, 0x0, 0x0,
    0x0, 0x0, 0x0, 0xcf, 0x10, 0x78, 0x88, 0x80,
    0x0, 0x0, 0x0, 0x0, 0x0, 0x0, 0xcf, 0x10,
    0xff, 0xff, 0xf1, 0x0, 0x0, 0x0, 0x0, 0x0,
    0x0, 0xcf, 0x10, 0x33, 0x3c, 0xf1, 0x0, 0x0,
    0xdf, 0xff, 0xff, 0xff, 0xff, 0x10, 0x0, 0xb,
    0xf1, 0x0, 0x0, 0xdf, 0xbb, 0xbb, 0xbb, 0xff,
    0x10, 0x0, 0xb, 0xf1, 0x0, 0x0, 0xdf, 0x0,
    0x0, 0x0, 0x9c, 0x0, 0x0, 0xb, 0xf1, 0x0,
    0x0, 0xdf, 0x0, 0x0, 0x0, 0x0, 0x0, 0x0,
    0xb, 0xf1, 0x0, 0x0, 0xdf, 0x0, 0x0, 0x0,
    0x0, 0x0, 0x0, 0xb, 0xf1, 0x0, 0x0, 0xdf,
    0x0, 0x0, 0x0, 0x0, 0x0, 0x0, 0xb, 0xf1,
    0x0, 0x0, 0xdf, 0x0, 0x0, 0x0, 0x0, 0x83,
    0x0, 0xb, 0xf1, 0x33, 0x0, 0xdf, 0x0, 0x0,
    0x0, 0x2, 0xfa, 0x0, 0xb, 0xf2, 0xee, 0x0,
    0xdf, 0x0, 0x0, 0x0, 0x4, 0xf8, 0x0, 0xb,
    0xfd, 0xf5, 0x0, 0xdf, 0x0, 0x0, 0x0, 0x8,
    0xf5, 0x0, 0xb, 0xff, 0x80, 0x0, 0xdf, 0x40,
    0x0, 0x0, 0x5e, 0xf1, 0x0, 0x3, 0xe7, 0x0,
    0x0, 0xbf, 0xff, 0xee, 0xff, 0xff, 0x90, 0x0,
    0x0, 0x10, 0x0, 0x0, 0x3c, 0xef, 0xff, 0xfe,
    0xb7, 0x0,

    /* U+8BBA "论" */
    0x0, 0x5, 0x0, 0x0, 0x0, 0x0, 0x5, 0x0,
    0x0, 0x0, 0x0, 0x0, 0xdf, 0x50, 0x0, 0x0,
    0x0, 0x8f, 0x80, 0x0, 0x0, 0x0, 0x0, 0x5f,
    0xf1, 0x0, 0x0, 0x3, 0xff, 0xa0, 0x0, 0x0,
    0x0, 0x0, 0xa, 0xfa, 0x0, 0x0, 0x1d, 0xff,
    0xf8, 0x0, 0x0, 0x0, 0x0, 0x1, 0xfb, 0x0,
    0x0, 0xbf, 0xe3, 0xef, 0x70, 0x0, 0x0, 0x0,
    0x0, 0x20, 0x0, 0xa, 0xff, 0x40, 0x3f, 0xf8,
    0x0, 0x0, 0x0, 0x0, 0x0, 0x0, 0xaf, 0xf7,
    0x0, 0x5, 0xff, 0xa0, 0x0, 0xaa, 0xaa, 0xa0,
    0xb, 0xff, 0x80, 0x0, 0x0, 0x5f, 0xfc, 0x20,
    0xff, 0xff, 0xf3, 0xdf, 0xf7, 0x0, 0x0, 0x0,
    0x4, 0xff, 0xf4, 0x0, 0xb, 0xf3, 0xff, 0x52,
    0x30, 0x0, 0x0, 0x0, 0x3e, 0xf1, 0x0, 0xb,
    0xf1, 0x62, 0xb, 0xf3, 0x0, 0x0, 0x0, 0x0,
    0x50, 0x0, 0xb, 0xf1, 0x0, 0xb, 0xf3, 0x0,
    0x0, 0x7e, 0x20, 0x0, 0x0, 0xb, 0xf1, 0x0,
    0xb, 0xf3, 0x0, 0x4d, 0xff, 0xa0, 0x0, 0x0,
    0xb, 0xf1, 0x0, 0xb, 0xf3, 0x4c, 0xff, 0xd5,
    0x0, 0x0, 0x0, 0xb, 0xf1, 0x0, 0xb, 0xfe,
    0xff, 0xd6, 0x0, 0x0, 0x0, 0x0, 0xb, 0xf1,
    0x0, 0xb, 0xff, 0x93, 0x0, 0x0, 0x0, 0x0,
    0x0, 0xb, 0xf1, 0x32, 0xb, 0xf3, 0x0, 0x0,
    0x0, 0x0, 0x0, 0x0, 0xb, 0xf3, 0xed, 0xb,
    0xf3, 0x0, 0x0, 0x0, 0x57, 0x10, 0x0, 0xb,
    0xfe, 0xf4, 0xb, 0xf3, 0x0, 0x0, 0x0, 0xaf,
    0x40, 0x0, 0xb, 0xff, 0x60, 0xb, 0xf5, 0x0,
    0x0, 0x1, 0xef, 0x10, 0x0, 0x1, 0xc5, 0x0,
    0xa, 0xff, 0xcb, 0xbb, 0xcf, 0xfa, 0x0, 0x0,
    0x0, 0x0, 0x0, 0x2, 0xbe, 0xff, 0xff, 0xec,
    0x91, 0x0,

    /* U+8BBE "设" */
    0x0, 0x4, 0x0, 0x0, 0x0, 0x0, 0x0, 0x0,
    0x0, 0x0, 0x0, 0x0, 0xcf, 0x50, 0x0, 0x0,
    0x3b, 0xbb, 0xbb, 0xbb, 0x40, 0x0, 0x0, 0x6f,
    0xe1, 0x0, 0x0, 0x5f, 0xff, 0xff, 0xff, 0x60,
    0x0, 0x0, 0xb, 0xfa, 0x0, 0x0, 0x6f, 0x60,
    0x0, 0x8f, 0x60, 0x0, 0x0, 0x2, 0xfd, 0x0,
    0x0, 0x8f, 0x40, 0x0, 0x7f, 0x60, 0x0, 0x0,
    0x0, 0x40, 0x0, 0x0, 0xaf, 0x30, 0x0, 0x7f,
    0x60, 0x0, 0x0, 0x0, 0x0, 0x0, 0x0, 0xff,
    0x0, 0x0, 0x7f, 0x60, 0x0, 0x77, 0x77, 0x70,
    0x0, 0x9, 0xfb, 0x0, 0x0, 0x7f, 0x80, 0x0,
    0xff, 0xff, 0xf1, 0x0, 0x9f, 0xf2, 0x0, 0x0,
    0x4f, 0xff, 0xf6, 0x33, 0x3c, 0xf1, 0x0, 0x9e,
    0x40, 0x0, 0x0, 0x5, 0x99, 0x93, 0x0, 0xb,
    0xf1, 0x0, 0x2, 0x11, 0x11, 0x11, 0x11, 0x10,
    0x0, 0x0, 0xb, 0xf1, 0x0, 0x1f, 0xff, 0xff,
    0xff, 0xff, 0xfc, 0x0, 0x0, 0xb, 0xf1, 0x0,
    0xa, 0xef, 0xaa, 0xaa, 0xad, 0xfa, 0x0, 0x0,
    0xb, 0xf1, 0x0, 0x0, 0x8f, 0x60, 0x0, 0x1f,
    0xf3, 0x0, 0x0, 0xb, 0xf1, 0x0, 0x0, 0x2f,
    0xe0, 0x0, 0x9f, 0xb0, 0x0, 0x0, 0xb, 0xf1,
    0x0, 0x0, 0xa, 0xf8, 0x5, 0xff, 0x20, 0x0,
    0x0, 0xb, 0xf1, 0x12, 0x0, 0x1, 0xef, 0x8f,
    0xf5, 0x0, 0x0, 0x0, 0xb, 0xf2, 0xde, 0x10,
    0x0, 0x4f, 0xff, 0x70, 0x0, 0x0, 0x0, 0xb,
    0xfd, 0xf7, 0x0, 0x3, 0xcf, 0xff, 0xc3, 0x0,
    0x0, 0x0, 0xb, 0xff, 0x80, 0x4, 0xbf, 0xfe,
    0x7d, 0xff, 0xa4, 0x0, 0x0, 0x2, 0xe7, 0x8,
    0xef, 0xff, 0x91, 0x0, 0x8f, 0xff, 0xe3, 0x0,
    0x0, 0x0, 0x6, 0xfe, 0x92, 0x0, 0x0, 0x2,
    0x9f, 0xd0, 0x0, 0x0, 0x0, 0x0, 0x30, 0x0,
    0x0, 0x0, 0x0, 0x0, 0x20,

    /* U+8BC1 "证" */
    0x0, 0x1, 0x0, 0x0, 0x0, 0x0, 0x0, 0x0,
    0x0, 0x0, 0x0, 0x0, 0x9f, 0x20, 0x0, 0x0,
    0x0, 0x0, 0x0, 0x0, 0x0, 0x0, 0x0, 0x9f,
    0xc0, 0x0, 0xcf, 0xff, 0xff, 0xff, 0xff, 0xff,
    0xf7, 0x0, 0xe, 0xf4, 0x0, 0x8b, 0xbb, 0xbb,
    0xff, 0xbb, 0xbb, 0xb5, 0x0, 0x7, 0xf7, 0x0,
    0x0, 0x0, 0x0, 0xef, 0x0, 0x0, 0x0, 0x0,
    0x0, 0x10, 0x0, 0x0, 0x0, 0x0, 0xef, 0x0,
    0x0, 0x0, 0x0, 0x0, 0x0, 0x0, 0x0, 0x0,
    0x0, 0xef, 0x0, 0x0, 0x0, 0x8a, 0xaa, 0x60,
    0x0, 0x6, 0x40, 0x0, 0xef, 0x0, 0x0, 0x0,
    0xcf, 0xff, 0xa0, 0x0, 0x1f, 0xc0, 0x0, 0xef,
    0x0, 0x0, 0x0, 0x0, 0x1f, 0xa0, 0x0, 0x1f,
    0xc0, 0x0, 0xef, 0x0, 0x0, 0x0, 0x0, 0x1f,
    0xa0, 0x0, 0x1f, 0xc0, 0x0, 0xef, 0x11, 0x11,
    0x0, 0x0, 0x1f, 0xa0, 0x0, 0x1f, 0xc0, 0x0,
    0xef, 0xff, 0xff, 0xa0, 0x0, 0x1f, 0xa0, 0x0,
    0x1f, 0xc0, 0x0, 0xef, 0xbb, 0xbb, 0x70, 0x0,
    0x1f, 0xa0, 0x0, 0x1f, 0xc0, 0x0, 0xef, 0x0,
    0x0, 0x0, 0x0, 0x1f, 0xa0, 0x0, 0x1f, 0xc0,
    0x0, 0xef, 0x0, 0x0, 0x0, 0x0, 0x1f, 0xa0,
    0x0, 0x1f, 0xc0, 0x0, 0xef, 0x0, 0x0, 0x0,
    0x0, 0x1f, 0xa1, 0x40, 0x1f, 0xc0, 0x0, 0xef,
    0x0, 0x0, 0x0, 0x0, 0x1f, 0xac, 0xf2, 0x1f,
    0xc0, 0x0, 0xef, 0x0, 0x0, 0x0, 0x0, 0x1f,
    0xff, 0x80, 0x1f, 0xc0, 0x0, 0xef, 0x0, 0x0,
    0x0, 0x0, 0xe, 0xf9, 0x4b, 0xbf, 0xeb, 0xbb,
    0xff, 0xbb, 0xbb, 0xba, 0x0, 0x2, 0x70, 0x5f,
    0xff, 0xff, 0xff, 0xff, 0xff, 0xff, 0xfe, 0x0,
    0x0, 0x0, 0x1, 0x11, 0x11, 0x11, 0x11, 0x11,
    0x11, 0x11,

    /* U+8BC9 "诉" */
    0x0, 0x2, 0x0, 0x0, 0x0, 0x0, 0x0, 0x0,
    0x0, 0x12, 0x0, 0x0, 0xaf, 0x20, 0x0, 0x0,
    0x12, 0x35, 0x68, 0xbd, 0xfe, 0x10, 0x0, 0x8f,
    0xc0, 0x0, 0xc, 0xff, 0xff, 0xff, 0xff, 0xea,
    0x30, 0x0, 0xe, 0xf4, 0x0, 0xc, 0xfa, 0x98,
    0x65, 0x30, 0x0, 0x0, 0x0, 0x6, 0xf5, 0x0,
    0xc, 0xf1, 0x0, 0x0, 0x0, 0x0, 0x0, 0x0,
    0x0, 0x10, 0x0, 0xc, 0xf1, 0x0, 0x0, 0x0,
    0x0, 0x0, 0x0, 0x0, 0x0, 0x0, 0xc, 0xf1,
    0x0, 0x0, 0x0, 0x0, 0x0, 0x8a, 0xaa, 0x60,
    0x0, 0xc, 0xfa, 0xaa, 0xaa, 0xaa, 0xaa, 0xa2,
    0xcf, 0xff, 0xa0, 0x0, 0xc, 0xff, 0xff, 0xff,
    0xff, 0xff, 0xf3, 0x0, 0x1f, 0xa0, 0x0, 0xc,
    0xf3, 0x22, 0x24, 0xfb, 0x22, 0x20, 0x0, 0x1f,
    0xa0, 0x0, 0xc, 0xf1, 0x0, 0x3, 0xfb, 0x0,
    0x0, 0x0, 0x1f, 0xa0, 0x0, 0xc, 0xf1, 0x1,
    0x3, 0xfb, 0x0, 0x0, 0x0, 0x1f, 0xa0, 0x0,
    0xc, 0xf1, 0x7f, 0xa5, 0xfb, 0x0, 0x0, 0x0,
    0x1f, 0xa0, 0x0, 0xc, 0xf0, 0x8f, 0xff, 0xfb,
    0x0, 0x0, 0x0, 0x1f, 0xa0, 0x0, 0xe, 0xf0,
    0x1, 0x9f, 0xfe, 0x30, 0x0, 0x0, 0x1f, 0xa0,
    0x0, 0x1f, 0xd0, 0x0, 0x3, 0xff, 0xf7, 0x0,
    0x0, 0x1f, 0xa3, 0x60, 0x5f, 0x90, 0x0, 0x3,
    0xfe, 0xff, 0xa0, 0x0, 0x1f, 0xbe, 0xe0, 0xbf,
    0x50, 0x0, 0x3, 0xfb, 0x4f, 0xf4, 0x0, 0x1f,
    0xff, 0x42, 0xfe, 0x0, 0x0, 0x3, 0xfb, 0x3,
    0x60, 0x0, 0xd, 0xf6, 0xb, 0xf7, 0x0, 0x0,
    0x3, 0xfb, 0x0, 0x0, 0x0, 0x1, 0x50, 0x2f,
    0xd0, 0x0, 0x0, 0x3, 0xfb, 0x0, 0x0, 0x0,
    0x0, 0x0, 0x5, 0x30, 0x0, 0x0, 0x3, 0xfb,
    0x0, 0x0,

    /* U+8BD5 "试" */
    0x0, 0x0, 0x0, 0x0, 0x0, 0x0, 0x0, 0x3,
    0x20, 0x0, 0x0, 0x0, 0x7, 0xe3, 0x0, 0x0,
    0x0, 0x0, 0x3, 0xfa, 0x1b, 0x80, 0x0, 0x0,
    0x9f, 0xd0, 0x0, 0x0, 0x0, 0x0, 0x3f, 0xb0,
    0xdf, 0x30, 0x0, 0x0, 0xdf, 0x70, 0x0, 0x0,
    0x0, 0x3, 0xfb, 0x3, 0xf8, 0x0, 0x0, 0x5,
    0xfe, 0x0, 0x1, 0x11, 0x11, 0x3f, 0xc1, 0x13,
    0x10, 0x0, 0x0, 0x8, 0x20, 0x9, 0xff, 0xff,
    0xff, 0xff, 0xff, 0xff, 0xe0, 0x0, 0x0, 0x0,
    0x0, 0x6b, 0xbb, 0xbb, 0xbf, 0xfb, 0xbb, 0xba,
    0x3, 0x55, 0x55, 0x0, 0x0, 0x0, 0x0, 0x0,
    0xfe, 0x0, 0x0, 0x0, 0xcf, 0xff, 0xf1, 0x0,
    0x0, 0x0, 0x0, 0xe, 0xf0, 0x0, 0x0, 0x3,
    0x44, 0xcf, 0x10, 0x0, 0x0, 0x0, 0x0, 0xdf,
    0x0, 0x0, 0x0, 0x0, 0xb, 0xf1, 0x0, 0x9f,
    0xff, 0xff, 0x6c, 0xf1, 0x0, 0x0, 0x0, 0x0,
    0xbf, 0x10, 0x5, 0x9c, 0xfa, 0x93, 0xaf, 0x30,
    0x0, 0x0, 0x0, 0xb, 0xf1, 0x0, 0x0, 0x7f,
    0x40, 0x8, 0xf4, 0x0, 0x0, 0x0, 0x0, 0xbf,
    0x10, 0x0, 0x7, 0xf4, 0x0, 0x6f, 0x70, 0x0,
    0x0, 0x0, 0xb, 0xf1, 0x0, 0x0, 0x7f, 0x40,
    0x3, 0xfa, 0x0, 0x0, 0x0, 0x0, 0xbf, 0x10,
    0x0, 0x7, 0xf4, 0x0, 0xf, 0xd0, 0x0, 0x0,
    0x0, 0xb, 0xf2, 0xa1, 0x0, 0x7f, 0x40, 0x10,
    0xcf, 0x10, 0xc9, 0x0, 0x0, 0xbf, 0xcf, 0x40,
    0x7, 0xf9, 0xcf, 0x48, 0xf5, 0xf, 0xf0, 0x0,
    0xb, 0xff, 0x91, 0x7a, 0xef, 0xff, 0xb2, 0x3f,
    0xa0, 0xfd, 0x0, 0x0, 0x9f, 0xc0, 0x3f, 0xfe,
    0xa5, 0x0, 0x0, 0xdf, 0x7f, 0x90, 0x0, 0x0,
    0x81, 0x0, 0x62, 0x0, 0x0, 0x0, 0x5, 0xff,
    0xf4, 0x0, 0x0, 0x0, 0x0, 0x0, 0x0, 0x0,
    0x0, 0x0, 0x8, 0xf9, 0x0,

    /* U+8BDD "话" */
    0x0, 0x5, 0x0, 0x0, 0x0, 0x0, 0x0, 0x0,
    0x0, 0x37, 0x0, 0x0, 0xdf, 0x60, 0x0, 0x0,
    0x0, 0x2, 0x58, 0xcf, 0xff, 0x70, 0x0, 0x5f,
    0xf2, 0x0, 0x49, 0xbd, 0xff, 0xff, 0xfc, 0x95,
    0x10, 0x0, 0xa, 0xfb, 0x0, 0x4f, 0xff, 0xdb,
    0xfc, 0x0, 0x0, 0x0, 0x0, 0x1, 0xfc, 0x0,
    0x5, 0x30, 0x2, 0xfb, 0x0, 0x0, 0x0, 0x0,
    0x0, 0x20, 0x0, 0x0, 0x0, 0x2, 0xfb, 0x0,
    0x0, 0x0, 0x0, 0x0, 0x0, 0x0, 0x0, 0x0,
    0x2, 0xfb, 0x0, 0x0, 0x0, 0xaa, 0xaa, 0xa0,
    0x0, 0xbb, 0xbb, 0xbc, 0xfe, 0xbb, 0xbb, 0xb7,
    0xff, 0xff, 0xf1, 0x1, 0xff, 0xff, 0xff, 0xff,
    0xff, 0xff, 0xf9, 0x0, 0xb, 0xf1, 0x0, 0x0,
    0x0, 0x3, 0xfb, 0x0, 0x0, 0x0, 0x0, 0xb,
    0xf1, 0x0, 0x0, 0x0, 0x2, 0xfb, 0x0, 0x0,
    0x0, 0x0, 0xb, 0xf1, 0x0, 0x0, 0x0, 0x2,
    0xfb, 0x0, 0x0, 0x0, 0x0, 0xb, 0xf1, 0x0,
    0x1, 0x11, 0x13, 0xfb, 0x11, 0x11, 0x0, 0x0,
    0xb, 0xf1, 0x0, 0xd, 0xff, 0xff, 0xff, 0xff,
    0xff, 0x60, 0x0, 0xb, 0xf1, 0x0, 0xd, 0xfb,
    0xbb, 0xbb, 0xbb, 0xdf, 0x60, 0x0, 0xb, 0xf1,
    0x0, 0xd, 0xf0, 0x0, 0x0, 0x0, 0x7f, 0x60,
    0x0, 0xb, 0xf1, 0x24, 0xd, 0xf0, 0x0, 0x0,
    0x0, 0x7f, 0x60, 0x0, 0xb, 0xf3, 0xef, 0x1d,
    0xf0, 0x0, 0x0, 0x0, 0x7f, 0x60, 0x0, 0xb,
    0xfe, 0xf5, 0xd, 0xf0, 0x0, 0x0, 0x0, 0x7f,
    0x60, 0x0, 0xa, 0xff, 0x50, 0xd, 0xff, 0xff,
    0xff, 0xff, 0xff, 0x60, 0x0, 0x0, 0xa4, 0x0,
    0xd, 0xfd, 0xdd, 0xdd, 0xdd, 0xef, 0x60, 0x0,
    0x0, 0x0, 0x0, 0xd, 0xf0, 0x0, 0x0, 0x0,
    0x7f, 0x60,

    /* U+8BE5 "该" */
    0x0, 0x0, 0x0, 0x0, 0x0, 0x0, 0x0, 0x20,
    0x0, 0x0, 0x0, 0x0, 0x8e, 0x20, 0x0, 0x0,
    0x0, 0x1e, 0xf1, 0x0, 0x0, 0x0, 0x0, 0x9f,
    0xd0, 0x0, 0x0, 0x0, 0xc, 0xf7, 0x0, 0x0,
    0x0, 0x0, 0xd, 0xf8, 0x0, 0x11, 0x11, 0x15,
    0xfe, 0x11, 0x11, 0x11, 0x0, 0x4, 0xff, 0x11,
    0xff, 0xff, 0xff, 0xff, 0xff, 0xff, 0xfb, 0x0,
    0x0, 0x83, 0x0, 0xbb, 0xbc, 0xff, 0xbb, 0xbb,
    0xbb, 0xb7, 0x0, 0x0, 0x0, 0x0, 0x0, 0xb,
    0xf7, 0x0, 0x5, 0x0, 0x0, 0xaa, 0xaa, 0xa0,
    0x0, 0x0, 0x7f, 0xc0, 0x0, 0x6f, 0xc0, 0x0,
    0xff, 0xff, 0xf1, 0x0, 0x5, 0xfd, 0x10, 0x0,
    0xef, 0x40, 0x0, 0x0, 0xb, 0xf1, 0x0, 0x5f,
    0xf6, 0x68, 0x9c, 0xfa, 0x0, 0x0, 0x0, 0xb,
    0xf1, 0x0, 0x8f, 0xff, 0xdb, 0xef, 0xe1, 0x9,
    0x71, 0x0, 0xb, 0xf1, 0x0, 0x13, 0x10, 0x7,
    0xff, 0x30, 0x5f, 0xd0, 0x0, 0xb, 0xf1, 0x0,
    0x0, 0x0, 0x9f, 0xf4, 0x1, 0xef, 0x40, 0x0,
    0xb, 0xf1, 0x0, 0x0, 0x3c, 0xfe, 0x30, 0xb,
    0xfa, 0x0, 0x0, 0xb, 0xf1, 0x0, 0x2a, 0xff,
    0xc1, 0x0, 0xaf, 0xd0, 0x0, 0x0, 0xb, 0xf1,
    0x3, 0xff, 0xe6, 0x0, 0xa, 0xfe, 0x20, 0x0,
    0x0, 0xb, 0xf1, 0x3a, 0x96, 0x0, 0x1, 0xbf,
    0xfb, 0x0, 0x0, 0x0, 0xb, 0xf5, 0xff, 0x30,
    0x0, 0x4e, 0xfd, 0xef, 0xb0, 0x0, 0x0, 0xb,
    0xff, 0xf4, 0x0, 0x1a, 0xff, 0x90, 0x2d, 0xfc,
    0x10, 0x0, 0x9, 0xff, 0x40, 0x29, 0xff, 0xd4,
    0x0, 0x0, 0xbf, 0xd2, 0x0, 0x0, 0x82, 0x6,
    0xff, 0xe7, 0x0, 0x0, 0x0, 0xb, 0xf7, 0x0,
    0x0, 0x0, 0x1, 0xc6, 0x0, 0x0, 0x0, 0x0,
    0x0, 0x60,

    /* U+8BED "语" */
    0x0, 0x5, 0x0, 0x0, 0x0, 0x0, 0x0, 0x0,
    0x0, 0x0, 0x0, 0x0, 0xdf, 0x70, 0x0, 0x9a,
    0xaa, 0xaa, 0xaa, 0xaa, 0xaa, 0xa3, 0x0, 0x5f,
    0xf3, 0x0, 0xef, 0xff, 0xff, 0xff, 0xff, 0xff,
    0xf5, 0x0, 0xa, 0xfc, 0x0, 0x0, 0x0, 0x9f,
    0x50, 0x0, 0x0, 0x0, 0x0, 0x1, 0xfc, 0x10,
    0x0, 0x0, 0xcf, 0x10, 0x0, 0x0, 0x0, 0x0,
    0x0, 0x20, 0x0, 0x6, 0x66, 0xfe, 0x66, 0x66,
    0x63, 0x0, 0x0, 0x0, 0x0, 0x0, 0xf, 0xff,
    0xff, 0xff, 0xff, 0xf8, 0x0, 0xaa, 0xaa, 0xa0,
    0x0, 0x4, 0x4b, 0xf7, 0x44, 0x48, 0xf8, 0x0,
    0xff, 0xff, 0xf1, 0x0, 0x0, 0xc, 0xf1, 0x0,
    0x5, 0xf8, 0x0, 0x0, 0xb, 0xf1, 0x0, 0x0,
    0xf, 0xe0, 0x0, 0x5, 0xf8, 0x0, 0x0, 0xb,
    0xf1, 0x2, 0x99, 0xaf, 0xe9, 0x99, 0x9b, 0xfd,
    0x97, 0x0, 0xb, 0xf1, 0x4, 0xff, 0xff, 0xff,
    0xff, 0xff, 0xff, 0xfc, 0x0, 0xb, 0xf1, 0x0,
    0x11, 0x11, 0x11, 0x11, 0x11, 0x11, 0x11, 0x0,
    0xb, 0xf1, 0x0, 0x0, 0x0, 0x0, 0x0, 0x0,
    0x0, 0x0, 0x0, 0xb, 0xf1, 0x0, 0xd, 0xff,
    0xff, 0xff, 0xff, 0xff, 0xa0, 0x0, 0xb, 0xf1,
    0x0, 0xd, 0xfb, 0xbb, 0xbb, 0xbb, 0xcf, 0xa0,
    0x0, 0xb, 0xf1, 0x27, 0xd, 0xf0, 0x0, 0x0,
    0x0, 0x3f, 0xa0, 0x0, 0xb, 0xf3, 0xef, 0x3d,
    0xf0, 0x0, 0x0, 0x0, 0x3f, 0xa0, 0x0, 0xb,
    0xfe, 0xf7, 0xd, 0xf0, 0x0, 0x0, 0x0, 0x3f,
    0xa0, 0x0, 0xa, 0xff, 0x70, 0xd, 0xfb, 0xbb,
    0xbb, 0xbb, 0xcf, 0xa0, 0x0, 0x1, 0xb4, 0x0,
    0xd, 0xff, 0xff, 0xff, 0xff, 0xff, 0xa0, 0x0,
    0x0, 0x0, 0x0, 0xd, 0xf0, 0x0, 0x0, 0x0,
    0x3f, 0xa0,

    /* U+8BEF "误" */
    0x0, 0x3, 0x0, 0x0, 0x0, 0x0, 0x0, 0x0,
    0x0, 0x0, 0x0, 0x0, 0xaf, 0x40, 0x0, 0x6a,
    0xaa, 0xaa, 0xaa, 0xaa, 0xa8, 0x0, 0x0, 0x6f,
    0xe1, 0x0, 0xaf, 0xff, 0xff, 0xff, 0xff, 0xfc,
    0x0, 0x0, 0xb, 0xf8, 0x0, 0xaf, 0x40, 0x0,
    0x0, 0x1, 0xfc, 0x0, 0x0, 0x3, 0xfd, 0x0,
    0xaf, 0x30, 0x0, 0x0, 0x1, 0xfc, 0x0, 0x0,
    0x0, 0x50, 0x0, 0xaf, 0x30, 0x0, 0x0, 0x1,
    0xfc, 0x0, 0x0, 0x0, 0x0, 0x0, 0xaf, 0xcb,
    0xbb, 0xbb, 0xbc, 0xfc, 0x0, 0x56, 0x66, 0x60,
    0x0, 0x9f, 0xff, 0xff, 0xff, 0xff, 0xfc, 0x0,
    0xcf, 0xff, 0xf1, 0x0, 0x0, 0x0, 0x0, 0x0,
    0x0, 0x0, 0x0, 0x1, 0x1b, 0xf1, 0x1, 0xaa,
    0xaa, 0xaa, 0xaa, 0xaa, 0xaa, 0x10, 0x0, 0xb,
    0xf1, 0x1, 0xff, 0xff, 0xff, 0xff, 0xff, 0xff,
    0x20, 0x0, 0xb, 0xf1, 0x0, 0x22, 0x22, 0x4f,
    0xd2, 0x22, 0x22, 0x0, 0x0, 0xb, 0xf1, 0x0,
    0x0, 0x0, 0x4f, 0xb0, 0x0, 0x0, 0x0, 0x0,
    0xb, 0xf1, 0x0, 0x0, 0x0, 0x7f, 0x80, 0x0,
    0x0, 0x0, 0x0, 0xb, 0xf1, 0xf, 0xff, 0xff,
    0xff, 0xff, 0xff, 0xff, 0xf4, 0x0, 0xb, 0xf1,
    0xb, 0xbb, 0xbc, 0xff, 0xfd, 0xbb, 0xbb, 0xb3,
    0x0, 0xb, 0xf2, 0x80, 0x0, 0x8, 0xfd, 0xfc,
    0x0, 0x0, 0x0, 0x0, 0xb, 0xfb, 0xf3, 0x0,
    0x3f, 0xf2, 0x8f, 0xb0, 0x0, 0x0, 0x0, 0xb,
    0xff, 0xa0, 0x3, 0xef, 0x80, 0xa, 0xfd, 0x20,
    0x0, 0x0, 0xa, 0xfd, 0x11, 0x9f, 0xfa, 0x0,
    0x0, 0x9f, 0xf8, 0x10, 0x0, 0x1, 0xb2, 0x8f,
    0xff, 0x70, 0x0, 0x0, 0x6, 0xff, 0xf7, 0x0,
    0x0, 0x0, 0x4f, 0x92, 0x0, 0x0, 0x0, 0x0,
    0x19, 0xf2, 0x0, 0x0, 0x0, 0x0, 0x0, 0x0,
    0x0, 0x0, 0x0, 0x0, 0x0,

    /* U+8BF4 "说" */
    0x0, 0x5, 0x0, 0x0, 0x0, 0x56, 0x0, 0x0,
    0x1, 0x60, 0x0, 0x0, 0xdf, 0x60, 0x0, 0x1,
    0xff, 0x40, 0x0, 0x8, 0xfa, 0x0, 0x0, 0x5f,
    0xf2, 0x0, 0x0, 0x5f, 0xe0, 0x0, 0x1f, 0xf3,
    0x0, 0x0, 0xa, 0xfb, 0x0, 0x0, 0xb, 0xc2,
    0x0, 0xaf, 0x90, 0x0, 0x0, 0x1, 0xfc, 0x0,
    0x2, 0x23, 0x22, 0x25, 0xfe, 0x32, 0x0, 0x0,
    0x0, 0x20, 0x0, 0xf, 0xff, 0xff, 0xff, 0xff,
    0xff, 0x0, 0x0, 0x0, 0x0, 0x0, 0xf, 0xe8,
    0x88, 0x88, 0x88, 0xef, 0x0, 0xaa, 0xaa, 0xa0,
    0x0, 0xf, 0xc0, 0x0, 0x0, 0x0, 0xcf, 0x0,
    0xff, 0xff, 0xf1, 0x0, 0xf, 0xc0, 0x0, 0x0,
    0x0, 0xcf, 0x0, 0x0, 0xb, 0xf1, 0x0, 0xf,
    0xc0, 0x0, 0x0, 0x0, 0xcf, 0x0, 0x0, 0xb,
    0xf1, 0x0, 0xf, 0xc0, 0x0, 0x0, 0x0, 0xcf,
    0x0, 0x0, 0xb, 0xf1, 0x0, 0xf, 0xfb, 0xbb,
    0xbb, 0xbb, 0xff, 0x0, 0x0, 0xb, 0xf1, 0x0,
    0xf, 0xff, 0xff, 0xff, 0xff, 0xff, 0x0, 0x0,
    0xb, 0xf1, 0x0, 0x0, 0xb, 0xf1, 0xb, 0xf1,
    0x0, 0x0, 0x0, 0xb, 0xf1, 0x0, 0x0, 0xd,
    0xf0, 0xb, 0xf1, 0x0, 0x0, 0x0, 0xb, 0xf1,
    0x0, 0x0, 0x1f, 0xb0, 0xb, 0xf1, 0x0, 0x0,
    0x0, 0xb, 0xf1, 0x24, 0x0, 0x6f, 0x70, 0xb,
    0xf1, 0x0, 0x0, 0x0, 0xb, 0xf3, 0xef, 0x10,
    0xdf, 0x10, 0xb, 0xf1, 0x0, 0x83, 0x0, 0xb,
    0xfe, 0xf6, 0xb, 0xf8, 0x0, 0xb, 0xf1, 0x1,
    0xfb, 0x0, 0xb, 0xff, 0x71, 0xbf, 0xd0, 0x0,
    0xb, 0xf2, 0x4, 0xfa, 0x0, 0x1, 0xc5, 0x6e,
    0xfd, 0x10, 0x0, 0xa, 0xfe, 0xcf, 0xf7, 0x0,
    0x0, 0x0, 0x6f, 0xb1, 0x0, 0x0, 0x3, 0xdf,
    0xfe, 0xa1, 0x0, 0x0, 0x0, 0x2, 0x0, 0x0,
    0x0, 0x0, 0x0, 0x0, 0x0,

    /* U+8BF7 "请" */
    0x0, 0x3, 0x0, 0x0, 0x0, 0x0, 0x7, 0x80,
    0x0, 0x0, 0x0, 0x0, 0xaf, 0x60, 0x0, 0x0,
    0x0, 0xe, 0xf0, 0x0, 0x0, 0x0, 0x0, 0x6f,
    0xf2, 0x9, 0xff, 0xff, 0xff, 0xff, 0xff, 0xff,
    0xf4, 0x0, 0xb, 0xfa, 0x5, 0x99, 0x99, 0x9f,
    0xf9, 0x99, 0x99, 0x92, 0x0, 0x3, 0xfd, 0x10,
    0x0, 0x0, 0xe, 0xf0, 0x0, 0x0, 0x0, 0x0,
    0x0, 0x40, 0x0, 0xaf, 0xff, 0xff, 0xff, 0xff,
    0xff, 0x70, 0x0, 0x0, 0x0, 0x0, 0x6a, 0xaa,
    0xaf, 0xfa, 0xaa, 0xaa, 0x50, 0x79, 0x99, 0x90,
    0x0, 0x0, 0x0, 0xe, 0xf0, 0x0, 0x0, 0x0,
    0xcf, 0xff, 0xf1, 0x6f, 0xff, 0xff, 0xff, 0xff,
    0xff, 0xff, 0xfe, 0x1, 0x1b, 0xf1, 0x4a, 0xaa,
    0xaa, 0xaa, 0xaa, 0xaa, 0xaa, 0xa9, 0x0, 0xb,
    0xf1, 0x0, 0x0, 0x0, 0x0, 0x0, 0x0, 0x0,
    0x0, 0x0, 0xb, 0xf1, 0x0, 0x68, 0x88, 0x88,
    0x88, 0x88, 0x88, 0x10, 0x0, 0xb, 0xf1, 0x0,
    0xcf, 0xff, 0xff, 0xff, 0xff, 0xff, 0x20, 0x0,
    0xb, 0xf1, 0x0, 0xcf, 0x10, 0x0, 0x0, 0x0,
    0xbf, 0x20, 0x0, 0xb, 0xf1, 0x0, 0xcf, 0x98,
    0x88, 0x88, 0x88, 0xef, 0x20, 0x0, 0xb, 0xf1,
    0x0, 0xcf, 0xff, 0xff, 0xff, 0xff, 0xff, 0x20,
    0x0, 0xb, 0xf1, 0x60, 0xcf, 0x10, 0x0, 0x0,
    0x0, 0xbf, 0x20, 0x0, 0xb, 0xf9, 0xf5, 0xcf,
    0x98, 0x88, 0x88, 0x88, 0xef, 0x20, 0x0, 0xb,
    0xff, 0xb0, 0xcf, 0xff, 0xff, 0xff, 0xff, 0xff,
    0x20, 0x0, 0xa, 0xfd, 0x10, 0xcf, 0x10, 0x0,
    0x0, 0x0, 0xcf, 0x20, 0x0, 0x0, 0x81, 0x0,
    0xcf, 0x10, 0x0, 0x8, 0xdd, 0xff, 0x0, 0x0,
    0x0, 0x0, 0x0, 0xcf, 0x10, 0x0, 0x4, 0xef,
    0xd5, 0x0,

    /* U+8BFA "诺" */
    0x0, 0x0, 0x0, 0x0, 0x0, 0x0, 0x31, 0x0,
    0x3, 0x20, 0x0, 0x0, 0x7e, 0x30, 0x0, 0x0,
    0x2, 0xf9, 0x0, 0x1f, 0xa0, 0x0, 0x0, 0x9f,
    0xd0, 0x0, 0x0, 0x2, 0xf9, 0x0, 0x1f, 0xa0,
    0x0, 0x0, 0xd, 0xf7, 0x0, 0x7, 0x9a, 0xfd,
    0x99, 0x9f, 0xd9, 0x94, 0x0, 0x5, 0xfe, 0x0,
    0xc, 0xff, 0xff, 0xff, 0xff, 0xff, 0xf7, 0x0,
    0x0, 0x82, 0x0, 0x1, 0x24, 0xfa, 0x22, 0x3f,
    0xb2, 0x20, 0x0, 0x0, 0x0, 0x0, 0x0, 0x2,
    0xf9, 0x0, 0x1f, 0xa0, 0x0, 0x34, 0x44, 0x40,
    0x0, 0x0, 0x2, 0xd8, 0x97, 0x1f, 0xa0, 0x0,
    0xcf, 0xff, 0xf1, 0x0, 0x0, 0x0, 0x2, 0xfb,
    0x0, 0x0, 0x0, 0x12, 0x2b, 0xf1, 0x0, 0x1f,
    0xff, 0xff, 0xff, 0xff, 0xff, 0xfb, 0x0, 0xb,
    0xf1, 0x0, 0xb, 0xbb, 0xdf, 0xeb, 0xbb, 0xbb,
    0xb8, 0x0, 0xb, 0xf1, 0x0, 0x0, 0x0, 0xbf,
    0x40, 0x0, 0x0, 0x0, 0x0, 0xb, 0xf1, 0x0,
    0x0, 0x6, 0xfc, 0x0, 0x0, 0x0, 0x0, 0x0,
    0xb, 0xf1, 0x0, 0x0, 0x3f, 0xf4, 0x11, 0x11,
    0x11, 0x0, 0x0, 0xb, 0xf1, 0x0, 0x3, 0xff,
    0xff, 0xff, 0xff, 0xff, 0xb0, 0x0, 0xb, 0xf1,
    0x0, 0x6f, 0xff, 0xfa, 0xaa, 0xaa, 0xaf, 0xb0,
    0x0, 0xb, 0xf1, 0x60, 0xdf, 0x6b, 0xf0, 0x0,
    0x0, 0xf, 0xb0, 0x0, 0xb, 0xfa, 0xf5, 0x32,
    0xb, 0xf0, 0x0, 0x0, 0xf, 0xb0, 0x0, 0xb,
    0xff, 0xb0, 0x0, 0xb, 0xf0, 0x0, 0x0, 0xf,
    0xb0, 0x0, 0xa, 0xfe, 0x10, 0x0, 0xb, 0xfb,
    0xbb, 0xbb, 0xbf, 0xb0, 0x0, 0x1, 0xb2, 0x0,
    0x0, 0xb, 0xff, 0xff, 0xff, 0xff, 0xb0, 0x0,
    0x0, 0x0, 0x0, 0x0, 0xb, 0xf0, 0x0, 0x0,
    0xf, 0xb0,

    /* U+8BFB "读" */
    0x0, 0x1, 0x0, 0x0, 0x0, 0x0, 0x0, 0x65,
    0x0, 0x0, 0x0, 0x0, 0xaf, 0x20, 0x0, 0x0,
    0x0, 0x1, 0xfd, 0x0, 0x0, 0x0, 0x0, 0x9f,
    0xb0, 0x0, 0x0, 0x0, 0x2, 0xfd, 0x0, 0x0,
    0x0, 0x0, 0xe, 0xf3, 0x0, 0x8, 0xff, 0xff,
    0xff, 0xff, 0xff, 0x40, 0x0, 0x7, 0xf7, 0x0,
    0x4, 0x88, 0x89, 0xfe, 0x88, 0x88, 0x20, 0x0,
    0x1, 0x20, 0x0, 0x0, 0x0, 0x1, 0xfd, 0x0,
    0x0, 0x0, 0x0, 0x0, 0x0, 0x0, 0x37, 0x77,
    0x78, 0xfe, 0x77, 0x77, 0x70, 0x8a, 0xaa, 0x60,
    0x0, 0x7f, 0xff, 0xff, 0xff, 0xff, 0xff, 0xf1,
    0xcf, 0xff, 0xa0, 0x0, 0x1, 0x12, 0x11, 0x11,
    0x11, 0x3f, 0xd0, 0x0, 0x1f, 0xa0, 0x0, 0x0,
    0xc, 0xb1, 0xd, 0xb0, 0xbf, 0x40, 0x0, 0x1f,
    0xa0, 0x0, 0x0, 0x9, 0xfd, 0x1f, 0xc0, 0xcb,
    0x0, 0x0, 0x1f, 0xa0, 0x0, 0xc, 0x90, 0x9d,
    0x1f, 0xb0, 0x1, 0x0, 0x0, 0x1f, 0xa0, 0x0,
    0x7, 0xfb, 0x1, 0x2f, 0xa0, 0x0, 0x0, 0x0,
    0x1f, 0xa0, 0x0, 0x0, 0x7f, 0x60, 0x4f, 0x90,
    0x0, 0x0, 0x0, 0x1f, 0xa0, 0x0, 0x0, 0x4,
    0x0, 0x8f, 0x60, 0x0, 0x0, 0x0, 0x1f, 0xa0,
    0x0, 0xef, 0xff, 0xff, 0xff, 0xff, 0xff, 0xf8,
    0x0, 0x1f, 0xa1, 0x30, 0xab, 0xbb, 0xbd, 0xfe,
    0xbb, 0xbb, 0xb6, 0x0, 0x1f, 0xac, 0xf1, 0x0,
    0x0, 0x2e, 0xf4, 0x3, 0x0, 0x0, 0x0, 0x1f,
    0xff, 0x80, 0x0, 0x3, 0xef, 0x80, 0xaf, 0xb2,
    0x0, 0x0, 0xf, 0xfb, 0x0, 0x1, 0x9f, 0xf7,
    0x0, 0x2c, 0xff, 0x70, 0x0, 0x4, 0xa0, 0x1,
    0xaf, 0xfd, 0x30, 0x0, 0x0, 0x7f, 0xf9, 0x0,
    0x0, 0x0, 0x0, 0xcc, 0x50, 0x0, 0x0, 0x0,
    0x4, 0xe4, 0x0, 0x0, 0x0, 0x0, 0x0, 0x0,
    0x0, 0x0, 0x0, 0x0, 0x0,

    /* U+8C03 "调" */
    0x0, 0x3, 0x0, 0x0, 0x0, 0x0, 0x0, 0x0,
    0x0, 0x0, 0x0, 0xb, 0xf4, 0x0, 0x0, 0x8a,
    0xaa, 0xaa, 0xaa, 0xaa, 0xa8, 0x0, 0x7f, 0xe1,
    0x0, 0xc, 0xff, 0xff, 0xff, 0xff, 0xff, 0xd0,
    0x0, 0xbf, 0xa0, 0x0, 0xce, 0x0, 0x1, 0x10,
    0x0, 0xfd, 0x0, 0x2, 0xfe, 0x0, 0xc, 0xe0,
    0x0, 0xfc, 0x0, 0xf, 0xd0, 0x0, 0x5, 0x0,
    0x0, 0xce, 0x0, 0xf, 0xc0, 0x0, 0xfd, 0x0,
    0x0, 0x0, 0x0, 0xc, 0xe2, 0xff, 0xff, 0xfe,
    0xf, 0xd7, 0x77, 0x77, 0x0, 0x0, 0xce, 0x18,
    0x8f, 0xe8, 0x80, 0xfd, 0xff, 0xff, 0xf1, 0x0,
    0xc, 0xe0, 0x0, 0xfc, 0x0, 0xf, 0xd2, 0x33,
    0xcf, 0x10, 0x0, 0xce, 0x38, 0x8f, 0xe8, 0x82,
    0xfd, 0x0, 0xb, 0xf1, 0x0, 0xc, 0xe5, 0xff,
    0xff, 0xff, 0x4f, 0xd0, 0x0, 0xbf, 0x10, 0x0,
    0xce, 0x0, 0x0, 0x0, 0x0, 0xfd, 0x0, 0xb,
    0xf1, 0x0, 0xd, 0xd0, 0x88, 0x88, 0x87, 0xf,
    0xd0, 0x0, 0xbf, 0x10, 0x0, 0xed, 0xf, 0xff,
    0xff, 0xd0, 0xfd, 0x0, 0xb, 0xf1, 0x0, 0xf,
    0xc0, 0xfb, 0x0, 0xdd, 0xf, 0xd0, 0x0, 0xbf,
    0x10, 0x0, 0xfb, 0xf, 0xb0, 0xd, 0xd0, 0xfd,
    0x0, 0xb, 0xf1, 0x13, 0x2f, 0x90, 0xfb, 0x11,
    0xdd, 0xf, 0xd0, 0x0, 0xbf, 0x2d, 0xf6, 0xf7,
    0xf, 0xff, 0xff, 0xd0, 0xfd, 0x0, 0xb, 0xfd,
    0xf6, 0x7f, 0x40, 0x88, 0x88, 0x87, 0xf, 0xd0,
    0x0, 0xaf, 0xf6, 0xb, 0xf2, 0x0, 0x0, 0x0,
    0x0, 0xfd, 0x0, 0x0, 0xa3, 0x0, 0xee, 0x0,
    0x0, 0x1, 0xcb, 0xcf, 0xa0, 0x0, 0x0, 0x0,
    0x8, 0x90, 0x0, 0x0, 0xc, 0xef, 0xd3, 0x0,
    0x0, 0x0, 0x0, 0x0, 0x0, 0x0, 0x0, 0x0,
    0x0, 0x0,

    /* U+8C31 "谱" */
    0x0, 0x2, 0x0, 0x0, 0x0, 0x40, 0x0, 0x0,
    0x25, 0x10, 0x0, 0x0, 0xbf, 0x30, 0x0, 0xc,
    0xf2, 0x0, 0x0, 0xaf, 0x80, 0x0, 0x0, 0x8f,
    0xc0, 0x0, 0x5, 0xf9, 0x0, 0x2, 0xff, 0x10,
    0x0, 0x0, 0xe, 0xf5, 0x29, 0x99, 0xff, 0x99,
    0x9c, 0xfe, 0x99, 0x91, 0x0, 0x7, 0xf6, 0x3f,
    0xff, 0xff, 0xff, 0xff, 0xff, 0xff, 0xf2, 0x0,
    0x0, 0x10, 0x0, 0x10, 0x1f, 0x90, 0xf, 0xb0,
    0x2, 0x0, 0x0, 0x0, 0x0, 0xe, 0xd0, 0x1f,
    0x90, 0xf, 0xb0, 0xd, 0xd0, 0x57, 0x77, 0x40,
    0x6, 0xf9, 0x1f, 0x90, 0xf, 0xb0, 0x8f, 0x80,
    0xcf, 0xff, 0xa0, 0x0, 0xde, 0x2f, 0x90, 0xf,
    0xb2, 0xfd, 0x10, 0x23, 0x4f, 0xa0, 0x0, 0x31,
    0x1f, 0x90, 0xf, 0xb0, 0x43, 0x0, 0x0, 0x1f,
    0xa0, 0xff, 0xff, 0xff, 0xff, 0xff, 0xff, 0xff,
    0xfc, 0x0, 0x1f, 0xa0, 0xaa, 0xaa, 0xaa, 0xaa,
    0xaa, 0xaa, 0xaa, 0xa8, 0x0, 0x1f, 0xa0, 0x0,
    0x0, 0x0, 0x0, 0x0, 0x0, 0x0, 0x0, 0x0,
    0x1f, 0xa0, 0x0, 0xff, 0xff, 0xff, 0xff, 0xff,
    0xf8, 0x0, 0x0, 0x1f, 0xa0, 0x0, 0xff, 0x99,
    0x99, 0x99, 0x9a, 0xf8, 0x0, 0x0, 0x1f, 0xa0,
    0x0, 0xfe, 0x0, 0x0, 0x0, 0x2, 0xf8, 0x0,
    0x0, 0x1f, 0xa0, 0x20, 0xff, 0x88, 0x88, 0x88,
    0x89, 0xf8, 0x0, 0x0, 0x1f, 0xab, 0xe1, 0xff,
    0xff, 0xff, 0xff, 0xff, 0xf8, 0x0, 0x0, 0x1f,
    0xff, 0xa0, 0xfe, 0x0, 0x0, 0x0, 0x2, 0xf8,
    0x0, 0x0, 0xe, 0xfa, 0x0, 0xff, 0xaa, 0xaa,
    0xaa, 0xab, 0xf8, 0x0, 0x0, 0x2, 0x70, 0x0,
    0xff, 0xff, 0xff, 0xff, 0xff, 0xf8, 0x0, 0x0,
    0x0, 0x0, 0x0, 0xfe, 0x0, 0x0, 0x0, 0x3,
    0xf8, 0x0,

    /* U+8D25 "败" */
    0x0, 0x0, 0x0, 0x0, 0x0, 0x0, 0x0, 0x26,
    0x20, 0x0, 0x0, 0x0, 0x2, 0x33, 0x33, 0x33,
    0x32, 0x0, 0x5, 0xf9, 0x0, 0x0, 0x0, 0x0,
    0xbf, 0xff, 0xff, 0xff, 0xd0, 0x0, 0x9f, 0x50,
    0x0, 0x0, 0x0, 0xb, 0xf9, 0x99, 0x99, 0xfd,
    0x0, 0xc, 0xf1, 0x0, 0x0, 0x0, 0x0, 0xbf,
    0x10, 0x0, 0xf, 0xd0, 0x1, 0xff, 0xbb, 0xbb,
    0xbb, 0x10, 0xb, 0xf1, 0xa, 0x60, 0xfd, 0x0,
    0x5f, 0xff, 0xff, 0xff, 0xf2, 0x0, 0xbf, 0x10,
    0xfa, 0xf, 0xd0, 0x9, 0xf5, 0x11, 0x1c, 0xf2,
    0x0, 0xb, 0xf1, 0x1f, 0x90, 0xfd, 0x0, 0xef,
    0x0, 0x0, 0xef, 0x0, 0x0, 0xbf, 0x11, 0xf9,
    0xf, 0xd0, 0x4f, 0xd0, 0x0, 0xf, 0xd0, 0x0,
    0xb, 0xf1, 0x2f, 0x90, 0xfd, 0xb, 0xff, 0x30,
    0x3, 0xfb, 0x0, 0x0, 0xbf, 0x12, 0xf8, 0xf,
    0xd1, 0xff, 0xf9, 0x0, 0x7f, 0x80, 0x0, 0xb,
    0xf1, 0x2f, 0x80, 0xfd, 0x4f, 0x9f, 0xe0, 0xb,
    0xf4, 0x0, 0x0, 0xbf, 0x13, 0xf8, 0xf, 0xd0,
    0x41, 0x8f, 0x70, 0xff, 0x0, 0x0, 0xb, 0xf1,
    0x5f, 0x70, 0xfd, 0x0, 0x1, 0xfe, 0x7f, 0xb0,
    0x0, 0x0, 0xbf, 0x18, 0xf5, 0xf, 0xd0, 0x0,
    0x9, 0xff, 0xf5, 0x0, 0x0, 0xb, 0xf1, 0xdf,
    0x10, 0xfd, 0x0, 0x0, 0x2f, 0xfd, 0x0, 0x0,
    0x0, 0x47, 0x5f, 0xd0, 0x25, 0x40, 0x0, 0x2,
    0xff, 0xc0, 0x0, 0x0, 0x0, 0xd, 0xf6, 0x9f,
    0x30, 0x0, 0x0, 0xdf, 0xff, 0xa0, 0x0, 0x0,
    0xa, 0xfc, 0x4, 0xfe, 0x10, 0x1, 0xcf, 0xd3,
    0xff, 0x90, 0x0, 0x1b, 0xfe, 0x20, 0x7, 0xfd,
    0x2, 0xdf, 0xe1, 0x4, 0xff, 0xb0, 0xc, 0xfd,
    0x20, 0x0, 0xa, 0x43, 0xff, 0xd2, 0x0, 0x5,
    0xff, 0x90, 0x39, 0x10, 0x0, 0x0, 0x0, 0xc,
    0xb0, 0x0, 0x0, 0x5, 0xd1, 0x0, 0x0, 0x0,
    0x0, 0x0, 0x0, 0x0, 0x0, 0x0, 0x0, 0x0,
    0x0,

    /* U+8D26 "账" */
    0x0, 0x0, 0x0, 0x0, 0x0, 0x2, 0x20, 0x0,
    0x0, 0x0, 0x0, 0x0, 0x0, 0x0, 0x0, 0x0,
    0xc, 0xf2, 0x0, 0x3, 0x71, 0x0, 0xf, 0xff,
    0xff, 0xff, 0xc0, 0xc, 0xf2, 0x0, 0xc, 0xf5,
    0x0, 0xf, 0xe8, 0x88, 0x8f, 0xc0, 0xc, 0xf2,
    0x0, 0x4f, 0xe0, 0x0, 0xf, 0xc0, 0x0, 0xe,
    0xc0, 0xc, 0xf2, 0x0, 0xdf, 0x60, 0x0, 0xf,
    0xc0, 0x55, 0xe, 0xc0, 0xc, 0xf2, 0x9, 0xfc,
    0x0, 0x0, 0xf, 0xc0, 0xdb, 0xe, 0xc0, 0xc,
    0xf2, 0x5f, 0xf2, 0x0, 0x0, 0xf, 0xc0, 0xdb,
    0xe, 0xc0, 0xc, 0xf2, 0xcf, 0x50, 0x0, 0x0,
    0xf, 0xc0, 0xeb, 0xe, 0xc0, 0xc, 0xf2, 0x3,
    0x0, 0x0, 0x0, 0xf, 0xc0, 0xeb, 0xe, 0xc5,
    0xdf, 0xfd, 0xdd, 0xdd, 0xdd, 0xd2, 0xf, 0xc0,
    0xea, 0xe, 0xc7, 0xff, 0xff, 0xff, 0xff, 0xff,
    0xf3, 0xf, 0xc0, 0xea, 0xe, 0xc0, 0xc, 0xf2,
    0x7f, 0x70, 0x0, 0x0, 0xf, 0xc0, 0xfa, 0xe,
    0xc0, 0xc, 0xf2, 0x2f, 0xc0, 0x0, 0x0, 0xf,
    0xc1, 0xf8, 0xe, 0xc0, 0xc, 0xf2, 0xd, 0xf1,
    0x0, 0x0, 0xf, 0xc3, 0xf7, 0xe, 0xc0, 0xc,
    0xf2, 0x7, 0xf9, 0x0, 0x0, 0xf, 0xc7, 0xf4,
    0xe, 0xc0, 0xc, 0xf2, 0x1, 0xff, 0x10, 0x0,
    0x7, 0x5c, 0xf0, 0x5, 0x40, 0xc, 0xf2, 0x0,
    0x8f, 0xb0, 0x0, 0x0, 0x2f, 0xc3, 0xb1, 0x0,
    0xc, 0xf2, 0x0, 0x1e, 0xf7, 0x0, 0x0, 0xbf,
    0x53, 0xfa, 0x0, 0xc, 0xf2, 0x2a, 0x4, 0xff,
    0x70, 0x6, 0xfd, 0x0, 0x9f, 0x40, 0xc, 0xf8,
    0xff, 0x30, 0x6f, 0xf8, 0x5f, 0xf3, 0x0, 0x1f,
    0xd0, 0xc, 0xff, 0xe3, 0x0, 0x5, 0xf4, 0x2e,
    0x40, 0x0, 0x8, 0x90, 0x5, 0xfa, 0x10, 0x0,
    0x0, 0x10, 0x0, 0x0, 0x0, 0x0, 0x0, 0x0,
    0x10, 0x0, 0x0, 0x0, 0x0,

    /* U+8D28 "质" */
    0x0, 0x0, 0x0, 0x0, 0x0, 0x0, 0x0, 0x0,
    0x0, 0x2, 0x0, 0x0, 0x0, 0x0, 0x1, 0x22,
    0x34, 0x67, 0x8a, 0xce, 0xff, 0x90, 0x0, 0x9f,
    0xff, 0xff, 0xff, 0xff, 0xff, 0xff, 0xff, 0xdb,
    0x90, 0x0, 0xaf, 0xdb, 0xba, 0xa9, 0x87, 0x68,
    0x42, 0x10, 0x0, 0x0, 0x0, 0xaf, 0x40, 0x0,
    0x0, 0x0, 0x3f, 0xa0, 0x0, 0x0, 0x0, 0x0,
    0xaf, 0xda, 0xaa, 0xaa, 0xaa, 0xcf, 0xda, 0xaa,
    0xaa, 0xa8, 0x0, 0xaf, 0xff, 0xff, 0xff, 0xff,
    0xff, 0xff, 0xff, 0xff, 0xfd, 0x0, 0xaf, 0x52,
    0x22, 0x22, 0x22, 0xef, 0x22, 0x22, 0x22, 0x21,
    0x0, 0xaf, 0x40, 0x0, 0x0, 0x2, 0xfa, 0x0,
    0x0, 0x0, 0x0, 0x0, 0xaf, 0x40, 0x2b, 0xbb,
    0xbd, 0xfd, 0xbb, 0xbb, 0xb7, 0x0, 0x0, 0xaf,
    0x30, 0x3f, 0xff, 0xff, 0xff, 0xff, 0xff, 0xfa,
    0x0, 0x0, 0xaf, 0x20, 0x3f, 0xb1, 0x11, 0x11,
    0x11, 0x14, 0xfa, 0x0, 0x0, 0xbf, 0x20, 0x3f,
    0xb0, 0x0, 0x66, 0x0, 0x3, 0xfa, 0x0, 0x0,
    0xcf, 0x0, 0x3f, 0xb0, 0x0, 0xfe, 0x0, 0x3,
    0xfa, 0x0, 0x0, 0xfe, 0x0, 0x3f, 0xb0, 0x1,
    0xfd, 0x0, 0x3, 0xfa, 0x0, 0x2, 0xfb, 0x0,
    0x3f, 0xb0, 0x5, 0xfa, 0x0, 0x3, 0xfa, 0x0,
    0x6, 0xf8, 0x0, 0x3f, 0xb0, 0xb, 0xf6, 0x0,
    0x3, 0xfa, 0x0, 0xa, 0xf4, 0x0, 0x17, 0x40,
    0x5f, 0xe0, 0x5c, 0x40, 0x42, 0x0, 0xe, 0xf0,
    0x0, 0x0, 0x4, 0xff, 0x60, 0xaf, 0xfa, 0x10,
    0x0, 0x5f, 0xa0, 0x0, 0x3, 0xaf, 0xf9, 0x0,
    0x4, 0xef, 0xf7, 0x0, 0xaf, 0x40, 0x3c, 0xef,
    0xff, 0x70, 0x0, 0x0, 0x8, 0xff, 0xd2, 0x1a,
    0x0, 0xc, 0xfc, 0x71, 0x0, 0x0, 0x0, 0x0,
    0x2c, 0xa0, 0x0, 0x0, 0x0, 0x0, 0x0, 0x0,
    0x0, 0x0, 0x0, 0x0, 0x0,

    /* U+8D34 "贴" */
    0x0, 0x0, 0x0, 0x0, 0x0, 0x0, 0x0, 0x1,
    0x64, 0x0, 0x0, 0x0, 0x0, 0x0, 0x0, 0x0,
    0x0, 0x0, 0x0, 0x2f, 0xb0, 0x0, 0x0, 0x0,
    0xbf, 0xff, 0xff, 0xff, 0xd0, 0x0, 0x2, 0xfb,
    0x0, 0x0, 0x0, 0xb, 0xfc, 0xcc, 0xcc, 0xfd,
    0x0, 0x0, 0x2f, 0xb0, 0x0, 0x0, 0x0, 0xbf,
    0x10, 0x0, 0xf, 0xd0, 0x0, 0x2, 0xfb, 0x0,
    0x0, 0x0, 0xb, 0xf1, 0x4, 0x30, 0xfd, 0x0,
    0x0, 0x2f, 0xff, 0xff, 0xfd, 0x0, 0xbf, 0x10,
    0xfa, 0xf, 0xd0, 0x0, 0x2, 0xfe, 0xaa, 0xaa,
    0x80, 0xb, 0xf1, 0x1f, 0xa0, 0xfd, 0x0, 0x0,
    0x2f, 0xb0, 0x0, 0x0, 0x0, 0xbf, 0x11, 0xf9,
    0xf, 0xd0, 0x0, 0x2, 0xfb, 0x0, 0x0, 0x0,
    0xb, 0xf1, 0x1f, 0x90, 0xfd, 0x0, 0x0, 0x2f,
    0xb0, 0x0, 0x0, 0x0, 0xbf, 0x12, 0xf8, 0xf,
    0xd0, 0x0, 0x2, 0xfb, 0x0, 0x0, 0x0, 0xb,
    0xf1, 0x2f, 0x80, 0xfd, 0xc, 0xff, 0xff, 0xff,
    0xff, 0xf1, 0x0, 0xbf, 0x13, 0xf8, 0xf, 0xd0,
    0xcf, 0xbb, 0xbb, 0xbb, 0xef, 0x10, 0xb, 0xf1,
    0x5f, 0x70, 0xfd, 0xc, 0xf0, 0x0, 0x0, 0xb,
    0xf1, 0x0, 0xbf, 0x18, 0xf5, 0xf, 0xd0, 0xcf,
    0x0, 0x0, 0x0, 0xbf, 0x10, 0xb, 0xf1, 0xcf,
    0x20, 0xfd, 0xc, 0xf0, 0x0, 0x0, 0xb, 0xf1,
    0x0, 0x47, 0x4f, 0xd0, 0x15, 0x40, 0xcf, 0x0,
    0x0, 0x0, 0xbf, 0x10, 0x0, 0xb, 0xf6, 0x8e,
    0x10, 0xc, 0xf0, 0x0, 0x0, 0xb, 0xf1, 0x0,
    0x8, 0xfc, 0x5, 0xfd, 0x0, 0xcf, 0x11, 0x11,
    0x11, 0xbf, 0x10, 0x8, 0xfe, 0x10, 0x8, 0xfb,
    0xc, 0xff, 0xff, 0xff, 0xff, 0xf1, 0xb, 0xfd,
    0x20, 0x0, 0xb, 0x70, 0xcf, 0x99, 0x99, 0x99,
    0xef, 0x10, 0x38, 0x0, 0x0, 0x0, 0x0, 0xc,
    0xf0, 0x0, 0x0, 0xb, 0xf1,

    /* U+8D77 "起" */
    0x0, 0x0, 0x0, 0x54, 0x0, 0x0, 0x0, 0x0,
    0x0, 0x0, 0x0, 0x0, 0x0, 0x0, 0xf, 0xe0,
    0x0, 0x0, 0x0, 0x0, 0x0, 0x0, 0x0, 0x0,
    0x0, 0x0, 0xfe, 0x0, 0x0, 0x4f, 0xff, 0xff,
    0xff, 0xf0, 0x0, 0x3, 0xaa, 0xaf, 0xfa, 0xaa,
    0x22, 0x77, 0x77, 0x77, 0xdf, 0x0, 0x0, 0x5f,
    0xff, 0xff, 0xff, 0xf3, 0x0, 0x0, 0x0, 0xb,
    0xf0, 0x0, 0x0, 0x0, 0xf, 0xe0, 0x0, 0x0,
    0x0, 0x0, 0x0, 0xbf, 0x0, 0x0, 0x0, 0x0,
    0xfe, 0x0, 0x0, 0x0, 0x0, 0x0, 0xb, 0xf0,
    0x0, 0x0, 0x0, 0xf, 0xe0, 0x0, 0x0, 0x0,
    0x0, 0x0, 0xbf, 0x0, 0x0, 0xbb, 0xbb, 0xff,
    0xbb, 0xba, 0x1a, 0xaa, 0xaa, 0xae, 0xf0, 0x0,
    0x1f, 0xff, 0xff, 0xff, 0xff, 0xd1, 0xff, 0xff,
    0xff, 0xff, 0x0, 0x0, 0x0, 0x0, 0x7f, 0x40,
    0x0, 0x1f, 0x90, 0x0, 0x0, 0x0, 0x0, 0x0,
    0x55, 0x7, 0xf4, 0x0, 0x1, 0xf9, 0x0, 0x0,
    0x0, 0x0, 0x0, 0xd, 0xe0, 0x7f, 0x50, 0x0,
    0x1f, 0x90, 0x0, 0x0, 0x0, 0x0, 0x0, 0xfb,
    0x7, 0xff, 0xff, 0x41, 0xf9, 0x0, 0x0, 0x2,
    0x30, 0x0, 0x2f, 0x90, 0x7f, 0xba, 0xa3, 0x1f,
    0x90, 0x0, 0x0, 0x7f, 0x50, 0x5, 0xf6, 0x7,
    0xf4, 0x0, 0x1, 0xf9, 0x0, 0x0, 0xb, 0xf3,
    0x0, 0x9f, 0xd0, 0x7f, 0x40, 0x0, 0xf, 0xfc,
    0xbb, 0xce, 0xff, 0x0, 0xd, 0xff, 0xc9, 0xf4,
    0x0, 0x0, 0x9f, 0xff, 0xff, 0xfc, 0x60, 0x2,
    0xfc, 0xaf, 0xff, 0x40, 0x0, 0x0, 0x0, 0x0,
    0x0, 0x0, 0x0, 0x7f, 0x70, 0x9f, 0xfd, 0x85,
    0x32, 0x10, 0x0, 0x0, 0x0, 0x0, 0xe, 0xf3,
    0x0, 0x4c, 0xff, 0xff, 0xff, 0xff, 0xfe, 0xee,
    0xee, 0xb0, 0x8d, 0x0, 0x0, 0x3, 0x79, 0xbd,
    0xef, 0xff, 0xff, 0xff, 0xf8, 0x0, 0x20, 0x0,
    0x0, 0x0, 0x0, 0x0, 0x0, 0x0, 0x0, 0x0,
    0x0,

    /* U+8D85 "超" */
    0x0, 0x0, 0x2, 0x52, 0x0, 0x0, 0x0, 0x0,
    0x0, 0x0, 0x0, 0x0, 0x0, 0x0, 0x7f, 0x60,
    0x0, 0x7, 0x77, 0x77, 0x77, 0x77, 0x30, 0x0,
    0x0, 0x7, 0xf6, 0x0, 0x1, 0xff, 0xff, 0xff,
    0xff, 0xf8, 0x0, 0x5, 0xaa, 0xcf, 0xca, 0xa5,
    0x0, 0x5, 0xf5, 0x0, 0x4f, 0x80, 0x0, 0x9f,
    0xff, 0xff, 0xff, 0x80, 0x0, 0x7f, 0x30, 0x4,
    0xf7, 0x0, 0x0, 0x0, 0x7f, 0x60, 0x0, 0x0,
    0xb, 0xf1, 0x0, 0x5f, 0x70, 0x0, 0x0, 0x7,
    0xf6, 0x0, 0x0, 0x1, 0xfc, 0x0, 0x6, 0xf6,
    0x0, 0x0, 0x0, 0x7f, 0x60, 0x0, 0x0, 0xaf,
    0x70, 0x0, 0x7f, 0x40, 0x2, 0xbb, 0xbd, 0xfd,
    0xbb, 0xb2, 0xaf, 0xd0, 0x5d, 0xbe, 0xf2, 0x0,
    0x3f, 0xff, 0xff, 0xff, 0xff, 0x4e, 0xe2, 0x3,
    0xff, 0xf9, 0x0, 0x0, 0x0, 0x0, 0xdf, 0x0,
    0x0, 0x31, 0x0, 0x0, 0x11, 0x0, 0x0, 0x0,
    0x55, 0xd, 0xf0, 0x0, 0xb, 0xff, 0xff, 0xff,
    0xff, 0x20, 0x0, 0xe, 0xd0, 0xdf, 0x0, 0x0,
    0xbf, 0xbb, 0xbb, 0xbe, 0xf2, 0x0, 0x0, 0xfb,
    0xd, 0xfb, 0xb6, 0xb, 0xf1, 0x0, 0x0, 0xaf,
    0x20, 0x0, 0x3f, 0x80, 0xdf, 0xff, 0x90, 0xbf,
    0x10, 0x0, 0xa, 0xf2, 0x0, 0x6, 0xf6, 0xd,
    0xf0, 0x0, 0xb, 0xf1, 0x0, 0x0, 0xaf, 0x20,
    0x0, 0x9f, 0xc0, 0xdf, 0x0, 0x0, 0xbf, 0xaa,
    0xaa, 0xad, 0xf2, 0x0, 0xe, 0xff, 0xbd, 0xf0,
    0x0, 0xb, 0xff, 0xff, 0xff, 0xff, 0x20, 0x3,
    0xfc, 0xcf, 0xff, 0x0, 0x0, 0x0, 0x0, 0x0,
    0x0, 0x0, 0x0, 0x8f, 0x71, 0xbf, 0xfa, 0x74,
    0x32, 0x10, 0x0, 0x0, 0x0, 0x0, 0xe, 0xf3,
    0x0, 0x6e, 0xff, 0xff, 0xff, 0xff, 0xfe, 0xee,
    0xee, 0x70, 0x9d, 0x0, 0x0, 0x4, 0x7a, 0xcd,
    0xef, 0xff, 0xff, 0xff, 0xf3, 0x0, 0x20, 0x0,
    0x0, 0x0, 0x0, 0x0, 0x0, 0x0, 0x0, 0x0,
    0x0,

    /* U+8DB3 "足" */
    0x0, 0x8, 0xbb, 0xbb, 0xbb, 0xbb, 0xbb, 0xbb,
    0xbb, 0x90, 0x0, 0x0, 0xb, 0xff, 0xff, 0xff,
    0xff, 0xff, 0xff, 0xff, 0xc0, 0x0, 0x0, 0xb,
    0xf3, 0x0, 0x0, 0x0, 0x0, 0x0, 0x1f, 0xc0,
    0x0, 0x0, 0xb, 0xf2, 0x0, 0x0, 0x0, 0x0,
    0x0, 0x1f, 0xc0, 0x0, 0x0, 0xb, 0xf2, 0x0,
    0x0, 0x0, 0x0, 0x0, 0x1f, 0xc0, 0x0, 0x0,
    0xb, 0xf2, 0x0, 0x0, 0x0, 0x0, 0x0, 0x1f,
    0xc0, 0x0, 0x0, 0xb, 0xf3, 0x0, 0x0, 0x0,
    0x0, 0x0, 0x1f, 0xc0, 0x0, 0x0, 0xb, 0xff,
    0xff, 0xff, 0xff, 0xff, 0xff, 0xff, 0xc0, 0x0,
    0x0, 0x8, 0xbb, 0xbb, 0xbb, 0xff, 0xcb, 0xbb,
    0xbb, 0x90, 0x0, 0x0, 0x0, 0x0, 0x0, 0x0,
    0xcf, 0x10, 0x0, 0x0, 0x0, 0x0, 0x0, 0x0,
    0x8a, 0x10, 0x0, 0xcf, 0x10, 0x0, 0x0, 0x0,
    0x0, 0x0, 0x0, 0xdf, 0x10, 0x0, 0xcf, 0x10,
    0x0, 0x0, 0x0, 0x0, 0x0, 0x0, 0xfe, 0x0,
    0x0, 0xcf, 0xdd, 0xdd, 0xdd, 0xdd, 0x0, 0x0,
    0x5, 0xfa, 0x0, 0x0, 0xcf, 0xff, 0xff, 0xff,
    0xff, 0x0, 0x0, 0xa, 0xf7, 0x0, 0x0, 0xcf,
    0x10, 0x0, 0x0, 0x0, 0x0, 0x0, 0x1f, 0xfe,
    0x20, 0x0, 0xcf, 0x10, 0x0, 0x0, 0x0, 0x0,
    0x0, 0x9f, 0xef, 0xe4, 0x0, 0xcf, 0x10, 0x0,
    0x0, 0x0, 0x0, 0x2, 0xff, 0x28, 0xff, 0xa3,
    0xcf, 0x10, 0x0, 0x0, 0x0, 0x0, 0xc, 0xf9,
    0x0, 0x4d, 0xff, 0xff, 0x74, 0x32, 0x21, 0x11,
    0x10, 0x8f, 0xe1, 0x0, 0x0, 0x6c, 0xff, 0xff,
    0xff, 0xff, 0xff, 0xf5, 0x5f, 0x40, 0x0, 0x0,
    0x0, 0x15, 0x8b, 0xce, 0xff, 0xff, 0xf1, 0x2,
    0x0, 0x0, 0x0, 0x0, 0x0, 0x0, 0x0, 0x0,
    0x0, 0x0,

    /* U+8DD1 "跑" */
    0x0, 0x0, 0x0, 0x0, 0x0, 0x0, 0x52, 0x0,
    0x0, 0x0, 0x0, 0x0, 0x4, 0x44, 0x44, 0x44,
    0x0, 0x1f, 0xd0, 0x0, 0x0, 0x0, 0x0, 0x0,
    0xff, 0xff, 0xff, 0xe0, 0x5, 0xfa, 0x0, 0x0,
    0x0, 0x0, 0x0, 0xf, 0xe6, 0x66, 0xfe, 0x0,
    0xaf, 0xff, 0xff, 0xff, 0xff, 0x90, 0x0, 0xfd,
    0x0, 0xf, 0xe0, 0xf, 0xfd, 0xdd, 0xdd, 0xdd,
    0xfa, 0x0, 0xf, 0xd0, 0x0, 0xfe, 0x7, 0xf9,
    0x0, 0x0, 0x0, 0x3f, 0xa0, 0x0, 0xfd, 0x0,
    0xf, 0xe0, 0xef, 0x20, 0x0, 0x0, 0x3, 0xf9,
    0x0, 0xf, 0xe5, 0x55, 0xfe, 0x8f, 0xa0, 0x0,
    0x0, 0x0, 0x4f, 0x90, 0x0, 0xff, 0xff, 0xff,
    0xe7, 0xf3, 0xff, 0xff, 0xfb, 0x4, 0xf9, 0x0,
    0x5, 0x56, 0xfc, 0x55, 0x2, 0x1f, 0xfb, 0xcf,
    0xb0, 0x4f, 0x80, 0x0, 0x0, 0xf, 0xa0, 0x0,
    0x1, 0xfc, 0x1, 0xfb, 0x5, 0xf8, 0x0, 0x9,
    0x80, 0xfa, 0x0, 0x0, 0x1f, 0xc0, 0x1f, 0xb0,
    0x5f, 0x70, 0x0, 0xfd, 0xf, 0xff, 0xa0, 0x1,
    0xfc, 0x1, 0xfb, 0x6, 0xf6, 0x0, 0xf, 0xd0,
    0xfe, 0xb8, 0x0, 0x1f, 0xff, 0xff, 0xb0, 0x7f,
    0x40, 0x0, 0xfd, 0xf, 0xa0, 0x0, 0x1, 0xff,
    0xbb, 0xb8, 0xa, 0xf2, 0x0, 0xf, 0xd0, 0xfa,
    0x0, 0x0, 0x1f, 0xc0, 0x0, 0x6b, 0xfd, 0x0,
    0x0, 0xfd, 0xf, 0xa0, 0x0, 0x1, 0xfc, 0x0,
    0x5, 0xfe, 0x30, 0x0, 0xf, 0xd0, 0xfa, 0x1,
    0x0, 0x1f, 0xc0, 0x0, 0x0, 0x0, 0x61, 0x0,
    0xfd, 0xf, 0xef, 0xa0, 0x1, 0xfc, 0x0, 0x0,
    0x0, 0xf, 0xd0, 0xf, 0xfe, 0xff, 0xe7, 0x0,
    0x1f, 0xd0, 0x0, 0x0, 0x4, 0xfa, 0xe, 0xff,
    0xfb, 0x50, 0x0, 0x0, 0xff, 0xdc, 0xcc, 0xde,
    0xff, 0x50, 0x8b, 0x61, 0x0, 0x0, 0x0, 0x7,
    0xde, 0xff, 0xff, 0xec, 0x80,

    /* U+8DDD "距" */
    0x0, 0x1, 0x11, 0x11, 0x11, 0x0, 0x55, 0x55,
    0x55, 0x55, 0x55, 0x20, 0xb, 0xff, 0xff, 0xff,
    0xf2, 0x1f, 0xff, 0xff, 0xff, 0xff, 0xf8, 0x0,
    0xbf, 0xaa, 0xaa, 0xef, 0x21, 0xfe, 0x77, 0x77,
    0x77, 0x77, 0x30, 0xb, 0xf1, 0x0, 0xb, 0xf2,
    0x1f, 0xc0, 0x0, 0x0, 0x0, 0x0, 0x0, 0xbf,
    0x10, 0x0, 0xbf, 0x21, 0xfc, 0x0, 0x0, 0x0,
    0x0, 0x0, 0xb, 0xf1, 0x0, 0xb, 0xf2, 0x1f,
    0xc0, 0x0, 0x0, 0x0, 0x0, 0x0, 0xbf, 0xaa,
    0xaa, 0xef, 0x21, 0xfe, 0xaa, 0xaa, 0xaa, 0x90,
    0x0, 0xb, 0xff, 0xff, 0xff, 0xf2, 0x1f, 0xff,
    0xff, 0xff, 0xff, 0x0, 0x0, 0x0, 0x1, 0xfa,
    0x0, 0x1, 0xfc, 0x0, 0x0, 0xe, 0xf0, 0x0,
    0x0, 0x0, 0x1f, 0x90, 0x0, 0x1f, 0xc0, 0x0,
    0x0, 0xef, 0x0, 0x0, 0x9d, 0x11, 0xfa, 0x11,
    0x1, 0xfc, 0x0, 0x0, 0xe, 0xf0, 0x0, 0xb,
    0xf1, 0x1f, 0xff, 0xf2, 0x1f, 0xc0, 0x0, 0x0,
    0xef, 0x0, 0x0, 0xbf, 0x11, 0xfd, 0x99, 0x11,
    0xfe, 0xbb, 0xbb, 0xbf, 0xf0, 0x0, 0xb, 0xf1,
    0x1f, 0x90, 0x0, 0x1f, 0xff, 0xff, 0xff, 0xff,
    0x0, 0x0, 0xbf, 0x11, 0xf9, 0x0, 0x1, 0xfd,
    0x11, 0x11, 0x11, 0x10, 0x0, 0xb, 0xf1, 0x1f,
    0x90, 0x0, 0x1f, 0xc0, 0x0, 0x0, 0x0, 0x0,
    0x0, 0xbf, 0x11, 0xf9, 0x4, 0x51, 0xfc, 0x0,
    0x0, 0x0, 0x0, 0x0, 0xb, 0xf2, 0x4f, 0xff,
    0xfc, 0x1f, 0xc0, 0x0, 0x0, 0x0, 0x0, 0x6,
    0xdf, 0xff, 0xff, 0xc7, 0x21, 0xfe, 0xbb, 0xbb,
    0xbb, 0xbb, 0xa0, 0xdf, 0xfd, 0x95, 0x10, 0x0,
    0x1f, 0xff, 0xff, 0xff, 0xff, 0xff, 0x4, 0x51,
    0x0, 0x0, 0x0, 0x0, 0x11, 0x11, 0x11, 0x11,
    0x11, 0x10,

    /* U+8DEF "路" */
    0x0, 0x0, 0x0, 0x0, 0x0, 0x0, 0x0, 0x20,
    0x0, 0x0, 0x0, 0x0, 0x0, 0x11, 0x11, 0x11,
    0x10, 0x0, 0x3f, 0xb0, 0x0, 0x0, 0x0, 0x0,
    0xbf, 0xff, 0xff, 0xff, 0x20, 0x9, 0xf7, 0x0,
    0x0, 0x0, 0x0, 0xb, 0xfa, 0x99, 0x9e, 0xf2,
    0x1, 0xff, 0xff, 0xff, 0xff, 0x10, 0x0, 0xbf,
    0x10, 0x0, 0xbf, 0x20, 0xaf, 0xca, 0xaa, 0xbf,
    0xf1, 0x0, 0xb, 0xf1, 0x0, 0xb, 0xf2, 0x5f,
    0xf5, 0x0, 0x9, 0xf9, 0x0, 0x0, 0xbf, 0x10,
    0x0, 0xbf, 0x4f, 0xfd, 0xf2, 0x4, 0xfe, 0x10,
    0x0, 0xb, 0xfa, 0xaa, 0xae, 0xf2, 0xa4, 0x1e,
    0xe5, 0xef, 0x40, 0x0, 0x0, 0xbf, 0xff, 0xff,
    0xff, 0x20, 0x0, 0x4f, 0xff, 0x60, 0x0, 0x0,
    0x0, 0x0, 0x1f, 0xa0, 0x0, 0x0, 0x6, 0xff,
    0xfa, 0x10, 0x0, 0x0, 0x0, 0x1, 0xf9, 0x0,
    0x0, 0x5c, 0xff, 0x9e, 0xff, 0x82, 0x0, 0x8,
    0xc0, 0x1f, 0x90, 0x3, 0xef, 0xfc, 0x30, 0x19,
    0xff, 0xf7, 0x0, 0xbf, 0x11, 0xff, 0xff, 0x2e,
    0xb4, 0x0, 0x0, 0x2, 0x9f, 0x20, 0xb, 0xf1,
    0x1f, 0xeb, 0xb1, 0x18, 0x88, 0x88, 0x88, 0x88,
    0x0, 0x0, 0xbf, 0x11, 0xf9, 0x0, 0x1, 0xff,
    0xff, 0xff, 0xff, 0xf0, 0x0, 0xb, 0xf1, 0x1f,
    0x90, 0x0, 0x1f, 0xa0, 0x0, 0x0, 0xcf, 0x0,
    0x0, 0xbf, 0x11, 0xf9, 0x0, 0x1, 0xf9, 0x0,
    0x0, 0xc, 0xf0, 0x0, 0xb, 0xf1, 0x1f, 0x90,
    0x2, 0x1f, 0x90, 0x0, 0x0, 0xcf, 0x0, 0x0,
    0xbf, 0x11, 0xfd, 0xbf, 0xb1, 0xf9, 0x0, 0x0,
    0xc, 0xf0, 0x0, 0x1c, 0xfc, 0xef, 0xff, 0xb6,
    0x1f, 0xeb, 0xbb, 0xbb, 0xff, 0x0, 0xe, 0xff,
    0xfd, 0x94, 0x0, 0x1, 0xff, 0xff, 0xff, 0xff,
    0xf0, 0x0, 0x67, 0x40, 0x0, 0x0, 0x0, 0x1f,
    0x90, 0x0, 0x0, 0xcf, 0x0,

    /* U+8DF3 "跳" */
    0x0, 0x1, 0x11, 0x11, 0x0, 0x0, 0xa, 0xe1,
    0x1e, 0xb0, 0x0, 0x0, 0x0, 0xff, 0xff, 0xff,
    0xd0, 0x0, 0xb, 0xf1, 0x1f, 0xc0, 0x0, 0x0,
    0x0, 0xff, 0xaa, 0xaf, 0xd0, 0x0, 0xb, 0xf1,
    0x1f, 0xc0, 0xa, 0x40, 0x0, 0xfd, 0x0, 0xf,
    0xd5, 0xe3, 0xb, 0xf1, 0x1f, 0xc0, 0x3f, 0xc0,
    0x0, 0xfd, 0x0, 0xf, 0xd6, 0xfb, 0xb, 0xf1,
    0x1f, 0xc0, 0xaf, 0x60, 0x0, 0xfd, 0x0, 0xf,
    0xd0, 0xff, 0x2b, 0xf1, 0x1f, 0xc3, 0xfe, 0x0,
    0x0, 0xff, 0xaa, 0xaf, 0xd0, 0xaf, 0x8b, 0xf1,
    0x1f, 0xcb, 0xf7, 0x0, 0x0, 0xff, 0xff, 0xff,
    0xd0, 0x3f, 0x8b, 0xf1, 0x1f, 0xc3, 0xb0, 0x0,
    0x0, 0x0, 0x1f, 0xa0, 0x0, 0x3, 0xb, 0xf1,
    0x1f, 0xc0, 0x0, 0x0, 0x0, 0x0, 0xf, 0xa0,
    0x0, 0x0, 0xd, 0xf1, 0x1f, 0xe3, 0x0, 0x0,
    0x0, 0xb9, 0xf, 0xa0, 0x0, 0x1, 0xcf, 0xf1,
    0x1f, 0xff, 0x50, 0x0, 0x0, 0xfd, 0xf, 0xff,
    0x90, 0x3e, 0xff, 0xf0, 0x1f, 0xee, 0xf8, 0x0,
    0x0, 0xfd, 0xf, 0xeb, 0x79, 0xff, 0x8c, 0xf0,
    0x1f, 0xc2, 0xef, 0xa0, 0x0, 0xfd, 0xf, 0xa0,
    0xc, 0xf5, 0xf, 0xe0, 0x1f, 0xc0, 0x3f, 0x90,
    0x0, 0xfd, 0xf, 0xa0, 0x4, 0x30, 0x2f, 0xc0,
    0x1f, 0xc0, 0x5, 0x0, 0x0, 0xfd, 0xf, 0xa0,
    0x0, 0x0, 0x7f, 0x70, 0x1f, 0xc0, 0x0, 0x0,
    0x0, 0xfd, 0xf, 0xa0, 0x10, 0x0, 0xdf, 0x30,
    0x1f, 0xc0, 0x3, 0x20, 0x0, 0xfd, 0xf, 0xee,
    0x80, 0x5, 0xfd, 0x0, 0x1f, 0xc0, 0x7, 0xf4,
    0x0, 0xff, 0xef, 0xfe, 0x60, 0x1e, 0xf5, 0x0,
    0x1f, 0xc0, 0xb, 0xf2, 0xe, 0xff, 0xfb, 0x50,
    0x0, 0xbf, 0xc0, 0x0, 0xf, 0xfd, 0xef, 0xd0,
    0x8, 0xb6, 0x10, 0x0, 0x0, 0xbe, 0x10, 0x0,
    0x7, 0xef, 0xfc, 0x30, 0x0, 0x0, 0x0, 0x0,
    0x0, 0x2, 0x0, 0x0, 0x0, 0x0, 0x0, 0x0,

    /* U+8E2A "踪" */
    0x0, 0x0, 0x0, 0x0, 0x0, 0x0, 0x0, 0x4,
    0x20, 0x0, 0x0, 0x0, 0x3, 0x33, 0x33, 0x33,
    0x0, 0x0, 0x6, 0xf9, 0x0, 0x0, 0x0, 0x0,
    0xff, 0xff, 0xff, 0xd0, 0x0, 0x0, 0x1f, 0xe0,
    0x0, 0x0, 0x0, 0xf, 0xe7, 0x77, 0xfd, 0xb,
    0xbb, 0xbb, 0xff, 0xcb, 0xbb, 0xb4, 0x0, 0xfd,
    0x0, 0xf, 0xd0, 0xff, 0xff, 0xff, 0xff, 0xff,
    0xff, 0x60, 0xf, 0xd0, 0x0, 0xfd, 0xf, 0xd0,
    0x0, 0x0, 0x0, 0x6, 0xf6, 0x0, 0xfd, 0x0,
    0xf, 0xd0, 0xfd, 0x0, 0x0, 0x0, 0x0, 0x6f,
    0x60, 0xf, 0xfa, 0xaa, 0xfd, 0xa, 0x88, 0xff,
    0xff, 0xff, 0xd4, 0xc4, 0x0, 0xff, 0xff, 0xff,
    0xd0, 0x0, 0x6b, 0xbb, 0xbb, 0xba, 0x0, 0x0,
    0x0, 0x1, 0xfa, 0x0, 0x0, 0x0, 0x0, 0x0,
    0x0, 0x0, 0x0, 0x0, 0x0, 0xf, 0xa0, 0x0,
    0x0, 0x0, 0x0, 0x0, 0x0, 0x0, 0x0, 0xb,
    0x90, 0xfa, 0x0, 0xe, 0xee, 0xee, 0xee, 0xee,
    0xee, 0xeb, 0x0, 0xfd, 0xf, 0xff, 0x90, 0xcc,
    0xcc, 0xcf, 0xfc, 0xcc, 0xcc, 0x90, 0xf, 0xd0,
    0xfe, 0xb7, 0x0, 0x0, 0x0, 0xbf, 0x10, 0x0,
    0x0, 0x0, 0xfd, 0xf, 0xa0, 0x0, 0x2, 0x90,
    0xb, 0xf1, 0x7, 0x0, 0x0, 0xf, 0xd0, 0xfa,
    0x0, 0x0, 0xaf, 0x60, 0xbf, 0x19, 0xf9, 0x0,
    0x0, 0xfd, 0xf, 0xa0, 0x0, 0x4f, 0xe0, 0xb,
    0xf1, 0xd, 0xf6, 0x0, 0xf, 0xd0, 0xfa, 0x23,
    0x2f, 0xf5, 0x0, 0xbf, 0x10, 0x3f, 0xf3, 0x0,
    0xfd, 0x3f, 0xff, 0x97, 0xf9, 0x0, 0xb, 0xf1,
    0x0, 0x8f, 0xb0, 0x6f, 0xff, 0xff, 0x92, 0x7,
    0x0, 0x0, 0xbf, 0x0, 0x0, 0xb1, 0xc, 0xff,
    0xb5, 0x0, 0x0, 0x0, 0x6d, 0xbf, 0xf0, 0x0,
    0x0, 0x0, 0x45, 0x0, 0x0, 0x0, 0x0, 0x2,
    0xdf, 0xf8, 0x0, 0x0, 0x0,

    /* U+8F68 "轨" */
    0x0, 0x0, 0x84, 0x0, 0x0, 0x0, 0x6a, 0x20,
    0x0, 0x0, 0x0, 0x0, 0x0, 0x2f, 0xa0, 0x0,
    0x0, 0xa, 0xf3, 0x0, 0x0, 0x0, 0x0, 0x0,
    0x7, 0xf6, 0x0, 0x0, 0x0, 0xaf, 0x30, 0x0,
    0x0, 0x0, 0x7, 0xaa, 0xdf, 0xba, 0xa9, 0x0,
    0xa, 0xf3, 0x0, 0x0, 0x0, 0x0, 0xbf, 0xff,
    0xff, 0xff, 0xe0, 0x0, 0xaf, 0x30, 0x0, 0x0,
    0x0, 0x1, 0x28, 0xf8, 0x22, 0x22, 0x0, 0xa,
    0xf4, 0x35, 0x88, 0x0, 0x0, 0x0, 0xcf, 0x20,
    0x0, 0x0, 0x58, 0xef, 0xff, 0xff, 0xc0, 0x0,
    0x0, 0x2f, 0xd0, 0x74, 0x0, 0xf, 0xff, 0xfd,
    0xa9, 0xfc, 0x0, 0x0, 0x8, 0xf7, 0xf, 0xa0,
    0x0, 0x85, 0xbf, 0x30, 0x1f, 0xc0, 0x0, 0x1,
    0xff, 0x10, 0xfa, 0x0, 0x0, 0xb, 0xf2, 0x1,
    0xfc, 0x0, 0x0, 0x8f, 0x91, 0x1f, 0xb1, 0x10,
    0x0, 0xcf, 0x20, 0x1f, 0xc0, 0x0, 0x8, 0xff,
    0xff, 0xff, 0xff, 0x0, 0xd, 0xf0, 0x1, 0xfc,
    0x0, 0x0, 0x38, 0x88, 0x8f, 0xd8, 0x80, 0x0,
    0xfe, 0x0, 0x1f, 0xc0, 0x0, 0x0, 0x0, 0x0,
    0xfa, 0x0, 0x0, 0x3f, 0xb0, 0x1, 0xfc, 0x0,
    0x0, 0x0, 0x0, 0xf, 0xa0, 0x10, 0x6, 0xf8,
    0x0, 0x1f, 0xc0, 0x0, 0x0, 0x0, 0x24, 0xfe,
    0xde, 0x0, 0xaf, 0x40, 0x1, 0xfc, 0x0, 0x0,
    0x7d, 0xff, 0xff, 0xfe, 0xa0, 0x1f, 0xf0, 0x0,
    0x1f, 0xc0, 0x0, 0x7, 0xfe, 0xb8, 0xfb, 0x0,
    0x6, 0xfa, 0x0, 0x1, 0xfc, 0x6, 0x40, 0x1,
    0x0, 0xf, 0xa0, 0x0, 0xdf, 0x30, 0x0, 0x1f,
    0xc0, 0xcf, 0x0, 0x0, 0x0, 0xfa, 0x0, 0x7f,
    0xb0, 0x0, 0x1, 0xfd, 0xe, 0xe0, 0x0, 0x0,
    0xf, 0xa0, 0x1f, 0xf2, 0x0, 0x0, 0xf, 0xfc,
    0xfb, 0x0, 0x0, 0x0, 0xfa, 0x0, 0x96, 0x0,
    0x0, 0x0, 0xaf, 0xfc, 0x20,

    /* U+8F6C "转" */
    0x0, 0x0, 0x84, 0x0, 0x0, 0x0, 0x0, 0xa8,
    0x0, 0x0, 0x0, 0x0, 0x2, 0xfa, 0x0, 0x0,
    0x0, 0x2, 0xfc, 0x0, 0x0, 0x0, 0x0, 0x7,
    0xf6, 0x0, 0x0, 0x0, 0x4, 0xf9, 0x0, 0x0,
    0x0, 0x7a, 0xad, 0xfb, 0xaa, 0x90, 0xde, 0xef,
    0xff, 0xee, 0xee, 0xe5, 0xbf, 0xff, 0xff, 0xff,
    0xe0, 0xbc, 0xce, 0xfd, 0xcc, 0xcc, 0xc4, 0x12,
    0x8f, 0x82, 0x22, 0x20, 0x0, 0xd, 0xf0, 0x0,
    0x0, 0x0, 0x0, 0xcf, 0x20, 0x0, 0x0, 0x0,
    0xf, 0xd0, 0x0, 0x0, 0x0, 0x2, 0xfd, 0x7,
    0x40, 0x0, 0x11, 0x4f, 0xa1, 0x11, 0x11, 0x10,
    0x9, 0xf7, 0xf, 0xa0, 0xc, 0xff, 0xff, 0xff,
    0xff, 0xff, 0xff, 0x1f, 0xe0, 0xf, 0xa0, 0x9,
    0xbb, 0xef, 0xcb, 0xbb, 0xbb, 0xba, 0x9f, 0x92,
    0x2f, 0xb2, 0x20, 0x0, 0xfe, 0x0, 0x0, 0x0,
    0x0, 0x8f, 0xff, 0xff, 0xff, 0xf0, 0x6, 0xfa,
    0x0, 0x0, 0x0, 0x0, 0x25, 0x55, 0x5f, 0xc5,
    0x50, 0x9, 0xfe, 0xdd, 0xdd, 0xdd, 0xd3, 0x0,
    0x0, 0xf, 0xa0, 0x0, 0x4, 0xff, 0xff, 0xff,
    0xff, 0xf4, 0x0, 0x0, 0xf, 0xa0, 0x20, 0x0,
    0x0, 0x0, 0x0, 0x7f, 0xd0, 0x0, 0x14, 0x6f,
    0xef, 0xf0, 0x0, 0x40, 0x0, 0x3, 0xff, 0x30,
    0x8f, 0xff, 0xff, 0xfc, 0x70, 0x7, 0xfc, 0x20,
    0x2e, 0xf7, 0x0, 0x7e, 0xc9, 0x6f, 0xa0, 0x0,
    0x5, 0xef, 0xf8, 0xdf, 0x80, 0x0, 0x0, 0x0,
    0xf, 0xa0, 0x0, 0x0, 0x9, 0xff, 0xfa, 0x0,
    0x0, 0x0, 0x0, 0xf, 0xa0, 0x0, 0x0, 0x0,
    0x3e, 0xff, 0x50, 0x0, 0x0, 0x0, 0xf, 0xa0,
    0x0, 0x0, 0x0, 0x1, 0xcf, 0xf2, 0x0, 0x0,
    0x0, 0xf, 0xa0, 0x0, 0x0, 0x0, 0x0, 0x9,
    0x70, 0x0,

    /* U+8F6E "轮" */
    0x0, 0x0, 0x84, 0x0, 0x0, 0x0, 0x0, 0x60,
    0x0, 0x0, 0x0, 0x0, 0x2, 0xfa, 0x0, 0x0,
    0x0, 0x6, 0xfa, 0x0, 0x0, 0x0, 0x0, 0x7,
    0xf6, 0x0, 0x0, 0x0, 0xe, 0xfd, 0x0, 0x0,
    0x0, 0x7a, 0xad, 0xfb, 0xaa, 0x90, 0x0, 0x9f,
    0xff, 0xa0, 0x0, 0x0, 0xbf, 0xff, 0xff, 0xff,
    0xe0, 0x4, 0xff, 0x4d, 0xf8, 0x0, 0x0, 0x12,
    0x8f, 0x82, 0x22, 0x20, 0x2e, 0xf8, 0x3, 0xff,
    0x70, 0x0, 0x0, 0xcf, 0x20, 0x0, 0x1, 0xdf,
    0xb0, 0x0, 0x4f, 0xf9, 0x0, 0x2, 0xfd, 0x7,
    0x40, 0x1d, 0xfd, 0x10, 0x0, 0x5, 0xff, 0xb1,
    0x8, 0xf7, 0xf, 0xa1, 0xdf, 0xd1, 0x0, 0x0,
    0x0, 0x5f, 0xfa, 0x1f, 0xf1, 0xf, 0xa0, 0xdb,
    0x10, 0x0, 0x0, 0x0, 0x3, 0xe2, 0x8f, 0x91,
    0x1f, 0xb1, 0x30, 0xad, 0x10, 0x0, 0x0, 0x0,
    0x0, 0x8f, 0xff, 0xff, 0xff, 0xf0, 0xcf, 0x10,
    0x0, 0x5, 0xb0, 0x0, 0x38, 0x88, 0x8f, 0xd8,
    0x80, 0xcf, 0x10, 0x3, 0xcf, 0xf7, 0x0, 0x0,
    0x0, 0xf, 0xa0, 0x0, 0xcf, 0x14, 0xcf, 0xfc,
    0x40, 0x0, 0x0, 0x0, 0xf, 0xa0, 0x0, 0xcf,
    0xdf, 0xfc, 0x50, 0x0, 0x0, 0x0, 0x1, 0x3f,
    0xec, 0xe0, 0xcf, 0xe9, 0x20, 0x0, 0x0, 0x0,
    0x6c, 0xef, 0xff, 0xfe, 0xa0, 0xcf, 0x10, 0x0,
    0x0, 0x0, 0x0, 0x7f, 0xfc, 0x9f, 0xb0, 0x0,
    0xcf, 0x10, 0x0, 0x0, 0x14, 0x0, 0x12, 0x0,
    0xf, 0xa0, 0x0, 0xcf, 0x10, 0x0, 0x0, 0x5f,
    0x80, 0x0, 0x0, 0xf, 0xa0, 0x0, 0xcf, 0x20,
    0x0, 0x0, 0xaf, 0x40, 0x0, 0x0, 0xf, 0xa0,
    0x0, 0xbf, 0xfc, 0xbb, 0xce, 0xfe, 0x0, 0x0,
    0x0, 0xf, 0xa0, 0x0, 0x3c, 0xef, 0xff, 0xfe,
    0xb3, 0x0,

    /* U+8F74 "轴" */
    0x0, 0x0, 0x10, 0x0, 0x0, 0x0, 0x0, 0x3,
    0x10, 0x0, 0x0, 0x0, 0x1, 0xfa, 0x0, 0x0,
    0x0, 0x0, 0x2f, 0xa0, 0x0, 0x0, 0x0, 0x5,
    0xf7, 0x0, 0x0, 0x0, 0x0, 0x2f, 0xa0, 0x0,
    0x0, 0x35, 0x5b, 0xf7, 0x55, 0x40, 0x0, 0x0,
    0x2f, 0xa0, 0x0, 0x0, 0xbf, 0xff, 0xff, 0xff,
    0xe0, 0x0, 0x0, 0x2f, 0xa0, 0x0, 0x0, 0x46,
    0xaf, 0xb6, 0x66, 0x60, 0xff, 0xff, 0xff, 0xff,
    0xff, 0xf1, 0x0, 0xaf, 0x30, 0x0, 0x0, 0xfe,
    0xaa, 0xbf, 0xda, 0xae, 0xf1, 0x1, 0xfd, 0x7,
    0x40, 0x0, 0xfc, 0x0, 0x2f, 0xa0, 0xb, 0xf1,
    0x7, 0xf7, 0xf, 0xa0, 0x0, 0xfc, 0x0, 0x2f,
    0xa0, 0xb, 0xf1, 0xe, 0xf1, 0xf, 0xa0, 0x0,
    0xfc, 0x0, 0x2f, 0xa0, 0xb, 0xf1, 0x8f, 0xa2,
    0x2f, 0xb2, 0x20, 0xfc, 0x0, 0x2f, 0xa0, 0xb,
    0xf1, 0x9f, 0xff, 0xff, 0xff, 0xf0, 0xfc, 0x0,
    0x2f, 0xa0, 0xb, 0xf1, 0x38, 0x88, 0x8f, 0xd8,
    0x80, 0xff, 0xff, 0xff, 0xff, 0xff, 0xf1, 0x0,
    0x0, 0xf, 0xa0, 0x0, 0xfe, 0xaa, 0xbf, 0xda,
    0xae, 0xf1, 0x0, 0x0, 0xf, 0xa0, 0x0, 0xfc,
    0x0, 0x2f, 0xa0, 0xb, 0xf1, 0x0, 0x0, 0x3f,
    0xec, 0xe0, 0xfc, 0x0, 0x2f, 0xa0, 0xb, 0xf1,
    0x6b, 0xef, 0xff, 0xff, 0xb0, 0xfc, 0x0, 0x2f,
    0xa0, 0xb, 0xf1, 0x7f, 0xfd, 0xaf, 0xb0, 0x0,
    0xfc, 0x0, 0x2f, 0xa0, 0xb, 0xf1, 0x13, 0x0,
    0xf, 0xa0, 0x0, 0xfc, 0x11, 0x3f, 0xa1, 0x1b,
    0xf1, 0x0, 0x0, 0xf, 0xa0, 0x0, 0xff, 0xff,
    0xff, 0xff, 0xff, 0xf1, 0x0, 0x0, 0xf, 0xa0,
    0x0, 0xfe, 0x99, 0x99, 0x99, 0x9e, 0xf1, 0x0,
    0x0, 0xf, 0xa0, 0x0, 0xfc, 0x0, 0x0, 0x0,
    0xb, 0xf1,

    /* U+8F7B "轻" */
    0x0, 0x0, 0x84, 0x0, 0x0, 0x0, 0x0, 0x0,
    0x0, 0x0, 0x0, 0x0, 0x0, 0x2f, 0xa0, 0x0,
    0x0, 0x0, 0x0, 0x0, 0x0, 0x0, 0x0, 0x0,
    0x7, 0xf6, 0x0, 0x0, 0x5f, 0xff, 0xff, 0xff,
    0xff, 0x10, 0x7, 0xaa, 0xdf, 0xba, 0xa9, 0x4,
    0xcc, 0xcc, 0xcc, 0xcf, 0xf0, 0x0, 0xbf, 0xff,
    0xff, 0xff, 0xe0, 0x0, 0x0, 0x0, 0x8, 0xf9,
    0x0, 0x1, 0x28, 0xf8, 0x22, 0x22, 0x0, 0x0,
    0x0, 0x2, 0xff, 0x10, 0x0, 0x0, 0xcf, 0x20,
    0x0, 0x0, 0x0, 0x0, 0x1, 0xdf, 0x70, 0x0,
    0x0, 0x2f, 0xc0, 0x74, 0x0, 0x0, 0x0, 0x1,
    0xdf, 0xb0, 0x0, 0x0, 0x9, 0xf6, 0xf, 0xa0,
    0x0, 0x0, 0x5, 0xef, 0xfd, 0x60, 0x0, 0x1,
    0xfe, 0x0, 0xfa, 0x0, 0x0, 0x5c, 0xff, 0xdc,
    0xff, 0xd5, 0x0, 0x9f, 0xa4, 0x4f, 0xc4, 0x42,
    0xff, 0xff, 0x70, 0x4, 0xbf, 0xfc, 0x8, 0xff,
    0xff, 0xff, 0xff, 0xa, 0xe8, 0x10, 0x0, 0x0,
    0x4d, 0x80, 0x26, 0x66, 0x6f, 0xc6, 0x60, 0x0,
    0x0, 0x0, 0x0, 0x0, 0x1, 0x0, 0x0, 0x0,
    0xfa, 0x0, 0x1, 0xbb, 0xbb, 0xbb, 0xbb, 0xb9,
    0x0, 0x0, 0x0, 0xf, 0xa0, 0x10, 0x1f, 0xff,
    0xff, 0xff, 0xff, 0xc0, 0x0, 0x0, 0x14, 0xfe,
    0xef, 0x0, 0x0, 0x4, 0xf9, 0x0, 0x0, 0x0,
    0x6c, 0xff, 0xff, 0xff, 0xa0, 0x0, 0x0, 0x4f,
    0x90, 0x0, 0x0, 0x7, 0xff, 0xda, 0xfb, 0x0,
    0x0, 0x0, 0x4, 0xf9, 0x0, 0x0, 0x0, 0x13,
    0x0, 0xf, 0xa0, 0x0, 0x0, 0x0, 0x4f, 0x90,
    0x0, 0x0, 0x0, 0x0, 0x0, 0xfa, 0x0, 0x0,
    0x0, 0x4, 0xf9, 0x0, 0x0, 0x0, 0x0, 0x0,
    0xf, 0xa0, 0x6, 0xbb, 0xbb, 0xcf, 0xeb, 0xbb,
    0xb5, 0x0, 0x0, 0x0, 0xfa, 0x0, 0x9f, 0xff,
    0xff, 0xff, 0xff, 0xff, 0x70,

    /* U+8F83 "较" */
    0x0, 0x0, 0x10, 0x0, 0x0, 0x0, 0x0, 0x0,
    0x0, 0x0, 0x0, 0x0, 0x1, 0xfa, 0x0, 0x0,
    0x0, 0x0, 0xce, 0x0, 0x0, 0x0, 0x0, 0x5,
    0xf7, 0x0, 0x0, 0x0, 0x0, 0xaf, 0x60, 0x0,
    0x0, 0x23, 0x3a, 0xf6, 0x33, 0x20, 0x11, 0x11,
    0x5f, 0xc1, 0x11, 0x10, 0xbf, 0xff, 0xff, 0xff,
    0xe0, 0xff, 0xff, 0xff, 0xff, 0xff, 0xf4, 0x69,
    0xbf, 0xc9, 0x99, 0x80, 0x99, 0x99, 0x99, 0x99,
    0x99, 0x92, 0x0, 0xaf, 0x40, 0x0, 0x0, 0x0,
    0x43, 0x0, 0x3, 0x50, 0x0, 0x0, 0xfe, 0x7,
    0x40, 0x0, 0x0, 0xef, 0x10, 0x1f, 0xf5, 0x0,
    0x7, 0xf8, 0xf, 0xa0, 0x0, 0xa, 0xf9, 0x0,
    0x6, 0xff, 0x30, 0xe, 0xf1, 0xf, 0xa0, 0x0,
    0x7f, 0xe1, 0x0, 0x0, 0x9f, 0xe1, 0x7f, 0x91,
    0x1f, 0xb1, 0x14, 0xff, 0x40, 0x0, 0x0, 0xc,
    0xf5, 0x9f, 0xff, 0xff, 0xff, 0xf0, 0xb6, 0x77,
    0x0, 0x6, 0xa3, 0x60, 0x38, 0x88, 0x8f, 0xd8,
    0x80, 0x1, 0xfe, 0x0, 0xc, 0xf3, 0x0, 0x0,
    0x0, 0xf, 0xa0, 0x0, 0x0, 0x8f, 0x80, 0x4f,
    0xc0, 0x0, 0x0, 0x0, 0xf, 0xa0, 0x10, 0x0,
    0x1e, 0xf2, 0xdf, 0x50, 0x0, 0x0, 0x2, 0x5f,
    0xee, 0xf0, 0x0, 0x5, 0xfe, 0xfb, 0x0, 0x0,
    0x7d, 0xff, 0xff, 0xfd, 0x90, 0x0, 0x0, 0xaf,
    0xf3, 0x0, 0x0, 0x7f, 0xda, 0x7f, 0xa0, 0x0,
    0x0, 0x4, 0xff, 0xfb, 0x0, 0x0, 0x0, 0x0,
    0xf, 0xa0, 0x0, 0x0, 0x8f, 0xf9, 0xdf, 0xd2,
    0x0, 0x0, 0x0, 0xf, 0xa0, 0x0, 0x4d, 0xff,
    0x70, 0x1c, 0xff, 0x81, 0x0, 0x0, 0xf, 0xa0,
    0x5, 0xff, 0xe4, 0x0, 0x0, 0x9f, 0xf8, 0x0,
    0x0, 0xf, 0xa0, 0x0, 0xb7, 0x0, 0x0, 0x0,
    0x4, 0xc0,

    /* U+8F93 "输" */
    0x0, 0x4, 0x40, 0x0, 0x0, 0x0, 0x2, 0x20,
    0x0, 0x0, 0x0, 0x0, 0xc, 0xf0, 0x0, 0x0,
    0x0, 0xd, 0xf5, 0x0, 0x0, 0x0, 0x0, 0xf,
    0xc0, 0x0, 0x0, 0x0, 0xaf, 0xfe, 0x20, 0x0,
    0x0, 0x56, 0x8f, 0xc6, 0x61, 0x0, 0x8, 0xfb,
    0x4f, 0xe4, 0x0, 0x0, 0xef, 0xff, 0xff, 0xf4,
    0x0, 0x9f, 0xd1, 0x3, 0xef, 0x80, 0x0, 0x56,
    0xef, 0x66, 0x61, 0xb, 0xfd, 0x10, 0x0, 0x2d,
    0xfd, 0x50, 0x2, 0xfc, 0x0, 0x3, 0xdf, 0xef,
    0xff, 0xff, 0xff, 0xdf, 0xf7, 0x8, 0xf8, 0x73,
    0xb, 0xf7, 0x2b, 0xbb, 0xbb, 0xbb, 0x25, 0xc0,
    0xe, 0xf4, 0xf8, 0x2, 0x30, 0x0, 0x0, 0x0,
    0x0, 0x0, 0x0, 0x5f, 0xa2, 0xf8, 0x0, 0x8f,
    0xff, 0xff, 0x70, 0x0, 0x9f, 0x10, 0xcf, 0x76,
    0xfa, 0x41, 0x9f, 0xbb, 0xbf, 0x81, 0xf6, 0x9f,
    0x10, 0xbf, 0xff, 0xff, 0xf6, 0x9f, 0x0, 0x1f,
    0x81, 0xf6, 0x9f, 0x10, 0x25, 0x56, 0xfa, 0x51,
    0x9f, 0x66, 0x7f, 0x81, 0xf6, 0x9f, 0x10, 0x0,
    0x2, 0xf8, 0x0, 0x9f, 0xff, 0xff, 0x81, 0xf6,
    0x9f, 0x10, 0x0, 0x2, 0xf8, 0x30, 0x9f, 0x33,
    0x4f, 0x81, 0xf6, 0x9f, 0x10, 0x2, 0x59, 0xff,
    0xf3, 0x9f, 0x0, 0x1f, 0x81, 0xf6, 0x9f, 0x10,
    0xdf, 0xff, 0xfe, 0x92, 0x9f, 0xff, 0xff, 0x81,
    0xf6, 0x9f, 0x10, 0xae, 0xa8, 0xf8, 0x0, 0x9f,
    0x99, 0x9f, 0x81, 0xf6, 0x9f, 0x10, 0x0, 0x2,
    0xf8, 0x0, 0x9f, 0x0, 0x1f, 0x80, 0x94, 0x9f,
    0x10, 0x0, 0x2, 0xf8, 0x0, 0x9f, 0x0, 0x1f,
    0x80, 0x0, 0x9f, 0x10, 0x0, 0x2, 0xf8, 0x0,
    0x9f, 0x9, 0xbf, 0x60, 0xbb, 0xef, 0x0, 0x0,
    0x2, 0xf8, 0x0, 0x9f, 0xa, 0xfb, 0x0, 0x9e,
    0xf7, 0x0, 0x0, 0x0, 0x0, 0x0, 0x1, 0x0,
    0x0, 0x0, 0x0, 0x0, 0x0,

    /* U+8FA8 "辨" */
    0x0, 0x2, 0x40, 0x0, 0x0, 0x0, 0x46, 0x0,
    0x1, 0x40, 0x0, 0x0, 0x0, 0xef, 0x0, 0x0,
    0x0, 0xc, 0xf0, 0x0, 0xef, 0x0, 0x0, 0x0,
    0x9, 0xf6, 0x0, 0x0, 0x0, 0xcf, 0x0, 0x8,
    0xf6, 0x0, 0x0, 0x9b, 0xcf, 0xeb, 0xb4, 0x0,
    0xc, 0xf1, 0xbb, 0xcf, 0xeb, 0xb2, 0xe, 0xff,
    0xff, 0xff, 0x60, 0x0, 0xcf, 0x2f, 0xff, 0xff,
    0xff, 0x30, 0x2, 0x10, 0x6, 0x20, 0x1a, 0x5c,
    0xf0, 0x2, 0x10, 0x6, 0x20, 0x2, 0xf8, 0x4,
    0xf6, 0x2, 0xf8, 0xcf, 0x0, 0xf9, 0x4, 0xf6,
    0x0, 0xe, 0xc0, 0x7f, 0x20, 0x4f, 0x7c, 0xf0,
    0xd, 0xe0, 0x7f, 0x30, 0x0, 0xab, 0xa, 0xe0,
    0x6, 0xf5, 0xcf, 0x0, 0x9c, 0xa, 0xf0, 0x0,
    0x88, 0x88, 0xee, 0x84, 0x8f, 0x3c, 0xf2, 0x88,
    0x88, 0xee, 0x82, 0x1f, 0xff, 0xff, 0xff, 0x8b,
    0xf1, 0xcf, 0x3f, 0xff, 0xff, 0xff, 0x40, 0x0,
    0xf, 0xa0, 0x0, 0xed, 0xc, 0xf0, 0x0, 0x6f,
    0x80, 0x0, 0x0, 0x0, 0xfa, 0x0, 0xe, 0xa0,
    0xee, 0x0, 0x6, 0xf8, 0x0, 0x0, 0x1, 0x2f,
    0xa1, 0x0, 0x2, 0xf, 0xc0, 0x1, 0x6f, 0x81,
    0x10, 0x8, 0xff, 0xff, 0xff, 0x0, 0x4, 0xf9,
    0x8, 0xff, 0xff, 0xff, 0x0, 0x48, 0xbf, 0xb8,
    0x70, 0x0, 0x9f, 0x50, 0x48, 0xbf, 0xc8, 0x80,
    0x0, 0x8, 0xf3, 0x0, 0x0, 0xe, 0xf0, 0x0,
    0x6, 0xf8, 0x0, 0x0, 0x0, 0xdf, 0x0, 0x0,
    0x8, 0xf9, 0x0, 0x0, 0x6f, 0x80, 0x0, 0x0,
    0x6f, 0xa0, 0x0, 0x2, 0xff, 0x20, 0x0, 0x6,
    0xf8, 0x0, 0x0, 0x3f, 0xf3, 0x0, 0x0, 0xdf,
    0x70, 0x0, 0x0, 0x6f, 0x80, 0x0, 0xe, 0xf8,
    0x0, 0x0, 0xcf, 0xb0, 0x0, 0x0, 0x6, 0xf8,
    0x0, 0x0, 0x48, 0x0, 0x0, 0x5, 0xb0, 0x0,
    0x0, 0x0, 0x6f, 0x80, 0x0,

    /* U+8FB9 "边" */
    0x0, 0x0, 0x0, 0x0, 0x0, 0x0, 0x43, 0x0,
    0x0, 0x0, 0x0, 0x5, 0x30, 0x0, 0x0, 0x0,
    0x1, 0xfc, 0x0, 0x0, 0x0, 0x0, 0x3f, 0xf6,
    0x0, 0x0, 0x0, 0x2, 0xfb, 0x0, 0x0, 0x0,
    0x0, 0x8, 0xff, 0x70, 0x0, 0x0, 0x3, 0xfa,
    0x0, 0x0, 0x0, 0x0, 0x0, 0x6f, 0xd0, 0x0,
    0x0, 0x5, 0xf9, 0x0, 0x0, 0x0, 0x0, 0x0,
    0x6, 0x20, 0x5f, 0xff, 0xff, 0xff, 0xff, 0xff,
    0xfc, 0x0, 0x0, 0x0, 0x0, 0x3b, 0xbb, 0xbe,
    0xfd, 0xbb, 0xbc, 0xfc, 0x0, 0x0, 0x0, 0x0,
    0x0, 0x0, 0xa, 0xf5, 0x0, 0x2, 0xfc, 0x0,
    0x0, 0x0, 0x0, 0x0, 0x0, 0xd, 0xf2, 0x0,
    0x2, 0xfc, 0x0, 0xcf, 0xff, 0xe0, 0x0, 0x0,
    0xf, 0xf0, 0x0, 0x2, 0xfc, 0x0, 0x9b, 0xbf,
    0xe0, 0x0, 0x0, 0x5f, 0xb0, 0x0, 0x3, 0xfb,
    0x0, 0x0, 0xf, 0xe0, 0x0, 0x0, 0xbf, 0x50,
    0x0, 0x3, 0xfb, 0x0, 0x0, 0xf, 0xe0, 0x0,
    0x1, 0xff, 0x0, 0x0, 0x4, 0xfa, 0x0, 0x0,
    0xf, 0xe0, 0x0, 0xb, 0xf9, 0x0, 0x0, 0x5,
    0xf9, 0x0, 0x0, 0xf, 0xe0, 0x0, 0x6f, 0xe0,
    0x0, 0x0, 0x7, 0xf7, 0x0, 0x0, 0xf, 0xe0,
    0x5, 0xff, 0x50, 0x0, 0x0, 0xa, 0xf5, 0x0,
    0x0, 0xf, 0xe0, 0x5f, 0xf8, 0x0, 0x3, 0xed,
    0xdf, 0xf1, 0x0, 0x0, 0xf, 0xe0, 0x1b, 0x80,
    0x0, 0x0, 0xef, 0xfe, 0x40, 0x0, 0x0, 0x8f,
    0xfb, 0x20, 0x0, 0x0, 0x0, 0x0, 0x0, 0x0,
    0x0, 0xb, 0xff, 0xcf, 0xfb, 0x75, 0x43, 0x22,
    0x11, 0x11, 0x11, 0x10, 0xaf, 0xf4, 0x6, 0xef,
    0xff, 0xff, 0xff, 0xff, 0xff, 0xff, 0xf9, 0x2f,
    0x40, 0x0, 0x4, 0x8a, 0xde, 0xff, 0xff, 0xff,
    0xff, 0xf2, 0x1, 0x0, 0x0, 0x0, 0x0, 0x0,
    0x0, 0x0, 0x0, 0x0, 0x0,

    /* U+8FC7 "过" */
    0x0, 0x0, 0x0, 0x0, 0x0, 0x0, 0x0, 0x1,
    0x52, 0x0, 0x0, 0x0, 0x86, 0x0, 0x0, 0x0,
    0x0, 0x0, 0x0, 0x6f, 0x80, 0x0, 0x0, 0x3f,
    0xfa, 0x0, 0x0, 0x0, 0x0, 0x0, 0x6, 0xf8,
    0x0, 0x0, 0x0, 0x4f, 0xfa, 0x0, 0x0, 0x0,
    0x0, 0x0, 0x6f, 0x80, 0x0, 0x0, 0x0, 0x3f,
    0xc0, 0x2, 0xbb, 0xbb, 0xbb, 0xbd, 0xfd, 0xbb,
    0xb8, 0x0, 0x0, 0x31, 0x0, 0x4f, 0xff, 0xff,
    0xff, 0xff, 0xff, 0xff, 0xb0, 0x0, 0x0, 0x0,
    0x0, 0x0, 0x0, 0x0, 0x6, 0xf8, 0x0, 0x0,
    0x0, 0x0, 0x0, 0x0, 0x0, 0x0, 0x0, 0x0,
    0x6f, 0x80, 0x0, 0x0, 0x0, 0x0, 0x0, 0x0,
    0x6d, 0x50, 0x0, 0x6, 0xf8, 0x0, 0x0, 0xc,
    0xff, 0xfe, 0x0, 0x5, 0xfd, 0x0, 0x0, 0x6f,
    0x80, 0x0, 0x0, 0x9b, 0xbf, 0xe0, 0x0, 0xd,
    0xf4, 0x0, 0x6, 0xf8, 0x0, 0x0, 0x0, 0x0,
    0xfe, 0x0, 0x0, 0x7f, 0xa0, 0x0, 0x6f, 0x80,
    0x0, 0x0, 0x0, 0xf, 0xe0, 0x0, 0x2, 0xff,
    0x0, 0x6, 0xf8, 0x0, 0x0, 0x0, 0x0, 0xfe,
    0x0, 0x0, 0xd, 0xe2, 0x0, 0x6f, 0x80, 0x0,
    0x0, 0x0, 0xf, 0xe0, 0x0, 0x0, 0x10, 0x0,
    0x6, 0xf8, 0x0, 0x0, 0x0, 0x0, 0xfe, 0x0,
    0x0, 0x0, 0x0, 0x0, 0x6f, 0x80, 0x0, 0x0,
    0x0, 0xf, 0xe0, 0x0, 0x0, 0x0, 0x51, 0x9,
    0xf7, 0x0, 0x0, 0x0, 0x0, 0xfe, 0x0, 0x0,
    0x0, 0xd, 0xff, 0xff, 0x40, 0x0, 0x0, 0x0,
    0x6f, 0xfa, 0x10, 0x0, 0x0, 0x4a, 0xcb, 0x50,
    0x0, 0x0, 0x0, 0xaf, 0xfc, 0xff, 0xb6, 0x43,
    0x32, 0x21, 0x11, 0x11, 0x11, 0x10, 0xaf, 0xf3,
    0x6, 0xdf, 0xff, 0xff, 0xff, 0xff, 0xff, 0xff,
    0xfd, 0x2, 0xf4, 0x0, 0x0, 0x37, 0xad, 0xef,
    0xff, 0xff, 0xff, 0xff, 0x60, 0x1, 0x0, 0x0,
    0x0, 0x0, 0x0, 0x0, 0x0, 0x0, 0x0, 0x0,
    0x0,

    /* U+8FD0 "运" */
    0x7, 0x50, 0x0, 0x0, 0x8c, 0xcc, 0xcc, 0xcc,
    0xcc, 0xc2, 0x0, 0x3f, 0xf8, 0x0, 0x0, 0xaf,
    0xff, 0xff, 0xff, 0xff, 0xf3, 0x0, 0x5, 0xff,
    0x90, 0x0, 0x0, 0x0, 0x0, 0x0, 0x0, 0x0,
    0x0, 0x0, 0x4f, 0xc0, 0x0, 0x0, 0x0, 0x0,
    0x0, 0x0, 0x0, 0x0, 0x0, 0x4, 0x10, 0x0,
    0x0, 0x0, 0x0, 0x0, 0x0, 0x0, 0x0, 0x0,
    0x0, 0x0, 0x0, 0x0, 0x0, 0x0, 0x0, 0x0,
    0x0, 0x0, 0x0, 0x0, 0x0, 0x6e, 0xee, 0xee,
    0xee, 0xee, 0xee, 0xee, 0xe1, 0x0, 0x0, 0x0,
    0x6d, 0xdd, 0xdf, 0xfe, 0xdd, 0xdd, 0xdd, 0xd1,
    0xcf, 0xff, 0xe0, 0x0, 0x0, 0xf, 0xf2, 0x0,
    0x0, 0x0, 0x0, 0x9b, 0xbf, 0xe0, 0x0, 0x0,
    0x6f, 0xc0, 0x0, 0x10, 0x0, 0x0, 0x0, 0xf,
    0xe0, 0x0, 0x0, 0xcf, 0x50, 0x5, 0xe8, 0x0,
    0x0, 0x0, 0xf, 0xe0, 0x0, 0x4, 0xfd, 0x0,
    0x3, 0xff, 0x40, 0x0, 0x0, 0xf, 0xe0, 0x0,
    0xc, 0xf5, 0x0, 0x0, 0x7f, 0xe1, 0x0, 0x0,
    0xf, 0xe0, 0x0, 0x6f, 0xc0, 0x0, 0x1, 0x3d,
    0xfa, 0x0, 0x0, 0xf, 0xe0, 0x2, 0xff, 0xaa,
    0xce, 0xff, 0xff, 0xff, 0x30, 0x0, 0xf, 0xe0,
    0x1, 0xff, 0xff, 0xff, 0xfc, 0xa7, 0x9f, 0xc0,
    0x0, 0xf, 0xe0, 0x0, 0x77, 0x54, 0x31, 0x0,
    0x0, 0xd, 0x50, 0x0, 0x4f, 0xf9, 0x0, 0x0,
    0x0, 0x0, 0x0, 0x0, 0x0, 0x0, 0x8, 0xff,
    0xdf, 0xea, 0x64, 0x32, 0x22, 0x11, 0x11, 0x11,
    0x10, 0xaf, 0xf4, 0x7, 0xef, 0xff, 0xff, 0xff,
    0xff, 0xff, 0xff, 0xf7, 0x2f, 0x50, 0x0, 0x4,
    0x8b, 0xde, 0xff, 0xff, 0xff, 0xff, 0xf1, 0x1,
    0x0, 0x0, 0x0, 0x0, 0x0, 0x0, 0x0, 0x0,
    0x0, 0x0,

    /* U+8FD1 "近" */
    0x0, 0x0, 0x0, 0x0, 0x0, 0x0, 0x0, 0x0,
    0x0, 0x1, 0x0, 0x7, 0x50, 0x0, 0x0, 0x0,
    0x11, 0x34, 0x68, 0xad, 0xfd, 0x0, 0x3f, 0xf8,
    0x0, 0x0, 0xcf, 0xff, 0xff, 0xff, 0xff, 0xeb,
    0x30, 0x5, 0xff, 0x90, 0x0, 0xcf, 0xcb, 0xa9,
    0x76, 0x31, 0x0, 0x0, 0x0, 0x4f, 0xc0, 0x0,
    0xcf, 0x10, 0x0, 0x0, 0x0, 0x0, 0x0, 0x0,
    0x4, 0x10, 0x0, 0xcf, 0x10, 0x0, 0x0, 0x0,
    0x0, 0x0, 0x0, 0x0, 0x0, 0x0, 0xcf, 0x10,
    0x0, 0x0, 0x0, 0x0, 0x0, 0x0, 0x0, 0x0,
    0x0, 0xcf, 0xcb, 0xbb, 0xbb, 0xbb, 0xbb, 0xb4,
    0x0, 0x0, 0x0, 0x0, 0xdf, 0xff, 0xff, 0xff,
    0xff, 0xff, 0xf6, 0xcf, 0xff, 0xe0, 0x0, 0xef,
    0x10, 0x0, 0x3, 0xfc, 0x0, 0x0, 0x9b, 0xbf,
    0xe0, 0x0, 0xfe, 0x0, 0x0, 0x3, 0xfc, 0x0,
    0x0, 0x0, 0xf, 0xe0, 0x2, 0xfc, 0x0, 0x0,
    0x3, 0xfc, 0x0, 0x0, 0x0, 0xf, 0xe0, 0x6,
    0xf9, 0x0, 0x0, 0x3, 0xfc, 0x0, 0x0, 0x0,
    0xf, 0xe0, 0xa, 0xf5, 0x0, 0x0, 0x3, 0xfc,
    0x0, 0x0, 0x0, 0xf, 0xe0, 0xe, 0xf1, 0x0,
    0x0, 0x3, 0xfc, 0x0, 0x0, 0x0, 0xf, 0xe0,
    0x5f, 0xb0, 0x0, 0x0, 0x3, 0xfc, 0x0, 0x0,
    0x0, 0xf, 0xe0, 0x8f, 0x40, 0x0, 0x0, 0x3,
    0xfc, 0x0, 0x0, 0x0, 0xf, 0xe0, 0x6, 0x0,
    0x0, 0x0, 0x3, 0xfc, 0x0, 0x0, 0x0, 0x6f,
    0xfa, 0x10, 0x0, 0x0, 0x0, 0x0, 0x53, 0x0,
    0x0, 0xa, 0xff, 0xcf, 0xfa, 0x64, 0x32, 0x22,
    0x11, 0x11, 0x11, 0x10, 0xaf, 0xf4, 0x7, 0xef,
    0xff, 0xff, 0xff, 0xff, 0xff, 0xff, 0xf8, 0x2f,
    0x40, 0x0, 0x4, 0x8b, 0xde, 0xff, 0xff, 0xff,
    0xff, 0xf2, 0x1, 0x0, 0x0, 0x0, 0x0, 0x0,
    0x0, 0x0, 0x0, 0x0, 0x0,

    /* U+8FD4 "返" */
    0x0, 0x0, 0x0, 0x0, 0x0, 0x0, 0x0, 0x0,
    0x0, 0x41, 0x0, 0x7, 0x50, 0x0, 0x0, 0x0,
    0x1, 0x35, 0x79, 0xcf, 0xfa, 0x0, 0x3f, 0xf8,
    0x0, 0x0, 0xbf, 0xff, 0xff, 0xff, 0xfe, 0xb7,
    0x0, 0x5, 0xff, 0x90, 0x0, 0xcf, 0xca, 0x98,
    0x64, 0x10, 0x0, 0x0, 0x0, 0x4f, 0xc0, 0x0,
    0xcf, 0x10, 0x0, 0x0, 0x0, 0x0, 0x0, 0x0,
    0x4, 0x10, 0x0, 0xcf, 0x10, 0x0, 0x0, 0x0,
    0x0, 0x0, 0x0, 0x0, 0x0, 0x0, 0xcf, 0x87,
    0x77, 0x77, 0x77, 0x77, 0x0, 0x0, 0x0, 0x0,
    0x0, 0xcf, 0xff, 0xff, 0xff, 0xff, 0xff, 0x10,
    0x0, 0x0, 0x0, 0x0, 0xcf, 0x43, 0x33, 0x33,
    0x36, 0xfe, 0x0, 0xcf, 0xff, 0xe0, 0x0, 0xcf,
    0x80, 0x0, 0x0, 0xc, 0xf7, 0x0, 0x9b, 0xbf,
    0xe0, 0x0, 0xef, 0xfe, 0x60, 0x0, 0x5f, 0xe0,
    0x0, 0x0, 0xf, 0xe0, 0x0, 0xfd, 0x8f, 0xfc,
    0x32, 0xff, 0x40, 0x0, 0x0, 0xf, 0xe0, 0x3,
    0xfa, 0x2, 0xcf, 0xfe, 0xf9, 0x0, 0x0, 0x0,
    0xf, 0xe0, 0x8, 0xf6, 0x0, 0x7, 0xff, 0xf3,
    0x0, 0x0, 0x0, 0xf, 0xe0, 0xd, 0xf1, 0x0,
    0x2d, 0xff, 0xff, 0x40, 0x0, 0x0, 0xf, 0xe0,
    0x4f, 0xb0, 0x6, 0xff, 0xb1, 0xaf, 0xf6, 0x0,
    0x0, 0xf, 0xe0, 0xaf, 0x42, 0xbf, 0xf8, 0x0,
    0x6, 0xff, 0x80, 0x0, 0xf, 0xe0, 0x18, 0xc,
    0xfe, 0x40, 0x0, 0x0, 0x5f, 0xa0, 0x0, 0x2f,
    0xf6, 0x0, 0x3, 0x90, 0x0, 0x0, 0x0, 0x4,
    0x10, 0x7, 0xff, 0xdf, 0xd9, 0x54, 0x32, 0x21,
    0x11, 0x11, 0x11, 0x10, 0xaf, 0xf5, 0x8, 0xef,
    0xff, 0xff, 0xff, 0xff, 0xff, 0xff, 0xf8, 0x2f,
    0x50, 0x0, 0x4, 0x8b, 0xde, 0xff, 0xff, 0xff,
    0xff, 0xf1, 0x1, 0x0, 0x0, 0x0, 0x0, 0x0,
    0x0, 0x0, 0x0, 0x0, 0x0,

    /* U+8FD8 "还" */
    0x4, 0x20, 0x0, 0x2, 0x22, 0x22, 0x22, 0x22,
    0x22, 0x22, 0x20, 0x3f, 0xf5, 0x0, 0xd, 0xff,
    0xff, 0xff, 0xff, 0xff, 0xff, 0xf0, 0x8, 0xff,
    0x60, 0x8, 0xaa, 0xaa, 0xac, 0xfd, 0xaa, 0xaa,
    0xa0, 0x0, 0x6f, 0xe0, 0x0, 0x0, 0x0, 0xe,
    0xf3, 0x0, 0x0, 0x0, 0x0, 0x6, 0x20, 0x0,
    0x0, 0x0, 0x8f, 0xb0, 0x0, 0x0, 0x0, 0x0,
    0x0, 0x0, 0x0, 0x0, 0x3, 0xff, 0x90, 0x0,
    0x0, 0x0, 0x0, 0x0, 0x0, 0x0, 0x0, 0x1e,
    0xff, 0x90, 0x12, 0x0, 0x0, 0x0, 0x0, 0x0,
    0x0, 0x0, 0xbf, 0xdf, 0x92, 0xee, 0x20, 0x0,
    0xcf, 0xff, 0xe0, 0x0, 0xa, 0xfb, 0x5f, 0x90,
    0x9f, 0xe1, 0x0, 0x9b, 0xbf, 0xe0, 0x0, 0xaf,
    0xd1, 0x5f, 0x90, 0xa, 0xfd, 0x0, 0x0, 0xf,
    0xe0, 0x1b, 0xfd, 0x10, 0x5f, 0x90, 0x0, 0xbf,
    0xb0, 0x0, 0xf, 0xe0, 0xbf, 0xd1, 0x0, 0x5f,
    0x90, 0x0, 0x1e, 0xf4, 0x0, 0xf, 0xe0, 0x2c,
    0x10, 0x0, 0x5f, 0x90, 0x0, 0x3, 0x70, 0x0,
    0xf, 0xe0, 0x0, 0x0, 0x0, 0x5f, 0x90, 0x0,
    0x0, 0x0, 0x0, 0xf, 0xe0, 0x0, 0x0, 0x0,
    0x5f, 0x90, 0x0, 0x0, 0x0, 0x0, 0xf, 0xe0,
    0x0, 0x0, 0x0, 0x5f, 0x90, 0x0, 0x0, 0x0,
    0x0, 0xf, 0xe0, 0x0, 0x0, 0x0, 0x5f, 0x90,
    0x0, 0x0, 0x0, 0x0, 0x3f, 0xf7, 0x0, 0x0,
    0x0, 0x15, 0x30, 0x0, 0x0, 0x0, 0x8, 0xff,
    0xdf, 0xe9, 0x54, 0x32, 0x22, 0x11, 0x11, 0x11,
    0x10, 0xaf, 0xf5, 0x7, 0xef, 0xff, 0xff, 0xff,
    0xff, 0xff, 0xff, 0xf9, 0x2f, 0x50, 0x0, 0x4,
    0x8b, 0xde, 0xff, 0xff, 0xff, 0xff, 0xf2, 0x1,
    0x0, 0x0, 0x0, 0x0, 0x0, 0x0, 0x0, 0x0,
    0x0, 0x0,

    /* U+8FD9 "这" */
    0x0, 0x0, 0x0, 0x0, 0x0, 0x1, 0x66, 0x0,
    0x0, 0x0, 0x0, 0xa, 0x70, 0x0, 0x0, 0x0,
    0x2, 0xff, 0x30, 0x0, 0x0, 0x0, 0x3f, 0xfb,
    0x0, 0x0, 0x0, 0x0, 0x7f, 0xb0, 0x0, 0x0,
    0x0, 0x3, 0xef, 0xb0, 0x0, 0x0, 0x0, 0xd,
    0x80, 0x0, 0x0, 0x0, 0x0, 0x2e, 0xa0, 0xb,
    0xbb, 0xbb, 0xbb, 0xbb, 0xbb, 0xbb, 0xb0, 0x0,
    0x2, 0x0, 0xf, 0xff, 0xff, 0xff, 0xff, 0xff,
    0xff, 0xf0, 0x0, 0x0, 0x0, 0x0, 0x0, 0x0,
    0x0, 0x0, 0xfe, 0x0, 0x0, 0x0, 0x0, 0x0,
    0x0, 0x4, 0x0, 0x0, 0x1, 0xfc, 0x0, 0x0,
    0x0, 0x0, 0x0, 0x0, 0x7f, 0xb1, 0x0, 0x4,
    0xfa, 0x0, 0x0, 0xcf, 0xff, 0xe0, 0x0, 0xb,
    0xfe, 0x40, 0x9, 0xf6, 0x0, 0x0, 0x9b, 0xbf,
    0xe0, 0x0, 0x0, 0x8f, 0xf7, 0xe, 0xf2, 0x0,
    0x0, 0x0, 0xf, 0xe0, 0x0, 0x0, 0x5, 0xff,
    0xef, 0xc0, 0x0, 0x0, 0x0, 0xf, 0xe0, 0x0,
    0x0, 0x0, 0x2e, 0xff, 0x50, 0x0, 0x0, 0x0,
    0xf, 0xe0, 0x0, 0x0, 0x0, 0x4f, 0xff, 0xd1,
    0x0, 0x0, 0x0, 0xf, 0xe0, 0x0, 0x0, 0x19,
    0xff, 0xac, 0xfd, 0x10, 0x0, 0x0, 0xf, 0xe0,
    0x0, 0x39, 0xff, 0xf8, 0x1, 0xdf, 0xd1, 0x0,
    0x0, 0xf, 0xe0, 0xd, 0xff, 0xfd, 0x40, 0x0,
    0x1d, 0xfd, 0x0, 0x0, 0xf, 0xe0, 0x7, 0xfb,
    0x50, 0x0, 0x0, 0x2, 0xe6, 0x0, 0x0, 0x2f,
    0xf6, 0x0, 0x0, 0x0, 0x0, 0x0, 0x0, 0x10,
    0x0, 0x7, 0xff, 0xdf, 0xd9, 0x54, 0x32, 0x21,
    0x11, 0x11, 0x11, 0x10, 0xaf, 0xf5, 0x8, 0xef,
    0xff, 0xff, 0xff, 0xff, 0xff, 0xff, 0xf9, 0x2f,
    0x50, 0x0, 0x4, 0x8b, 0xde, 0xff, 0xff, 0xff,
    0xff, 0xf2, 0x1, 0x0, 0x0, 0x0, 0x0, 0x0,
    0x0, 0x0, 0x0, 0x0, 0x0,

    /* U+8FDB "进" */
    0x0, 0x0, 0x0, 0x0, 0x0, 0x11, 0x0, 0x0,
    0x10, 0x0, 0x0, 0x4, 0x20, 0x0, 0x0, 0x0,
    0xef, 0x0, 0xa, 0xf4, 0x0, 0x0, 0x3f, 0xf5,
    0x0, 0x0, 0x0, 0xef, 0x0, 0xa, 0xf4, 0x0,
    0x0, 0x9, 0xff, 0x50, 0x0, 0x0, 0xef, 0x0,
    0xa, 0xf4, 0x0, 0x0, 0x0, 0x7f, 0xd0, 0x4,
    0x44, 0xef, 0x44, 0x4b, 0xf7, 0x44, 0x40, 0x0,
    0x7, 0x30, 0x2f, 0xff, 0xff, 0xff, 0xff, 0xff,
    0xff, 0xf0, 0x0, 0x0, 0x0, 0x18, 0x88, 0xff,
    0x88, 0x8d, 0xfa, 0x88, 0x80, 0x0, 0x0, 0x0,
    0x0, 0x0, 0xef, 0x0, 0xa, 0xf4, 0x0, 0x0,
    0x0, 0x0, 0x0, 0x0, 0x0, 0xef, 0x0, 0xa,
    0xf4, 0x0, 0x0, 0xad, 0xdd, 0xc0, 0x0, 0x0,
    0xef, 0x0, 0xa, 0xf4, 0x0, 0x0, 0xbf, 0xff,
    0xe0, 0x57, 0x77, 0xef, 0x77, 0x7c, 0xf9, 0x77,
    0x71, 0x0, 0xf, 0xe0, 0xdf, 0xff, 0xff, 0xff,
    0xff, 0xff, 0xff, 0xf4, 0x0, 0xf, 0xe0, 0x45,
    0x57, 0xfe, 0x55, 0x5c, 0xf8, 0x55, 0x51, 0x0,
    0xf, 0xe0, 0x0, 0x6, 0xfa, 0x0, 0xa, 0xf4,
    0x0, 0x0, 0x0, 0xf, 0xe0, 0x0, 0xc, 0xf5,
    0x0, 0xa, 0xf4, 0x0, 0x0, 0x0, 0xf, 0xe0,
    0x0, 0x5f, 0xe0, 0x0, 0xa, 0xf4, 0x0, 0x0,
    0x0, 0xf, 0xe0, 0x2, 0xef, 0x60, 0x0, 0xa,
    0xf4, 0x0, 0x0, 0x0, 0xf, 0xe0, 0x2e, 0xfb,
    0x0, 0x0, 0xa, 0xf4, 0x0, 0x0, 0x0, 0x3f,
    0xf7, 0x2c, 0xc0, 0x0, 0x0, 0x8, 0xd3, 0x0,
    0x0, 0x8, 0xff, 0xdf, 0xea, 0x64, 0x32, 0x21,
    0x11, 0x11, 0x11, 0x10, 0xaf, 0xf4, 0x7, 0xef,
    0xff, 0xff, 0xff, 0xff, 0xff, 0xff, 0xf6, 0x2f,
    0x50, 0x0, 0x4, 0x8b, 0xde, 0xff, 0xff, 0xff,
    0xff, 0xe0, 0x1, 0x0, 0x0, 0x0, 0x0, 0x0,
    0x0, 0x0, 0x0, 0x0, 0x0,

    /* U+8FDE "连" */
    0x0, 0x0, 0x0, 0x0, 0x0, 0x1, 0x52, 0x0,
    0x0, 0x0, 0x0, 0x0, 0x75, 0x0, 0x0, 0x0,
    0x0, 0x6f, 0x80, 0x0, 0x0, 0x0, 0x0, 0x3f,
    0xf8, 0x0, 0x0, 0x0, 0xc, 0xf3, 0x0, 0x0,
    0x0, 0x0, 0x0, 0x6f, 0xf9, 0x0, 0xcf, 0xff,
    0xff, 0xff, 0xff, 0xff, 0xf7, 0x0, 0x0, 0x4f,
    0xc0, 0x8, 0xbb, 0xff, 0xdb, 0xbb, 0xbb, 0xbb,
    0x50, 0x0, 0x0, 0x41, 0x0, 0x0, 0x1f, 0xf1,
    0x0, 0x0, 0x0, 0x0, 0x0, 0x0, 0x0, 0x0,
    0x0, 0x9, 0xf9, 0x8, 0xf4, 0x0, 0x0, 0x0,
    0x0, 0x0, 0x0, 0x0, 0x3, 0xff, 0x20, 0x9f,
    0x40, 0x0, 0x0, 0x0, 0x1, 0x11, 0x0, 0x0,
    0xdf, 0x70, 0x9, 0xf4, 0x0, 0x0, 0x0, 0xc,
    0xff, 0xfe, 0x0, 0x3f, 0xfe, 0xee, 0xff, 0xee,
    0xee, 0xe1, 0x0, 0x8b, 0xbf, 0xe0, 0x0, 0xde,
    0xee, 0xef, 0xfe, 0xee, 0xee, 0x10, 0x0, 0x0,
    0xfe, 0x0, 0x0, 0x0, 0x0, 0x9f, 0x40, 0x0,
    0x0, 0x0, 0x0, 0xf, 0xe0, 0x0, 0x0, 0x0,
    0x9, 0xf4, 0x0, 0x0, 0x0, 0x0, 0x0, 0xfe,
    0x1, 0x44, 0x44, 0x44, 0xaf, 0x74, 0x44, 0x44,
    0x0, 0x0, 0xf, 0xe0, 0x3f, 0xff, 0xff, 0xff,
    0xff, 0xff, 0xff, 0xe0, 0x0, 0x0, 0xfe, 0x1,
    0x88, 0x88, 0x88, 0xcf, 0xa8, 0x88, 0x87, 0x0,
    0x0, 0xf, 0xe0, 0x0, 0x0, 0x0, 0x9, 0xf4,
    0x0, 0x0, 0x0, 0x0, 0x0, 0xfe, 0x0, 0x0,
    0x0, 0x0, 0x9f, 0x40, 0x0, 0x0, 0x0, 0x0,
    0x6f, 0xfa, 0x10, 0x0, 0x0, 0x9, 0xf4, 0x0,
    0x0, 0x0, 0x0, 0xaf, 0xea, 0xff, 0xa6, 0x43,
    0x32, 0x22, 0x11, 0x11, 0x11, 0x10, 0xaf, 0xf3,
    0x5, 0xdf, 0xff, 0xff, 0xff, 0xff, 0xff, 0xff,
    0xfc, 0x2, 0xf4, 0x0, 0x0, 0x37, 0xad, 0xef,
    0xff, 0xff, 0xff, 0xff, 0x50, 0x1, 0x0, 0x0,
    0x0, 0x0, 0x0, 0x0, 0x0, 0x0, 0x0, 0x0,
    0x0,

    /* U+8FF0 "述" */
    0x0, 0x0, 0x0, 0x0, 0x0, 0x0, 0x3, 0x20,
    0x0, 0x0, 0x0, 0x5, 0x20, 0x0, 0x0, 0x0,
    0x0, 0x1f, 0xc0, 0x3c, 0x80, 0x0, 0x3f, 0xf6,
    0x0, 0x0, 0x0, 0x0, 0x1f, 0xc0, 0x1f, 0xf4,
    0x0, 0x8, 0xff, 0x60, 0x0, 0x0, 0x0, 0x1f,
    0xc0, 0x6, 0xfa, 0x0, 0x0, 0x6f, 0xd0, 0x2,
    0x33, 0x33, 0x4f, 0xd3, 0x33, 0x63, 0x20, 0x0,
    0x6, 0x20, 0xe, 0xff, 0xff, 0xff, 0xff, 0xff,
    0xff, 0xc0, 0x0, 0x0, 0x0, 0x8, 0x99, 0x99,
    0xdf, 0xe9, 0x99, 0x99, 0x70, 0x0, 0x0, 0x0,
    0x0, 0x0, 0x0, 0xef, 0xc0, 0x0, 0x0, 0x0,
    0x0, 0x0, 0x0, 0x0, 0x0, 0x7, 0xff, 0xc1,
    0x93, 0x0, 0x0, 0xbe, 0xee, 0xc0, 0x0, 0x0,
    0x1e, 0xef, 0xc3, 0xfd, 0x0, 0x0, 0xbe, 0xef,
    0xe0, 0x0, 0x0, 0xaf, 0x6f, 0xc0, 0x8f, 0x90,
    0x0, 0x0, 0xf, 0xe0, 0x0, 0x5, 0xfb, 0x1f,
    0xc0, 0xd, 0xf4, 0x0, 0x0, 0xf, 0xe0, 0x0,
    0x2f, 0xf2, 0x1f, 0xc0, 0x4, 0xfd, 0x0, 0x0,
    0xf, 0xe0, 0x1, 0xdf, 0x60, 0x1f, 0xc0, 0x0,
    0xcf, 0x50, 0x0, 0xf, 0xe0, 0x1d, 0xfa, 0x0,
    0x1f, 0xc0, 0x0, 0x5f, 0xd0, 0x0, 0xf, 0xe0,
    0x7f, 0xc0, 0x0, 0x1f, 0xc0, 0x0, 0xd, 0xf3,
    0x0, 0xf, 0xe0, 0x9, 0x10, 0x0, 0x1f, 0xc0,
    0x0, 0x2, 0x0, 0x0, 0xf, 0xe0, 0x0, 0x0,
    0x0, 0x1f, 0xc0, 0x0, 0x0, 0x0, 0x0, 0x3f,
    0xf8, 0x0, 0x0, 0x0, 0x1f, 0xb0, 0x0, 0x0,
    0x0, 0x8, 0xff, 0xcf, 0xe9, 0x54, 0x32, 0x21,
    0x11, 0x11, 0x11, 0x10, 0xaf, 0xf4, 0x7, 0xef,
    0xff, 0xff, 0xff, 0xff, 0xff, 0xff, 0xf8, 0x2f,
    0x40, 0x0, 0x4, 0x8b, 0xde, 0xff, 0xff, 0xff,
    0xff, 0xf1, 0x1, 0x0, 0x0, 0x0, 0x0, 0x0,
    0x0, 0x0, 0x0, 0x0, 0x0,

    /* U+8FF9 "迹" */
    0x0, 0x0, 0x0, 0x0, 0x0, 0x0, 0x5, 0x30,
    0x0, 0x0, 0x0, 0x7, 0x40, 0x0, 0x0, 0x0,
    0x0, 0x6f, 0xb0, 0x0, 0x0, 0x0, 0x3f, 0xf8,
    0x0, 0x0, 0x0, 0x0, 0xf, 0xf1, 0x0, 0x0,
    0x0, 0x6, 0xff, 0x90, 0x0, 0x0, 0x0, 0x8,
    0x60, 0x0, 0x0, 0x0, 0x0, 0x4f, 0xc0, 0xc,
    0xdd, 0xdd, 0xdd, 0xdd, 0xdd, 0xdd, 0xd3, 0x0,
    0x4, 0x10, 0xe, 0xff, 0xff, 0xff, 0xff, 0xff,
    0xff, 0xf3, 0x0, 0x0, 0x0, 0x0, 0x0, 0x2f,
    0xa0, 0x2f, 0xb0, 0x0, 0x0, 0x0, 0x0, 0x0,
    0x0, 0x0, 0x3f, 0xa0, 0x2f, 0xb0, 0x0, 0x0,
    0x0, 0x0, 0x0, 0x0, 0xb6, 0x3f, 0x90, 0x2f,
    0xb0, 0x74, 0x0, 0xcf, 0xff, 0xe0, 0x5, 0xf9,
    0x4f, 0x90, 0x2f, 0xb2, 0xfc, 0x0, 0x9b, 0xbf,
    0xe0, 0xb, 0xf4, 0x5f, 0x80, 0x2f, 0xb0, 0xbf,
    0x40, 0x0, 0xf, 0xe0, 0x2f, 0xd0, 0x6f, 0x80,
    0x2f, 0xb0, 0x4f, 0xb0, 0x0, 0xf, 0xe0, 0x9f,
    0x70, 0x9f, 0x60, 0x2f, 0xb0, 0xe, 0xf1, 0x0,
    0xf, 0xe1, 0xfe, 0x0, 0xdf, 0x30, 0x2f, 0xb0,
    0x9, 0xf6, 0x0, 0xf, 0xe0, 0x66, 0x4, 0xfd,
    0x0, 0x2f, 0xb0, 0x4, 0xd4, 0x0, 0xf, 0xe0,
    0x0, 0xd, 0xf6, 0x0, 0x2f, 0xb0, 0x0, 0x0,
    0x0, 0xf, 0xe0, 0x1, 0xcf, 0xc0, 0x12, 0x7f,
    0xb0, 0x0, 0x0, 0x0, 0xf, 0xe0, 0x9, 0xfd,
    0x10, 0x5f, 0xff, 0x80, 0x0, 0x0, 0x0, 0x6f,
    0xfa, 0x10, 0x80, 0x0, 0x1b, 0xb8, 0x0, 0x0,
    0x0, 0xa, 0xff, 0xcf, 0xfa, 0x64, 0x32, 0x22,
    0x11, 0x11, 0x11, 0x10, 0xaf, 0xf3, 0x6, 0xef,
    0xff, 0xff, 0xff, 0xff, 0xff, 0xff, 0xf7, 0x2f,
    0x40, 0x0, 0x4, 0x8b, 0xde, 0xff, 0xff, 0xff,
    0xff, 0xf0, 0x1, 0x0, 0x0, 0x0, 0x0, 0x0,
    0x0, 0x0, 0x0, 0x0, 0x0,

    /* U+8FFD "追" */
    0x0, 0x0, 0x0, 0x0, 0x0, 0x0, 0x33, 0x0,
    0x0, 0x0, 0x0, 0x5, 0x30, 0x0, 0x0, 0x0,
    0x0, 0xcf, 0x30, 0x0, 0x0, 0x0, 0x3f, 0xf7,
    0x0, 0x0, 0x0, 0x0, 0xfe, 0x0, 0x0, 0x0,
    0x0, 0x7, 0xff, 0x80, 0x0, 0xbb, 0xbc, 0xfe,
    0xbb, 0xbb, 0xb0, 0x0, 0x0, 0x5f, 0xd0, 0x0,
    0xff, 0xff, 0xff, 0xff, 0xff, 0xf1, 0x0, 0x0,
    0x4, 0x20, 0x0, 0xfe, 0x0, 0x0, 0x0, 0xc,
    0xf1, 0x0, 0x0, 0x0, 0x0, 0x0, 0xfe, 0x0,
    0x0, 0x0, 0xc, 0xf1, 0x0, 0x0, 0x0, 0x0,
    0x0, 0xff, 0xbb, 0xbb, 0xbb, 0xbf, 0xf1, 0x0,
    0x23, 0x33, 0x30, 0x0, 0xff, 0xff, 0xff, 0xff,
    0xff, 0xf1, 0x0, 0xcf, 0xff, 0xe0, 0x0, 0xfe,
    0x0, 0x0, 0x0, 0x0, 0x0, 0x0, 0x8a, 0xaf,
    0xe0, 0x0, 0xfe, 0x0, 0x0, 0x0, 0x0, 0x0,
    0x0, 0x0, 0xf, 0xe0, 0x0, 0xff, 0xbb, 0xbb,
    0xbb, 0xbb, 0xb6, 0x0, 0x0, 0xf, 0xe0, 0x0,
    0xff, 0xff, 0xff, 0xff, 0xff, 0xf8, 0x0, 0x0,
    0xf, 0xe0, 0x0, 0xfe, 0x0, 0x0, 0x0, 0x3,
    0xf8, 0x0, 0x0, 0xf, 0xe0, 0x0, 0xfe, 0x0,
    0x0, 0x0, 0x3, 0xf8, 0x0, 0x0, 0xf, 0xe0,
    0x0, 0xff, 0xaa, 0xaa, 0xaa, 0xab, 0xf8, 0x0,
    0x0, 0xf, 0xe0, 0x0, 0xff, 0xff, 0xff, 0xff,
    0xff, 0xf8, 0x0, 0x0, 0xf, 0xe0, 0x0, 0x22,
    0x22, 0x22, 0x22, 0x22, 0x21, 0x0, 0x0, 0x5f,
    0xfa, 0x0, 0x0, 0x0, 0x0, 0x0, 0x0, 0x0,
    0x0, 0x8, 0xff, 0xdf, 0xe9, 0x53, 0x21, 0x10,
    0x0, 0x0, 0x0, 0x0, 0xaf, 0xf5, 0x8, 0xff,
    0xff, 0xff, 0xff, 0xff, 0xff, 0xff, 0xf7, 0x3f,
    0x60, 0x0, 0x5, 0x8b, 0xde, 0xff, 0xff, 0xff,
    0xff, 0xf0, 0x2, 0x0, 0x0, 0x0, 0x0, 0x0,
    0x0, 0x0, 0x0, 0x0, 0x0,

    /* U+9002 "适" */
    0x0, 0x0, 0x0, 0x0, 0x0, 0x0, 0x0, 0x0,
    0x0, 0x0, 0x0, 0x6, 0x40, 0x0, 0x0, 0x0,
    0x23, 0x57, 0x9a, 0xce, 0xf8, 0x0, 0x3f, 0xf8,
    0x0, 0x7, 0xef, 0xff, 0xff, 0xff, 0xfd, 0xa8,
    0x0, 0x6, 0xff, 0x90, 0x2, 0xec, 0xb9, 0x8f,
    0xf2, 0x0, 0x0, 0x0, 0x0, 0x4f, 0xd0, 0x0,
    0x0, 0x0, 0xf, 0xf0, 0x0, 0x0, 0x0, 0x0,
    0x5, 0x20, 0x0, 0x0, 0x0, 0xf, 0xf0, 0x0,
    0x0, 0x0, 0x0, 0x0, 0x0, 0x1b, 0xbb, 0xbb,
    0xbf, 0xfb, 0xbb, 0xbb, 0xb2, 0x0, 0x0, 0x0,
    0x1f, 0xff, 0xff, 0xff, 0xff, 0xff, 0xff, 0xf3,
    0x11, 0x11, 0x10, 0x0, 0x0, 0x0, 0xf, 0xf0,
    0x0, 0x0, 0x0, 0xcf, 0xff, 0xe0, 0x0, 0x0,
    0x0, 0xf, 0xf0, 0x0, 0x0, 0x0, 0x68, 0x8f,
    0xe0, 0x0, 0x99, 0x99, 0x9f, 0xf9, 0x99, 0x95,
    0x0, 0x0, 0xf, 0xe0, 0x0, 0xff, 0xff, 0xff,
    0xff, 0xff, 0xfa, 0x0, 0x0, 0xf, 0xe0, 0x0,
    0xff, 0x11, 0x11, 0x11, 0x16, 0xfa, 0x0, 0x0,
    0xf, 0xe0, 0x0, 0xff, 0x0, 0x0, 0x0, 0x5,
    0xfa, 0x0, 0x0, 0xf, 0xe0, 0x0, 0xff, 0x0,
    0x0, 0x0, 0x5, 0xfa, 0x0, 0x0, 0xf, 0xe0,
    0x0, 0xff, 0x0, 0x0, 0x0, 0x5, 0xfa, 0x0,
    0x0, 0xf, 0xe0, 0x0, 0xff, 0xff, 0xff, 0xff,
    0xff, 0xfa, 0x0, 0x0, 0xf, 0xe0, 0x0, 0xaa,
    0xaa, 0xaa, 0xaa, 0xaa, 0xa6, 0x0, 0x0, 0x4f,
    0xf9, 0x0, 0x0, 0x0, 0x0, 0x0, 0x0, 0x0,
    0x0, 0x9, 0xff, 0xdf, 0xfa, 0x64, 0x32, 0x22,
    0x11, 0x11, 0x11, 0x10, 0xaf, 0xf4, 0x7, 0xef,
    0xff, 0xff, 0xff, 0xff, 0xff, 0xff, 0xf9, 0x2f,
    0x50, 0x0, 0x4, 0x8b, 0xde, 0xff, 0xff, 0xff,
    0xff, 0xf2, 0x1, 0x0, 0x0, 0x0, 0x0, 0x0,
    0x0, 0x0, 0x0, 0x0, 0x0,

    /* U+9009 "选" */
    0x0, 0x0, 0x0, 0x0, 0x0, 0x0, 0x6, 0x40,
    0x0, 0x0, 0x0, 0x5, 0x30, 0x0, 0x0, 0xb,
    0x70, 0x2f, 0xc0, 0x0, 0x0, 0x0, 0x3f, 0xf6,
    0x0, 0x0, 0x3f, 0xa0, 0x2f, 0xc0, 0x0, 0x0,
    0x0, 0x8, 0xff, 0x60, 0x0, 0x9f, 0x61, 0x3f,
    0xc1, 0x11, 0x10, 0x0, 0x0, 0x6f, 0xe0, 0x1,
    0xff, 0xff, 0xff, 0xff, 0xff, 0xf8, 0x0, 0x0,
    0x7, 0x30, 0x8, 0xfd, 0xbb, 0xbf, 0xeb, 0xbb,
    0xb5, 0x0, 0x0, 0x0, 0x0, 0x2f, 0xe1, 0x0,
    0x2f, 0xc0, 0x0, 0x0, 0x0, 0x0, 0x0, 0x0,
    0x9, 0x60, 0x0, 0x2f, 0xc0, 0x0, 0x0, 0x0,
    0x0, 0x0, 0x0, 0x56, 0x66, 0x66, 0x7f, 0xd6,
    0x66, 0x66, 0x60, 0xcf, 0xff, 0xe0, 0xef, 0xff,
    0xff, 0xff, 0xff, 0xff, 0xff, 0xf0, 0x9b, 0xbf,
    0xe0, 0x55, 0x55, 0xbf, 0x85, 0xef, 0x65, 0x55,
    0x50, 0x0, 0xf, 0xe0, 0x0, 0x0, 0xbf, 0x20,
    0xdf, 0x10, 0x0, 0x0, 0x0, 0xf, 0xe0, 0x0,
    0x0, 0xef, 0x0, 0xdf, 0x10, 0x0, 0x0, 0x0,
    0xf, 0xe0, 0x0, 0x6, 0xfb, 0x0, 0xdf, 0x10,
    0x0, 0x0, 0x0, 0xf, 0xe0, 0x0, 0x3e, 0xf5,
    0x0, 0xdf, 0x10, 0x8, 0xd2, 0x0, 0xf, 0xe0,
    0x6, 0xff, 0xc0, 0x0, 0xdf, 0x10, 0x9, 0xf3,
    0x0, 0xf, 0xe0, 0xbf, 0xfd, 0x10, 0x0, 0xcf,
    0xb8, 0xaf, 0xf0, 0x0, 0xf, 0xe0, 0x2f, 0x91,
    0x0, 0x0, 0x5e, 0xff, 0xff, 0x70, 0x0, 0x7f,
    0xfb, 0x10, 0x0, 0x0, 0x0, 0x0, 0x12, 0x10,
    0x0, 0xa, 0xff, 0xcf, 0xfb, 0x64, 0x33, 0x22,
    0x11, 0x11, 0x11, 0x10, 0xaf, 0xf4, 0x7, 0xef,
    0xff, 0xff, 0xff, 0xff, 0xff, 0xff, 0xf9, 0x2f,
    0x40, 0x0, 0x4, 0x8b, 0xde, 0xff, 0xff, 0xff,
    0xff, 0xf2, 0x1, 0x0, 0x0, 0x0, 0x0, 0x0,
    0x0, 0x0, 0x0, 0x0, 0x0,

    /* U+9014 "途" */
    0x0, 0x0, 0x0, 0x0, 0x0, 0x0, 0x48, 0x20,
    0x0, 0x0, 0x0, 0x8, 0x60, 0x0, 0x0, 0x0,
    0x3, 0xff, 0x50, 0x0, 0x0, 0x0, 0x3f, 0xfa,
    0x0, 0x0, 0x0, 0x4f, 0xff, 0xf8, 0x0, 0x0,
    0x0, 0x4, 0xff, 0xa0, 0x0, 0x6, 0xff, 0x52,
    0xcf, 0xe6, 0x0, 0x0, 0x0, 0x3f, 0xb0, 0x1,
    0xbf, 0xe4, 0x0, 0x6, 0xff, 0xe7, 0x10, 0x0,
    0x3, 0x10, 0x7f, 0xfb, 0x10, 0x0, 0x0, 0x19,
    0xff, 0xf8, 0x0, 0x0, 0x4, 0xfd, 0x59, 0xff,
    0xff, 0xff, 0xfb, 0x18, 0xf4, 0x0, 0x0, 0x0,
    0x20, 0x6, 0xaa, 0xcf, 0xca, 0xa7, 0x0, 0x0,
    0x11, 0x11, 0x10, 0x0, 0x0, 0x0, 0x5f, 0x70,
    0x0, 0x0, 0x0, 0xcf, 0xff, 0xe0, 0x0, 0x0,
    0x0, 0x5f, 0x70, 0x0, 0x0, 0x0, 0x8b, 0xbf,
    0xe0, 0x2f, 0xff, 0xff, 0xff, 0xff, 0xff, 0xff,
    0x30, 0x0, 0xf, 0xe0, 0x19, 0x99, 0x99, 0xbf,
    0xc9, 0x99, 0x99, 0x10, 0x0, 0xf, 0xe0, 0x0,
    0x4, 0x10, 0x5f, 0x70, 0x22, 0x0, 0x0, 0x0,
    0xf, 0xe0, 0x0, 0x3f, 0xc0, 0x5f, 0x70, 0xef,
    0x40, 0x0, 0x0, 0xf, 0xe0, 0x2, 0xef, 0x30,
    0x5f, 0x70, 0x4f, 0xf4, 0x0, 0x0, 0xf, 0xe0,
    0x3e, 0xf7, 0x0, 0x5f, 0x70, 0x5, 0xff, 0x30,
    0x0, 0xf, 0xe0, 0x5f, 0x80, 0x10, 0x6f, 0x70,
    0x0, 0x9f, 0x60, 0x0, 0xf, 0xe0, 0x4, 0x0,
    0xef, 0xff, 0x50, 0x0, 0x5, 0x0, 0x0, 0x6f,
    0xfa, 0x10, 0x0, 0x6a, 0xa6, 0x0, 0x0, 0x0,
    0x0, 0xa, 0xff, 0xcf, 0xfa, 0x64, 0x32, 0x22,
    0x11, 0x11, 0x11, 0x10, 0xaf, 0xf4, 0x6, 0xef,
    0xff, 0xff, 0xff, 0xff, 0xff, 0xff, 0xf9, 0x2f,
    0x40, 0x0, 0x4, 0x8a, 0xde, 0xff, 0xff, 0xff,
    0xff, 0xf2, 0x1, 0x0, 0x0, 0x0, 0x0, 0x0,
    0x0, 0x0, 0x0, 0x0, 0x0,

    /* U+901A "通" */
    0x9, 0x60, 0x0, 0xa, 0xff, 0xff, 0xff, 0xff,
    0xff, 0xff, 0x80, 0x3f, 0xfa, 0x0, 0x7, 0xaa,
    0xaa, 0xaa, 0xaa, 0xaf, 0xff, 0x50, 0x5, 0xff,
    0xa0, 0x0, 0x0, 0x9, 0x90, 0x5, 0xdf, 0xc2,
    0x0, 0x0, 0x4f, 0xc0, 0x0, 0x0, 0x3d, 0xfe,
    0xcf, 0xe7, 0x0, 0x0, 0x0, 0x5, 0x20, 0x0,
    0x0, 0x1, 0x8f, 0xfc, 0x10, 0x0, 0x0, 0x0,
    0x0, 0x0, 0xb, 0xff, 0xff, 0xff, 0xff, 0xff,
    0xff, 0xd0, 0x0, 0x0, 0x0, 0xb, 0xfa, 0xaa,
    0xaf, 0xfa, 0xaa, 0xaf, 0xd0, 0x0, 0x0, 0x0,
    0xb, 0xf1, 0x0, 0xf, 0xf0, 0x0, 0xf, 0xd0,
    0xcf, 0xff, 0xe0, 0xb, 0xfc, 0xcc, 0xcf, 0xfc,
    0xcc, 0xcf, 0xd0, 0x9b, 0xbf, 0xe0, 0xb, 0xfc,
    0xbb, 0xbf, 0xfb, 0xbb, 0xbf, 0xd0, 0x0, 0xf,
    0xe0, 0xb, 0xf1, 0x0, 0xf, 0xf0, 0x0, 0xf,
    0xd0, 0x0, 0xf, 0xe0, 0xb, 0xf7, 0x77, 0x7f,
    0xf7, 0x77, 0x7f, 0xd0, 0x0, 0xf, 0xe0, 0xb,
    0xff, 0xff, 0xff, 0xff, 0xff, 0xff, 0xd0, 0x0,
    0xf, 0xe0, 0xb, 0xf1, 0x0, 0xf, 0xf0, 0x0,
    0x1f, 0xd0, 0x0, 0xf, 0xe0, 0xb, 0xf1, 0x0,
    0xf, 0xf0, 0x0, 0xf, 0xd0, 0x0, 0xf, 0xe0,
    0xb, 0xf1, 0x0, 0xf, 0xf0, 0x43, 0x4f, 0xd0,
    0x0, 0xf, 0xe0, 0xb, 0xf1, 0x0, 0xf, 0xf0,
    0xef, 0xff, 0x80, 0x0, 0x5f, 0xf9, 0x2, 0x40,
    0x0, 0x0, 0x0, 0x35, 0x64, 0x0, 0x9, 0xff,
    0xcf, 0xea, 0x64, 0x32, 0x22, 0x11, 0x11, 0x11,
    0x10, 0xaf, 0xf4, 0x7, 0xef, 0xff, 0xff, 0xff,
    0xff, 0xff, 0xff, 0xf9, 0x2f, 0x40, 0x0, 0x4,
    0x8b, 0xde, 0xff, 0xff, 0xff, 0xff, 0xf2, 0x1,
    0x0, 0x0, 0x0, 0x0, 0x0, 0x0, 0x0, 0x0,
    0x0, 0x0,

    /* U+901F "速" */
    0x0, 0x0, 0x0, 0x0, 0x0, 0x0, 0x6, 0x70,
    0x0, 0x0, 0x0, 0x7, 0x50, 0x0, 0x0, 0x0,
    0x0, 0xd, 0xf0, 0x0, 0x0, 0x0, 0x3f, 0xf9,
    0x0, 0xa, 0xaa, 0xaa, 0xaf, 0xfa, 0xaa, 0xaa,
    0xa2, 0x5, 0xff, 0x90, 0xf, 0xff, 0xff, 0xff,
    0xff, 0xff, 0xff, 0xf3, 0x0, 0x4f, 0xc0, 0x0,
    0x0, 0x0, 0xd, 0xf0, 0x0, 0x0, 0x0, 0x0,
    0x4, 0x10, 0x0, 0x11, 0x11, 0x1d, 0xf1, 0x11,
    0x11, 0x0, 0x0, 0x0, 0x0, 0x3, 0xff, 0xff,
    0xff, 0xff, 0xff, 0xff, 0x40, 0x0, 0x0, 0x0,
    0x3, 0xfc, 0x99, 0x9f, 0xf9, 0x99, 0xcf, 0x40,
    0x1, 0x11, 0x10, 0x3, 0xf8, 0x0, 0xd, 0xf0,
    0x0, 0x8f, 0x40, 0xcf, 0xff, 0xe0, 0x3, 0xf8,
    0x0, 0xd, 0xf0, 0x0, 0x8f, 0x40, 0x8b, 0xbf,
    0xe0, 0x3, 0xfb, 0x77, 0x7e, 0xf7, 0x77, 0xbf,
    0x40, 0x0, 0xf, 0xe0, 0x3, 0xff, 0xff, 0xff,
    0xff, 0xff, 0xff, 0x40, 0x0, 0xf, 0xe0, 0x0,
    0x33, 0x3d, 0xff, 0xf3, 0x33, 0x33, 0x0, 0x0,
    0xf, 0xe0, 0x0, 0x0, 0xbf, 0x7d, 0xf0, 0x88,
    0x0, 0x0, 0x0, 0xf, 0xe0, 0x0, 0x1c, 0xfb,
    0xd, 0xf1, 0xef, 0xe4, 0x0, 0x0, 0xf, 0xe0,
    0x6, 0xff, 0xb0, 0xd, 0xf0, 0x9, 0xff, 0x80,
    0x0, 0xf, 0xe0, 0x6f, 0xf9, 0x0, 0xd, 0xf0,
    0x0, 0x4e, 0xf5, 0x0, 0xf, 0xe0, 0xa, 0x50,
    0x0, 0xd, 0xf0, 0x0, 0x2, 0x60, 0x0, 0x6f,
    0xfa, 0x10, 0x0, 0x0, 0xd, 0xf0, 0x0, 0x0,
    0x0, 0xa, 0xfe, 0xaf, 0xfb, 0x64, 0x33, 0x22,
    0x21, 0x11, 0x11, 0x10, 0xaf, 0xf3, 0x5, 0xdf,
    0xff, 0xff, 0xff, 0xff, 0xff, 0xff, 0xf9, 0x2f,
    0x40, 0x0, 0x3, 0x7a, 0xde, 0xff, 0xff, 0xff,
    0xff, 0xf2, 0x1, 0x0, 0x0, 0x0, 0x0, 0x0,
    0x0, 0x0, 0x0, 0x0, 0x0,

    /* U+9020 "造" */
    0x0, 0x0, 0x0, 0x0, 0x0, 0x0, 0x2, 0x20,
    0x0, 0x0, 0x0, 0x7, 0x50, 0x0, 0x0, 0x6,
    0xc2, 0xc, 0xf0, 0x0, 0x0, 0x0, 0x3f, 0xf9,
    0x0, 0x0, 0xd, 0xe0, 0xc, 0xf0, 0x0, 0x0,
    0x0, 0x5, 0xff, 0xa0, 0x0, 0x5f, 0xff, 0xff,
    0xff, 0xff, 0xff, 0x30, 0x0, 0x4f, 0xc0, 0x1,
    0xee, 0xbb, 0xbf, 0xfb, 0xbb, 0xbb, 0x20, 0x0,
    0x4, 0x10, 0xc, 0xf4, 0x0, 0xc, 0xf0, 0x0,
    0x0, 0x0, 0x0, 0x0, 0x0, 0x2e, 0x90, 0x0,
    0xc, 0xf0, 0x0, 0x0, 0x0, 0x0, 0x0, 0x0,
    0x3, 0x11, 0x11, 0x1c, 0xf1, 0x11, 0x11, 0x10,
    0x0, 0x0, 0x0, 0xef, 0xff, 0xff, 0xff, 0xff,
    0xff, 0xff, 0xf8, 0xad, 0xdd, 0xc0, 0x9a, 0xaa,
    0xaa, 0xaa, 0xaa, 0xaa, 0xaa, 0xa5, 0x8a, 0xaf,
    0xe0, 0x0, 0x0, 0x0, 0x0, 0x0, 0x0, 0x0,
    0x0, 0x0, 0xf, 0xe0, 0x0, 0xdf, 0xff, 0xff,
    0xff, 0xff, 0xfe, 0x0, 0x0, 0xf, 0xe0, 0x0,
    0xdf, 0xaa, 0xaa, 0xaa, 0xaa, 0xff, 0x0, 0x0,
    0xf, 0xe0, 0x0, 0xde, 0x0, 0x0, 0x0, 0x0,
    0xdf, 0x0, 0x0, 0xf, 0xe0, 0x0, 0xde, 0x0,
    0x0, 0x0, 0x0, 0xdf, 0x0, 0x0, 0xf, 0xe0,
    0x0, 0xde, 0x0, 0x0, 0x0, 0x0, 0xdf, 0x0,
    0x0, 0xf, 0xe0, 0x0, 0xdf, 0xff, 0xff, 0xff,
    0xff, 0xff, 0x0, 0x0, 0xf, 0xe0, 0x0, 0x8a,
    0xaa, 0xaa, 0xaa, 0xaa, 0xa9, 0x0, 0x0, 0x3f,
    0xf8, 0x0, 0x0, 0x0, 0x0, 0x0, 0x0, 0x0,
    0x0, 0x8, 0xff, 0xdf, 0xea, 0x64, 0x32, 0x22,
    0x11, 0x11, 0x11, 0x10, 0xaf, 0xf4, 0x7, 0xef,
    0xff, 0xff, 0xff, 0xff, 0xff, 0xff, 0xf9, 0x2f,
    0x50, 0x0, 0x4, 0x8b, 0xde, 0xff, 0xff, 0xff,
    0xff, 0xf2, 0x1, 0x0, 0x0, 0x0, 0x0, 0x0,
    0x0, 0x0, 0x0, 0x0, 0x0,

    /* U+906E "遮" */
    0x0, 0x0, 0x0, 0x0, 0x0, 0x0, 0x4, 0x70,
    0x0, 0x0, 0x0, 0x9, 0x60, 0x0, 0x0, 0x0,
    0x0, 0xe, 0xf3, 0x0, 0x0, 0x0, 0x3f, 0xfa,
    0x0, 0x7, 0xaa, 0xaa, 0xad, 0xfd, 0xaa, 0xaa,
    0xa0, 0x4, 0xff, 0xb0, 0xb, 0xff, 0xff, 0xff,
    0xff, 0xff, 0xff, 0xf1, 0x0, 0x3f, 0xb0, 0xb,
    0xf1, 0x3, 0x41, 0x0, 0x14, 0x20, 0x0, 0x0,
    0x3, 0x10, 0xb, 0xf1, 0xb, 0xf1, 0x0, 0x1f,
    0x90, 0x0, 0x0, 0x0, 0x0, 0xb, 0xf1, 0xb,
    0xf1, 0x0, 0x1f, 0x90, 0x0, 0x0, 0x0, 0x0,
    0xb, 0xff, 0xff, 0xff, 0xff, 0xff, 0xff, 0xf2,
    0x22, 0x22, 0x20, 0xb, 0xfa, 0xae, 0xfa, 0xaa,
    0xaf, 0xda, 0xa1, 0xcf, 0xff, 0xe0, 0xb, 0xf0,
    0xb, 0xf1, 0x0, 0x1f, 0x90, 0x0, 0x8a, 0xaf,
    0xe0, 0xc, 0xf0, 0xb, 0xf1, 0x0, 0x1f, 0x90,
    0x0, 0x0, 0xf, 0xe0, 0xe, 0xe0, 0xb, 0xf9,
    0x88, 0x9f, 0x90, 0x0, 0x0, 0xf, 0xe0, 0xf,
    0xc0, 0xb, 0xff, 0xff, 0xff, 0x90, 0x0, 0x0,
    0xf, 0xe0, 0x3f, 0xa0, 0x10, 0x0, 0x0, 0x0,
    0x12, 0x0, 0x0, 0xf, 0xe0, 0x8f, 0x70, 0xf8,
    0x5a, 0x4, 0xb0, 0xcd, 0x0, 0x0, 0xf, 0xe0,
    0xdf, 0x25, 0xf6, 0x9f, 0x16, 0xf4, 0x5f, 0x60,
    0x0, 0xf, 0xe4, 0xfd, 0xc, 0xf1, 0x7f, 0x43,
    0xf7, 0xd, 0xd0, 0x0, 0xf, 0xe2, 0xd6, 0x4f,
    0xa0, 0x5f, 0x60, 0xfb, 0x7, 0xf3, 0x0, 0x2f,
    0xf6, 0x0, 0x9, 0x30, 0x3a, 0x30, 0x73, 0x1,
    0x71, 0x7, 0xff, 0xdf, 0xd9, 0x54, 0x32, 0x21,
    0x11, 0x11, 0x11, 0x10, 0xaf, 0xf5, 0x8, 0xef,
    0xff, 0xff, 0xff, 0xff, 0xff, 0xff, 0xf9, 0x2f,
    0x50, 0x0, 0x4, 0x8b, 0xde, 0xff, 0xff, 0xff,
    0xff, 0xf2, 0x1, 0x0, 0x0, 0x0, 0x0, 0x0,
    0x0, 0x0, 0x0, 0x0, 0x0,

    /* U+90E8 "部" */
    0x0, 0x0, 0x4, 0x0, 0x0, 0x0, 0x0, 0x0,
    0x0, 0x0, 0x0, 0x0, 0x0, 0x9f, 0x60, 0x0,
    0x0, 0x2, 0x22, 0x22, 0x22, 0x20, 0x0, 0x0,
    0x3f, 0xd0, 0x0, 0x0, 0xf, 0xff, 0xff, 0xff,
    0xf3, 0x4f, 0xff, 0xff, 0xff, 0xff, 0xf7, 0xf,
    0xf9, 0x99, 0x9f, 0xf2, 0x2a, 0xaa, 0xaa, 0xaa,
    0xaa, 0xa4, 0xf, 0xe0, 0x0, 0x2f, 0xd0, 0x0,
    0x24, 0x0, 0x0, 0x36, 0x10, 0xf, 0xe0, 0x0,
    0x8f, 0x60, 0x0, 0xee, 0x0, 0x0, 0xaf, 0x50,
    0xf, 0xe0, 0x0, 0xef, 0x0, 0x0, 0x7f, 0x40,
    0x0, 0xff, 0x0, 0xf, 0xe0, 0x5, 0xf9, 0x0,
    0x0, 0x2f, 0x90, 0x6, 0xf9, 0x0, 0xf, 0xe0,
    0xc, 0xf2, 0x0, 0x11, 0x14, 0x11, 0x1b, 0xf5,
    0x11, 0xf, 0xe0, 0x2f, 0xc0, 0x0, 0xdf, 0xff,
    0xff, 0xff, 0xff, 0xff, 0x4f, 0xe0, 0x1e, 0xf5,
    0x0, 0x79, 0x99, 0x99, 0x99, 0x99, 0x99, 0x2f,
    0xe0, 0x2, 0xef, 0x10, 0x0, 0x0, 0x0, 0x0,
    0x0, 0x0, 0xf, 0xe0, 0x0, 0x5f, 0xa0, 0x0,
    0x11, 0x11, 0x11, 0x11, 0x0, 0xf, 0xe0, 0x0,
    0xd, 0xf1, 0xe, 0xff, 0xff, 0xff, 0xff, 0xf0,
    0xf, 0xe0, 0x0, 0x9, 0xf4, 0xe, 0xfa, 0xaa,
    0xaa, 0xae, 0xf0, 0xf, 0xe0, 0x0, 0x8, 0xf5,
    0xe, 0xe0, 0x0, 0x0, 0xd, 0xf0, 0xf, 0xe0,
    0x0, 0xa, 0xf3, 0xe, 0xe0, 0x0, 0x0, 0xd,
    0xf0, 0xf, 0xe0, 0xda, 0xaf, 0xe0, 0xe, 0xe0,
    0x0, 0x0, 0xd, 0xf0, 0xf, 0xe0, 0xbf, 0xfd,
    0x30, 0xe, 0xfa, 0xaa, 0xaa, 0xae, 0xf0, 0xf,
    0xe0, 0x0, 0x0, 0x0, 0xe, 0xff, 0xff, 0xff,
    0xff, 0xf0, 0xf, 0xe0, 0x0, 0x0, 0x0, 0xe,
    0xe0, 0x0, 0x0, 0xd, 0xf0, 0xf, 0xe0, 0x0,
    0x0, 0x0,

    /* U+914D "配" */
    0xde, 0xee, 0xee, 0xee, 0xee, 0x9b, 0xbb, 0xbb,
    0xbb, 0xbb, 0x80, 0xb, 0xcc, 0xef, 0xdf, 0xdc,
    0xc9, 0xff, 0xff, 0xff, 0xff, 0xfb, 0x0, 0x0,
    0xa, 0xd3, 0xf3, 0x0, 0x0, 0x0, 0x0, 0x0,
    0x2f, 0xb0, 0x0, 0x0, 0xad, 0x3f, 0x30, 0x0,
    0x0, 0x0, 0x0, 0x2, 0xfb, 0x0, 0x4b, 0xbe,
    0xfc, 0xfc, 0xba, 0x0, 0x0, 0x0, 0x0, 0x2f,
    0xb0, 0x5, 0xff, 0xff, 0xff, 0xff, 0xe0, 0x0,
    0x0, 0x0, 0x2, 0xfb, 0x0, 0x5f, 0x3a, 0xd3,
    0xf3, 0xce, 0x0, 0x0, 0x0, 0x0, 0x2f, 0xb0,
    0x5, 0xf3, 0xbc, 0x3f, 0x3c, 0xe0, 0x22, 0x22,
    0x22, 0x24, 0xfb, 0x0, 0x5f, 0x3c, 0xb3, 0xf3,
    0xce, 0xf, 0xff, 0xff, 0xff, 0xff, 0xb0, 0x5,
    0xf3, 0xe9, 0x3f, 0x3c, 0xe0, 0xff, 0x88, 0x88,
    0x89, 0xfb, 0x0, 0x5f, 0x6f, 0x62, 0xfb, 0xee,
    0xf, 0xf0, 0x0, 0x0, 0x1c, 0x80, 0x5, 0xfc,
    0xf1, 0xe, 0xff, 0xe0, 0xff, 0x0, 0x0, 0x0,
    0x0, 0x0, 0x5f, 0xfc, 0x0, 0x2, 0xde, 0xf,
    0xf0, 0x0, 0x0, 0x0, 0x0, 0x5, 0xf8, 0x30,
    0x0, 0xc, 0xe0, 0xff, 0x0, 0x0, 0x0, 0x0,
    0x0, 0x5f, 0xb9, 0x99, 0x99, 0xee, 0xf, 0xf0,
    0x0, 0x0, 0x0, 0x56, 0x5, 0xff, 0xff, 0xff,
    0xff, 0xe0, 0xff, 0x0, 0x0, 0x0, 0xa, 0xf2,
    0x5f, 0x30, 0x0, 0x0, 0xce, 0xf, 0xf0, 0x0,
    0x0, 0x0, 0xdf, 0x5, 0xf3, 0x0, 0x0, 0xc,
    0xe0, 0xff, 0x0, 0x0, 0x0, 0x1f, 0xd0, 0x5f,
    0xff, 0xff, 0xff, 0xfe, 0xe, 0xf3, 0x0, 0x0,
    0x19, 0xf9, 0x5, 0xfb, 0xaa, 0xaa, 0xae, 0xe0,
    0xcf, 0xff, 0xee, 0xff, 0xff, 0x20, 0x5f, 0x30,
    0x0, 0x0, 0xce, 0x3, 0xce, 0xff, 0xff, 0xdb,
    0x50, 0x0,

    /* U+91C7 "采" */
    0x0, 0x0, 0x0, 0x0, 0x0, 0x0, 0x0, 0x0,
    0x1, 0x31, 0x0, 0x0, 0x0, 0x1, 0x12, 0x34,
    0x57, 0x89, 0xbd, 0xff, 0xfb, 0x0, 0x8, 0xff,
    0xff, 0xff, 0xff, 0xff, 0xff, 0xff, 0xdb, 0x97,
    0x0, 0x2, 0xcb, 0xba, 0x99, 0x87, 0x64, 0x32,
    0x0, 0x2, 0x61, 0x0, 0x0, 0x5, 0x20, 0x0,
    0x4, 0xd3, 0x0, 0x0, 0xa, 0xf9, 0x0, 0x0,
    0x5f, 0xd0, 0x0, 0x5, 0xfe, 0x10, 0x0, 0x2f,
    0xf1, 0x0, 0x0, 0xb, 0xfa, 0x0, 0x0, 0x9f,
    0x90, 0x0, 0xbf, 0x80, 0x0, 0x0, 0x1, 0xef,
    0x40, 0x0, 0x1f, 0xc0, 0x6, 0xfd, 0x0, 0x0,
    0x0, 0x0, 0x5e, 0x50, 0x0, 0x3, 0x0, 0xb,
    0xf3, 0x0, 0x0, 0x0, 0x0, 0x1, 0x0, 0x0,
    0xfc, 0x0, 0x0, 0x20, 0x0, 0x0, 0x0, 0x0,
    0x0, 0x0, 0x0, 0xfd, 0x0, 0x0, 0x0, 0x0,
    0x0, 0x2b, 0xbb, 0xbb, 0xbb, 0xbb, 0xff, 0xbb,
    0xbb, 0xbb, 0xbb, 0xb1, 0x3f, 0xff, 0xff, 0xff,
    0xff, 0xff, 0xff, 0xff, 0xff, 0xff, 0xf2, 0x0,
    0x0, 0x0, 0x2, 0xef, 0xff, 0xfc, 0x10, 0x0,
    0x0, 0x0, 0x0, 0x0, 0x0, 0x2d, 0xf7, 0xfd,
    0x8f, 0xb0, 0x0, 0x0, 0x0, 0x0, 0x0, 0x4,
    0xef, 0x80, 0xfd, 0xa, 0xfd, 0x20, 0x0, 0x0,
    0x0, 0x0, 0x8f, 0xf7, 0x0, 0xfd, 0x0, 0xaf,
    0xf6, 0x0, 0x0, 0x0, 0x4d, 0xff, 0x50, 0x0,
    0xfd, 0x0, 0x8, 0xff, 0xc4, 0x0, 0x4c, 0xff,
    0xb1, 0x0, 0x0, 0xfd, 0x0, 0x0, 0x4e, 0xff,
    0xd5, 0x8f, 0xd5, 0x0, 0x0, 0x0, 0xfd, 0x0,
    0x0, 0x1, 0x9f, 0xf8, 0x5, 0x0, 0x0, 0x0,
    0x0, 0xfd, 0x0, 0x0, 0x0, 0x2, 0x90, 0x0,
    0x0, 0x0, 0x0, 0x0, 0xfd, 0x0, 0x0, 0x0,
    0x0, 0x0,

    /* U+91CA "释" */
    0x0, 0x0, 0x0, 0x0, 0x10, 0x0, 0x0, 0x0,
    0x0, 0x0, 0x0, 0x0, 0x0, 0x0, 0x27, 0xbf,
    0xb0, 0x7a, 0xaa, 0xaa, 0xaa, 0xaa, 0x0, 0x6,
    0x8b, 0xff, 0xff, 0xa4, 0xa, 0xff, 0xff, 0xff,
    0xff, 0xf0, 0x0, 0xcf, 0xfd, 0xfc, 0x0, 0x0,
    0x9, 0xf5, 0x0, 0x4, 0xfb, 0x0, 0x2, 0x30,
    0x2f, 0xb0, 0x49, 0x0, 0x1f, 0xd0, 0x0, 0xdf,
    0x30, 0x0, 0x6e, 0x12, 0xfb, 0xc, 0xd0, 0x0,
    0x8f, 0x90, 0xaf, 0xa0, 0x0, 0x3, 0xf9, 0x2f,
    0xb3, 0xf7, 0x0, 0x0, 0xcf, 0xcf, 0xe1, 0x0,
    0x0, 0xb, 0xf3, 0xfb, 0xaf, 0x10, 0x0, 0x4,
    0xff, 0xf3, 0x0, 0x0, 0x0, 0x44, 0x3f, 0xb2,
    0x70, 0x0, 0x4a, 0xff, 0xff, 0xf9, 0x30, 0x0,
    0xef, 0xff, 0xff, 0xff, 0xf6, 0xef, 0xfe, 0x50,
    0x8f, 0xff, 0xe3, 0x9, 0xaa, 0xcf, 0xea, 0xaa,
    0x2b, 0xb6, 0x7, 0xe3, 0x16, 0xbe, 0x0, 0x0,
    0xa, 0xfe, 0x20, 0x0, 0x0, 0x0, 0x8f, 0x30,
    0x0, 0x0, 0x0, 0x2, 0xff, 0xfe, 0x20, 0x2,
    0xaa, 0xad, 0xfb, 0xaa, 0xa2, 0x0, 0x0, 0xbf,
    0xfc, 0xee, 0x20, 0x3f, 0xff, 0xff, 0xff, 0xff,
    0x40, 0x0, 0x5f, 0xcf, 0xb3, 0xfd, 0x0, 0x0,
    0x9, 0xf4, 0x0, 0x0, 0x0, 0x2f, 0xf4, 0xfb,
    0x7, 0x50, 0x0, 0x0, 0x8f, 0x30, 0x0, 0x0,
    0x1d, 0xf6, 0x2f, 0xb0, 0x0, 0x2b, 0xbb, 0xbd,
    0xfc, 0xbb, 0xbb, 0x22, 0xeb, 0x2, 0xfb, 0x0,
    0x3, 0xff, 0xff, 0xff, 0xff, 0xff, 0xf3, 0x2,
    0x0, 0x2f, 0xb0, 0x0, 0x1, 0x11, 0x19, 0xf4,
    0x11, 0x11, 0x0, 0x0, 0x2, 0xfb, 0x0, 0x0,
    0x0, 0x0, 0x8f, 0x30, 0x0, 0x0, 0x0, 0x0,
    0x2f, 0xb0, 0x0, 0x0, 0x0, 0x8, 0xf3, 0x0,
    0x0, 0x0, 0x0, 0x2, 0xfb, 0x0, 0x0, 0x0,
    0x0, 0x8f, 0x30, 0x0, 0x0,

    /* U+91CC "里" */
    0x0, 0x2b, 0xbb, 0xbb, 0xbb, 0xbb, 0xbb, 0xbb,
    0xbb, 0xb9, 0x0, 0x0, 0x3f, 0xff, 0xff, 0xff,
    0xff, 0xff, 0xff, 0xff, 0xfd, 0x0, 0x0, 0x3f,
    0xa0, 0x0, 0x0, 0xaf, 0x40, 0x0, 0x1, 0xfd,
    0x0, 0x0, 0x3f, 0xa0, 0x0, 0x0, 0xaf, 0x40,
    0x0, 0x0, 0xfd, 0x0, 0x0, 0x3f, 0xa0, 0x0,
    0x0, 0xaf, 0x40, 0x0, 0x0, 0xfd, 0x0, 0x0,
    0x3f, 0xeb, 0xbb, 0xbb, 0xef, 0xcb, 0xbb, 0xbb,
    0xfd, 0x0, 0x0, 0x3f, 0xff, 0xff, 0xff, 0xff,
    0xff, 0xff, 0xff, 0xfd, 0x0, 0x0, 0x3f, 0xa0,
    0x0, 0x0, 0xaf, 0x40, 0x0, 0x0, 0xfd, 0x0,
    0x0, 0x3f, 0xa0, 0x0, 0x0, 0xaf, 0x40, 0x0,
    0x0, 0xfd, 0x0, 0x0, 0x3f, 0xa0, 0x0, 0x0,
    0xaf, 0x40, 0x0, 0x1, 0xfd, 0x0, 0x0, 0x3f,
    0xff, 0xff, 0xff, 0xff, 0xff, 0xff, 0xff, 0xfd,
    0x0, 0x0, 0x2b, 0xbb, 0xbb, 0xbb, 0xef, 0xcb,
    0xbb, 0xbb, 0xb9, 0x0, 0x0, 0x0, 0x0, 0x0,
    0x0, 0xaf, 0x40, 0x0, 0x0, 0x0, 0x0, 0x0,
    0x0, 0x0, 0x0, 0x0, 0xaf, 0x40, 0x0, 0x0,
    0x0, 0x0, 0x0, 0xcf, 0xff, 0xff, 0xff, 0xff,
    0xff, 0xff, 0xff, 0xff, 0x30, 0x0, 0xad, 0xdd,
    0xdd, 0xdd, 0xef, 0xdd, 0xdd, 0xdd, 0xdd, 0x20,
    0x0, 0x0, 0x0, 0x0, 0x0, 0xaf, 0x40, 0x0,
    0x0, 0x0, 0x0, 0x0, 0x0, 0x0, 0x0, 0x0,
    0xaf, 0x40, 0x0, 0x0, 0x0, 0x0, 0x2b, 0xbb,
    0xbb, 0xbb, 0xbb, 0xef, 0xcb, 0xbb, 0xbb, 0xbb,
    0xb8, 0x3f, 0xff, 0xff, 0xff, 0xff, 0xff, 0xff,
    0xff, 0xff, 0xff, 0xfb, 0x0, 0x0, 0x0, 0x0,
    0x0, 0x0, 0x0, 0x0, 0x0, 0x0, 0x0,

    /* U+91CD "重" */
    0x2, 0x44, 0x55, 0x55, 0x66, 0x67, 0x89, 0x9a,
    0xbc, 0xc2, 0x0, 0x6, 0xff, 0xff, 0xff, 0xff,
    0xff, 0xff, 0xff, 0xee, 0xd8, 0x0, 0x1, 0x66,
    0x55, 0x54, 0x46, 0xfa, 0x10, 0x0, 0x0, 0x0,
    0x0, 0x7a, 0xaa, 0xaa, 0xaa, 0xab, 0xfd, 0xaa,
    0xaa, 0xaa, 0xaa, 0xa3, 0xbf, 0xff, 0xff, 0xff,
    0xff, 0xff, 0xff, 0xff, 0xff, 0xff, 0xf6, 0x0,
    0x0, 0x0, 0x0, 0x4, 0xfa, 0x0, 0x0, 0x0,
    0x0, 0x0, 0x0, 0xaa, 0xaa, 0xaa, 0xab, 0xfd,
    0xaa, 0xaa, 0xaa, 0xa3, 0x0, 0x0, 0xff, 0xff,
    0xff, 0xff, 0xff, 0xff, 0xff, 0xff, 0xf5, 0x0,
    0x0, 0xfc, 0x0, 0x0, 0x4, 0xfa, 0x0, 0x0,
    0x6, 0xf5, 0x0, 0x0, 0xfe, 0x88, 0x88, 0x8a,
    0xfd, 0x88, 0x88, 0x8b, 0xf5, 0x0, 0x0, 0xff,
    0xff, 0xff, 0xff, 0xff, 0xff, 0xff, 0xff, 0xf5,
    0x0, 0x0, 0xfc, 0x0, 0x0, 0x4, 0xfa, 0x0,
    0x0, 0x6, 0xf5, 0x0, 0x0, 0xfc, 0x11, 0x11,
    0x14, 0xfa, 0x11, 0x11, 0x16, 0xf5, 0x0, 0x0,
    0xff, 0xff, 0xff, 0xff, 0xff, 0xff, 0xff, 0xff,
    0xf5, 0x0, 0x0, 0xaa, 0xaa, 0xaa, 0xab, 0xfd,
    0xaa, 0xaa, 0xaa, 0xa3, 0x0, 0x0, 0x11, 0x11,
    0x11, 0x14, 0xfa, 0x11, 0x11, 0x11, 0x11, 0x0,
    0xf, 0xff, 0xff, 0xff, 0xff, 0xff, 0xff, 0xff,
    0xff, 0xff, 0x70, 0x9, 0xaa, 0xaa, 0xaa, 0xab,
    0xfd, 0xaa, 0xaa, 0xaa, 0xaa, 0x40, 0x0, 0x0,
    0x0, 0x0, 0x4, 0xfa, 0x0, 0x0, 0x0, 0x0,
    0x0, 0xbc, 0xcc, 0xcc, 0xcc, 0xcd, 0xfe, 0xcc,
    0xcc, 0xcc, 0xcc, 0xc3, 0xef, 0xff, 0xff, 0xff,
    0xff, 0xff, 0xff, 0xff, 0xff, 0xff, 0xf4,

    /* U+91CF "量" */
    0x0, 0xf, 0xff, 0xff, 0xff, 0xff, 0xff, 0xff,
    0xff, 0xb0, 0x0, 0x0, 0xf, 0xe7, 0x77, 0x77,
    0x77, 0x77, 0x77, 0x8f, 0xb0, 0x0, 0x0, 0xf,
    0xe5, 0x55, 0x55, 0x55, 0x55, 0x55, 0x7f, 0xb0,
    0x0, 0x0, 0xf, 0xff, 0xff, 0xff, 0xff, 0xff,
    0xff, 0xff, 0xb0, 0x0, 0x0, 0xf, 0xe2, 0x22,
    0x22, 0x22, 0x22, 0x22, 0x3f, 0xb0, 0x0, 0x0,
    0xf, 0xff, 0xff, 0xff, 0xff, 0xff, 0xff, 0xff,
    0xb0, 0x0, 0x0, 0x3, 0x33, 0x33, 0x33, 0x33,
    0x33, 0x33, 0x33, 0x20, 0x0, 0x6f, 0xff, 0xff,
    0xff, 0xff, 0xff, 0xff, 0xff, 0xff, 0xff, 0xf3,
    0x37, 0x77, 0x77, 0x77, 0x77, 0x77, 0x77, 0x77,
    0x77, 0x77, 0x71, 0x0, 0x9, 0x99, 0x99, 0x99,
    0x99, 0x99, 0x99, 0x99, 0x80, 0x0, 0x0, 0x1f,
    0xff, 0xff, 0xff, 0xff, 0xff, 0xff, 0xff, 0xe0,
    0x0, 0x0, 0x1f, 0xc0, 0x0, 0x1, 0xfe, 0x0,
    0x0, 0xf, 0xe0, 0x0, 0x0, 0x1f, 0xff, 0xff,
    0xff, 0xff, 0xff, 0xff, 0xff, 0xe0, 0x0, 0x0,
    0x1f, 0xd4, 0x44, 0x45, 0xfe, 0x44, 0x44, 0x4f,
    0xe0, 0x0, 0x0, 0x1f, 0xfc, 0xcc, 0xcc, 0xff,
    0xcc, 0xcc, 0xcf, 0xe0, 0x0, 0x0, 0x1c, 0xcc,
    0xcc, 0xcc, 0xff, 0xcc, 0xcc, 0xcc, 0xb0, 0x0,
    0x0, 0x34, 0x44, 0x44, 0x44, 0xfe, 0x44, 0x44,
    0x44, 0x43, 0x0, 0x0, 0xdf, 0xff, 0xff, 0xff,
    0xff, 0xff, 0xff, 0xff, 0xfc, 0x0, 0x0, 0x22,
    0x22, 0x22, 0x23, 0xfe, 0x22, 0x22, 0x22, 0x21,
    0x0, 0x89, 0x99, 0x99, 0x99, 0x9a, 0xff, 0x99,
    0x99, 0x99, 0x99, 0x96, 0xef, 0xff, 0xff, 0xff,
    0xff, 0xff, 0xff, 0xff, 0xff, 0xff, 0xfb,

    /* U+94AE "钮" */
    0x0, 0x4, 0x20, 0x0, 0x0, 0x0, 0x0, 0x0,
    0x0, 0x0, 0x0, 0x0, 0x0, 0xee, 0x0, 0x0,
    0x2, 0x88, 0x88, 0x88, 0x88, 0x88, 0x0, 0x0,
    0x4f, 0x80, 0x0, 0x0, 0x5f, 0xff, 0xff, 0xff,
    0xff, 0xf0, 0x0, 0xc, 0xfc, 0xaa, 0xa7, 0x1,
    0x44, 0xef, 0x44, 0x44, 0xdf, 0x0, 0x4, 0xff,
    0xff, 0xff, 0xb0, 0x0, 0xe, 0xe0, 0x0, 0xe,
    0xe0, 0x0, 0xdf, 0x30, 0x0, 0x0, 0x0, 0x0,
    0xfc, 0x0, 0x0, 0xfd, 0x0, 0x8f, 0x90, 0x0,
    0x0, 0x0, 0x0, 0x1f, 0xb0, 0x0, 0xf, 0xc0,
    0x7, 0xd7, 0xaa, 0xaa, 0xa0, 0x0, 0x3, 0xfa,
    0x0, 0x1, 0xfb, 0x0, 0x1, 0x9f, 0xff, 0xff,
    0x10, 0x0, 0x4f, 0x80, 0x0, 0x2f, 0xb0, 0x0,
    0x0, 0xf, 0xa0, 0x0, 0x0, 0x6, 0xf7, 0x0,
    0x3, 0xfa, 0x0, 0x0, 0x0, 0xfa, 0x0, 0x0,
    0xbc, 0xef, 0xec, 0xcc, 0xdf, 0x90, 0x0, 0x0,
    0xf, 0xa0, 0x0, 0xc, 0xef, 0xfe, 0xee, 0xef,
    0xf8, 0x0, 0xa, 0xaa, 0xfe, 0xaa, 0x80, 0x0,
    0xbf, 0x20, 0x0, 0x6f, 0x70, 0x1, 0xff, 0xff,
    0xff, 0xfc, 0x0, 0xc, 0xf1, 0x0, 0x7, 0xf6,
    0x0, 0x0, 0x1, 0xfa, 0x0, 0x0, 0x0, 0xdf,
    0x0, 0x0, 0x8f, 0x50, 0x0, 0x0, 0xf, 0xa0,
    0x0, 0x0, 0xe, 0xf0, 0x0, 0x9, 0xf4, 0x0,
    0x0, 0x0, 0xfa, 0x0, 0x0, 0x0, 0xfd, 0x0,
    0x0, 0x9f, 0x40, 0x0, 0x0, 0xf, 0xa0, 0x0,
    0x0, 0x1f, 0xc0, 0x0, 0xa, 0xf3, 0x0, 0x0,
    0x0, 0xfa, 0x5, 0x30, 0x2, 0xfb, 0x0, 0x0,
    0xbf, 0x20, 0x0, 0x0, 0xf, 0xdd, 0xf7, 0x0,
    0x3f, 0xa0, 0x0, 0xc, 0xf1, 0x0, 0x0, 0x0,
    0xff, 0xfb, 0x24, 0xcd, 0xfe, 0xcc, 0xcc, 0xff,
    0xcc, 0x0, 0x0, 0x9, 0xa3, 0x0, 0x6f, 0xff,
    0xff, 0xff, 0xff, 0xff, 0xf0,

    /* U+94C1 "铁" */
    0x0, 0x5, 0x40, 0x0, 0x0, 0x0, 0x0, 0x2a,
    0x40, 0x0, 0x0, 0x0, 0xe, 0xe0, 0x0, 0x0,
    0x2, 0x72, 0x4f, 0x70, 0x0, 0x0, 0x0, 0x5f,
    0x80, 0x0, 0x0, 0x7, 0xf6, 0x4f, 0x70, 0x0,
    0x0, 0x0, 0xcf, 0xcb, 0xbb, 0x80, 0xb, 0xf2,
    0x4f, 0x70, 0x0, 0x0, 0x5, 0xff, 0xff, 0xff,
    0xa0, 0x1f, 0xfb, 0xcf, 0xdb, 0xbb, 0x30, 0xd,
    0xf2, 0x0, 0x0, 0x0, 0x7f, 0xff, 0xff, 0xff,
    0xff, 0x50, 0x9f, 0x90, 0x0, 0x0, 0x0, 0xef,
    0x21, 0x5f, 0x81, 0x11, 0x0, 0x7d, 0x7a, 0xaa,
    0xaa, 0x7, 0xfa, 0x0, 0x5f, 0x70, 0x0, 0x0,
    0x1, 0x9f, 0xff, 0xff, 0x1a, 0xf2, 0x0, 0x5f,
    0x70, 0x0, 0x0, 0x0, 0x0, 0xfa, 0x0, 0x0,
    0x60, 0x0, 0x5f, 0x60, 0x0, 0x0, 0x0, 0x0,
    0xfa, 0x0, 0x0, 0x0, 0x0, 0x6f, 0x60, 0x0,
    0x0, 0x0, 0x0, 0xfa, 0x0, 0x0, 0xee, 0xee,
    0xef, 0xee, 0xee, 0xe3, 0xa, 0xaa, 0xfe, 0xaa,
    0x80, 0xbb, 0xbb, 0xff, 0xeb, 0xbb, 0xb3, 0x1f,
    0xff, 0xff, 0xff, 0xc0, 0x0, 0x0, 0xff, 0xe0,
    0x0, 0x0, 0x0, 0x1, 0xfa, 0x0, 0x0, 0x0,
    0x5, 0xfd, 0xf7, 0x0, 0x0, 0x0, 0x0, 0xfa,
    0x0, 0x0, 0x0, 0xd, 0xf3, 0xde, 0x10, 0x0,
    0x0, 0x0, 0xfa, 0x0, 0x0, 0x0, 0x5f, 0xd0,
    0x6f, 0x90, 0x0, 0x0, 0x0, 0xfa, 0x0, 0x0,
    0x1, 0xef, 0x40, 0xd, 0xf5, 0x0, 0x0, 0x0,
    0xfa, 0x3a, 0x50, 0xc, 0xfb, 0x0, 0x4, 0xff,
    0x30, 0x0, 0x0, 0xff, 0xff, 0x60, 0xbf, 0xe1,
    0x0, 0x0, 0x9f, 0xf4, 0x0, 0x0, 0xef, 0xc4,
    0x6, 0xff, 0x30, 0x0, 0x0, 0xc, 0xf9, 0x0,
    0x0, 0x22, 0x0, 0x0, 0xb3, 0x0, 0x0, 0x0,
    0x0, 0xa1, 0x0, 0x0, 0x0, 0x0, 0x0, 0x0,
    0x0, 0x0, 0x0, 0x0, 0x0,

    /* U+9501 "锁" */
    0x0, 0x3, 0x10, 0x0, 0x0, 0x0, 0x0, 0x16,
    0x40, 0x0, 0x0, 0x0, 0x0, 0xee, 0x0, 0x0,
    0x0, 0x0, 0x2, 0xfb, 0x0, 0x10, 0x0, 0x0,
    0x4f, 0x90, 0x0, 0x0, 0xae, 0x10, 0x2f, 0xb0,
    0xe, 0xe0, 0x0, 0xb, 0xfc, 0xaa, 0xa7, 0xa,
    0xfa, 0x2, 0xfb, 0x6, 0xf9, 0x0, 0x4, 0xff,
    0xff, 0xff, 0xb0, 0x1f, 0xf3, 0x2f, 0xb1, 0xff,
    0x20, 0x0, 0xdf, 0x30, 0x0, 0x0, 0x0, 0x98,
    0x12, 0xfb, 0x1a, 0x70, 0x0, 0x8f, 0x90, 0x0,
    0x0, 0x0, 0x0, 0x0, 0x2f, 0xb0, 0x0, 0x0,
    0x7, 0xd7, 0xaa, 0xaa, 0xa0, 0xb, 0xff, 0xff,
    0xff, 0xff, 0xfd, 0x0, 0x1, 0x9f, 0xff, 0xff,
    0x10, 0xcf, 0xcc, 0xcc, 0xcc, 0xcf, 0xe0, 0x0,
    0x0, 0xf, 0xa0, 0x0, 0xc, 0xf1, 0x0, 0x0,
    0x0, 0xfe, 0x0, 0x0, 0x0, 0xfa, 0x0, 0x0,
    0xcf, 0x10, 0x1e, 0xb0, 0xf, 0xe0, 0x0, 0x0,
    0xf, 0xa0, 0x0, 0xc, 0xf1, 0x2, 0xfc, 0x0,
    0xfe, 0x0, 0xa, 0xaa, 0xfe, 0xaa, 0x80, 0xcf,
    0x10, 0x2f, 0xc0, 0xf, 0xe0, 0x1, 0xff, 0xff,
    0xff, 0xfc, 0xc, 0xf1, 0x3, 0xfb, 0x0, 0xfe,
    0x0, 0x0, 0x1, 0xfa, 0x0, 0x0, 0xcf, 0x10,
    0x4f, 0xb0, 0xf, 0xe0, 0x0, 0x0, 0xf, 0xa0,
    0x0, 0xc, 0xf1, 0x6, 0xf9, 0x0, 0xfe, 0x0,
    0x0, 0x0, 0xfa, 0x0, 0x0, 0xcf, 0x10, 0xbf,
    0x60, 0xf, 0xe0, 0x0, 0x0, 0xf, 0xa0, 0x0,
    0x4, 0x60, 0x4f, 0xf1, 0x84, 0x44, 0x0, 0x0,
    0x0, 0xfa, 0x18, 0x40, 0x0, 0x3e, 0xf7, 0x5f,
    0xf7, 0x0, 0x0, 0x0, 0xf, 0xef, 0xf7, 0x0,
    0x7f, 0xfa, 0x0, 0x5f, 0xf9, 0x0, 0x0, 0x0,
    0xff, 0xe6, 0x17, 0xef, 0xf7, 0x0, 0x0, 0x3f,
    0xfb, 0x0, 0x0, 0x4, 0x50, 0x1, 0xdf, 0xa2,
    0x0, 0x0, 0x0, 0x3e, 0x40, 0x0, 0x0, 0x0,
    0x0, 0x2, 0x10, 0x0, 0x0, 0x0, 0x0, 0x0,
    0x0,

    /* U+9519 "错" */
    0x0, 0x0, 0x31, 0x0, 0x0, 0x0, 0x4, 0x61,
    0x0, 0x56, 0x0, 0x0, 0x0, 0xe, 0xf1, 0x0,
    0x0, 0x0, 0xaf, 0x30, 0xc, 0xf1, 0x0, 0x0,
    0x5, 0xfb, 0x0, 0x0, 0x0, 0xa, 0xf3, 0x0,
    0xcf, 0x10, 0x0, 0x0, 0xdf, 0xdb, 0xbb, 0xb6,
    0x8b, 0xef, 0xcb, 0xbf, 0xfc, 0xb2, 0x0, 0x6f,
    0xff, 0xff, 0xff, 0x8b, 0xff, 0xff, 0xff, 0xff,
    0xff, 0x30, 0x1f, 0xf5, 0x0, 0x0, 0x0, 0x0,
    0xaf, 0x30, 0xc, 0xf1, 0x0, 0xc, 0xfa, 0x0,
    0x0, 0x0, 0x0, 0xa, 0xf3, 0x0, 0xcf, 0x10,
    0x0, 0xbc, 0x4b, 0xbb, 0xbb, 0x70, 0x0, 0xaf,
    0x30, 0xc, 0xf1, 0x0, 0x0, 0x15, 0xff, 0xff,
    0xfa, 0x5d, 0xdf, 0xfd, 0xdd, 0xff, 0xdd, 0x90,
    0x0, 0x0, 0xaf, 0x0, 0x6, 0xff, 0xff, 0xff,
    0xff, 0xff, 0xfa, 0x0, 0x0, 0xa, 0xf0, 0x0,
    0x0, 0x0, 0x0, 0x0, 0x0, 0x0, 0x0, 0x0,
    0x0, 0xaf, 0x0, 0x0, 0xa, 0xaa, 0xaa, 0xaa,
    0xaa, 0x60, 0x0, 0xab, 0xbe, 0xfb, 0xbb, 0x31,
    0xff, 0xff, 0xff, 0xff, 0xfa, 0x0, 0xe, 0xff,
    0xff, 0xff, 0xf5, 0x1f, 0xc0, 0x0, 0x0, 0x3f,
    0xa0, 0x0, 0x23, 0x3b, 0xf3, 0x33, 0x1, 0xfc,
    0x0, 0x0, 0x3, 0xfa, 0x0, 0x0, 0x0, 0xaf,
    0x0, 0x0, 0x1f, 0xff, 0xff, 0xff, 0xff, 0xa0,
    0x0, 0x0, 0xa, 0xf0, 0x0, 0x1, 0xff, 0xbb,
    0xbb, 0xbc, 0xfa, 0x0, 0x0, 0x0, 0xaf, 0x0,
    0x0, 0x1f, 0xc0, 0x0, 0x0, 0x3f, 0xa0, 0x0,
    0x0, 0xa, 0xf0, 0x4d, 0x11, 0xfc, 0x0, 0x0,
    0x3, 0xfa, 0x0, 0x0, 0x0, 0xaf, 0xbf, 0xd2,
    0x1f, 0xff, 0xff, 0xff, 0xff, 0xa0, 0x0, 0x0,
    0xa, 0xfd, 0x50, 0x1, 0xfe, 0xaa, 0xaa, 0xab,
    0xfa, 0x0, 0x0, 0x0, 0x15, 0x0, 0x0, 0x1f,
    0xc0, 0x0, 0x0, 0x3f, 0xa0,

    /* U+952E "键" */
    0x0, 0x5, 0x40, 0x0, 0x0, 0x0, 0x0, 0x0,
    0x59, 0x0, 0x0, 0x0, 0x0, 0xdf, 0x0, 0x0,
    0xaa, 0xaa, 0x40, 0x9, 0xf1, 0x0, 0x0, 0x0,
    0x1f, 0xb0, 0x0, 0xd, 0xde, 0xf6, 0xad, 0xef,
    0xdd, 0xd7, 0x0, 0x7, 0xfd, 0xbb, 0xb0, 0x0,
    0xcf, 0x18, 0xad, 0xfb, 0xaf, 0x90, 0x0, 0xdf,
    0xff, 0xff, 0x10, 0x3f, 0x90, 0x0, 0x9f, 0x10,
    0xf9, 0x0, 0x4f, 0x90, 0x0, 0x0, 0xb, 0xf2,
    0x8a, 0xad, 0xfa, 0xaf, 0xd8, 0xd, 0xf2, 0x0,
    0x0, 0x2, 0xfa, 0xd, 0xff, 0xff, 0xff, 0xff,
    0xc0, 0x77, 0xdd, 0xdd, 0x90, 0xaf, 0x30, 0x0,
    0x9, 0xf1, 0xf, 0x90, 0x0, 0xb, 0xff, 0xb8,
    0xe, 0xfd, 0xd2, 0x45, 0xbf, 0x65, 0xf9, 0x0,
    0x0, 0xd, 0xe0, 0x0, 0x9a, 0xdf, 0x2d, 0xff,
    0xff, 0xff, 0x90, 0x0, 0x0, 0xde, 0x0, 0x0,
    0x9, 0xf1, 0x12, 0xaf, 0x32, 0x21, 0x0, 0x0,
    0xd, 0xe0, 0x1, 0x91, 0xbf, 0x1, 0x1a, 0xf2,
    0x11, 0x0, 0x4, 0xbb, 0xff, 0xbb, 0x4f, 0x5e,
    0xd1, 0xff, 0xff, 0xff, 0xfc, 0x0, 0x6f, 0xff,
    0xff, 0xf2, 0xf9, 0xfb, 0x6, 0x6c, 0xf7, 0x66,
    0x50, 0x0, 0x0, 0xde, 0x0, 0xd, 0xef, 0x80,
    0x0, 0x9f, 0x10, 0x0, 0x0, 0x0, 0xd, 0xe0,
    0x0, 0x8f, 0xf4, 0x9e, 0xef, 0xfe, 0xee, 0xe4,
    0x0, 0x0, 0xde, 0x0, 0x3, 0xff, 0x6, 0x99,
    0xdf, 0xa9, 0x99, 0x30, 0x0, 0xd, 0xe0, 0x0,
    0x2f, 0xf1, 0x0, 0x9, 0xf1, 0x0, 0x0, 0x0,
    0x0, 0xde, 0x4b, 0x9, 0xff, 0xb0, 0x0, 0x9f,
    0x10, 0x0, 0x0, 0x0, 0xd, 0xff, 0xf2, 0xfa,
    0x9f, 0xd5, 0x10, 0x0, 0x0, 0x0, 0x0, 0x0,
    0xdf, 0xe5, 0xcf, 0x20, 0x9f, 0xff, 0xed, 0xcc,
    0xcc, 0x80, 0x0, 0x5, 0x81, 0xc, 0x70, 0x0,
    0x28, 0xce, 0xff, 0xff, 0xf5, 0x0, 0x0, 0x0,
    0x0, 0x10, 0x0, 0x0, 0x0, 0x0, 0x0, 0x0,
    0x0,

    /* U+957F "长" */
    0x0, 0x0, 0x4, 0x50, 0x0, 0x0, 0x0, 0x0,
    0x0, 0x0, 0x0, 0x0, 0x0, 0xd, 0xf0, 0x0,
    0x0, 0x0, 0x2, 0xe8, 0x0, 0x0, 0x0, 0x0,
    0xd, 0xf0, 0x0, 0x0, 0x0, 0x2d, 0xfb, 0x0,
    0x0, 0x0, 0x0, 0xd, 0xf0, 0x0, 0x0, 0x3,
    0xef, 0xc0, 0x0, 0x0, 0x0, 0x0, 0xd, 0xf0,
    0x0, 0x0, 0x6f, 0xfb, 0x0, 0x0, 0x0, 0x0,
    0x0, 0xd, 0xf0, 0x0, 0x2b, 0xff, 0x90, 0x0,
    0x0, 0x0, 0x0, 0x0, 0xd, 0xf0, 0x7, 0xff,
    0xe5, 0x0, 0x0, 0x0, 0x0, 0x0, 0x0, 0xd,
    0xf0, 0x6, 0xf9, 0x10, 0x0, 0x0, 0x0, 0x0,
    0x0, 0x0, 0xd, 0xf0, 0x0, 0x20, 0x0, 0x0,
    0x0, 0x0, 0x0, 0x9c, 0xcc, 0xcf, 0xfc, 0xcc,
    0xcc, 0xcc, 0xcc, 0xcc, 0xcc, 0xc0, 0xbf, 0xff,
    0xff, 0xff, 0xff, 0xff, 0xff, 0xff, 0xff, 0xff,
    0xf1, 0x0, 0x0, 0xd, 0xf0, 0x0, 0x8f, 0x90,
    0x0, 0x0, 0x0, 0x0, 0x0, 0x0, 0xd, 0xf0,
    0x0, 0x2f, 0xf2, 0x0, 0x0, 0x0, 0x0, 0x0,
    0x0, 0xd, 0xf0, 0x0, 0xa, 0xfa, 0x0, 0x0,
    0x0, 0x0, 0x0, 0x0, 0xd, 0xf0, 0x0, 0x2,
    0xff, 0x60, 0x0, 0x0, 0x0, 0x0, 0x0, 0xd,
    0xf0, 0x0, 0x0, 0x7f, 0xf4, 0x0, 0x0, 0x0,
    0x0, 0x0, 0xd, 0xf0, 0x0, 0x0, 0xa, 0xff,
    0x50, 0x0, 0x0, 0x0, 0x0, 0xd, 0xf0, 0x1,
    0x50, 0x0, 0xbf, 0xf9, 0x0, 0x0, 0x0, 0x0,
    0xd, 0xf0, 0x5e, 0xd0, 0x0, 0xa, 0xff, 0xe6,
    0x0, 0x0, 0x0, 0xd, 0xfb, 0xff, 0x50, 0x0,
    0x0, 0x6f, 0xff, 0xd0, 0x0, 0x0, 0xd, 0xff,
    0xb1, 0x0, 0x0, 0x0, 0x1, 0x9f, 0x60, 0x0,
    0x0, 0x8, 0xc3, 0x0, 0x0, 0x0, 0x0, 0x0,
    0x1, 0x0, 0x0, 0x0, 0x0, 0x0, 0x0, 0x0,
    0x0, 0x0, 0x0, 0x0, 0x0,

    /* U+95E8 "门" */
    0x0, 0x8, 0x0, 0x0, 0x0, 0x0, 0x0, 0x0,
    0x0, 0x0, 0x0, 0x9f, 0xa0, 0x4, 0xaa, 0xaa,
    0xaa, 0xaa, 0xaa, 0xa1, 0x0, 0xd, 0xf4, 0x6,
    0xff, 0xff, 0xff, 0xff, 0xff, 0xf2, 0x0, 0x5,
    0xf8, 0x0, 0x0, 0x0, 0x0, 0x0, 0xc, 0xf2,
    0x45, 0x0, 0x30, 0x0, 0x0, 0x0, 0x0, 0x0,
    0xc, 0xf2, 0xcf, 0x10, 0x0, 0x0, 0x0, 0x0,
    0x0, 0x0, 0xc, 0xf2, 0xcf, 0x10, 0x0, 0x0,
    0x0, 0x0, 0x0, 0x0, 0xc, 0xf2, 0xcf, 0x10,
    0x0, 0x0, 0x0, 0x0, 0x0, 0x0, 0xc, 0xf2,
    0xcf, 0x10, 0x0, 0x0, 0x0, 0x0, 0x0, 0x0,
    0xc, 0xf2, 0xcf, 0x10, 0x0, 0x0, 0x0, 0x0,
    0x0, 0x0, 0xc, 0xf2, 0xcf, 0x10, 0x0, 0x0,
    0x0, 0x0, 0x0, 0x0, 0xc, 0xf2, 0xcf, 0x10,
    0x0, 0x0, 0x0, 0x0, 0x0, 0x0, 0xc, 0xf2,
    0xcf, 0x10, 0x0, 0x0, 0x0, 0x0, 0x0, 0x0,
    0xc, 0xf2, 0xcf, 0x10, 0x0, 0x0, 0x0, 0x0,
    0x0, 0x0, 0xc, 0xf2, 0xcf, 0x10, 0x0, 0x0,
    0x0, 0x0, 0x0, 0x0, 0xc, 0xf2, 0xcf, 0x10,
    0x0, 0x0, 0x0, 0x0, 0x0, 0x0, 0xc, 0xf2,
    0xcf, 0x10, 0x0, 0x0, 0x0, 0x0, 0x0, 0x0,
    0xc, 0xf2, 0xcf, 0x10, 0x0, 0x0, 0x0, 0x0,
    0x0, 0x0, 0xc, 0xf2, 0xcf, 0x10, 0x0, 0x0,
    0x0, 0x0, 0x0, 0x0, 0xc, 0xf2, 0xcf, 0x10,
    0x0, 0x0, 0x0, 0x0, 0x0, 0x0, 0xd, 0xf1,
    0xcf, 0x10, 0x0, 0x0, 0x0, 0x0, 0x0, 0x1f,
    0xef, 0xf0, 0xcf, 0x10, 0x0, 0x0, 0x0, 0x0,
    0x0, 0xd, 0xfe, 0x50,

    /* U+95EE "问" */
    0x0, 0x8, 0x10, 0x0, 0x0, 0x0, 0x0, 0x0,
    0x0, 0x0, 0x0, 0x8f, 0xb0, 0x4, 0xaa, 0xaa,
    0xaa, 0xaa, 0xaa, 0xa1, 0x0, 0xd, 0xf5, 0x6,
    0xff, 0xff, 0xff, 0xff, 0xff, 0xf2, 0x0, 0x4,
    0xfa, 0x0, 0x0, 0x0, 0x0, 0x0, 0xc, 0xf2,
    0x45, 0x0, 0x40, 0x0, 0x0, 0x0, 0x0, 0x0,
    0xc, 0xf2, 0xcf, 0x10, 0x0, 0x0, 0x0, 0x0,
    0x0, 0x0, 0xc, 0xf2, 0xcf, 0x10, 0x0, 0x0,
    0x0, 0x0, 0x0, 0x0, 0xc, 0xf2, 0xcf, 0x10,
    0x0, 0x0, 0x0, 0x0, 0x0, 0x0, 0xc, 0xf2,
    0xcf, 0x10, 0xd, 0xff, 0xff, 0xff, 0xff, 0x0,
    0xc, 0xf2, 0xcf, 0x10, 0xd, 0xfc, 0xbb, 0xbb,
    0xff, 0x0, 0xc, 0xf2, 0xcf, 0x10, 0xd, 0xf1,
    0x0, 0x0, 0xef, 0x0, 0xc, 0xf2, 0xcf, 0x10,
    0xd, 0xf1, 0x0, 0x0, 0xef, 0x0, 0xc, 0xf2,
    0xcf, 0x10, 0xd, 0xf1, 0x0, 0x0, 0xef, 0x0,
    0xc, 0xf2, 0xcf, 0x10, 0xd, 0xf1, 0x0, 0x0,
    0xef, 0x0, 0xc, 0xf2, 0xcf, 0x10, 0xd, 0xf1,
    0x0, 0x0, 0xef, 0x0, 0xc, 0xf2, 0xcf, 0x10,
    0xd, 0xff, 0xff, 0xff, 0xff, 0x0, 0xc, 0xf2,
    0xcf, 0x10, 0xa, 0xdd, 0xdd, 0xdd, 0xdd, 0x0,
    0xc, 0xf2, 0xcf, 0x10, 0x0, 0x0, 0x0, 0x0,
    0x0, 0x0, 0xc, 0xf2, 0xcf, 0x10, 0x0, 0x0,
    0x0, 0x0, 0x0, 0x0, 0xc, 0xf2, 0xcf, 0x10,
    0x0, 0x0, 0x0, 0x0, 0x0, 0x0, 0xd, 0xf1,
    0xcf, 0x10, 0x0, 0x0, 0x0, 0x0, 0x0, 0xf,
    0xef, 0xf0, 0xcf, 0x10, 0x0, 0x0, 0x0, 0x0,
    0x0, 0xb, 0xfe, 0x50,

    /* U+95F4 "间" */
    0x0, 0x8, 0x0, 0x0, 0x0, 0x0, 0x0, 0x0,
    0x0, 0x0, 0x0, 0x9f, 0x90, 0x4, 0xaa, 0xaa,
    0xaa, 0xaa, 0xaa, 0xa1, 0x0, 0xd, 0xf3, 0x6,
    0xff, 0xff, 0xff, 0xff, 0xff, 0xf2, 0x0, 0x5,
    0xf7, 0x0, 0x0, 0x0, 0x0, 0x0, 0xc, 0xf2,
    0x45, 0x0, 0x30, 0x0, 0x0, 0x0, 0x0, 0x0,
    0xc, 0xf2, 0xcf, 0x10, 0x0, 0x0, 0x0, 0x0,
    0x0, 0x0, 0xc, 0xf2, 0xcf, 0x10, 0x0, 0x0,
    0x0, 0x0, 0x0, 0x0, 0xc, 0xf2, 0xcf, 0x10,
    0xb, 0xff, 0xff, 0xff, 0xff, 0x0, 0xc, 0xf2,
    0xcf, 0x10, 0xb, 0xfa, 0xaa, 0xaa, 0xef, 0x0,
    0xc, 0xf2, 0xcf, 0x10, 0xb, 0xf1, 0x0, 0x0,
    0xcf, 0x0, 0xc, 0xf2, 0xcf, 0x10, 0xb, 0xf1,
    0x0, 0x0, 0xcf, 0x0, 0xc, 0xf2, 0xcf, 0x10,
    0xb, 0xfc, 0xbb, 0xbb, 0xff, 0x0, 0xc, 0xf2,
    0xcf, 0x10, 0xb, 0xff, 0xff, 0xff, 0xff, 0x0,
    0xc, 0xf2, 0xcf, 0x10, 0xb, 0xf1, 0x0, 0x0,
    0xcf, 0x0, 0xc, 0xf2, 0xcf, 0x10, 0xb, 0xf1,
    0x0, 0x0, 0xcf, 0x0, 0xc, 0xf2, 0xcf, 0x10,
    0xb, 0xf1, 0x0, 0x0, 0xcf, 0x0, 0xc, 0xf2,
    0xcf, 0x10, 0xb, 0xfa, 0xaa, 0xaa, 0xef, 0x0,
    0xc, 0xf2, 0xcf, 0x10, 0xa, 0xff, 0xff, 0xff,
    0xff, 0x0, 0xc, 0xf2, 0xcf, 0x10, 0x0, 0x0,
    0x0, 0x0, 0x0, 0x0, 0xc, 0xf2, 0xcf, 0x10,
    0x0, 0x0, 0x0, 0x0, 0x0, 0x0, 0xd, 0xf1,
    0xcf, 0x10, 0x0, 0x0, 0x0, 0x0, 0x0, 0xf,
    0xef, 0xf0, 0xcf, 0x10, 0x0, 0x0, 0x0, 0x0,
    0x0, 0xb, 0xfe, 0x50,

    /* U+9608 "阈" */
    0x0, 0x8, 0x10, 0x0, 0x0, 0x0, 0x0, 0x0,
    0x0, 0x0, 0x0, 0x8f, 0xb0, 0x1, 0xaa, 0xaa,
    0xaa, 0xaa, 0xaa, 0xa1, 0x0, 0xd, 0xf6, 0x2,
    0xff, 0xff, 0xff, 0xff, 0xff, 0xf2, 0x0, 0x4,
    0xfb, 0x0, 0x0, 0x0, 0x3, 0x50, 0xc, 0xf2,
    0x45, 0x0, 0x50, 0x0, 0x0, 0x79, 0xb, 0xf2,
    0xc, 0xf2, 0xcf, 0x10, 0x0, 0x0, 0x0, 0xcf,
    0x4, 0xe5, 0xc, 0xf2, 0xcf, 0x10, 0x0, 0x0,
    0x0, 0xbf, 0x0, 0x0, 0xc, 0xf2, 0xcf, 0x1a,
    0xff, 0xff, 0xff, 0xff, 0xff, 0xfe, 0xc, 0xf2,
    0xcf, 0x15, 0x88, 0x88, 0x88, 0xdf, 0x98, 0x88,
    0xc, 0xf2, 0xcf, 0x10, 0x22, 0x22, 0x20, 0x9f,
    0x20, 0x61, 0xc, 0xf2, 0xcf, 0x11, 0xff, 0xff,
    0xf5, 0x7f, 0x32, 0xf9, 0xc, 0xf2, 0xcf, 0x11,
    0xf9, 0x46, 0xf5, 0x5f, 0x47, 0xf5, 0xc, 0xf2,
    0xcf, 0x11, 0xf6, 0x2, 0xf5, 0x2f, 0x7c, 0xf0,
    0xc, 0xf2, 0xcf, 0x11, 0xfa, 0x78, 0xf5, 0xe,
    0xbf, 0xa0, 0xc, 0xf2, 0xcf, 0x11, 0xee, 0xee,
    0xe5, 0xb, 0xff, 0x40, 0xc, 0xf2, 0xcf, 0x10,
    0x0, 0x0, 0x0, 0x6, 0xfc, 0x0, 0xc, 0xf2,
    0xcf, 0x10, 0x36, 0x9c, 0xeb, 0xa, 0xf7, 0xd,
    0x6c, 0xf2, 0xcf, 0x19, 0xff, 0xfb, 0x84, 0x5f,
    0xfd, 0x3f, 0x5c, 0xf2, 0xcf, 0x13, 0x63, 0x0,
    0x5, 0xfc, 0x3f, 0xfe, 0xc, 0xf2, 0xcf, 0x10,
    0x0, 0x0, 0xe, 0xb1, 0x6, 0xb3, 0xd, 0xf1,
    0xcf, 0x10, 0x0, 0x0, 0x2, 0x0, 0x0, 0xd,
    0xef, 0xf0, 0xcf, 0x10, 0x0, 0x0, 0x0, 0x0,
    0x0, 0x9, 0xfe, 0x60,

    /* U+961F "队" */
    0x0, 0x0, 0x0, 0x0, 0x0, 0x0, 0x5, 0x92,
    0x0, 0x0, 0x0, 0xd, 0xdd, 0xdd, 0xdd, 0xc0,
    0x0, 0xa, 0xf4, 0x0, 0x0, 0x0, 0xf, 0xff,
    0xff, 0xff, 0xf0, 0x0, 0xa, 0xf4, 0x0, 0x0,
    0x0, 0xf, 0xc0, 0x0, 0x8f, 0xb0, 0x0, 0xb,
    0xf4, 0x0, 0x0, 0x0, 0xf, 0xc0, 0x0, 0xef,
    0x30, 0x0, 0xb, 0xf4, 0x0, 0x0, 0x0, 0xf,
    0xc0, 0x6, 0xfb, 0x0, 0x0, 0xc, 0xf3, 0x0,
    0x0, 0x0, 0xf, 0xc0, 0xd, 0xf3, 0x0, 0x0,
    0xd, 0xf2, 0x0, 0x0, 0x0, 0xf, 0xc0, 0x4f,
    0xb0, 0x0, 0x0, 0xe, 0xf1, 0x0, 0x0, 0x0,
    0xf, 0xc0, 0xaf, 0x70, 0x0, 0x0, 0xf, 0xf1,
    0x0, 0x0, 0x0, 0xf, 0xc0, 0x2f, 0xf1, 0x0,
    0x0, 0x1f, 0xf4, 0x0, 0x0, 0x0, 0xf, 0xc0,
    0x7, 0xf9, 0x0, 0x0, 0x3f, 0xf8, 0x0, 0x0,
    0x0, 0xf, 0xc0, 0x0, 0xff, 0x0, 0x0, 0x6f,
    0xfe, 0x0, 0x0, 0x0, 0xf, 0xc0, 0x0, 0xbf,
    0x20, 0x0, 0xaf, 0xdf, 0x40, 0x0, 0x0, 0xf,
    0xc0, 0x0, 0xaf, 0x30, 0x0, 0xef, 0x4f, 0xa0,
    0x0, 0x0, 0xf, 0xc0, 0x0, 0xdf, 0x10, 0x5,
    0xfd, 0xb, 0xf2, 0x0, 0x0, 0xf, 0xc8, 0xee,
    0xfb, 0x0, 0xc, 0xf7, 0x4, 0xfa, 0x0, 0x0,
    0xf, 0xc5, 0xff, 0xc2, 0x0, 0x5f, 0xe0, 0x0,
    0xcf, 0x40, 0x0, 0xf, 0xc0, 0x0, 0x0, 0x1,
    0xef, 0x50, 0x0, 0x3f, 0xe1, 0x0, 0xf, 0xc0,
    0x0, 0x0, 0x1d, 0xfa, 0x0, 0x0, 0x8, 0xfc,
    0x0, 0xf, 0xc0, 0x0, 0x1, 0xcf, 0xc0, 0x0,
    0x0, 0x0, 0xdf, 0xc1, 0xf, 0xc0, 0x0, 0x1e,
    0xfc, 0x10, 0x0, 0x0, 0x0, 0x1d, 0xf9, 0xf,
    0xc0, 0x0, 0x7, 0xb0, 0x0, 0x0, 0x0, 0x0,
    0x2, 0x80, 0x0, 0x0, 0x0, 0x0, 0x0, 0x0,
    0x0, 0x0, 0x0, 0x0, 0x0,

    /* U+9640 "陀" */
    0x0, 0x0, 0x0, 0x0, 0x0, 0x0, 0x0, 0x20,
    0x0, 0x0, 0x0, 0x7, 0x77, 0x77, 0x77, 0x0,
    0x0, 0xd, 0xf2, 0x0, 0x0, 0x0, 0x1f, 0xff,
    0xff, 0xff, 0x0, 0x0, 0x7, 0xfa, 0x0, 0x0,
    0x0, 0x1f, 0xb3, 0x34, 0xfd, 0x0, 0x0, 0x1,
    0xff, 0x10, 0x0, 0x0, 0x1f, 0x90, 0x6, 0xf6,
    0x9f, 0xff, 0xff, 0xff, 0xff, 0xff, 0xf2, 0x1f,
    0x90, 0xc, 0xf1, 0x9f, 0xdb, 0xbb, 0xbb, 0xbb,
    0xbe, 0xf2, 0x1f, 0x90, 0x2f, 0xa0, 0x9f, 0x40,
    0x0, 0x0, 0x0, 0xb, 0xf2, 0x1f, 0x90, 0x7f,
    0x30, 0x9f, 0x40, 0x0, 0x0, 0x0, 0xb, 0xf2,
    0x1f, 0x90, 0xdd, 0x0, 0x5a, 0x38, 0x60, 0x0,
    0x0, 0x7, 0xa1, 0x1f, 0x90, 0xcf, 0x20, 0x0,
    0xf, 0xd0, 0x0, 0x0, 0x20, 0x0, 0x1f, 0x90,
    0x1f, 0xb0, 0x0, 0xf, 0xd0, 0x0, 0x8, 0xf9,
    0x0, 0x1f, 0x90, 0x9, 0xf3, 0x0, 0xf, 0xd0,
    0x16, 0xdf, 0xf8, 0x0, 0x1f, 0x90, 0x3, 0xf7,
    0x0, 0xf, 0xea, 0xff, 0xfa, 0x20, 0x0, 0x1f,
    0x90, 0x1, 0xfa, 0x0, 0xf, 0xff, 0xf9, 0x20,
    0x0, 0x0, 0x1f, 0x90, 0x1, 0xf9, 0x0, 0xf,
    0xe5, 0x0, 0x0, 0x0, 0x0, 0x1f, 0x94, 0x37,
    0xf7, 0x0, 0xf, 0xd0, 0x0, 0x0, 0x1, 0x0,
    0x1f, 0x9a, 0xff, 0xf1, 0x0, 0xf, 0xd0, 0x0,
    0x0, 0x6, 0xf7, 0x1f, 0x94, 0x98, 0x20, 0x0,
    0xf, 0xd0, 0x0, 0x0, 0x7, 0xf8, 0x1f, 0x90,
    0x0, 0x0, 0x0, 0xf, 0xd0, 0x0, 0x0, 0x9,
    0xf6, 0x1f, 0x90, 0x0, 0x0, 0x0, 0xf, 0xe1,
    0x0, 0x0, 0x4e, 0xf3, 0x1f, 0x90, 0x0, 0x0,
    0x0, 0xe, 0xff, 0xff, 0xff, 0xff, 0xd0, 0x1f,
    0x90, 0x0, 0x0, 0x0, 0x3, 0xbe, 0xff, 0xff,
    0xd9, 0x20,

    /* U+9644 "附" */
    0x0, 0x0, 0x0, 0x0, 0x0, 0x45, 0x0, 0x0,
    0x0, 0x59, 0x20, 0xa, 0xaa, 0xaa, 0xa9, 0x0,
    0xaf, 0x20, 0x0, 0x0, 0xaf, 0x30, 0x1f, 0xff,
    0xff, 0xff, 0x0, 0xde, 0x0, 0x0, 0x0, 0xaf,
    0x30, 0x1f, 0xa0, 0x2, 0xfc, 0x1, 0xf9, 0x0,
    0x0, 0x0, 0xaf, 0x30, 0x1f, 0x90, 0x7, 0xf5,
    0x5, 0xf5, 0x0, 0x0, 0x0, 0xaf, 0x30, 0x1f,
    0x90, 0xd, 0xe0, 0x9, 0xf1, 0xb, 0xbb, 0xbb,
    0xef, 0xc9, 0x1f, 0x90, 0x3f, 0x80, 0xe, 0xf1,
    0xf, 0xff, 0xff, 0xff, 0xfd, 0x1f, 0x90, 0x9f,
    0x20, 0x3f, 0xf1, 0x0, 0x0, 0x0, 0xaf, 0x40,
    0x1f, 0x90, 0xed, 0x0, 0x9f, 0xf1, 0x0, 0x10,
    0x0, 0xaf, 0x30, 0x1f, 0x90, 0xaf, 0x40, 0xff,
    0xf1, 0x5, 0xf3, 0x0, 0xaf, 0x30, 0x1f, 0x90,
    0xe, 0xd2, 0xfe, 0xf1, 0x5, 0xfa, 0x0, 0xaf,
    0x30, 0x1f, 0x90, 0x8, 0xf4, 0x99, 0xf1, 0x0,
    0xef, 0x10, 0xaf, 0x30, 0x1f, 0x90, 0x3, 0xf8,
    0x9, 0xf1, 0x0, 0x8f, 0x70, 0xaf, 0x30, 0x1f,
    0x90, 0x0, 0xfa, 0x9, 0xf1, 0x0, 0x3f, 0xc0,
    0xaf, 0x30, 0x1f, 0x90, 0x1, 0xf9, 0x9, 0xf1,
    0x0, 0xf, 0xf1, 0xaf, 0x30, 0x1f, 0x94, 0x38,
    0xf7, 0x9, 0xf1, 0x0, 0x9, 0x50, 0xaf, 0x30,
    0x1f, 0x9a, 0xff, 0xe1, 0x9, 0xf1, 0x0, 0x0,
    0x0, 0xaf, 0x30, 0x1f, 0x94, 0x98, 0x20, 0x9,
    0xf1, 0x0, 0x0, 0x0, 0xaf, 0x30, 0x1f, 0x90,
    0x0, 0x0, 0x9, 0xf1, 0x0, 0x0, 0x0, 0xaf,
    0x30, 0x1f, 0x90, 0x0, 0x0, 0x9, 0xf1, 0x0,
    0x0, 0x0, 0xbf, 0x30, 0x1f, 0x90, 0x0, 0x0,
    0x9, 0xf1, 0x0, 0x5, 0xfe, 0xff, 0x10, 0x1f,
    0x90, 0x0, 0x0, 0x9, 0xf1, 0x0, 0x1, 0xdf,
    0xe7, 0x0,

    /* U+964D "降" */
    0x0, 0x0, 0x0, 0x0, 0x0, 0x0, 0x41, 0x0,
    0x0, 0x0, 0x0, 0x7, 0x77, 0x77, 0x77, 0x0,
    0x3, 0xfd, 0x0, 0x0, 0x0, 0x0, 0x1f, 0xff,
    0xff, 0xff, 0x0, 0xb, 0xfc, 0x88, 0x88, 0x88,
    0x0, 0x1f, 0xb3, 0x34, 0xfd, 0x0, 0x5f, 0xff,
    0xff, 0xff, 0xff, 0x0, 0x1f, 0x90, 0x6, 0xf6,
    0x2, 0xff, 0x70, 0x0, 0xb, 0xf8, 0x0, 0x1f,
    0x90, 0xc, 0xf0, 0x2e, 0xff, 0xf6, 0x0, 0x9f,
    0xc0, 0x0, 0x1f, 0x90, 0x2f, 0x90, 0xaf, 0x72,
    0xef, 0xbb, 0xfd, 0x10, 0x0, 0x1f, 0x90, 0x8f,
    0x20, 0x4, 0x0, 0x2e, 0xff, 0xf6, 0x0, 0x0,
    0x1f, 0x90, 0xed, 0x0, 0x1, 0x4a, 0xff, 0xfc,
    0xff, 0xfb, 0x72, 0x1f, 0x90, 0xaf, 0x40, 0x8f,
    0xff, 0xf9, 0x11, 0x5b, 0xff, 0xf9, 0x1f, 0x90,
    0x1f, 0xc0, 0x2f, 0xb6, 0x10, 0xb, 0xf2, 0x16,
    0xa2, 0x1f, 0x90, 0x8, 0xf3, 0x1, 0x22, 0x22,
    0x2c, 0xf3, 0x22, 0x10, 0x1f, 0x90, 0x3, 0xf7,
    0xe, 0xff, 0xff, 0xff, 0xff, 0xff, 0xc0, 0x1f,
    0x90, 0x1, 0xfa, 0x9, 0xaa, 0xaa, 0xae, 0xfb,
    0xaa, 0x80, 0x1f, 0x90, 0x0, 0xf9, 0x1, 0xc4,
    0x0, 0xb, 0xf2, 0x0, 0x0, 0x1f, 0x91, 0x5,
    0xf7, 0x9, 0xf8, 0x0, 0xb, 0xf2, 0x0, 0x0,
    0x1f, 0x9b, 0xff, 0xf2, 0x2f, 0xf2, 0x11, 0x1c,
    0xf3, 0x11, 0x10, 0x1f, 0x95, 0xdc, 0x40, 0x5f,
    0xff, 0xff, 0xff, 0xff, 0xff, 0xf4, 0x1f, 0x90,
    0x0, 0x0, 0x9, 0xaa, 0xaa, 0xae, 0xfa, 0xaa,
    0xa2, 0x1f, 0x90, 0x0, 0x0, 0x0, 0x0, 0x0,
    0xb, 0xf2, 0x0, 0x0, 0x1f, 0x90, 0x0, 0x0,
    0x0, 0x0, 0x0, 0xb, 0xf2, 0x0, 0x0, 0x1f,
    0x90, 0x0, 0x0, 0x0, 0x0, 0x0, 0xb, 0xf2,
    0x0, 0x0,

    /* U+9664 "除" */
    0x0, 0x0, 0x0, 0x0, 0x0, 0x0, 0x4, 0x30,
    0x0, 0x0, 0x0, 0x59, 0x99, 0x99, 0x50, 0x0,
    0x0, 0x2f, 0xf1, 0x0, 0x0, 0x0, 0xaf, 0xff,
    0xff, 0xa0, 0x0, 0x0, 0xcf, 0xfa, 0x0, 0x0,
    0x0, 0xaf, 0x20, 0x5f, 0x70, 0x0, 0x9, 0xfd,
    0xdf, 0xa0, 0x0, 0x0, 0xaf, 0x20, 0xbf, 0x10,
    0x0, 0x8f, 0xf2, 0x1d, 0xfc, 0x10, 0x0, 0xaf,
    0x22, 0xfa, 0x0, 0x8, 0xff, 0x40, 0x1, 0xcf,
    0xf5, 0x0, 0xaf, 0x28, 0xf4, 0x0, 0xaf, 0xf5,
    0x0, 0x0, 0xa, 0xff, 0xc3, 0xaf, 0x2e, 0xd0,
    0xd, 0xfe, 0x49, 0x99, 0x99, 0x97, 0x7f, 0xf7,
    0xaf, 0x6f, 0xc0, 0x6, 0xb1, 0x1f, 0xff, 0xff,
    0xfc, 0x2, 0x90, 0xaf, 0x2b, 0xf4, 0x0, 0x0,
    0x1, 0x1c, 0xf3, 0x11, 0x0, 0x0, 0xaf, 0x22,
    0xfc, 0x0, 0x0, 0x0, 0xc, 0xf2, 0x0, 0x0,
    0x0, 0xaf, 0x20, 0xbf, 0x20, 0x0, 0x0, 0xc,
    0xf2, 0x0, 0x0, 0x0, 0xaf, 0x20, 0x7f, 0x5f,
    0xff, 0xff, 0xff, 0xff, 0xff, 0xff, 0xf0, 0xaf,
    0x20, 0x4f, 0x7b, 0xbb, 0xbb, 0xbe, 0xfc, 0xbb,
    0xbb, 0xb0, 0xaf, 0x20, 0x4f, 0x80, 0x1, 0x10,
    0xc, 0xf2, 0x0, 0x0, 0x0, 0xaf, 0x30, 0x8f,
    0x60, 0xb, 0xf4, 0xc, 0xf2, 0x2d, 0xb0, 0x0,
    0xaf, 0x8f, 0xff, 0x10, 0x6f, 0xe0, 0xc, 0xf2,
    0xc, 0xfa, 0x0, 0xaf, 0x4a, 0x92, 0x4, 0xff,
    0x40, 0xc, 0xf2, 0x1, 0xdf, 0x70, 0xaf, 0x20,
    0x0, 0x3f, 0xf9, 0x0, 0xc, 0xf2, 0x0, 0x2f,
    0xf2, 0xaf, 0x20, 0x0, 0xbf, 0xb0, 0x21, 0xd,
    0xf1, 0x0, 0x7, 0xfb, 0xaf, 0x20, 0x0, 0x7,
    0x0, 0xaf, 0xff, 0xf0, 0x0, 0x0, 0x60, 0xaf,
    0x20, 0x0, 0x0, 0x0, 0x5c, 0xec, 0x40, 0x0,
    0x0, 0x0,

    /* U+968F "随" */
    0x0, 0x0, 0x0, 0x0, 0x0, 0x0, 0x0, 0x2,
    0x0, 0x0, 0x0, 0x58, 0x88, 0x88, 0x50, 0x11,
    0x0, 0x0, 0x1f, 0xd0, 0x0, 0x0, 0xaf, 0xff,
    0xff, 0xa4, 0xf8, 0x0, 0x0, 0x8f, 0x70, 0x0,
    0x0, 0xaf, 0x31, 0x6f, 0x70, 0xed, 0x7, 0xbb,
    0xff, 0xcb, 0xbb, 0xb0, 0xaf, 0x20, 0xbf, 0x10,
    0x9f, 0x3a, 0xff, 0xff, 0xff, 0xff, 0xf0, 0xaf,
    0x21, 0xfb, 0x0, 0x4a, 0x20, 0x4f, 0xe1, 0x0,
    0x0, 0x0, 0xaf, 0x27, 0xf5, 0x0, 0x0, 0x2,
    0xef, 0x60, 0x0, 0x0, 0x0, 0xaf, 0x2d, 0xe0,
    0x0, 0x0, 0x1d, 0xff, 0xff, 0xff, 0xff, 0xc0,
    0xaf, 0x6f, 0xb0, 0x1, 0x22, 0x5f, 0xcf, 0xd9,
    0x99, 0x9f, 0xc0, 0xaf, 0x2d, 0xf3, 0x8, 0xff,
    0xa4, 0x1f, 0xa0, 0x0, 0xe, 0xc0, 0xaf, 0x23,
    0xfb, 0x5, 0xaf, 0xa0, 0x1f, 0xd8, 0x88, 0x8f,
    0xc0, 0xaf, 0x20, 0xcf, 0x10, 0xe, 0xa0, 0x1f,
    0xff, 0xff, 0xff, 0xc0, 0xaf, 0x20, 0x7f, 0x50,
    0xe, 0xa0, 0x1f, 0xa0, 0x0, 0xe, 0xc0, 0xaf,
    0x20, 0x4f, 0x70, 0xe, 0xa0, 0x1f, 0xd9, 0x99,
    0x9f, 0xc0, 0xaf, 0x20, 0x4f, 0x80, 0xe, 0xa0,
    0x1f, 0xff, 0xff, 0xff, 0xc0, 0xaf, 0x30, 0x7f,
    0x60, 0xe, 0xa0, 0x1f, 0xa0, 0x0, 0xe, 0xc0,
    0xaf, 0x8f, 0xff, 0x10, 0xe, 0xa0, 0x1f, 0xa0,
    0x0, 0xf, 0xc0, 0xaf, 0x4a, 0x92, 0x0, 0xe,
    0xa0, 0x1f, 0xa0, 0x2b, 0xbf, 0xa0, 0xaf, 0x20,
    0x0, 0x0, 0xf, 0xd1, 0xe, 0x80, 0xd, 0xec,
    0x20, 0xaf, 0x20, 0x0, 0x4, 0xef, 0xdd, 0x61,
    0x0, 0x0, 0x0, 0x0, 0xaf, 0x20, 0x0, 0x1f,
    0xf4, 0x2d, 0xff, 0xff, 0xee, 0xee, 0xe3, 0xaf,
    0x20, 0x0, 0x7, 0x50, 0x0, 0x6b, 0xef, 0xff,
    0xff, 0xd0,

    /* U+96C6 "集" */
    0x0, 0x0, 0x1, 0x50, 0x0, 0x0, 0x40, 0x0,
    0x0, 0x0, 0x0, 0x0, 0x0, 0x0, 0xaf, 0x70,
    0x0, 0x9f, 0x40, 0x0, 0x0, 0x0, 0x0, 0x0,
    0x0, 0x4f, 0xf9, 0x88, 0x8a, 0xfd, 0x88, 0x88,
    0x88, 0x84, 0x0, 0x0, 0x1e, 0xff, 0xff, 0xff,
    0xff, 0xff, 0xff, 0xff, 0xff, 0x90, 0x0, 0x1d,
    0xff, 0x0, 0x0, 0x2, 0xfc, 0x0, 0x0, 0x0,
    0x0, 0x0, 0x1d, 0xff, 0xf8, 0x88, 0x88, 0x9f,
    0xe8, 0x88, 0x88, 0x83, 0x0, 0xc, 0xfb, 0xef,
    0xff, 0xff, 0xff, 0xff, 0xff, 0xff, 0xff, 0x50,
    0x0, 0x58, 0xe, 0xf0, 0x0, 0x0, 0x1f, 0xc0,
    0x0, 0x0, 0x0, 0x0, 0x0, 0x0, 0xef, 0xff,
    0xff, 0xff, 0xff, 0xff, 0xff, 0xff, 0x50, 0x0,
    0x0, 0xe, 0xf7, 0x77, 0x77, 0x8f, 0xe7, 0x77,
    0x77, 0x72, 0x0, 0x0, 0x0, 0xef, 0x0, 0x0,
    0x1, 0xfc, 0x0, 0x0, 0x0, 0x0, 0x0, 0x0,
    0xe, 0xff, 0xff, 0xff, 0xff, 0xff, 0xff, 0xff,
    0xff, 0xd0, 0x0, 0x0, 0xef, 0x99, 0x99, 0x99,
    0x99, 0x99, 0x99, 0x99, 0x98, 0x0, 0x0, 0x5,
    0x50, 0x0, 0x0, 0xfd, 0x0, 0x0, 0x0, 0x0,
    0x0, 0x0, 0x0, 0x0, 0x0, 0x0, 0x1f, 0xd0,
    0x0, 0x0, 0x0, 0x0, 0x0, 0xaf, 0xff, 0xff,
    0xff, 0xff, 0xff, 0xff, 0xff, 0xff, 0xff, 0xf1,
    0x5, 0x88, 0x88, 0x88, 0xaf, 0xff, 0xff, 0xe8,
    0x88, 0x88, 0x88, 0x0, 0x0, 0x0, 0x1, 0x8f,
    0xe4, 0xfd, 0x7f, 0xc4, 0x0, 0x0, 0x0, 0x0,
    0x0, 0x39, 0xff, 0x91, 0xf, 0xd0, 0x3d, 0xfd,
    0x72, 0x0, 0x0, 0x59, 0xef, 0xfb, 0x30, 0x0,
    0xfd, 0x0, 0x6, 0xdf, 0xfd, 0x94, 0x9, 0xfe,
    0x92, 0x0, 0x0, 0xf, 0xd0, 0x0, 0x0, 0x5b,
    0xff, 0x40, 0x4, 0x0, 0x0, 0x0, 0x0, 0xfd,
    0x0, 0x0, 0x0, 0x1, 0x50,

    /* U+96F6 "零" */
    0x0, 0x44, 0x44, 0x44, 0x44, 0x44, 0x44, 0x44,
    0x44, 0x44, 0x30, 0x2, 0xff, 0xff, 0xff, 0xff,
    0xff, 0xff, 0xff, 0xff, 0xff, 0xc0, 0x0, 0x55,
    0x55, 0x55, 0x55, 0xbf, 0x85, 0x55, 0x55, 0x55,
    0x40, 0x18, 0x88, 0x88, 0x88, 0x88, 0xcf, 0xb8,
    0x88, 0x88, 0x88, 0x86, 0x3f, 0xff, 0xff, 0xff,
    0xff, 0xff, 0xff, 0xff, 0xff, 0xff, 0xfc, 0x3f,
    0xb0, 0x11, 0x11, 0x10, 0x9f, 0x50, 0x11, 0x11,
    0x11, 0xfc, 0x3f, 0xb4, 0xff, 0xff, 0xf8, 0x8f,
    0x5d, 0xff, 0xff, 0xf2, 0xfc, 0x2a, 0x71, 0x66,
    0x66, 0x63, 0x8f, 0x55, 0x66, 0x66, 0x61, 0xc9,
    0x0, 0x2, 0x77, 0x77, 0x72, 0x8f, 0x57, 0x88,
    0x88, 0x80, 0x0, 0x0, 0x5, 0xff, 0xff, 0xf6,
    0x59, 0x3c, 0xff, 0xff, 0xf0, 0x0, 0x0, 0x0,
    0x0, 0x0, 0x2, 0xce, 0x60, 0x0, 0x0, 0x0,
    0x0, 0x0, 0x0, 0x0, 0x0, 0x7f, 0xff, 0xf8,
    0x10, 0x0, 0x0, 0x0, 0x0, 0x0, 0x1, 0x8e,
    0xfc, 0x47, 0xcf, 0xfa, 0x30, 0x0, 0x0, 0x0,
    0x4, 0xaf, 0xfd, 0x60, 0xcf, 0x24, 0xcf, 0xfe,
    0x83, 0x0, 0x19, 0xef, 0xfd, 0x60, 0x0, 0x4a,
    0x20, 0x3, 0x9f, 0xff, 0xf9, 0xd, 0xf9, 0x6b,
    0xbb, 0xbb, 0xbb, 0xbb, 0xbb, 0xa0, 0x5a, 0xf5,
    0x1, 0x0, 0x4f, 0xff, 0xff, 0xff, 0xff, 0xff,
    0xe0, 0x0, 0x0, 0x0, 0x0, 0x0, 0x0, 0x0,
    0x0, 0x5, 0xff, 0x50, 0x0, 0x0, 0x0, 0x0,
    0x0, 0x4, 0xc8, 0x20, 0x8f, 0xf5, 0x0, 0x0,
    0x0, 0x0, 0x0, 0x0, 0x4, 0xbf, 0xfe, 0xfe,
    0x30, 0x0, 0x0, 0x0, 0x0, 0x0, 0x0, 0x0,
    0x2, 0x9f, 0xfe, 0x81, 0x0, 0x0, 0x0, 0x0,
    0x0, 0x0, 0x0, 0x0, 0x1, 0x8f, 0xf4, 0x0,
    0x0, 0x0, 0x0, 0x0, 0x0, 0x0, 0x0, 0x0,
    0x1, 0x30, 0x0, 0x0, 0x0,

    /* U+9700 "需" */
    0x0, 0x0, 0x0, 0x0, 0x0, 0x0, 0x0, 0x0,
    0x0, 0x0, 0x0, 0x2, 0xff, 0xff, 0xff, 0xff,
    0xff, 0xff, 0xff, 0xff, 0xff, 0x60, 0x1, 0x99,
    0x99, 0x99, 0x99, 0xcf, 0xa9, 0x99, 0x99, 0x99,
    0x30, 0x1, 0x11, 0x11, 0x11, 0x11, 0x9f, 0x41,
    0x11, 0x11, 0x11, 0x10, 0x3f, 0xff, 0xff, 0xff,
    0xff, 0xff, 0xff, 0xff, 0xff, 0xff, 0xf6, 0x3f,
    0xd7, 0x77, 0x77, 0x77, 0xcf, 0x97, 0x77, 0x77,
    0x7b, 0xf6, 0x3f, 0xb2, 0x77, 0x77, 0x74, 0x8f,
    0x36, 0x77, 0x77, 0x47, 0xf6, 0x3f, 0xb5, 0xff,
    0xff, 0xf9, 0x8f, 0x3e, 0xff, 0xff, 0x97, 0xf6,
    0x17, 0x50, 0x0, 0x0, 0x0, 0x8f, 0x30, 0x0,
    0x0, 0x4, 0x93, 0x0, 0x4, 0xaa, 0xaa, 0xa4,
    0x8f, 0x3a, 0xaa, 0xaa, 0x50, 0x0, 0x0, 0x5,
    0xcc, 0xcc, 0xc5, 0x8f, 0x3c, 0xcc, 0xcc, 0x60,
    0x0, 0x0, 0x0, 0x0, 0x0, 0x0, 0x0, 0x0,
    0x0, 0x0, 0x0, 0x0, 0xb, 0xff, 0xff, 0xff,
    0xff, 0xff, 0xff, 0xff, 0xff, 0xff, 0xf0, 0x6,
    0x88, 0x88, 0x88, 0x8b, 0xfb, 0x88, 0x88, 0x88,
    0x88, 0x80, 0x0, 0x0, 0x0, 0x0, 0x8, 0xf2,
    0x0, 0x0, 0x0, 0x0, 0x0, 0x0, 0xbf, 0xff,
    0xff, 0xff, 0xff, 0xff, 0xff, 0xff, 0xff, 0x10,
    0x0, 0xcf, 0x98, 0x8a, 0xfd, 0x88, 0x8f, 0xf8,
    0x88, 0xef, 0x10, 0x0, 0xcf, 0x20, 0x3, 0xfa,
    0x0, 0xf, 0xe0, 0x0, 0xcf, 0x10, 0x0, 0xcf,
    0x20, 0x3, 0xfa, 0x0, 0xf, 0xe0, 0x0, 0xcf,
    0x10, 0x0, 0xcf, 0x20, 0x3, 0xfa, 0x0, 0xf,
    0xe0, 0x0, 0xdf, 0x10, 0x0, 0xcf, 0x20, 0x3,
    0xfa, 0x0, 0xf, 0xe0, 0x9a, 0xff, 0x0, 0x0,
    0xad, 0x20, 0x3, 0xfa, 0x0, 0xf, 0xe0, 0xaf,
    0xe6, 0x0,

    /* U+9759 "静" */
    0x0, 0x0, 0x47, 0x10, 0x0, 0x0, 0x5, 0x0,
    0x0, 0x0, 0x0, 0x1, 0x11, 0xaf, 0x31, 0x11,
    0x0, 0x3f, 0xb0, 0x0, 0x0, 0x0, 0xbf, 0xff,
    0xff, 0xff, 0xff, 0x10, 0xcf, 0xc8, 0x88, 0x82,
    0x0, 0x68, 0x88, 0xdf, 0x98, 0x88, 0x8, 0xff,
    0xff, 0xff, 0xf3, 0x0, 0x7, 0x77, 0xcf, 0x87,
    0x73, 0x6f, 0xf2, 0x0, 0x4f, 0xf0, 0x0, 0xf,
    0xff, 0xff, 0xff, 0xf9, 0xef, 0x50, 0x0, 0xcf,
    0x70, 0x0, 0x0, 0x0, 0xaf, 0x30, 0x0, 0x45,
    0xef, 0xff, 0xff, 0xff, 0xc0, 0x9a, 0xaa, 0xdf,
    0xba, 0xaa, 0x20, 0xcd, 0xdf, 0xed, 0xdf, 0xc0,
    0xef, 0xff, 0xff, 0xff, 0xff, 0x30, 0x0, 0x1f,
    0x90, 0x1f, 0xc0, 0x0, 0x0, 0x0, 0x0, 0x0,
    0x0, 0x0, 0x1f, 0x90, 0x1f, 0xc0, 0xe, 0xee,
    0xee, 0xee, 0xe6, 0x8b, 0xbb, 0xcf, 0xeb, 0xcf,
    0xf8, 0xf, 0xea, 0xaa, 0xab, 0xf7, 0xbf, 0xff,
    0xff, 0xff, 0xff, 0xfb, 0xf, 0xc0, 0x0, 0x3,
    0xf7, 0x0, 0x0, 0x1f, 0xa0, 0x1f, 0xc0, 0xf,
    0xe8, 0x88, 0x8a, 0xf7, 0x0, 0x0, 0x1f, 0x90,
    0x1f, 0xc0, 0xf, 0xff, 0xff, 0xff, 0xf7, 0x1,
    0x33, 0x4f, 0xb3, 0x4f, 0xc0, 0xf, 0xc0, 0x0,
    0x3, 0xf7, 0x7, 0xff, 0xff, 0xff, 0xff, 0xc0,
    0xf, 0xe8, 0x88, 0x8a, 0xf7, 0x3, 0x77, 0x7f,
    0xc7, 0x7f, 0xc0, 0xf, 0xff, 0xff, 0xff, 0xf7,
    0x0, 0x0, 0x1f, 0x90, 0x9, 0x70, 0xf, 0xc0,
    0x0, 0x4, 0xf7, 0x0, 0x0, 0x1f, 0x90, 0x0,
    0x0, 0xf, 0xc0, 0x0, 0x4, 0xf7, 0x0, 0x0,
    0x1f, 0x90, 0x0, 0x0, 0xf, 0xc0, 0x7, 0xcd,
    0xf5, 0x0, 0x4d, 0xdf, 0x80, 0x0, 0x0, 0xe,
    0xb0, 0x5, 0xef, 0xa0, 0x0, 0x1e, 0xfc, 0x20,
    0x0, 0x0,

    /* U+975E "非" */
    0x0, 0x0, 0x0, 0x5, 0x70, 0x0, 0x67, 0x0,
    0x0, 0x0, 0x0, 0x0, 0x0, 0x0, 0xc, 0xf1,
    0x0, 0xdf, 0x10, 0x0, 0x0, 0x0, 0x0, 0x0,
    0x0, 0xc, 0xf1, 0x0, 0xdf, 0x10, 0x0, 0x0,
    0x0, 0x0, 0x0, 0x0, 0xc, 0xf1, 0x0, 0xdf,
    0x10, 0x0, 0x0, 0x0, 0xa, 0xcc, 0xcc, 0xcf,
    0xf1, 0x0, 0xdf, 0xcc, 0xcc, 0xcc, 0x80, 0xe,
    0xff, 0xff, 0xff, 0xf1, 0x0, 0xdf, 0xff, 0xff,
    0xff, 0xb0, 0x0, 0x0, 0x0, 0xc, 0xf1, 0x0,
    0xdf, 0x10, 0x0, 0x0, 0x0, 0x0, 0x0, 0x0,
    0xc, 0xf1, 0x0, 0xdf, 0x10, 0x0, 0x0, 0x0,
    0x0, 0x0, 0x0, 0xc, 0xf1, 0x0, 0xdf, 0x10,
    0x0, 0x0, 0x0, 0x0, 0x0, 0x0, 0xc, 0xf1,
    0x0, 0xdf, 0x10, 0x0, 0x0, 0x0, 0xe, 0xff,
    0xff, 0xff, 0xf1, 0x0, 0xdf, 0xff, 0xff, 0xfe,
    0x0, 0xa, 0xcc, 0xcc, 0xcf, 0xf1, 0x0, 0xdf,
    0xcc, 0xcc, 0xca, 0x0, 0x0, 0x0, 0x0, 0xc,
    0xf1, 0x0, 0xdf, 0x10, 0x0, 0x0, 0x0, 0x0,
    0x0, 0x0, 0xc, 0xf1, 0x0, 0xdf, 0x10, 0x0,
    0x0, 0x0, 0x0, 0x0, 0x0, 0xc, 0xf1, 0x0,
    0xdf, 0x10, 0x0, 0x0, 0x0, 0x0, 0x0, 0x0,
    0xc, 0xf1, 0x0, 0xdf, 0x10, 0x0, 0x0, 0x0,
    0xff, 0xff, 0xff, 0xff, 0xf1, 0x0, 0xdf, 0xff,
    0xff, 0xff, 0xf7, 0xbb, 0xbb, 0xbb, 0xbf, 0xf1,
    0x0, 0xdf, 0xcb, 0xbb, 0xbb, 0xb5, 0x0, 0x0,
    0x0, 0xc, 0xf1, 0x0, 0xdf, 0x10, 0x0, 0x0,
    0x0, 0x0, 0x0, 0x0, 0xc, 0xf1, 0x0, 0xdf,
    0x10, 0x0, 0x0, 0x0, 0x0, 0x0, 0x0, 0xc,
    0xf1, 0x0, 0xdf, 0x10, 0x0, 0x0, 0x0, 0x0,
    0x0, 0x0, 0xc, 0xf1, 0x0, 0xdf, 0x10, 0x0,
    0x0, 0x0, 0x0, 0x0, 0x0, 0x0, 0x0, 0x0,
    0x11, 0x0, 0x0, 0x0, 0x0,

    /* U+9760 "靠" */
    0x0, 0x0, 0x33, 0x0, 0x0, 0x76, 0x0, 0x0,
    0x0, 0x0, 0x0, 0x0, 0x2, 0xee, 0x10, 0x1,
    0xfd, 0x0, 0x0, 0x0, 0x0, 0x0, 0x0, 0x3e,
    0xff, 0xff, 0xff, 0xff, 0xff, 0xff, 0xff, 0xff,
    0x30, 0x2, 0xfe, 0x88, 0x88, 0x88, 0xfe, 0x88,
    0x88, 0x88, 0x88, 0x10, 0x0, 0x42, 0x0, 0x0,
    0x1, 0xfd, 0x0, 0x0, 0x0, 0x0, 0x0, 0xef,
    0xff, 0xff, 0xff, 0xff, 0xff, 0xff, 0xff, 0xff,
    0xff, 0xf8, 0x88, 0x88, 0x88, 0x88, 0x88, 0x88,
    0x88, 0x88, 0x88, 0x88, 0x84, 0x0, 0x27, 0x77,
    0x77, 0x77, 0x77, 0x77, 0x77, 0x77, 0x71, 0x0,
    0x0, 0x5f, 0xff, 0xff, 0xff, 0xff, 0xff, 0xff,
    0xff, 0xf4, 0x0, 0x0, 0x5f, 0x70, 0x0, 0x0,
    0x0, 0x0, 0x0, 0x8, 0xf4, 0x0, 0x0, 0x5f,
    0xed, 0xdd, 0xdd, 0xdd, 0xdd, 0xdd, 0xde, 0xf4,
    0x0, 0x0, 0x39, 0x99, 0x9b, 0xfe, 0x99, 0xff,
    0xb9, 0x99, 0x92, 0x0, 0x0, 0x0, 0x0, 0x3,
    0xf6, 0x0, 0x9f, 0x30, 0x0, 0x0, 0x0, 0x5f,
    0xff, 0xff, 0xff, 0xf6, 0x0, 0x9f, 0xff, 0xff,
    0xff, 0xf3, 0x27, 0x77, 0x77, 0x78, 0xf6, 0x0,
    0x9f, 0x87, 0x77, 0x77, 0x71, 0x0, 0x0, 0x0,
    0x3, 0xf6, 0x0, 0x9f, 0x42, 0x22, 0x22, 0x0,
    0x6, 0xff, 0xff, 0xff, 0xf6, 0x0, 0x9f, 0xff,
    0xff, 0xff, 0x30, 0x2, 0x77, 0x77, 0x78, 0xf6,
    0x0, 0x9f, 0x75, 0x55, 0x55, 0x10, 0x0, 0x0,
    0x0, 0x3, 0xf6, 0x0, 0x9f, 0x30, 0x0, 0x0,
    0x0, 0x6f, 0xff, 0xff, 0xff, 0xf6, 0x0, 0x9f,
    0xff, 0xff, 0xff, 0xf6, 0x38, 0x88, 0x88, 0x8a,
    0xf6, 0x0, 0x9f, 0xa8, 0x88, 0x88, 0x83, 0x0,
    0x0, 0x0, 0x3, 0xf6, 0x0, 0x9f, 0x30, 0x0,
    0x0, 0x0,

    /* U+9762 "面" */
    0xab, 0xbb, 0xbb, 0xbb, 0xbb, 0xbb, 0xbb, 0xbb,
    0xbb, 0xbb, 0xb6, 0xef, 0xff, 0xff, 0xff, 0xff,
    0xff, 0xff, 0xff, 0xff, 0xff, 0xf8, 0x11, 0x11,
    0x11, 0x11, 0x1e, 0xf1, 0x11, 0x11, 0x11, 0x11,
    0x10, 0x0, 0x0, 0x0, 0x0, 0x3f, 0xa0, 0x0,
    0x0, 0x0, 0x0, 0x0, 0x0, 0x0, 0x0, 0x0,
    0x8f, 0x50, 0x0, 0x0, 0x0, 0x0, 0x0, 0x6,
    0xdd, 0xdd, 0xdd, 0xff, 0xdd, 0xdd, 0xdd, 0xdd,
    0xdd, 0x0, 0x8, 0xff, 0xff, 0xff, 0xff, 0xff,
    0xff, 0xff, 0xff, 0xff, 0x0, 0x8, 0xf5, 0x0,
    0x2f, 0x90, 0x0, 0x1f, 0xb0, 0x0, 0xdf, 0x0,
    0x8, 0xf5, 0x0, 0x2f, 0x90, 0x0, 0x1f, 0xb0,
    0x0, 0xdf, 0x0, 0x8, 0xf5, 0x0, 0x2f, 0xeb,
    0xbb, 0xcf, 0xb0, 0x0, 0xdf, 0x0, 0x8, 0xf5,
    0x0, 0x2f, 0xff, 0xff, 0xff, 0xb0, 0x0, 0xdf,
    0x0, 0x8, 0xf5, 0x0, 0x2f, 0xa0, 0x0, 0x1f,
    0xb0, 0x0, 0xdf, 0x0, 0x8, 0xf5, 0x0, 0x2f,
    0x90, 0x0, 0x1f, 0xb0, 0x0, 0xdf, 0x0, 0x8,
    0xf5, 0x0, 0x2f, 0xa0, 0x0, 0x1f, 0xb0, 0x0,
    0xdf, 0x0, 0x8, 0xf5, 0x0, 0x2f, 0xff, 0xff,
    0xff, 0xb0, 0x0, 0xdf, 0x0, 0x8, 0xf5, 0x0,
    0x2f, 0xda, 0xaa, 0xaf, 0xb0, 0x0, 0xdf, 0x0,
    0x8, 0xf5, 0x0, 0x2f, 0x90, 0x0, 0x1f, 0xb0,
    0x0, 0xdf, 0x0, 0x8, 0xf5, 0x0, 0x2f, 0x90,
    0x0, 0x1f, 0xb0, 0x0, 0xdf, 0x0, 0x8, 0xfd,
    0xbb, 0xcf, 0xeb, 0xbb, 0xcf, 0xeb, 0xbb, 0xff,
    0x0, 0x8, 0xff, 0xff, 0xff, 0xff, 0xff, 0xff,
    0xff, 0xff, 0xff, 0x0, 0x8, 0xf5, 0x0, 0x0,
    0x0, 0x0, 0x0, 0x0, 0x0, 0xdf, 0x0,

    /* U+97F3 "音" */
    0x0, 0x0, 0x0, 0x0, 0x3, 0x70, 0x0, 0x0,
    0x0, 0x0, 0x0, 0x0, 0x0, 0x0, 0x0, 0xc,
    0xf7, 0x0, 0x0, 0x0, 0x0, 0x0, 0x7, 0xbb,
    0xbb, 0xbb, 0xbd, 0xff, 0xbb, 0xbb, 0xbb, 0xbb,
    0x30, 0x9, 0xff, 0xff, 0xff, 0xff, 0xff, 0xff,
    0xff, 0xff, 0xff, 0x50, 0x0, 0x0, 0x3, 0x60,
    0x0, 0x0, 0x0, 0x26, 0x10, 0x0, 0x0, 0x0,
    0x0, 0x1f, 0xf3, 0x0, 0x0, 0x0, 0x9f, 0xc0,
    0x0, 0x0, 0x0, 0x0, 0x8, 0xfa, 0x0, 0x0,
    0x1, 0xff, 0x30, 0x0, 0x0, 0x22, 0x22, 0x24,
    0xff, 0x22, 0x22, 0x29, 0xfb, 0x22, 0x22, 0x21,
    0xef, 0xff, 0xff, 0xff, 0xff, 0xff, 0xff, 0xff,
    0xff, 0xff, 0xfa, 0x9a, 0xaa, 0xaa, 0xaa, 0xaa,
    0xaa, 0xaa, 0xaa, 0xaa, 0xaa, 0xa6, 0x0, 0x0,
    0x0, 0x0, 0x0, 0x0, 0x0, 0x0, 0x0, 0x0,
    0x0, 0x0, 0xe, 0xff, 0xff, 0xff, 0xff, 0xff,
    0xff, 0xff, 0x50, 0x0, 0x0, 0xe, 0xfd, 0xdd,
    0xdd, 0xdd, 0xdd, 0xdd, 0xef, 0x50, 0x0, 0x0,
    0xe, 0xf0, 0x0, 0x0, 0x0, 0x0, 0x0, 0x8f,
    0x50, 0x0, 0x0, 0xe, 0xf0, 0x0, 0x0, 0x0,
    0x0, 0x0, 0x8f, 0x50, 0x0, 0x0, 0xe, 0xfb,
    0xbb, 0xbb, 0xbb, 0xbb, 0xbb, 0xdf, 0x50, 0x0,
    0x0, 0xe, 0xff, 0xff, 0xff, 0xff, 0xff, 0xff,
    0xff, 0x50, 0x0, 0x0, 0xe, 0xf0, 0x0, 0x0,
    0x0, 0x0, 0x0, 0x8f, 0x50, 0x0, 0x0, 0xe,
    0xf0, 0x0, 0x0, 0x0, 0x0, 0x0, 0x8f, 0x50,
    0x0, 0x0, 0xe, 0xfc, 0xcc, 0xcc, 0xcc, 0xcc,
    0xcc, 0xef, 0x50, 0x0, 0x0, 0xe, 0xff, 0xff,
    0xff, 0xff, 0xff, 0xff, 0xff, 0x50, 0x0, 0x0,
    0xe, 0xf0, 0x0, 0x0, 0x0, 0x0, 0x0, 0x8f,
    0x50, 0x0,

    /* U+9875 "页" */
    0x7, 0xbb, 0xbb, 0xbb, 0xbb, 0xbb, 0xbb, 0xbb,
    0xbb, 0xbb, 0xa0, 0xa, 0xff, 0xff, 0xff, 0xff,
    0xff, 0xff, 0xff, 0xff, 0xff, 0xe0, 0x0, 0x0,
    0x0, 0x0, 0x2, 0xfe, 0x10, 0x0, 0x0, 0x0,
    0x0, 0x0, 0x0, 0x0, 0x0, 0x8, 0xf8, 0x0,
    0x0, 0x0, 0x0, 0x0, 0x0, 0x7, 0xcc, 0xcc,
    0xcf, 0xfd, 0xcc, 0xcc, 0xcc, 0xa0, 0x0, 0x0,
    0x9, 0xff, 0xff, 0xff, 0xff, 0xff, 0xff, 0xff,
    0xd0, 0x0, 0x0, 0x9, 0xf5, 0x22, 0x22, 0x22,
    0x22, 0x22, 0x2f, 0xd0, 0x0, 0x0, 0x9, 0xf4,
    0x0, 0x0, 0x22, 0x0, 0x0, 0xf, 0xd0, 0x0,
    0x0, 0x9, 0xf4, 0x0, 0x0, 0xfe, 0x0, 0x0,
    0xf, 0xd0, 0x0, 0x0, 0x9, 0xf4, 0x0, 0x0,
    0xfe, 0x0, 0x0, 0xf, 0xd0, 0x0, 0x0, 0x9,
    0xf4, 0x0, 0x0, 0xfe, 0x0, 0x0, 0xf, 0xd0,
    0x0, 0x0, 0x9, 0xf4, 0x0, 0x0, 0xfd, 0x0,
    0x0, 0xf, 0xd0, 0x0, 0x0, 0x9, 0xf4, 0x0,
    0x2, 0xfb, 0x0, 0x0, 0xf, 0xd0, 0x0, 0x0,
    0x9, 0xf4, 0x0, 0x5, 0xf9, 0x0, 0x0, 0xf,
    0xd0, 0x0, 0x0, 0x9, 0xf4, 0x0, 0xb, 0xf4,
    0x0, 0x0, 0xf, 0xd0, 0x0, 0x0, 0x8, 0xe3,
    0x0, 0x5f, 0xd0, 0x3, 0x0, 0xe, 0xc0, 0x0,
    0x0, 0x0, 0x0, 0x5, 0xff, 0x30, 0x6f, 0xf8,
    0x20, 0x0, 0x0, 0x0, 0x0, 0x1, 0x9f, 0xf5,
    0x0, 0x18, 0xef, 0xfb, 0x20, 0x0, 0x0, 0x4,
    0xaf, 0xfd, 0x20, 0x0, 0x0, 0x6, 0xdf, 0xf9,
    0x10, 0x2b, 0xff, 0xfd, 0x50, 0x0, 0x0, 0x0,
    0x0, 0x7, 0xff, 0xf2, 0xa, 0xd8, 0x30, 0x0,
    0x0, 0x0, 0x0, 0x0, 0x0, 0x1a, 0x90, 0x0,
    0x0, 0x0, 0x0, 0x0, 0x0, 0x0, 0x0, 0x0,
    0x0, 0x0,

    /* U+9876 "顶" */
    0x22, 0x22, 0x22, 0x22, 0x17, 0x77, 0x77, 0x77,
    0x77, 0x77, 0x72, 0xef, 0xff, 0xff, 0xff, 0x6f,
    0xff, 0xff, 0xff, 0xff, 0xff, 0xf6, 0x9a, 0xae,
    0xfa, 0xaa, 0x24, 0x44, 0x46, 0xfb, 0x44, 0x44,
    0x41, 0x0, 0xb, 0xf2, 0x0, 0x0, 0x0, 0x6,
    0xf7, 0x0, 0x0, 0x0, 0x0, 0xb, 0xf2, 0x0,
    0x1, 0xff, 0xff, 0xff, 0xff, 0xff, 0xa0, 0x0,
    0xb, 0xf2, 0x0, 0x1, 0xfe, 0xaa, 0xaa, 0xaa,
    0xbf, 0xa0, 0x0, 0xb, 0xf2, 0x0, 0x1, 0xfb,
    0x0, 0x0, 0x0, 0x2f, 0xa0, 0x0, 0xb, 0xf2,
    0x0, 0x1, 0xfb, 0x0, 0x55, 0x0, 0x2f, 0xa0,
    0x0, 0xb, 0xf2, 0x0, 0x1, 0xfb, 0x0, 0xde,
    0x0, 0x2f, 0xa0, 0x0, 0xb, 0xf2, 0x0, 0x1,
    0xfb, 0x0, 0xde, 0x0, 0x2f, 0xa0, 0x0, 0xb,
    0xf2, 0x0, 0x1, 0xfb, 0x0, 0xee, 0x0, 0x2f,
    0xa0, 0x0, 0xb, 0xf2, 0x0, 0x1, 0xfb, 0x0,
    0xfd, 0x0, 0x2f, 0xa0, 0x0, 0xb, 0xf2, 0x0,
    0x1, 0xfb, 0x0, 0xfd, 0x0, 0x2f, 0xa0, 0x0,
    0xb, 0xf2, 0x0, 0x1, 0xfb, 0x2, 0xfb, 0x0,
    0x2f, 0xa0, 0x0, 0xb, 0xf2, 0x0, 0x1, 0xfb,
    0x7, 0xf8, 0x0, 0x2f, 0xa0, 0x0, 0xb, 0xf2,
    0x0, 0x1, 0xfb, 0xd, 0xf3, 0x0, 0x2f, 0xa0,
    0x0, 0xb, 0xf2, 0x0, 0x0, 0x32, 0x9f, 0xc3,
    0xd9, 0x2, 0x10, 0x0, 0xb, 0xf2, 0x0, 0x0,
    0x9, 0xff, 0x22, 0xdf, 0xd2, 0x0, 0x0, 0xb,
    0xf2, 0x0, 0x5, 0xdf, 0xf4, 0x0, 0x1b, 0xff,
    0x60, 0x9e, 0xdf, 0xf1, 0x4, 0xef, 0xfc, 0x20,
    0x0, 0x0, 0x8f, 0xf8, 0x5d, 0xef, 0x80, 0x0,
    0xbc, 0x50, 0x0, 0x0, 0x0, 0x5, 0xd1, 0x0,
    0x0, 0x0, 0x0, 0x0, 0x0, 0x0, 0x0, 0x0,
    0x0, 0x0,

    /* U+9879 "项" */
    0x0, 0x0, 0x0, 0x0, 0x9a, 0xaa, 0xaa, 0xaa,
    0xaa, 0xaa, 0xa1, 0x35, 0x55, 0x55, 0x51, 0xef,
    0xff, 0xff, 0xff, 0xff, 0xff, 0xf1, 0x9f, 0xff,
    0xff, 0xf4, 0x0, 0x0, 0xa, 0xf3, 0x0, 0x0,
    0x0, 0x47, 0x8f, 0xe7, 0x71, 0x0, 0x0, 0xc,
    0xf2, 0x0, 0x0, 0x0, 0x0, 0x1f, 0xd0, 0x0,
    0xf, 0xff, 0xff, 0xff, 0xff, 0xff, 0x50, 0x0,
    0x1f, 0xd0, 0x0, 0xf, 0xea, 0xaa, 0xaa, 0xaa,
    0xdf, 0x50, 0x0, 0x1f, 0xd0, 0x0, 0xf, 0xc0,
    0x0, 0x0, 0x0, 0x8f, 0x50, 0x0, 0x1f, 0xd0,
    0x0, 0xf, 0xc0, 0x1, 0x63, 0x0, 0x8f, 0x50,
    0x0, 0x1f, 0xd0, 0x0, 0xf, 0xc0, 0x3, 0xf8,
    0x0, 0x8f, 0x50, 0x0, 0x1f, 0xd0, 0x0, 0xf,
    0xc0, 0x4, 0xf8, 0x0, 0x8f, 0x50, 0x0, 0x1f,
    0xd0, 0x0, 0xf, 0xc0, 0x4, 0xf8, 0x0, 0x8f,
    0x50, 0x0, 0x1f, 0xd0, 0x0, 0xf, 0xc0, 0x5,
    0xf7, 0x0, 0x8f, 0x50, 0x0, 0x1f, 0xd0, 0x0,
    0xf, 0xc0, 0x6, 0xf7, 0x0, 0x8f, 0x50, 0x0,
    0x1f, 0xd0, 0x0, 0xf, 0xc0, 0x8, 0xf5, 0x0,
    0x8f, 0x50, 0x0, 0x1f, 0xd0, 0x64, 0xf, 0xc0,
    0xc, 0xf2, 0x0, 0x8f, 0x50, 0x0, 0x1f, 0xff,
    0xf7, 0xf, 0xc0, 0x3f, 0xc0, 0x0, 0x8f, 0x50,
    0x6c, 0xff, 0xfc, 0x50, 0x3, 0x21, 0xdf, 0x47,
    0xd3, 0x12, 0x0, 0x9f, 0xb7, 0x20, 0x0, 0x0,
    0x2d, 0xf9, 0x6, 0xff, 0x70, 0x0, 0x10, 0x0,
    0x0, 0x0, 0x7, 0xff, 0xa0, 0x0, 0x2d, 0xfc,
    0x10, 0x0, 0x0, 0x0, 0x8, 0xff, 0xf6, 0x0,
    0x0, 0x0, 0xbf, 0xf3, 0x0, 0x0, 0x0, 0x7,
    0xf9, 0x10, 0x0, 0x0, 0x0, 0x9, 0xc0, 0x0,
    0x0, 0x0, 0x0, 0x0, 0x0, 0x0, 0x0, 0x0,
    0x0, 0x0,

    /* U+987A "顺" */
    0x6, 0x80, 0x0, 0x0, 0x95, 0x0, 0x0, 0x0,
    0x0, 0x0, 0x0, 0xc, 0xf0, 0x0, 0x1, 0xf9,
    0x9, 0xaa, 0xaa, 0xaa, 0xaa, 0xa2, 0xc, 0xf0,
    0x9f, 0x11, 0xf9, 0xe, 0xff, 0xff, 0xff, 0xff,
    0xf4, 0xc, 0xf0, 0x9f, 0x11, 0xf9, 0x2, 0x22,
    0x2f, 0xe2, 0x22, 0x20, 0xc, 0xf0, 0x9f, 0x11,
    0xf9, 0x0, 0x0, 0x1f, 0xc0, 0x0, 0x0, 0xc,
    0xf0, 0x9f, 0x11, 0xf9, 0x2, 0xff, 0xff, 0xff,
    0xff, 0xa0, 0xc, 0xf0, 0x9f, 0x11, 0xf9, 0x2,
    0xfe, 0xbb, 0xbb, 0xbf, 0xa0, 0xc, 0xf0, 0x9f,
    0x11, 0xf9, 0x2, 0xfb, 0x0, 0x0, 0x2f, 0xa0,
    0xc, 0xf0, 0x9f, 0x11, 0xf9, 0x2, 0xfb, 0x3,
    0x50, 0x2f, 0xa0, 0xc, 0xf0, 0x9f, 0x11, 0xf9,
    0x2, 0xfb, 0xa, 0xf2, 0x2f, 0xa0, 0xc, 0xe0,
    0x9f, 0x11, 0xf9, 0x2, 0xfb, 0xa, 0xf1, 0x2f,
    0xa0, 0xc, 0xe0, 0x9f, 0x11, 0xf9, 0x2, 0xfb,
    0xb, 0xf1, 0x2f, 0xa0, 0xc, 0xe0, 0x9f, 0x11,
    0xf9, 0x2, 0xfb, 0xb, 0xf0, 0x2f, 0xa0, 0xd,
    0xd0, 0x9f, 0x11, 0xf9, 0x2, 0xfb, 0xc, 0xf0,
    0x2f, 0xa0, 0xe, 0xc0, 0x9f, 0x11, 0xf9, 0x2,
    0xfb, 0xd, 0xf0, 0x2f, 0xa0, 0xf, 0xb0, 0x9f,
    0x11, 0xf9, 0x2, 0xfb, 0x1f, 0xd0, 0x2f, 0xa0,
    0x1f, 0xa0, 0x9f, 0x11, 0xf9, 0x2, 0xfb, 0x6f,
    0x90, 0x2f, 0xa0, 0x3f, 0x70, 0x9f, 0x11, 0xf9,
    0x0, 0x33, 0xef, 0x5b, 0x71, 0x0, 0x6f, 0x50,
    0x9f, 0x11, 0xf9, 0x0, 0xb, 0xfb, 0x2e, 0xf7,
    0x0, 0x9f, 0x20, 0x8d, 0x11, 0xf9, 0x2, 0xcf,
    0xd1, 0x3, 0xef, 0x70, 0xde, 0x0, 0x0, 0x1,
    0xf9, 0x6f, 0xfc, 0x10, 0x0, 0x3f, 0xf6, 0x48,
    0x0, 0x0, 0x1, 0xf9, 0x2d, 0x60, 0x0, 0x0,
    0x4, 0xb0,

    /* U+987B "须" */
    0x0, 0x0, 0x0, 0x4a, 0x29, 0xaa, 0xaa, 0xaa,
    0xaa, 0xaa, 0xaa, 0x10, 0x0, 0x0, 0x4f, 0xf5,
    0xef, 0xff, 0xff, 0xff, 0xff, 0xff, 0xf1, 0x0,
    0x0, 0x7f, 0xf5, 0x0, 0x0, 0x0, 0xaf, 0x30,
    0x0, 0x0, 0x0, 0x2, 0xcf, 0xe4, 0x0, 0x0,
    0x0, 0xc, 0xf2, 0x0, 0x0, 0x0, 0xa, 0xff,
    0xb1, 0x0, 0x0, 0xff, 0xff, 0xff, 0xff, 0xff,
    0xf5, 0x0, 0xae, 0x60, 0x0, 0x0, 0xf, 0xea,
    0xaa, 0xaa, 0xaa, 0xdf, 0x50, 0x1, 0x0, 0x0,
    0x6, 0x0, 0xfc, 0x0, 0x0, 0x0, 0x8, 0xf5,
    0x0, 0x0, 0x0, 0xc, 0xf9, 0xf, 0xc0, 0x1,
    0x63, 0x0, 0x8f, 0x50, 0x0, 0x0, 0x1c, 0xfc,
    0x0, 0xfc, 0x0, 0x3f, 0x80, 0x8, 0xf5, 0x0,
    0x0, 0x5e, 0xfb, 0x0, 0xf, 0xc0, 0x4, 0xf8,
    0x0, 0x8f, 0x50, 0x2, 0xaf, 0xf9, 0x0, 0x0,
    0xfc, 0x0, 0x4f, 0x80, 0x8, 0xf5, 0x0, 0xdf,
    0xe5, 0x0, 0x0, 0xf, 0xc0, 0x5, 0xf7, 0x0,
    0x8f, 0x50, 0x3, 0x91, 0x0, 0x0, 0x0, 0xfc,
    0x0, 0x6f, 0x70, 0x8, 0xf5, 0x0, 0x0, 0x0,
    0x0, 0xaa, 0x1f, 0xc0, 0x8, 0xf5, 0x0, 0x8f,
    0x50, 0x0, 0x0, 0x0, 0x7f, 0xe1, 0xfc, 0x0,
    0xcf, 0x20, 0x8, 0xf5, 0x0, 0x0, 0x0, 0x5f,
    0xf4, 0xf, 0xc0, 0x4f, 0xc0, 0x0, 0x8f, 0x50,
    0x0, 0x0, 0x4f, 0xf6, 0x0, 0x32, 0x1e, 0xf4,
    0x7d, 0x31, 0x20, 0x0, 0x0, 0x6f, 0xf7, 0x0,
    0x0, 0x3e, 0xf9, 0x6, 0xff, 0x70, 0x0, 0x0,
    0x9f, 0xf6, 0x0, 0x1, 0x8f, 0xfa, 0x0, 0x2,
    0xdf, 0xc1, 0x1, 0xdf, 0xf5, 0x0, 0xa, 0xff,
    0xf6, 0x0, 0x0, 0x0, 0xbf, 0xf3, 0xa, 0xc2,
    0x0, 0x0, 0x8f, 0x81, 0x0, 0x0, 0x0, 0x0,
    0x9c, 0x0, 0x10, 0x0, 0x0, 0x0, 0x0, 0x0,
    0x0, 0x0, 0x0, 0x0, 0x0,

    /* U+9891 "频" */
    0x0, 0x0, 0x5, 0x80, 0x0, 0x0, 0x0, 0x0,
    0x0, 0x0, 0x0, 0x0, 0x0, 0xb, 0xf0, 0x0,
    0x3a, 0xaa, 0xaa, 0xaa, 0xaa, 0xa6, 0x0, 0x8b,
    0xb, 0xf0, 0x0, 0x5f, 0xff, 0xff, 0xff, 0xff,
    0xfa, 0x0, 0xbf, 0xb, 0xf9, 0x95, 0x0, 0x0,
    0x1f, 0xc0, 0x0, 0x0, 0x0, 0xbf, 0xb, 0xff,
    0xf9, 0x0, 0x0, 0x4f, 0xb0, 0x0, 0x0, 0x0,
    0xbf, 0xb, 0xf1, 0x0, 0x8, 0xff, 0xff, 0xff,
    0xff, 0xe0, 0x0, 0xbf, 0xb, 0xf0, 0x0, 0x8,
    0xfc, 0xaa, 0xaa, 0xaf, 0xe0, 0x0, 0xbf, 0xb,
    0xf0, 0x0, 0x8, 0xf6, 0x0, 0x0, 0xf, 0xe0,
    0x3f, 0xff, 0xff, 0xff, 0xff, 0xa8, 0xf6, 0x5,
    0x70, 0xf, 0xe0, 0x19, 0x99, 0x99, 0x99, 0x99,
    0x68, 0xf6, 0xc, 0xf1, 0xf, 0xe0, 0x0, 0x0,
    0x2, 0x20, 0x0, 0x8, 0xf6, 0xd, 0xf1, 0xf,
    0xe0, 0x0, 0x44, 0xe, 0xd0, 0x0, 0x8, 0xf6,
    0xd, 0xf0, 0xf, 0xe0, 0x0, 0xdf, 0xe, 0xd0,
    0x67, 0x18, 0xf6, 0xe, 0xf0, 0xf, 0xe0, 0x2,
    0xfb, 0xe, 0xd0, 0xdf, 0x48, 0xf6, 0xe, 0xf0,
    0xf, 0xe0, 0x9, 0xf5, 0xe, 0xd4, 0xfd, 0x8,
    0xf6, 0xf, 0xf0, 0xf, 0xe0, 0x1f, 0xe0, 0xe,
    0xdd, 0xf6, 0x8, 0xf6, 0x3f, 0xd0, 0xf, 0xe0,
    0x5f, 0x80, 0xe, 0xff, 0xc0, 0x8, 0xf6, 0x9f,
    0x90, 0xf, 0xe0, 0x3, 0x10, 0xe, 0xff, 0x20,
    0x1, 0x35, 0xff, 0x5c, 0x72, 0x10, 0x0, 0x0,
    0x5f, 0xf4, 0x0, 0x0, 0x3e, 0xfa, 0x2e, 0xf9,
    0x0, 0x0, 0x19, 0xff, 0x50, 0x0, 0x7, 0xff,
    0xc0, 0x1, 0xdf, 0xa0, 0x8, 0xff, 0xd2, 0x0,
    0x4, 0xef, 0xfa, 0x0, 0x0, 0x1d, 0xfa, 0x7,
    0xe6, 0x0, 0x0, 0x1, 0xdd, 0x50, 0x0, 0x0,
    0x2, 0xe4, 0x0, 0x0, 0x0, 0x0, 0x0, 0x0,
    0x0, 0x0, 0x0, 0x0, 0x0,

    /* U+989C "颜" */
    0x0, 0x0, 0x3, 0x0, 0x0, 0x0, 0x0, 0x0,
    0x0, 0x0, 0x0, 0x0, 0x0, 0x8f, 0x70, 0x0,
    0x4, 0xaa, 0xaa, 0xaa, 0xaa, 0xa3, 0x0, 0x0,
    0x1e, 0xe0, 0x0, 0x7, 0xff, 0xff, 0xff, 0xff,
    0xf5, 0xe, 0xff, 0xff, 0xff, 0xff, 0xf3, 0x0,
    0xd, 0xf0, 0x0, 0x0, 0x9, 0xdf, 0xba, 0xaa,
    0xff, 0xa2, 0x0, 0xf, 0xd0, 0x0, 0x0, 0x0,
    0x5f, 0x60, 0x0, 0xfd, 0x0, 0xcf, 0xff, 0xff,
    0xff, 0xc0, 0x0, 0xf, 0xb0, 0x4, 0xf8, 0x0,
    0xcf, 0xaa, 0xaa, 0xaf, 0xc0, 0x0, 0xb, 0xf1,
    0x8, 0xf3, 0x0, 0xcf, 0x10, 0x0, 0xf, 0xc0,
    0xa, 0xff, 0xff, 0xff, 0xff, 0xf6, 0xcf, 0x12,
    0x41, 0xf, 0xc0, 0xa, 0xf9, 0x88, 0x88, 0x88,
    0x83, 0xcf, 0x18, 0xf3, 0xf, 0xc0, 0xa, 0xf0,
    0x0, 0x1, 0xc3, 0x0, 0xcf, 0x18, 0xf3, 0xf,
    0xc0, 0xa, 0xf0, 0x0, 0x4e, 0xf5, 0x0, 0xcf,
    0x19, 0xf2, 0xf, 0xc0, 0xa, 0xf0, 0x2a, 0xff,
    0x40, 0x0, 0xcf, 0x19, 0xf2, 0xf, 0xc0, 0xa,
    0xf4, 0xff, 0xb1, 0x18, 0x0, 0xcf, 0x19, 0xf1,
    0xf, 0xc0, 0xa, 0xf1, 0xa3, 0x2, 0xdf, 0x40,
    0xcf, 0x1b, 0xf1, 0xf, 0xc0, 0xb, 0xf0, 0x0,
    0x7f, 0xf6, 0x0, 0xcf, 0x1e, 0xf0, 0xf, 0xc0,
    0xc, 0xf1, 0x7e, 0xfc, 0x31, 0x80, 0xcf, 0x4f,
    0xc0, 0xf, 0xc0, 0xe, 0xd5, 0xfd, 0x50, 0x2d,
    0xf6, 0x23, 0x9f, 0x9a, 0xa2, 0x10, 0x1f, 0xb0,
    0x40, 0x7, 0xff, 0x70, 0x3, 0xff, 0x1c, 0xfa,
    0x0, 0x5f, 0x80, 0x5, 0xdf, 0xd3, 0x0, 0x3e,
    0xf8, 0x1, 0xdf, 0x90, 0xaf, 0x47, 0xef, 0xf8,
    0x0, 0x5, 0xff, 0xa0, 0x0, 0x2f, 0xf6, 0x9e,
    0x6, 0xe7, 0x10, 0x0, 0x1, 0xd8, 0x0, 0x0,
    0x4, 0xd1, 0x1, 0x0, 0x0, 0x0, 0x0, 0x0,
    0x0, 0x0, 0x0, 0x0, 0x0,

    /* U+98CE "风" */
    0x0, 0xb, 0xbb, 0xbb, 0xbb, 0xbb, 0xbb, 0xbb,
    0xbb, 0x20, 0x0, 0x0, 0x1, 0xff, 0xff, 0xff,
    0xff, 0xff, 0xff, 0xff, 0xf3, 0x0, 0x0, 0x0,
    0x1f, 0xc0, 0x0, 0x0, 0x0, 0x0, 0x0, 0xaf,
    0x30, 0x0, 0x0, 0x1, 0xfc, 0x0, 0x0, 0x0,
    0x0, 0x0, 0xa, 0xf3, 0x0, 0x0, 0x0, 0x1f,
    0xc0, 0x0, 0x0, 0x0, 0x4, 0x10, 0xaf, 0x40,
    0x0, 0x0, 0x1, 0xfc, 0x5, 0x60, 0x0, 0x0,
    0xfd, 0x9, 0xf4, 0x0, 0x0, 0x0, 0x1f, 0xc1,
    0xef, 0x50, 0x0, 0x6f, 0x80, 0x9f, 0x40, 0x0,
    0x0, 0x1, 0xfc, 0x2, 0xff, 0x40, 0xe, 0xf1,
    0x9, 0xf5, 0x0, 0x0, 0x0, 0x1f, 0xc0, 0x4,
    0xfe, 0x27, 0xf9, 0x0, 0x8f, 0x50, 0x0, 0x0,
    0x1, 0xfc, 0x0, 0x7, 0xfe, 0xff, 0x10, 0x8,
    0xf6, 0x0, 0x0, 0x0, 0x1f, 0xc0, 0x0, 0x9,
    0xff, 0x80, 0x0, 0x7f, 0x60, 0x0, 0x0, 0x2,
    0xfb, 0x0, 0x0, 0x6f, 0xf6, 0x0, 0x6, 0xf7,
    0x0, 0x0, 0x0, 0x3f, 0xa0, 0x0, 0x3f, 0xff,
    0xe1, 0x0, 0x5f, 0x80, 0x0, 0x0, 0x4, 0xf9,
    0x0, 0x1d, 0xf8, 0x9f, 0xb0, 0x3, 0xf9, 0x0,
    0x0, 0x0, 0x8f, 0x60, 0xc, 0xfa, 0x1, 0xef,
    0x50, 0x2f, 0xb0, 0x0, 0x0, 0xc, 0xf2, 0xc,
    0xfc, 0x0, 0x6, 0xfe, 0x0, 0xfc, 0x1, 0x10,
    0x2, 0xfd, 0x8, 0xfc, 0x0, 0x0, 0xd, 0xf8,
    0xd, 0xf0, 0x5f, 0x40, 0x8f, 0x70, 0x6, 0x0,
    0x0, 0x0, 0x4c, 0x40, 0xbf, 0x27, 0xf3, 0x1f,
    0xf1, 0x0, 0x0, 0x0, 0x0, 0x0, 0x0, 0x7,
    0xf7, 0xaf, 0x9, 0xf9, 0x0, 0x0, 0x0, 0x0,
    0x0, 0x0, 0x0, 0x1f, 0xff, 0xc0, 0x1b, 0x10,
    0x0, 0x0, 0x0, 0x0, 0x0, 0x0, 0x0, 0x4e,
    0xd3, 0x0,

    /* U+9996 "首" */
    0x0, 0x0, 0x0, 0x52, 0x0, 0x0, 0x0, 0x34,
    0x0, 0x0, 0x0, 0x0, 0x0, 0x9, 0xfa, 0x0,
    0x0, 0x0, 0xbf, 0xa0, 0x0, 0x0, 0x0, 0x0,
    0x2, 0xff, 0x10, 0x0, 0x3, 0xff, 0x20, 0x0,
    0x0, 0x0, 0x0, 0x0, 0x97, 0x10, 0x0, 0xd,
    0xf6, 0x0, 0x0, 0x0, 0xef, 0xff, 0xff, 0xff,
    0xff, 0xff, 0xff, 0xff, 0xff, 0xff, 0xf9, 0xcd,
    0xdd, 0xdd, 0xdd, 0xdf, 0xfe, 0xdd, 0xdd, 0xdd,
    0xdd, 0xd8, 0x0, 0x0, 0x0, 0x0, 0xe, 0xf1,
    0x0, 0x0, 0x0, 0x0, 0x0, 0x0, 0x0, 0x0,
    0x0, 0x4f, 0xd0, 0x0, 0x0, 0x0, 0x0, 0x0,
    0x0, 0xe, 0xff, 0xff, 0xff, 0xff, 0xff, 0xff,
    0xff, 0xb0, 0x0, 0x0, 0xe, 0xfb, 0xbb, 0xbb,
    0xbb, 0xbb, 0xbb, 0xcf, 0xb0, 0x0, 0x0, 0xe,
    0xf0, 0x0, 0x0, 0x0, 0x0, 0x0, 0x2f, 0xb0,
    0x0, 0x0, 0xe, 0xf0, 0x0, 0x0, 0x0, 0x0,
    0x0, 0x2f, 0xb0, 0x0, 0x0, 0xe, 0xff, 0xff,
    0xff, 0xff, 0xff, 0xff, 0xff, 0xb0, 0x0, 0x0,
    0xe, 0xf8, 0x88, 0x88, 0x88, 0x88, 0x88, 0x9f,
    0xb0, 0x0, 0x0, 0xe, 0xf0, 0x0, 0x0, 0x0,
    0x0, 0x0, 0x2f, 0xb0, 0x0, 0x0, 0xe, 0xf8,
    0x88, 0x88, 0x88, 0x88, 0x88, 0x9f, 0xb0, 0x0,
    0x0, 0xe, 0xff, 0xff, 0xff, 0xff, 0xff, 0xff,
    0xff, 0xb0, 0x0, 0x0, 0xe, 0xf0, 0x0, 0x0,
    0x0, 0x0, 0x0, 0x2f, 0xb0, 0x0, 0x0, 0xe,
    0xf0, 0x0, 0x0, 0x0, 0x0, 0x0, 0x2f, 0xb0,
    0x0, 0x0, 0xe, 0xfb, 0xbb, 0xbb, 0xbb, 0xbb,
    0xbb, 0xcf, 0xb0, 0x0, 0x0, 0xe, 0xff, 0xff,
    0xff, 0xff, 0xff, 0xff, 0xff, 0xb0, 0x0, 0x0,
    0xe, 0xf0, 0x0, 0x0, 0x0, 0x0, 0x0, 0x2f,
    0xb0, 0x0,

    /* U+9A71 "驱" */
    0x2a, 0xaa, 0xaa, 0xaa, 0x20, 0x68, 0x88, 0x88,
    0x88, 0x88, 0x82, 0x3f, 0xff, 0xff, 0xff, 0x30,
    0xbf, 0xff, 0xff, 0xff, 0xff, 0xf5, 0x0, 0x0,
    0x0, 0x8f, 0x20, 0xbf, 0x22, 0x22, 0x22, 0x22,
    0x20, 0x0, 0x73, 0x0, 0x9f, 0x10, 0xbf, 0x0,
    0x0, 0x0, 0x0, 0x0, 0x1, 0xfa, 0x0, 0xbf,
    0x0, 0xbf, 0x3, 0x20, 0x0, 0x4e, 0x40, 0x3,
    0xf8, 0x0, 0xcf, 0x0, 0xbf, 0x2f, 0xd0, 0x0,
    0xaf, 0x20, 0x4, 0xf7, 0x0, 0xde, 0x0, 0xbf,
    0x7, 0xfa, 0x0, 0xfd, 0x0, 0x6, 0xf6, 0x0,
    0xed, 0x0, 0xbf, 0x0, 0xbf, 0x65, 0xf8, 0x0,
    0x7, 0xf4, 0x0, 0xfc, 0x0, 0xbf, 0x0, 0x1e,
    0xfc, 0xf2, 0x0, 0x9, 0xf3, 0x1, 0xfb, 0x0,
    0xbf, 0x0, 0x3, 0xff, 0xc0, 0x0, 0xa, 0xfc,
    0xbc, 0xfe, 0xb3, 0xbf, 0x0, 0x0, 0xbf, 0x90,
    0x0, 0xb, 0xff, 0xff, 0xff, 0xf4, 0xbf, 0x0,
    0x4, 0xff, 0xf2, 0x0, 0x0, 0x0, 0x0, 0xc,
    0xf3, 0xbf, 0x0, 0xd, 0xf5, 0xfb, 0x0, 0x0,
    0x0, 0x2, 0xc, 0xf2, 0xbf, 0x0, 0xaf, 0x70,
    0x9f, 0x50, 0x0, 0x18, 0xe8, 0xd, 0xf1, 0xbf,
    0x7, 0xfc, 0x0, 0xe, 0xe0, 0x29, 0xff, 0xe5,
    0xe, 0xf0, 0xbf, 0x3f, 0xd1, 0x0, 0x5, 0x90,
    0x3f, 0xf8, 0x10, 0xf, 0xe0, 0xbf, 0x3, 0x10,
    0x0, 0x0, 0x0, 0x7, 0x10, 0x0, 0x3f, 0xb0,
    0xbf, 0x0, 0x0, 0x0, 0x0, 0x0, 0x0, 0x0,
    0x0, 0x7f, 0x80, 0xbf, 0xbb, 0xbb, 0xbb, 0xbb,
    0xb8, 0x0, 0x0, 0xcd, 0xff, 0x20, 0xbf, 0xff,
    0xff, 0xff, 0xff, 0xfb, 0x0, 0x0, 0xef, 0xd5,
    0x0, 0x0, 0x0, 0x0, 0x0, 0x0, 0x0,

    /* U+9A7B "驻" */
    0x0, 0x0, 0x0, 0x0, 0x0, 0x0, 0x0, 0x2,
    0x0, 0x0, 0x0, 0x4c, 0xcc, 0xcc, 0xcc, 0xc0,
    0x0, 0x0, 0xcf, 0x20, 0x0, 0x0, 0x5f, 0xff,
    0xff, 0xff, 0xf0, 0x0, 0x0, 0x6f, 0xc0, 0x0,
    0x0, 0x0, 0x0, 0x0, 0xd, 0xe0, 0x0, 0x0,
    0xc, 0xe1, 0x0, 0x0, 0x0, 0x85, 0x0, 0xe,
    0xd0, 0x0, 0x0, 0x2, 0x0, 0x0, 0x0, 0x1,
    0xfd, 0x0, 0xf, 0xc0, 0x6f, 0xff, 0xff, 0xff,
    0xff, 0xf9, 0x3, 0xfb, 0x0, 0x1f, 0xa0, 0x5d,
    0xdd, 0xdf, 0xfd, 0xdd, 0xd8, 0x4, 0xf9, 0x0,
    0x3f, 0x90, 0x0, 0x0, 0xb, 0xf2, 0x0, 0x0,
    0x6, 0xf7, 0x0, 0x4f, 0x80, 0x0, 0x0, 0xb,
    0xf2, 0x0, 0x0, 0x8, 0xf5, 0x0, 0x6f, 0x70,
    0x0, 0x0, 0xb, 0xf2, 0x0, 0x0, 0xa, 0xf3,
    0x0, 0x7f, 0x50, 0x0, 0x0, 0xb, 0xf2, 0x0,
    0x0, 0xb, 0xfe, 0xee, 0xff, 0xfe, 0x10, 0x0,
    0xb, 0xf2, 0x0, 0x0, 0xb, 0xee, 0xee, 0xee,
    0xff, 0x7, 0xbb, 0xbe, 0xfb, 0xbb, 0xa0, 0x0,
    0x0, 0x0, 0x0, 0xff, 0xa, 0xff, 0xff, 0xff,
    0xff, 0xf0, 0x0, 0x0, 0x3, 0x1, 0xfe, 0x0,
    0x0, 0xb, 0xf2, 0x0, 0x0, 0x0, 0x5, 0xcf,
    0x2, 0xfd, 0x0, 0x0, 0xb, 0xf2, 0x0, 0x0,
    0x39, 0xef, 0xf9, 0x4, 0xfc, 0x0, 0x0, 0xb,
    0xf2, 0x0, 0x0, 0x7f, 0xf9, 0x20, 0x5, 0xfa,
    0x0, 0x0, 0xb, 0xf2, 0x0, 0x0, 0x16, 0x0,
    0x0, 0x7, 0xf8, 0x0, 0x0, 0xb, 0xf2, 0x0,
    0x0, 0x0, 0x0, 0x0, 0xb, 0xf4, 0x6b, 0xbb,
    0xbe, 0xfc, 0xbb, 0xba, 0x0, 0x0, 0xad, 0xef,
    0xd0, 0x8f, 0xff, 0xff, 0xff, 0xff, 0xfe, 0x0,
    0x0, 0x9f, 0xfb, 0x20, 0x0, 0x0, 0x0, 0x0,
    0x0, 0x0,

    /* U+9A8C "验" */
    0x0, 0x0, 0x0, 0x0, 0x0, 0x0, 0x0, 0x0,
    0x0, 0x0, 0x0, 0xa, 0xaa, 0xaa, 0xaa, 0x0,
    0x0, 0x1, 0xeb, 0x0, 0x0, 0x0, 0x1f, 0xff,
    0xff, 0xff, 0x0, 0x0, 0x9, 0xfd, 0x0, 0x0,
    0x0, 0x0, 0x0, 0x0, 0xce, 0x0, 0x0, 0x4f,
    0xff, 0x90, 0x0, 0x0, 0x0, 0x73, 0x0, 0xdd,
    0x0, 0x1, 0xef, 0x6c, 0xf8, 0x0, 0x0, 0x2,
    0xf9, 0x0, 0xfc, 0x0, 0xc, 0xfa, 0x1, 0xef,
    0x70, 0x0, 0x3, 0xf8, 0x0, 0xfb, 0x0, 0xbf,
    0xd1, 0x0, 0x3f, 0xf9, 0x0, 0x5, 0xf7, 0x1,
    0xfa, 0xb, 0xfe, 0x20, 0x0, 0x4, 0xff, 0xc2,
    0x6, 0xf5, 0x2, 0xf9, 0x6f, 0xfc, 0xaa, 0xaa,
    0xaa, 0xce, 0xf5, 0x7, 0xf4, 0x4, 0xf8, 0xa,
    0x5f, 0xff, 0xff, 0xff, 0xf1, 0x90, 0x9, 0xf3,
    0x5, 0xf7, 0x0, 0x0, 0x0, 0x0, 0x0, 0x0,
    0x0, 0xa, 0xfc, 0xbd, 0xfd, 0x90, 0x0, 0x1,
    0x30, 0x0, 0x73, 0x0, 0xb, 0xff, 0xff, 0xff,
    0xc3, 0xa4, 0xc, 0xf0, 0x1, 0xff, 0x10, 0x0,
    0x0, 0x0, 0x1f, 0xb3, 0xf9, 0x9, 0xf2, 0x5,
    0xfc, 0x0, 0x0, 0x0, 0x11, 0x2f, 0xa0, 0xee,
    0x5, 0xf6, 0x9, 0xf7, 0x0, 0x0, 0x8, 0xf5,
    0x3f, 0x90, 0x9f, 0x33, 0xf9, 0xd, 0xf2, 0x0,
    0x19, 0xff, 0xd3, 0x4f, 0x80, 0x6f, 0x51, 0xfb,
    0x3f, 0xc0, 0x0, 0x1f, 0xf8, 0x0, 0x5f, 0x60,
    0x3f, 0x80, 0x20, 0x8f, 0x70, 0x0, 0x5, 0x10,
    0x0, 0x8f, 0x40, 0x4, 0x0, 0x0, 0xdf, 0x10,
    0x0, 0x0, 0x0, 0x0, 0xcf, 0x1a, 0xcc, 0xcc,
    0xcc, 0xff, 0xcc, 0xc1, 0x0, 0x2, 0xdd, 0xfc,
    0xd, 0xff, 0xff, 0xff, 0xff, 0xff, 0xf2, 0x0,
    0x0, 0xff, 0xc2, 0x1, 0x11, 0x11, 0x11, 0x11,
    0x11, 0x10,

    /* U+9AD8 "高" */
    0x0, 0x0, 0x0, 0x0, 0x4, 0x92, 0x0, 0x0,
    0x0, 0x0, 0x0, 0x0, 0x0, 0x0, 0x0, 0x9,
    0xfa, 0x0, 0x0, 0x0, 0x0, 0x0, 0xdf, 0xff,
    0xff, 0xff, 0xff, 0xff, 0xff, 0xff, 0xff, 0xff,
    0xf7, 0x9a, 0xaa, 0xaa, 0xaa, 0xaa, 0xaa, 0xaa,
    0xaa, 0xaa, 0xaa, 0xa4, 0x0, 0x0, 0x0, 0x0,
    0x0, 0x0, 0x0, 0x0, 0x0, 0x0, 0x0, 0x0,
    0x9, 0xff, 0xff, 0xff, 0xff, 0xff, 0xff, 0xff,
    0x0, 0x0, 0x0, 0xa, 0xfb, 0xaa, 0xaa, 0xaa,
    0xaa, 0xaa, 0xff, 0x0, 0x0, 0x0, 0xa, 0xf4,
    0x0, 0x0, 0x0, 0x0, 0x0, 0xef, 0x0, 0x0,
    0x0, 0xa, 0xfa, 0x88, 0x88, 0x88, 0x88, 0x88,
    0xff, 0x0, 0x0, 0x0, 0xa, 0xff, 0xff, 0xff,
    0xff, 0xff, 0xff, 0xff, 0x0, 0x0, 0x0, 0x0,
    0x0, 0x0, 0x0, 0x0, 0x0, 0x0, 0x0, 0x0,
    0x0, 0x1a, 0xaa, 0xaa, 0xaa, 0xaa, 0xaa, 0xaa,
    0xaa, 0xaa, 0xaa, 0x60, 0x2f, 0xff, 0xff, 0xff,
    0xff, 0xff, 0xff, 0xff, 0xff, 0xff, 0xa0, 0x2f,
    0xb0, 0x0, 0x0, 0x0, 0x0, 0x0, 0x0, 0x0,
    0x4f, 0xa0, 0x2f, 0xb0, 0x4, 0x88, 0x88, 0x88,
    0x88, 0x88, 0x0, 0x4f, 0xa0, 0x2f, 0xb0, 0x9,
    0xff, 0xff, 0xff, 0xff, 0xff, 0x0, 0x4f, 0xa0,
    0x2f, 0xb0, 0x9, 0xf3, 0x0, 0x0, 0x0, 0xdf,
    0x0, 0x4f, 0xa0, 0x2f, 0xb0, 0x9, 0xf4, 0x0,
    0x0, 0x0, 0xdf, 0x0, 0x4f, 0xa0, 0x2f, 0xb0,
    0x9, 0xff, 0xff, 0xff, 0xff, 0xff, 0x0, 0x4f,
    0xa0, 0x2f, 0xb0, 0x4, 0x88, 0x88, 0x88, 0x88,
    0x88, 0x0, 0x4f, 0xa0, 0x2f, 0xb0, 0x0, 0x0,
    0x0, 0x0, 0x0, 0xc, 0xcb, 0xef, 0x80, 0x2f,
    0xb0, 0x0, 0x0, 0x0, 0x0, 0x0, 0xa, 0xef,
    0xea, 0x0,

    /* U+9E23 "鸣" */
    0x0, 0x0, 0x0, 0x0, 0x0, 0x0, 0x16, 0x20,
    0x0, 0x0, 0x0, 0x0, 0x0, 0x0, 0x0, 0x0,
    0x0, 0x7f, 0xc0, 0x0, 0x0, 0x0, 0x5, 0x55,
    0x55, 0x53, 0x0, 0x0, 0xcf, 0x50, 0x0, 0x0,
    0x0, 0x1f, 0xff, 0xff, 0xfb, 0x0, 0xef, 0xff,
    0xff, 0xff, 0xff, 0x20, 0x1f, 0xd7, 0x77, 0xfb,
    0x0, 0xef, 0xaa, 0xaa, 0xaa, 0xef, 0x20, 0x1f,
    0xb0, 0x1, 0xfb, 0x0, 0xef, 0x0, 0x70, 0x0,
    0xcf, 0x10, 0x1f, 0xb0, 0x1, 0xfb, 0x0, 0xef,
    0x6, 0xfb, 0x0, 0xcf, 0x10, 0x1f, 0xb0, 0x1,
    0xfb, 0x0, 0xef, 0x0, 0x9f, 0x80, 0xdf, 0x0,
    0x1f, 0xb0, 0x1, 0xfb, 0x0, 0xef, 0x0, 0xb,
    0x50, 0xef, 0x0, 0x1f, 0xb0, 0x1, 0xfb, 0x0,
    0xef, 0x0, 0x2, 0x12, 0xfd, 0x0, 0x1f, 0xb0,
    0x1, 0xfb, 0x0, 0xef, 0x0, 0xa, 0xff, 0xf8,
    0x0, 0x1f, 0xb0, 0x1, 0xfb, 0x0, 0xef, 0x0,
    0x2, 0x78, 0x50, 0x0, 0x1f, 0xb0, 0x1, 0xfb,
    0x0, 0xef, 0xbb, 0xbb, 0xbb, 0xbb, 0xb4, 0x1f,
    0xb0, 0x1, 0xfb, 0x0, 0xef, 0xff, 0xff, 0xff,
    0xff, 0xf5, 0x1f, 0xff, 0xff, 0xfb, 0x0, 0x0,
    0x0, 0x0, 0x0, 0x9, 0xf4, 0x1f, 0xff, 0xff,
    0xfb, 0x0, 0x0, 0x0, 0x0, 0x0, 0xa, 0xf3,
    0x1f, 0xb0, 0x1, 0xfb, 0x0, 0x0, 0x0, 0x0,
    0x0, 0xb, 0xf2, 0x1f, 0xb0, 0x0, 0x75, 0x9f,
    0xff, 0xff, 0xff, 0xf6, 0xc, 0xf1, 0x7, 0x50,
    0x0, 0x0, 0x5a, 0xaa, 0xaa, 0xaa, 0xa4, 0xe,
    0xf0, 0x0, 0x0, 0x0, 0x0, 0x0, 0x0, 0x0,
    0x0, 0x0, 0x1f, 0xc0, 0x0, 0x0, 0x0, 0x0,
    0x0, 0x0, 0x0, 0x5, 0xed, 0xef, 0x70, 0x0,
    0x0, 0x0, 0x0, 0x0, 0x0, 0x0, 0x1, 0xce,
    0xf9, 0x0,

    /* U+9EA6 "麦" */
    0x0, 0x0, 0x0, 0x0, 0x0, 0xa7, 0x0, 0x0,
    0x0, 0x0, 0x0, 0x0, 0x0, 0x0, 0x0, 0x1,
    0xfc, 0x0, 0x0, 0x0, 0x0, 0x0, 0x7, 0xaa,
    0xaa, 0xaa, 0xaa, 0xfe, 0xaa, 0xaa, 0xaa, 0xaa,
    0x30, 0xb, 0xff, 0xff, 0xff, 0xff, 0xff, 0xff,
    0xff, 0xff, 0xff, 0x50, 0x0, 0x0, 0x0, 0x0,
    0x1, 0xfc, 0x0, 0x0, 0x0, 0x0, 0x0, 0x0,
    0x0, 0x0, 0x0, 0x1, 0xfc, 0x0, 0x0, 0x0,
    0x0, 0x0, 0x0, 0xef, 0xff, 0xff, 0xff, 0xff,
    0xff, 0xff, 0xff, 0xf7, 0x0, 0x0, 0xbb, 0xbb,
    0xbb, 0xbc, 0xff, 0xbb, 0xbb, 0xbb, 0xb5, 0x0,
    0x0, 0x0, 0x0, 0x0, 0x1, 0xfc, 0x0, 0x0,
    0x0, 0x0, 0x0, 0x78, 0x88, 0x88, 0x88, 0x89,
    0xfe, 0x88, 0x88, 0x88, 0x88, 0x84, 0xef, 0xff,
    0xff, 0xff, 0xff, 0xff, 0xff, 0xff, 0xff, 0xff,
    0xf8, 0x22, 0x22, 0x22, 0xff, 0xb2, 0x22, 0x22,
    0x22, 0x22, 0x22, 0x21, 0x0, 0x0, 0xb, 0xfd,
    0x10, 0x0, 0x0, 0x0, 0x0, 0x0, 0x0, 0x0,
    0x0, 0xbf, 0xff, 0xff, 0xff, 0xff, 0xff, 0xff,
    0x40, 0x0, 0x0, 0x3d, 0xff, 0xfc, 0xaa, 0xaa,
    0xaa, 0xae, 0xff, 0x20, 0x0, 0x1a, 0xff, 0xb6,
    0xfd, 0x20, 0x0, 0x0, 0x6f, 0xf5, 0x0, 0x0,
    0x1e, 0xf7, 0x0, 0x7f, 0xe4, 0x0, 0x1a, 0xff,
    0x60, 0x0, 0x0, 0x2, 0x10, 0x0, 0x6, 0xff,
    0xb8, 0xff, 0xe3, 0x0, 0x0, 0x0, 0x0, 0x0,
    0x0, 0x1, 0x8f, 0xff, 0xfe, 0x30, 0x0, 0x0,
    0x0, 0x0, 0x2, 0x59, 0xdf, 0xff, 0xeb, 0xff,
    0xfe, 0xa7, 0x42, 0x0, 0x4c, 0xff, 0xff, 0xfe,
    0x94, 0x0, 0x16, 0xbf, 0xff, 0xff, 0xf6, 0xe,
    0xfc, 0x96, 0x20, 0x0, 0x0, 0x0, 0x0, 0x37,
    0xad, 0xe0, 0x1, 0x0, 0x0, 0x0, 0x0, 0x0,
    0x0, 0x0, 0x0, 0x0, 0x0,

    /* U+9ED8 "默" */
    0x0, 0x0, 0x0, 0x0, 0x0, 0x0, 0x0, 0x2,
    0x41, 0x0, 0x0, 0x8, 0x88, 0x88, 0x88, 0x88,
    0x80, 0x0, 0x8, 0xf3, 0x3, 0x0, 0x1f, 0xff,
    0xff, 0xff, 0xff, 0xf0, 0x0, 0x8, 0xf3, 0xbf,
    0x20, 0x1f, 0x60, 0xf, 0xb0, 0xa, 0xf0, 0x0,
    0x8, 0xf3, 0x5f, 0xb0, 0x1f, 0x7f, 0x2f, 0xb4,
    0xea, 0xf0, 0x0, 0x8, 0xf3, 0xc, 0xf2, 0x1f,
    0x6e, 0x5f, 0xb8, 0xba, 0xf0, 0x0, 0x8, 0xf3,
    0x3, 0x30, 0x1f, 0x6b, 0x8f, 0xbc, 0x7a, 0xf0,
    0x0, 0x8, 0xf3, 0x0, 0x0, 0x1f, 0x74, 0x3f,
    0xb6, 0x3a, 0xf0, 0xcd, 0xde, 0xfe, 0xdd, 0xd2,
    0x1f, 0xff, 0xff, 0xff, 0xff, 0xf0, 0xde, 0xef,
    0xff, 0xee, 0xe2, 0x8, 0x88, 0x8f, 0xe8, 0x88,
    0x80, 0x0, 0xa, 0xfb, 0x0, 0x0, 0x0, 0x0,
    0xf, 0xb0, 0x0, 0x0, 0x0, 0xb, 0xfe, 0x0,
    0x0, 0xf, 0xff, 0xff, 0xff, 0xff, 0xa0, 0x0,
    0xd, 0xff, 0x10, 0x0, 0xa, 0xaa, 0xaf, 0xea,
    0xaa, 0x60, 0x0, 0xf, 0xff, 0x40, 0x0, 0x0,
    0x0, 0xf, 0xb0, 0x0, 0x10, 0x0, 0x1f, 0xef,
    0x80, 0x0, 0x0, 0x23, 0x5f, 0xea, 0xdf, 0xf0,
    0x0, 0x5f, 0x8e, 0xd0, 0x0, 0xaf, 0xff, 0xff,
    0xfd, 0xb9, 0x70, 0x0, 0x9f, 0x4a, 0xf2, 0x0,
    0x58, 0x64, 0x20, 0x0, 0x0, 0x70, 0x0, 0xef,
    0x14, 0xf8, 0x0, 0x3, 0x40, 0x65, 0x2d, 0x65,
    0xf5, 0x4, 0xfb, 0x0, 0xef, 0x0, 0xc, 0xf0,
    0xeb, 0xf, 0xc0, 0xfb, 0xb, 0xf5, 0x0, 0x8f,
    0x70, 0x2f, 0xa0, 0xce, 0xd, 0xf0, 0x9f, 0x7f,
    0xd0, 0x0, 0x1f, 0xf2, 0x9f, 0x40, 0xaf, 0x9,
    0xf2, 0x3c, 0xff, 0x40, 0x0, 0x8, 0xfa, 0x5c,
    0x0, 0x55, 0x2, 0x10, 0x0, 0xc7, 0x0, 0x0,
    0x0, 0xd2, 0x0, 0x0, 0x0, 0x0, 0x0, 0x0,
    0x0, 0x0, 0x0, 0x0, 0x0,

    /* U+9F13 "鼓" */
    0x0, 0x0, 0x1, 0x52, 0x0, 0x0, 0x0, 0x0,
    0x16, 0x30, 0x0, 0x0, 0x0, 0x0, 0x4f, 0x80,
    0x0, 0x0, 0x0, 0x2, 0xf9, 0x0, 0x0, 0x5,
    0x99, 0x9a, 0xfc, 0x99, 0x98, 0x0, 0x0, 0x2f,
    0x90, 0x0, 0x0, 0x9f, 0xff, 0xff, 0xff, 0xff,
    0xe3, 0x55, 0x57, 0xfb, 0x55, 0x55, 0x1, 0x22,
    0x25, 0xf9, 0x22, 0x21, 0x9f, 0xff, 0xff, 0xff,
    0xff, 0xe0, 0x0, 0x0, 0x4f, 0x80, 0x0, 0x4,
    0x77, 0x79, 0xfc, 0x77, 0x77, 0x1, 0xbb, 0xbc,
    0xfd, 0xbb, 0xb6, 0x0, 0x0, 0x2f, 0x90, 0x0,
    0x0, 0x1f, 0xff, 0xff, 0xff, 0xff, 0x80, 0x0,
    0x2, 0xf9, 0x0, 0x0, 0x0, 0x0, 0x0, 0x0,
    0x0, 0x0, 0x14, 0x44, 0x6f, 0xb4, 0x44, 0x10,
    0x8, 0xaa, 0xaa, 0xaa, 0xaa, 0x44, 0xff, 0xff,
    0xff, 0xff, 0xf5, 0x0, 0xdf, 0xff, 0xff, 0xff,
    0xf7, 0x17, 0xfa, 0x55, 0x55, 0xcf, 0x20, 0xd,
    0xf1, 0x11, 0x11, 0x5f, 0x70, 0xf, 0xc0, 0x0,
    0xe, 0xf0, 0x0, 0xdf, 0x0, 0x0, 0x5, 0xf7,
    0x0, 0xcf, 0x0, 0x3, 0xfa, 0x0, 0xd, 0xf9,
    0x99, 0x99, 0xbf, 0x70, 0x7, 0xf6, 0x0, 0xaf,
    0x50, 0x0, 0xdf, 0xff, 0xff, 0xff, 0xf7, 0x0,
    0x1f, 0xd0, 0x2f, 0xd0, 0x0, 0x1, 0x11, 0x11,
    0x13, 0x31, 0x0, 0x0, 0xaf, 0x7c, 0xf5, 0x0,
    0x0, 0x4c, 0x20, 0x0, 0xbf, 0x40, 0x0, 0x1,
    0xff, 0xfb, 0x0, 0x0, 0x3, 0xfc, 0x0, 0x1f,
    0xd0, 0x0, 0x0, 0xb, 0xff, 0x50, 0x0, 0x0,
    0x9, 0xf4, 0x8, 0xfc, 0xcf, 0x0, 0x1b, 0xff,
    0xff, 0x60, 0x0, 0x14, 0x8f, 0xee, 0xff, 0xff,
    0xb2, 0x8f, 0xfc, 0x17, 0xff, 0xa1, 0xf, 0xff,
    0xff, 0xda, 0x63, 0x1, 0xef, 0xf8, 0x0, 0x5,
    0xff, 0xa0, 0x98, 0x63, 0x0, 0x0, 0x0, 0x6,
    0x91, 0x0, 0x0, 0x1, 0x90,

    /* U+9F50 "齐" */
    0x0, 0x0, 0x0, 0x0, 0x0, 0x5, 0x10, 0x0,
    0x0, 0x0, 0x0, 0x0, 0x0, 0x0, 0x0, 0x0,
    0x0, 0xbf, 0x80, 0x0, 0x0, 0x0, 0x0, 0x0,
    0x0, 0x0, 0x0, 0x0, 0x0, 0x5f, 0xe1, 0x0,
    0x0, 0x0, 0x0, 0x0, 0x2, 0xff, 0xff, 0xff,
    0xff, 0xff, 0xff, 0xff, 0xff, 0xff, 0xff, 0x20,
    0x1, 0xbb, 0xdf, 0xfb, 0xbb, 0xbb, 0xbb, 0xbb,
    0xbf, 0xfe, 0xbb, 0x10, 0x0, 0x0, 0xc, 0xfa,
    0x0, 0x0, 0x0, 0x0, 0xaf, 0xe2, 0x0, 0x0,
    0x0, 0x0, 0x1, 0xcf, 0xc1, 0x0, 0x0, 0x3d,
    0xfe, 0x20, 0x0, 0x0, 0x0, 0x0, 0x0, 0xb,
    0xff, 0x70, 0x1a, 0xff, 0xb1, 0x0, 0x0, 0x0,
    0x0, 0x0, 0x0, 0x0, 0x7f, 0xfe, 0xff, 0xe6,
    0x0, 0x0, 0x0, 0x0, 0x0, 0x0, 0x0, 0x15,
    0xaf, 0xff, 0xff, 0xc7, 0x30, 0x0, 0x0, 0x0,
    0x1, 0x36, 0x9d, 0xff, 0xff, 0xb6, 0x9e, 0xff,
    0xff, 0xca, 0x75, 0x30, 0xc, 0xff, 0xff, 0xd9,
    0x50, 0x0, 0x0, 0x48, 0xcf, 0xff, 0xff, 0xc0,
    0x4, 0xb8, 0x51, 0x14, 0x10, 0x0, 0x0, 0x0,
    0x65, 0x35, 0x89, 0x50, 0x0, 0x0, 0x0, 0x7f,
    0x70, 0x0, 0x0, 0x1, 0xfd, 0x0, 0x0, 0x0,
    0x0, 0x0, 0x0, 0x7f, 0x70, 0x0, 0x0, 0x1,
    0xfd, 0x0, 0x0, 0x0, 0x0, 0x0, 0x0, 0x7f,
    0x60, 0x0, 0x0, 0x1, 0xfd, 0x0, 0x0, 0x0,
    0x0, 0x0, 0x0, 0x9f, 0x40, 0x0, 0x0, 0x1,
    0xfd, 0x0, 0x0, 0x0, 0x0, 0x0, 0x0, 0xef,
    0x10, 0x0, 0x0, 0x1, 0xfd, 0x0, 0x0, 0x0,
    0x0, 0x0, 0x7, 0xfc, 0x0, 0x0, 0x0, 0x1,
    0xfd, 0x0, 0x0, 0x0, 0x0, 0x0, 0x3f, 0xf4,
    0x0, 0x0, 0x0, 0x1, 0xfd, 0x0, 0x0, 0x0,
    0x0, 0x5, 0xff, 0x90, 0x0, 0x0, 0x0, 0x1,
    0xfd, 0x0, 0x0, 0x0, 0x0, 0x4, 0xe9, 0x0,
    0x0, 0x0, 0x0, 0x1, 0xfd, 0x0, 0x0, 0x0,
    0x0, 0x0, 0x10, 0x0, 0x0, 0x0, 0x0, 0x0,
    0x0, 0x0, 0x0, 0x0,

    /* U+FF01 "！" */
    0x2, 0x20, 0x4f, 0xf4, 0x3f, 0xf3, 0x2f, 0xf3,
    0x1f, 0xf2, 0x1f, 0xf1, 0xf, 0xf0, 0xf, 0xf0,
    0xe, 0xf0, 0xd, 0xe0, 0xc, 0xd0, 0xb, 0xd0,
    0xb, 0xc0, 0x1, 0x10, 0x0, 0x0, 0x2c, 0xc2,
    0x7f, 0xf7, 0x5f, 0xf5, 0x4, 0x40,

    /* U+FF08 "（" */
    0x0, 0x0, 0x0, 0x0, 0x0, 0x0, 0x0, 0x8f,
    0xb1, 0x0, 0x1, 0xcf, 0x80, 0x0, 0x0, 0xcf,
    0x70, 0x0, 0x0, 0x9f, 0xa0, 0x0, 0x0, 0x3f,
    0xe1, 0x0, 0x0, 0xb, 0xf7, 0x0, 0x0, 0x2,
    0xff, 0x10, 0x0, 0x0, 0x6f, 0xc0, 0x0, 0x0,
    0xa, 0xf9, 0x0, 0x0, 0x0, 0xcf, 0x70, 0x0,
    0x0, 0xc, 0xf7, 0x0, 0x0, 0x0, 0xcf, 0x70,
    0x0, 0x0, 0xa, 0xf9, 0x0, 0x0, 0x0, 0x6f,
    0xc0, 0x0, 0x0, 0x2, 0xff, 0x10, 0x0, 0x0,
    0xb, 0xf7, 0x0, 0x0, 0x0, 0x3f, 0xf1, 0x0,
    0x0, 0x0, 0x9f, 0xb0, 0x0, 0x0, 0x0, 0xcf,
    0x90, 0x0, 0x0, 0x0, 0xbf, 0xa0, 0x0, 0x0,
    0x0, 0x6d, 0xb2,

    /* U+FF09 "）" */
    0x0, 0x0, 0x0, 0x0, 0x1, 0xbf, 0x80, 0x0,
    0x0, 0x0, 0x8f, 0xb1, 0x0, 0x0, 0x0, 0x7f,
    0xc0, 0x0, 0x0, 0x0, 0xaf, 0x90, 0x0, 0x0,
    0x1, 0xef, 0x30, 0x0, 0x0, 0x7, 0xfb, 0x0,
    0x0, 0x0, 0x1f, 0xf2, 0x0, 0x0, 0x0, 0xcf,
    0x60, 0x0, 0x0, 0x9, 0xfa, 0x0, 0x0, 0x0,
    0x8f, 0xb0, 0x0, 0x0, 0x7, 0xfc, 0x0, 0x0,
    0x0, 0x7f, 0xb0, 0x0, 0x0, 0x9, 0xfa, 0x0,
    0x0, 0x0, 0xcf, 0x60, 0x0, 0x0, 0x1f, 0xf2,
    0x0, 0x0, 0x8, 0xfb, 0x0, 0x0, 0x1, 0xff,
    0x30, 0x0, 0x0, 0xbf, 0x90, 0x0, 0x0, 0x9f,
    0xb0, 0x0, 0x0, 0xaf, 0xb0, 0x0, 0x2, 0xbd,
    0x60, 0x0, 0x0,

    /* U+FF0C "，" */
    0xa, 0xda, 0xe, 0xf7, 0x2f, 0xf1, 0x5f, 0xb0,
    0x8f, 0x60, 0xcf, 0x0, 0x0, 0x0,

    /* U+FF1A "：" */
    0x2, 0x10, 0x7f, 0xf1, 0xaf, 0xf3, 0x6f, 0xd1,
    0x0, 0x0, 0x0, 0x0, 0x0, 0x0, 0x0, 0x0,
    0x0, 0x0, 0x0, 0x0, 0x0, 0x0, 0x4d, 0xb0,
    0xaf, 0xf3, 0x8f, 0xf1, 0x5, 0x30,

    /* U+FF1B "；" */
    0x0, 0x12, 0x0, 0xe, 0xf7, 0x2, 0xff, 0xa0,
    0xd, 0xf5, 0x0, 0x0, 0x0, 0x0, 0x0, 0x0,
    0x0, 0x0, 0x0, 0x0, 0x0, 0x0, 0x0, 0x0,
    0x0, 0x0, 0x0, 0x0, 0x1d, 0xd4, 0x5, 0xff,
    0x10, 0x8f, 0xc0, 0xb, 0xf6, 0x0, 0xef, 0x0,
    0x2f, 0x90, 0x0, 0x0, 0x0
};


/*---------------------
 *  GLYPH DESCRIPTION
 *--------------------*/

static const lv_font_fmt_txt_glyph_dsc_t glyph_dsc[] = {
    {.bitmap_index = 0, .adv_w = 0, .box_w = 0, .box_h = 0, .ofs_x = 0, .ofs_y = 0} /* id = 0 reserved */,
    {.bitmap_index = 0, .adv_w = 103, .box_w = 0, .box_h = 0, .ofs_x = 0, .ofs_y = 0},
    {.bitmap_index = 0, .adv_w = 103, .box_w = 4, .box_h = 17, .ofs_x = 1, .ofs_y = 0},
    {.bitmap_index = 34, .adv_w = 150, .box_w = 7, .box_h = 7, .ofs_x = 1, .ofs_y = 10},
    {.bitmap_index = 59, .adv_w = 270, .box_w = 17, .box_h = 17, .ofs_x = 0, .ofs_y = 0},
    {.bitmap_index = 204, .adv_w = 238, .box_w = 14, .box_h = 23, .ofs_x = 0, .ofs_y = -3},
    {.bitmap_index = 365, .adv_w = 324, .box_w = 20, .box_h = 17, .ofs_x = 0, .ofs_y = 0},
    {.bitmap_index = 535, .adv_w = 263, .box_w = 16, .box_h = 18, .ofs_x = 1, .ofs_y = -1},
    {.bitmap_index = 679, .adv_w = 81, .box_w = 3, .box_h = 7, .ofs_x = 1, .ofs_y = 10},
    {.bitmap_index = 690, .adv_w = 129, .box_w = 6, .box_h = 23, .ofs_x = 2, .ofs_y = -5},
    {.bitmap_index = 759, .adv_w = 130, .box_w = 6, .box_h = 23, .ofs_x = 0, .ofs_y = -5},
    {.bitmap_index = 828, .adv_w = 154, .box_w = 10, .box_h = 10, .ofs_x = 0, .ofs_y = 8},
    {.bitmap_index = 878, .adv_w = 223, .box_w = 12, .box_h = 11, .ofs_x = 1, .ofs_y = 3},
    {.bitmap_index = 944, .adv_w = 87, .box_w = 4, .box_h = 7, .ofs_x = 1, .ofs_y = -4},
    {.bitmap_index = 958, .adv_w = 147, .box_w = 7, .box_h = 3, .ofs_x = 1, .ofs_y = 6},
    {.bitmap_index = 969, .adv_w = 87, .box_w = 4, .box_h = 4, .ofs_x = 1, .ofs_y = 0},
    {.bitmap_index = 977, .adv_w = 135, .box_w = 11, .box_h = 23, .ofs_x = -1, .ofs_y = -2},
    {.bitmap_index = 1104, .adv_w = 256, .box_w = 14, .box_h = 17, .ofs_x = 1, .ofs_y = 0},
    {.bitmap_index = 1223, .adv_w = 142, .box_w = 7, .box_h = 17, .ofs_x = 0, .ofs_y = 0},
    {.bitmap_index = 1283, .adv_w = 220, .box_w = 13, .box_h = 17, .ofs_x = 0, .ofs_y = 0},
    {.bitmap_index = 1394, .adv_w = 220, .box_w = 13, .box_h = 17, .ofs_x = 0, .ofs_y = 0},
    {.bitmap_index = 1505, .adv_w = 257, .box_w = 16, .box_h = 17, .ofs_x = 0, .ofs_y = 0},
    {.bitmap_index = 1641, .adv_w = 220, .box_w = 13, .box_h = 17, .ofs_x = 0, .ofs_y = 0},
    {.bitmap_index = 1752, .adv_w = 237, .box_w = 14, .box_h = 17, .ofs_x = 1, .ofs_y = 0},
    {.bitmap_index = 1871, .adv_w = 230, .box_w = 14, .box_h = 17, .ofs_x = 0, .ofs_y = 0},
    {.bitmap_index = 1990, .adv_w = 247, .box_w = 14, .box_h = 17, .ofs_x = 1, .ofs_y = 0},
    {.bitmap_index = 2109, .adv_w = 237, .box_w = 14, .box_h = 17, .ofs_x = 0, .ofs_y = 0},
    {.bitmap_index = 2228, .adv_w = 87, .box_w = 4, .box_h = 13, .ofs_x = 1, .ofs_y = 0},
    {.bitmap_index = 2254, .adv_w = 87, .box_w = 4, .box_h = 17, .ofs_x = 1, .ofs_y = -4},
    {.bitmap_index = 2288, .adv_w = 223, .box_w = 12, .box_h = 11, .ofs_x = 1, .ofs_y = 3},
    {.bitmap_index = 2354, .adv_w = 223, .box_w = 12, .box_h = 8, .ofs_x = 1, .ofs_y = 5},
    {.bitmap_index = 2402, .adv_w = 223, .box_w = 12, .box_h = 11, .ofs_x = 1, .ofs_y = 3},
    {.bitmap_index = 2468, .adv_w = 220, .box_w = 13, .box_h = 17, .ofs_x = 0, .ofs_y = 0},
    {.bitmap_index = 2579, .adv_w = 397, .box_w = 23, .box_h = 22, .ofs_x = 1, .ofs_y = -5},
    {.bitmap_index = 2832, .adv_w = 281, .box_w = 19, .box_h = 17, .ofs_x = -1, .ofs_y = 0},
    {.bitmap_index = 2994, .adv_w = 291, .box_w = 15, .box_h = 17, .ofs_x = 2, .ofs_y = 0},
    {.bitmap_index = 3122, .adv_w = 278, .box_w = 16, .box_h = 17, .ofs_x = 1, .ofs_y = 0},
    {.bitmap_index = 3258, .adv_w = 317, .box_w = 17, .box_h = 17, .ofs_x = 2, .ofs_y = 0},
    {.bitmap_index = 3403, .adv_w = 257, .box_w = 13, .box_h = 17, .ofs_x = 2, .ofs_y = 0},
    {.bitmap_index = 3514, .adv_w = 244, .box_w = 13, .box_h = 17, .ofs_x = 2, .ofs_y = 0},
    {.bitmap_index = 3625, .adv_w = 296, .box_w = 16, .box_h = 17, .ofs_x = 1, .ofs_y = 0},
    {.bitmap_index = 3761, .adv_w = 312, .box_w = 15, .box_h = 17, .ofs_x = 2, .ofs_y = 0},
    {.bitmap_index = 3889, .adv_w = 119, .box_w = 3, .box_h = 17, .ofs_x = 2, .ofs_y = 0},
    {.bitmap_index = 3915, .adv_w = 197, .box_w = 11, .box_h = 17, .ofs_x = -1, .ofs_y = 0},
    {.bitmap_index = 4009, .adv_w = 276, .box_w = 16, .box_h = 17, .ofs_x = 2, .ofs_y = 0},
    {.bitmap_index = 4145, .adv_w = 228, .box_w = 13, .box_h = 17, .ofs_x = 2, .ofs_y = 0},
    {.bitmap_index = 4256, .adv_w = 367, .box_w = 19, .box_h = 17, .ofs_x = 2, .ofs_y = 0},
    {.bitmap_index = 4418, .adv_w = 312, .box_w = 15, .box_h = 17, .ofs_x = 2, .ofs_y = 0},
    {.bitmap_index = 4546, .adv_w = 323, .box_w = 19, .box_h = 17, .ofs_x = 1, .ofs_y = 0},
    {.bitmap_index = 4708, .adv_w = 277, .box_w = 15, .box_h = 17, .ofs_x = 2, .ofs_y = 0},
    {.bitmap_index = 4836, .adv_w = 323, .box_w = 19, .box_h = 20, .ofs_x = 1, .ofs_y = -3},
    {.bitmap_index = 5026, .adv_w = 279, .box_w = 15, .box_h = 17, .ofs_x = 2, .ofs_y = 0},
    {.bitmap_index = 5154, .adv_w = 238, .box_w = 14, .box_h = 17, .ofs_x = 0, .ofs_y = 0},
    {.bitmap_index = 5273, .adv_w = 225, .box_w = 14, .box_h = 17, .ofs_x = 0, .ofs_y = 0},
    {.bitmap_index = 5392, .adv_w = 304, .box_w = 15, .box_h = 17, .ofs_x = 2, .ofs_y = 0},
    {.bitmap_index = 5520, .adv_w = 273, .box_w = 19, .box_h = 17, .ofs_x = -1, .ofs_y = 0},
    {.bitmap_index = 5682, .adv_w = 432, .box_w = 27, .box_h = 17, .ofs_x = 0, .ofs_y = 0},
    {.bitmap_index = 5912, .adv_w = 258, .box_w = 16, .box_h = 17, .ofs_x = 0, .ofs_y = 0},
    {.bitmap_index = 6048, .adv_w = 248, .box_w = 17, .box_h = 17, .ofs_x = -1, .ofs_y = 0},
    {.bitmap_index = 6193, .adv_w = 252, .box_w = 15, .box_h = 17, .ofs_x = 1, .ofs_y = 0},
    {.bitmap_index = 6321, .adv_w = 128, .box_w = 6, .box_h = 23, .ofs_x = 2, .ofs_y = -5},
    {.bitmap_index = 6390, .adv_w = 135, .box_w = 11, .box_h = 23, .ofs_x = -1, .ofs_y = -2},
    {.bitmap_index = 6517, .adv_w = 128, .box_w = 6, .box_h = 23, .ofs_x = 0, .ofs_y = -5},
    {.bitmap_index = 6586, .adv_w = 224, .box_w = 12, .box_h = 10, .ofs_x = 1, .ofs_y = 3},
    {.bitmap_index = 6646, .adv_w = 192, .box_w = 12, .box_h = 2, .ofs_x = 0, .ofs_y = -1},
    {.bitmap_index = 6658, .adv_w = 230, .box_w = 7, .box_h = 3, .ofs_x = 2, .ofs_y = 15},
    {.bitmap_index = 6669, .adv_w = 230, .box_w = 12, .box_h = 13, .ofs_x = 1, .ofs_y = 0},
    {.bitmap_index = 6747, .adv_w = 262, .box_w = 14, .box_h = 18, .ofs_x = 2, .ofs_y = 0},
    {.bitmap_index = 6873, .adv_w = 219, .box_w = 12, .box_h = 13, .ofs_x = 1, .ofs_y = 0},
    {.bitmap_index = 6951, .adv_w = 262, .box_w = 14, .box_h = 18, .ofs_x = 1, .ofs_y = 0},
    {.bitmap_index = 7077, .adv_w = 235, .box_w = 13, .box_h = 13, .ofs_x = 1, .ofs_y = 0},
    {.bitmap_index = 7162, .adv_w = 136, .box_w = 10, .box_h = 18, .ofs_x = 0, .ofs_y = 0},
    {.bitmap_index = 7252, .adv_w = 265, .box_w = 14, .box_h = 18, .ofs_x = 1, .ofs_y = -5},
    {.bitmap_index = 7378, .adv_w = 262, .box_w = 13, .box_h = 18, .ofs_x = 2, .ofs_y = 0},
    {.bitmap_index = 7495, .adv_w = 107, .box_w = 4, .box_h = 18, .ofs_x = 1, .ofs_y = 0},
    {.bitmap_index = 7531, .adv_w = 109, .box_w = 9, .box_h = 23, .ofs_x = -3, .ofs_y = -5},
    {.bitmap_index = 7635, .adv_w = 237, .box_w = 13, .box_h = 18, .ofs_x = 2, .ofs_y = 0},
    {.bitmap_index = 7752, .adv_w = 107, .box_w = 3, .box_h = 18, .ofs_x = 2, .ofs_y = 0},
    {.bitmap_index = 7779, .adv_w = 406, .box_w = 22, .box_h = 13, .ofs_x = 2, .ofs_y = 0},
    {.bitmap_index = 7922, .adv_w = 262, .box_w = 13, .box_h = 13, .ofs_x = 2, .ofs_y = 0},
    {.bitmap_index = 8007, .adv_w = 244, .box_w = 14, .box_h = 13, .ofs_x = 1, .ofs_y = 0},
    {.bitmap_index = 8098, .adv_w = 262, .box_w = 14, .box_h = 18, .ofs_x = 2, .ofs_y = -5},
    {.bitmap_index = 8224, .adv_w = 262, .box_w = 14, .box_h = 18, .ofs_x = 1, .ofs_y = -5},
    {.bitmap_index = 8350, .adv_w = 157, .box_w = 8, .box_h = 13, .ofs_x = 2, .ofs_y = 0},
    {.bitmap_index = 8402, .adv_w = 192, .box_w = 12, .box_h = 13, .ofs_x = 0, .ofs_y = 0},
    {.bitmap_index = 8480, .adv_w = 159, .box_w = 10, .box_h = 16, .ofs_x = 0, .ofs_y = 0},
    {.bitmap_index = 8560, .adv_w = 260, .box_w = 13, .box_h = 13, .ofs_x = 2, .ofs_y = 0},
    {.bitmap_index = 8645, .adv_w = 215, .box_w = 15, .box_h = 13, .ofs_x = -1, .ofs_y = 0},
    {.bitmap_index = 8743, .adv_w = 345, .box_w = 22, .box_h = 13, .ofs_x = 0, .ofs_y = 0},
    {.bitmap_index = 8886, .adv_w = 212, .box_w = 13, .box_h = 13, .ofs_x = 0, .ofs_y = 0},
    {.bitmap_index = 8971, .adv_w = 215, .box_w = 15, .box_h = 18, .ofs_x = -1, .ofs_y = -5},
    {.bitmap_index = 9106, .adv_w = 200, .box_w = 12, .box_h = 13, .ofs_x = 0, .ofs_y = 0},
    {.bitmap_index = 9184, .adv_w = 135, .box_w = 7, .box_h = 23, .ofs_x = 1, .ofs_y = -5},
    {.bitmap_index = 9265, .adv_w = 115, .box_w = 3, .box_h = 23, .ofs_x = 2, .ofs_y = -5},
    {.bitmap_index = 9300, .adv_w = 135, .box_w = 8, .box_h = 23, .ofs_x = 0, .ofs_y = -5},
    {.bitmap_index = 9392, .adv_w = 223, .box_w = 12, .box_h = 4, .ofs_x = 1, .ofs_y = 7},
    {.bitmap_index = 9416, .adv_w = 161, .box_w = 8, .box_h = 10, .ofs_x = 1, .ofs_y = 9},
    {.bitmap_index = 9456, .adv_w = 165, .box_w = 10, .box_h = 10, .ofs_x = 0, .ofs_y = 8},
    {.bitmap_index = 9506, .adv_w = 384, .box_w = 24, .box_h = 2, .ofs_x = 0, .ofs_y = 6},
    {.bitmap_index = 9530, .adv_w = 121, .box_w = 5, .box_h = 5, .ofs_x = 1, .ofs_y = 4},
    {.bitmap_index = 9543, .adv_w = 384, .box_w = 7, .box_h = 7, .ofs_x = 0, .ofs_y = -3},
    {.bitmap_index = 9568, .adv_w = 384, .box_w = 8, .box_h = 7, .ofs_x = 0, .ofs_y = -3},
    {.bitmap_index = 9596, .adv_w = 384, .box_w = 7, .box_h = 12, .ofs_x = 12, .ofs_y = 8},
    {.bitmap_index = 9638, .adv_w = 384, .box_w = 7, .box_h = 11, .ofs_x = 5, .ofs_y = -2},
    {.bitmap_index = 9677, .adv_w = 384, .box_w = 21, .box_h = 3, .ofs_x = 1, .ofs_y = 8},
    {.bitmap_index = 9709, .adv_w = 384, .box_w = 22, .box_h = 22, .ofs_x = 1, .ofs_y = -2},
    {.bitmap_index = 9951, .adv_w = 384, .box_w = 22, .box_h = 21, .ofs_x = 1, .ofs_y = -2},
    {.bitmap_index = 10182, .adv_w = 384, .box_w = 22, .box_h = 21, .ofs_x = 1, .ofs_y = -2},
    {.bitmap_index = 10413, .adv_w = 384, .box_w = 21, .box_h = 22, .ofs_x = 1, .ofs_y = -2},
    {.bitmap_index = 10644, .adv_w = 384, .box_w = 22, .box_h = 23, .ofs_x = 1, .ofs_y = -3},
    {.bitmap_index = 10897, .adv_w = 384, .box_w = 22, .box_h = 21, .ofs_x = 1, .ofs_y = -2},
    {.bitmap_index = 11128, .adv_w = 384, .box_w = 23, .box_h = 22, .ofs_x = 1, .ofs_y = -2},
    {.bitmap_index = 11381, .adv_w = 384, .box_w = 20, .box_h = 22, .ofs_x = 2, .ofs_y = -2},
    {.bitmap_index = 11601, .adv_w = 384, .box_w = 21, .box_h = 23, .ofs_x = 1, .ofs_y = -3},
    {.bitmap_index = 11843, .adv_w = 384, .box_w = 22, .box_h = 22, .ofs_x = 1, .ofs_y = -2},
    {.bitmap_index = 12085, .adv_w = 384, .box_w = 22, .box_h = 23, .ofs_x = 1, .ofs_y = -3},
    {.bitmap_index = 12338, .adv_w = 384, .box_w = 22, .box_h = 22, .ofs_x = 1, .ofs_y = -3},
    {.bitmap_index = 12580, .adv_w = 384, .box_w = 22, .box_h = 23, .ofs_x = 1, .ofs_y = -3},
    {.bitmap_index = 12833, .adv_w = 384, .box_w = 22, .box_h = 22, .ofs_x = 1, .ofs_y = -2},
    {.bitmap_index = 13075, .adv_w = 384, .box_w = 20, .box_h = 21, .ofs_x = 2, .ofs_y = -2},
    {.bitmap_index = 13285, .adv_w = 384, .box_w = 22, .box_h = 23, .ofs_x = 1, .ofs_y = -3},
    {.bitmap_index = 13538, .adv_w = 384, .box_w = 22, .box_h = 17, .ofs_x = 1, .ofs_y = 0},
    {.bitmap_index = 13725, .adv_w = 384, .box_w = 22, .box_h = 20, .ofs_x = 1, .ofs_y = -2},
    {.bitmap_index = 13945, .adv_w = 384, .box_w = 22, .box_h = 22, .ofs_x = 1, .ofs_y = -2},
    {.bitmap_index = 14187, .adv_w = 384, .box_w = 22, .box_h = 23, .ofs_x = 1, .ofs_y = -3},
    {.bitmap_index = 14440, .adv_w = 384, .box_w = 23, .box_h = 22, .ofs_x = 0, .ofs_y = -2},
    {.bitmap_index = 14693, .adv_w = 384, .box_w = 23, .box_h = 22, .ofs_x = 0, .ofs_y = -2},
    {.bitmap_index = 14946, .adv_w = 384, .box_w = 22, .box_h = 23, .ofs_x = 1, .ofs_y = -3},
    {.bitmap_index = 15199, .adv_w = 384, .box_w = 23, .box_h = 22, .ofs_x = 0, .ofs_y = -2},
    {.bitmap_index = 15452, .adv_w = 384, .box_w = 20, .box_h = 23, .ofs_x = 3, .ofs_y = -3},
    {.bitmap_index = 15682, .adv_w = 384, .box_w = 23, .box_h = 23, .ofs_x = 0, .ofs_y = -3},
    {.bitmap_index = 15947, .adv_w = 384, .box_w = 23, .box_h = 22, .ofs_x = 1, .ofs_y = -2},
    {.bitmap_index = 16200, .adv_w = 384, .box_w = 22, .box_h = 22, .ofs_x = 1, .ofs_y = -2},
    {.bitmap_index = 16442, .adv_w = 384, .box_w = 23, .box_h = 22, .ofs_x = 0, .ofs_y = -2},
    {.bitmap_index = 16695, .adv_w = 384, .box_w = 22, .box_h = 22, .ofs_x = 1, .ofs_y = -2},
    {.bitmap_index = 16937, .adv_w = 384, .box_w = 23, .box_h = 22, .ofs_x = 0, .ofs_y = -2},
    {.bitmap_index = 17190, .adv_w = 384, .box_w = 23, .box_h = 23, .ofs_x = 0, .ofs_y = -3},
    {.bitmap_index = 17455, .adv_w = 384, .box_w = 23, .box_h = 22, .ofs_x = 0, .ofs_y = -2},
    {.bitmap_index = 17708, .adv_w = 384, .box_w = 23, .box_h = 22, .ofs_x = 0, .ofs_y = -2},
    {.bitmap_index = 17961, .adv_w = 384, .box_w = 23, .box_h = 22, .ofs_x = 0, .ofs_y = -2},
    {.bitmap_index = 18214, .adv_w = 384, .box_w = 23, .box_h = 23, .ofs_x = 0, .ofs_y = -3},
    {.bitmap_index = 18479, .adv_w = 384, .box_w = 22, .box_h = 22, .ofs_x = 1, .ofs_y = -2},
    {.bitmap_index = 18721, .adv_w = 384, .box_w = 22, .box_h = 23, .ofs_x = 1, .ofs_y = -3},
    {.bitmap_index = 18974, .adv_w = 384, .box_w = 23, .box_h = 22, .ofs_x = 1, .ofs_y = -2},
    {.bitmap_index = 19227, .adv_w = 384, .box_w = 23, .box_h = 22, .ofs_x = 0, .ofs_y = -2},
    {.bitmap_index = 19480, .adv_w = 384, .box_w = 23, .box_h = 22, .ofs_x = 0, .ofs_y = -2},
    {.bitmap_index = 19733, .adv_w = 384, .box_w = 23, .box_h = 22, .ofs_x = 0, .ofs_y = -2},
    {.bitmap_index = 19986, .adv_w = 384, .box_w = 23, .box_h = 22, .ofs_x = 0, .ofs_y = -2},
    {.bitmap_index = 20239, .adv_w = 384, .box_w = 23, .box_h = 22, .ofs_x = 1, .ofs_y = -2},
    {.bitmap_index = 20492, .adv_w = 384, .box_w = 22, .box_h = 23, .ofs_x = 1, .ofs_y = -3},
    {.bitmap_index = 20745, .adv_w = 384, .box_w = 22, .box_h = 22, .ofs_x = 1, .ofs_y = -2},
    {.bitmap_index = 20987, .adv_w = 384, .box_w = 23, .box_h = 22, .ofs_x = 0, .ofs_y = -2},
    {.bitmap_index = 21240, .adv_w = 384, .box_w = 22, .box_h = 23, .ofs_x = 1, .ofs_y = -3},
    {.bitmap_index = 21493, .adv_w = 384, .box_w = 22, .box_h = 23, .ofs_x = 1, .ofs_y = -3},
    {.bitmap_index = 21746, .adv_w = 384, .box_w = 23, .box_h = 23, .ofs_x = 1, .ofs_y = -3},
    {.bitmap_index = 22011, .adv_w = 384, .box_w = 23, .box_h = 23, .ofs_x = 1, .ofs_y = -3},
    {.bitmap_index = 22276, .adv_w = 384, .box_w = 23, .box_h = 22, .ofs_x = 0, .ofs_y = -2},
    {.bitmap_index = 22529, .adv_w = 384, .box_w = 22, .box_h = 22, .ofs_x = 1, .ofs_y = -3},
    {.bitmap_index = 22771, .adv_w = 384, .box_w = 22, .box_h = 23, .ofs_x = 1, .ofs_y = -3},
    {.bitmap_index = 23024, .adv_w = 384, .box_w = 22, .box_h = 23, .ofs_x = 1, .ofs_y = -3},
    {.bitmap_index = 23277, .adv_w = 384, .box_w = 22, .box_h = 22, .ofs_x = 1, .ofs_y = -3},
    {.bitmap_index = 23519, .adv_w = 384, .box_w = 20, .box_h = 23, .ofs_x = 2, .ofs_y = -3},
    {.bitmap_index = 23749, .adv_w = 384, .box_w = 22, .box_h = 21, .ofs_x = 1, .ofs_y = -2},
    {.bitmap_index = 23980, .adv_w = 384, .box_w = 22, .box_h = 21, .ofs_x = 1, .ofs_y = -2},
    {.bitmap_index = 24211, .adv_w = 384, .box_w = 21, .box_h = 22, .ofs_x = 1, .ofs_y = -2},
    {.bitmap_index = 24442, .adv_w = 384, .box_w = 22, .box_h = 22, .ofs_x = 1, .ofs_y = -2},
    {.bitmap_index = 24684, .adv_w = 384, .box_w = 22, .box_h = 22, .ofs_x = 1, .ofs_y = -2},
    {.bitmap_index = 24926, .adv_w = 384, .box_w = 22, .box_h = 23, .ofs_x = 1, .ofs_y = -3},
    {.bitmap_index = 25179, .adv_w = 384, .box_w = 20, .box_h = 22, .ofs_x = 2, .ofs_y = -2},
    {.bitmap_index = 25399, .adv_w = 384, .box_w = 22, .box_h = 23, .ofs_x = 1, .ofs_y = -3},
    {.bitmap_index = 25652, .adv_w = 384, .box_w = 21, .box_h = 23, .ofs_x = 1, .ofs_y = -3},
    {.bitmap_index = 25894, .adv_w = 384, .box_w = 22, .box_h = 22, .ofs_x = 1, .ofs_y = -2},
    {.bitmap_index = 26136, .adv_w = 384, .box_w = 21, .box_h = 22, .ofs_x = 1, .ofs_y = -2},
    {.bitmap_index = 26367, .adv_w = 384, .box_w = 22, .box_h = 22, .ofs_x = 0, .ofs_y = -2},
    {.bitmap_index = 26609, .adv_w = 384, .box_w = 21, .box_h = 23, .ofs_x = 1, .ofs_y = -3},
    {.bitmap_index = 26851, .adv_w = 384, .box_w = 21, .box_h = 22, .ofs_x = 1, .ofs_y = -2},
    {.bitmap_index = 27082, .adv_w = 384, .box_w = 22, .box_h = 23, .ofs_x = 1, .ofs_y = -3},
    {.bitmap_index = 27335, .adv_w = 384, .box_w = 22, .box_h = 22, .ofs_x = 0, .ofs_y = -2},
    {.bitmap_index = 27577, .adv_w = 384, .box_w = 22, .box_h = 23, .ofs_x = 1, .ofs_y = -3},
    {.bitmap_index = 27830, .adv_w = 384, .box_w = 21, .box_h = 23, .ofs_x = 1, .ofs_y = -3},
    {.bitmap_index = 28072, .adv_w = 384, .box_w = 22, .box_h = 23, .ofs_x = 0, .ofs_y = -3},
    {.bitmap_index = 28325, .adv_w = 384, .box_w = 22, .box_h = 23, .ofs_x = 1, .ofs_y = -3},
    {.bitmap_index = 28578, .adv_w = 384, .box_w = 23, .box_h = 23, .ofs_x = 0, .ofs_y = -3},
    {.bitmap_index = 28843, .adv_w = 384, .box_w = 22, .box_h = 22, .ofs_x = 1, .ofs_y = -2},
    {.bitmap_index = 29085, .adv_w = 384, .box_w = 23, .box_h = 22, .ofs_x = 0, .ofs_y = -2},
    {.bitmap_index = 29338, .adv_w = 384, .box_w = 21, .box_h = 21, .ofs_x = 2, .ofs_y = -2},
    {.bitmap_index = 29559, .adv_w = 384, .box_w = 21, .box_h = 21, .ofs_x = 2, .ofs_y = -2},
    {.bitmap_index = 29780, .adv_w = 384, .box_w = 22, .box_h = 22, .ofs_x = 1, .ofs_y = -2},
    {.bitmap_index = 30022, .adv_w = 384, .box_w = 22, .box_h = 22, .ofs_x = 1, .ofs_y = -2},
    {.bitmap_index = 30264, .adv_w = 384, .box_w = 22, .box_h = 22, .ofs_x = 1, .ofs_y = -2},
    {.bitmap_index = 30506, .adv_w = 384, .box_w = 19, .box_h = 22, .ofs_x = 3, .ofs_y = -2},
    {.bitmap_index = 30715, .adv_w = 384, .box_w = 22, .box_h = 22, .ofs_x = 1, .ofs_y = -2},
    {.bitmap_index = 30957, .adv_w = 384, .box_w = 20, .box_h = 20, .ofs_x = 2, .ofs_y = -2},
    {.bitmap_index = 31157, .adv_w = 384, .box_w = 22, .box_h = 21, .ofs_x = 1, .ofs_y = -2},
    {.bitmap_index = 31388, .adv_w = 384, .box_w = 22, .box_h = 22, .ofs_x = 1, .ofs_y = -3},
    {.bitmap_index = 31630, .adv_w = 384, .box_w = 22, .box_h = 23, .ofs_x = 1, .ofs_y = -3},
    {.bitmap_index = 31883, .adv_w = 384, .box_w = 23, .box_h = 23, .ofs_x = 0, .ofs_y = -3},
    {.bitmap_index = 32148, .adv_w = 384, .box_w = 22, .box_h = 22, .ofs_x = 1, .ofs_y = -3},
    {.bitmap_index = 32390, .adv_w = 384, .box_w = 22, .box_h = 23, .ofs_x = 1, .ofs_y = -3},
    {.bitmap_index = 32643, .adv_w = 384, .box_w = 23, .box_h = 23, .ofs_x = 0, .ofs_y = -3},
    {.bitmap_index = 32908, .adv_w = 384, .box_w = 22, .box_h = 21, .ofs_x = 1, .ofs_y = -2},
    {.bitmap_index = 33139, .adv_w = 384, .box_w = 22, .box_h = 23, .ofs_x = 1, .ofs_y = -3},
    {.bitmap_index = 33392, .adv_w = 384, .box_w = 18, .box_h = 20, .ofs_x = 3, .ofs_y = -2},
    {.bitmap_index = 33572, .adv_w = 384, .box_w = 21, .box_h = 22, .ofs_x = 1, .ofs_y = -2},
    {.bitmap_index = 33803, .adv_w = 384, .box_w = 20, .box_h = 21, .ofs_x = 2, .ofs_y = -2},
    {.bitmap_index = 34013, .adv_w = 384, .box_w = 22, .box_h = 21, .ofs_x = 1, .ofs_y = -2},
    {.bitmap_index = 34244, .adv_w = 384, .box_w = 23, .box_h = 22, .ofs_x = 1, .ofs_y = -3},
    {.bitmap_index = 34497, .adv_w = 384, .box_w = 22, .box_h = 21, .ofs_x = 1, .ofs_y = -2},
    {.bitmap_index = 34728, .adv_w = 384, .box_w = 21, .box_h = 22, .ofs_x = 2, .ofs_y = -2},
    {.bitmap_index = 34959, .adv_w = 384, .box_w = 22, .box_h = 23, .ofs_x = 1, .ofs_y = -3},
    {.bitmap_index = 35212, .adv_w = 384, .box_w = 22, .box_h = 22, .ofs_x = 1, .ofs_y = -3},
    {.bitmap_index = 35454, .adv_w = 384, .box_w = 23, .box_h = 22, .ofs_x = 0, .ofs_y = -2},
    {.bitmap_index = 35707, .adv_w = 384, .box_w = 20, .box_h = 22, .ofs_x = 2, .ofs_y = -3},
    {.bitmap_index = 35927, .adv_w = 384, .box_w = 21, .box_h = 22, .ofs_x = 1, .ofs_y = -2},
    {.bitmap_index = 36158, .adv_w = 384, .box_w = 22, .box_h = 23, .ofs_x = 1, .ofs_y = -3},
    {.bitmap_index = 36411, .adv_w = 384, .box_w = 20, .box_h = 23, .ofs_x = 2, .ofs_y = -3},
    {.bitmap_index = 36641, .adv_w = 384, .box_w = 22, .box_h = 21, .ofs_x = 1, .ofs_y = -2},
    {.bitmap_index = 36872, .adv_w = 384, .box_w = 23, .box_h = 22, .ofs_x = 1, .ofs_y = -2},
    {.bitmap_index = 37125, .adv_w = 384, .box_w = 22, .box_h = 23, .ofs_x = 0, .ofs_y = -3},
    {.bitmap_index = 37378, .adv_w = 384, .box_w = 23, .box_h = 23, .ofs_x = 1, .ofs_y = -3},
    {.bitmap_index = 37643, .adv_w = 384, .box_w = 22, .box_h = 22, .ofs_x = 1, .ofs_y = -2},
    {.bitmap_index = 37885, .adv_w = 384, .box_w = 22, .box_h = 22, .ofs_x = 0, .ofs_y = -3},
    {.bitmap_index = 38127, .adv_w = 384, .box_w = 22, .box_h = 22, .ofs_x = 0, .ofs_y = -2},
    {.bitmap_index = 38369, .adv_w = 384, .box_w = 22, .box_h = 22, .ofs_x = 1, .ofs_y = -2},
    {.bitmap_index = 38611, .adv_w = 384, .box_w = 21, .box_h = 22, .ofs_x = 1, .ofs_y = -2},
    {.bitmap_index = 38842, .adv_w = 384, .box_w = 22, .box_h = 21, .ofs_x = 1, .ofs_y = -2},
    {.bitmap_index = 39073, .adv_w = 384, .box_w = 22, .box_h = 22, .ofs_x = 1, .ofs_y = -2},
    {.bitmap_index = 39315, .adv_w = 384, .box_w = 22, .box_h = 21, .ofs_x = 1, .ofs_y = -2},
    {.bitmap_index = 39546, .adv_w = 384, .box_w = 22, .box_h = 22, .ofs_x = 1, .ofs_y = -2},
    {.bitmap_index = 39788, .adv_w = 384, .box_w = 22, .box_h = 21, .ofs_x = 1, .ofs_y = -2},
    {.bitmap_index = 40019, .adv_w = 384, .box_w = 23, .box_h = 21, .ofs_x = 1, .ofs_y = -2},
    {.bitmap_index = 40261, .adv_w = 384, .box_w = 20, .box_h = 21, .ofs_x = 2, .ofs_y = -2},
    {.bitmap_index = 40471, .adv_w = 384, .box_w = 20, .box_h = 21, .ofs_x = 2, .ofs_y = -2},
    {.bitmap_index = 40681, .adv_w = 384, .box_w = 20, .box_h = 21, .ofs_x = 2, .ofs_y = -2},
    {.bitmap_index = 40891, .adv_w = 384, .box_w = 20, .box_h = 21, .ofs_x = 2, .ofs_y = -2},
    {.bitmap_index = 41101, .adv_w = 384, .box_w = 20, .box_h = 21, .ofs_x = 2, .ofs_y = -2},
    {.bitmap_index = 41311, .adv_w = 384, .box_w = 20, .box_h = 21, .ofs_x = 2, .ofs_y = -2},
    {.bitmap_index = 41521, .adv_w = 384, .box_w = 20, .box_h = 21, .ofs_x = 2, .ofs_y = -2},
    {.bitmap_index = 41731, .adv_w = 384, .box_w = 23, .box_h = 22, .ofs_x = 0, .ofs_y = -2},
    {.bitmap_index = 41984, .adv_w = 384, .box_w = 23, .box_h = 22, .ofs_x = 0, .ofs_y = -2},
    {.bitmap_index = 42237, .adv_w = 384, .box_w = 22, .box_h = 23, .ofs_x = 0, .ofs_y = -3},
    {.bitmap_index = 42490, .adv_w = 384, .box_w = 22, .box_h = 23, .ofs_x = 0, .ofs_y = -3},
    {.bitmap_index = 42743, .adv_w = 384, .box_w = 22, .box_h = 23, .ofs_x = 1, .ofs_y = -3},
    {.bitmap_index = 42996, .adv_w = 384, .box_w = 24, .box_h = 23, .ofs_x = 0, .ofs_y = -3},
    {.bitmap_index = 43272, .adv_w = 384, .box_w = 23, .box_h = 23, .ofs_x = 0, .ofs_y = -3},
    {.bitmap_index = 43537, .adv_w = 384, .box_w = 22, .box_h = 21, .ofs_x = 1, .ofs_y = -2},
    {.bitmap_index = 43768, .adv_w = 384, .box_w = 22, .box_h = 22, .ofs_x = 1, .ofs_y = -2},
    {.bitmap_index = 44010, .adv_w = 384, .box_w = 24, .box_h = 22, .ofs_x = 0, .ofs_y = -2},
    {.bitmap_index = 44274, .adv_w = 384, .box_w = 23, .box_h = 23, .ofs_x = 0, .ofs_y = -3},
    {.bitmap_index = 44539, .adv_w = 384, .box_w = 23, .box_h = 23, .ofs_x = 1, .ofs_y = -3},
    {.bitmap_index = 44804, .adv_w = 384, .box_w = 22, .box_h = 22, .ofs_x = 1, .ofs_y = -2},
    {.bitmap_index = 45046, .adv_w = 384, .box_w = 22, .box_h = 23, .ofs_x = 1, .ofs_y = -3},
    {.bitmap_index = 45299, .adv_w = 384, .box_w = 22, .box_h = 23, .ofs_x = 1, .ofs_y = -3},
    {.bitmap_index = 45552, .adv_w = 384, .box_w = 21, .box_h = 23, .ofs_x = 1, .ofs_y = -3},
    {.bitmap_index = 45794, .adv_w = 384, .box_w = 21, .box_h = 22, .ofs_x = 1, .ofs_y = -2},
    {.bitmap_index = 46025, .adv_w = 384, .box_w = 20, .box_h = 23, .ofs_x = 1, .ofs_y = -3},
    {.bitmap_index = 46255, .adv_w = 384, .box_w = 23, .box_h = 23, .ofs_x = 0, .ofs_y = -3},
    {.bitmap_index = 46520, .adv_w = 384, .box_w = 23, .box_h = 23, .ofs_x = 1, .ofs_y = -3},
    {.bitmap_index = 46785, .adv_w = 384, .box_w = 22, .box_h = 22, .ofs_x = 1, .ofs_y = -3},
    {.bitmap_index = 47027, .adv_w = 384, .box_w = 22, .box_h = 22, .ofs_x = 1, .ofs_y = -2},
    {.bitmap_index = 47269, .adv_w = 384, .box_w = 23, .box_h = 23, .ofs_x = 1, .ofs_y = -3},
    {.bitmap_index = 47534, .adv_w = 384, .box_w = 22, .box_h = 23, .ofs_x = 1, .ofs_y = -3},
    {.bitmap_index = 47787, .adv_w = 384, .box_w = 21, .box_h = 23, .ofs_x = 1, .ofs_y = -3},
    {.bitmap_index = 48029, .adv_w = 384, .box_w = 22, .box_h = 23, .ofs_x = 1, .ofs_y = -3},
    {.bitmap_index = 48282, .adv_w = 384, .box_w = 22, .box_h = 23, .ofs_x = 1, .ofs_y = -3},
    {.bitmap_index = 48535, .adv_w = 384, .box_w = 22, .box_h = 21, .ofs_x = 1, .ofs_y = -2},
    {.bitmap_index = 48766, .adv_w = 384, .box_w = 22, .box_h = 22, .ofs_x = 1, .ofs_y = -2},
    {.bitmap_index = 49008, .adv_w = 384, .box_w = 22, .box_h = 22, .ofs_x = 1, .ofs_y = -2},
    {.bitmap_index = 49250, .adv_w = 384, .box_w = 22, .box_h = 22, .ofs_x = 1, .ofs_y = -2},
    {.bitmap_index = 49492, .adv_w = 384, .box_w = 22, .box_h = 22, .ofs_x = 1, .ofs_y = -2},
    {.bitmap_index = 49734, .adv_w = 384, .box_w = 22, .box_h = 23, .ofs_x = 1, .ofs_y = -3},
    {.bitmap_index = 49987, .adv_w = 384, .box_w = 22, .box_h = 22, .ofs_x = 1, .ofs_y = -2},
    {.bitmap_index = 50229, .adv_w = 384, .box_w = 22, .box_h = 22, .ofs_x = 1, .ofs_y = -2},
    {.bitmap_index = 50471, .adv_w = 384, .box_w = 22, .box_h = 22, .ofs_x = 1, .ofs_y = -2},
    {.bitmap_index = 50713, .adv_w = 384, .box_w = 22, .box_h = 22, .ofs_x = 1, .ofs_y = -2},
    {.bitmap_index = 50955, .adv_w = 384, .box_w = 23, .box_h = 22, .ofs_x = 0, .ofs_y = -2},
    {.bitmap_index = 51208, .adv_w = 384, .box_w = 22, .box_h = 22, .ofs_x = 1, .ofs_y = -2},
    {.bitmap_index = 51450, .adv_w = 384, .box_w = 22, .box_h = 23, .ofs_x = 1, .ofs_y = -3},
    {.bitmap_index = 51703, .adv_w = 384, .box_w = 22, .box_h = 22, .ofs_x = 1, .ofs_y = -3},
    {.bitmap_index = 51945, .adv_w = 384, .box_w = 23, .box_h = 22, .ofs_x = 0, .ofs_y = -3},
    {.bitmap_index = 52198, .adv_w = 384, .box_w = 23, .box_h = 22, .ofs_x = 0, .ofs_y = -3},
    {.bitmap_index = 52451, .adv_w = 384, .box_w = 23, .box_h = 22, .ofs_x = 0, .ofs_y = -3},
    {.bitmap_index = 52704, .adv_w = 384, .box_w = 23, .box_h = 22, .ofs_x = 1, .ofs_y = -2},
    {.bitmap_index = 52957, .adv_w = 384, .box_w = 22, .box_h = 22, .ofs_x = 1, .ofs_y = -3},
    {.bitmap_index = 53199, .adv_w = 384, .box_w = 22, .box_h = 21, .ofs_x = 1, .ofs_y = -2},
    {.bitmap_index = 53430, .adv_w = 384, .box_w = 22, .box_h = 22, .ofs_x = 1, .ofs_y = -2},
    {.bitmap_index = 53672, .adv_w = 384, .box_w = 20, .box_h = 21, .ofs_x = 3, .ofs_y = -2},
    {.bitmap_index = 53882, .adv_w = 384, .box_w = 21, .box_h = 21, .ofs_x = 1, .ofs_y = -2},
    {.bitmap_index = 54103, .adv_w = 384, .box_w = 22, .box_h = 22, .ofs_x = 1, .ofs_y = -2},
    {.bitmap_index = 54345, .adv_w = 384, .box_w = 22, .box_h = 22, .ofs_x = 1, .ofs_y = -2},
    {.bitmap_index = 54587, .adv_w = 384, .box_w = 22, .box_h = 22, .ofs_x = 1, .ofs_y = -2},
    {.bitmap_index = 54829, .adv_w = 384, .box_w = 21, .box_h = 22, .ofs_x = 1, .ofs_y = -2},
    {.bitmap_index = 55060, .adv_w = 384, .box_w = 23, .box_h = 22, .ofs_x = 1, .ofs_y = -2},
    {.bitmap_index = 55313, .adv_w = 384, .box_w = 22, .box_h = 20, .ofs_x = 1, .ofs_y = -2},
    {.bitmap_index = 55533, .adv_w = 384, .box_w = 22, .box_h = 21, .ofs_x = 1, .ofs_y = -2},
    {.bitmap_index = 55764, .adv_w = 384, .box_w = 22, .box_h = 23, .ofs_x = 1, .ofs_y = -3},
    {.bitmap_index = 56017, .adv_w = 384, .box_w = 23, .box_h = 22, .ofs_x = 0, .ofs_y = -2},
    {.bitmap_index = 56270, .adv_w = 384, .box_w = 23, .box_h = 23, .ofs_x = 0, .ofs_y = -3},
    {.bitmap_index = 56535, .adv_w = 384, .box_w = 23, .box_h = 23, .ofs_x = 0, .ofs_y = -3},
    {.bitmap_index = 56800, .adv_w = 384, .box_w = 22, .box_h = 23, .ofs_x = 1, .ofs_y = -3},
    {.bitmap_index = 57053, .adv_w = 384, .box_w = 22, .box_h = 22, .ofs_x = 1, .ofs_y = -3},
    {.bitmap_index = 57295, .adv_w = 384, .box_w = 22, .box_h = 22, .ofs_x = 1, .ofs_y = -3},
    {.bitmap_index = 57537, .adv_w = 384, .box_w = 22, .box_h = 22, .ofs_x = 1, .ofs_y = -2},
    {.bitmap_index = 57779, .adv_w = 384, .box_w = 22, .box_h = 23, .ofs_x = 1, .ofs_y = -3},
    {.bitmap_index = 58032, .adv_w = 384, .box_w = 22, .box_h = 21, .ofs_x = 1, .ofs_y = -2},
    {.bitmap_index = 58263, .adv_w = 384, .box_w = 22, .box_h = 23, .ofs_x = 1, .ofs_y = -3},
    {.bitmap_index = 58516, .adv_w = 384, .box_w = 22, .box_h = 22, .ofs_x = 1, .ofs_y = -3},
    {.bitmap_index = 58758, .adv_w = 384, .box_w = 20, .box_h = 23, .ofs_x = 2, .ofs_y = -3},
    {.bitmap_index = 58988, .adv_w = 384, .box_w = 19, .box_h = 22, .ofs_x = 3, .ofs_y = -2},
    {.bitmap_index = 59197, .adv_w = 384, .box_w = 23, .box_h = 22, .ofs_x = 0, .ofs_y = -2},
    {.bitmap_index = 59450, .adv_w = 384, .box_w = 22, .box_h = 22, .ofs_x = 1, .ofs_y = -2},
    {.bitmap_index = 59692, .adv_w = 384, .box_w = 22, .box_h = 22, .ofs_x = 1, .ofs_y = -2},
    {.bitmap_index = 59934, .adv_w = 384, .box_w = 23, .box_h = 22, .ofs_x = 0, .ofs_y = -2},
    {.bitmap_index = 60187, .adv_w = 384, .box_w = 22, .box_h = 22, .ofs_x = 1, .ofs_y = -2},
    {.bitmap_index = 60429, .adv_w = 384, .box_w = 23, .box_h = 22, .ofs_x = 0, .ofs_y = -2},
    {.bitmap_index = 60682, .adv_w = 384, .box_w = 22, .box_h = 21, .ofs_x = 1, .ofs_y = -2},
    {.bitmap_index = 60913, .adv_w = 384, .box_w = 22, .box_h = 22, .ofs_x = 1, .ofs_y = -3},
    {.bitmap_index = 61155, .adv_w = 384, .box_w = 23, .box_h = 22, .ofs_x = 0, .ofs_y = -2},
    {.bitmap_index = 61408, .adv_w = 384, .box_w = 24, .box_h = 22, .ofs_x = 0, .ofs_y = -2},
    {.bitmap_index = 61672, .adv_w = 384, .box_w = 23, .box_h = 22, .ofs_x = 0, .ofs_y = -2},
    {.bitmap_index = 61925, .adv_w = 384, .box_w = 24, .box_h = 22, .ofs_x = 0, .ofs_y = -2},
    {.bitmap_index = 62189, .adv_w = 384, .box_w = 23, .box_h = 21, .ofs_x = 0, .ofs_y = -2},
    {.bitmap_index = 62431, .adv_w = 384, .box_w = 22, .box_h = 22, .ofs_x = 1, .ofs_y = -2},
    {.bitmap_index = 62673, .adv_w = 384, .box_w = 22, .box_h = 22, .ofs_x = 1, .ofs_y = -2},
    {.bitmap_index = 62915, .adv_w = 384, .box_w = 24, .box_h = 22, .ofs_x = 0, .ofs_y = -2},
    {.bitmap_index = 63179, .adv_w = 384, .box_w = 22, .box_h = 23, .ofs_x = 1, .ofs_y = -3},
    {.bitmap_index = 63432, .adv_w = 384, .box_w = 23, .box_h = 22, .ofs_x = 0, .ofs_y = -2},
    {.bitmap_index = 63685, .adv_w = 384, .box_w = 22, .box_h = 21, .ofs_x = 1, .ofs_y = -2},
    {.bitmap_index = 63916, .adv_w = 384, .box_w = 23, .box_h = 22, .ofs_x = 0, .ofs_y = -2},
    {.bitmap_index = 64169, .adv_w = 384, .box_w = 23, .box_h = 22, .ofs_x = 1, .ofs_y = -2},
    {.bitmap_index = 64422, .adv_w = 384, .box_w = 22, .box_h = 22, .ofs_x = 1, .ofs_y = -2},
    {.bitmap_index = 64664, .adv_w = 384, .box_w = 22, .box_h = 23, .ofs_x = 1, .ofs_y = -3},
    {.bitmap_index = 64917, .adv_w = 384, .box_w = 23, .box_h = 22, .ofs_x = 0, .ofs_y = -2},
    {.bitmap_index = 65170, .adv_w = 384, .box_w = 22, .box_h = 22, .ofs_x = 1, .ofs_y = -2},
    {.bitmap_index = 65412, .adv_w = 384, .box_w = 23, .box_h = 22, .ofs_x = 1, .ofs_y = -2},
    {.bitmap_index = 65665, .adv_w = 384, .box_w = 22, .box_h = 23, .ofs_x = 1, .ofs_y = -3},
    {.bitmap_index = 65918, .adv_w = 384, .box_w = 21, .box_h = 22, .ofs_x = 1, .ofs_y = -2},
    {.bitmap_index = 66149, .adv_w = 384, .box_w = 23, .box_h = 23, .ofs_x = 0, .ofs_y = -3},
    {.bitmap_index = 66414, .adv_w = 384, .box_w = 22, .box_h = 22, .ofs_x = 1, .ofs_y = -2},
    {.bitmap_index = 66656, .adv_w = 384, .box_w = 22, .box_h = 23, .ofs_x = 1, .ofs_y = -3},
    {.bitmap_index = 66909, .adv_w = 384, .box_w = 23, .box_h = 23, .ofs_x = 0, .ofs_y = -3},
    {.bitmap_index = 67174, .adv_w = 384, .box_w = 21, .box_h = 22, .ofs_x = 1, .ofs_y = -2},
    {.bitmap_index = 67405, .adv_w = 384, .box_w = 22, .box_h = 22, .ofs_x = 0, .ofs_y = -2},
    {.bitmap_index = 67647, .adv_w = 384, .box_w = 22, .box_h = 22, .ofs_x = 1, .ofs_y = -2},
    {.bitmap_index = 67889, .adv_w = 384, .box_w = 23, .box_h = 22, .ofs_x = 0, .ofs_y = -2},
    {.bitmap_index = 68142, .adv_w = 384, .box_w = 23, .box_h = 21, .ofs_x = 1, .ofs_y = -2},
    {.bitmap_index = 68384, .adv_w = 384, .box_w = 23, .box_h = 22, .ofs_x = 1, .ofs_y = -2},
    {.bitmap_index = 68637, .adv_w = 384, .box_w = 22, .box_h = 22, .ofs_x = 1, .ofs_y = -2},
    {.bitmap_index = 68879, .adv_w = 384, .box_w = 22, .box_h = 22, .ofs_x = 1, .ofs_y = -2},
    {.bitmap_index = 69121, .adv_w = 384, .box_w = 22, .box_h = 22, .ofs_x = 0, .ofs_y = -2},
    {.bitmap_index = 69363, .adv_w = 384, .box_w = 22, .box_h = 22, .ofs_x = 1, .ofs_y = -2},
    {.bitmap_index = 69605, .adv_w = 384, .box_w = 22, .box_h = 22, .ofs_x = 1, .ofs_y = -2},
    {.bitmap_index = 69847, .adv_w = 384, .box_w = 22, .box_h = 22, .ofs_x = 1, .ofs_y = -2},
    {.bitmap_index = 70089, .adv_w = 384, .box_w = 22, .box_h = 23, .ofs_x = 1, .ofs_y = -3},
    {.bitmap_index = 70342, .adv_w = 384, .box_w = 23, .box_h = 22, .ofs_x = 0, .ofs_y = -2},
    {.bitmap_index = 70595, .adv_w = 384, .box_w = 22, .box_h = 22, .ofs_x = 1, .ofs_y = -2},
    {.bitmap_index = 70837, .adv_w = 384, .box_w = 23, .box_h = 22, .ofs_x = 0, .ofs_y = -2},
    {.bitmap_index = 71090, .adv_w = 384, .box_w = 23, .box_h = 23, .ofs_x = 0, .ofs_y = -3},
    {.bitmap_index = 71355, .adv_w = 384, .box_w = 23, .box_h = 23, .ofs_x = 1, .ofs_y = -3},
    {.bitmap_index = 71620, .adv_w = 384, .box_w = 23, .box_h = 22, .ofs_x = 1, .ofs_y = -2},
    {.bitmap_index = 71873, .adv_w = 384, .box_w = 22, .box_h = 22, .ofs_x = 1, .ofs_y = -2},
    {.bitmap_index = 72115, .adv_w = 384, .box_w = 22, .box_h = 22, .ofs_x = 1, .ofs_y = -2},
    {.bitmap_index = 72357, .adv_w = 384, .box_w = 23, .box_h = 22, .ofs_x = 1, .ofs_y = -2},
    {.bitmap_index = 72610, .adv_w = 384, .box_w = 22, .box_h = 22, .ofs_x = 1, .ofs_y = -2},
    {.bitmap_index = 72852, .adv_w = 384, .box_w = 22, .box_h = 22, .ofs_x = 1, .ofs_y = -2},
    {.bitmap_index = 73094, .adv_w = 384, .box_w = 22, .box_h = 22, .ofs_x = 1, .ofs_y = -2},
    {.bitmap_index = 73336, .adv_w = 384, .box_w = 22, .box_h = 22, .ofs_x = 1, .ofs_y = -2},
    {.bitmap_index = 73578, .adv_w = 384, .box_w = 22, .box_h = 23, .ofs_x = 1, .ofs_y = -3},
    {.bitmap_index = 73831, .adv_w = 384, .box_w = 23, .box_h = 22, .ofs_x = 1, .ofs_y = -2},
    {.bitmap_index = 74084, .adv_w = 384, .box_w = 21, .box_h = 23, .ofs_x = 2, .ofs_y = -3},
    {.bitmap_index = 74326, .adv_w = 384, .box_w = 23, .box_h = 23, .ofs_x = 1, .ofs_y = -3},
    {.bitmap_index = 74591, .adv_w = 384, .box_w = 22, .box_h = 23, .ofs_x = 1, .ofs_y = -3},
    {.bitmap_index = 74844, .adv_w = 384, .box_w = 23, .box_h = 23, .ofs_x = 0, .ofs_y = -3},
    {.bitmap_index = 75109, .adv_w = 384, .box_w = 23, .box_h = 23, .ofs_x = 0, .ofs_y = -3},
    {.bitmap_index = 75374, .adv_w = 384, .box_w = 22, .box_h = 23, .ofs_x = 1, .ofs_y = -3},
    {.bitmap_index = 75627, .adv_w = 384, .box_w = 23, .box_h = 23, .ofs_x = 0, .ofs_y = -3},
    {.bitmap_index = 75892, .adv_w = 384, .box_w = 22, .box_h = 23, .ofs_x = 1, .ofs_y = -3},
    {.bitmap_index = 76145, .adv_w = 384, .box_w = 22, .box_h = 22, .ofs_x = 1, .ofs_y = -2},
    {.bitmap_index = 76387, .adv_w = 384, .box_w = 23, .box_h = 23, .ofs_x = 0, .ofs_y = -3},
    {.bitmap_index = 76652, .adv_w = 384, .box_w = 23, .box_h = 22, .ofs_x = 1, .ofs_y = -2},
    {.bitmap_index = 76905, .adv_w = 384, .box_w = 22, .box_h = 23, .ofs_x = 1, .ofs_y = -3},
    {.bitmap_index = 77158, .adv_w = 384, .box_w = 22, .box_h = 22, .ofs_x = 1, .ofs_y = -2},
    {.bitmap_index = 77400, .adv_w = 384, .box_w = 22, .box_h = 23, .ofs_x = 1, .ofs_y = -3},
    {.bitmap_index = 77653, .adv_w = 384, .box_w = 24, .box_h = 23, .ofs_x = 0, .ofs_y = -3},
    {.bitmap_index = 77929, .adv_w = 384, .box_w = 22, .box_h = 22, .ofs_x = 1, .ofs_y = -3},
    {.bitmap_index = 78171, .adv_w = 384, .box_w = 22, .box_h = 22, .ofs_x = 1, .ofs_y = -2},
    {.bitmap_index = 78413, .adv_w = 384, .box_w = 21, .box_h = 22, .ofs_x = 2, .ofs_y = -3},
    {.bitmap_index = 78644, .adv_w = 384, .box_w = 23, .box_h = 22, .ofs_x = 1, .ofs_y = -3},
    {.bitmap_index = 78897, .adv_w = 384, .box_w = 22, .box_h = 21, .ofs_x = 1, .ofs_y = -2},
    {.bitmap_index = 79128, .adv_w = 384, .box_w = 23, .box_h = 22, .ofs_x = 0, .ofs_y = -3},
    {.bitmap_index = 79381, .adv_w = 384, .box_w = 22, .box_h = 22, .ofs_x = 1, .ofs_y = -2},
    {.bitmap_index = 79623, .adv_w = 384, .box_w = 22, .box_h = 21, .ofs_x = 1, .ofs_y = -2},
    {.bitmap_index = 79854, .adv_w = 384, .box_w = 22, .box_h = 22, .ofs_x = 1, .ofs_y = -2},
    {.bitmap_index = 80096, .adv_w = 384, .box_w = 22, .box_h = 22, .ofs_x = 1, .ofs_y = -3},
    {.bitmap_index = 80338, .adv_w = 384, .box_w = 22, .box_h = 21, .ofs_x = 1, .ofs_y = -2},
    {.bitmap_index = 80569, .adv_w = 384, .box_w = 22, .box_h = 23, .ofs_x = 1, .ofs_y = -3},
    {.bitmap_index = 80822, .adv_w = 384, .box_w = 22, .box_h = 22, .ofs_x = 1, .ofs_y = -2},
    {.bitmap_index = 81064, .adv_w = 384, .box_w = 21, .box_h = 23, .ofs_x = 1, .ofs_y = -3},
    {.bitmap_index = 81306, .adv_w = 384, .box_w = 22, .box_h = 23, .ofs_x = 1, .ofs_y = -3},
    {.bitmap_index = 81559, .adv_w = 384, .box_w = 23, .box_h = 22, .ofs_x = 0, .ofs_y = -2},
    {.bitmap_index = 81812, .adv_w = 384, .box_w = 22, .box_h = 22, .ofs_x = 1, .ofs_y = -2},
    {.bitmap_index = 82054, .adv_w = 384, .box_w = 23, .box_h = 22, .ofs_x = 0, .ofs_y = -2},
    {.bitmap_index = 82307, .adv_w = 384, .box_w = 22, .box_h = 22, .ofs_x = 1, .ofs_y = -2},
    {.bitmap_index = 82549, .adv_w = 384, .box_w = 23, .box_h = 22, .ofs_x = 0, .ofs_y = -2},
    {.bitmap_index = 82802, .adv_w = 384, .box_w = 23, .box_h = 22, .ofs_x = 0, .ofs_y = -2},
    {.bitmap_index = 83055, .adv_w = 384, .box_w = 23, .box_h = 22, .ofs_x = 0, .ofs_y = -2},
    {.bitmap_index = 83308, .adv_w = 384, .box_w = 23, .box_h = 22, .ofs_x = 0, .ofs_y = -2},
    {.bitmap_index = 83561, .adv_w = 384, .box_w = 23, .box_h = 22, .ofs_x = 0, .ofs_y = -2},
    {.bitmap_index = 83814, .adv_w = 384, .box_w = 22, .box_h = 21, .ofs_x = 1, .ofs_y = -2},
    {.bitmap_index = 84045, .adv_w = 384, .box_w = 23, .box_h = 22, .ofs_x = 0, .ofs_y = -2},
    {.bitmap_index = 84298, .adv_w = 384, .box_w = 23, .box_h = 22, .ofs_x = 0, .ofs_y = -2},
    {.bitmap_index = 84551, .adv_w = 384, .box_w = 23, .box_h = 23, .ofs_x = 0, .ofs_y = -3},
    {.bitmap_index = 84816, .adv_w = 384, .box_w = 23, .box_h = 22, .ofs_x = 0, .ofs_y = -2},
    {.bitmap_index = 85069, .adv_w = 384, .box_w = 24, .box_h = 22, .ofs_x = 0, .ofs_y = -2},
    {.bitmap_index = 85333, .adv_w = 384, .box_w = 23, .box_h = 22, .ofs_x = 0, .ofs_y = -2},
    {.bitmap_index = 85586, .adv_w = 384, .box_w = 23, .box_h = 22, .ofs_x = 0, .ofs_y = -2},
    {.bitmap_index = 85839, .adv_w = 384, .box_w = 23, .box_h = 22, .ofs_x = 0, .ofs_y = -2},
    {.bitmap_index = 86092, .adv_w = 384, .box_w = 24, .box_h = 22, .ofs_x = 0, .ofs_y = -2},
    {.bitmap_index = 86356, .adv_w = 384, .box_w = 23, .box_h = 22, .ofs_x = 0, .ofs_y = -2},
    {.bitmap_index = 86609, .adv_w = 384, .box_w = 23, .box_h = 22, .ofs_x = 0, .ofs_y = -2},
    {.bitmap_index = 86862, .adv_w = 384, .box_w = 22, .box_h = 23, .ofs_x = 1, .ofs_y = -3},
    {.bitmap_index = 87115, .adv_w = 384, .box_w = 22, .box_h = 22, .ofs_x = 1, .ofs_y = -2},
    {.bitmap_index = 87357, .adv_w = 384, .box_w = 22, .box_h = 22, .ofs_x = 1, .ofs_y = -2},
    {.bitmap_index = 87599, .adv_w = 384, .box_w = 22, .box_h = 21, .ofs_x = 1, .ofs_y = -2},
    {.bitmap_index = 87830, .adv_w = 384, .box_w = 22, .box_h = 21, .ofs_x = 1, .ofs_y = -2},
    {.bitmap_index = 88061, .adv_w = 384, .box_w = 22, .box_h = 23, .ofs_x = 1, .ofs_y = -3},
    {.bitmap_index = 88314, .adv_w = 384, .box_w = 22, .box_h = 22, .ofs_x = 1, .ofs_y = -2},
    {.bitmap_index = 88556, .adv_w = 384, .box_w = 23, .box_h = 23, .ofs_x = 0, .ofs_y = -3},
    {.bitmap_index = 88821, .adv_w = 384, .box_w = 22, .box_h = 22, .ofs_x = 1, .ofs_y = -2},
    {.bitmap_index = 89063, .adv_w = 384, .box_w = 20, .box_h = 23, .ofs_x = 3, .ofs_y = -3},
    {.bitmap_index = 89293, .adv_w = 384, .box_w = 23, .box_h = 22, .ofs_x = 1, .ofs_y = -2},
    {.bitmap_index = 89546, .adv_w = 384, .box_w = 22, .box_h = 22, .ofs_x = 1, .ofs_y = -2},
    {.bitmap_index = 89788, .adv_w = 384, .box_w = 22, .box_h = 23, .ofs_x = 1, .ofs_y = -3},
    {.bitmap_index = 90041, .adv_w = 384, .box_w = 23, .box_h = 23, .ofs_x = 1, .ofs_y = -3},
    {.bitmap_index = 90306, .adv_w = 384, .box_w = 22, .box_h = 22, .ofs_x = 1, .ofs_y = -2},
    {.bitmap_index = 90548, .adv_w = 384, .box_w = 22, .box_h = 23, .ofs_x = 1, .ofs_y = -3},
    {.bitmap_index = 90801, .adv_w = 384, .box_w = 22, .box_h = 22, .ofs_x = 1, .ofs_y = -2},
    {.bitmap_index = 91043, .adv_w = 384, .box_w = 22, .box_h = 22, .ofs_x = 1, .ofs_y = -2},
    {.bitmap_index = 91285, .adv_w = 384, .box_w = 23, .box_h = 23, .ofs_x = 0, .ofs_y = -3},
    {.bitmap_index = 91550, .adv_w = 384, .box_w = 22, .box_h = 23, .ofs_x = 1, .ofs_y = -3},
    {.bitmap_index = 91803, .adv_w = 384, .box_w = 21, .box_h = 23, .ofs_x = 1, .ofs_y = -3},
    {.bitmap_index = 92045, .adv_w = 384, .box_w = 22, .box_h = 22, .ofs_x = 1, .ofs_y = -2},
    {.bitmap_index = 92287, .adv_w = 384, .box_w = 23, .box_h = 22, .ofs_x = 0, .ofs_y = -2},
    {.bitmap_index = 92540, .adv_w = 384, .box_w = 22, .box_h = 23, .ofs_x = 1, .ofs_y = -3},
    {.bitmap_index = 92793, .adv_w = 384, .box_w = 22, .box_h = 22, .ofs_x = 1, .ofs_y = -2},
    {.bitmap_index = 93035, .adv_w = 384, .box_w = 22, .box_h = 22, .ofs_x = 1, .ofs_y = -2},
    {.bitmap_index = 93277, .adv_w = 384, .box_w = 23, .box_h = 23, .ofs_x = 0, .ofs_y = -3},
    {.bitmap_index = 93542, .adv_w = 384, .box_w = 22, .box_h = 23, .ofs_x = 1, .ofs_y = -3},
    {.bitmap_index = 93795, .adv_w = 384, .box_w = 23, .box_h = 23, .ofs_x = 1, .ofs_y = -3},
    {.bitmap_index = 94060, .adv_w = 384, .box_w = 22, .box_h = 23, .ofs_x = 1, .ofs_y = -3},
    {.bitmap_index = 94313, .adv_w = 384, .box_w = 23, .box_h = 22, .ofs_x = 1, .ofs_y = -3},
    {.bitmap_index = 94566, .adv_w = 384, .box_w = 22, .box_h = 22, .ofs_x = 0, .ofs_y = -2},
    {.bitmap_index = 94808, .adv_w = 384, .box_w = 23, .box_h = 23, .ofs_x = 0, .ofs_y = -3},
    {.bitmap_index = 95073, .adv_w = 384, .box_w = 23, .box_h = 22, .ofs_x = 1, .ofs_y = -2},
    {.bitmap_index = 95326, .adv_w = 384, .box_w = 22, .box_h = 22, .ofs_x = 1, .ofs_y = -2},
    {.bitmap_index = 95568, .adv_w = 384, .box_w = 22, .box_h = 21, .ofs_x = 1, .ofs_y = -2},
    {.bitmap_index = 95799, .adv_w = 384, .box_w = 23, .box_h = 22, .ofs_x = 1, .ofs_y = -3},
    {.bitmap_index = 96052, .adv_w = 384, .box_w = 22, .box_h = 22, .ofs_x = 1, .ofs_y = -2},
    {.bitmap_index = 96294, .adv_w = 384, .box_w = 22, .box_h = 21, .ofs_x = 1, .ofs_y = -2},
    {.bitmap_index = 96525, .adv_w = 384, .box_w = 22, .box_h = 22, .ofs_x = 1, .ofs_y = -2},
    {.bitmap_index = 96767, .adv_w = 384, .box_w = 22, .box_h = 22, .ofs_x = 0, .ofs_y = -3},
    {.bitmap_index = 97009, .adv_w = 384, .box_w = 18, .box_h = 22, .ofs_x = 3, .ofs_y = -2},
    {.bitmap_index = 97207, .adv_w = 384, .box_w = 21, .box_h = 22, .ofs_x = 2, .ofs_y = -2},
    {.bitmap_index = 97438, .adv_w = 384, .box_w = 22, .box_h = 21, .ofs_x = 1, .ofs_y = -2},
    {.bitmap_index = 97669, .adv_w = 384, .box_w = 23, .box_h = 22, .ofs_x = 1, .ofs_y = -3},
    {.bitmap_index = 97922, .adv_w = 384, .box_w = 22, .box_h = 23, .ofs_x = 1, .ofs_y = -3},
    {.bitmap_index = 98175, .adv_w = 384, .box_w = 18, .box_h = 22, .ofs_x = 3, .ofs_y = -2},
    {.bitmap_index = 98373, .adv_w = 384, .box_w = 22, .box_h = 22, .ofs_x = 1, .ofs_y = -2},
    {.bitmap_index = 98615, .adv_w = 384, .box_w = 23, .box_h = 23, .ofs_x = 0, .ofs_y = -3},
    {.bitmap_index = 98880, .adv_w = 384, .box_w = 22, .box_h = 22, .ofs_x = 1, .ofs_y = -2},
    {.bitmap_index = 99122, .adv_w = 384, .box_w = 17, .box_h = 21, .ofs_x = 3, .ofs_y = -2},
    {.bitmap_index = 99301, .adv_w = 384, .box_w = 22, .box_h = 21, .ofs_x = 1, .ofs_y = -2},
    {.bitmap_index = 99532, .adv_w = 384, .box_w = 22, .box_h = 22, .ofs_x = 1, .ofs_y = -2},
    {.bitmap_index = 99774, .adv_w = 384, .box_w = 22, .box_h = 22, .ofs_x = 0, .ofs_y = -2},
    {.bitmap_index = 100016, .adv_w = 384, .box_w = 23, .box_h = 22, .ofs_x = 0, .ofs_y = -2},
    {.bitmap_index = 100269, .adv_w = 384, .box_w = 22, .box_h = 23, .ofs_x = 1, .ofs_y = -3},
    {.bitmap_index = 100522, .adv_w = 384, .box_w = 22, .box_h = 22, .ofs_x = 1, .ofs_y = -2},
    {.bitmap_index = 100764, .adv_w = 384, .box_w = 22, .box_h = 22, .ofs_x = 1, .ofs_y = -2},
    {.bitmap_index = 101006, .adv_w = 384, .box_w = 22, .box_h = 22, .ofs_x = 1, .ofs_y = -2},
    {.bitmap_index = 101248, .adv_w = 384, .box_w = 23, .box_h = 23, .ofs_x = 0, .ofs_y = -3},
    {.bitmap_index = 101513, .adv_w = 384, .box_w = 23, .box_h = 23, .ofs_x = 0, .ofs_y = -3},
    {.bitmap_index = 101778, .adv_w = 384, .box_w = 22, .box_h = 21, .ofs_x = 1, .ofs_y = -2},
    {.bitmap_index = 102009, .adv_w = 384, .box_w = 22, .box_h = 23, .ofs_x = 1, .ofs_y = -3},
    {.bitmap_index = 102262, .adv_w = 384, .box_w = 23, .box_h = 22, .ofs_x = 0, .ofs_y = -2},
    {.bitmap_index = 102515, .adv_w = 384, .box_w = 23, .box_h = 23, .ofs_x = 0, .ofs_y = -3},
    {.bitmap_index = 102780, .adv_w = 384, .box_w = 23, .box_h = 23, .ofs_x = 0, .ofs_y = -3},
    {.bitmap_index = 103045, .adv_w = 384, .box_w = 23, .box_h = 22, .ofs_x = 0, .ofs_y = -2},
    {.bitmap_index = 103298, .adv_w = 384, .box_w = 22, .box_h = 22, .ofs_x = 0, .ofs_y = -2},
    {.bitmap_index = 103540, .adv_w = 384, .box_w = 23, .box_h = 22, .ofs_x = 0, .ofs_y = -2},
    {.bitmap_index = 103793, .adv_w = 384, .box_w = 22, .box_h = 22, .ofs_x = 1, .ofs_y = -2},
    {.bitmap_index = 104035, .adv_w = 384, .box_w = 22, .box_h = 22, .ofs_x = 1, .ofs_y = -2},
    {.bitmap_index = 104277, .adv_w = 384, .box_w = 22, .box_h = 22, .ofs_x = 1, .ofs_y = -2},
    {.bitmap_index = 104519, .adv_w = 384, .box_w = 22, .box_h = 22, .ofs_x = 1, .ofs_y = -2},
    {.bitmap_index = 104761, .adv_w = 384, .box_w = 23, .box_h = 22, .ofs_x = 0, .ofs_y = -2},
    {.bitmap_index = 105014, .adv_w = 384, .box_w = 22, .box_h = 22, .ofs_x = 1, .ofs_y = -2},
    {.bitmap_index = 105256, .adv_w = 384, .box_w = 22, .box_h = 22, .ofs_x = 1, .ofs_y = -2},
    {.bitmap_index = 105498, .adv_w = 384, .box_w = 23, .box_h = 23, .ofs_x = 0, .ofs_y = -3},
    {.bitmap_index = 105763, .adv_w = 384, .box_w = 22, .box_h = 23, .ofs_x = 1, .ofs_y = -3},
    {.bitmap_index = 106016, .adv_w = 384, .box_w = 22, .box_h = 23, .ofs_x = 1, .ofs_y = -3},
    {.bitmap_index = 106269, .adv_w = 384, .box_w = 22, .box_h = 23, .ofs_x = 1, .ofs_y = -3},
    {.bitmap_index = 106522, .adv_w = 384, .box_w = 23, .box_h = 22, .ofs_x = 0, .ofs_y = -2},
    {.bitmap_index = 106775, .adv_w = 384, .box_w = 23, .box_h = 22, .ofs_x = 0, .ofs_y = -2},
    {.bitmap_index = 107028, .adv_w = 384, .box_w = 22, .box_h = 22, .ofs_x = 1, .ofs_y = -2},
    {.bitmap_index = 107270, .adv_w = 384, .box_w = 21, .box_h = 21, .ofs_x = 1, .ofs_y = -2},
    {.bitmap_index = 107491, .adv_w = 384, .box_w = 22, .box_h = 22, .ofs_x = 1, .ofs_y = -2},
    {.bitmap_index = 107733, .adv_w = 384, .box_w = 22, .box_h = 22, .ofs_x = 1, .ofs_y = -2},
    {.bitmap_index = 107975, .adv_w = 384, .box_w = 22, .box_h = 22, .ofs_x = 1, .ofs_y = -2},
    {.bitmap_index = 108217, .adv_w = 384, .box_w = 22, .box_h = 23, .ofs_x = 1, .ofs_y = -3},
    {.bitmap_index = 108470, .adv_w = 384, .box_w = 22, .box_h = 22, .ofs_x = 1, .ofs_y = -2},
    {.bitmap_index = 108712, .adv_w = 384, .box_w = 23, .box_h = 22, .ofs_x = 1, .ofs_y = -2},
    {.bitmap_index = 108965, .adv_w = 384, .box_w = 23, .box_h = 22, .ofs_x = 1, .ofs_y = -2},
    {.bitmap_index = 109218, .adv_w = 384, .box_w = 22, .box_h = 22, .ofs_x = 1, .ofs_y = -2},
    {.bitmap_index = 109460, .adv_w = 384, .box_w = 22, .box_h = 22, .ofs_x = 1, .ofs_y = -2},
    {.bitmap_index = 109702, .adv_w = 384, .box_w = 22, .box_h = 23, .ofs_x = 1, .ofs_y = -3},
    {.bitmap_index = 109955, .adv_w = 384, .box_w = 22, .box_h = 22, .ofs_x = 1, .ofs_y = -2},
    {.bitmap_index = 110197, .adv_w = 384, .box_w = 22, .box_h = 22, .ofs_x = 1, .ofs_y = -2},
    {.bitmap_index = 110439, .adv_w = 384, .box_w = 22, .box_h = 23, .ofs_x = 1, .ofs_y = -3},
    {.bitmap_index = 110692, .adv_w = 384, .box_w = 22, .box_h = 22, .ofs_x = 1, .ofs_y = -2},
    {.bitmap_index = 110934, .adv_w = 384, .box_w = 22, .box_h = 22, .ofs_x = 1, .ofs_y = -2},
    {.bitmap_index = 111176, .adv_w = 384, .box_w = 22, .box_h = 23, .ofs_x = 1, .ofs_y = -3},
    {.bitmap_index = 111429, .adv_w = 384, .box_w = 23, .box_h = 22, .ofs_x = 1, .ofs_y = -2},
    {.bitmap_index = 111682, .adv_w = 384, .box_w = 22, .box_h = 23, .ofs_x = 1, .ofs_y = -3},
    {.bitmap_index = 111935, .adv_w = 384, .box_w = 22, .box_h = 22, .ofs_x = 1, .ofs_y = -2},
    {.bitmap_index = 112177, .adv_w = 384, .box_w = 20, .box_h = 22, .ofs_x = 2, .ofs_y = -3},
    {.bitmap_index = 112397, .adv_w = 384, .box_w = 22, .box_h = 21, .ofs_x = 1, .ofs_y = -2},
    {.bitmap_index = 112628, .adv_w = 384, .box_w = 22, .box_h = 22, .ofs_x = 1, .ofs_y = -2},
    {.bitmap_index = 112870, .adv_w = 384, .box_w = 23, .box_h = 23, .ofs_x = 1, .ofs_y = -3},
    {.bitmap_index = 113135, .adv_w = 384, .box_w = 23, .box_h = 23, .ofs_x = 1, .ofs_y = -3},
    {.bitmap_index = 113400, .adv_w = 384, .box_w = 22, .box_h = 22, .ofs_x = 1, .ofs_y = -2},
    {.bitmap_index = 113642, .adv_w = 384, .box_w = 18, .box_h = 22, .ofs_x = 3, .ofs_y = -2},
    {.bitmap_index = 113840, .adv_w = 384, .box_w = 22, .box_h = 23, .ofs_x = 1, .ofs_y = -3},
    {.bitmap_index = 114093, .adv_w = 384, .box_w = 22, .box_h = 23, .ofs_x = 1, .ofs_y = -3},
    {.bitmap_index = 114346, .adv_w = 384, .box_w = 22, .box_h = 22, .ofs_x = 1, .ofs_y = -2},
    {.bitmap_index = 114588, .adv_w = 384, .box_w = 22, .box_h = 22, .ofs_x = 1, .ofs_y = -2},
    {.bitmap_index = 114830, .adv_w = 384, .box_w = 22, .box_h = 22, .ofs_x = 1, .ofs_y = -2},
    {.bitmap_index = 115072, .adv_w = 384, .box_w = 22, .box_h = 23, .ofs_x = 1, .ofs_y = -3},
    {.bitmap_index = 115325, .adv_w = 384, .box_w = 23, .box_h = 23, .ofs_x = 1, .ofs_y = -3},
    {.bitmap_index = 115590, .adv_w = 384, .box_w = 22, .box_h = 23, .ofs_x = 1, .ofs_y = -3},
    {.bitmap_index = 115843, .adv_w = 384, .box_w = 22, .box_h = 22, .ofs_x = 1, .ofs_y = -2},
    {.bitmap_index = 116085, .adv_w = 384, .box_w = 22, .box_h = 23, .ofs_x = 1, .ofs_y = -3},
    {.bitmap_index = 116338, .adv_w = 384, .box_w = 23, .box_h = 22, .ofs_x = 1, .ofs_y = -2},
    {.bitmap_index = 116591, .adv_w = 384, .box_w = 23, .box_h = 22, .ofs_x = 1, .ofs_y = -2},
    {.bitmap_index = 116844, .adv_w = 384, .box_w = 22, .box_h = 22, .ofs_x = 0, .ofs_y = -2},
    {.bitmap_index = 117086, .adv_w = 384, .box_w = 23, .box_h = 23, .ofs_x = 0, .ofs_y = -3},
    {.bitmap_index = 117351, .adv_w = 384, .box_w = 23, .box_h = 22, .ofs_x = 0, .ofs_y = -2},
    {.bitmap_index = 117604, .adv_w = 384, .box_w = 24, .box_h = 23, .ofs_x = 0, .ofs_y = -3},
    {.bitmap_index = 117880, .adv_w = 384, .box_w = 22, .box_h = 22, .ofs_x = 1, .ofs_y = -3},
    {.bitmap_index = 118122, .adv_w = 384, .box_w = 21, .box_h = 22, .ofs_x = 2, .ofs_y = -3},
    {.bitmap_index = 118353, .adv_w = 384, .box_w = 22, .box_h = 22, .ofs_x = 1, .ofs_y = -3},
    {.bitmap_index = 118595, .adv_w = 384, .box_w = 22, .box_h = 23, .ofs_x = 1, .ofs_y = -3},
    {.bitmap_index = 118848, .adv_w = 384, .box_w = 23, .box_h = 23, .ofs_x = 0, .ofs_y = -3},
    {.bitmap_index = 119113, .adv_w = 384, .box_w = 22, .box_h = 24, .ofs_x = 0, .ofs_y = -3},
    {.bitmap_index = 119377, .adv_w = 384, .box_w = 22, .box_h = 22, .ofs_x = 1, .ofs_y = -2},
    {.bitmap_index = 119619, .adv_w = 384, .box_w = 22, .box_h = 23, .ofs_x = 1, .ofs_y = -3},
    {.bitmap_index = 119872, .adv_w = 384, .box_w = 22, .box_h = 22, .ofs_x = 1, .ofs_y = -2},
    {.bitmap_index = 120114, .adv_w = 384, .box_w = 22, .box_h = 22, .ofs_x = 1, .ofs_y = -2},
    {.bitmap_index = 120356, .adv_w = 384, .box_w = 22, .box_h = 23, .ofs_x = 1, .ofs_y = -3},
    {.bitmap_index = 120609, .adv_w = 384, .box_w = 22, .box_h = 22, .ofs_x = 1, .ofs_y = -2},
    {.bitmap_index = 120851, .adv_w = 384, .box_w = 22, .box_h = 23, .ofs_x = 1, .ofs_y = -3},
    {.bitmap_index = 121104, .adv_w = 384, .box_w = 22, .box_h = 22, .ofs_x = 1, .ofs_y = -2},
    {.bitmap_index = 121346, .adv_w = 384, .box_w = 22, .box_h = 22, .ofs_x = 1, .ofs_y = -2},
    {.bitmap_index = 121588, .adv_w = 384, .box_w = 22, .box_h = 23, .ofs_x = 1, .ofs_y = -3},
    {.bitmap_index = 121841, .adv_w = 384, .box_w = 22, .box_h = 22, .ofs_x = 1, .ofs_y = -2},
    {.bitmap_index = 122083, .adv_w = 384, .box_w = 22, .box_h = 22, .ofs_x = 1, .ofs_y = -2},
    {.bitmap_index = 122325, .adv_w = 384, .box_w = 23, .box_h = 22, .ofs_x = 1, .ofs_y = -2},
    {.bitmap_index = 122578, .adv_w = 384, .box_w = 22, .box_h = 22, .ofs_x = 1, .ofs_y = -2},
    {.bitmap_index = 122820, .adv_w = 384, .box_w = 22, .box_h = 22, .ofs_x = 1, .ofs_y = -2},
    {.bitmap_index = 123062, .adv_w = 384, .box_w = 22, .box_h = 22, .ofs_x = 1, .ofs_y = -2},
    {.bitmap_index = 123304, .adv_w = 384, .box_w = 22, .box_h = 23, .ofs_x = 1, .ofs_y = -3},
    {.bitmap_index = 123557, .adv_w = 384, .box_w = 22, .box_h = 23, .ofs_x = 1, .ofs_y = -3},
    {.bitmap_index = 123810, .adv_w = 384, .box_w = 22, .box_h = 22, .ofs_x = 1, .ofs_y = -2},
    {.bitmap_index = 124052, .adv_w = 384, .box_w = 22, .box_h = 22, .ofs_x = 1, .ofs_y = -2},
    {.bitmap_index = 124294, .adv_w = 384, .box_w = 22, .box_h = 23, .ofs_x = 1, .ofs_y = -3},
    {.bitmap_index = 124547, .adv_w = 384, .box_w = 21, .box_h = 23, .ofs_x = 1, .ofs_y = -3},
    {.bitmap_index = 124789, .adv_w = 384, .box_w = 22, .box_h = 22, .ofs_x = 1, .ofs_y = -2},
    {.bitmap_index = 125031, .adv_w = 384, .box_w = 23, .box_h = 23, .ofs_x = 0, .ofs_y = -3},
    {.bitmap_index = 125296, .adv_w = 384, .box_w = 22, .box_h = 23, .ofs_x = 1, .ofs_y = -3},
    {.bitmap_index = 125549, .adv_w = 384, .box_w = 22, .box_h = 23, .ofs_x = 1, .ofs_y = -3},
    {.bitmap_index = 125802, .adv_w = 384, .box_w = 23, .box_h = 22, .ofs_x = 0, .ofs_y = -2},
    {.bitmap_index = 126055, .adv_w = 384, .box_w = 23, .box_h = 23, .ofs_x = 0, .ofs_y = -3},
    {.bitmap_index = 126320, .adv_w = 384, .box_w = 23, .box_h = 23, .ofs_x = 0, .ofs_y = -3},
    {.bitmap_index = 126585, .adv_w = 384, .box_w = 22, .box_h = 22, .ofs_x = 1, .ofs_y = -3},
    {.bitmap_index = 126827, .adv_w = 384, .box_w = 23, .box_h = 22, .ofs_x = 0, .ofs_y = -2},
    {.bitmap_index = 127080, .adv_w = 384, .box_w = 23, .box_h = 21, .ofs_x = 0, .ofs_y = -2},
    {.bitmap_index = 127322, .adv_w = 384, .box_w = 23, .box_h = 22, .ofs_x = 0, .ofs_y = -2},
    {.bitmap_index = 127575, .adv_w = 384, .box_w = 24, .box_h = 22, .ofs_x = 0, .ofs_y = -3},
    {.bitmap_index = 127839, .adv_w = 384, .box_w = 23, .box_h = 22, .ofs_x = 0, .ofs_y = -2},
    {.bitmap_index = 128092, .adv_w = 384, .box_w = 23, .box_h = 22, .ofs_x = 1, .ofs_y = -2},
    {.bitmap_index = 128345, .adv_w = 384, .box_w = 22, .box_h = 22, .ofs_x = 1, .ofs_y = -2},
    {.bitmap_index = 128587, .adv_w = 384, .box_w = 22, .box_h = 22, .ofs_x = 1, .ofs_y = -2},
    {.bitmap_index = 128829, .adv_w = 384, .box_w = 22, .box_h = 22, .ofs_x = 1, .ofs_y = -2},
    {.bitmap_index = 129071, .adv_w = 384, .box_w = 23, .box_h = 22, .ofs_x = 1, .ofs_y = -2},
    {.bitmap_index = 129324, .adv_w = 384, .box_w = 22, .box_h = 22, .ofs_x = 1, .ofs_y = -2},
    {.bitmap_index = 129566, .adv_w = 384, .box_w = 22, .box_h = 23, .ofs_x = 1, .ofs_y = -3},
    {.bitmap_index = 129819, .adv_w = 384, .box_w = 23, .box_h = 22, .ofs_x = 0, .ofs_y = -2},
    {.bitmap_index = 130072, .adv_w = 384, .box_w = 22, .box_h = 23, .ofs_x = 1, .ofs_y = -3},
    {.bitmap_index = 130325, .adv_w = 384, .box_w = 23, .box_h = 23, .ofs_x = 1, .ofs_y = -3},
    {.bitmap_index = 130590, .adv_w = 384, .box_w = 22, .box_h = 22, .ofs_x = 1, .ofs_y = -3},
    {.bitmap_index = 130832, .adv_w = 384, .box_w = 22, .box_h = 23, .ofs_x = 1, .ofs_y = -3},
    {.bitmap_index = 131085, .adv_w = 384, .box_w = 22, .box_h = 23, .ofs_x = 1, .ofs_y = -3},
    {.bitmap_index = 131338, .adv_w = 384, .box_w = 22, .box_h = 22, .ofs_x = 1, .ofs_y = -3},
    {.bitmap_index = 131580, .adv_w = 384, .box_w = 22, .box_h = 23, .ofs_x = 1, .ofs_y = -3},
    {.bitmap_index = 131833, .adv_w = 384, .box_w = 22, .box_h = 23, .ofs_x = 1, .ofs_y = -3},
    {.bitmap_index = 132086, .adv_w = 384, .box_w = 23, .box_h = 23, .ofs_x = 1, .ofs_y = -3},
    {.bitmap_index = 132351, .adv_w = 384, .box_w = 22, .box_h = 23, .ofs_x = 1, .ofs_y = -3},
    {.bitmap_index = 132604, .adv_w = 384, .box_w = 22, .box_h = 23, .ofs_x = 1, .ofs_y = -3},
    {.bitmap_index = 132857, .adv_w = 384, .box_w = 22, .box_h = 23, .ofs_x = 1, .ofs_y = -3},
    {.bitmap_index = 133110, .adv_w = 384, .box_w = 22, .box_h = 23, .ofs_x = 1, .ofs_y = -3},
    {.bitmap_index = 133363, .adv_w = 384, .box_w = 22, .box_h = 23, .ofs_x = 1, .ofs_y = -3},
    {.bitmap_index = 133616, .adv_w = 384, .box_w = 22, .box_h = 23, .ofs_x = 1, .ofs_y = -3},
    {.bitmap_index = 133869, .adv_w = 384, .box_w = 22, .box_h = 22, .ofs_x = 1, .ofs_y = -3},
    {.bitmap_index = 134111, .adv_w = 384, .box_w = 22, .box_h = 23, .ofs_x = 1, .ofs_y = -3},
    {.bitmap_index = 134364, .adv_w = 384, .box_w = 22, .box_h = 23, .ofs_x = 1, .ofs_y = -3},
    {.bitmap_index = 134617, .adv_w = 384, .box_w = 22, .box_h = 23, .ofs_x = 1, .ofs_y = -3},
    {.bitmap_index = 134870, .adv_w = 384, .box_w = 22, .box_h = 22, .ofs_x = 1, .ofs_y = -2},
    {.bitmap_index = 135112, .adv_w = 384, .box_w = 23, .box_h = 21, .ofs_x = 1, .ofs_y = -2},
    {.bitmap_index = 135354, .adv_w = 384, .box_w = 22, .box_h = 22, .ofs_x = 1, .ofs_y = -2},
    {.bitmap_index = 135596, .adv_w = 384, .box_w = 23, .box_h = 22, .ofs_x = 0, .ofs_y = -2},
    {.bitmap_index = 135849, .adv_w = 384, .box_w = 22, .box_h = 21, .ofs_x = 1, .ofs_y = -2},
    {.bitmap_index = 136080, .adv_w = 384, .box_w = 22, .box_h = 21, .ofs_x = 1, .ofs_y = -2},
    {.bitmap_index = 136311, .adv_w = 384, .box_w = 22, .box_h = 21, .ofs_x = 1, .ofs_y = -2},
    {.bitmap_index = 136542, .adv_w = 384, .box_w = 23, .box_h = 22, .ofs_x = 1, .ofs_y = -2},
    {.bitmap_index = 136795, .adv_w = 384, .box_w = 22, .box_h = 23, .ofs_x = 1, .ofs_y = -3},
    {.bitmap_index = 137048, .adv_w = 384, .box_w = 23, .box_h = 23, .ofs_x = 1, .ofs_y = -3},
    {.bitmap_index = 137313, .adv_w = 384, .box_w = 23, .box_h = 22, .ofs_x = 0, .ofs_y = -2},
    {.bitmap_index = 137566, .adv_w = 384, .box_w = 23, .box_h = 23, .ofs_x = 0, .ofs_y = -3},
    {.bitmap_index = 137831, .adv_w = 384, .box_w = 22, .box_h = 23, .ofs_x = 1, .ofs_y = -3},
    {.bitmap_index = 138084, .adv_w = 384, .box_w = 20, .box_h = 22, .ofs_x = 2, .ofs_y = -2},
    {.bitmap_index = 138304, .adv_w = 384, .box_w = 20, .box_h = 22, .ofs_x = 2, .ofs_y = -2},
    {.bitmap_index = 138524, .adv_w = 384, .box_w = 20, .box_h = 22, .ofs_x = 2, .ofs_y = -2},
    {.bitmap_index = 138744, .adv_w = 384, .box_w = 20, .box_h = 22, .ofs_x = 2, .ofs_y = -2},
    {.bitmap_index = 138964, .adv_w = 384, .box_w = 22, .box_h = 23, .ofs_x = 1, .ofs_y = -3},
    {.bitmap_index = 139217, .adv_w = 384, .box_w = 22, .box_h = 22, .ofs_x = 1, .ofs_y = -2},
    {.bitmap_index = 139459, .adv_w = 384, .box_w = 22, .box_h = 22, .ofs_x = 1, .ofs_y = -2},
    {.bitmap_index = 139701, .adv_w = 384, .box_w = 22, .box_h = 22, .ofs_x = 1, .ofs_y = -2},
    {.bitmap_index = 139943, .adv_w = 384, .box_w = 22, .box_h = 22, .ofs_x = 1, .ofs_y = -2},
    {.bitmap_index = 140185, .adv_w = 384, .box_w = 22, .box_h = 22, .ofs_x = 1, .ofs_y = -2},
    {.bitmap_index = 140427, .adv_w = 384, .box_w = 23, .box_h = 22, .ofs_x = 0, .ofs_y = -2},
    {.bitmap_index = 140680, .adv_w = 384, .box_w = 22, .box_h = 23, .ofs_x = 1, .ofs_y = -3},
    {.bitmap_index = 140933, .adv_w = 384, .box_w = 22, .box_h = 22, .ofs_x = 1, .ofs_y = -2},
    {.bitmap_index = 141175, .adv_w = 384, .box_w = 22, .box_h = 22, .ofs_x = 1, .ofs_y = -2},
    {.bitmap_index = 141417, .adv_w = 384, .box_w = 22, .box_h = 23, .ofs_x = 1, .ofs_y = -3},
    {.bitmap_index = 141670, .adv_w = 384, .box_w = 22, .box_h = 22, .ofs_x = 1, .ofs_y = -2},
    {.bitmap_index = 141912, .adv_w = 384, .box_w = 22, .box_h = 21, .ofs_x = 1, .ofs_y = -2},
    {.bitmap_index = 142143, .adv_w = 384, .box_w = 22, .box_h = 22, .ofs_x = 1, .ofs_y = -2},
    {.bitmap_index = 142385, .adv_w = 384, .box_w = 22, .box_h = 22, .ofs_x = 1, .ofs_y = -3},
    {.bitmap_index = 142627, .adv_w = 384, .box_w = 22, .box_h = 22, .ofs_x = 1, .ofs_y = -3},
    {.bitmap_index = 142869, .adv_w = 384, .box_w = 22, .box_h = 22, .ofs_x = 1, .ofs_y = -3},
    {.bitmap_index = 143111, .adv_w = 384, .box_w = 22, .box_h = 22, .ofs_x = 1, .ofs_y = -2},
    {.bitmap_index = 143353, .adv_w = 384, .box_w = 23, .box_h = 22, .ofs_x = 0, .ofs_y = -3},
    {.bitmap_index = 143606, .adv_w = 384, .box_w = 22, .box_h = 23, .ofs_x = 1, .ofs_y = -3},
    {.bitmap_index = 143859, .adv_w = 384, .box_w = 22, .box_h = 23, .ofs_x = 1, .ofs_y = -3},
    {.bitmap_index = 144112, .adv_w = 384, .box_w = 23, .box_h = 21, .ofs_x = 1, .ofs_y = -2},
    {.bitmap_index = 144354, .adv_w = 384, .box_w = 22, .box_h = 22, .ofs_x = 1, .ofs_y = -2},
    {.bitmap_index = 144596, .adv_w = 384, .box_w = 22, .box_h = 21, .ofs_x = 1, .ofs_y = -2},
    {.bitmap_index = 144827, .adv_w = 384, .box_w = 22, .box_h = 22, .ofs_x = 1, .ofs_y = -2},
    {.bitmap_index = 145069, .adv_w = 384, .box_w = 22, .box_h = 22, .ofs_x = 1, .ofs_y = -2},
    {.bitmap_index = 145311, .adv_w = 384, .box_w = 22, .box_h = 22, .ofs_x = 1, .ofs_y = -2},
    {.bitmap_index = 145553, .adv_w = 384, .box_w = 22, .box_h = 22, .ofs_x = 1, .ofs_y = -2},
    {.bitmap_index = 145795, .adv_w = 384, .box_w = 22, .box_h = 23, .ofs_x = 1, .ofs_y = -3},
    {.bitmap_index = 146048, .adv_w = 384, .box_w = 22, .box_h = 23, .ofs_x = 1, .ofs_y = -3},
    {.bitmap_index = 146301, .adv_w = 384, .box_w = 23, .box_h = 22, .ofs_x = 0, .ofs_y = -2},
    {.bitmap_index = 146554, .adv_w = 384, .box_w = 24, .box_h = 23, .ofs_x = 0, .ofs_y = -3},
    {.bitmap_index = 146830, .adv_w = 384, .box_w = 4, .box_h = 19, .ofs_x = 10, .ofs_y = -1},
    {.bitmap_index = 146868, .adv_w = 384, .box_w = 9, .box_h = 22, .ofs_x = 9, .ofs_y = -4},
    {.bitmap_index = 146967, .adv_w = 384, .box_w = 9, .box_h = 22, .ofs_x = 6, .ofs_y = -4},
    {.bitmap_index = 147066, .adv_w = 384, .box_w = 4, .box_h = 7, .ofs_x = 10, .ofs_y = -4},
    {.bitmap_index = 147080, .adv_w = 384, .box_w = 4, .box_h = 15, .ofs_x = 10, .ofs_y = -1},
    {.bitmap_index = 147110, .adv_w = 384, .box_w = 5, .box_h = 18, .ofs_x = 9, .ofs_y = -4}
};

/*---------------------
 *  CHARACTER MAPPING
 *--------------------*/

static const uint16_t unicode_list_1[] = {
    0x0, 0x2, 0x1f64, 0x1f72, 0x2f51, 0x2f52, 0x2f5c, 0x2f5d,
    0x4d50, 0x4d5a, 0x4d5b, 0x4d5d, 0x4d5e, 0x4d63, 0x4d74, 0x4d7a,
    0x4d7d, 0x4d8a, 0x4d8b, 0x4d98, 0x4d99, 0x4d9b, 0x4da8, 0x4dd6,
    0x4ddb, 0x4ddc, 0x4dde, 0x4deb, 0x4dfe, 0x4e10, 0x4e1d, 0x4e1e,
    0x4e33, 0x4e35, 0x4e3a, 0x4e46, 0x4e6a, 0x4e70, 0x4e8c, 0x4e9d,
    0x4e9e, 0x4e9f, 0x4ea5, 0x4eac, 0x4eb0, 0x4ecf, 0x4edb, 0x4eed,
    0x4ef7, 0x4f2d, 0x4f31, 0x4f8c, 0x4f8e, 0x4f9f, 0x4faa, 0x4fac,
    0x5098, 0x5099, 0x509b, 0x50b5, 0x50b8, 0x50bc, 0x50c1, 0x50c3,
    0x50c7, 0x50d5, 0x50dd, 0x50e9, 0x5102, 0x5116, 0x511f, 0x513d,
    0x514a, 0x5156, 0x5157, 0x5162, 0x5167, 0x516d, 0x5174, 0x5179,
    0x517b, 0x5180, 0x519d, 0x51eb, 0x51f0, 0x51f8, 0x51f9, 0x5222,
    0x5266, 0x5289, 0x528a, 0x5297, 0x529a, 0x52a5, 0x52b0, 0x52b1,
    0x52c3, 0x52d6, 0x52ef, 0x530b, 0x5312, 0x531a, 0x531d, 0x5321,
    0x5326, 0x5328, 0x5333, 0x5335, 0x5336, 0x533a, 0x533d, 0x533f,
    0x5340, 0x5342, 0x5347, 0x5358, 0x535c, 0x535d, 0x535e, 0x5361,
    0x5376, 0x537b, 0x537f, 0x5389, 0x539a, 0x53b8, 0x53dc, 0x541d,
    0x5438, 0x543a, 0x544c, 0x5481, 0x54d7, 0x55b8, 0x55ba, 0x562e,
    0x5630, 0x5644, 0x564a, 0x564e, 0x5656, 0x5658, 0x5678, 0x5680,
    0x568a, 0x5697, 0x569a, 0x56a7, 0x56b1, 0x56d2, 0x56db, 0x574a,
    0x57bb, 0x57d3, 0x57ee, 0x5840, 0x5854, 0x585d, 0x5866, 0x586a,
    0x586f, 0x5877, 0x5879, 0x587a, 0x5881, 0x5889, 0x58d2, 0x591b,
    0x594f, 0x5aa0, 0x5aa7, 0x5aa8, 0x5ab6, 0x5ad3, 0x5aea, 0x5aee,
    0x5af4, 0x5b2f, 0x5b49, 0x5b56, 0x5b5f, 0x5b81, 0x5b8a, 0x5b90,
    0x5b9f, 0x5bae, 0x5c40, 0x5d31, 0x5d35, 0x5d3e, 0x5d41, 0x5d42,
    0x5d76, 0x5d7e, 0x5d88, 0x5d95, 0x5da5, 0x5dc2, 0x5dc3, 0x5dc6,
    0x5ddf, 0x5de4, 0x5df6, 0x5e4a, 0x5e50, 0x5e52, 0x5e5f, 0x5e76,
    0x5e81, 0x5e89, 0x5e8a, 0x5ea2, 0x5ea3, 0x5eb2, 0x5ed4, 0x5ed5,
    0x5edb, 0x5ee7, 0x5efe, 0x5f13, 0x5f15, 0x5f16, 0x5f3b, 0x5f50,
    0x5f51, 0x5f6d, 0x5f77, 0x5f8b, 0x5fa2, 0x5fb2, 0x5fbf, 0x5ffc,
    0x6043, 0x605f, 0x606f, 0x60b2, 0x6160, 0x6161, 0x6166, 0x6184,
    0x6187, 0x618f, 0x619b, 0x619d, 0x61a3, 0x61b3, 0x61bb, 0x61bc,
    0x61ce, 0x61cf, 0x61da, 0x61eb, 0x6219, 0x621d, 0x6226, 0x622f,
    0x6239, 0x624f, 0x6251, 0x6252, 0x6257, 0x6259, 0x627f, 0x62b2,
    0x62be, 0x62dc, 0x62e2, 0x62f5, 0x62f8, 0x631f, 0x6320, 0x6396,
    0x63fd, 0x6486, 0x6489, 0x648e, 0x6498, 0x64a9, 0x64b3, 0x64bc,
    0x64c0, 0x64c2, 0x64d7, 0x64ec, 0x64fd, 0x6500, 0x6509, 0x651b,
    0x6530, 0x6546, 0x655e, 0x657f, 0x658e, 0x6593, 0x65be, 0x65bf,
    0x65e7, 0x6644, 0x6650, 0x6659, 0x666b, 0x666d, 0x666f, 0x667a,
    0x667c, 0x668a, 0x66b1, 0x66b5, 0x66ce, 0x66cf, 0x66d4, 0x66e0,
    0x66ec, 0x6720, 0x6757, 0x6771, 0x6787, 0x6789, 0x678c, 0x679c,
    0x6810, 0x6971, 0x69a9, 0x69b1, 0x6a71, 0x6a8e, 0x6ab2, 0x6ab3,
    0x6ab4, 0x6ab5, 0x6ab6, 0x6b05, 0x6b1f, 0x6b24, 0x6b84, 0x6b92,
    0x6bf1, 0x6c0f, 0x6c25, 0x6c32, 0x6c38, 0x6c8b, 0x6c91, 0x6c9b,
    0x6cd8, 0x6d55, 0x6de0, 0x6e21, 0x6e31, 0x6e52, 0x6e5f, 0x6e64,
    0x7009, 0x7086, 0x70b7, 0x7197, 0x71b9, 0x7206, 0x72d7, 0x72ff,
    0x7300, 0x7353, 0x7356, 0x746f, 0x7478, 0x7481, 0x7485, 0x748b,
    0x749c, 0x74e1, 0x75cd, 0x75d4, 0x75fe, 0x7628, 0x763e, 0x763f,
    0x7644, 0x7648, 0x765b, 0x766f, 0x7690, 0x76fc, 0x7735, 0x77be,
    0x7811, 0x788a, 0x790b, 0x791d, 0x7922, 0x794b, 0x795b, 0x795d,
    0x7983, 0x79e7, 0x7a1b, 0x7a26, 0x7a3f, 0x7a76, 0x7a7c, 0x7a99,
    0x7a9b, 0x7aa4, 0x7ae7, 0x7b77, 0x7bcb, 0x7c0e, 0x7c1a, 0x7c4b,
    0x7d91, 0x7df2, 0x7df6, 0x7df7, 0x7dff, 0x7e0f, 0x7e13, 0x7e21,
    0x7e23, 0x7e25, 0x7e29, 0x7e2c, 0x7e2f, 0x7e37, 0x7e3a, 0x7e3d,
    0x7e4f, 0x7e66, 0x7e79, 0x7ea1, 0x7ebe, 0x801c, 0x804d, 0x80a5,
    0x8112, 0x813a, 0x8144, 0x817c, 0x81c2, 0x81d2, 0x8235, 0x8241,
    0x8253, 0x82b1, 0x832c, 0x838d, 0x8652, 0x870a, 0x87b5, 0x87b8,
    0x87fb, 0x8815, 0x88d1, 0x8911, 0x8912, 0x8914, 0x8916, 0x8922,
    0x8933, 0x8936, 0x8950, 0x8af1, 0x8af4, 0x8af9, 0x8afe, 0x8b00,
    0x8b0a, 0x8b0e, 0x8b11, 0x8b19, 0x8b25, 0x8b2d, 0x8b35, 0x8b3d,
    0x8b3f, 0x8b44, 0x8b47, 0x8b4a, 0x8b4b, 0x8b53, 0x8b81, 0x8c75,
    0x8c76, 0x8c78, 0x8c84, 0x8cc7, 0x8cd5, 0x8d03, 0x8d21, 0x8d2d,
    0x8d3f, 0x8d43, 0x8d7a, 0x8eb8, 0x8ebc, 0x8ebe, 0x8ec4, 0x8ecb,
    0x8ed3, 0x8ee3, 0x8ef8, 0x8f09, 0x8f17, 0x8f20, 0x8f21, 0x8f24,
    0x8f28, 0x8f29, 0x8f2b, 0x8f2e, 0x8f40, 0x8f49, 0x8f4d, 0x8f52,
    0x8f59, 0x8f64, 0x8f6a, 0x8f6f, 0x8f70, 0x8fbe, 0x9038, 0x909d,
    0x9117, 0x911a, 0x911c, 0x911d, 0x911f, 0x93fe, 0x9411, 0x9451,
    0x9469, 0x947e, 0x94cf, 0x9538, 0x953e, 0x9544, 0x9558, 0x956f,
    0x9590, 0x9594, 0x959d, 0x95b4, 0x95df, 0x9616, 0x9646, 0x9650,
    0x96a9, 0x96ae, 0x96b0, 0x96b2, 0x9743, 0x97c5, 0x97c6, 0x97c9,
    0x97ca, 0x97cb, 0x97e1, 0x97ec, 0x981e, 0x98e6, 0x99c1, 0x99cb,
    0x99dc, 0x9a28, 0x9d73, 0x9df6, 0x9e28, 0x9e63, 0x9ea0, 0xfe51,
    0xfe58, 0xfe59, 0xfe5c, 0xfe6a, 0xfe6b
};

/*Collect the unicode lists and glyph_id offsets*/
static const lv_font_fmt_txt_cmap_t cmaps[] =
{
    {
        .range_start = 32, .range_length = 95, .glyph_id_start = 1,
        .unicode_list = NULL, .glyph_id_ofs_list = NULL, .list_length = 0, .type = LV_FONT_FMT_TXT_CMAP_FORMAT0_TINY
    },
    {
        .range_start = 176, .range_length = 65132, .glyph_id_start = 96,
        .unicode_list = unicode_list_1, .glyph_id_ofs_list = NULL, .list_length = 573, .type = LV_FONT_FMT_TXT_CMAP_SPARSE_TINY
    }
};

/*-----------------
 *    KERNING
 *----------------*/


/*Map glyph_ids to kern left classes*/
static const uint8_t kern_left_class_mapping[] =
{
    0, 0, 1, 2, 0, 3, 4, 5,
    2, 6, 7, 8, 9, 10, 9, 10,
    11, 12, 0, 13, 14, 15, 16, 17,
    18, 19, 12, 20, 20, 0, 0, 0,
    21, 22, 23, 24, 25, 22, 26, 27,
    28, 29, 29, 30, 31, 32, 29, 29,
    22, 33, 34, 35, 3, 36, 30, 37,
    37, 38, 39, 40, 41, 42, 43, 0,
    44, 0, 45, 46, 47, 48, 49, 50,
    51, 45, 52, 52, 53, 48, 45, 45,
    46, 46, 54, 55, 56, 57, 51, 58,
    58, 59, 58, 60, 41, 0, 0, 9,
    61, 0, 0, 9, 0, 0, 0, 0,
    0, 0, 0, 0, 0, 0, 0, 0,
    0, 0, 0, 0, 0, 0, 0, 0,
    0, 0, 0, 0, 0, 0, 0, 0,
    0, 0, 0, 0, 0, 0, 0, 0,
    0, 0, 0, 0, 0, 0, 0, 0,
    0, 0, 0, 0, 0, 0, 0, 0,
    0, 0, 0, 0, 0, 0, 0, 0,
    0, 0, 0, 0, 0, 0, 0, 0,
    0, 0, 0, 0, 0, 0, 0, 0,
    0, 0, 0, 0, 0, 0, 0, 0,
    0, 0, 0, 0, 0, 0, 0, 0,
    0, 0, 0, 0, 0, 0, 0, 0,
    0, 0, 0, 0, 0, 0, 0, 0,
    0, 0, 0, 0, 0, 0, 0, 0,
    0, 0, 0, 0, 0, 0, 0, 0,
    0, 0, 0, 0, 0, 0, 0, 0,
    0, 0, 0, 0, 0, 0, 0, 0,
    0, 0, 0, 0, 0, 0, 0, 0,
    0, 0, 0, 0, 0, 0, 0, 0,
    0, 0, 0, 0, 0, 0, 0, 0,
    0, 0, 0, 0, 0, 0, 0, 0,
    0, 0, 0, 0, 0, 0, 0, 0,
    0, 0, 0, 0, 0, 0, 0, 0,
    0, 0, 0, 0, 0, 0, 0, 0,
    0, 0, 0, 0, 0, 0, 0, 0,
    0, 0, 0, 0, 0, 0, 0, 0,
    0, 0, 0, 0, 0, 0, 0, 0,
    0, 0, 0, 0, 0, 0, 0, 0,
    0, 0, 0, 0, 0, 0, 0, 0,
    0, 0, 0, 0, 0, 0, 0, 0,
    0, 0, 0, 0, 0, 0, 0, 0,
    0, 0, 0, 0, 0, 0, 0, 0,
    0, 0, 0, 0, 0, 0, 0, 0,
    0, 0, 0, 0, 0, 0, 0, 0,
    0, 0, 0, 0, 0, 0, 0, 0,
    0, 0, 0, 0, 0, 0, 0, 0,
    0, 0, 0, 0, 0, 0, 0, 0,
    0, 0, 0, 0, 0, 0, 0, 0,
    0, 0, 0, 0, 0, 0, 0, 0,
    0, 0, 0, 0, 0, 0, 0, 0,
    0, 0, 0, 0, 0, 0, 0, 0,
    0, 0, 0, 0, 0, 0, 0, 0,
    0, 0, 0, 0, 0, 0, 0, 0,
    0, 0, 0, 0, 0, 0, 0, 0,
    0, 0, 0, 0, 0, 0, 0, 0,
    0, 0, 0, 0, 0, 0, 0, 0,
    0, 0, 0, 0, 0, 0, 0, 0,
    0, 0, 0, 0, 0, 0, 0, 0,
    0, 0, 0, 0, 0, 0, 0, 0,
    0, 0, 0, 0, 0, 0, 0, 0,
    0, 0, 0, 0, 0, 0, 0, 0,
    0, 0, 0, 0, 0, 0, 0, 0,
    0, 0, 0, 0, 0, 0, 0, 0,
    0, 0, 0, 0, 0, 0, 0, 0,
    0, 0, 0, 0, 0, 0, 0, 0,
    0, 0, 0, 0, 0, 0, 0, 0,
    0, 0, 0, 0, 0, 0, 0, 0,
    0, 0, 0, 0, 0, 0, 0, 0,
    0, 0, 0, 0, 0, 0, 0, 0,
    0, 0, 0, 0, 0, 0, 0, 0,
    0, 0, 0, 0, 0, 0, 0, 0,
    0, 0, 0, 0, 0, 0, 0, 0,
    0, 0, 0, 0, 0, 0, 0, 0,
    0, 0, 0, 0, 0, 0, 0, 0,
    0, 0, 0, 0, 0, 0, 0, 0,
    0, 0, 0, 0, 0, 0, 0, 0,
    0, 0, 0, 0, 0, 0, 0, 0,
    0, 0, 0, 0, 0, 0, 0, 0,
    0, 0, 0, 0, 0, 0, 0, 0,
    0, 0, 0, 0, 0, 0, 0, 0,
    0, 0, 0, 0, 0
};

/*Map glyph_ids to kern right classes*/
static const uint8_t kern_right_class_mapping[] =
{
    0, 0, 1, 2, 0, 3, 4, 5,
    2, 6, 7, 8, 9, 10, 9, 10,
    11, 12, 13, 14, 15, 16, 17, 12,
    18, 19, 20, 21, 21, 0, 0, 0,
    22, 23, 24, 25, 23, 25, 25, 25,
    23, 25, 25, 26, 25, 25, 25, 25,
    23, 25, 23, 25, 3, 27, 28, 29,
    29, 30, 31, 32, 33, 34, 35, 0,
    36, 0, 37, 38, 39, 39, 39, 0,
    39, 38, 40, 41, 38, 38, 42, 42,
    39, 42, 39, 42, 43, 44, 45, 46,
    46, 47, 46, 48, 0, 0, 35, 9,
    49, 0, 0, 9, 0, 0, 0, 0,
    0, 0, 0, 0, 0, 0, 0, 0,
    0, 0, 0, 0, 0, 0, 0, 0,
    0, 0, 0, 0, 0, 0, 0, 0,
    0, 0, 0, 0, 0, 0, 0, 0,
    0, 0, 0, 0, 0, 0, 0, 0,
    0, 0, 0, 0, 0, 0, 0, 0,
    0, 0, 0, 0, 0, 0, 0, 0,
    0, 0, 0, 0, 0, 0, 0, 0,
    0, 0, 0, 0, 0, 0, 0, 0,
    0, 0, 0, 0, 0, 0, 0, 0,
    0, 0, 0, 0, 0, 0, 0, 0,
    0, 0, 0, 0, 0, 0, 0, 0,
    0, 0, 0, 0, 0, 0, 0, 0,
    0, 0, 0, 0, 0, 0, 0, 0,
    0, 0, 0, 0, 0, 0, 0, 0,
    0, 0, 0, 0, 0, 0, 0, 0,
    0, 0, 0, 0, 0, 0, 0, 0,
    0, 0, 0, 0, 0, 0, 0, 0,
    0, 0, 0, 0, 0, 0, 0, 0,
    0, 0, 0, 0, 0, 0, 0, 0,
    0, 0, 0, 0, 0, 0, 0, 0,
    0, 0, 0, 0, 0, 0, 0, 0,
    0, 0, 0, 0, 0, 0, 0, 0,
    0, 0, 0, 0, 0, 0, 0, 0,
    0, 0, 0, 0, 0, 0, 0, 0,
    0, 0, 0, 0, 0, 0, 0, 0,
    0, 0, 0, 0, 0, 0, 0, 0,
    0, 0, 0, 0, 0, 0, 0, 0,
    0, 0, 0, 0, 0, 0, 0, 0,
    0, 0, 0, 0, 0, 0, 0, 0,
    0, 0, 0, 0, 0, 0, 0, 0,
    0, 0, 0, 0, 0, 0, 0, 0,
    0, 0, 0, 0, 0, 0, 0, 0,
    0, 0, 0, 0, 0, 0, 0, 0,
    0, 0, 0, 0, 0, 0, 0, 0,
    0, 0, 0, 0, 0, 0, 0, 0,
    0, 0, 0, 0, 0, 0, 0, 0,
    0, 0, 0, 0, 0, 0, 0, 0,
    0, 0, 0, 0, 0, 0, 0, 0,
    0, 0, 0, 0, 0, 0, 0, 0,
    0, 0, 0, 0, 0, 0, 0, 0,
    0, 0, 0, 0, 0, 0, 0, 0,
    0, 0, 0, 0, 0, 0, 0, 0,
    0, 0, 0, 0, 0, 0, 0, 0,
    0, 0, 0, 0, 0, 0, 0, 0,
    0, 0, 0, 0, 0, 0, 0, 0,
    0, 0, 0, 0, 0, 0, 0, 0,
    0, 0, 0, 0, 0, 0, 0, 0,
    0, 0, 0, 0, 0, 0, 0, 0,
    0, 0, 0, 0, 0, 0, 0, 0,
    0, 0, 0, 0, 0, 0, 0, 0,
    0, 0, 0, 0, 0, 0, 0, 0,
    0, 0, 0, 0, 0, 0, 0, 0,
    0, 0, 0, 0, 0, 0, 0, 0,
    0, 0, 0, 0, 0, 0, 0, 0,
    0, 0, 0, 0, 0, 0, 0, 0,
    0, 0, 0, 0, 0, 0, 0, 0,
    0, 0, 0, 0, 0, 0, 0, 0,
    0, 0, 0, 0, 0, 0, 0, 0,
    0, 0, 0, 0, 0, 0, 0, 0,
    0, 0, 0, 0, 0, 0, 0, 0,
    0, 0, 0, 0, 0, 0, 0, 0,
    0, 0, 0, 0, 0, 0, 0, 0,
    0, 0, 0, 0, 0, 0, 0, 0,
    0, 0, 0, 0, 0, 0, 0, 0,
    0, 0, 0, 0, 0, 0, 0, 0,
    0, 0, 0, 0, 0, 0, 0, 0,
    0, 0, 0, 0, 0, 0, 0, 0,
    0, 0, 0, 0, 0, 0, 0, 0,
    0, 0, 0, 0, 0, 0, 0, 0,
    0, 0, 0, 0, 0
};

/*Kern values between classes*/
static const int8_t kern_class_values[] =
{
    0, 1, 0, 0, 0, 0, 0, 0,
    0, 1, 0, 0, 4, 0, 0, 0,
    0, 3, 0, 0, 0, 0, 0, 0,
    0, 0, 0, 0, 0, 0, 0, 0,
    0, 0, 1, 0, 0, 0, 0, 0,
    0, 0, 0, 0, 0, 0, 0, 0,
    0, 1, 17, 0, 10, -8, 0, 0,
    0, 0, -21, -23, 3, 18, 8, 7,
    -15, 3, 19, 1, 16, 4, 12, 0,
    0, 0, 0, 0, 0, 0, 0, 0,
    0, 0, 23, 3, -3, 0, 0, 0,
    0, 0, 0, 0, 0, 0, 0, 0,
    0, 8, 0, -12, 0, 0, 0, 0,
    0, -8, 7, 8, 0, 0, -4, 0,
    -3, 4, 0, -4, 0, -4, -2, -8,
    0, 0, 0, 0, -4, 0, 0, -5,
    -6, 0, 0, -4, 0, -8, 0, 0,
    0, 0, 0, 0, 0, 0, 0, -4,
    -4, 0, -6, 0, -10, 0, -46, 0,
    0, -8, 0, 8, 12, 0, 0, -8,
    4, 4, 13, 8, -7, 8, 0, 0,
    -22, 0, 0, 0, 0, 0, 0, 0,
    0, 0, 0, 0, -14, 0, 0, 0,
    0, 0, 0, 0, 0, 0, 0, 0,
    0, 0, 0, -10, -5, -19, 0, -15,
    -3, 0, 0, 0, 0, 1, 15, 0,
    -12, -3, -1, 1, 0, -7, 0, 0,
    -3, -28, 0, 0, 0, 0, 0, 0,
    0, 0, 0, 0, 0, -31, -3, 15,
    0, 0, 0, 0, 0, 0, 0, 0,
    0, 0, 0, 0, -16, 0, 0, 0,
    0, 0, 0, 0, 0, 0, 0, 13,
    0, 4, 0, 0, -8, 0, 0, 0,
    0, 0, 0, 0, 0, 0, 0, 0,
    0, 0, 0, 0, 0, 0, 15, 3,
    1, 0, 0, 0, 0, 0, 0, 0,
    0, 0, 0, 0, 0, 0, 0, 0,
    0, 0, 0, 0, 0, 0, 0, 0,
    0, 0, 0, 0, 0, 0, 0, 0,
    0, 0, 0, 0, 0, 0, 0, 0,
    -14, 0, 0, 0, 0, 0, 0, 0,
    0, 0, 0, 0, 0, 0, 0, 0,
    0, 0, 0, 0, 0, 0, 0, 3,
    8, 4, 12, -4, 0, 0, 8, -4,
    -13, -53, 3, 10, 8, 1, -5, 0,
    14, 0, 12, 0, 12, 0, -36, 0,
    -5, 12, 0, 13, -4, 8, 4, 0,
    0, 1, -4, 0, 0, -7, 31, 0,
    31, 0, 12, 0, 16, 5, 7, 12,
    0, 0, 0, -14, 0, 0, 0, 0,
    1, -3, 0, 3, -7, -5, -8, 3,
    0, -4, 0, 0, 0, -15, 0, 0,
    0, 0, 0, 0, 0, 0, 0, 0,
    0, -25, 0, 0, 0, 0, 0, 0,
    0, 0, 0, 0, 0, 0, 0, 0,
    0, 1, -21, 0, -24, 0, 0, 0,
    0, -3, 0, 38, -5, -5, 4, 4,
    -3, 0, -5, 4, 0, 0, -20, 0,
    0, 0, 0, 0, 0, 0, 0, 0,
    0, 0, -37, 0, 4, 0, 0, 0,
    0, 0, 0, 0, 0, 0, 0, 0,
    0, -24, 0, 23, 0, 0, -14, 0,
    13, 0, -26, -37, -26, -8, 12, 0,
    0, -26, 0, 5, -9, 0, -6, 0,
    0, 0, 0, 0, 0, 0, 0, 0,
    0, 0, 0, 10, 12, -47, 0, 0,
    0, 0, 0, 0, 0, 0, 0, 0,
    0, 0, 18, 0, 3, 0, 0, 0,
    0, 0, 3, 3, -5, -8, 0, -1,
    -1, -4, 0, 0, -3, 0, 0, 0,
    -8, 0, -3, 0, -9, -8, 0, -10,
    -13, -13, -7, 0, -8, 0, -8, 0,
    0, 0, 0, -3, 0, 0, 4, 0,
    3, -4, 0, 1, 0, 0, 0, 4,
    -3, 0, 0, 0, -3, 4, 4, -1,
    0, 0, 0, -7, 0, -1, 0, 0,
    0, 0, 0, 1, 0, 5, -3, 0,
    -5, 0, -7, 0, 0, -3, 0, 12,
    0, 0, -4, 0, 0, 0, 0, 0,
    -1, 1, -3, -3, 0, 0, -4, 0,
    -4, 0, 0, 0, 0, 0, 0, 0,
    0, 0, -2, -2, 0, -4, -5, 0,
    0, 0, 0, 0, 1, 0, 0, -3,
    0, -4, -4, -4, 0, 0, 0, 0,
    0, 0, 0, 0, 0, -2, 0, 0,
    0, 0, -3, -5, 0, -6, 0, -12,
    -3, -12, 8, 0, 0, -8, 4, 8,
    10, 0, -10, -1, -5, 0, -1, -18,
    4, -3, 3, -20, 4, 0, 0, 1,
    -20, 0, -20, -3, -33, -3, 0, -19,
    0, 8, 11, 0, 5, 0, 0, 0,
    0, 1, 0, -7, -5, 0, -12, 0,
    0, 0, -4, 0, 0, 0, -4, 0,
    0, 0, 0, 0, -2, -2, 0, -2,
    -5, 0, 0, 0, 0, 0, 0, 0,
    -4, -4, 0, -3, -5, -3, 0, 0,
    -4, 0, 0, 0, 0, 0, 0, 0,
    0, 0, 0, 0, -3, -3, 0, -5,
    0, -3, 0, -8, 4, 0, 0, -5,
    2, 4, 4, 0, 0, 0, 0, 0,
    0, -3, 0, 0, 0, 0, 0, 3,
    0, 0, -4, 0, -4, -3, -5, 0,
    0, 0, 0, 0, 0, 0, 3, 0,
    -3, 0, 0, 0, 0, -4, -6, 0,
    -7, 0, 12, -3, 1, -12, 0, 0,
    10, -19, -20, -16, -8, 4, 0, -3,
    -25, -7, 0, -7, 0, -8, 6, -7,
    -25, 0, -10, 0, 0, 2, -1, 3,
    -3, 0, 4, 0, -12, -15, 0, -19,
    -9, -8, -9, -12, -5, -10, -1, -7,
    -10, 2, 0, 1, 0, -4, 0, 0,
    0, 3, 0, 4, 0, 0, 0, 0,
    0, 0, 0, 0, 0, 0, 0, -4,
    0, -2, 0, -1, -4, 0, -7, -8,
    -8, -1, 0, -12, 0, 0, 0, 0,
    0, 0, -3, 0, 0, 0, 0, 2,
    -2, 0, 0, 0, 4, 0, 0, 0,
    0, 0, 0, 0, 0, 18, 0, 0,
    0, 0, 0, 0, 3, 0, 0, 0,
    -4, 0, 0, 0, 0, 0, 0, 0,
    0, 0, 0, 0, -7, 0, 4, 0,
    0, 0, 0, 0, 0, 0, 0, 0,
    0, 0, 0, 0, -3, 0, 0, 0,
    -7, 0, 0, 0, 0, -19, -12, 0,
    0, 0, -6, -19, 0, 0, -4, 4,
    0, -10, 0, 0, 0, 0, 0, 0,
    0, 0, 0, 0, -6, 0, 0, -7,
    0, 0, 0, 0, 0, 0, 0, 0,
    0, 0, 0, 0, 4, 0, -7, 0,
    0, 0, 0, 5, 0, 3, -8, -8,
    0, -4, -4, -5, 0, 0, 0, 0,
    0, 0, -12, 0, -4, 0, -6, -4,
    0, -8, -10, -12, -3, 0, -8, 0,
    -12, 0, 0, 0, 0, 31, 0, 0,
    2, 0, 0, -5, 0, 4, 0, -17,
    0, 0, 0, 0, 0, -36, -7, 13,
    12, -3, -16, 0, 4, -6, 0, -19,
    -2, -5, 4, -27, -4, 5, 0, 6,
    -13, -6, -14, -13, -16, 0, 0, -23,
    0, 22, 0, 0, -2, 0, 0, 0,
    -2, -2, -4, -10, -13, -1, -36, 0,
    0, 0, 0, 0, 0, 0, 0, 0,
    1, 0, 0, 0, 0, 0, 0, 0,
    0, 0, 0, 0, 0, 0, 0, 0,
    0, -4, 0, -2, -4, -6, 0, 0,
    -8, 0, -4, 0, 0, 0, 0, 0,
    0, 0, 0, 0, 0, 0, 0, 0,
    0, 0, -1, 0, -8, 0, 0, 8,
    -1, 5, 0, -8, 4, -3, -1, -10,
    -4, 0, -5, -4, -3, 0, -6, -7,
    0, 0, -3, -1, -3, -7, -5, 0,
    0, -4, 0, 4, -3, 0, -8, 0,
    0, 0, -8, 0, -7, 0, -7, -7,
    4, 0, 0, 0, 0, 0, 0, 0,
    0, -8, 4, 0, -5, 0, -3, -5,
    -12, -3, -3, -3, -1, -3, -5, -1,
    0, 0, 0, 0, 0, -4, -3, -3,
    0, 0, 0, 0, 5, -3, 0, -3,
    0, 0, 0, -3, -5, -3, -3, -5,
    -3, 0, 3, 15, -1, 0, -10, 0,
    -3, 8, 0, -4, -16, -5, 6, 0,
    0, -18, -7, 4, -7, 3, 0, -3,
    -3, -12, 0, -6, 2, 0, 0, -7,
    0, 0, 0, 4, 4, -8, -7, 0,
    -7, -4, -6, -4, -4, 0, -7, 2,
    -7, -7, 12, 0, 0, 0, 0, 0,
    0, 0, 0, 0, 4, 0, 0, 0,
    0, 0, 0, 0, 0, 0, 0, 0,
    0, 0, 0, 0, 0, 0, 0, 0,
    0, 0, 0, 0, -7, 0, 0, 0,
    0, 0, 0, 0, 0, 0, 0, 0,
    0, 0, 0, 0, 0, 0, 0, 0,
    0, 0, 0, 0, 0, 0, 0, 0,
    0, 0, 0, 0, 0, 0, 0, 0,
    0, 0, 0, 0, 0, 0, 0, 0,
    -3, 0, 0, 0, 0, 0, 0, 0,
    0, 0, 0, 0, 0, 0, 0, 0,
    0, 0, 0, 0, 0, 0, 0, 0,
    0, 0, 0, 0, 0, 0, -3, -4,
    0, 0, 0, 0, 0, 0, 0, 0,
    0, 0, 0, 0, -6, 0, 0, -5,
    0, 0, -4, -4, 0, 0, 0, 0,
    -4, 0, 0, 0, 0, -2, 0, 0,
    0, 0, 0, -3, 0, 0, 0, 0,
    -6, 0, -8, 0, 0, 0, -13, 0,
    3, -8, 8, 1, -3, -18, 0, 0,
    -8, -4, 0, -15, -10, -11, 0, 0,
    -17, -4, -15, -15, -18, 0, -10, 0,
    3, 26, -5, 0, -9, -4, -1, -4,
    -7, -10, -7, -14, -16, -9, -4, 0,
    0, -3, 0, 1, 0, 0, -27, -3,
    12, 8, -8, -14, 0, 1, -12, 0,
    -19, -3, -4, 8, -35, -5, 1, 0,
    0, -25, -5, -20, -4, -28, 0, 0,
    -27, 0, 23, 1, 0, -3, 0, 0,
    0, 0, -2, -3, -15, -3, 0, -25,
    0, 0, 0, 0, -12, 0, -3, 0,
    -1, -11, -18, 0, 0, -2, -6, -12,
    -4, 0, -3, 0, 0, 0, 0, -17,
    -4, -13, -12, -3, -7, -10, -4, -7,
    0, -8, -3, -13, -6, 0, -5, -7,
    -4, -7, 0, 2, 0, -3, -13, 0,
    8, 0, -7, 0, 0, 0, 0, 5,
    0, 3, -8, 16, 0, -4, -4, -5,
    0, 0, 0, 0, 0, 0, -12, 0,
    -4, 0, -6, -4, 0, -8, -10, -12,
    -3, 0, -8, 3, 15, 0, 0, 0,
    0, 31, 0, 0, 2, 0, 0, -5,
    0, 4, 0, 0, 0, 0, 0, 0,
    0, 0, -1, 0, 0, 0, 0, 0,
    -3, -8, 0, 0, 0, 0, 0, -2,
    0, 0, 0, -4, -4, 0, 0, -8,
    -4, 0, 0, -8, 0, 7, -2, 0,
    0, 0, 0, 0, 0, 2, 0, 0,
    0, 0, 6, 8, 3, -3, 0, -12,
    -6, 0, 12, -13, -12, -8, -8, 15,
    7, 4, -33, -3, 8, -4, 0, -4,
    4, -4, -13, 0, -4, 4, -5, -3,
    -12, -3, 0, 0, 12, 8, 0, -11,
    0, -21, -5, 11, -5, -15, 1, -5,
    -13, -13, -4, 15, 4, 0, -6, 0,
    -10, 0, 3, 13, -9, -14, -15, -10,
    12, 0, 1, -28, -3, 4, -7, -3,
    -9, 0, -8, -14, -6, -6, -3, 0,
    0, -9, -8, -4, 0, 12, 9, -4,
    -21, 0, -21, -5, 0, -13, -22, -1,
    -12, -7, -13, -11, 10, 0, 0, -5,
    0, -8, -3, 0, -4, -7, 0, 7,
    -13, 4, 0, 0, -20, 0, -4, -8,
    -7, -3, -12, -10, -13, -9, 0, -12,
    -4, -9, -7, -12, -4, 0, 0, 1,
    18, -7, 0, -12, -4, 0, -4, -8,
    -9, -10, -11, -15, -5, -8, 8, 0,
    -6, 0, -19, -5, 2, 8, -12, -14,
    -8, -13, 13, -4, 2, -36, -7, 8,
    -8, -7, -14, 0, -12, -16, -5, -4,
    -3, -4, -8, -12, -1, 0, 0, 12,
    11, -3, -25, 0, -23, -9, 9, -15,
    -26, -8, -13, -16, -19, -13, 8, 0,
    0, 0, 0, -5, 0, 0, 4, -5,
    8, 3, -7, 8, 0, 0, -12, -1,
    0, -1, 0, 1, 1, -3, 0, 0,
    0, 0, 0, 0, -4, 0, 0, 0,
    0, 3, 12, 1, 0, -5, 0, 0,
    0, 0, -3, -3, -5, 0, 0, 0,
    1, 3, 0, 0, 0, 0, 3, 0,
    -3, 0, 15, 0, 7, 1, 1, -5,
    0, 8, 0, 0, 0, 3, 0, 0,
    0, 0, 0, 0, 0, 0, 0, 0,
    0, 12, 0, 11, 0, 0, 0, 0,
    0, 0, 0, 0, 0, 0, 0, 0,
    0, 0, -23, 0, -4, 7, 0, 12,
    0, 0, 38, 5, -8, -8, 4, 4,
    -3, 1, -19, 0, 0, 18, -23, 0,
    0, 0, 0, 0, 0, 0, 0, 0,
    0, 0, -26, 15, 54, 0, 0, 0,
    0, 0, 0, 0, 0, 0, 0, 0,
    0, -23, 0, 0, 0, 0, 0, 0,
    0, 0, 0, 0, 0, 0, 0, 0,
    0, 0, 0, 0, 0, 0, 0, 0,
    0, 0, 0, 0, -6, 0, 0, -7,
    -3, 0, 0, 0, 0, 0, 0, 0,
    0, 0, 0, 0, 0, 0, 0, 0,
    0, 0, 0, 0, -3, 0, -10, 0,
    0, 1, 0, 0, 4, 50, -8, -3,
    12, 10, -10, 4, 0, 0, 4, 4,
    -5, 0, 0, 0, 0, 0, 0, 0,
    0, 0, 0, 0, -50, 11, 0, 0,
    0, 0, 0, 0, 0, 0, 0, 0,
    0, 0, 0, 0, 0, 0, 0, -11,
    0, 0, 0, -10, 0, 0, 0, 0,
    -8, -2, 0, 0, 0, -8, 0, -5,
    0, -18, 0, 0, 0, 0, 0, 0,
    0, 0, 0, 0, 0, -26, 0, 0,
    0, 0, 1, 0, 0, 0, 0, 0,
    0, -4, 0, 0, -7, 0, -6, 0,
    -10, 0, 0, 0, -7, 4, -5, 0,
    0, -10, -4, -9, 0, 0, -10, 0,
    -4, 0, -18, 0, -4, 0, 0, -31,
    -7, -15, -4, -14, 0, 0, -26, 0,
    -10, -2, 0, 0, 0, 0, 0, 0,
    0, 0, -6, -7, -3, -7, 0, 0,
    0, 0, -8, 0, -8, 5, -4, 8,
    0, -3, -9, -3, -7, -7, 0, -5,
    -2, -3, 3, -10, -1, 0, 0, 0,
    -34, -3, -5, 0, -8, 0, -3, -18,
    -3, 0, 0, -3, -3, 0, 0, 0,
    0, 3, 0, -3, -7, -3, 7, 0,
    0, 0, 0, 0, 0, 0, 0, 0,
    0, 0, 0, 0, 0, 0, 0, 0,
    0, 0, 0, 0, 0, 0, 0, 0,
    0, 0, 0, 0, 0, 0, 0, 0,
    0, 0, 0, 0, 0, 0, 0, 0,
    0, 0, 5, 0, 0, 0, 0, 0,
    0, -8, 0, -3, 0, 0, 0, -8,
    4, 0, 0, 0, -10, -4, -8, 0,
    0, -11, 0, -4, 0, -18, 0, 0,
    0, 0, -37, 0, -8, -14, -19, 0,
    0, -26, 0, -3, -6, 0, 0, 0,
    0, 0, 0, 0, 0, -4, -6, -2,
    -6, 1, 0, 0, 7, -5, 0, 12,
    19, -4, -4, -12, 5, 19, 7, 8,
    -10, 5, 16, 5, 11, 8, 10, 0,
    0, 0, 0, 0, 0, 0, 0, 0,
    0, 0, 24, 18, -7, -4, 0, -3,
    31, 17, 31, 0, 0, 0, 4, 0,
    0, 14, 0, 0, -6, 0, 0, 0,
    0, 0, 0, 0, 0, 0, -3, 0,
    0, 0, 0, 0, 0, 0, 0, 5,
    0, 0, 0, 0, -32, -5, -3, -16,
    -19, 0, 0, -26, 0, 0, 0, 0,
    0, 0, 0, 0, 0, 0, 0, 0,
    0, 0, 0, 0, 0, -6, 0, 0,
    0, 0, 0, 0, 0, 0, 0, -3,
    0, 0, 0, 0, 0, 0, 0, 0,
    5, 0, 0, 0, 0, -32, -5, -3,
    -16, -19, 0, 0, -15, 0, 0, 0,
    0, 0, 0, 0, 0, 0, 0, 0,
    0, 0, 0, 0, 0, 0, 0, 0,
    -3, 0, 0, 0, -9, 4, 0, -4,
    3, 7, 4, -12, 0, -1, -3, 4,
    0, 3, 0, 0, 0, 0, -10, 0,
    -3, -3, -8, 0, -3, -15, 0, 24,
    -4, 0, -8, -3, 0, -3, -7, 0,
    -4, -11, -8, -5, 0, 0, 0, -6,
    0, 0, 0, 0, 0, 0, 0, 0,
    0, -3, 0, 0, 0, 0, 0, 0,
    0, 0, 5, 0, 0, 0, 0, -32,
    -5, -3, -16, -19, 0, 0, -26, 0,
    0, 0, 0, 0, 0, 19, 0, 0,
    0, 0, 0, 0, 0, 0, 0, 0,
    -6, 0, -12, -5, -3, 12, -3, -4,
    -15, 1, -2, 1, -3, -10, 1, 8,
    1, 3, 1, 3, -9, -15, -5, 0,
    -15, -7, -10, -16, -15, 0, -6, -8,
    -5, -5, -3, -3, -5, -3, 0, -3,
    -1, 6, 0, 6, -3, 0, 12, 0,
    0, 0, 0, 0, 0, 0, 0, 0,
    0, 0, 0, -3, -4, -4, 0, 0,
    -10, 0, -2, 0, -7, 0, 0, 0,
    0, 0, 0, 0, 0, 0, 0, 0,
    -23, 0, 0, 0, 0, 0, 0, 0,
    0, 0, 0, 0, -4, -4, 0, -5,
    0, 0, 0, 0, -3, 0, 0, -7,
    -4, 4, 0, -7, -7, -3, 0, -11,
    -3, -8, -3, -5, 0, -7, 0, 0,
    0, 0, 0, 0, 0, 0, 0, 0,
    0, -26, 0, 12, 0, 0, -7, 0,
    0, 0, 0, -5, 0, -4, 0, 0,
    -2, 0, 0, -3, 0, -9, 0, 0,
    16, -5, -13, -12, 3, 4, 4, -1,
    -11, 3, 6, 3, 12, 3, 13, -3,
    -10, 0, 0, -15, 0, 0, -12, -10,
    0, 0, -8, 0, -5, -7, 0, -6,
    0, -6, 0, -3, 6, 0, -3, -12,
    -4, 14, 0, 0, -3, 0, -8, 0,
    0, 5, -9, 0, 4, -4, 3, 0,
    0, -13, 0, -3, -1, 0, -4, 4,
    -3, 0, 0, 0, -16, -5, -8, 0,
    -12, 0, 0, -18, 0, 14, -4, 0,
    -7, 0, 2, 0, -4, 0, -4, -12,
    0, -4, 4, 0, 0, 0, 0, -3,
    0, 0, 4, -5, 1, 0, 0, -5,
    -3, 0, -5, 0, 0, 0, 0, 0,
    0, 0, 0, 0, 0, 0, 0, 0,
    0, 0, 0, 0, -24, 0, 8, 0,
    0, -3, 0, 0, 0, 0, 1, 0,
    -4, -4, 0, 0, 0, 8, 0, 9,
    0, 0, 0, 0, 0, -24, -22, 1,
    17, 12, 7, -15, 3, 16, 0, 14,
    0, 8, 0, 0, 0, 0, 0, 0,
    0, 0, 0, 0, 0, 20, 0, 0,
    0, 0, 0, 0, 0, 0, 0, 0,
    0, 0, 0, 0, 0
};


/*Collect the kern class' data in one place*/
static const lv_font_fmt_txt_kern_classes_t kern_classes =
{
    .class_pair_values   = kern_class_values,
    .left_class_mapping  = kern_left_class_mapping,
    .right_class_mapping = kern_right_class_mapping,
    .left_class_cnt      = 61,
    .right_class_cnt     = 49,
};

/*--------------------
 *  ALL CUSTOM DATA
 *--------------------*/

#if LVGL_VERSION_MAJOR == 8
/*Store all the custom data of the font*/
static  lv_font_fmt_txt_glyph_cache_t cache;
#endif

#if LVGL_VERSION_MAJOR >= 8
static const lv_font_fmt_txt_dsc_t font_dsc = {
#else
static lv_font_fmt_txt_dsc_t font_dsc = {
#endif
    .glyph_bitmap = glyph_bitmap,
    .glyph_dsc = glyph_dsc,
    .cmaps = cmaps,
    .kern_dsc = &kern_classes,
    .kern_scale = 16,
    .cmap_num = 2,
    .bpp = 4,
    .kern_classes = 1,
    .bitmap_format = 0,
#if LVGL_VERSION_MAJOR == 8
    .cache = &cache
#endif
};



/*-----------------
 *  PUBLIC FONT
 *----------------*/

/*Initialize a public general font descriptor*/
#if LVGL_VERSION_MAJOR >= 8
const lv_font_t pw_font_24 = {
#else
lv_font_t pw_font_24 = {
#endif
    .get_glyph_dsc = lv_font_get_glyph_dsc_fmt_txt,    /*Function pointer to get glyph's data*/
    .get_glyph_bitmap = lv_font_get_bitmap_fmt_txt,    /*Function pointer to get glyph's bitmap*/
    .line_height = 26,          /*The maximum line height required by the font*/
    .base_line = 5,             /*Baseline measured from the bottom of the line*/
#if !(LVGL_VERSION_MAJOR == 6 && LVGL_VERSION_MINOR == 0)
    .subpx = LV_FONT_SUBPX_NONE,
#endif
#if LV_VERSION_CHECK(7, 4, 0) || LVGL_VERSION_MAJOR >= 8
    .underline_position = -2,
    .underline_thickness = 1,
#endif
    .dsc = &font_dsc,          /*The custom font data. Will be accessed by `get_glyph_bitmap/dsc` */
#if LV_VERSION_CHECK(8, 2, 0) || LVGL_VERSION_MAJOR >= 9
    .fallback = NULL,
#endif
    .user_data = NULL,
};



#endif /*#if PW_FONT_24*/

